,length,wingLength,appliedElectricField,activeMaterialThickness,multiLayers,staticStrokeAmplitude,operatingFrequency,width,transmissionRatio,naturalFrequency,strokeAmplitude,netThrust,loadedDisplacement,liftableMass,totalMechanicalMass,appliedVoltage,intBulk,intCapacitance,intResistance,intInductance,averageCurrent,xt018-m0-mass,xt018-m0-area,xt018-m0-current,xt018-mem-mass,xt018-mem-area,xt018-mem-current,IMU-sensor-mass,IMU-sensor-area,IMU-sensor-current,total-additional-mass,total-additional-current,ccount,boost-frequency,inductance,boost-mass,vin,load,battery-mass,battery-alpha,runtime,runtime-new
0,0.01,0.011,400000.0,0.000127,1.0,20.0,300.0,0.0015371008595116,2568.7716985189545,265.6087782946687,136.38045570002305,0.0,0.0009266249658185,0.4016504654835288,0.0955092990066175,50.8,6.3315134380467054e-09,1.0503786964961591e-09,1056.859484292994,4.684355335354071,0.0001061712075659,0.00148,6.65847e-07,0.0154111111111111,0.01157,6.76e-06,0.0805555555555555,0.023,9e-06,0.0031111111111111,0.03605,0.0990777777777777,1.0,433388.1699662772,1.9e-06,0.12776,3.580410146238957,0.0151379561722839,0.1423311664769112,0.1325382733950006,290.5731487019046,4.740298628879416
1,0.01,0.011,400000.0,0.000127,1.0,20.0,325.0,0.0019175477797342,2568.7716985189545,291.5053062825179,146.10595875690402,0.0,0.0009927040377162,0.7425916964015287,0.1191487488415687,50.8,7.853301118937092e-09,1.333484087263682e-09,828.5913321594363,3.3517486900135736,0.0001427083305008,0.00148,6.65847e-07,0.0154111111111111,0.01157,6.76e-06,0.0805555555555555,0.023,9e-06,0.0031111111111111,0.03605,0.0990777777777777,1.0,286273.6772666316,1.9e-06,0.12776,3.54603193469716,0.0194896285193468,0.4596329475599598,0.1643759370978121,903.9142614455552,161.64008865986364
2,0.01,0.011,400000.0,0.000127,1.0,20.0,350.0,0.0023853462932173,2568.7716985189545,319.92671377973846,129.18965865679155,0.0,0.0008777677301523,0.6170789302554058,0.1482158772753516,50.8,9.596046408463522e-09,1.5042218298173816e-09,727.7404942376901,2.916191140129335,0.0001872075822283,0.00148,6.65847e-07,0.0154111111111111,0.01157,6.76e-06,0.0805555555555555,0.023,9e-06,0.0031111111111111,0.03605,0.0990777777777777,1.0,845204.7227649769,1.9e-06,0.12776,3.4671204051722726,0.0294784297250287,0.3050530529800541,0.2293038220218596,553.3038977106238,18.980401289571102
3,0.01,0.011,400000.0,0.000127,1.0,25.0,275.0,0.0019190824361016,3210.964623148693,242.0128264794384,122.48816180897774,0.0,0.0006657880011726,0.3372002559162247,0.1192441062496101,50.8,7.859439744406472e-09,1.334626084918221e-09,827.6705383390291,3.3463731877694185,0.0001195738742423,0.00148,6.65847e-07,0.0154111111111111,0.01157,6.76e-06,0.0805555555555555,0.023,9e-06,0.0031111111111111,0.03605,0.0990777777777777,1.0,393802.1483784328,1.9e-06,0.12776,3.5726755983451994,0.0161170128676962,0.0541461496666146,0.1399109523736916,109.60141101629904,1.7805669871702243
4,0.01,0.011,400000.0,0.000127,1.0,25.0,300.0,0.0024168938834133,3210.964623148693,265.6087782946687,138.04891546313004,0.0,0.0007503689347023,0.4802704629737137,0.1501761183397717,50.8,9.711720905848938e-09,1.5131767184531563e-09,723.5341488782204,2.9041770816722514,0.0001580736089586,0.00148,6.65847e-07,0.0154111111111111,0.01157,6.76e-06,0.0805555555555555,0.023,9e-06,0.0031111111111111,0.03605,0.0990777777777777,1.0,929608.909799406,1.9e-06,0.12776,3.481258027941984,0.0276888572225337,0.1662843446339419,0.2184238559496804,305.8636076190804,5.006421850348568
5,0.01,0.011,400000.0,0.000127,1.0,25.0,325.0,0.003014122798545,3210.964623148693,291.5053062825179,147.890253549361,0.0,0.0008038618169248,0.7536209503772945,0.1872855342103974,50.8,1.1901560261331982e-08,1.682702136776351e-09,643.9036268606552,2.676738375448732,0.0002079049787659,0.00148,6.65847e-07,0.0154111111111111,0.01157,6.76e-06,0.0805555555555555,0.023,9e-06,0.0031111111111111,0.03605,0.0990777777777777,1.0,777208.9481622459,1.9e-06,0.12776,3.4544008366451715,0.0310885016904846,0.4025254161668969,0.2388368309940422,721.0679987101267,63.03295964936991
6,0.01,0.011,400000.0,0.000127,1.0,25.0,350.0,0.0037483602850651,3210.964623148693,319.92671377973846,138.9806817498487,0.0,0.0007554335777211,0.7516742630959006,0.2329081146728066,50.8,1.4593764378572129e-08,1.891117894783353e-09,546.0052953246499,2.3971236083738816,0.0002748483463762,0.00148,6.65847e-07,0.0154111111111111,0.01157,6.76e-06,0.0805555555555555,0.023,9e-06,0.0031111111111111,0.03605,0.0990777777777777,1.0,1131635.7792413542,1.9e-06,0.12776,3.340543856893712,0.0455007776083909,0.3549561484230938,0.3147131847241011,572.4693348442601,21.95658178779238
7,0.01,0.011,400000.0,0.000127,1.0,30.0,300.0,0.0035069570538013,3853.1575477784313,265.6087782946687,139.47513542907862,0.0,0.0006317676626812,0.4896598227661891,0.2179082834950034,50.8,1.370861919727178e-08,1.8225947829117047e-09,578.1923928264807,2.489055591581174,0.0002162362992965,0.00148,6.65847e-07,0.0154111111111111,0.01157,6.76e-06,0.0805555555555555,0.023,9e-06,0.0031111111111111,0.03605,0.0990777777777777,1.0,746501.4071255019,1.9e-06,0.12776,3.44821634418207,0.0318713488377126,0.1079415392711855,0.2433872577959028,192.20620614407207,3.122582158110846
8,0.01,0.011,400000.0,0.000127,1.0,30.0,325.0,0.004371840322889,3853.1575477784313,291.5053062825179,149.393353370322,0.0,0.0006766933001249,0.7227269471982779,0.2716486703030347,50.8,1.6879857850593226e-08,2.0680947817864684e-09,462.8746236147919,2.1596878621029783,0.0002874136082564,0.00148,6.65847e-07,0.0154111111111111,0.01157,6.76e-06,0.0805555555555555,0.023,9e-06,0.0031111111111111,0.03605,0.0990777777777777,1.0,1077659.259749689,1.9e-06,0.12776,3.329967528028734,0.0468395534140843,0.287268276895243,0.3210006174831728,459.0523312802947,9.816505226061258
9,0.01,0.011,400000.0,0.000127,1.0,30.0,350.0,0.0054349299663041,3853.1575477784313,319.92671377973846,145.7148174961735,0.0,0.0006600309753015,0.8878704022400884,0.3377048083862715,50.8,2.0922829865216402e-08,2.287434772460859e-09,371.4721914725087,1.9008224737021784,0.0003842401326076,0.00148,6.65847e-07,0.0154111111111111,0.01157,6.76e-06,0.0805555555555555,0.023,9e-06,0.0031111111111111,0.03605,0.0990777777777777,1.0,1545073.355635842,1.9e-06,0.12776,3.083441015516966,0.0780454410738017,0.3863555938538168,0.4406279514330642,508.6196261255528,13.640847080213732
10,0.01,0.011,400000.0,0.000127,1.0,35.0,325.0,0.0060010525974299,4495.35047240817,291.5053062825179,150.84605507559178,0.0,0.0005856629735263,0.6754686698570668,0.3728814041939087,50.8,2.3187320389719893e-08,2.340847310462323e-09,361.51749112679136,1.8752484499636983,0.0003849067996873,0.00148,6.65847e-07,0.0154111111111111,0.01157,6.76e-06,0.0805555555555555,0.023,9e-06,0.0031111111111111,0.03605,0.0990777777777777,1.0,1538502.9407046032,1.9e-06,0.12776,3.082083176759141,0.0782173193975771,0.1387772656631579,0.4411702333777219,182.51686732772845,2.965151190540972
11,0.01,0.011,400000.0,0.000127,1.0,35.0,350.0,0.0074572991792725,4495.35047240817,319.92671377973846,150.71080408121114,0.0,0.0005851378587031,0.9542317207358716,0.4633667418032794,50.8,2.9012306717090225e-08,2.4782412629660068e-09,335.91085123167136,1.8094639668755417,0.0005188905393891,0.00148,6.65847e-07,0.0154111111111111,0.01157,6.76e-06,0.0805555555555555,0.023,9e-06,0.0031111111111111,0.03605,0.0990777777777777,1.0,1624549.6155497606,1.9e-06,0.12776,3.146317879878991,0.070086344319115,0.327054978932592,0.4143097451773577,450.81038447849375,9.346010737687996
12,0.01,0.011,450000.0,0.000127,1.0,20.0,300.0,0.0012144994445524,2283.3526209057377,265.6087782946687,136.38045570002305,0.0,0.0010424530865458,0.405118293706459,0.0754641374867101,57.15,5.0411077782097415e-09,8.103184021698042e-10,1250.4203332685388,5.814344215588403,9.615882873252344e-05,0.00148,6.65847e-07,0.0154111111111111,0.01157,6.76e-06,0.0805555555555555,0.023,9e-06,0.0031111111111111,0.03605,0.0990777777777777,1.0,312579.7926429063,1.9e-06,0.12776,3.5532783456684096,0.0185723613077962,0.1658441562197488,0.1578609379652963,328.69199995012707,5.42750012025757
13,0.01,0.011,450000.0,0.000127,1.0,20.0,325.0,0.0015150994802838,2283.3526209057377,291.5053062825179,146.10595875690416,0.0,0.0011167920424307,0.7151574759066913,0.0941422213069185,57.15,6.2435079211354836e-09,1.0340066121589592e-09,1070.0603118296774,4.761420446430474,0.0001286948755898,0.00148,6.65847e-07,0.0154111111111111,0.01157,6.76e-06,0.0805555555555555,0.023,9e-06,0.0031111111111111,0.03605,0.0990777777777777,1.0,740215.502371691,1.9e-06,0.12776,3.446290523630002,0.032115123591139,0.4572052545997727,0.244793150056425,812.6102238137128,106.10188667326652
14,0.01,0.011,450000.0,0.000127,1.0,20.0,350.0,0.0018847180588383,2283.3526209057377,319.92671377973846,129.1896586567912,0.0,0.0009874886964214,0.6103565901343944,0.1171088413039815,57.15,7.721982235353521e-09,1.309054211585933e-09,848.289164696972,3.466742666584453,0.0001727288761109,0.00148,6.65847e-07,0.0154111111111111,0.01157,6.76e-06,0.0805555555555555,0.023,9e-06,0.0031111111111111,0.03605,0.0990777777777777,1.0,538597.047141675,1.9e-06,0.12776,3.396788139606249,0.0383812481511077,0.3294377488304126,0.2792195557312061,558.8323068107371,19.79308909044973
15,0.01,0.011,450000.0,0.000127,1.0,25.0,275.0,0.0015163120482778,2854.1907761321727,242.0128264794384,122.48816180897768,0.0,0.0007490115013192,0.3653615983924858,0.0942175654317908,57.15,6.24835819311129e-09,1.0349089312934107e-09,1069.3327710333065,4.757173136015339,0.0001080698169424,0.00148,6.65847e-07,0.0154111111111111,0.01157,6.76e-06,0.0805555555555555,0.023,9e-06,0.0031111111111111,0.03605,0.0990777777777777,1.0,802674.6350179929,1.9e-06,0.12776,3.458694652322728,0.030544980718642,0.1073340329606949,0.2356451989832149,193.08013515590693,3.1367826210590692
16,0.01,0.011,450000.0,0.000127,1.0,25.0,300.0,0.0019096445498574,2854.1907761321727,265.6087782946687,138.04891546313004,0.0,0.0008441650515401,0.4913618374828204,0.1186576737499431,57.15,7.821688199429841e-09,1.32760298568638e-09,833.333270085524,3.37943164943228,0.0001462999369234,0.00148,6.65847e-07,0.0154111111111111,0.01157,6.76e-06,0.0805555555555555,0.023,9e-06,0.0031111111111111,0.03605,0.0990777777777777,1.0,678773.9223976078,1.9e-06,0.12776,3.432866878988765,0.0338143191153461,0.2088941637328771,0.2544494360905506,366.52918234056585,6.241490323488525
17,0.01,0.011,450000.0,0.000127,1.0,25.0,325.0,0.0023815291247763,2854.1907761321727,291.5053062825179,147.89025354936092,0.0,0.0009043445440404,0.7400860360986402,0.1479786936971042,57.15,9.582050124180004e-09,1.50313831383152e-09,728.249450029818,2.917644806938916,0.0001922061916987,0.00148,6.65847e-07,0.0154111111111111,0.01157,6.76e-06,0.0805555555555555,0.023,9e-06,0.0031111111111111,0.03605,0.0990777777777777,1.0,949804.7113856012,1.9e-06,0.12776,3.3011994922415653,0.0504810769314474,0.428297342401536,0.337533187383613,667.7511653093965,44.304238668707974
18,0.01,0.011,450000.0,0.000127,1.0,25.0,350.0,0.0029616673857304,2854.1907761321727,319.92671377973846,138.98068174984888,0.0,0.0008498627749362,0.7789225876387814,0.1840261646797486,57.15,1.17092237476784e-08,1.667812492997547e-09,650.8976819026037,2.6967146206081694,0.0002523024499583,0.00148,6.65847e-07,0.0154111111111111,0.01157,6.76e-06,0.0805555555555555,0.023,9e-06,0.0031111111111111,0.03605,0.0990777777777777,1.0,1285815.5171044462,1.9e-06,0.12776,3.2025360464101955,0.0629701207075702,0.4310864229590327,0.3885895546696266,620.3008088651904,31.496612703651554
19,0.01,0.011,450000.0,0.000127,1.0,30.0,300.0,0.002770929030164,3425.0289313586068,265.6087782946687,139.47513542907856,0.0,0.0007107386205163,0.4884507877937242,0.1721744462182744,57.15,1.1009849777268244e-08,1.613670774975504e-09,676.3294626447911,2.7693522369694867,0.0001990856493474,0.00148,6.65847e-07,0.0154111111111111,0.01157,6.76e-06,0.0805555555555555,0.023,9e-06,0.0031111111111111,0.03605,0.0990777777777777,1.0,914269.9036106706,1.9e-06,0.12776,3.2928852266581647,0.0515335156128905,0.1524663415754496,0.3421623601572731,236.04665323574557,3.8358214118745266
20,0.01,0.011,450000.0,0.000127,1.0,30.0,325.0,0.0034542935884555,3425.0289313586068,291.5053062825179,149.393353370322,0.0,0.0007612799626405,0.699062996718865,0.2146359864122744,57.15,1.351551982433704e-08,1.807646082728404e-09,585.2141882059259,2.5091110679990605,0.0002628962850341,0.00148,6.65847e-07,0.0154111111111111,0.01157,6.76e-06,0.0805555555555555,0.023,9e-06,0.0031111111111111,0.03605,0.0990777777777777,1.0,1217432.4463793067,1.9e-06,0.12776,3.187617038528572,0.0648586027179023,0.3206170103065905,0.3956327602317137,456.02917037548167,9.639256263248516
21,0.01,0.011,450000.0,0.000127,1.0,30.0,350.0,0.0042942656523884,3425.0289313586068,319.92671377973846,145.71481749617348,0.0,0.0007425348472142,0.9039117925449084,0.2668284905768072,57.15,1.6595417392090897e-08,2.046074952982629e-09,473.21791301487656,2.189230106705265,0.0003486788129494,0.00148,6.65847e-07,0.0154111111111111,0.01157,6.76e-06,0.0805555555555555,0.023,9e-06,0.0031111111111111,0.03605,0.0990777777777777,1.0,1519762.1899312555,1.9e-06,0.12776,3.1168927688934693,0.073811041912219,0.4732733019681012,0.4269277911930225,638.3024367119457,35.94307192810601
22,0.01,0.011,450000.0,0.000127,1.0,35.0,300.0,0.0038052735039705,3995.867086585041,265.6087782946687,140.86781997253271,0.0,0.0006152875496988,0.4958572119881019,0.2364444744427113,57.15,1.4802446181225188e-08,1.9072729016803747e-09,538.4168661372659,2.375449726639605,0.0002611701671655,0.00148,6.65847e-07,0.0154111111111111,0.01157,6.76e-06,0.0805555555555555,0.023,9e-06,0.0031111111111111,0.03605,0.0990777777777777,1.0,1229648.317413676,1.9e-06,0.12776,3.1903411694629646,0.0645137760173463,0.0956027375453905,0.3943588438443525,136.2670508062103,2.2137727190268235
23,0.01,0.011,450000.0,0.000127,1.0,35.0,325.0,0.0047415724226607,3995.867086585041,291.5053062825179,150.84605507559175,0.0,0.0006588708452171,0.6563084561387762,0.2946223440544464,57.15,1.823554221642264e-08,2.173044470746988e-09,413.5770103119041,2.0188852514276023,0.0003476898399431,0.00148,6.65847e-07,0.0154111111111111,0.01157,6.76e-06,0.0805555555555555,0.023,9e-06,0.0031111111111111,0.03605,0.0990777777777777,1.0,1530326.3512810378,1.9e-06,0.12776,3.119146943182644,0.0735257033946021,0.1978761120843295,0.4259804199497672,267.3161661421289,4.349259847137405
24,0.01,0.011,450000.0,0.000127,1.0,35.0,350.0,0.0058921870058449,3995.867086585041,319.92671377973846,150.71080408121117,0.0,0.000658280091041,0.9621845321581078,0.3661169317951838,57.15,2.2751858023379928e-08,2.330576059627462e-09,363.43178368922185,1.8801663441979588,0.000466520211817,0.00148,6.65847e-07,0.0154111111111111,0.01157,6.76e-06,0.0805555555555555,0.023,9e-06,0.0031111111111111,0.03605,0.0990777777777777,1.0,1443983.5353938837,1.9e-06,0.12776,3.462897055929896,0.0300130308949499,0.432257600362924,0.2324954906049064,780.7800761984319,89.5956452441011
25,0.01,0.011,450000.0,0.000127,1.0,40.0,300.0,0.0050207885384712,4566.705241811475,265.6087782946687,142.31479467710938,0.0,0.0005439067357958,0.534142295799077,0.3119717166264478,57.15,1.9266264153884893e-08,2.2483613570276834e-09,378.75445433952206,1.919530898563101,0.0003341493127902,0.00148,6.65847e-07,0.0154111111111111,0.01157,6.76e-06,0.0805555555555555,0.023,9e-06,0.0031111111111111,0.03605,0.0990777777777777,1.0,1645517.763898058,1.9e-06,0.12776,3.142739648846527,0.0705392849561358,0.0583605791726291,0.4158737559722646,80.22901508568434,1.303387742439614
26,0.01,0.011,450000.0,0.000127,1.0,40.0,325.0,0.0062529460633049,4566.705241811475,291.5053062825179,152.34568574253373,0.0,0.000582243362911,0.8040428022020285,0.3885330565895167,57.15,2.4194894253219843e-08,2.364612955180696e-09,357.0881964228456,1.863869414536262,0.0004502098544733,0.00148,6.65847e-07,0.0154111111111111,0.01157,6.76e-06,0.0805555555555555,0.023,9e-06,0.0031111111111111,0.03605,0.0990777777777777,1.0,1530632.0427988362,1.9e-06,0.12776,3.4749208310844426,0.028491034039944,0.2516997456125117,0.2233385545728353,460.0655051166839,9.877154447047198
27,0.01,0.011,500000.0,0.000127,1.0,20.0,325.0,0.0012272305790299,2055.017358815164,291.5053062825179,146.1059587569042,0.0,0.0012408800471453,0.7269099238545128,0.0762551992586041,63.5,5.092032316119744e-09,8.197921358487572e-10,1242.7816525820383,5.769750361608683,0.0001176432325122,0.00148,6.65847e-07,0.0154111111111111,0.01157,6.76e-06,0.0805555555555555,0.023,9e-06,0.0031111111111111,0.03605,0.0990777777777777,1.0,465531.8703452424,1.9e-06,0.12776,3.373913813481938,0.0412767324706407,0.4868447245959086,0.2940891062038804,808.8081169235347,104.04751380573869
28,0.01,0.011,500000.0,0.000127,1.0,20.0,350.0,0.001526621627659,2055.017358815164,319.92671377973846,129.18965865679115,0.0,0.0010972096626904,0.6233443142174852,0.0948581614562251,63.5,6.289596510636352e-09,1.0425806913846062e-09,1063.147023404547,4.721061359933406,0.0001573451133396,0.00148,6.65847e-07,0.0154111111111111,0.01157,6.76e-06,0.0805555555555555,0.023,9e-06,0.0031111111111111,0.03605,0.0990777777777777,1.0,801806.425004819,1.9e-06,0.12776,3.267773893966441,0.0547121653207036,0.36467615276126,0.3557590582218243,552.9181343579955,18.92503925149235
29,0.01,0.011,500000.0,0.000127,1.0,25.0,275.0,0.001228212759105,2568.7716985189554,242.0128264794384,122.48816180897772,0.0,0.0008322350014658,0.3574192118619629,0.0763162279997505,63.5,5.095961036420144e-09,8.205230143476623e-10,1242.1923445369782,5.766310040172426,9.903597613780622e-05,0.00148,6.65847e-07,0.0154111111111111,0.01157,6.76e-06,0.0805555555555555,0.023,9e-06,0.0031111111111111,0.03605,0.0990777777777777,1.0,583572.2282524651,1.9e-06,0.12776,3.408795652302637,0.0368613098351092,0.1172929838622123,0.2711604916760884,201.19125033828425,3.2685926277805053
30,0.01,0.011,500000.0,0.000127,1.0,25.0,300.0,0.0015468120853845,2568.7716985189554,265.6087782946687,138.04891546313004,0.0,0.0009379611683779,0.4965250255820875,0.0961127157374539,63.5,6.3703583415381675e-09,1.0576051984059675e-09,1051.0327487692748,4.65033943604015,0.0001334924841578,0.00148,6.65847e-07,0.0154111111111111,0.01157,6.76e-06,0.0805555555555555,0.023,9e-06,0.0031111111111111,0.03605,0.0990777777777777,1.0,519340.92232320353,1.9e-06,0.12776,3.3928105625886147,0.0388847389128336,0.2366023098446335,0.2818500259750612,399.88883417815697,7.179348155556734
31,0.01,0.011,500000.0,0.000127,1.0,25.0,325.0,0.0019290385910688,2568.7716985189554,291.5053062825179,147.8902535493609,0.0,0.001004827271156,0.7400860360986402,0.1198627418946544,63.5,7.899264364275423e-09,1.3420348481193872e-09,821.6968453586865,3.311499365519476,0.000179394619286,0.00148,6.65847e-07,0.0154111111111111,0.01157,6.76e-06,0.0805555555555555,0.023,9e-06,0.0031111111111111,0.03605,0.0990777777777777,1.0,922591.4691391486,1.9e-06,0.12776,3.3105783144519627,0.049293884246587,0.4564132942039857,0.3322324733310076,717.2800140763106,61.546748286856946
32,0.01,0.011,500000.0,0.000127,1.0,25.0,350.0,0.0023989505824416,2568.7716985189554,319.92671377973846,138.98068174984897,0.0,0.0009442919721514,0.766916159680479,0.1490611933905964,63.5,9.645928802286173e-09,1.508083452661346e-09,725.9265890077756,2.911010309359284,0.0002351030940581,0.00148,6.65847e-07,0.0154111111111111,0.01157,6.76e-06,0.0805555555555555,0.023,9e-06,0.0031111111111111,0.03605,0.0990777777777777,1.0,1147285.5256415475,1.9e-06,0.12776,3.492063931566882,0.0263210213206478,0.4540449662898825,0.2098985118668359,844.2807623539742,124.0534970280532
33,0.01,0.011,500000.0,0.000127,1.0,30.0,275.0,0.001782968769466,3082.526038222746,242.0128264794384,125.67683931389506,0.0,0.0007115834910487,0.3241171447256692,0.1107865474595416,63.5,7.314985077864143e-09,1.2333385971416863e-09,909.3387383203784,3.823143972440538,0.0001395403168037,0.00148,6.65847e-07,0.0154111111111111,0.01157,6.76e-06,0.0805555555555555,0.023,9e-06,0.0031111111111111,0.03605,0.0990777777777777,1.0,906815.2149398264,1.9e-06,0.12776,3.294561602047981,0.051321316196458,0.0495205972661275,0.3412342111931186,76.7753950505039,1.2472807839272784
34,0.01,0.011,500000.0,0.000127,1.0,30.0,300.0,0.0022444525144328,3082.526038222746,265.6087782946687,139.4751354290786,0.0,0.0007897095783515,0.4879705314229742,0.1394613014368023,63.5,9.079435886253949e-09,1.4642286610634919e-09,746.5263314089474,2.9698467786119505,0.0001860898628548,0.00148,6.65847e-07,0.0154111111111111,0.01157,6.76e-06,0.0805555555555555,0.023,9e-06,0.0031111111111111,0.03605,0.0990777777777777,1.0,881617.3880190187,1.9e-06,0.12776,3.300579505197772,0.0505595563040795,0.1846992299861719,0.3378806272799644,287.81043000981583,4.693138092711637
35,0.01,0.011,500000.0,0.000127,1.0,30.0,325.0,0.002797977806649,3082.526038222746,291.5053062825179,149.3933533703219,0.0,0.0008458666251561,0.7030491116557208,0.1738551489939423,63.5,1.1109028624379668e-08,1.621348660343341e-09,672.7229591134665,2.759051431745905,0.0002440555664122,0.00148,6.65847e-07,0.0154111111111111,0.01157,6.76e-06,0.0805555555555555,0.023,9e-06,0.0031111111111111,0.03605,0.0990777777777777,1.0,1110992.709624949,1.9e-06,0.12776,3.486328948877731,0.0270469684964897,0.3653839626617785,0.2144461677462896,675.5081321553239,46.73798226587705
36,0.01,0.011,500000.0,0.000127,1.0,30.0,350.0,0.0034783551784346,3082.526038222746,319.92671377973846,145.7148174961734,0.0,0.0008250387191269,0.920372414417266,0.216131077367214,63.5,1.36037456542603e-08,1.8144760452492638e-09,582.0059762087163,2.4999478530979307,0.0003218629295776,0.00148,6.65847e-07,0.0154111111111111,0.01157,6.76e-06,0.0805555555555555,0.023,9e-06,0.0031111111111111,0.03605,0.0990777777777777,1.0,1428235.9471106722,1.9e-06,0.12776,3.4465727236068795,0.0320794020750785,0.540431337050052,0.2445874645297197,960.793064918156,201.4963054644934
37,0.01,0.011,500000.0,0.000127,1.0,35.0,300.0,0.0030822715382161,3596.2803779265373,265.6087782946687,140.86781997253274,0.0,0.0006836528329987,0.4881600941100938,0.1915200242985961,63.5,1.2151438973459066e-08,1.7020463836944367e-09,634.8171282378521,2.650785745244748,0.0002419720028345,0.00148,6.65847e-07,0.0154111111111111,0.01157,6.76e-06,0.0805555555555555,0.023,9e-06,0.0031111111111111,0.03605,0.0990777777777777,1.0,1119665.39515726,1.9e-06,0.12776,3.487726656462224,0.0268700434857944,0.1328300698114975,0.213342662193126,245.9162046356008,3.997067063642048
38,0.01,0.011,500000.0,0.000127,1.0,35.0,325.0,0.0038406736623551,3596.2803779265373,291.5053062825179,150.84605507559175,0.0,0.0007320787169079,0.6482547164306728,0.2386440986841018,63.5,1.4932246761969012e-08,1.917321354638393e-09,533.6968450193087,2.361968520323024,0.0003203910442873,0.00148,6.65847e-07,0.0154111111111111,0.01157,6.76e-06,0.0805555555555555,0.023,9e-06,0.0031111111111111,0.03605,0.0990777777777777,1.0,1435273.871725029,1.9e-06,0.12776,3.4476525723014,0.0319427123669114,0.245800617746571,0.2437993655163121,437.4467114160629,8.663628142203983
39,0.01,0.011,500000.0,0.000127,1.0,35.0,350.0,0.0047726714747344,3596.2803779265373,319.92671377973846,150.71080408121117,0.0,0.0007314223233789,0.9891056616586024,0.2965547147540989,63.5,1.8349572074026264e-08,2.181872040341619e-09,409.4304700354086,2.007042006753383,0.0004258473521778,0.00148,6.65847e-07,0.0154111111111111,0.01157,6.76e-06,0.0805555555555555,0.023,9e-06,0.0031111111111111,0.03605,0.0990777777777777,1.0,1535888.8629030257,1.9e-06,0.12776,3.381961250037484,0.0402580696155083,0.5287409469045032,0.28892830071128,884.8333579591759,149.10844163917386
40,0.01,0.011,500000.0,0.000127,1.0,40.0,300.0,0.0040668387161616,4110.0347176303285,265.6087782946687,142.31479467710932,0.0,0.0006043408175508,0.5347606011772935,0.2526970904674226,63.5,1.576151862592619e-08,1.981519059044882e-09,503.54150451177486,2.2758395906489186,0.0003076305046547,0.00148,6.65847e-07,0.0154111111111111,0.01157,6.76e-06,0.0805555555555555,0.023,9e-06,0.0031111111111111,0.03605,0.0990777777777777,1.0,1492834.9467907718,1.9e-06,0.12776,3.4561657919631616,0.0308650896249162,0.1182535107098707,0.2375281555798297,212.19883866335405,3.447531756609243
41,0.01,0.011,500000.0,0.000127,1.0,40.0,325.0,0.005064886311277,4110.0347176303285,291.5053062825179,152.34568574253376,0.0,0.0006469370699011,0.7870004288075038,0.3147117758375086,63.5,1.9442655245108065e-08,2.252521893696364e-09,377.97903910250494,1.917538825774372,0.0004101492660352,0.00148,6.65847e-07,0.0154111111111111,0.01157,6.76e-06,0.0805555555555555,0.023,9e-06,0.0031111111111111,0.03605,0.0990777777777777,1.0,1657946.0145626992,1.9e-06,0.12776,3.402480047423374,0.0376607534907121,0.308478652969995,0.2754216616292612,526.0361745180631,15.476949359986731
42,0.01,0.011,550000.0,0.000127,1.0,20.0,325.0,0.0010142401479586,1868.197598922876,291.5053062825179,146.10595875690427,0.0,0.0013649680518598,0.7200199928006683,0.063020825833557,69.85,4.240070591834498e-09,6.612976494617827e-10,1370.5759112248254,6.515800464139407,0.0001087678836617,0.00148,6.65847e-07,0.0154111111111111,0.01157,6.76e-06,0.0805555555555555,0.023,9e-06,0.0031111111111111,0.03605,0.0990777777777777,1.0,486520.69346006087,1.9e-06,0.12776,3.387491764320832,0.0395580045163504,0.4931891669671111,0.2853376225224785,829.5061246675525,115.49497823459711
43,0.01,0.011,550000.0,0.000127,1.0,20.0,350.0,0.0012616707666604,1868.197598922876,319.92671377973846,129.18965865679124,0.0,0.0012069306289594,0.59314204031069,0.0783951747572108,69.85,5.229793066641612e-09,8.454204226319057e-10,1222.1175400037582,5.64911533878794,0.0001448942053057,0.00148,6.65847e-07,0.0154111111111111,0.01157,6.76e-06,0.0805555555555555,0.023,9e-06,0.0031111111111111,0.03605,0.0990777777777777,1.0,578001.5834188485,1.9e-06,0.12776,3.488162419123661,0.0268148836552328,0.3509368655534791,0.2129979885245451,649.9949518186642,39.09841931173341
44,0.01,0.011,550000.0,0.000127,1.0,25.0,275.0,0.0010150518670289,2335.246998653596,242.0128264794384,122.48816180897772,0.0,0.0009154585016123,0.3530896789973592,0.0630712628097111,69.85,4.243317468115819e-09,6.61901681279059e-10,1370.088879782627,6.512957223282999,9.18116601565896e-05,0.00148,6.65847e-07,0.0154111111111111,0.01157,6.76e-06,0.0805555555555555,0.023,9e-06,0.0031111111111111,0.03605,0.0990777777777777,1.0,591266.2985975816,1.9e-06,0.12776,3.417970945687484,0.0356998802927235,0.1262084161876482,0.2648798087443336,218.3493064481025,3.5475654737725164
45,0.01,0.011,550000.0,0.000127,1.0,25.0,300.0,0.0012783570953591,2335.246998653596,265.6087782946687,138.04891546313004,0.0,0.0010317572852156,0.4927845094478633,0.0794319964772346,69.85,5.296538381436505e-09,8.578373705834445e-10,1212.1057427845242,5.590667467801774,0.0001231618458783,0.00148,6.65847e-07,0.0154111111111111,0.01157,6.76e-06,0.0805555555555555,0.023,9e-06,0.0031111111111111,0.03605,0.0990777777777777,1.0,769410.2415536437,1.9e-06,0.12776,3.2684826625921994,0.0546224477731393,0.2495425129706285,0.3553830033583411,378.5745765019013,6.549316507885007
46,0.01,0.011,550000.0,0.000127,1.0,25.0,325.0,0.0015942467694783,2335.246998653596,291.5053062825179,147.89025354936103,0.0,0.0011053099982716,0.7400860360986402,0.0990601172683094,69.85,6.560097077913569e-09,1.0929031967928816e-09,1022.5719383129644,4.484188070677256,0.000164956373559,0.00148,6.65847e-07,0.0154111111111111,0.01157,6.76e-06,0.0805555555555555,0.023,9e-06,0.0031111111111111,0.03605,0.0990777777777777,1.0,1041504.14456384,1.9e-06,0.12776,3.4649125756306343,0.029757901818907,0.4772159188303309,0.2309756265660497,863.6945425094831,135.77011590446037
47,0.01,0.011,550000.0,0.000127,1.0,25.0,350.0,0.0019826037871418,2335.246998653596,319.92671377973846,138.98068174984894,0.0,0.0010387211693665,0.7685923088199145,0.1231910689178482,69.85,8.113525148567542e-09,1.381894799559975e-09,789.5577277148687,3.123874410626633,0.0002214914248129,0.00148,6.65847e-07,0.0154111111111111,0.01157,6.76e-06,0.0805555555555555,0.023,9e-06,0.0031111111111111,0.03605,0.0990777777777777,1.0,1309644.5695673027,1.9e-06,0.12776,3.4138529832603464,0.0362211413594498,0.4815912399020663,0.267711978709249,829.9762347947596,115.76240530249578
48,0.01,0.011,550000.0,0.000127,1.0,30.0,275.0,0.0014735279086496,2802.296398384314,242.0128264794384,125.67683931389509,0.0,0.0007827418401536,0.3249458808485497,0.0915591301318525,69.85,6.0772216345984635e-09,1.0030715844146163e-09,1095.0032548102304,4.907034853256644,0.0001286487898361,0.00148,6.65847e-07,0.0154111111111111,0.01157,6.76e-06,0.0805555555555555,0.023,9e-06,0.0031111111111111,0.03605,0.0990777777777777,1.0,662306.4645281215,1.9e-06,0.12776,3.5085197610596994,0.0242380049291519,0.0695767507166972,0.1965523341546283,131.56091489421206,2.1373175792554484
49,0.01,0.011,550000.0,0.000127,1.0,30.0,300.0,0.0018549194334156,2802.296398384314,265.6087782946687,139.47513542907862,0.0,0.0008686805361866,0.4815527412709744,0.1152572739147126,69.85,7.602787733662458e-09,1.2868798922624622e-09,866.1683399506311,3.57111950379779,0.0001739928434034,0.00148,6.65847e-07,0.0154111111111111,0.01157,6.76e-06,0.0805555555555555,0.023,9e-06,0.0031111111111111,0.03605,0.0990777777777777,1.0,1003112.2180110428,1.9e-06,0.12776,3.45765091349275,0.0306770995578797,0.2024854673562617,0.2364234793157137,363.8744592898816,6.177493399690966
50,0.01,0.011,550000.0,0.000127,1.0,30.0,325.0,0.0023123783526024,2802.296398384314,291.5053062825179,149.3933533703219,0.0,0.0009304532876717,0.73718553127664,0.1436819413173076,69.85,9.328497292875755e-09,1.483509636647389e-09,737.4695529863362,2.943979034500749,0.0002293488274438,0.00148,6.65847e-07,0.0154111111111111,0.01157,6.76e-06,0.0805555555555555,0.023,9e-06,0.0031111111111111,0.03605,0.0990777777777777,1.0,1269001.7730804349,1.9e-06,0.12776,3.4062656773237245,0.0371815598324399,0.4296935899593324,0.2728734814402315,735.3159853952068,68.83702687433613
51,0.01,0.011,550000.0,0.000127,1.0,30.0,350.0,0.0028746737011856,2802.296398384314,319.92671377973846,145.71481749617342,0.0,0.0009075425910396,0.9055117984042256,0.1786207250968709,69.85,1.1390246904347346e-08,1.6431190456605476e-09,662.4968398419147,2.7298438455354805,0.0003006779690889,0.00148,6.65847e-07,0.0154111111111111,0.01157,6.76e-06,0.0805555555555555,0.023,9e-06,0.0031111111111111,0.03605,0.0990777777777777,1.0,1338841.52862039,1.9e-06,0.12776,3.3250881574881843,0.0474571952546602,0.5630810733073548,0.323862585651514,896.0062659597681,156.39157109490247
52,0.01,0.011,550000.0,0.000127,1.0,35.0,300.0,0.0025473318497653,3269.345798115033,265.6087782946687,140.8678199725327,0.0,0.0007520181162986,0.5069662076001972,0.1582810118170215,69.85,1.0189993449139722e-08,1.5502019699954015e-09,706.1424200312829,2.8545032605328498,0.0002269216044077,0.00148,6.65847e-07,0.0154111111111111,0.01157,6.76e-06,0.0805555555555555,0.023,9e-06,0.0031111111111111,0.03605,0.0990777777777777,1.0,1281986.2799025474,1.9e-06,0.12776,3.408730296988401,0.036869582659696,0.1848751957831756,0.2712048438531728,317.09491158085854,5.2091792219764
53,0.01,0.011,550000.0,0.000127,1.0,35.0,325.0,0.0031741104647563,3269.345798115033,291.5053062825179,150.84605507559178,0.0,0.0008052865885987,0.6647243986118392,0.1972265278381005,69.85,1.2488181704106612e-08,1.7281151691226391e-09,622.5719380324867,2.6158113391099382,0.0002987541353254,0.00148,6.65847e-07,0.0154111111111111,0.01157,6.76e-06,0.0805555555555555,0.023,9e-06,0.0031111111111111,0.03605,0.0990777777777777,1.0,1365867.7920230157,1.9e-06,0.12776,3.331141030423839,0.0466910088071089,0.3036878707737386,0.3203086881698026,485.7852384529067,11.646112920737478
54,0.01,0.011,550000.0,0.000127,1.0,40.0,275.0,0.0026729721028364,3736.395197845752,242.0128264794384,130.3746788636134,0.0,0.0006090007311625,0.3773779788129104,0.1660877945818475,69.85,1.0650674377067092e-08,1.5858653746304775e-09,689.3903862884694,2.806656520557469,0.0002158829702109,0.00148,6.65847e-07,0.0154111111111111,0.01157,6.76e-06,0.0805555555555555,0.023,9e-06,0.0031111111111111,0.03605,0.0990777777777777,1.0,1336545.4475759177,1.9e-06,0.12776,3.418675399746823,0.0356107088928072,0.0474801842310629,0.2643931175788047,82.19839315426306,1.335381943441253
55,0.01,0.011,550000.0,0.000127,1.0,40.0,300.0,0.003361023732365,3736.395197845752,265.6087782946687,142.31479467710935,0.0,0.0006647748993059,0.5287025867990881,0.2088405706342336,69.85,1.3173530352005117e-08,1.781171123177589e-09,597.6501690179957,2.544630405494974,0.0002866193134503,0.00148,6.65847e-07,0.0154111111111111,0.01157,6.76e-06,0.0805555555555555,0.023,9e-06,0.0031111111111111,0.03605,0.0990777777777777,1.0,1480817.4205256945,1.9e-06,0.12776,3.3549943723392315,0.043671598438072,0.1560520161648544,0.3059319738955404,254.903953105611,4.144437961677208
56,0.01,0.011,600000.0,0.000127,1.0,20.0,350.0,0.0010601539080965,1712.5144656793036,319.92671377973846,129.18965865679138,0.0,0.0013166515952285,0.6077265963857496,0.0658737232334896,76.2,4.423725632386357e-09,6.954638690170874e-10,1343.0276551420466,6.354976499953754,0.0001346684901959,0.00148,6.65847e-07,0.0154111111111111,0.01157,6.76e-06,0.0805555555555555,0.023,9e-06,0.0031111111111111,0.03605,0.0990777777777777,1.0,798573.2193858273,1.9e-06,0.12776,3.4014040055173864,0.0377969613269131,0.3780428731522598,0.2761427095616491,644.0197063727381,37.459230696000745
57,0.01,0.011,600000.0,0.000127,1.0,25.0,300.0,0.0010741750592948,2140.643082099129,265.6087782946687,138.04891546313004,0.0,0.0011255534020534,0.5074139978889175,0.066744941484343,76.2,4.4798102371792855e-09,7.05897554448589e-10,1334.6149644231073,6.305864052805658,0.0001147042390569,0.00148,6.65847e-07,0.0154111111111111,0.01157,6.76e-06,0.0805555555555555,0.023,9e-06,0.0031111111111111,0.03605,0.0990777777777777,1.0,910404.310393918,1.9e-06,0.12776,3.429316311123728,0.034263758085604,0.2768590564045744,0.2569623775798547,484.1441482700648,11.519087115915122
58,0.01,0.011,600000.0,0.000127,1.0,25.0,325.0,0.0013396101326867,2140.643082099129,291.5053062825179,147.89025354936092,0.0,0.0012057927253872,0.747962699429553,0.0832380152046211,76.2,5.54155053074682e-09,9.034181445273519e-10,1175.3539203879768,5.376114003832971,0.0001530503687968,0.00148,6.65847e-07,0.0154111111111111,0.01157,6.76e-06,0.0805555555555555,0.023,9e-06,0.0031111111111111,0.03605,0.0990777777777777,1.0,1119433.503954386,1.9e-06,0.12776,3.362274312907392,0.0427500869737478,0.5009146842249319,0.3014223407272161,823.5379260475024,112.12828704868036
59,0.01,0.011,600000.0,0.000127,1.0,30.0,275.0,0.0012381727565736,2568.7716985189554,242.0128264794384,125.67683931389506,0.0,0.0008539001892585,0.3280329849714517,0.0769351024024594,76.2,5.1358010262945454e-09,8.27934636903949e-10,1236.216346055818,5.731422758639261,0.000119716237594,0.00148,6.65847e-07,0.0154111111111111,0.01157,6.76e-06,0.0805555555555555,0.023,9e-06,0.0031111111111111,0.03605,0.0990777777777777,1.0,886399.5089629666,1.9e-06,0.12776,3.423738424586302,0.03496981967262,0.087287882568992,0.260876139056204,151.83655088432232,2.4667125234765863
60,0.01,0.011,600000.0,0.000127,1.0,30.0,300.0,0.0015586475794672,2568.7716985189554,265.6087782946687,139.47513542907856,0.0,0.0009476514940218,0.4835332906334612,0.0968481259977794,76.2,6.417700317869151e-09,1.0664124511372081e-09,1043.9314523196272,4.608882777496752,0.0001613294538489,0.00148,6.65847e-07,0.0154111111111111,0.01157,6.76e-06,0.0805555555555555,0.023,9e-06,0.0031111111111111,0.03605,0.0990777777777777,1.0,1061284.0620044249,1.9e-06,0.12776,3.3480951518649564,0.0445449174854485,0.2228751646356817,0.3101523572149117,361.8428623184029,6.129369743856993
61,0.01,0.0115,400000.0,0.000127,1.0,20.0,275.0,0.0014997118511171,2568.7716985189545,242.0128264794384,117.8607396621624,0.0,0.0008007943902241,0.2995223927265873,0.0931860955810131,50.8,6.181957404468467e-09,1.0225560771784401e-09,1079.29288932973,4.815319310618031,9.50923618628539e-05,0.00148,6.65847e-07,0.0154111111111111,0.01157,6.76e-06,0.0805555555555555,0.023,9e-06,0.0031111111111111,0.03605,0.0990777777777777,1.0,463002.1042176416,1.9e-06,0.12776,3.5856317984293997,0.0144769875405824,0.0425262971455741,0.1274890357969124,87.32399801587202,1.4186516999261745
62,0.01,0.0115,400000.0,0.000127,1.0,20.0,300.0,0.0018811185435938,2568.7716985189545,265.6087782946687,134.40447759337076,0.0,0.0009131993570233,0.4571795249595225,0.1168851818247467,50.8,7.707584174375354e-09,1.306375671911375e-09,850.4488738436969,3.4793508326121185,0.0001282179586516,0.00148,6.65847e-07,0.0154111111111111,0.01157,6.76e-06,0.0805555555555555,0.023,9e-06,0.0031111111111111,0.03605,0.0990777777777777,1.0,364226.8441357898,1.9e-06,0.12776,3.566250018498078,0.0169303774053066,0.1764843431347756,0.1459412692029025,354.73093868135044,5.966330889758041
63,0.01,0.0115,400000.0,0.000127,1.0,20.0,325.0,0.002339203218574,2568.7716985189545,291.5053062825179,142.58095260080592,0.0,0.000968753694596,0.8209334636590373,0.1453487311893184,50.8,9.426855134771592e-09,1.4911239642696451e-09,733.892904190124,2.933763499625228,0.0001683705311031,0.00148,6.65847e-07,0.0154111111111111,0.01157,6.76e-06,0.0805555555555555,0.023,9e-06,0.0031111111111111,0.03605,0.0990777777777777,1.0,900833.6174681876,1.9e-06,0.12776,3.476627066328856,0.0282750548950815,0.5117747324697188,0.2220214054265585,937.0259888072894,184.41350008079522
64,0.01,0.0115,400000.0,0.000127,1.0,20.0,350.0,0.0029030542952868,2568.7716985189545,319.92671377973846,126.87048648270584,0.0,0.0008620103195651,0.6886357005709624,0.1803841816919424,50.8,1.1494309082718378e-08,1.651174971898151e-09,658.7127606284226,2.719035853087885,0.0002204998591724,0.00148,6.65847e-07,0.0154111111111111,0.01157,6.76e-06,0.0805555555555555,0.023,9e-06,0.0031111111111111,0.03605,0.0990777777777777,1.0,729647.8973822532,1.9e-06,0.12776,3.4446960703675598,0.0323169531180304,0.3444415188790197,0.2459531892771012,611.2501119006536,29.444258020630663
65,0.01,0.0115,400000.0,0.000127,1.0,25.0,300.0,0.0029589847821962,3210.964623148693,265.6087782946687,135.8653749716762,0.0,0.0007385002362271,0.6075079727686719,0.1838594784265463,50.8,1.1699387534719592e-08,1.667051027042346e-09,651.2553623738331,2.697736218628083,0.0001869993829513,0.00148,6.65847e-07,0.0154111111111111,0.01157,6.76e-06,0.0805555555555555,0.023,9e-06,0.0031111111111111,0.03605,0.0990777777777777,1.0,845845.9229995044,1.9e-06,0.12776,3.467234380813069,0.0294640024287253,0.2598384943421254,0.2292173204804795,471.3468255278968,10.596775271969065
66,0.01,0.0115,400000.0,0.000127,1.0,25.0,325.0,0.0036783651925106,3210.964623148693,291.5053062825179,144.45669386130692,0.0,0.0007851986023916,0.7926505666361221,0.2285588996018431,50.8,1.4337115705872466e-08,1.8712495544447963e-09,555.3379743319103,2.423779372837444,0.0002468080695226,0.00148,6.65847e-07,0.0154111111111111,0.01157,6.76e-06,0.0805555555555555,0.023,9e-06,0.0031111111111111,0.03605,0.0990777777777777,1.0,570485.1880833943,1.9e-06,0.12776,3.406353630329488,0.0371704265405711,0.4002816670342789,0.2728140655250114,685.0406109718007,49.86340528205049
67,0.01,0.0115,400000.0,0.000127,1.0,25.0,350.0,0.0045636859515592,3210.964623148693,319.92671377973846,136.27270334865804,0.0,0.0007407142815841,0.9438866146624058,0.283569190286087,50.8,1.7583291822384003e-08,2.1225508029699383e-09,437.2952064587636,2.086628570307359,0.0003272500869689,0.00148,6.65847e-07,0.0154111111111111,0.01157,6.76e-06,0.0805555555555555,0.023,9e-06,0.0031111111111111,0.03605,0.0990777777777777,1.0,1436667.0990981536,1.9e-06,0.12776,3.226709297477308,0.0599102155092015,0.4965074243763185,0.3768222635596222,728.1868382395681,65.89067940978515
68,0.01,0.0115,400000.0,0.000127,1.0,30.0,300.0,0.0042955681021345,3853.1575477784313,265.6087782946687,137.19478958714004,0.0,0.000621438590347,0.6177761195401609,0.2669094195942293,50.8,1.6600193041159837e-08,2.046444657684552e-09,473.0442530487332,2.188734103451466,0.00025830492089,0.00148,6.65847e-07,0.0154111111111111,0.01157,6.76e-06,0.0805555555555555,0.023,9e-06,0.0031111111111111,0.03605,0.0990777777777777,1.0,1194893.620376059,1.9e-06,0.12776,3.35223689196679,0.0440206465864821,0.1870566999459314,0.3076249566132661,304.80341055845446,4.987641622903119
69,0.01,0.0115,400000.0,0.000127,1.0,30.0,325.0,0.005337823922083,3853.1575477784313,291.5053062825179,146.03117525354008,0.0,0.0006614639518699,0.9209782314032352,0.3316710272225497,50.8,2.0534405688332028e-08,2.278273011400688e-09,373.1797041540924,1.9052091421438224,0.0003446756636155,0.00148,6.65847e-07,0.0154111111111111,0.01157,6.76e-06,0.0805555555555555,0.023,9e-06,0.0031111111111111,0.03605,0.0990777777777777,1.0,1341920.2485610256,1.9e-06,0.12776,3.208160279789369,0.0622581924317254,0.4254972041806855,0.3858915798558743,614.9600614632617,30.270990084197578
70,0.01,0.0115,400000.0,0.000127,1.0,30.0,350.0,0.0066202253243772,3853.1575477784313,319.92671377973846,142.7501735930673,0.0,0.0006466023011254,1.0478061767605191,0.411354320755504,50.8,2.566401129750896e-08,2.3992650189043437e-09,350.6299578961506,1.8472779411965827,0.0004631578729364,0.00148,6.65847e-07,0.0154111111111111,0.01157,6.76e-06,0.0805555555555555,0.023,9e-06,0.0031111111111111,0.03605,0.0990777777777777,1.0,1270632.2632329392,1.9e-06,0.12776,3.226483979663946,0.0599387367513992,0.472641856005015,0.376934036875783,693.0608308122589,52.608820069774744
71,0.01,0.0115,400000.0,0.000127,1.0,35.0,300.0,0.0059022459780085,4495.35047240817,265.6087782946687,138.54767538443423,0.0,0.0005379142563599,0.6403539072338588,0.3667419560895372,50.8,2.2792093912034067e-08,2.3315251035331475e-09,363.2549067226983,1.8797119401894435,0.0003457360959462,0.00148,6.65847e-07,0.0154111111111111,0.01157,6.76e-06,0.0805555555555555,0.023,9e-06,0.0031111111111111,0.03605,0.0990777777777777,1.0,1335347.2878981428,1.9e-06,0.12776,3.2068237021297463,0.0624273794772472,0.1098019511443214,0.3865348979455265,158.52766697544166,2.5754156869585962
72,0.01,0.0115,400000.0,0.000127,1.0,35.0,325.0,0.007331028771679,4495.35047240817,291.5053062825179,147.54813751414676,0.0,0.0005728587394049,0.8813471047749037,0.4555208037570476,50.8,2.8507225086716084e-08,2.4663279025503722e-09,338.13119007879607,1.815168106268172,0.0004655824014767,0.00148,6.65847e-07,0.0154111111111111,0.01157,6.76e-06,0.0805555555555555,0.023,9e-06,0.0031111111111111,0.03605,0.0990777777777777,1.0,1218661.3437389403,1.9e-06,0.12776,3.2149423986936725,0.0613996963678895,0.262016301017856,0.3826063233781729,380.7111855860341,6.607195481022109
73,0.01,0.0115,400000.0,0.000127,1.0,35.0,350.0,0.0090885817260142,4495.35047240817,319.92671377973846,147.58239349630526,0.0,0.0005729917389743,1.150428868621199,0.5647281141276228,50.8,3.5537436904057094e-08,2.632149508685994e-09,307.2263789297651,1.7357724091090314,0.0006275007045116,0.00148,6.65847e-07,0.0154111111111111,0.01157,6.76e-06,0.0805555555555555,0.023,9e-06,0.0031111111111111,0.03605,0.0990777777777777,1.0,1546671.971853337,1.9e-06,0.12776,3.4919834885329357,0.0263312039831727,0.421890754493576,0.209962664662761,784.4274308872124,91.40627545354745
74,0.01,0.0115,450000.0,0.000127,1.0,20.0,275.0,0.0011849575119937,2283.3526209057377,242.0128264794384,117.86073966216242,0.0,0.0009008936890021,0.3015473053231043,0.0736285199652449,57.15,4.922940047975084e-09,7.883350980175323e-10,1268.1454928037374,5.917821924438939,8.628862177643534e-05,0.00148,6.65847e-07,0.0154111111111111,0.01157,6.76e-06,0.0805555555555555,0.023,9e-06,0.0031111111111111,0.03605,0.0990777777777777,1.0,349899.072031953,1.9e-06,0.12776,3.5627402939457173,0.0173746463359851,0.0641087853578593,0.1491995247691178,128.36612193214427,2.0854154812002887
75,0.01,0.0115,450000.0,0.000127,1.0,20.0,300.0,0.0014863158862963,2283.3526209057377,265.6087782946687,134.40447759337064,0.0,0.0010273492766512,0.4966763130321679,0.092353723910911,57.15,6.128373545185464e-09,1.0125876173126915e-09,1087.3304682221803,4.862241892434267,0.0001157783251298,0.00148,6.65847e-07,0.0154111111111111,0.01157,6.76e-06,0.0805555555555555,0.023,9e-06,0.0031111111111111,0.03605,0.0990777777777777,1.0,780175.8997654723,1.9e-06,0.12776,3.4543608830664696,0.0310935591055102,0.2405125891212568,0.2388664036952222,430.8279338276791,8.359130558183704
76,0.01,0.0115,450000.0,0.000127,1.0,20.0,325.0,0.0018482593331943,2283.3526209057377,291.5053062825179,142.58095260080577,0.0,0.0010898479064205,0.8084361897568361,0.1148434419273627,57.15,7.57614733277731e-09,1.2819238519438935e-09,870.1644000834034,3.594448103246901,0.0001550684245018,0.00148,6.65847e-07,0.0154111111111111,0.01157,6.76e-06,0.0805555555555555,0.023,9e-06,0.0031111111111111,0.03605,0.0990777777777777,1.0,642988.7203419519,1.9e-06,0.12776,3.4244254054643584,0.0348828600678027,0.5297827478294732,0.2603963420061722,922.150934231325,174.0281918131284
77,0.01,0.0115,450000.0,0.000127,1.0,20.0,350.0,0.0022937712950414,2283.3526209057377,319.92671377973846,126.87048648270594,0.0,0.0009697616095107,0.7083916281212397,0.1425257731886953,57.15,9.26027141515197e-09,1.478227961335164e-09,739.9504939944737,2.951065036184666,0.0002039831361305,0.00148,6.65847e-07,0.0154111111111111,0.01157,6.76e-06,0.0805555555555555,0.023,9e-06,0.0031111111111111,0.03605,0.0990777777777777,1.0,885670.4695126746,1.9e-06,0.12776,3.2859628750189174,0.0524097626558332,0.4020558549325443,0.3459674802681327,618.8578187532917,31.161312111357073
78,0.01,0.0115,450000.0,0.000127,1.0,25.0,275.0,0.0018646128795937,2854.1907761321727,242.0128264794384,121.95172097234918,0.0,0.0007457311814052,0.3723479931027407,0.1158595858864352,57.15,7.641561518374872e-09,1.294093163607989e-09,860.3522722437692,3.5371658821319008,0.0001309459586058,0.00148,6.65847e-07,0.0154111111111111,0.01157,6.76e-06,0.0805555555555555,0.023,9e-06,0.0031111111111111,0.03605,0.0990777777777777,1.0,732888.8415863982,1.9e-06,0.12776,3.444756509555388,0.0323093025879256,0.0926784072163054,0.2459092819324076,164.47780632600407,2.6720814277272376
79,0.01,0.0115,450000.0,0.000127,1.0,25.0,300.0,0.0023379632846982,2854.1907761321727,265.6087782946687,135.86537497167618,0.0,0.0008308127657555,0.6369623847251067,0.1452716866580119,57.15,9.422308710560334e-09,1.490772004905887e-09,734.0582287068969,2.934235695376921,0.0001730944908633,0.00148,6.65847e-07,0.0154111111111111,0.01157,6.76e-06,0.0805555555555555,0.023,9e-06,0.0031111111111111,0.03605,0.0990777777777777,1.0,534965.261424047,1.9e-06,0.12776,3.395737807555009,0.0385142015753153,0.3278806980670947,0.2799160369404885,555.653607747489,19.321388363693636
80,0.01,0.0115,450000.0,0.000127,1.0,25.0,325.0,0.002906362621243,2854.1907761321727,291.5053062825179,144.45669386130692,0.0,0.0008833484276905,0.8216648424829348,0.1805897478335552,57.15,1.1506439611224345e-08,1.652114051248563e-09,658.271650500933,2.717775965369502,0.0002267922163493,0.00148,6.65847e-07,0.0154111111111111,0.01157,6.76e-06,0.0805555555555555,0.023,9e-06,0.0031111111111111,0.03605,0.0990777777777777,1.0,1132375.445563786,1.9e-06,0.12776,3.160064048000369,0.0683463230379279,0.4772650946493796,0.4082227272234904,664.6960584662676,43.37249204588514
81,0.01,0.0115,450000.0,0.000127,1.0,25.0,350.0,0.0036058753197505,2854.1907761321727,319.92671377973846,136.27270334865807,0.0,0.0008333035667821,0.9676198041042076,0.2240546688680195,57.15,1.4071319505751976e-08,1.850673062428923e-09,565.0032906999281,2.451385207814867,0.0002988996306241,0.00148,6.65847e-07,0.0154111111111111,0.01157,6.76e-06,0.0805555555555555,0.023,9e-06,0.0031111111111111,0.03605,0.0990777777777777,1.0,1376089.3346440117,1.9e-06,0.12776,3.2428632074229,0.0578654167819114,0.579755135236188,0.3687029370356283,861.3576625563206,134.33217466642603
82,0.01,0.0115,450000.0,0.000127,1.0,30.0,300.0,0.0033940291177359,3425.0289313586068,265.6087782946687,137.19478958713998,0.0,0.0006991184141404,0.629000142707161,0.210891393259638,57.15,1.329455009836498e-08,1.790539811833062e-09,593.2494509685461,2.532061184620088,0.0002364877683662,0.00148,6.65847e-07,0.0154111111111111,0.01157,6.76e-06,0.0805555555555555,0.023,9e-06,0.0031111111111111,0.03605,0.0990777777777777,1.0,1035384.1633678848,1.9e-06,0.12776,3.1360832257012694,0.0713818701643963,0.2542987494475228,0.4187611028541581,347.859639933698,5.816079344329301
83,0.01,0.0115,450000.0,0.000127,1.0,30.0,325.0,0.0042175398890532,3425.0289313586068,291.5053062825179,146.03117525354006,0.0,0.0007441469458537,0.9302103671519916,0.2620610585462122,57.15,1.631408959319522e-08,2.024296089307393e-09,483.44801479290106,2.218449067651114,0.0003131772371023,0.00148,6.65847e-07,0.0154111111111111,0.01157,6.76e-06,0.0805555555555555,0.023,9e-06,0.0031111111111111,0.03605,0.0990777777777777,1.0,1283365.914643317,1.9e-06,0.12776,3.2236944388927977,0.0602918431781268,0.5043393086057795,0.3783145295602405,737.9019954493386,69.92664219237511
84,0.01,0.0115,450000.0,0.000127,1.0,30.0,350.0,0.0052307953180264,3425.0289313586068,319.92671377973846,142.75017359306722,0.0,0.0007274275887661,1.0560685911126353,0.3250206978808921,57.15,2.010629127210585e-08,2.268175076665161e-09,375.0616951278227,1.9100440523034727,0.0004169797883162,0.00148,6.65847e-07,0.0154111111111111,0.01157,6.76e-06,0.0805555555555555,0.023,9e-06,0.0031111111111111,0.03605,0.0990777777777777,1.0,1674675.5487592898,1.9e-06,0.12776,3.4925087705388966,0.0262647125900131,0.5672378932317431,0.2095435674921163,1055.2328968679085,274.3741152955281
85,0.01,0.0115,450000.0,0.000127,1.0,35.0,300.0,0.0046635029949696,3995.867086585041,265.6087782946687,138.54767538443423,0.0,0.0006051535384049,0.6394304426041442,0.2897714220954369,57.15,1.794928764822221e-08,2.150884203465464e-09,423.9862673373741,2.048615911112324,0.0003126695718755,0.00148,6.65847e-07,0.0154111111111111,0.01157,6.76e-06,0.0805555555555555,0.023,9e-06,0.0031111111111111,0.03605,0.0990777777777777,1.0,1287158.1883409454,1.9e-06,0.12776,3.224507222973859,0.060188959117233,0.1858490205087073,0.3779129295334897,272.0925182477279,4.428639875048126
86,0.01,0.0115,450000.0,0.000127,1.0,35.0,325.0,0.0057924177949068,3995.867086585041,291.5053062825179,147.5481375141467,0.0,0.0006444660818305,0.8871502628667841,0.3599176721043341,57.15,2.2352781179627532e-08,2.3211630341138748e-09,365.1861254943573,1.8846733185328763,0.0004187824985761,0.00148,6.65847e-07,0.0154111111111111,0.01157,6.76e-06,0.0805555555555555,0.023,9e-06,0.0031111111111111,0.03605,0.0990777777777777,1.0,1667540.0333690988,1.9e-06,0.12776,3.491700180396408,0.0263670657726066,0.3634225907624498,0.2101885181276216,675.523577484279,46.74292597981542
87,0.01,0.0115,450000.0,0.000127,1.0,35.0,350.0,0.0071811016106779,3995.867086585041,319.92671377973846,147.58239349630534,0.0,0.0006446157063461,1.091084678459943,0.4462049296810848,57.15,2.790751644271178e-08,2.452182574764243e-09,340.767509277839,1.8219409158392343,0.000563063900493,0.00148,6.65847e-07,0.0154111111111111,0.01157,6.76e-06,0.0805555555555555,0.023,9e-06,0.0031111111111111,0.03605,0.0990777777777777,1.0,1837712.174863876,1.9e-06,0.12776,3.445046655629993,0.0322725752367097,0.4810697487788582,0.2456984278767048,854.0006659486895,129.85412584381544
88,0.01,0.0115,450000.0,0.000127,1.0,40.0,325.0,0.0076434337087302,4566.705241811475,291.5053062825179,149.1105080120138,0.0,0.000569878977584,0.8308041712720774,0.4749323969256606,57.15,2.9756844834920865e-08,2.4958026835512782e-09,332.6378616656879,1.8010555256418217,0.000545099220325,0.00148,6.65847e-07,0.0154111111111111,0.01157,6.76e-06,0.0805555555555555,0.023,9e-06,0.0031111111111111,0.03605,0.0990777777777777,1.0,1932872.2688858411,1.9e-06,0.12776,3.4566134586140964,0.0308084229602409,0.1920617743464166,0.2371955048741612,344.79370558915844,5.751105539665815
89,0.01,0.0115,500000.0,0.000127,1.0,20.0,300.0,0.0012039158679,2055.017358815164,265.6087782946687,134.40447759337064,0.0,0.0011414991962791,0.4943108191728154,0.0748065163678379,63.5,4.998773471600231e-09,8.02442750023281e-10,1256.7704792599652,5.851415732871751,0.0001059941835105,0.00148,6.65847e-07,0.0154111111111111,0.01157,6.76e-06,0.0805555555555555,0.023,9e-06,0.0031111111111111,0.03605,0.0990777777777777,1.0,550771.9501867879,1.9e-06,0.12776,3.3997823989732434,0.0380022279780704,0.2556943028049774,0.2772266295768608,434.9389916306513,8.545796429805991
90,0.01,0.0115,500000.0,0.000127,1.0,20.0,325.0,0.0014970900598874,2055.017358815164,291.5053062825179,142.58095260080586,0.0,0.001210942118245,0.8084361897568361,0.0930231879611638,63.5,6.171470239549624e-09,1.0206051000745544e-09,1080.8659640675564,4.824502763629988,0.0001414089271232,0.00148,6.65847e-07,0.0154111111111111,0.01157,6.76e-06,0.0805555555555555,0.023,9e-06,0.0031111111111111,0.03605,0.0990777777777777,1.0,897609.1264626501,1.9e-06,0.12776,3.292332843995524,0.051603437468921,0.5516030017956723,0.3424676220219936,853.5892019210423,129.60588678795315
91,0.01,0.0115,500000.0,0.000127,1.0,20.0,350.0,0.0018579547489835,2055.017358815164,319.92671377973846,126.8704864827059,0.0,0.0010775128994564,0.7101941996268704,0.1154458762828432,63.5,7.614928995934291e-09,1.2891385889538867e-09,864.3471506098565,3.560487582545281,0.0001893399398357,0.00148,6.65847e-07,0.0154111111111111,0.01157,6.76e-06,0.0805555555555555,0.023,9e-06,0.0031111111111111,0.03605,0.0990777777777777,1.0,858622.7300815496,1.9e-06,0.12776,3.294763529342081,0.0512957557794834,0.4309383233440271,0.3411222345184193,668.2286905592103,44.45123877170878
92,0.01,0.0115,500000.0,0.000127,1.0,25.0,275.0,0.0015103364324709,2568.7716985189554,242.0128264794384,121.95172097234918,0.0,0.0008285902015613,0.3410538609234362,0.0938462645680126,63.5,6.22445572988365e-09,1.0304622425224722e-09,1072.9181405174525,4.778104164526836,0.0001196412491857,0.00148,6.65847e-07,0.0154111111111111,0.01157,6.76e-06,0.0805555555555555,0.023,9e-06,0.0031111111111111,0.03605,0.0990777777777777,1.0,822085.6899815217,1.9e-06,0.12776,3.268823725390541,0.0545792752670201,0.0833975963554236,0.3552018874858146,126.55591259103312,2.0560071089383696
93,0.01,0.0115,500000.0,0.000127,1.0,25.0,300.0,0.0018937502606056,2568.7716985189554,265.6087782946687,135.86537497167623,0.0,0.0009231252952839,0.6243076305747194,0.1176700661929897,63.5,7.75811104242241e-09,1.3157754251767927e-09,842.8698436366382,3.435105212166331,0.0001612834560584,0.00148,6.65847e-07,0.0154111111111111,0.01157,6.76e-06,0.0805555555555555,0.023,9e-06,0.0031111111111111,0.03605,0.0990777777777777,1.0,768092.1095753377,1.9e-06,0.12776,3.258503482084285,0.0558856351792043,0.3428275643817295,0.3606376118904805,515.8553822496121,14.368369667132546
94,0.01,0.0115,500000.0,0.000127,1.0,25.0,325.0,0.0023541537232068,2568.7716985189554,291.5053062825179,144.4566938613069,0.0,0.0009814982529895,0.8167564359897096,0.1462776957451797,63.5,9.481673651758384e-09,1.49536771484467e-09,731.8995035724224,2.9280699986159635,0.0002115579007944,0.00148,6.65847e-07,0.0154111111111111,0.01157,6.76e-06,0.0805555555555555,0.023,9e-06,0.0031111111111111,0.03605,0.0990777777777777,1.0,1116831.1587233385,1.9e-06,0.12776,3.1809826805257924,0.0656983948701528,0.5066687402445298,0.3987129559716593,716.9867094022543,61.43266757426046
95,0.01,0.0115,500000.0,0.000127,1.0,25.0,350.0,0.0029207590089979,2568.7716985189554,319.92671377973846,136.27270334865807,0.0,0.0009258928519801,0.9543187958730868,0.1814842817830958,63.5,1.1559226366325766e-08,1.656200513900761e-09,656.3521321336084,2.7122934849967093,0.0002770479099379,0.00148,6.65847e-07,0.0154111111111111,0.01157,6.76e-06,0.0805555555555555,0.023,9e-06,0.0031111111111111,0.03605,0.0990777777777777,1.0,937111.7712502516,1.9e-06,0.12776,3.4541138627915733,0.0311248274947375,0.6090245140899909,0.2390491912937764,1090.677880273461,303.36174366327174
96,0.01,0.0115,500000.0,0.000127,1.0,30.0,275.0,0.0021935305250859,3082.526038222746,242.0128264794384,124.8196956054505,0.0,0.0007067303350041,0.3774280287752992,0.1362972127067377,63.5,8.892721925314984e-09,1.4497742846473843e-09,753.315929988546,2.989239060335036,0.0001671251747777,0.00148,6.65847e-07,0.0154111111111111,0.01157,6.76e-06,0.0805555555555555,0.023,9e-06,0.0031111111111111,0.03605,0.0990777777777777,1.0,663432.498649864,1.9e-06,0.12776,3.2274486513894054,0.0598166264064044,0.0773208160685614,0.3764552107012409,113.46691102562067,1.8433652818922757
97,0.01,0.0115,500000.0,0.000127,1.0,30.0,300.0,0.002749163585366,3082.526038222746,265.6087782946687,137.19478958713998,0.0,0.0007767982379337,0.6247083539963539,0.1708220285403068,63.5,1.09300431463423e-08,1.6074925809181135e-09,679.231521951189,2.7776410262089373,0.0002197545420247,0.00148,6.65847e-07,0.0154111111111111,0.01157,6.76e-06,0.0805555555555555,0.023,9e-06,0.0031111111111111,0.03605,0.0990777777777777,1.0,1019797.3214870068,1.9e-06,0.12776,3.156114911970929,0.0688462136745659,0.290076325456047,0.4099843809042874,402.7920985086173,7.275258853084459
98,0.01,0.0115,500000.0,0.000127,1.0,30.0,325.0,0.0034162073101331,3082.526038222746,291.5053062825179,146.03117525354006,0.0,0.0008268299398374,0.9365195518661116,0.2122694574224319,63.5,1.3375870137154798e-08,1.796835165672322e-09,590.2923586489164,2.523615211464069,0.0002893187702162,0.00148,6.65847e-07,0.0154111111111111,0.01157,6.76e-06,0.0805555555555555,0.023,9e-06,0.0031111111111111,0.03605,0.0990777777777777,1.0,1567468.239858005,1.9e-06,0.12776,3.4664186616392003,0.0295672580203544,0.5604400944436795,0.2298359811314518,1015.821899259236,243.09662224810705
99,0.01,0.0115,500000.0,0.000127,1.0,30.0,350.0,0.0042369442076014,3082.526038222746,319.92671377973846,142.75017359306733,0.0,0.0008082528764068,1.0261241204086955,0.2632667652835229,63.5,1.638523876120527e-08,2.0298040698083603e-09,480.8607723198084,2.2110594503805285,0.0003828160204785,0.00148,6.65847e-07,0.0154111111111111,0.01157,6.76e-06,0.0805555555555555,0.023,9e-06,0.0031111111111111,0.03605,0.0990777777777777,1.0,1808654.5150776,1.9e-06,0.12776,3.4245961052622977,0.0348612524984433,0.5990473551251727,0.260277026245071,1042.8825735130204,264.4557207256365
100,0.01,0.0115,500000.0,0.000127,1.0,35.0,275.0,0.003015530826297,3596.2803779265373,242.0128264794384,127.13547183438348,0.0,0.0006170076708162,0.4236901875645123,0.187373023422791,63.5,1.19067230297557e-08,1.6831018101471603e-09,643.7158898270653,2.6762021656268185,0.0002170713569865,0.00148,6.65847e-07,0.0154111111111111,0.01157,6.76e-06,0.0805555555555555,0.023,9e-06,0.0031111111111111,0.03605,0.0990777777777777,1.0,1059289.5603944904,1.9e-06,0.12776,3.1664813836285304,0.0675340020723379,0.0725071641417212,0.4053374985435705,101.47443024358202,1.648537357830291
101,0.01,0.0115,500000.0,0.000127,1.0,35.0,300.0,0.0037774374259254,3596.2803779265373,265.6087782946687,138.5476753844342,0.0,0.0006723928204499,0.6602831612223197,0.2347148518973039,63.5,1.4700380561726656e-08,1.8993715381403595e-09,542.1283432099397,2.38605035466765,0.0002883328534245,0.00148,6.65847e-07,0.0154111111111111,0.01157,6.76e-06,0.0805555555555555,0.023,9e-06,0.0031111111111111,0.03605,0.0990777777777777,1.0,1571285.2194052215,1.9e-06,0.12776,3.466920845143629,0.0295036904881482,0.2617583093250156,0.2294552308823396,474.6828071906596,10.825892355185715
102,0.01,0.0115,500000.0,0.000127,1.0,35.0,325.0,0.0046918584138745,3596.2803779265373,291.5053062825179,147.54813751414676,0.0,0.0007160734242561,0.8478626311690263,0.2915333144045107,63.5,1.805325751754012e-08,2.158932983639678e-09,420.20554481672303,2.0378175059669035,0.0003826845305321,0.00148,6.65847e-07,0.0154111111111111,0.01157,6.76e-06,0.0805555555555555,0.023,9e-06,0.0031111111111111,0.03605,0.0990777777777777,1.0,1809289.0852930644,1.9e-06,0.12776,3.4246826074918117,0.0348503028491378,0.3925193167645155,0.2602165482100843,683.3934234954024,49.31268082367343
103,0.01,0.0115,550000.0,0.000127,1.0,20.0,325.0,0.0012372645123036,1868.197598922876,291.5053062825179,142.58095260080572,0.0,0.0013320363300695,0.8209334636590373,0.0768786677364989,69.85,5.13216804921456e-09,8.27258776921118e-10,1236.7612926178158,5.734604102173548,0.0001303798340107,0.00148,6.65847e-07,0.0154111111111111,0.01157,6.76e-06,0.0805555555555555,0.023,9e-06,0.0031111111111111,0.03605,0.0990777777777777,1.0,654753.2529834375,1.9e-06,0.12776,3.5068463289914,0.0244498317732405,0.5802447959225383,0.1979300972641466,1095.2887390111548,307.1844366643813
104,0.01,0.0115,550000.0,0.000127,1.0,20.0,350.0,0.0015354997925484,1868.197598922876,319.92671377973846,126.87048648270604,0.0,0.001185264189402,0.7155048869663289,0.0954098151097878,69.85,6.325109170193627e-09,1.0491872801271787e-09,1057.8201244709558,4.689963456648994,0.0001740235791195,0.00148,6.65847e-07,0.0154111111111111,0.01157,6.76e-06,0.0805555555555555,0.023,9e-06,0.0031111111111111,0.03605,0.0990777777777777,1.0,1002975.5519363,1.9e-06,0.12776,3.457624309605325,0.0306804671385664,0.456285071856541,0.236443296210937,819.9411890011023,110.12493364702131
105,0.01,0.0115,550000.0,0.000127,1.0,25.0,275.0,0.0012482119276619,2335.246998653596,242.0128264794384,121.95172097234912,0.0,0.0009114492217174,0.376861718981501,0.0775588963372004,69.85,5.17595771064764e-09,8.35405175638406e-10,1230.192843402854,5.696258152501521,0.0001105465526373,0.00148,6.65847e-07,0.0154111111111111,0.01157,6.76e-06,0.0805555555555555,0.023,9e-06,0.0031111111111111,0.03605,0.0990777777777777,1.0,464812.6451338005,1.9e-06,0.12776,3.38045179850107,0.0404491394302443,0.1354928226443006,0.2899020507271604,226.43298786005053,3.6791349428649123
106,0.01,0.0115,550000.0,0.000127,1.0,25.0,300.0,0.0015650828600046,2335.246998653596,265.6087782946687,135.8653749716762,0.0,0.0010154378248123,0.6087576420899014,0.0972479885892476,69.85,6.4434414400185185e-09,1.071201194360985e-09,1040.070283997222,4.586341662947383,0.0001484527490799,0.00148,6.65847e-07,0.0154111111111111,0.01157,6.76e-06,0.0805555555555555,0.023,9e-06,0.0031111111111111,0.03605,0.0990777777777777,1.0,551287.2714819225,1.9e-06,0.12776,3.480856685814392,0.0277396600234947,0.3476996535006538,0.2187369537221198,639.3029215479676,36.2047246910603
107,0.01,0.0115,550000.0,0.000127,1.0,25.0,325.0,0.0019455815894271,2335.246998653596,291.5053062825179,144.45669386130692,0.0,0.0010796480782884,0.8268319969483455,0.1208906576406443,69.85,7.965436357708532e-09,1.3543451383747171e-09,811.7710463437202,3.253553543450004,0.0001989321338513,0.00148,6.65847e-07,0.0154111111111111,0.01157,6.76e-06,0.0805555555555555,0.023,9e-06,0.0031111111111111,0.03605,0.0990777777777777,1.0,866332.696266915,1.9e-06,0.12776,3.4279902488711027,0.034431614066949,0.5421313393077012,0.2578965688570694,946.8345602322652,191.39275734693564
108,0.01,0.0115,550000.0,0.000127,1.0,25.0,350.0,0.0024138504206594,2335.246998653596,319.92671377973846,136.27270334865824,0.0,0.0010184821371781,0.9406389206538124,0.1499870097380956,69.85,9.700561542417988e-09,1.5123128214055874e-09,723.9399439120731,2.905336103303066,0.0002599309392696,0.00148,6.65847e-07,0.0154111111111111,0.01157,6.76e-06,0.0805555555555555,0.023,9e-06,0.0031111111111111,0.03605,0.0990777777777777,1.0,1642463.871005123,1.9e-06,0.12776,3.3840471803700933,0.039994027801254,0.6268419109157166,0.2875782595525892,1050.9942462861943,270.9587686491458
109,0.01,0.0115,550000.0,0.000127,1.0,30.0,275.0,0.001812835144699,2802.296398384314,242.0128264794384,124.81969560545056,0.0,0.0007774033685045,0.3294994954463857,0.1126423245510228,69.85,7.434450578796374e-09,1.2555633317412387e-09,891.4189131805438,3.7185298252566974,0.0001558909435826,0.00148,6.65847e-07,0.0154111111111111,0.01157,6.76e-06,0.0805555555555555,0.023,9e-06,0.0031111111111111,0.03605,0.0990777777777777,1.0,1077141.4044151506,1.9e-06,0.12776,3.471294105444295,0.0289501132348993,0.0530471708953626,0.2261234876706107,96.61377271533422,1.569571893330023
110,0.01,0.0115,550000.0,0.000127,1.0,30.0,300.0,0.0022720360209637,2802.296398384314,265.6087782946687,137.19478958713995,0.0,0.0008544780617271,0.6215686546973075,0.1411752301986006,69.85,9.180575410200249e-09,1.4720583313372839e-09,742.8485305381729,2.959342335709866,0.000206722712607,0.00148,6.65847e-07,0.0154111111111111,0.01157,6.76e-06,0.0805555555555555,0.023,9e-06,0.0031111111111111,0.03605,0.0990777777777777,1.0,792670.864954186,1.9e-06,0.12776,3.409083080064168,0.036824926574156,0.3165834244987068,0.2709653700399823,543.1771341743992,17.583841014528485
111,0.01,0.0115,550000.0,0.000127,1.0,30.0,325.0,0.0028233118265563,2802.296398384314,291.5053062825179,146.03117525354006,0.0,0.0009095129338212,0.9206370984935276,0.1754293036549023,69.85,1.1201920030706441e-08,1.628539806340761e-09,669.345089792493,2.7494036458380737,0.0002705015535096,0.00148,6.65847e-07,0.0154111111111111,0.01157,6.76e-06,0.0805555555555555,0.023,9e-06,0.0031111111111111,0.03605,0.0990777777777777,1.0,1585531.34428903,1.9e-06,0.12776,3.374353349522013,0.0412210949972135,0.5813977948386253,0.2938091674002485,966.2746904533234,205.51709020198385
112,0.01,0.0115,550000.0,0.000127,1.0,35.0,275.0,0.002492174236609,3269.345798115033,242.0128264794384,127.1354718343835,0.0,0.0006787084378978,0.4075319717679361,0.1548537383659428,69.85,9.987748867566687e-09,1.5345452976422807e-09,713.4967684521205,2.8755085666337354,0.0002037987406597,0.00148,6.65847e-07,0.0154111111111111,0.01157,6.76e-06,0.0805555555555555,0.023,9e-06,0.0031111111111111,0.03605,0.0990777777777777,1.0,825523.8922555335,1.9e-06,0.12776,3.4178032255267388,0.0357211106928178,0.0888682334019932,0.2649955878576099,153.72398763768098,2.497375590153326
113,0.01,0.0115,550000.0,0.000127,1.0,35.0,300.0,0.003121849112335,3269.345798115033,265.6087782946687,138.54767538443426,0.0,0.0007396321024948,0.6404855620639087,0.1939792164440527,69.85,1.2296556745228641e-08,1.7132806100333547e-09,629.5401183553221,2.6357136815435123,0.0002690728062297,0.00148,6.65847e-07,0.0154111111111111,0.01157,6.76e-06,0.0805555555555555,0.023,9e-06,0.0031111111111111,0.03605,0.0990777777777777,1.0,1593624.779827499,1.9e-06,0.12776,3.3757652673051743,0.0410423712271931,0.2826963456198559,0.2929084183727005,470.43649948787805,10.535586344984964
114,0.01,0.0115,550000.0,0.000127,1.0,40.0,275.0,0.0032921692892053,3736.395197845752,242.0128264794384,129.21052125208664,0.0,0.0006035627669597,0.4075095912029945,0.2045622309540627,69.85,1.2921064060419566e-08,1.761626559971898e-09,606.8307614392885,2.57085178405386,0.0002572673689813,0.00148,6.65847e-07,0.0154111111111111,0.01157,6.76e-06,0.0805555555555555,0.023,9e-06,0.0031111111111111,0.03605,0.0990777777777777,1.0,1040942.07965699,1.9e-06,0.12776,3.3557024816091063,0.0435819643532776,0.0391373602489316,0.305495886241269,63.96928565062522,1.0392347795943533
115,0.01,0.0115,600000.0,0.000127,1.0,20.0,325.0,0.0010396458749218,1712.5144656793036,291.5053062825179,142.5809526008059,0.0,0.001453130541894,0.8128316942835617,0.0645994360841415,76.2,4.341693499687239e-09,6.802030417184402e-10,1355.332475046914,6.42681080807638,0.0001213415623322,0.00148,6.65847e-07,0.0154111111111111,0.01157,6.76e-06,0.0805555555555555,0.023,9e-06,0.0031111111111111,0.03605,0.0990777777777777,1.0,878203.4911885412,1.9e-06,0.12776,3.421785084409118,0.0352170779228964,0.5844222581994201,0.2622369839794218,1014.7259733327436,242.24312108129251
116,0.01,0.0115,600000.0,0.000127,1.0,20.0,350.0,0.0012902463534608,1712.5144656793036,319.92671377973846,126.87048648270591,0.0,0.0012930154793476,0.7083916281212397,0.0801707474186411,76.2,5.344095413843257e-09,8.666846312179764e-10,1204.9721879235117,5.549022487878668,0.0001613837996327,0.00148,6.65847e-07,0.0154111111111111,0.01157,6.76e-06,0.0805555555555555,0.023,9e-06,0.0031111111111111,0.03605,0.0990777777777777,1.0,1060851.260072623,1.9e-06,0.12776,3.347985567400619,0.0445587889366305,0.4644108807025986,0.3102189780491379,753.9087367869022,76.91727550307785
117,0.01,0.0115,600000.0,0.000127,1.0,25.0,275.0,0.0010488447447714,2140.643082099129,242.0128264794384,121.9517209723492,0.0,0.0009943082418736,0.3491836969892945,0.0651710170611198,76.2,4.378488979085865e-09,6.87048279529494e-10,1349.8131531371205,6.394589558699194,0.0001031202036658,0.00148,6.65847e-07,0.0154111111111111,0.01157,6.76e-06,0.0805555555555555,0.023,9e-06,0.0031111111111111,0.03605,0.0990777777777777,1.0,526028.0135951575,1.9e-06,0.12776,3.467933902062013,0.0293754554351882,0.1202026799281746,0.2286859948981271,218.1978746677582,3.54510190477866
118,0.01,0.0115,600000.0,0.000127,1.0,25.0,300.0,0.0013151043476427,2140.643082099129,265.6087782946687,135.8653749716762,0.0,0.0011077503543407,0.6112672470042291,0.0817153237451317,76.2,5.443527390571116e-09,8.851824341505501e-10,1190.0573914143324,5.4619513973377325,0.0001378952759019,0.00148,6.65847e-07,0.0154111111111111,0.01157,6.76e-06,0.0805555555555555,0.023,9e-06,0.0031111111111111,0.03605,0.0990777777777777,1.0,773254.6504532153,1.9e-06,0.12776,3.394345876534273,0.0386903953754084,0.3657419232590972,0.2808369632105678,619.0236625286416,31.199691387709763
119,0.01,0.0115,600000.0,0.000127,1.0,25.0,325.0,0.0016348289744491,2140.643082099129,291.5053062825179,144.45669386130697,0.0,0.0011777979035874,0.8167564359897096,0.1015817331563748,76.2,6.722425897796757e-09,1.1231019982176454e-09,998.2226153304862,4.342039158037846,0.0001842374232882,0.00148,6.65847e-07,0.0154111111111111,0.01157,6.76e-06,0.0805555555555555,0.023,9e-06,0.0031111111111111,0.03605,0.0990777777777777,1.0,1319465.9401759803,1.9e-06,0.12776,3.3047333823163667,0.0500337490738776,0.5513647028333346,0.3355458168143773,862.2022434821474,134.85100858690885
120,0.01,0.0115,600000.0,0.000127,1.0,30.0,275.0,0.0015232850868652,2568.7716985189554,242.0128264794384,124.81969560545052,0.0,0.0008480764020049,0.3222024180688699,0.0946508421574567,76.2,6.276250347460844e-09,1.0400978412547915e-09,1065.148947880873,4.732748394833751,0.0001447040652051,0.00148,6.65847e-07,0.0154111111111111,0.01157,6.76e-06,0.0805555555555555,0.023,9e-06,0.0031111111111111,0.03605,0.0990777777777777,1.0,688476.4081813605,1.9e-06,0.12776,3.3683872565385,0.0419762966406962,0.063741575911413,0.2975901037510094,105.37038498156883,1.7118304151558537
121,0.01,0.0115,600000.0,0.000127,1.0,30.0,300.0,0.0019091413787264,2568.7716985189554,265.6087782946687,137.19478958713998,0.0,0.0009321578855205,0.6320722506955827,0.1186264087085464,76.2,7.819675514905785e-09,1.3272285564241187e-09,833.6351727641321,3.3811941270797274,0.0001950182618521,0.00148,6.65847e-07,0.0154111111111111,0.01157,6.76e-06,0.0805555555555555,0.023,9e-06,0.0031111111111111,0.03605,0.0990777777777777,1.0,1186598.4666214758,1.9e-06,0.12776,3.270891027532188,0.0543175914516217,0.3496358419870362,0.3541018984112291,531.477769158519,16.11214453400267
122,0.01,0.0115,600000.0,0.000127,1.0,35.0,275.0,0.0020941186293729,2996.9003149387813,242.0128264794384,127.13547183438344,0.0,0.0007404092049794,0.3645150668572288,0.1301201551547159,76.2,8.528211641034053e-09,1.4215558866762687e-09,766.5708494169435,3.027097429833439,0.0001933015592039,0.00148,6.65847e-07,0.0154111111111111,0.01157,6.76e-06,0.0805555555555555,0.023,9e-06,0.0031111111111111,0.03605,0.0990777777777777,1.0,1217704.418375956,1.9e-06,0.12776,3.2792683890683034,0.0532571659407211,0.0705849117025128,0.3496057085834195,108.04228114810373,1.7552376127829237
123,0.01,0.012,400000.0,0.000127,1.0,20.0,275.0,0.001818879477364,2568.7716985189545,242.0128264794384,116.96812437248498,0.0,0.0007947295944435,0.335412915642147,0.1130178952054942,50.8,7.458627909456302e-09,1.2600611554062259e-09,887.7923135815546,3.6973580994577575,0.0001137279474749,0.00148,6.65847e-07,0.0154111111111111,0.01157,6.76e-06,0.0805555555555555,0.023,9e-06,0.0031111111111111,0.03605,0.0990777777777777,1.0,411742.3990337089,1.9e-06,0.12776,3.5762955906386837,0.0156587859951033,0.0585850204366526,0.136475988823403,119.06007516308986,1.9342309318168924
124,0.01,0.012,400000.0,0.000127,1.0,20.0,300.0,0.0022737009662681,2568.7716985189545,265.6087782946687,131.83667397138507,0.0,0.0008957526420139,0.6124873594027542,0.1412786832400371,50.8,9.186680209649851e-09,1.472530931611766e-09,742.6265378309145,2.9587082856892124,0.0001504326351214,0.00148,6.65847e-07,0.0154111111111111,0.01157,6.76e-06,0.0805555555555555,0.023,9e-06,0.0031111111111111,0.03605,0.0990777777777777,1.0,950390.4921321864,1.9e-06,0.12776,3.48448920954092,0.0272798468935544,0.307398676162717,0.2158939515087583,567.2597188196742,21.102858418164463
125,0.01,0.012,400000.0,0.000127,1.0,20.0,325.0,0.002820360006075,2568.7716985189545,291.5053062825179,138.91130560180872,0.0,0.0009438206020384,0.7946384109271074,0.1752458893374791,50.8,1.1191096688941844e-08,1.627701922257756e-09,669.7386658566603,2.750527767953147,0.0001965554989647,0.00148,6.65847e-07,0.0154111111111111,0.01157,6.76e-06,0.0805555555555555,0.023,9e-06,0.0031111111111111,0.03605,0.0990777777777777,1.0,815641.0978202815,1.9e-06,0.12776,3.4617474166182247,0.0301585548584526,0.4555825215896282,0.2333597235642844,821.9848901050586,111.2608863280111
126,0.01,0.012,400000.0,0.000127,1.0,20.0,350.0,0.0034937929321915,2568.7716985189545,319.92671377973846,124.48033233120836,0.0,0.000845770628199,0.7485273856565425,0.2170903176346534,50.8,1.3660350751368977e-08,1.8188581031123422e-09,579.9476090411281,2.4940687962530443,0.00025848285255,0.00148,6.65847e-07,0.0154111111111111,0.01157,6.76e-06,0.0805555555555555,0.023,9e-06,0.0031111111111111,0.03605,0.0990777777777777,1.0,1194247.8669937712,1.9e-06,0.12776,3.352121158066104,0.0440352964473286,0.3676270680218889,0.3076958320248533,598.9762125693536,26.850339148705075
127,0.01,0.012,400000.0,0.000127,1.0,25.0,275.0,0.0028633569159044,3210.964623148693,242.0128264794384,120.62226976064608,0.0,0.0006556458901399,0.3862042822142704,0.1779175453266386,50.8,1.1348752024982969e-08,1.639906738435863e-09,664.005744546074,2.734153541428883,0.0001662602065758,0.00148,6.65847e-07,0.0154111111111111,0.01157,6.76e-06,0.0805555555555555,0.023,9e-06,0.0031111111111111,0.03605,0.0990777777777777,1.0,906811.0016116726,1.9e-06,0.12776,3.477604465170744,0.0281513335226906,0.0444767368876316,0.2212648758994122,81.51317866769655,1.3242500585268113
128,0.01,0.012,400000.0,0.000127,1.0,25.0,300.0,0.0035780559158059,3210.964623148693,265.6087782946687,133.16370124262642,0.0,0.0007238152093207,0.5990503151234278,0.2223260823845191,50.8,1.3969315024621854e-08,1.842776431887908e-09,568.7125445592053,2.4619794859563884,0.0002200294888172,0.00148,6.65847e-07,0.0154111111111111,0.01157,6.76e-06,0.0805555555555555,0.023,9e-06,0.0031111111111111,0.03605,0.0990777777777777,1.0,731553.0866808258,1.9e-06,0.12776,3.445098635425946,0.032265995515703,0.2129142327389086,0.245660640825404,377.9867800975488,6.5335775778258265
129,0.01,0.012,400000.0,0.000127,1.0,25.0,325.0,0.0044368791005907,3210.964623148693,291.5053062825179,140.83470417272434,0.0,0.000765511171056,0.8339603967724983,0.2756899197943059,50.8,1.7118333368832697e-08,2.0865562556330155e-09,454.202786587902,2.134919577982701,0.0002912212469707,0.00148,6.65847e-07,0.0154111111111111,0.01157,6.76e-06,0.0805555555555555,0.023,9e-06,0.0031111111111111,0.03605,0.0990777777777777,1.0,1059807.9399094451,1.9e-06,0.12776,3.3263408145162803,0.0472986310738885,0.3944604769781924,0.3231301508552492,628.367642518653,33.42837449204966
130,0.01,0.012,400000.0,0.000127,1.0,25.0,350.0,0.0054946636603809,3210.964623148693,319.92671377973846,133.46135839832908,0.0,0.0007254331335332,0.9925286825465448,0.3414164212014325,50.8,2.1161764641523923e-08,2.293070527029624e-09,370.4218341958608,1.8981240638059496,0.0003882172451832,0.00148,6.65847e-07,0.0154111111111111,0.01157,6.76e-06,0.0805555555555555,0.023,9e-06,0.0031111111111111,0.03605,0.0990777777777777,1.0,1502746.671726517,1.9e-06,0.12776,3.074598816614773,0.0791647067576236,0.4873022613451121,0.4441405031127721,637.4829963856104,35.7299204225355
131,0.01,0.012,400000.0,0.000127,1.0,30.0,300.0,0.0051969520713657,3853.1575477784313,265.6087782946687,134.43828447059585,0.0,0.0006089527032439,0.6731073312956225,0.3229178139063794,50.8,1.9970918285462823e-08,2.264982034029212e-09,375.6567947771055,1.9115728871281257,0.0003067574214967,0.00148,6.65847e-07,0.0154111111111111,0.01157,6.76e-06,0.0805555555555555,0.023,9e-06,0.0031111111111111,0.03605,0.0990777777777777,1.0,974313.3035678546,1.9e-06,0.12776,3.308018633187962,0.0496178945331692,0.1863795173892428,0.3336875496242429,292.2679946528165,4.7693518090619795
132,0.01,0.012,400000.0,0.000127,1.0,30.0,325.0,0.0064418339383553,3853.1575477784313,291.5053062825179,142.4562499023225,0.0,0.0006452709420804,0.8824897147597822,0.4002697935936499,50.8,2.4950445753421534e-08,2.382434148415953e-09,353.766792027959,1.855336593668734,0.0004116443816878,0.00148,6.65847e-07,0.0154111111111111,0.01157,6.76e-06,0.0805555555555555,0.023,9e-06,0.0031111111111111,0.03605,0.0990777777777777,1.0,1817728.5521858667,1.9e-06,0.12776,3.148389948297142,0.0698240571775769,0.3184099211661323,0.413400228576755,439.5756522599108,8.766096876526548
133,0.01,0.012,400000.0,0.000127,1.0,30.0,350.0,0.0079747557213219,3853.1575477784313,319.92671377973846,139.66077362647653,0.0,0.0006326085309098,1.1174238860220034,0.4955194215000625,50.8,3.108213288528792e-08,2.527062252795286e-09,326.8118953962743,1.786088385045001,0.0005533427952959,0.00148,6.65847e-07,0.0154111111111111,0.01157,6.76e-06,0.0805555555555555,0.023,9e-06,0.0031111111111111,0.03605,0.0990777777777777,1.0,1872878.3121581776,1.9e-06,0.12776,3.525916809196829,0.0220358469371102,0.4580944645219407,0.1819435838782348,881.9489503552593,147.2539499277594
134,0.01,0.012,400000.0,0.000127,1.0,35.0,325.0,0.0088525084401435,4495.35047240817,291.5053062825179,144.02273728384148,0.0,0.0005591712990491,1.0093509834519434,0.5500594644367568,50.8,3.4593143760574025e-08,2.609876466310659e-09,311.3774915885166,1.7464367837249577,0.0005578737603951,0.00148,6.65847e-07,0.0154111111111111,0.01157,6.76e-06,0.0805555555555555,0.023,9e-06,0.0031111111111111,0.03605,0.0990777777777777,1.0,1856191.747603487,1.9e-06,0.12776,3.524444450409846,0.0222222214671081,0.2954815190151866,0.183200507876714,568.0033937495507,21.22264141284732
135,0.01,0.012,400000.0,0.000127,1.0,35.0,350.0,0.0109545161716585,4495.35047240817,319.92671377973846,144.31488922913024,0.0,0.000560305585106,1.185277573208719,0.6806698168421761,50.8,4.39556908582928e-08,3.1475338724014603e-09,205.67535101939325,1.536503486488193,0.0007729069949518,0.00148,6.65847e-07,0.0154111111111111,0.01157,6.76e-06,0.0805555555555555,0.023,9e-06,0.0031111111111111,0.03605,0.0990777777777777,1.0,1921078.1698584345,1.9e-06,0.12776,3.473028277559618,0.0287305977772635,0.3407977563665428,0.224794327073585,621.7543289188229,31.837488590082746
136,0.01,0.012,450000.0,0.000127,1.0,20.0,275.0,0.0014371393401395,2283.3526209057377,242.0128264794384,116.96812437248498,0.0,0.000894070793749,0.3567362119389732,0.089298090038909,57.15,5.931667360558066e-09,9.75993431432079e-10,1116.8363959162898,5.034494547719709,0.0001028664883561,0.00148,6.65847e-07,0.0154111111111111,0.01157,6.76e-06,0.0805555555555555,0.023,9e-06,0.0031111111111111,0.03605,0.0990777777777777,1.0,275446.74342596007,1.9e-06,0.12776,3.542608019083145,0.0199230355590956,0.1036281219000641,0.1674193226116574,203.05285648094272,3.2988489083060966
137,0.01,0.012,450000.0,0.000127,1.0,20.0,300.0,0.0017965044671748,2283.3526209057377,265.6087782946687,131.8366739713851,0.0,0.0010077217222656,0.5944009758252078,0.1116276015723751,57.15,7.369127868699311e-09,1.243411037699009e-09,901.2173196951034,3.775731942648045,0.0001381485084575,0.00148,6.65847e-07,0.0154111111111111,0.01157,6.76e-06,0.0805555555555555,0.023,9e-06,0.0031111111111111,0.03605,0.0990777777777777,1.0,708519.111636566,1.9e-06,0.12776,3.4395268547607123,0.0329712842075048,0.3189633742528327,0.2496896510418197,563.2314565621372,20.46595036135588
138,0.01,0.012,450000.0,0.000127,1.0,20.0,325.0,0.0022284325973926,2283.3526209057377,291.5053062825179,138.91130560180883,0.0,0.0010617981772933,0.7840790268786828,0.1384658878715884,57.15,9.020696190439646e-09,1.459681354211889e-09,748.6623203476493,2.975947536818947,0.00018211683937,0.00148,6.65847e-07,0.0154111111111111,0.01157,6.76e-06,0.0805555555555555,0.023,9e-06,0.0031111111111111,0.03605,0.0990777777777777,1.0,995696.865052225,1.9e-06,0.12776,3.311488764907338,0.0491786373535015,0.4818031390070942,0.3317133852855841,757.7702245511759,78.66688482785034
139,0.01,0.012,450000.0,0.000127,1.0,20.0,350.0,0.002760527748892,2283.3526209057377,319.92671377973846,124.48033233120812,0.0,0.0009514919567239,0.7450214292151219,0.1715281522051581,57.15,1.0971711745937622e-08,1.610718336615512e-09,677.7163001477229,2.7733132875744224,0.0002377516121983,0.00148,6.65847e-07,0.0154111111111111,0.01157,6.76e-06,0.0805555555555555,0.023,9e-06,0.0031111111111111,0.03605,0.0990777777777777,1.0,1015684.6034197652,1.9e-06,0.12776,3.130986392560888,0.0720270389163433,0.4096832770099637,0.4209527253993319,558.2997162541499,19.71321427757159
140,0.01,0.012,450000.0,0.000127,1.0,25.0,275.0,0.0022624054644183,2854.1907761321727,242.0128264794384,120.62226976064608,0.0,0.0007376016264073,0.3880927548177182,0.1405768259370972,57.15,9.145263369533872e-09,1.469324665760024e-09,744.1326047442228,2.963009876355331,0.0001541791902946,0.00148,6.65847e-07,0.0154111111111111,0.01157,6.76e-06,0.0805555555555555,0.023,9e-06,0.0031111111111111,0.03605,0.0990777777777777,1.0,646857.5455572086,1.9e-06,0.12776,3.4253616065835866,0.0347643535970143,0.0837059288806209,0.2597414822965223,145.82929690560042,2.3691195049597873
141,0.01,0.012,450000.0,0.000127,1.0,25.0,300.0,0.0028271059087849,2854.1907761321727,265.6087782946687,133.16370124262642,0.0,0.0008142921104858,0.6032531732802074,0.1756650527482621,57.15,1.1215831665544844e-08,1.629616769228306e-09,668.8392121620057,2.7479587707968167,0.0002024578823077,0.00148,6.65847e-07,0.0154111111111111,0.01157,6.76e-06,0.0805555555555555,0.023,9e-06,0.0031111111111111,0.03605,0.0990777777777777,1.0,894956.5625453185,1.9e-06,0.12776,3.288233628062567,0.0521223255617004,0.2637781205319451,0.3447241398021675,406.78795715248776,7.411767283851957
142,0.01,0.012,450000.0,0.000127,1.0,25.0,325.0,0.0035056822523186,2854.1907761321727,291.5053062825179,140.83470417272434,0.0,0.0008612000674381,0.8814101150377364,0.217829072430069,57.15,1.3703944925168228e-08,1.822232926261477e-09,578.362366357519,2.4895410657311867,0.0002662820845991,0.00148,6.65847e-07,0.0154111111111111,0.01157,6.76e-06,0.0805555555555555,0.023,9e-06,0.0031111111111111,0.03605,0.0990777777777777,1.0,1191718.288835506,1.9e-06,0.12776,3.1817963708806403,0.0655953960910582,0.4997710426076673,0.3983368665943472,707.6681318346996,57.882801714710524
143,0.01,0.012,450000.0,0.000127,1.0,25.0,350.0,0.0043414626452392,2854.1907761321727,319.92671377973846,133.46135839832897,0.0,0.0008161122752248,0.967180423934521,0.2697611229245888,57.15,1.6768473032544075e-08,2.0594719767266576e-09,466.9249806347608,2.171256390564488,0.0003520911014203,0.00148,6.65847e-07,0.0154111111111111,0.01157,6.76e-06,0.0805555555555555,0.023,9e-06,0.0031111111111111,0.03605,0.0990777777777777,1.0,1478741.1432890005,1.9e-06,0.12776,3.1079890435878985,0.0749380957483673,0.5336093010099321,0.4306394251850147,715.0162807862346,60.66998552434799
144,0.01,0.012,450000.0,0.000127,1.0,30.0,300.0,0.0041062337354,3425.0289313586068,265.6087782946687,134.43828447059576,0.0,0.0006850717911494,0.6091072863521318,0.2551449393828183,57.15,1.5905967029800233e-08,1.9927014665724263e-09,498.2888352799915,2.260837048105829,0.0002792315470843,0.00148,6.65847e-07,0.0154111111111111,0.01157,6.76e-06,0.0805555555555555,0.023,9e-06,0.0031111111111111,0.03605,0.0990777777777777,1.0,1025654.1278925408,1.9e-06,0.12776,3.141199776269765,0.0707342055354727,0.1901523469693134,0.4165442517975312,261.1047433630605,4.246532571500758
145,0.01,0.012,450000.0,0.000127,1.0,30.0,325.0,0.0050898440994412,3425.0289313586068,291.5053062825179,142.45624990232236,0.0,0.0007259298098405,0.8395673521312279,0.3162625529628839,57.15,1.9542486397765163e-08,2.254876611094087e-09,377.5401813554244,1.9164113826518392,0.0003708375056433,0.00148,6.65847e-07,0.0154111111111111,0.01157,6.76e-06,0.0805555555555555,0.023,9e-06,0.0031111111111111,0.03605,0.0990777777777777,1.0,1026880.0218906568,1.9e-06,0.12776,3.482693380662752,0.0275071670047149,0.3594947991683439,0.2173020421344711,662.204245960263,42.62369106766539
146,0.01,0.012,450000.0,0.000127,1.0,30.0,350.0,0.0063010415575877,3425.0289313586068,319.92671377973846,139.66077362647655,0.0,0.0007116845972736,1.1639869569238188,0.3915215182222717,57.15,2.438727623035096e-08,2.369150668875288e-09,356.2424852513772,1.8616967486775315,0.000497144741696,0.00148,6.65847e-07,0.0154111111111111,0.01157,6.76e-06,0.0805555555555555,0.023,9e-06,0.0031111111111111,0.03605,0.0990777777777777,1.0,2139612.100435056,1.9e-06,0.12776,3.4785591582872777,0.0280304862927496,0.608655438701547,0.2205244993134094,1116.5524407376806,324.9510022938544
147,0.01,0.012,450000.0,0.000127,1.0,35.0,300.0,0.005645439484707,3995.867086585041,265.6087782946687,135.77751581331677,0.0,0.0005930539354216,0.6685808513451238,0.3507850278217599,57.15,2.1764867938828373e-08,2.307295924503145e-09,367.7705921009105,1.8913129167178413,0.0003729863855634,0.00148,6.65847e-07,0.0154111111111111,0.01157,6.76e-06,0.0805555555555555,0.023,9e-06,0.0031111111111111,0.03605,0.0990777777777777,1.0,1011596.3315933404,1.9e-06,0.12776,3.4799291890677964,0.0278570646749624,0.1539858235233636,0.2194595600127215,282.86635710786106,4.60929829565568
148,0.01,0.012,450000.0,0.000127,1.0,35.0,325.0,0.0069945745699899,3995.867086585041,291.5053062825179,144.02273728384145,0.0,0.0006290677114303,1.0007656245129424,0.4346148854808942,57.15,2.7161408279959724e-08,2.43458412152941e-09,344.04740076129707,1.830367088375275,0.0005008199815541,0.00148,6.65847e-07,0.0154111111111111,0.01157,6.76e-06,0.0805555555555555,0.023,9e-06,0.0031111111111111,0.03605,0.0990777777777777,1.0,2125247.0551408627,1.9e-06,0.12776,3.4771587986838424,0.0282077470020452,0.4023407390320481,0.2216100145781596,737.0490616632442,69.56603228924016
149,0.01,0.012,500000.0,0.000127,1.0,20.0,275.0,0.001164082865513,2055.017358815164,242.0128264794384,116.96812437248497,0.0,0.0009934119930544,0.3245582216011978,0.0723314529315163,63.5,4.8394414620520385e-09,7.72801459459985e-10,1280.6702806921942,5.990940383652961,9.435137563873392e-05,0.00148,6.65847e-07,0.0154111111111111,0.01157,6.76e-06,0.0805555555555555,0.023,9e-06,0.0031111111111111,0.03605,0.0990777777777777,1.0,603013.281891562,1.9e-06,0.12776,3.4139117882900107,0.0362136976848087,0.0884167686696814,0.2676716885597373,152.38619023030722,2.4756418951588475
150,0.01,0.012,500000.0,0.000127,1.0,20.0,300.0,0.0014551686184116,2055.017358815164,265.6087782946687,131.8366739713851,0.0,0.0011196908025174,0.6158629462826903,0.0904183572736238,63.5,6.003784473646443e-09,9.894097205361975e-10,1106.0188289530336,4.971342673544915,0.0001261452156636,0.00148,6.65847e-07,0.0154111111111111,0.01157,6.76e-06,0.0805555555555555,0.023,9e-06,0.0031111111111111,0.03605,0.0990777777777777,1.0,1010655.1789911304,1.9e-06,0.12776,3.1281535375610554,0.0723856281568284,0.3616345890090665,0.4221637133723761,491.790258569286,12.128816197532613
151,0.01,0.012,500000.0,0.000127,1.0,20.0,325.0,0.001805030403888,2055.017358815164,291.5053062825179,138.9113056018089,0.0,0.0011797757525481,0.7806122798120058,0.1121573691759867,63.5,7.403231615552129e-09,1.2497555197188363e-09,896.1017576671807,3.7458678030852335,0.0001684990323438,0.00148,6.65847e-07,0.0154111111111111,0.01157,6.76e-06,0.0805555555555555,0.023,9e-06,0.0031111111111111,0.03605,0.0990777777777777,1.0,1023414.7521704392,1.9e-06,0.12776,3.1383234149254897,0.0710983019081658,0.5046449106360189,0.4177925713142313,691.4627495991964,52.05330264506908
152,0.01,0.012,500000.0,0.000127,1.0,20.0,350.0,0.0022360274766025,2055.017358815164,319.92671377973846,124.48033233120826,0.0,0.0010572132852488,0.7336148560418316,0.1389378032861782,63.5,9.048544080876147e-09,1.4618371859918991e-09,747.649669786322,2.973055229601948,0.0002220059643704,0.00148,6.65847e-07,0.0154111111111111,0.01157,6.76e-06,0.0805555555555555,0.023,9e-06,0.0031111111111111,0.03605,0.0990777777777777,1.0,959593.5407623976,1.9e-06,0.12776,3.1396327525675547,0.0709325629661323,0.4308670527556533,0.4172249914667217,590.9481181371409,25.268274459691515
153,0.01,0.012,500000.0,0.000127,1.0,25.0,275.0,0.0018325484261788,2568.7716985189554,242.0128264794384,120.622269760646,0.0,0.0008195573626748,0.3825211175366801,0.1138672290090488,63.5,7.513303704715388e-09,1.2702327533083011e-09,879.5909442926918,3.649479325686306,0.0001431569527112,0.00148,6.65847e-07,0.0154111111111111,0.01157,6.76e-06,0.0805555555555555,0.023,9e-06,0.0031111111111111,0.03605,0.0990777777777777,1.0,888737.6224116057,1.9e-06,0.12776,3.2901641177272576,0.0518779597813598,0.1048438885276311,0.3436633851763098,161.9477435697153,2.630978056179446
154,0.01,0.012,500000.0,0.000127,1.0,25.0,300.0,0.0022899557861158,2568.7716985189554,265.6087782946687,133.16370124262642,0.0,0.0009047690116509,0.6246010856022454,0.1422886927260923,63.5,9.24628121575799e-09,1.4771449164082611e-09,740.4592285178913,2.952518071012088,0.0001891250223506,0.00148,6.65847e-07,0.0154111111111111,0.01157,6.76e-06,0.0805555555555555,0.023,9e-06,0.0031111111111111,0.03605,0.0990777777777777,1.0,860230.8362822669,1.9e-06,0.12776,3.295175184014385,0.0512436475931158,0.318502392876153,0.3408938377658442,494.0526351939437,12.318149149910147
155,0.01,0.012,500000.0,0.000127,1.0,25.0,325.0,0.002839602624378,2568.7716985189554,291.5053062825179,140.83470417272432,0.0,0.0009568889638201,0.8689308741251561,0.1764415486683558,63.5,1.1261652956052932e-08,1.6331640036051302e-09,667.172983416257,2.743199729908928,0.0002471032976698,0.00148,6.65847e-07,0.0154111111111111,0.01157,6.76e-06,0.0805555555555555,0.023,9e-06,0.0031111111111111,0.03605,0.0990777777777777,1.0,1098023.779830429,1.9e-06,0.12776,3.4842058366330155,0.0273157168818967,0.5286793254568002,0.2161164777937879,975.3242245823394,212.21796554056962
156,0.01,0.012,500000.0,0.000127,1.0,25.0,350.0,0.0035165847426438,2568.7716985189554,319.92671377973846,133.46135839832894,0.0,0.0009067914169165,0.988591601915915,0.2185065095689169,63.5,1.3743920723027372e-08,1.8253276344819263e-09,576.9087009808228,2.4853891430239017,0.000324935187823,0.00148,6.65847e-07,0.0154111111111111,0.01157,6.76e-06,0.0805555555555555,0.023,9e-06,0.0031111111111111,0.03605,0.0990777777777777,1.0,1413223.5900814775,1.9e-06,0.12776,3.4442397384370658,0.0323747166535359,0.606275092346998,0.2462845364296404,1075.4303794468003,290.8024465840431
157,0.01,0.012,500000.0,0.000127,1.0,30.0,275.0,0.0026628530892271,3082.526038222746,242.0128264794384,123.24002809294775,0.0,0.0006977862421277,0.3912324242140501,0.1654590395522191,63.5,1.0613571327166273e-08,1.582993058887428e-09,690.7395881030448,2.810510077050214,0.0001956423965029,0.00148,6.65847e-07,0.0154111111111111,0.01157,6.76e-06,0.0805555555555555,0.023,9e-06,0.0031111111111111,0.03605,0.0990777777777777,1.0,802156.7167736833,1.9e-06,0.12776,3.27982288810393,0.0531869761893759,0.0619633846618309,0.3493058951833945,94.88928039525052,1.5415560670165425
158,0.01,0.012,500000.0,0.000127,1.0,30.0,300.0,0.003326049325674,3082.526038222746,265.6087782946687,134.4382844705958,0.0,0.0007611908790549,0.641523158817443,0.2066674009000829,63.5,1.3045290860804861e-08,1.7712435212569987e-09,602.3134232434596,2.5579494756323884,0.0002582305021185,0.00148,6.65847e-07,0.0154111111111111,0.01157,6.76e-06,0.0805555555555555,0.023,9e-06,0.0031111111111111,0.03605,0.0990777777777777,1.0,1047120.6432794027,1.9e-06,0.12776,3.4754705042829848,0.0284214551540525,0.2710457579173599,0.2229147148614501,495.6971802169351,12.458409298773232
159,0.01,0.012,500000.0,0.000127,1.0,30.0,325.0,0.0041227737205474,3082.526038222746,291.5053062825179,142.45624990232236,0.0,0.0008065886776005,0.9944542326984864,0.2561726678999361,63.5,1.5966613642007305e-08,1.9973963964897944e-09,496.0835039270072,2.25453823582872,0.0003410389698013,0.00148,6.65847e-07,0.0154111111111111,0.01157,6.76e-06,0.0805555555555555,0.023,9e-06,0.0031111111111111,0.03605,0.0990777777777777,1.0,1324837.056287366,1.9e-06,0.12776,3.429635324584705,0.0342233766348474,0.5744715647985504,0.2567372862271783,1004.88423313303,234.62104339333553
160,0.01,0.012,500000.0,0.000127,1.0,35.0,300.0,0.0045728059826127,3596.2803779265373,265.6087782946687,135.7775158133168,0.0,0.0006589488171351,0.6499111480805049,0.2841358725356257,63.5,1.761673193624674e-08,2.12513955418457e-09,436.0792023183004,2.083155449681472,0.0003413643825931,0.00148,6.65847e-07,0.0154111111111111,0.01157,6.76e-06,0.0805555555555555,0.023,9e-06,0.0031111111111111,0.03605,0.0990777777777777,1.0,1322820.1871503158,1.9e-06,0.12776,3.42928369645171,0.0342678865251,0.2019652755448791,0.2569853823463271,353.16626538417154,5.931522395224613
161,0.01,0.012,550000.0,0.000127,1.0,20.0,300.0,0.0012026186929021,1868.197598922876,265.6087782946687,131.83667397138515,0.0,0.0012316598827691,0.6247921838978925,0.0747259151021684,69.85,4.9935847716086285e-09,8.014774715175184e-10,1257.5487842587056,5.855959399623898,0.0001164791435402,0.00148,6.65847e-07,0.0154111111111111,0.01157,6.76e-06,0.0805555555555555,0.023,9e-06,0.0031111111111111,0.03605,0.0990777777777777,1.0,815225.0816234066,1.9e-06,0.12776,3.281113090500655,0.0530236594302968,0.386256268795724,0.3486072216251355,592.1389495993267,25.497338379996545
162,0.01,0.012,550000.0,0.000127,1.0,20.0,325.0,0.0014917606643702,1868.197598922876,291.5053062825179,138.91130560180886,0.0,0.0012977533278029,0.7986843094845163,0.0926920406413113,69.85,6.1501526574810946e-09,1.0166392890238312e-09,1084.0636013778358,4.843170250483668,0.0001550337331776,0.00148,6.65847e-07,0.0154111111111111,0.01157,6.76e-06,0.0805555555555555,0.023,9e-06,0.0031111111111111,0.03605,0.0990777777777777,1.0,1080391.228114106,1.9e-06,0.12776,3.471859737663928,0.0288785142197559,0.542182268843205,0.2256904585849721,988.0184852121686,221.7451068947995
163,0.01,0.012,550000.0,0.000127,1.0,20.0,350.0,0.0018479565922335,1868.197598922876,319.92671377973846,124.4803323312084,0.0,0.0011629346137737,0.7532995296183871,0.1148246308150233,69.85,7.574936368934165e-09,1.281698570588075e-09,870.3460446598752,3.595508526119886,0.0002072131354115,0.00148,6.65847e-07,0.0154111111111111,0.01157,6.76e-06,0.0805555555555555,0.023,9e-06,0.0031111111111111,0.03605,0.0990777777777777,1.0,785842.0870645535,1.9e-06,0.12776,3.407208876137547,0.0370621675775256,0.4746648988033637,0.2722358047140344,812.9857828168851,106.30600641902953
164,0.01,0.012,550000.0,0.000127,1.0,25.0,275.0,0.0015145028315527,2335.246998653596,242.0128264794384,120.622269760646,0.0,0.0009015130989423,0.3694208542768058,0.0941051479413626,69.85,6.241121326211062e-09,1.033562622568843e-09,1070.4183010683407,4.763510351806866,0.0001319400173947,0.00148,6.65847e-07,0.0154111111111111,0.01157,6.76e-06,0.0805555555555555,0.023,9e-06,0.0031111111111111,0.03605,0.0990777777777777,1.0,647751.2511791483,1.9e-06,0.12776,3.505270384339361,0.0246493184380555,0.1115057063354431,0.1992232840820619,210.1423953667435,3.4140947483001605
165,0.01,0.012,550000.0,0.000127,1.0,25.0,300.0,0.0018925254430709,2335.246998653596,265.6087782946687,133.1637012426264,0.0,0.000995245912816,0.6291505401441196,0.1175939609306547,69.85,7.753211772283684e-09,1.3148639906813521e-09,843.6047341574474,3.439395429537762,0.0001773039711049,0.00148,6.65847e-07,0.0154111111111111,0.01157,6.76e-06,0.0805555555555555,0.023,9e-06,0.0031111111111111,0.03605,0.0990777777777777,1.0,988108.2579395404,1.9e-06,0.12776,3.4546970397534733,0.0310510076261426,0.3477465792134647,0.2386175167143855,623.1188597232398,32.16036234441635
166,0.01,0.012,550000.0,0.000127,1.0,25.0,325.0,0.0023467790284116,2335.246998653596,291.5053062825179,140.8347041727244,0.0,0.0010525778602021,0.8615890678671428,0.145819461709385,69.85,9.454633104175971e-09,1.4932743831447354e-09,732.8827962117828,2.930878454470189,0.0002321196853374,0.00148,6.65847e-07,0.0154111111111111,0.01157,6.76e-06,0.0805555555555555,0.023,9e-06,0.0031111111111111,0.03605,0.0990777777777777,1.0,1253622.5522279777,1.9e-06,0.12776,3.4032955882131195,0.0375575204793519,0.5519596061577579,0.2748742159487489,941.9455369128896,187.90126505080738
167,0.01,0.012,550000.0,0.000127,1.0,25.0,350.0,0.0029062683823502,2335.246998653596,319.92671377973846,133.46135839832894,0.0,0.0009974705586081,0.9822494911934576,0.1805838922057164,69.85,1.1506094068617662e-08,1.652087301224732e-09,658.2842156866305,2.717811853738762,0.0003034714862828,0.00148,6.65847e-07,0.0154111111111111,0.01157,6.76e-06,0.0805555555555555,0.023,9e-06,0.0031111111111111,0.03605,0.0990777777777777,1.0,1282347.6640430405,1.9e-06,0.12776,3.31183386570262,0.0491349537085291,0.637855598987741,0.3315164170837015,1003.5020560046308,233.55685412943714
168,0.01,0.012,550000.0,0.000127,1.0,30.0,275.0,0.0022007050324191,2802.296398384314,242.0128264794384,123.2400280929478,0.0,0.0007675648663404,0.3958509668208529,0.1367430078943959,69.85,8.91902845220353e-09,1.451810792468949e-09,752.3593290107808,2.9865068405373667,0.0001843172299353,0.00148,6.65847e-07,0.0154111111111111,0.01157,6.76e-06,0.0805555555555555,0.023,9e-06,0.0031111111111111,0.03605,0.0990777777777777,1.0,954106.9433242704,1.9e-06,0.12776,3.447746777362568,0.0319307876756242,0.0952979589264567,0.2437305344510596,169.61541282396468,2.7555473855331387
169,0.01,0.012,550000.0,0.000127,1.0,30.0,300.0,0.0027488010955983,2802.296398384314,265.6087782946687,134.4382844705958,0.0,0.0008373099669604,0.6653717603403174,0.1707995048761015,69.85,1.0928714017194092e-08,1.6073896869892547e-09,679.2798539202148,2.7777790707705696,0.0002417034006823,0.00148,6.65847e-07,0.0154111111111111,0.01157,6.76e-06,0.0805555555555555,0.023,9e-06,0.0031111111111111,0.03605,0.0990777777777777,1.0,1194273.6880811665,1.9e-06,0.12776,3.391289825612485,0.0390772372642423,0.3307622554642159,0.2828506605594951,558.2525248934736,19.706153194319082
170,0.01,0.012,550000.0,0.000127,1.0,35.0,275.0,0.0030271709265203,3269.345798115033,242.0128264794384,125.41191294803748,0.0,0.000669507276786,0.4180924484644158,0.1880962926902658,69.85,1.1949403397241124e-08,1.6864058913958775e-09,642.1638764639591,2.6717693438594488,0.0002395564633178,0.00148,6.65847e-07,0.0154111111111111,0.01157,6.76e-06,0.0805555555555555,0.023,9e-06,0.0031111111111111,0.03605,0.0990777777777777,1.0,1208600.4971962397,1.9e-06,0.12776,3.3942698856822924,0.0387000144705959,0.0661861557741499,0.2808871723015488,112.01323538073028,1.819749099928219
171,0.01,0.012,600000.0,0.000127,1.0,20.0,300.0,0.0010105337627858,1712.5144656793036,265.6087782946687,131.8366739713851,0.0,0.0013436289630209,0.6038459933390721,0.062790525884461,76.2,4.225245051143362e-09,6.585395837056923e-10,1372.7997423284955,6.528782967739525,0.0001085783665202,0.00148,6.65847e-07,0.0154111111111111,0.01157,6.76e-06,0.0805555555555555,0.023,9e-06,0.0031111111111111,0.03605,0.0990777777777777,1.0,476155.2131025327,1.9e-06,0.12776,3.4520022005671294,0.0313921265104899,0.377245467454611,0.2406081822604115,674.2098489497208,46.32382194979841
172,0.01,0.012,600000.0,0.000127,1.0,20.0,325.0,0.0012534933360333,1712.5144656793036,291.5053062825179,138.91130560180886,0.0,0.0014157309030577,0.8040582124279763,0.0778870619277685,76.2,5.197083344133423e-09,8.393352775825254e-10,1227.0239983799866,5.677758752142524,0.0001439480346038,0.00148,6.65847e-07,0.0154111111111111,0.01157,6.76e-06,0.0805555555555555,0.023,9e-06,0.0031111111111111,0.03605,0.0990777777777777,1.0,703910.8880144967,1.9e-06,0.12776,3.3733981839645906,0.0413420020297986,0.5623611505002076,0.2944172258812221,933.8313051231676,182.16252927824513
173,0.01,0.012,600000.0,0.000127,1.0,20.0,350.0,0.0015527968587517,1712.5144656793036,319.92671377973846,124.48033233120826,0.0,0.0012686559422985,0.7502863272666978,0.0964845856154015,76.2,6.394297435007181e-09,1.0620587016747022e-09,1047.4418847489228,4.629376330975736,0.0001918500424853,0.00148,6.65847e-07,0.0154111111111111,0.01157,6.76e-06,0.0805555555555555,0.023,9e-06,0.0031111111111111,0.03605,0.0990777777777777,1.0,1238795.320134949,1.9e-06,0.12776,3.2847844157306825,0.0525589347176351,0.4899917416512962,0.3466108823694336,753.4697236438737,76.71991128192641
174,0.01,0.012,600000.0,0.000127,1.0,25.0,275.0,0.0012726030737353,2140.643082099129,242.0128264794384,120.62226976064603,0.0,0.0009834688352098,0.3504232054221484,0.0790744645896172,76.2,5.273522294941239e-09,8.535555786863195e-10,1215.558155758814,5.610822309504381,0.0001227342654409,0.00148,6.65847e-07,0.0154111111111111,0.01157,6.76e-06,0.0805555555555555,0.023,9e-06,0.0031111111111111,0.03605,0.0990777777777777,1.0,870992.9343013801,1.9e-06,0.12776,3.420045457863197,0.0354372838147851,0.1075387408325309,0.2634447280121116,186.41267473842643,3.0284476853756908
175,0.01,0.012,600000.0,0.000127,1.0,25.0,300.0,0.0015902470736915,2140.643082099129,265.6087782946687,133.1637012426264,0.0,0.0010857228139811,0.6271361494179378,0.0988115921708973,76.2,6.544098294766151e-09,1.089926867169747e-09,1024.9717557850772,4.498197965097703,0.0001643688276598,0.00148,6.65847e-07,0.0154111111111111,0.01157,6.76e-06,0.0805555555555555,0.023,9e-06,0.0031111111111111,0.03605,0.0990777777777777,1.0,1035530.9419879658,1.9e-06,0.12776,3.341465311975988,0.0453841377245585,0.3645145572470405,0.3141598778248554,588.3596942609121,24.777033803953675
176,0.01,0.012,600000.0,0.000127,1.0,30.0,275.0,0.0018492035341855,2568.7716985189554,242.0128264794384,123.24002809294784,0.0,0.0008373434905532,0.3798759182137252,0.1149021108001522,76.2,7.579924136742127e-09,1.2826264687252871e-09,869.5978794886811,3.591140812666972,0.0001732460420742,0.00148,6.65847e-07,0.0154111111111111,0.01157,6.76e-06,0.0805555555555555,0.023,9e-06,0.0031111111111111,0.03605,0.0990777777777777,1.0,906273.9842767358,1.9e-06,0.12776,3.3045204513871647,0.0500607023560551,0.1011638074135728,0.3356659013229316,158.16735752588312,2.5695621284427803
177,0.01,0.0124999999999999,400000.0,0.000127,1.0,20.0,275.0,0.0021811366643545,2568.7716985189545,242.0128264794384,115.47318912340508,0.0,0.000784572388875,0.3628788871739802,0.1355271077763326,50.8,8.847277769299922e-09,1.4462562459659127e-09,754.9684447527302,2.9939589316916293,0.0001330976710788,0.00148,6.65847e-07,0.0154111111111111,0.01157,6.76e-06,0.0805555555555555,0.023,9e-06,0.0031111111111111,0.03605,0.0990777777777777,1.0,344785.33067795075,1.9e-06,0.12776,3.5616844553824096,0.0175082967870367,0.0635417793976474,0.150174854521783,127.08494294953208,2.0646016517374064
178,0.01,0.0124999999999999,400000.0,0.000127,1.0,20.0,300.0,0.0027192610121119,2568.7716985189545,265.6087782946687,128.92514795001426,0.0,0.0008759705355076,0.6200093861841531,0.1689640022485881,50.8,1.0820400377743818e-08,1.599004635824684e-09,683.2185317184067,2.78902862383082,0.0001742080489729,0.00148,6.65847e-07,0.0154111111111111,0.01157,6.76e-06,0.0805555555555555,0.023,9e-06,0.0031111111111111,0.03605,0.0990777777777777,1.0,884058.4592732849,1.9e-06,0.12776,3.4738395300391023,0.028627907589987,0.287235383935565,0.224170971774239,524.4560652042321,15.298166657754724
179,0.01,0.0124999999999999,400000.0,0.000127,1.0,20.0,325.0,0.0033664204709494,2568.7716985189545,291.5053062825179,135.20701339164142,0.0,0.0009186521156523,0.9070623797016464,0.2091759023829134,50.8,1.3193318393481221e-08,1.782703005413897e-09,596.9306038734101,2.542575201518137,0.0002285391489925,0.00148,6.65847e-07,0.0154111111111111,0.01157,6.76e-06,0.0805555555555555,0.023,9e-06,0.0031111111111111,0.03605,0.0990777777777777,1.0,694840.8569428811,1.9e-06,0.12776,3.4371265265957303,0.0332751232157303,0.534076477318733,0.2514121184042843,940.917164958436,187.17005768094478
180,0.01,0.0124999999999999,400000.0,0.000127,1.0,20.0,350.0,0.0041641868130613,2568.7716985189545,319.92671377973846,122.054280244463,0.0,0.0008292870314812,0.7848017905839157,0.2587459118163815,50.8,1.6118461647891703e-08,2.0091516408435142e-09,490.5617582584835,2.238767163893924,0.0003015767155588,0.00148,6.65847e-07,0.0154111111111111,0.01157,6.76e-06,0.0805555555555555,0.023,9e-06,0.0031111111111111,0.03605,0.0990777777777777,1.0,1005837.8058556804,1.9e-06,0.12776,3.3149640117962345,0.0487387326840209,0.3622458787675342,0.3297245519580634,571.4285215842461,21.783280389439394
181,0.01,0.0124999999999999,400000.0,0.000127,1.0,25.0,300.0,0.0042812044361651,3210.964623148693,265.6087782946687,130.16698362466542,0.0,0.0007075264626902,0.6225554638810127,0.2660169188455547,50.8,1.6547526265938704e-08,2.042367483220251e-09,474.9594085113199,2.194204122604819,0.0002575387866743,0.00148,6.65847e-07,0.0154111111111111,0.01157,6.76e-06,0.0805555555555555,0.023,9e-06,0.0031111111111111,0.03605,0.0990777777777777,1.0,1197666.7757067743,1.9e-06,0.12776,3.3527330785152003,0.0439578381626329,0.1927285450354579,0.30732092754399,314.1834165553371,5.155894522096272
182,0.01,0.0124999999999999,400000.0,0.000127,1.0,25.0,325.0,0.0052983449213911,3210.964623148693,291.5053062825179,137.14844679591346,0.0,0.0007454744108135,0.8958870925013857,0.3292179600355583,50.8,2.0376489685564483e-08,2.274548246643409e-09,373.8739029022586,1.9069925665210776,0.0003422808874678,0.00148,6.65847e-07,0.0154111111111111,0.01157,6.76e-06,0.0805555555555555,0.023,9e-06,0.0031111111111111,0.03605,0.0990777777777777,1.0,1356328.7087550582,1.9e-06,0.12776,3.2110669916810592,0.0618902542175874,0.4028591324658273,0.3844878604179585,583.572723511756,23.892340886650512
183,0.01,0.0124999999999999,400000.0,0.000127,1.0,25.0,350.0,0.0065519278710523,3210.964623148693,319.92671377973846,130.60433706091578,0.0,0.0007099037101387,0.9428661746717868,0.4071105901957114,50.8,2.539082148420957e-08,2.3928212907780512e-09,351.83090031541474,1.8503632103530792,0.0004586105924605,0.00148,6.65847e-07,0.0154111111111111,0.01157,6.76e-06,0.0805555555555555,0.023,9e-06,0.0031111111111111,0.03605,0.0990777777777777,1.0,1329526.599979038,1.9e-06,0.12776,3.2389711202145395,0.0583580860487924,0.3719455844760752,0.3706784758590913,550.8801729839159,18.635443220606295
184,0.01,0.0124999999999999,400000.0,0.000127,1.0,30.0,300.0,0.0062216813470314,3853.1575477784313,265.6087782946687,131.4141984394942,0.0,0.0005952547795406,0.6506486432610423,0.3865903921791468,50.8,2.4069835388125842e-08,2.3616631917297242e-09,357.6379551937988,1.8652817668292008,0.000363389987204,0.00148,6.65847e-07,0.0154111111111111,0.01157,6.76e-06,0.0805555555555555,0.023,9e-06,0.0031111111111111,0.03605,0.0990777777777777,1.0,1192446.6753449445,1.9e-06,0.12776,3.1760396713575627,0.0663240922332199,0.1002482510818955,0.4009875597465131,141.32460983634914,2.295937036135236
185,0.01,0.0124999999999999,400000.0,0.000127,1.0,30.0,325.0,0.0076967873474479,3853.1575477784313,291.5053062825179,138.80054862682724,0.0,0.0006287120490334,0.9292868656667512,0.4782475786210255,50.8,2.997025938979178e-08,2.5008364926570184e-09,331.6996912824753,1.7986453283663866,0.0004877690265705,0.00148,6.65847e-07,0.0154111111111111,0.01157,6.76e-06,0.0805555555555555,0.023,9e-06,0.0031111111111111,0.03605,0.0990777777777777,1.0,1893908.5051063795,1.9e-06,0.12776,3.1958152462449223,0.063820854905706,0.2872292870457257,0.3917826310409346,411.14279787682574,7.56678437024541
186,0.01,0.0124999999999999,400000.0,0.000127,1.0,30.0,350.0,0.0095143288557573,3853.1575477784313,319.92671377973846,136.5211700720381,0.0,0.0006183873581307,1.1493605917907097,0.5911823377813381,50.8,3.724042542302937e-08,2.672317898882993e-09,299.7400414003629,1.716539708270018,0.0006558464388814,0.00148,6.65847e-07,0.0154111111111111,0.01157,6.76e-06,0.0805555555555555,0.023,9e-06,0.0031111111111111,0.03605,0.0990777777777777,1.0,1251541.326493239,1.9e-06,0.12776,3.448237902186383,0.0318686199764072,0.3943682540093713,0.2433714903424195,702.246846538221,55.88408919015821
187,0.01,0.0124999999999999,450000.0,0.000127,1.0,20.0,275.0,0.0017233672409714,2283.3526209057377,242.0128264794384,115.47318912340508,0.0,0.0008826439374843,0.3635198033133319,0.1070831468850036,57.15,7.0765789638859025e-09,1.1889867753292727e-09,945.0996554171146,4.031912630359575,0.0001216724940468,0.00148,6.65847e-07,0.0154111111111111,0.01157,6.76e-06,0.0805555555555555,0.023,9e-06,0.0031111111111111,0.03605,0.0990777777777777,1.0,762338.9076315648,1.9e-06,0.12776,3.450819174727206,0.0315418766168093,0.0926266564283282,0.2414787940069491,165.35177561413198,2.6862799525548313
188,0.01,0.0124999999999999,450000.0,0.000127,1.0,20.0,300.0,0.0021485519108045,2283.3526209057377,265.6087782946687,128.9251479500142,0.0,0.0009854668524461,0.5911173415617168,0.1335024215297486,57.15,8.727800339616516e-09,1.4370069550548944e-09,759.3130785593994,3.006367966154393,0.0001617237775,0.00148,6.65847e-07,0.0154111111111111,0.01157,6.76e-06,0.0805555555555555,0.023,9e-06,0.0031111111111111,0.03605,0.0990777777777777,1.0,611548.383541621,1.9e-06,0.12776,3.4165953545997367,0.0358740057468687,0.2938049200319682,0.2658283188996688,507.64702027299626,13.546733416822141
189,0.01,0.0124999999999999,450000.0,0.000127,1.0,20.0,325.0,0.0026598877795155,2283.3526209057377,291.5053062825179,135.20701339164137,0.0,0.0010334836301088,0.8925697974203508,0.165274787067981,57.15,1.0602698524890514e-08,1.582151345841433e-09,691.1349627312541,2.81163933617894,0.0002105501178007,0.00148,6.65847e-07,0.0154111111111111,0.01157,6.76e-06,0.0805555555555555,0.023,9e-06,0.0031111111111111,0.03605,0.0990777777777777,1.0,839824.5816622126,1.9e-06,0.12776,3.27441610440139,0.0538713791896974,0.5634850103523699,0.3522175620827597,859.0465257811356,132.9174070973322
190,0.01,0.0124999999999999,450000.0,0.000127,1.0,20.0,350.0,0.0032902216794559,2283.3526209057377,319.92671377973846,122.05428024446304,0.0,0.0009329479104163,0.7941316207432558,0.2044412142746718,57.15,1.2913922824671635e-08,1.7610737244524887e-09,607.0904427392131,2.571593479290672,0.0002760689106222,0.00148,6.65847e-07,0.0154111111111111,0.01157,6.76e-06,0.0805555555555555,0.023,9e-06,0.0031111111111111,0.03605,0.0990777777777777,1.0,1091264.3361961888,1.9e-06,0.12776,3.157884951814432,0.0686221579981731,0.4258804064685839,0.4091960899129574,592.1560480688482,25.500641498061803
191,0.01,0.0124999999999999,450000.0,0.000127,1.0,25.0,275.0,0.002714257996084,2854.1907761321727,242.0128264794384,118.77377987656256,0.0,0.0007262981652173,0.4095678980779551,0.1686531348446815,57.15,1.0802055985641694e-08,1.597584513048458e-09,683.8856005221202,2.790933889071267,0.0001788892597276,0.00148,6.65847e-07,0.0154111111111111,0.01157,6.76e-06,0.0805555555555555,0.023,9e-06,0.0031111111111111,0.03605,0.0990777777777777,1.0,1009272.8076416744,1.9e-06,0.12776,3.314439657178049,0.0488051066863229,0.0771047632332735,0.3300253904512573,121.57511827391018,1.9750899200695873
192,0.01,0.0124999999999999,450000.0,0.000127,1.0,25.0,300.0,0.0033826800483279,2854.1907761321727,265.6087782946687,130.1669836246654,0.0,0.0007959672705265,0.6212905388091771,0.2101862074829076,57.15,1.3252936843869277e-08,1.787318340651392e-09,594.7626602229354,2.5363831750622428,0.000235806573473,0.00148,6.65847e-07,0.0154111111111111,0.01157,6.76e-06,0.0805555555555555,0.023,9e-06,0.0031111111111111,0.03605,0.0990777777777777,1.0,1044667.0444002008,1.9e-06,0.12776,3.1384578750614653,0.0710812816377892,0.2472943313262694,0.4177343356382374,338.875749190311,5.628939452359826
193,0.01,0.0124999999999999,450000.0,0.000127,1.0,25.0,325.0,0.0041863466045559,2854.1907761321727,291.5053062825179,137.14844679591357,0.0,0.0008386587121652,0.8440115607061549,0.2601228326206884,57.15,1.6199714216705145e-08,2.015441771525221e-09,487.60711939254014,2.230328198230988,0.0003111225911666,0.00148,6.65847e-07,0.0154111111111111,0.01157,6.76e-06,0.0805555555555555,0.023,9e-06,0.0031111111111111,0.03605,0.0990777777777777,1.0,1298416.476755409,1.9e-06,0.12776,3.2269053057094736,0.0598854043405729,0.4200787280854665,0.3767249972134258,616.191280105651,30.54980662255511
194,0.01,0.0124999999999999,450000.0,0.000127,1.0,25.0,350.0,0.0051768318981154,2854.1907761321727,319.92671377973846,130.60433706091564,0.0,0.000798641673906,0.9656400608234388,0.321667626821303,57.15,1.989043759246189e-08,2.263083735923399e-09,376.0105879035376,1.912481795834532,0.0004129377500505,0.00148,6.65847e-07,0.0154111111111111,0.01157,6.76e-06,0.0805555555555555,0.023,9e-06,0.0031111111111111,0.03605,0.0990777777777777,1.0,1690467.0675522855,1.9e-06,0.12776,3.4942768757029343,0.0260409018097551,0.4801624340021359,0.2081296085892353,894.8442109154698,155.62679170956275
195,0.01,0.0124999999999999,450000.0,0.000127,1.0,30.0,300.0,0.0049158963729631,3425.0289313586068,265.6087782946687,131.41419843949416,0.0,0.0006696616269832,0.6254376399966058,0.3054541370304372,57.15,1.8874730034198163e-08,2.222526905120162e-09,390.3338169382489,1.952498623593603,0.0003278115217668,0.00148,6.65847e-07,0.0154111111111111,0.01157,6.76e-06,0.0805555555555555,0.023,9e-06,0.0031111111111111,0.03605,0.0990777777777777,1.0,1124451.4117199422,1.9e-06,0.12776,3.1872253173186285,0.0649081876811863,0.1561735029661684,0.3958155046959124,222.06600330671984,3.6080424693590283
196,0.01,0.0124999999999999,450000.0,0.000127,1.0,30.0,325.0,0.006081412225144,3425.0289313586068,291.5053062825179,138.8005486268273,0.0,0.0007073010551626,0.8701700774254906,0.3778746300215513,57.15,2.350875890057624e-08,2.3484290806178915e-09,360.10444743306687,1.8716182841413425,0.000438504049006,0.00148,6.65847e-07,0.0154111111111111,0.01157,6.76e-06,0.0805555555555555,0.023,9e-06,0.0031111111111111,0.03605,0.0990777777777777,1.0,1584934.2775300331,1.9e-06,0.12776,3.481877369963596,0.027610459498279,0.3284854474039391,0.2179401978584263,604.5903993135835,28.01017253584452
197,0.01,0.0124999999999999,450000.0,0.000127,1.0,30.0,350.0,0.007517494404549,3425.0289313586068,319.92671377973846,136.52117007203802,0.0,0.000695685777897,1.1161129806361898,0.4671070323210574,57.15,2.9253087618196053e-08,2.48392056208039e-09,334.8523783904102,1.806744707768903,0.000588260638548,0.00148,6.65847e-07,0.0154111111111111,0.01157,6.76e-06,0.0805555555555555,0.023,9e-06,0.0031111111111111,0.03605,0.0990777777777777,1.0,1656617.7862167426,1.9e-06,0.12776,3.419872909041476,0.0354591254377878,0.4851959483151323,0.2635643053339235,840.9247688595646,122.08180237782433
198,0.01,0.0124999999999999,450000.0,0.000127,1.0,35.0,300.0,0.0067628964280639,3995.867086585041,265.6087782946687,132.75679166117718,0.0,0.0005798599074154,0.6712978861162201,0.4202193324541786,57.15,2.6234695712255607e-08,2.4127257521949727e-09,348.1212292089243,1.8408329167586408,0.0004424633316723,0.00148,6.65847e-07,0.0154111111111111,0.01157,6.76e-06,0.0805555555555555,0.023,9e-06,0.0031111111111111,0.03605,0.0990777777777777,1.0,1567109.7968307238,1.9e-06,0.12776,3.4796399028379743,0.0278936831850665,0.0872685536620413,0.2196846675114585,160.2629258971093,2.6036065852431243
199,0.01,0.0124999999999999,450000.0,0.000127,1.0,35.0,325.0,0.008362458708337,3995.867086585041,291.5053062825179,140.40652923935775,0.0,0.0006132727073809,0.962193031677276,0.519609734301228,57.15,3.2632944833348025e-08,2.5636412542141796e-09,319.99452607260207,1.7685742903095842,0.0005941664776751,0.00148,6.65847e-07,0.0154111111111111,0.01157,6.76e-06,0.0805555555555555,0.023,9e-06,0.0031111111111111,0.03605,0.0990777777777777,1.0,1588480.2461731136,1.9e-06,0.12776,3.409142084884441,0.0368174576095644,0.2787732973760479,0.2709253014252019,478.3308014226614,11.085420931263723
200,0.01,0.0124999999999999,500000.0,0.000127,1.0,20.0,275.0,0.0013959274651868,2055.017358815164,242.0128264794384,115.47318912340504,0.0,0.0009807154860937,0.3622557308346634,0.0867373489768529,63.5,5.7668198607475834e-09,9.453260680167114e-10,1141.5635208878623,5.178849030591254,0.0001112862979581,0.00148,6.65847e-07,0.0154111111111111,0.01157,6.76e-06,0.0805555555555555,0.023,9e-06,0.0031111111111111,0.03605,0.0990777777777777,1.0,520356.7196975168,1.9e-06,0.12776,3.390972984867054,0.0391173436877147,0.1117083818578103,0.2830587887104423,188.48398479044465,3.062101947337194
201,0.01,0.0124999999999999,500000.0,0.000127,1.0,20.0,300.0,0.0017403270477516,2055.017358815164,265.6087782946687,128.92514795001432,0.0,0.0010949631693845,0.6317273535838539,0.1081369614390964,63.5,7.144418191006595e-09,1.201607228986864e-09,934.9237713490108,3.972506836758391,0.0001489992008833,0.00148,6.65847e-07,0.0154111111111111,0.01157,6.76e-06,0.0805555555555555,0.023,9e-06,0.0031111111111111,0.03605,0.0990777777777777,1.0,856843.9405236338,1.9e-06,0.12776,3.2821936997579173,0.0528868734483649,0.3597803921447574,0.3480208918432127,552.0473365753988,18.800707184965997
202,0.01,0.0124999999999999,500000.0,0.000127,1.0,20.0,325.0,0.0021545091014076,2055.017358815164,291.5053062825179,135.20701339164134,0.0,0.0011483151445653,0.8712142129224288,0.1338725775250646,63.5,8.749643371827985e-09,1.438697923464894e-09,758.5187864789823,3.004099328971608,0.0001969389998433,0.00148,6.65847e-07,0.0154111111111111,0.01157,6.76e-06,0.0805555555555555,0.023,9e-06,0.0031111111111111,0.03605,0.0990777777777777,1.0,786520.8299108219,1.9e-06,0.12776,3.2755131581178225,0.0537325116306553,0.5735316353973642,0.3516288846691371,875.1574327868074,142.929986884061
203,0.01,0.0124999999999999,500000.0,0.000127,1.0,20.0,350.0,0.0026650795603592,2055.017358815164,319.92671377973846,122.05428024446292,0.0,0.0010366087893515,0.7923433501468925,0.1655973835624842,63.5,1.0621735054650694e-08,1.583625050139849e-09,690.4427252854293,2.809662184892112,0.0002564960617966,0.00148,6.65847e-07,0.0154111111111111,0.01157,6.76e-06,0.0805555555555555,0.023,9e-06,0.0031111111111111,0.03605,0.0990777777777777,1.0,1055492.4061059523,1.9e-06,0.12776,3.4769529096452185,0.0282338089056685,0.4629359665844083,0.2217693584785059,847.8800142205351,126.18593115105192
204,0.01,0.0124999999999999,500000.0,0.000127,1.0,25.0,275.0,0.0021985489768281,2568.7716985189554,242.0128264794384,118.7737798765626,0.0,0.0008069979613525,0.3948217469682558,0.136609039224192,63.5,8.91112291503644e-09,1.4511987889025843e-09,752.6468030895841,2.9873279168143925,0.0001674301100877,0.00148,6.65847e-07,0.0154111111111111,0.01157,6.76e-06,0.0805555555555555,0.023,9e-06,0.0031111111111111,0.03605,0.0990777777777777,1.0,1033551.7434940224,1.9e-06,0.12776,3.1409567492127075,0.0707649684540877,0.0944027077440636,0.4166499307393498,129.604133737806,2.105528023784009
205,0.01,0.0124999999999999,500000.0,0.000127,1.0,25.0,300.0,0.0027399708391456,2568.7716985189554,265.6087782946687,130.16698362466542,0.0,0.0008844080783628,0.6327969229476281,0.1702508280611551,63.5,1.0896336410200777e-08,1.6048831892609612e-09,680.4572214472445,2.781141838467083,0.0002191413930861,0.00148,6.65847e-07,0.0154111111111111,0.01157,6.76e-06,0.0805555555555555,0.023,9e-06,0.0031111111111111,0.03605,0.0990777777777777,1.0,1030143.9535741044,1.9e-06,0.12776,3.158864266486646,0.0684981941156144,0.2987360948864729,0.40875904428107,415.6783049606004,7.735553336477764
206,0.01,0.0124999999999999,500000.0,0.000127,1.0,25.0,325.0,0.0033909407496903,2568.7716985189554,291.5053062825179,137.14844679591337,0.0,0.0009318430135169,0.8654849158094603,0.2106994944227575,63.5,1.3283226082197829e-08,1.789663168268762e-09,593.6612333746244,2.533237307233768,0.0002874690428013,0.00148,6.65847e-07,0.0154111111111111,0.01157,6.76e-06,0.0805555555555555,0.023,9e-06,0.0031111111111111,0.03605,0.0990777777777777,1.0,816513.6114938547,1.9e-06,0.12776,3.425915610586696,0.0346942265080131,0.4909754213867028,0.2593534177292607,855.8071749433665,130.9467887679747
207,0.01,0.0124999999999999,500000.0,0.000127,1.0,25.0,350.0,0.0041932338374735,2568.7716985189554,319.92671377973846,130.60433706091573,0.0,0.0008873796376733,0.9572464848102384,0.2605507777252555,63.5,1.622496740406962e-08,2.0173967355463207e-09,486.6888216701955,2.227705379233871,0.000379304478587,0.00148,6.65847e-07,0.0154111111111111,0.01157,6.76e-06,0.0805555555555555,0.023,9e-06,0.0031111111111111,0.03605,0.0990777777777777,1.0,1825395.651547411,1.9e-06,0.12776,3.426860979097221,0.0345745596079467,0.5328857070849828,0.2586902727197622,929.691626264516,179.2622790402978
208,0.01,0.0124999999999999,500000.0,0.000127,1.0,30.0,275.0,0.0031964545454417,3082.526038222746,242.0128264794384,121.19645641707952,0.0,0.0006862155193496,0.4250434328034501,0.1986148996355686,63.5,1.2570109999953089e-08,1.7344576109054591e-09,619.5927272744332,2.607302191823054,0.0002280640480771,0.00148,6.65847e-07,0.0154111111111111,0.01157,6.76e-06,0.0805555555555555,0.023,9e-06,0.0031111111111111,0.03605,0.0990777777777777,1.0,1231015.6169894962,1.9e-06,0.12776,3.042805733993624,0.0831891475957437,0.0626185331678814,0.4564138415418124,80.10809944028952,1.3014233662110333
209,0.01,0.0124999999999999,500000.0,0.000127,1.0,30.0,300.0,0.0039818760621001,3082.526038222746,265.6087782946687,131.41419843949416,0.0,0.0007440684744258,0.6440958596660197,0.2474178509946541,63.5,1.5449988894367172e-08,1.957402126480664e-09,514.8698583866484,2.3081953517774854,0.0003019652706717,0.00148,6.65847e-07,0.0154111111111111,0.01157,6.76e-06,0.0805555555555555,0.023,9e-06,0.0031111111111111,0.03605,0.0990777777777777,1.0,1516767.644108374,1.9e-06,0.12776,3.459546043821282,0.0304372096428756,0.2328680086713655,0.2350091695875958,419.2482007467911,7.873926934569446
210,0.01,0.0124999999999999,500000.0,0.000127,1.0,30.0,325.0,0.0049259439023666,3082.526038222746,291.5053062825179,138.80054862682724,0.0,0.0007858900612918,0.9132791277868364,0.3060784503174565,63.5,1.8911570975344522e-08,2.225378929833125e-09,388.9941463511082,1.9486722899543765,0.0003998114379623,0.00148,6.65847e-07,0.0154111111111111,0.01157,6.76e-06,0.0805555555555555,0.023,9e-06,0.0031111111111111,0.03605,0.0990777777777777,1.0,1720347.872217998,1.9e-06,0.12776,3.4120326777104437,0.0364515597834882,0.4433906774693799,0.268956968575238,762.842090736226,81.00198903893492
211,0.01,0.0124999999999999,500000.0,0.000127,1.0,35.0,300.0,0.0054779461067317,3596.2803779265373,265.6087782946687,132.75679166117715,0.0,0.0006442887860171,0.6984674866624663,0.3403776592878845,63.5,2.1094894426927042e-08,2.2914932592779284e-09,370.7157956592288,1.8988792625745,0.0004028584835836,0.00148,6.65847e-07,0.0154111111111111,0.01157,6.76e-06,0.0805555555555555,0.023,9e-06,0.0031111111111111,0.03605,0.0990777777777777,1.0,1702839.32829328,1.9e-06,0.12776,3.409411571337774,0.0367833454002818,0.1942798273745818,0.2707422442848024,333.4370953381513,5.520086691340162
212,0.01,0.0124999999999999,550000.0,0.000127,1.0,20.0,275.0,0.0011536590621379,1868.197598922876,242.0128264794384,115.47318912340502,0.0,0.0010787870347031,0.3605701560258968,0.0716837594850024,69.85,4.797746248551721e-09,7.65044700840257e-10,1286.9245627172418,6.027452256686987,0.0001029489204909,0.00148,6.65847e-07,0.0154111111111111,0.01157,6.76e-06,0.0805555555555555,0.023,9e-06,0.0031111111111111,0.03605,0.0990777777777777,1.0,532313.4110546554,1.9e-06,0.12776,3.4014979396030016,0.0377850709363289,0.1250763965408942,0.2760798221821199,213.09398503391589,3.462087880496438
213,0.01,0.0124999999999999,550000.0,0.000127,1.0,20.0,300.0,0.0014382868163236,1868.197598922876,265.6087782946687,128.92514795001438,0.0,0.001204459486323,0.590773615201967,0.0893693896190879,69.85,5.936257265294705e-09,9.768473132122842e-10,1116.1479102057942,5.030475236990407,0.0001372707140394,0.00148,6.65847e-07,0.0154111111111111,0.01157,6.76e-06,0.0805555555555555,0.023,9e-06,0.0031111111111111,0.03605,0.0990777777777777,1.0,622104.8043616284,1.9e-06,0.12776,3.499287452679228,0.0254066515595913,0.337594225582879,0.2040950156965898,632.355619887644,34.41966940316999
214,0.01,0.0124999999999999,550000.0,0.000127,1.0,20.0,325.0,0.0017805860342211,1868.197598922876,291.5053062825179,135.20701339164137,0.0,0.0012631466590219,0.89225465019667,0.1106384938223674,69.85,7.305454136884733e-09,1.231565510919317e-09,910.76837946729,3.831490074492093,0.0001829852757894,0.00148,6.65847e-07,0.0154111111111111,0.01157,6.76e-06,0.0805555555555555,0.023,9e-06,0.0031111111111111,0.03605,0.0990777777777777,1.0,960834.7303085156,1.9e-06,0.12776,3.449151092128369,0.0317530263128647,0.6178061563743025,0.2427029821728037,1101.0920496324031,312.01131336291064
215,0.01,0.0124999999999999,550000.0,0.000127,1.0,20.0,350.0,0.002202545091206,1868.197598922876,319.92671377973846,122.05428024446292,0.0,0.0011402696682866,0.8021648869936091,0.136857341787177,69.85,8.925775334422059e-09,1.4523330992891314e-09,752.1139878391979,2.985806103216621,0.0002412457709751,0.00148,6.65847e-07,0.0154111111111111,0.01157,6.76e-06,0.0805555555555555,0.023,9e-06,0.0031111111111111,0.03605,0.0990777777777777,1.0,1197389.5125435,1.9e-06,0.12776,3.391942511986425,0.0389946187358955,0.5014975452064321,0.2824215391382298,846.9218828224863,125.6164778665679
216,0.01,0.0124999999999999,550000.0,0.000127,1.0,25.0,275.0,0.0018169826254777,2335.246998653596,242.0128264794384,118.77377987656264,0.0,0.0008876977574878,0.4049342048533665,0.1129000324166875,69.85,7.451040501911136e-09,1.2586496339404126e-09,888.9304247133297,3.704002278433948,0.0001562237298346,0.00148,6.65847e-07,0.0154111111111111,0.01157,6.76e-06,0.0805555555555555,0.023,9e-06,0.0031111111111111,0.03605,0.0990777777777777,1.0,1075874.6617124686,1.9e-06,0.12776,3.471072907449977,0.0289781129810155,0.1282241724366789,0.2262926977377315,233.4811098749807,3.793977989605115
217,0.01,0.0124999999999999,550000.0,0.000127,1.0,25.0,300.0,0.0022644387100377,2335.246998653596,265.6087782946687,130.16698362466542,0.0,0.0009728488861991,0.6225602119202145,0.140703163686905,69.85,9.152718603471714e-09,1.469901809306579e-09,743.8615053283014,2.962235568981061,0.000206165281154,0.00148,6.65847e-07,0.0154111111111111,0.01157,6.76e-06,0.0805555555555555,0.023,9e-06,0.0031111111111111,0.03605,0.0990777777777777,1.0,799820.0658382456,1.9e-06,0.12776,3.4110220606108457,0.0365794859986271,0.3180470482333095,0.2696463497813044,546.6756399233938,18.053105085414668
218,0.01,0.0124999999999999,550000.0,0.000127,1.0,25.0,325.0,0.0028024303716448,2335.246998653596,291.5053062825179,137.14844679591354,0.0,0.0010250273148686,0.8690159071637709,0.1741318135725268,69.85,1.1125354696031264e-08,1.622612535759307e-09,672.1292837806814,2.7573557911022872,0.000268819738357,0.00148,6.65847e-07,0.0154111111111111,0.01157,6.76e-06,0.0805555555555555,0.023,9e-06,0.0031111111111111,0.03605,0.0990777777777777,1.0,1595043.7377516194,1.9e-06,0.12776,3.3760116260593875,0.041011186574761,0.5310740935912439,0.2927510155015136,883.9599682812142,148.54577955794124
219,0.01,0.0124999999999999,550000.0,0.000127,1.0,30.0,275.0,0.0026416979714394,2802.296398384314,242.0128264794384,121.19645641707947,0.0,0.0007548370712846,0.4289466926331385,0.1641445451533624,69.85,1.0536002561944696e-08,1.576988108186329e-09,693.5602704747383,2.818566439523186,0.0002137926698572,0.00148,6.65847e-07,0.0154111111111111,0.01157,6.76e-06,0.0805555555555555,0.023,9e-06,0.0031111111111111,0.03605,0.0990777777777777,1.0,1346207.3747660334,1.9e-06,0.12776,3.4203702892695795,0.0353961659152431,0.1009921474797758,0.2632195125923133,175.11803335161633,2.8449444785294227
220,0.01,0.0124999999999999,550000.0,0.000127,1.0,30.0,300.0,0.0032908066628926,2802.296398384314,265.6087782946687,131.4141984394942,0.0,0.0008184753218684,0.6457559260435215,0.2044775628054992,69.85,1.2916067763939804e-08,1.761239773950961e-09,607.0124449476435,2.571370703948336,0.0002814680909435,0.00148,6.65847e-07,0.0154111111111111,0.01157,6.76e-06,0.0805555555555555,0.023,9e-06,0.0031111111111111,0.03605,0.0990777777777777,1.0,1517643.5810123156,1.9e-06,0.12776,3.362041926200171,0.0427795030126366,0.2774683632380221,0.3015672003176261,456.0823306379364,9.642325541153834
221,0.01,0.0124999999999999,550000.0,0.000127,1.0,35.0,275.0,0.0036360895768853,3269.345798115033,242.0128264794384,123.26177671498874,0.0,0.0006580288468644,0.4382002206199394,0.2259320619493454,69.85,1.4182105115246128e-08,1.859249480030817e-09,560.9747230819589,2.4398789136986143,0.0002802517050722,0.00148,6.65847e-07,0.0154111111111111,0.01157,6.76e-06,0.0805555555555555,0.023,9e-06,0.0031111111111111,0.03605,0.0990777777777777,1.0,1525784.8120391157,1.9e-06,0.12776,3.363563911593313,0.0425868466337579,0.0484581586705938,0.3006173687373296,79.76032205074326,1.295773430384847
222,0.01,0.0124999999999999,600000.0,0.000127,1.0,20.0,300.0,0.0012085604498275,1712.5144656793036,265.6087782946687,128.9251479500143,0.0,0.0013139558032614,0.608905362193746,0.0750951121104836,76.2,5.0173517993101355e-09,8.058989645742112e-10,1253.9837301034795,5.835146969971104,0.0001276400981279,0.00148,6.65847e-07,0.0154111111111111,0.01157,6.76e-06,0.0805555555555555,0.023,9e-06,0.0031111111111111,0.03605,0.0990777777777777,1.0,843937.6278601523,1.9e-06,0.12776,3.413336157594851,0.0362865623297656,0.3700002500832623,0.2680658901815424,637.3517064281288,35.69586590511305
223,0.01,0.0124999999999999,600000.0,0.000127,1.0,20.0,325.0,0.0014961868759775,1712.5144656793036,291.5053062825179,135.2070133916413,0.0,0.0013779781734784,0.8610574496851655,0.0929670677257393,76.2,6.16785750391009e-09,1.0199330057030374e-09,1081.4078744134863,4.827666382038493,0.0001695952998979,0.00148,6.65847e-07,0.0154111111111111,0.01157,6.76e-06,0.0805555555555555,0.023,9e-06,0.0031111111111111,0.03605,0.0990777777777777,1.0,979111.2799670796,1.9e-06,0.12776,3.326127089336912,0.0473256848940617,0.6042803819594261,0.3232552292847155,962.4286708813978,202.69295907846464
224,0.01,0.0124999999999999,600000.0,0.000127,1.0,25.0,250.0,0.0012088279977981,2140.643082099129,220.5130739903045,109.113399783941,0.0,0.0008896336340232,0.2786962383926449,0.0751117364711886,76.2,5.018421991192777e-09,8.060980574535501e-10,1253.8232013210834,5.8342098189923535,0.0001075658346766,0.00148,6.65847e-07,0.0154111111111111,0.01157,6.76e-06,0.0805555555555555,0.023,9e-06,0.0031111111111111,0.03605,0.0990777777777777,1.0,488178.7764534591,1.9e-06,0.12776,3.456017629648616,0.0308838443482765,0.0397745019214562,0.2376381876668269,71.36266041233446,1.1593463630331198
225,0.01,0.0124999999999999,600000.0,0.000127,1.0,25.0,275.0,0.0015267701227973,2140.643082099129,242.0128264794384,118.77377987656264,0.0,0.000968397553623,0.3890993807422483,0.0948673883501333,76.2,6.290190491189221e-09,1.042691192408264e-09,1063.0579263216168,4.720541220072967,0.0001450094192761,0.00148,6.65847e-07,0.0154111111111111,0.01157,6.76e-06,0.0805555555555555,0.023,9e-06,0.0031111111111111,0.03605,0.0990777777777777,1.0,680405.4102724493,1.9e-06,0.12776,3.365713050182789,0.0423148037743304,0.1304219923921149,0.2992717390815582,215.08276566306677,3.494431076264458
226,0.01,0.0124999999999999,600000.0,0.000127,1.0,25.0,300.0,0.0019027575271844,2140.643082099129,265.6087782946687,130.1669836246655,0.0,0.0010612896940353,0.6225554638810127,0.1182297417091355,76.2,7.794140108737962e-09,1.3224780835215396e-09,837.4654836893056,3.403555099229798,0.0001944051930346,0.00148,6.65847e-07,0.0154111111111111,0.01157,6.76e-06,0.0805555555555555,0.023,9e-06,0.0031111111111111,0.03605,0.0990777777777777,1.0,1198811.3495760243,1.9e-06,0.12776,3.2742152185267503,0.053896807781424,0.3405157221718771,0.3523252413752462,519.0381608004985,14.704037623145739
227,0.01,0.0124999999999999,600000.0,0.000127,1.0,30.0,250.0,0.001758385441749,2568.7716985189554,220.5130739903045,112.30856125616336,0.0,0.0007630706042222,0.3104678134511447,0.109259037808516,76.2,7.216651766996014e-09,1.2150451842376619e-09,924.088734950598,3.9092529777680953,0.000151424531293,0.00148,6.65847e-07,0.0154111111111111,0.01157,6.76e-06,0.0805555555555555,0.023,9e-06,0.0031111111111111,0.03605,0.0990777777777777,1.0,1129511.173167708,1.9e-06,0.12776,3.364625998126188,0.0424524053004825,0.0373987756426285,0.2999530162199262,61.61546379073988,1.0009949662701536
228,0.01,0.013,400000.0,0.000127,1.0,20.0,275.0,0.0025902493482167,2568.7716985189545,242.0128264794384,113.58264299619606,0.0,0.0007717272401217,0.385854088991994,0.1609477335007974,50.8,1.0347357610128173e-08,1.5623842449891583e-09,700.4200869044303,2.8381592757142613,0.0001529846809306,0.00148,6.65847e-07,0.0154111111111111,0.01157,6.76e-06,0.0805555555555555,0.023,9e-06,0.0031111111111111,0.03605,0.0990777777777777,1.0,943498.4350232529,1.9e-06,0.12776,3.4834278528057188,0.0274141958473773,0.0610963554911964,0.2167267618783173,112.62472446437464,1.829683253752334
229,0.01,0.013,400000.0,0.000127,1.0,20.0,300.0,0.0032224249356338,2568.7716985189545,265.6087782946687,125.83317538736856,0.0,0.0008549624009075,0.5841531646300177,0.2002285958005457,50.8,1.2665334763990832e-08,1.7418293927294575e-09,616.1300085821515,2.5974120612621268,0.0002010555885739,0.00148,6.65847e-07,0.0154111111111111,0.01157,6.76e-06,0.0805555555555555,0.023,9e-06,0.0031111111111111,0.03605,0.0990777777777777,1.0,800787.3023524235,1.9e-06,0.12776,3.458957976371361,0.0305116485605872,0.2201145688294717,0.2354485965615721,396.0596750076732,7.056860856695001
230,0.01,0.013,400000.0,0.000127,1.0,20.0,325.0,0.0039830471960423,2568.7716985189545,291.5053062825179,131.53683938071157,0.0,0.0008937154423586,0.823126621882689,0.2474906205732874,50.8,1.545428305215528e-08,1.957734556753941e-09,514.7137071943533,2.3077493566458323,0.0002646497367662,0.00148,6.65847e-07,0.0154111111111111,0.01157,6.76e-06,0.0805555555555555,0.023,9e-06,0.0031111111111111,0.03605,0.0990777777777777,1.0,1171445.8464462364,1.9e-06,0.12776,3.347987335518513,0.0445585651242388,0.4118260013094016,0.3102179032407909,668.5452841638308,44.548901763927894
231,0.01,0.013,400000.0,0.000127,1.0,20.0,350.0,0.0049211786774819,2568.7716985189545,319.92671377973846,119.61925020036996,0.0,0.0008127424348248,0.7174370185690196,0.3057823583040166,50.8,1.889409848410037e-08,2.224026304865501e-09,389.62950966907727,1.9504869987790765,0.0003502187080746,0.00148,6.65847e-07,0.0154111111111111,0.01157,6.76e-06,0.0805555555555555,0.023,9e-06,0.0031111111111111,0.03605,0.0990777777777777,1.0,1306005.125437308,1.9e-06,0.12776,3.200775026872392,0.063193034573115,0.2478446602650028,0.3894294584319148,356.13984229653653,5.997990040157947
232,0.01,0.013,400000.0,0.000127,1.0,25.0,300.0,0.0050758874085969,3210.964623148693,265.6087782946687,127.02246574051668,0.0,0.0006904343433717,0.6094443378687686,0.315395340020577,50.8,1.94866596343876e-08,2.2535598252263e-09,377.7855958072321,1.9170418622040435,0.0003000666907332,0.00148,6.65847e-07,0.0154111111111111,0.01157,6.76e-06,0.0805555555555555,0.023,9e-06,0.0031111111111111,0.03605,0.0990777777777777,1.0,1014337.3059517812,1.9e-06,0.12776,3.316797953985532,0.0485065881030972,0.1302389978481914,0.3286702342323314,205.7700191167604,3.343014091219519
233,0.01,0.013,400000.0,0.000127,1.0,25.0,325.0,0.0062718810808236,3210.964623148693,291.5053062825179,133.4772743691167,0.0,0.0007255196452598,0.8984929095198514,0.3897096028380599,50.8,2.4270634323294697e-08,2.366399436213552e-09,356.75524307479645,1.863014044054872,0.0004013351262318,0.00148,6.65847e-07,0.0154111111111111,0.01157,6.76e-06,0.0805555555555555,0.023,9e-06,0.0031111111111111,0.03605,0.0990777777777777,1.0,1292370.3262001213,1.9e-06,0.12776,3.2069586628168283,0.0624102958459711,0.3449733066817915,0.3864700002018781,498.1113565453487,12.668386213556886
234,0.01,0.013,400000.0,0.000127,1.0,25.0,350.0,0.007746647271177,3210.964623148693,319.92671377973846,127.74299095196888,0.0,0.0006943507793215,0.9957416385008676,0.4813456748418596,50.8,3.016969908470836e-08,2.505540676741016e-09,330.822954383622,1.796392956171846,0.0005381553546193,0.00148,6.65847e-07,0.0154111111111111,0.01157,6.76e-06,0.0805555555555555,0.023,9e-06,0.0031111111111111,0.03605,0.0990777777777777,1.0,1927234.172621244,1.9e-06,0.12776,3.5305504779516177,0.0214493065884028,0.3505859636590079,0.1779625442795616,678.2523064615006,47.622451688077234
235,0.01,0.013,400000.0,0.000127,1.0,30.0,325.0,0.0091162862377065,3853.1575477784313,291.5053062825179,135.1493095745293,0.0,0.0006121733681075,0.8636106978276191,0.5664495616661311,50.8,3.5648254950826006e-08,2.634763373955133e-09,306.73922279616886,1.7345208854978464,0.0005738741214407,0.00148,6.65847e-07,0.0154111111111111,0.01157,6.76e-06,0.0805555555555555,0.023,9e-06,0.0031111111111111,0.03605,0.0990777777777777,1.0,1795156.8026488866,1.9e-06,0.12776,3.518846374924049,0.0229308386172089,0.1333511361614879,0.1879444197856767,254.85175219579463,4.143580125304715
236,0.01,0.013,450000.0,0.000127,1.0,20.0,275.0,0.0020466167689614,2283.3526209057377,242.0128264794384,113.58264299619604,0.0,0.0008681931451369,0.4018652221937609,0.1271685795561856,57.15,8.354038152858474e-09,1.4080723252589239e-09,772.9044308051464,3.0451872466548893,0.0001423784649096,0.00148,6.65847e-07,0.0154111111111111,0.01157,6.76e-06,0.0805555555555555,0.023,9e-06,0.0031111111111111,0.03605,0.0990777777777777,1.0,693419.8469888463,1.9e-06,0.12776,3.436185185167232,0.0333942803585783,0.1108866426375752,0.2520854648774683,195.1804686153144,3.1709118359849824
237,0.01,0.013,450000.0,0.000127,1.0,20.0,300.0,0.0025461135293897,2283.3526209057377,265.6087782946687,125.83317538736864,0.0,0.0009618327010209,0.5929760636395492,0.1582053102621596,57.15,1.0185526274428973e-08,1.549856145695703e-09,706.3048627480374,2.854967225359376,0.0001855899943115,0.00148,6.65847e-07,0.0154111111111111,0.01157,6.76e-06,0.0805555555555555,0.023,9e-06,0.0031111111111111,0.03605,0.0990777777777777,1.0,980549.7274329788,1.9e-06,0.12776,3.30814696483662,0.049601650020681,0.2709607533773894,0.3336147492302578,424.9491020548169,8.10559839299147
238,0.01,0.013,450000.0,0.000127,1.0,20.0,325.0,0.0031470990190951,2283.3526209057377,291.5053062825179,131.53683938071137,0.0,0.0010054298726535,0.8590569636369186,0.1955481446504987,57.15,1.238913973668236e-08,1.7204478802335663e-09,626.1734641206415,2.626097927884773,0.000242655360113,0.00148,6.65847e-07,0.0154111111111111,0.01157,6.76e-06,0.0805555555555555,0.023,9e-06,0.0031111111111111,0.03605,0.0990777777777777,1.0,1196351.3573196428,1.9e-06,0.12776,3.000687410555303,0.0885205809423666,0.4996988189864199,0.4718622356095341,621.0988059253852,31.683367545684018
239,0.01,0.013,450000.0,0.000127,1.0,20.0,350.0,0.0038883387081338,2283.3526209057377,319.92671377973846,119.61925020037006,0.0,0.0009143352391779,0.7584643121643586,0.2416058139686058,57.15,1.5107018596490842e-08,1.930851236766158e-09,527.3415055821513,2.343816558706101,0.0003193272375237,0.00148,6.65847e-07,0.0154111111111111,0.01157,6.76e-06,0.0805555555555555,0.023,9e-06,0.0031111111111111,0.03605,0.0990777777777777,1.0,1232344.7621903445,1.9e-06,0.12776,3.212508236771566,0.0617078181301815,0.3530484981957525,0.3837894668469294,511.9984363136061,13.974511234086899
240,0.01,0.013,450000.0,0.000127,1.0,25.0,300.0,0.004010577705558,2854.1907761321727,265.6087782946687,127.02246574051668,0.0,0.0007767386362932,0.6391552712426078,0.2492012563125549,57.15,1.5555228253712843e-08,1.965549183648337e-09,511.0429725922603,2.2972650962436987,0.000273491179641,0.00148,6.65847e-07,0.0154111111111111,0.01157,6.76e-06,0.0805555555555555,0.023,9e-06,0.0031111111111111,0.03605,0.0990777777777777,1.0,1124191.1732063105,1.9e-06,0.12776,3.16593426714523,0.0676032573233886,0.2261440149300528,0.4055845782476521,316.3590882786522,5.1956603740518155
241,0.01,0.013,450000.0,0.000127,1.0,25.0,325.0,0.0049555603601569,2854.1907761321727,291.5053062825179,133.47727436911669,0.0,0.0008162096009173,0.9023831249783422,0.307918698538714,57.15,1.9020164653908923e-08,2.233785660098425e-09,385.0452853124029,1.937393651777152,0.0003617803578284,0.00148,6.65847e-07,0.0154111111111111,0.01157,6.76e-06,0.0805555555555555,0.023,9e-06,0.0031111111111111,0.03605,0.0990777777777777,1.0,1082314.989551579,1.9e-06,0.12776,3.492189469558215,0.0263051304356689,0.4306544264396281,0.2097983753167394,800.8883609595161,99.83953715155072
242,0.01,0.013,450000.0,0.000127,1.0,25.0,350.0,0.0061208077204362,2854.1907761321727,319.92671377973846,127.74299095196884,0.0,0.0007811446267367,0.9771068059891872,0.3803225085170251,57.15,2.366634088174489e-08,2.352145966807717e-09,359.4117170438495,1.869838632037014,0.0004836446483324,0.00148,6.65847e-07,0.0154111111111111,0.01157,6.76e-06,0.0805555555555555,0.023,9e-06,0.0031111111111111,0.03605,0.0990777777777777,1.0,1322518.7258125162,1.9e-06,0.12776,3.443832097768767,0.0324263167381307,0.4329742974721622,0.2465802822147721,767.7224608788385,83.28851726195052
243,0.01,0.013,450000.0,0.000127,1.0,30.0,300.0,0.0058318163590206,3425.0289313586068,265.6087782946687,128.2606106788772,0.0,0.000653591546766,0.6334425865210342,0.3623657412841065,57.15,2.2510375436082563e-08,2.3248802098408797e-09,364.4933411429811,1.882893527797601,0.0003845742062021,0.00148,6.65847e-07,0.0154111111111111,0.01157,6.76e-06,0.0805555555555555,0.023,9e-06,0.0031111111111111,0.03605,0.0990777777777777,1.0,861037.8343944531,1.9e-06,0.12776,3.448714999554691,0.0318082279044695,0.1072668452369277,0.2430223746126882,191.09692531922283,3.104557757667554
244,0.01,0.013,450000.0,0.000127,1.0,30.0,325.0,0.0072029915952248,3425.0289313586068,291.5053062825179,135.14930957452935,0.0,0.000688695039121,0.8604292105611328,0.4475650857608941,57.15,2.7995076380899587e-08,2.454247851026278e-09,340.3825957895654,1.8209520576773104,0.0005150427265284,0.00148,6.65847e-07,0.0154111111111111,0.01157,6.76e-06,0.0805555555555555,0.023,9e-06,0.0031111111111111,0.03605,0.0990777777777777,1.0,2067784.4873086412,1.9e-06,0.12776,3.4713816480184487,0.0289390318963989,0.2490541248002384,0.2260564996897939,453.636660563266,9.502852929349205
245,0.01,0.013,500000.0,0.000127,1.0,20.0,250.0,0.0013158639078704,2055.017358815164,220.5130739903045,103.57328303611368,0.0,0.0008796494094446,0.2816673832376951,0.0817625197794351,63.5,5.4465656314816e-09,8.857476525387714e-10,1189.6016552777598,5.459290855346035,9.675887665842196e-05,0.00148,6.65847e-07,0.0154111111111111,0.01157,6.76e-06,0.0805555555555555,0.023,9e-06,0.0031111111111111,0.03605,0.0990777777777777,1.0,593228.5085314217,1.9e-06,0.12776,3.411357263957014,0.0365370551953147,0.0360948634582598,0.2694178387003145,62.061120959054136,1.00823504132144
246,0.01,0.013,500000.0,0.000127,1.0,20.0,275.0,0.0016577595828587,2055.017358815164,242.0128264794384,113.582642996196,0.0,0.0009646590501521,0.3862713968748076,0.1030065494405104,63.5,6.8141483314349444e-09,1.140165558228917e-09,984.4642502847582,4.26171919873739,0.0001304036703863,0.00148,6.65847e-07,0.0154111111111111,0.01157,6.76e-06,0.0805555555555555,0.023,9e-06,0.0031111111111111,0.03605,0.0990777777777777,1.0,542978.828588671,1.9e-06,0.12776,3.399728021853601,0.038009111157772,0.1194548474342971,0.277262920275634,203.18388642809023,3.300978583250501
247,0.01,0.013,500000.0,0.000127,1.0,20.0,300.0,0.0020623519588056,2055.017358815164,265.6087782946687,125.83317538736856,0.0,0.0010687030011344,0.6100090190243521,0.1281463013123492,63.5,8.411733848954134e-09,1.412538811346853e-09,770.8064054925769,3.039194919207761,0.000173943356407,0.00148,6.65847e-07,0.0154111111111111,0.01157,6.76e-06,0.0805555555555555,0.023,9e-06,0.0031111111111111,0.03605,0.0990777777777777,1.0,951881.2498208568,1.9e-06,0.12776,3.3174514445313124,0.0484238677808465,0.3180527177120028,0.3282937461304495,502.7865498265036,13.089099252366363
248,0.01,0.013,500000.0,0.000127,1.0,20.0,325.0,0.0025491502054671,2055.017358815164,291.5053062825179,131.53683938071148,0.0,0.0011171443029483,0.8724619832379737,0.158393997166904,63.5,1.0196660753379389e-08,1.550718116322522e-09,705.8999726043859,2.853810788253332,0.0002258361748979,0.00148,6.65847e-07,0.0154111111111111,0.01157,6.76e-06,0.0805555555555555,0.023,9e-06,0.0031111111111111,0.03605,0.0990777777777777,1.0,1278686.672931993,1.9e-06,0.12776,3.054926015621703,0.08165493473143,0.5502579860710697,0.4517994202475658,709.9225860255598,58.728365523025715
249,0.01,0.013,500000.0,0.000127,1.0,20.0,350.0,0.0031495543535884,2055.017358815164,319.92671377973846,119.61925020037012,0.0,0.001015928043531,0.7770174485656456,0.1957007093145708,63.5,1.239814262982425e-08,1.721144835113921e-09,625.846086188209,2.625162879218608,0.0002954375917098,0.00148,6.65847e-07,0.0154111111111111,0.01157,6.76e-06,0.0805555555555555,0.023,9e-06,0.0031111111111111,0.03605,0.0990777777777777,1.0,1543362.379800232,1.9e-06,0.12776,3.463198609161201,0.029974859599848,0.4175067392510747,0.2322684774906031,754.3588876710525,77.11997555713866
250,0.01,0.013,500000.0,0.000127,1.0,25.0,275.0,0.0026122269752981,2568.7716985189554,242.0128264794384,116.59661011713104,0.0,0.0007922053736349,0.4212413991307412,0.1623133353371259,63.5,1.0427942242759893e-08,1.5686226676949647e-09,697.4897366269131,2.829789682510373,0.000192566257215,0.00148,6.65847e-07,0.0154111111111111,0.01157,6.76e-06,0.0805555555555555,0.023,9e-06,0.0031111111111111,0.03605,0.0990777777777777,1.0,832460.845986871,1.9e-06,0.12776,3.28796016832285,0.0521569407186265,0.0951180637936152,0.344874121743855,146.65365956806008,2.382511980724783
251,0.01,0.013,500000.0,0.000127,1.0,25.0,300.0,0.003248567941502,2568.7716985189554,265.6087782946687,127.02246574051668,0.0,0.0008630429292147,0.6179171309621218,0.2018530176131694,63.5,1.276119245217407e-08,1.749250172088486e-09,612.6442744663974,2.5874561946240626,0.0002530630547063,0.00148,6.65847e-07,0.0154111111111111,0.01157,6.76e-06,0.0805555555555555,0.023,9e-06,0.0031111111111111,0.03605,0.0990777777777777,1.0,1071544.0853920374,1.9e-06,0.12776,3.479743914073872,0.027880517205839,0.2522541133489522,0.2196037463281691,463.29603259127634,10.074809603273758
252,0.01,0.013,500000.0,0.000127,1.0,25.0,325.0,0.0040140038917271,2568.7716985189554,291.5053062825179,133.47727436911663,0.0,0.0009068995565748,0.8546005875767912,0.2494141458163584,63.5,1.5567790936332895e-08,1.966521718013058e-09,510.5861477697129,2.29596032460616,0.0003330779896433,0.00148,6.65847e-07,0.0154111111111111,0.01157,6.76e-06,0.0805555555555555,0.023,9e-06,0.0031111111111111,0.03605,0.0990777777777777,1.0,1370931.9118211144,1.9e-06,0.12776,3.4374429557157544,0.0332350688967399,0.4413764417604329,0.2511855026329862,777.836899616905,88.15008098606388
253,0.01,0.013,500000.0,0.000127,1.0,30.0,275.0,0.0038001494353542,3082.526038222746,242.0128264794384,118.86713225618644,0.0,0.0006730268632118,0.4387304592629557,0.2361260853151719,63.5,1.4783657929632268e-08,1.905818417723423e-09,539.1000752860994,2.377401091530275,0.0002647411860732,0.00148,6.65847e-07,0.0154111111111111,0.01157,6.76e-06,0.0805555555555555,0.023,9e-06,0.0031111111111111,0.03605,0.0990777777777777,1.0,1013767.435096574,1.9e-06,0.12776,3.4693749234259066,0.0291930476676067,0.0387943739477836,0.227589146372467,70.52161736540697,1.1456829122596233
254,0.01,0.013,500000.0,0.000127,1.0,30.0,300.0,0.0047237712508067,3082.526038222746,265.6087782946687,128.2606106788772,0.0,0.00072621282974,0.651076870659105,0.2935162504401263,63.5,1.8170271252957973e-08,2.167991548778989e-09,415.9504998924375,2.0256643530302827,0.000351428248979,0.00148,6.65847e-07,0.0154111111111111,0.01157,6.76e-06,0.0805555555555555,0.023,9e-06,0.0031111111111111,0.03605,0.0990777777777777,1.0,1252480.3555880922,1.9e-06,0.12776,3.416459036115945,0.0358912612511462,0.1937506202189786,0.2659221811859734,334.72669653066174,5.54562193281234
255,0.01,0.013,550000.0,0.000127,1.0,20.0,250.0,0.0010874908329507,1868.197598922876,220.5130739903045,103.57328303611366,0.0,0.000967614350389,0.2788029072654174,0.0675723303962273,69.85,4.533073331802973e-09,7.158063409411333e-10,1326.625500229554,6.2592223597901135,8.972273377951765e-05,0.00148,6.65847e-07,0.0154111111111111,0.01157,6.76e-06,0.0805555555555555,0.023,9e-06,0.0031111111111111,0.03605,0.0990777777777777,1.0,600566.8756563024,1.9e-06,0.12776,3.420421381207789,0.0353896985812925,0.0474205768691899,0.2631840764735626,82.2301314194527,1.3358975582194017
256,0.01,0.013,550000.0,0.000127,1.0,20.0,275.0,0.001370049242032,1868.197598922876,242.0128264794384,113.582642996196,0.0,0.0010611249551674,0.3891836708082037,0.0851293797029011,69.85,5.663306968128048e-09,9.260690729164591e-10,1157.0904547807927,5.269493717964791,0.0001203358691175,0.00148,6.65847e-07,0.0154111111111111,0.01157,6.76e-06,0.0805555555555555,0.023,9e-06,0.0031111111111111,0.03605,0.0990777777777777,1.0,790121.8997416572,1.9e-06,0.12776,3.2742737581969754,0.0538893976965854,0.1402442911053024,0.3522938665074399,213.7806286119055,3.4732541147004192
257,0.01,0.013,550000.0,0.000127,1.0,20.0,300.0,0.0017044231064509,1868.197598922876,265.6087782946687,125.83317538736856,0.0,0.0011755733012478,0.6183197095956984,0.1059060341424373,69.85,7.000802425803875e-09,1.1748897060113171e-09,956.4661361294188,4.098269008109934,0.0001607354018032,0.00148,6.65847e-07,0.0154111111111111,0.01157,6.76e-06,0.0805555555555555,0.023,9e-06,0.0031111111111111,0.03605,0.0990777777777777,1.0,1058403.1381975955,1.9e-06,0.12776,3.4679801449060004,0.0293696019106328,0.3486036754532609,0.2286508450532668,632.8315433464106,34.53958909759226
258,0.01,0.013,550000.0,0.000127,1.0,20.0,325.0,0.0021067357069976,1868.197598922876,291.5053062825179,131.5368393807114,0.0,0.0012288587332431,0.8615088909021066,0.1309041298900032,69.85,8.574474258991223e-09,1.42513728621696e-09,764.8885724003193,3.022292552275482,0.0002127848631559,0.00148,6.65847e-07,0.0154111111111111,0.01157,6.76e-06,0.0805555555555555,0.023,9e-06,0.0031111111111111,0.03605,0.0990777777777777,1.0,1350802.144587912,1.9e-06,0.12776,3.421169563289157,0.0352949919887143,0.5667947610121034,0.2626647649672526,983.5489156300856,218.3740880745283
259,0.01,0.013,550000.0,0.000127,1.0,20.0,350.0,0.0026029374823044,1868.197598922876,319.92671377973846,119.6192502003698,0.0,0.0011175208478841,0.7770174485656456,0.1617361234004716,69.85,1.0393880768449788e-08,1.5659858141437363e-09,698.728335692735,2.833327338197197,0.0002766509032571,0.00148,6.65847e-07,0.0154111111111111,0.01157,6.76e-06,0.0805555555555555,0.023,9e-06,0.0031111111111111,0.03605,0.0990777777777777,1.0,1548889.0593805986,1.9e-06,0.12776,3.367814399414597,0.0420488102006838,0.4514713251651739,0.2979510154890251,745.9380067270155,73.38332948638681
260,0.01,0.013,550000.0,0.000127,1.0,25.0,275.0,0.0021588652688414,2335.246998653596,242.0128264794384,116.59661011713104,0.0,0.0008714259109984,0.4029932013233179,0.134143252344732,69.85,8.765615985751968e-09,1.4399344361115403e-09,757.9379641544739,3.002440398768905,0.0001815206980218,0.00148,6.65847e-07,0.0154111111111111,0.01157,6.76e-06,0.0805555555555555,0.023,9e-06,0.0031111111111111,0.03605,0.0990777777777777,1.0,968074.857106302,1.9e-06,0.12776,3.4506460967852344,0.0315637852170589,0.1050399489785856,0.2416059980720413,187.47982533095836,3.0457864524939064
261,0.01,0.013,550000.0,0.000127,1.0,25.0,300.0,0.0026847668938033,2335.246998653596,265.6087782946687,127.02246574051668,0.0,0.0009493472221362,0.6107608822708291,0.1668206757133631,69.85,1.0693921943945508e-08,1.589213365362385e-09,687.8177474928906,2.802164788945507,0.0002370052499,0.00148,6.65847e-07,0.0154111111111111,0.01157,6.76e-06,0.0805555555555555,0.023,9e-06,0.0031111111111111,0.03605,0.0990777777777777,1.0,1224762.9391964038,1.9e-06,0.12776,3.3975682002630725,0.0382825062958136,0.2801302065574659,0.2787014205307235,475.53245953842384,10.88549094574641
262,0.01,0.013,550000.0,0.000127,1.0,30.0,275.0,0.0031406193680613,2802.296398384314,242.0128264794384,118.86713225618657,0.0,0.000740329549533,0.4417896541418233,0.195145525053861,69.85,1.2365381016225013e-08,1.718608609688779e-09,627.0374175918179,2.6285655301903104,0.0002471387672411,0.00148,6.65847e-07,0.0154111111111111,0.01157,6.76e-06,0.0805555555555555,0.023,9e-06,0.0031111111111111,0.03605,0.0990777777777777,1.0,1154012.6308574856,1.9e-06,0.12776,3.382620056868353,0.0401746763457781,0.0828341290879622,0.2885024655302087,138.7036400254356,2.253357166017172
263,0.01,0.013,600000.0,0.000127,1.0,20.0,275.0,0.0011512219325407,1712.5144656793036,242.0128264794384,113.582642996196,0.0,0.0011575908601826,0.4000544801975647,0.0715323260003544,76.2,4.787997730163154e-09,7.632311376589701e-10,1288.3868404755267,6.035988888012079,0.0001120942776471,0.00148,6.65847e-07,0.0154111111111111,0.01157,6.76e-06,0.0805555555555555,0.023,9e-06,0.0031111111111111,0.03605,0.0990777777777777,1.0,922262.144685582,1.9e-06,0.12776,3.4319953244998853,0.0339246424683689,0.1647121541972101,0.2550678582057744,288.76696544378115,4.709439646329073
264,0.01,0.013,600000.0,0.000127,1.0,20.0,300.0,0.0014321888602817,1712.5144656793036,265.6087782946687,125.83317538736858,0.0,0.0012824436013612,0.6285198669206127,0.0889904870224648,76.2,5.911865441126872e-09,9.723095863011775e-10,1119.8066838309692,5.051834791536815,0.0001491630998133,0.00148,6.65847e-07,0.0154111111111111,0.01157,6.76e-06,0.0805555555555555,0.023,9e-06,0.0031111111111111,0.03605,0.0990777777777777,1.0,1143002.2152643532,1.9e-06,0.12776,3.3677275691272444,0.0420598013762981,0.3757193798981478,0.2980056879846486,620.729432917563,31.59680560462653
265,0.01,0.013,600000.0,0.000127,1.0,25.0,275.0,0.0018140465106237,2140.643082099129,242.0128264794384,116.5966101171311,0.0,0.0009506464483619,0.4129602779102896,0.1127175939841152,76.2,7.439296042494865e-09,1.2564647563690216e-09,890.6920936257702,3.714286725377885,0.0001701688821532,0.00148,6.65847e-07,0.0154111111111111,0.01157,6.76e-06,0.0805555555555555,0.023,9e-06,0.0031111111111111,0.03605,0.0990777777777777,1.0,971143.257837754,1.9e-06,0.12776,3.323866153639629,0.0476118792861229,0.1364326839261742,0.324575571578181,216.87042732904945,3.523507784776379
266,0.0105,0.011,400000.0,0.000127,1.0,20.0,275.0,0.0012018160984823,2329.9516539854462,242.0128264794384,130.57688701910058,0.0,0.0009781304266934,0.4015726896031795,0.0784098473500661,50.8,5.171954393929516e-09,8.121247297085791e-10,1222.5303409105725,7.422400679201831,8.008901666385359e-05,0.00148,6.65847e-07,0.0154111111111111,0.01157,6.76e-06,0.0805555555555555,0.023,9e-06,0.0031111111111111,0.03605,0.0990777777777777,1.0,500530.7655033789,1.9e-06,0.12776,3.5916490120470037,0.0137153149307591,0.1593528422531132,0.1215971173536325,329.4266386737111,5.441698847215346
267,0.0105,0.011,400000.0,0.000127,1.0,20.0,300.0,0.0015390452893619,2329.9516539854462,265.6087782946687,147.79402167209489,0.0,0.0011071012089584,0.5625562289374781,0.1004116240047824,50.8,6.520871157447714e-09,1.063070122580496e-09,1020.1928263828428,6.2411745031404,0.0001089699988846,0.00148,6.65847e-07,0.0154111111111111,0.01157,6.76e-06,0.0805555555555555,0.023,9e-06,0.0031111111111111,0.03605,0.0990777777777777,1.0,425538.28424115,1.9e-06,0.12776,3.5789485866017583,0.0153229637212964,0.2983346049326957,0.1339411224132707,608.0736692980104,28.752295190848365
268,0.0105,0.011,400000.0,0.000127,1.0,20.0,325.0,0.0019653546460965,2329.9516539854462,291.5053062825179,148.4342282393241,0.0,0.0011118968932258,0.715762527489091,0.1282252401043503,50.8,8.441463230482934e-09,1.3115132370983275e-09,807.4781415613653,4.351608665266554,0.0001511703355772,0.00148,6.65847e-07,0.0154111111111111,0.01157,6.76e-06,0.0805555555555555,0.023,9e-06,0.0031111111111111,0.03605,0.0990777777777777,1.0,948403.0799513872,1.9e-06,0.12776,3.4841841838948806,0.0273184577348252,0.4237272873847405,0.2161334760013586,781.688457393817,90.0446020544349
269,0.0105,0.011,400000.0,0.000127,1.0,20.0,350.0,0.002531125583006,2329.9516539854462,291.5053062825179,143.88497306145598,0.0,0.0010778191555048,0.6660742681934229,0.1651377201869446,50.8,1.112868442622846e-08,1.8126482426843963e-09,722.8032555991983,3.2501182049419666,0.0001985437130272,0.00148,6.65847e-07,0.0154111111111111,0.01157,6.76e-06,0.0805555555555555,0.023,9e-06,0.0031111111111111,0.03605,0.0990777777777777,1.0,809134.3052980034,1.9e-06,0.12776,3.4605330664491705,0.0303122700697252,0.3371265480064781,0.2342704912316813,607.5380542351958,28.637049339320274
270,0.0105,0.011,400000.0,0.000127,1.0,25.0,300.0,0.0024194344099017,2912.4395674818074,265.6087782946687,148.58504334967887,0.0,0.0008904212999388,0.5799125944929846,0.1578506753183406,50.8,1.060001287353515e-08,1.710358115620358e-09,737.6954120130944,3.442824942761243,0.0001728504909164,0.00148,6.65847e-07,0.0154111111111111,0.01157,6.76e-06,0.0805555555555555,0.023,9e-06,0.0031111111111111,0.03605,0.0990777777777777,1.0,887992.7554753815,1.9e-06,0.12776,3.474499261644727,0.0285443972601611,0.2582519191746437,0.2236633034319907,471.8444177844081,10.630461273267882
271,0.0105,0.011,400000.0,0.000127,1.0,25.0,325.0,0.0030885626031909,2912.4395674818074,291.5053062825179,153.71015152903817,0.0,0.0009211343877739,0.7900150865211385,0.2015064722074659,50.8,1.3406086211700116e-08,2.1092021234577594e-09,648.4783195745413,2.743549960910816,0.0002367354001596,0.00148,6.65847e-07,0.0154111111111111,0.01157,6.76e-06,0.0805555555555555,0.023,9e-06,0.0031111111111111,0.03605,0.0990777777777777,1.0,652641.605078926,1.9e-06,0.12776,3.4273720404453223,0.0345098682980605,0.4246986143136726,0.2583312852033423,741.3033324680212,71.37667910620966
272,0.0105,0.011,400000.0,0.000127,1.0,25.0,350.0,0.0039764659069639,2912.4395674818074,291.5053062825179,155.5023285987052,0.0,0.0009318743155629,0.824032423166145,0.2594357698748664,50.8,1.6661731658867752e-08,2.361236435911402e-09,530.0912124048091,2.4054156650903056,0.0002887378747471,0.00148,6.65847e-07,0.0154111111111111,0.01157,6.76e-06,0.0805555555555555,0.023,9e-06,0.0031111111111111,0.03605,0.0990777777777777,1.0,1071546.1993337371,1.9e-06,0.12776,3.328732992068656,0.0469958237887777,0.4007866532912786,0.3217270149073793,639.7685970711148,36.327039772382676
273,0.0105,0.011,400000.0,0.000127,1.0,30.0,300.0,0.0035097351920896,3494.9274809781687,265.6087782946687,149.54705480500502,0.0,0.0007468219318465,0.5672165269890229,0.2289849511904655,50.8,1.4950385704328653e-08,2.2287533667252822e-09,592.321974388049,2.583157611697786,0.0002386461535324,0.00148,6.65847e-07,0.0154111111111111,0.01157,6.76e-06,0.0805555555555555,0.023,9e-06,0.0031111111111111,0.03605,0.0990777777777777,1.0,641116.5707084463,1.9e-06,0.12776,3.424591053200064,0.0348618919999919,0.1744215757985573,0.2602805580888334,303.6493722781675,4.967261533687479
274,0.0105,0.011,400000.0,0.000127,1.0,30.0,325.0,0.0044785722174754,3494.9274809781687,291.5053062825179,157.30827066696352,0.0,0.0007855806103846,0.8092649527132169,0.2921945914703041,50.8,1.8502788130743138e-08,2.503760985837784e-09,463.1437043366132,2.2142018662336262,0.0003181343760943,0.00148,6.65847e-07,0.0154111111111111,0.01157,6.76e-06,0.0805555555555555,0.023,9e-06,0.0031111111111111,0.03605,0.0990777777777777,1.0,877019.1374629622,1.9e-06,0.12776,3.285069890154267,0.0525227987146497,0.3532603612429128,0.346455138429327,543.3447331964725,17.606008825573234
275,0.0105,0.011,400000.0,0.000127,1.0,30.0,350.0,0.0057639637544647,3494.9274809781687,291.5053062825179,163.52802222480042,0.0,0.0008166413817257,0.9202015784639308,0.3760571344397936,50.8,2.3470545017859057e-08,2.723848452306241e-09,380.1864613414916,1.981118701355809,0.0003949980598676,0.00148,6.65847e-07,0.0154111111111111,0.01157,6.76e-06,0.0805555555555555,0.023,9e-06,0.0031111111111111,0.03605,0.0990777777777777,1.0,1388253.1820173918,1.9e-06,0.12776,3.0495134951969405,0.0823400638991214,0.3803344440241369,0.4538697139048051,488.8403742054847,11.888139907040372
276,0.0105,0.011,400000.0,0.000127,1.0,35.0,300.0,0.0048184065121434,4077.4153944745294,265.6087782946687,150.6779438704689,0.0,0.0006449738317657,0.5883114543159845,0.3143663323904752,50.8,1.974884721119279e-08,2.600224083160303e-09,417.8324650475348,2.0847850373571424,0.0003084492752713,0.00148,6.65847e-07,0.0154111111111111,0.01157,6.76e-06,0.0805555555555555,0.023,9e-06,0.0031111111111111,0.03605,0.0990777777777777,1.0,962999.3919375172,1.9e-06,0.12776,3.3054696689238066,0.0499405482374928,0.110135121925509,0.3351302458757673,172.33264836647797,2.7996921648278277
277,0.0105,0.011,400000.0,0.000127,1.0,35.0,325.0,0.0061455718814998,4077.4153944745294,291.5053062825179,160.11911342000846,0.0,0.0006853865633461,0.8783844395463963,0.4009543171503196,50.8,2.499697752599947e-08,2.759852415875749e-09,373.4762640357063,1.9638799358251249,0.0004181482441409,0.00148,6.65847e-07,0.0154111111111111,0.01157,6.76e-06,0.0805555555555555,0.023,9e-06,0.0031111111111111,0.03605,0.0990777777777777,1.0,1777781.0604251774,1.9e-06,0.12776,3.1412668717235706,0.0707257124400543,0.3136201223960767,0.4165150689736944,430.6641420451178,8.351856663171155
278,0.0105,0.011,400000.0,0.000127,1.0,35.0,350.0,0.0079060331523957,4077.4153944745294,291.5053062825179,169.465883262903,0.0,0.0007253952189286,0.9562086105163284,0.5158117397551265,50.8,3.2038822609583066e-08,2.9259484158622356e-09,342.52031304827284,1.8843528583736733,0.0005249453795709,0.00148,6.65847e-07,0.0154111111111111,0.01157,6.76e-06,0.0805555555555555,0.023,9e-06,0.0031111111111111,0.03605,0.0990777777777777,1.0,1972836.2983501405,1.9e-06,0.12776,3.534256274184128,0.0209802184577053,0.276586870761202,0.1747506964596888,537.1825245227442,16.81130854339216
279,0.0105,0.011,450000.0,0.000127,1.0,20.0,300.0,0.0012160357841872,2071.0681368759524,265.6087782946687,147.7940216720948,0.0,0.0012454888600781,0.5691194847773516,0.0793375794605688,57.15,5.228833136748809e-09,8.227061524092802e-10,1213.9985294876783,7.372592817296119,9.924650690344156e-05,0.00148,6.65847e-07,0.0154111111111111,0.01157,6.76e-06,0.0805555555555555,0.023,9e-06,0.0031111111111111,0.03605,0.0990777777777777,1.0,297814.2597999211,1.9e-06,0.12776,3.549196653150166,0.0190890312468144,0.3259719053167826,0.1615430881512737,643.2296699606238,37.246690749783056
280,0.0105,0.011,450000.0,0.000127,1.0,20.0,325.0,0.0015528728067923,2071.0681368759524,291.5053062825179,148.43422823932391,0.0,0.0012508840048791,0.6857403523976163,0.1013137699589929,57.15,6.576181227169459e-09,1.0733597175736635e-09,1011.8963159245812,6.1927403047361125,0.0001350101392783,0.00148,6.65847e-07,0.0154111111111111,0.01157,6.76e-06,0.0805555555555555,0.023,9e-06,0.0031111111111111,0.03605,0.0990777777777777,1.0,719325.3495117521,1.9e-06,0.12776,3.441870332363117,0.0326746414730232,0.4206165824386234,0.2480003149758071,744.4048561558204,72.71559839937825
281,0.0105,0.011,450000.0,0.000127,1.0,20.0,350.0,0.0019999016952146,2071.0681368759524,291.5053062825179,143.8849730614561,0.0,0.0012125465499429,0.692697793156971,0.1304791863205489,57.15,8.614198476073138e-09,1.3261857488762996e-09,793.6593219141489,4.167022745417388,0.0001731792857674,0.00148,6.65847e-07,0.0154111111111111,0.01157,6.76e-06,0.0805555555555555,0.023,9e-06,0.0031111111111111,0.03605,0.0990777777777777,1.0,534095.3339637701,1.9e-06,0.12776,3.395485269692996,0.0385461683932916,0.398408606836422,0.2800832955725452,675.0191771561271,46.5816797267462
282,0.0105,0.011,450000.0,0.000127,1.0,25.0,275.0,0.0014933629913202,2588.8351710949405,242.0128264794384,133.16542141229442,0.0,0.0008977686487731,0.3415674421876872,0.0974311829701063,57.15,6.3381419652808516e-09,1.0290761429980319e-09,1047.6022052078722,6.4011877157830375,0.0001092859470919,0.00148,6.65847e-07,0.0154111111111111,0.01157,6.76e-06,0.0805555555555555,0.023,9e-06,0.0031111111111111,0.03605,0.0990777777777777,1.0,799180.9823639297,1.9e-06,0.12776,3.458031223422175,0.0306289590604842,0.0803262592175808,0.2361400788200928,144.40306609726912,2.3459491702067954
283,0.0105,0.011,450000.0,0.000127,1.0,25.0,300.0,0.0019116518794285,2588.8351710949405,265.6087782946687,148.5850433496788,0.0,0.0010017239624311,0.5735450479653432,0.1247215212391827,57.15,8.172949397142884e-09,1.28870508136399e-09,828.9592482285693,4.638544158656732,0.0001511169904212,0.00148,6.65847e-07,0.0154111111111111,0.01157,6.76e-06,0.0805555555555555,0.023,9e-06,0.0031111111111111,0.03605,0.0990777777777777,1.0,659724.7005418044,1.9e-06,0.12776,3.4284336277230087,0.0343754901616444,0.2850135267261604,0.2575844765168911,497.9866092081447,12.657416163029675
284,0.0105,0.011,450000.0,0.000127,1.0,25.0,325.0,0.0024403457605459,2588.8351710949405,291.5053062825179,153.71015152903826,0.0,0.0010362761862457,0.7287386120307767,0.159214990386146,57.15,1.0698993266584069e-08,1.729509357880779e-09,734.9072319272094,3.4067454742228778,0.000214790795452,0.00148,6.65847e-07,0.0154111111111111,0.01157,6.76e-06,0.0805555555555555,0.023,9e-06,0.0031111111111111,0.03605,0.0990777777777777,1.0,800850.9893809918,1.9e-06,0.12776,3.2641434072226643,0.055171720604726,0.4057136216446306,0.3576784442300922,613.3060298266157,29.89992187561341
285,0.0105,0.011,450000.0,0.000127,1.0,25.0,350.0,0.0031418989882184,2588.8351710949405,291.5053062825179,155.50232859870525,0.0,0.0010483586050083,0.8187195456467943,0.2049862873085365,57.15,1.3601652956800858e-08,2.124341834135758e-09,641.3668015708778,2.723238220976702,0.0002698422478205,0.00148,6.65847e-07,0.0154111111111111,0.01157,6.76e-06,0.0805555555555555,0.023,9e-06,0.0031111111111111,0.03605,0.0990777777777777,1.0,1161271.603379472,1.9e-06,0.12776,3.174749644365468,0.0664873867891812,0.4499232583382577,0.4015783571567193,633.6521091660694,34.747163035955985
286,0.0105,0.011,450000.0,0.000127,1.0,30.0,300.0,0.0027731241023918,3106.602205313928,265.6087782946687,149.547054805005,0.0,0.0008401746733273,0.5562648356370768,0.1809263811875283,57.15,1.2249478375436636e-08,2.0196638535442564e-09,690.5367863477587,2.86367630224681,0.0002242572317051,0.00148,6.65847e-07,0.0154111111111111,0.01157,6.76e-06,0.0805555555555555,0.023,9e-06,0.0031111111111111,0.03605,0.0990777777777777,1.0,1151364.0100661004,1.9e-06,0.12776,3.1645502134201324,0.0677784539974516,0.2115284544495484,0.4062087059999979,295.60227392756667,4.826800108363321
287,0.0105,0.011,450000.0,0.000127,1.0,30.0,325.0,0.0035386249619558,3106.602205313928,291.5053062825179,157.30827066696355,0.0,0.0008837781866827,0.8383360149329099,0.2308698006678947,57.15,1.5056314860504874e-08,2.2369538242010484e-09,588.4700050725501,2.572155713238091,0.0002959844055632,0.00148,6.65847e-07,0.0154111111111111,0.01157,6.76e-06,0.0805555555555555,0.023,9e-06,0.0031111111111111,0.03605,0.0990777777777777,1.0,1392525.7344056813,1.9e-06,0.12776,3.246113386318032,0.0574540017318947,0.4436562142650151,0.3670436885843015,660.8843265250044,42.23109686870814
288,0.0105,0.011,450000.0,0.000127,1.0,30.0,350.0,0.0045542429664906,3106.602205313928,291.5053062825179,163.52802222480045,0.0,0.0009187215544414,0.94861802290972,0.2971315630141583,57.15,1.8780247543799168e-08,2.525240380181602e-09,453.0542711345757,2.1853846793577967,0.000362884328738,0.00148,6.65847e-07,0.0154111111111111,0.01157,6.76e-06,0.0805555555555555,0.023,9e-06,0.0031111111111111,0.03605,0.0990777777777777,1.0,1076128.6545923403,1.9e-06,0.12776,3.491169043450923,0.0264342982973515,0.4876764598955616,0.2106115931149798,905.9989310296712,163.03632476122885
289,0.0105,0.011,450000.0,0.000127,1.0,35.0,300.0,0.0038071360095948,3624.369239532916,265.6087782946687,150.67794387046888,0.0,0.0007255955607364,0.5841138063088045,0.2483882132467951,57.15,1.604085536851447e-08,2.313171580110198e-09,552.6685320540192,2.469900441039389,0.0002863269604783,0.00148,6.65847e-07,0.0154111111111111,0.01157,6.76e-06,0.0805555555555555,0.023,9e-06,0.0031111111111111,0.03605,0.0990777777777777,1.0,1389300.1433715725,1.9e-06,0.12776,3.057995154990606,0.0812664360771385,0.1719155930620094,0.450618483066587,222.27696719320485,3.6114759519251454
290,0.0105,0.011,450000.0,0.000127,1.0,35.0,325.0,0.0048557604989628,3624.369239532916,291.5053062825179,160.11911342000832,0.0,0.0007710598837643,0.851533846218602,0.316803411081734,57.15,1.9885811829530483e-08,2.6108271368322703e-09,412.8519334716189,2.0705597675833007,0.0003827377518966,0.00148,6.65847e-07,0.0154111111111111,0.01157,6.76e-06,0.0805555555555555,0.023,9e-06,0.0031111111111111,0.03605,0.0990777777777777,1.0,912621.725130648,1.9e-06,0.12776,3.4602962030256945,0.0303422527815576,0.3709204351368679,0.2344478876293158,668.2833920433243,44.468101512398725
291,0.0105,0.011,450000.0,0.000127,1.0,35.0,350.0,0.0062467422438682,3624.369239532916,291.5053062825179,169.465883262903,0.0,0.0008160696212947,0.9577986737730048,0.4075549548682483,57.15,2.540165897547305e-08,2.7693976372244833e-09,371.6972843838205,1.9593096658754952,0.0004773214303879,0.00148,6.65847e-07,0.0154111111111111,0.01157,6.76e-06,0.0805555555555555,0.023,9e-06,0.0031111111111111,0.03605,0.0990777777777777,1.0,1373710.7119559909,1.9e-06,0.12776,3.452209900166553,0.0313658354219553,0.3864337189047564,0.2404551258015867,690.7702103966791,51.81387705620643
292,0.0105,0.011,450000.0,0.000127,1.0,40.0,300.0,0.0050215143332773,4142.136273751905,265.6087782946687,151.9750813642973,0.0,0.0006403617301539,0.6338442471684785,0.3276176553431451,57.15,2.0500747333109254e-08,2.653799834316048e-09,393.24169196365176,2.0146581115085302,0.0003592357680277,0.00148,6.65847e-07,0.0154111111111111,0.01157,6.76e-06,0.0805555555555555,0.023,9e-06,0.0031111111111111,0.03605,0.0990777777777777,1.0,1096126.287394573,1.9e-06,0.12776,3.494433716188763,0.0260210485837009,0.1424165918253332,0.2080039384902935,265.4536852187865,4.318402465586282
293,0.0105,0.011,450000.0,0.000127,1.0,40.0,325.0,0.0064011742006813,4142.136273751905,291.5053062825179,162.5597581844388,0.0,0.0006849612914821,0.911810707271532,0.4176305281402105,57.15,2.6019386802725243e-08,2.78396798348588e-09,368.98175285521984,1.952333356658423,0.0004878610640868,0.00148,6.65847e-07,0.0154111111111111,0.01157,6.76e-06,0.0805555555555555,0.023,9e-06,0.0031111111111111,0.03605,0.0990777777777777,1.0,1279388.9028787632,1.9e-06,0.12776,3.4363478752006085,0.0333736866834673,0.3303701791313215,0.2519691784399437,581.6014493335234,23.536904518999513
294,0.0105,0.011,500000.0,0.000127,1.0,20.0,325.0,0.0012578269735018,1863.961323188357,291.5053062825179,148.43422823932386,0.0,0.0013898711165323,0.6604933332183796,0.0820641536667842,63.5,5.395997894007258e-09,8.538046062346669e-10,1188.923815898911,7.226209146836253,0.0001239871613832,0.00148,6.65847e-07,0.0154111111111111,0.01157,6.76e-06,0.0805555555555555,0.023,9e-06,0.0031111111111111,0.03605,0.0990777777777777,1.0,797229.3004293912,1.9e-06,0.12776,3.262204060783892,0.0554172074957099,0.4146191795515953,0.3586990697310347,625.7724027601074,32.79622633494808
295,0.0105,0.011,500000.0,0.000127,1.0,20.0,350.0,0.0016199203731238,1863.961323188357,291.5053062825179,143.8849730614563,0.0,0.001347273944381,0.692697793156971,0.1056881409196445,63.5,6.844371492495392e-09,1.1232524265360072e-09,971.6677761256911,5.957890112244172,0.0001559226341891,0.00148,6.65847e-07,0.0154111111111111,0.01157,6.76e-06,0.0805555555555555,0.023,9e-06,0.0031111111111111,0.03605,0.0990777777777777,1.0,812368.4480001073,1.9e-06,0.12776,3.2706085751631893,0.0543533449160519,0.4231996522373265,0.354252409561739,643.1514380160339,37.22569740500974
296,0.0105,0.011,500000.0,0.000127,1.0,25.0,275.0,0.0012096240229693,2329.9516539854462,242.0128264794384,133.16542141229445,0.0,0.000997520720859,0.3415674421876872,0.0789192582057861,63.5,5.2031860918774885e-09,8.179349108284052e-10,1217.8455862183766,7.395051549784261,0.0001006821947814,0.00148,6.65847e-07,0.0154111111111111,0.01157,6.76e-06,0.0805555555555555,0.023,9e-06,0.0031111111111111,0.03605,0.0990777777777777,1.0,576308.7608527059,1.9e-06,0.12776,3.406841729110027,0.0371086418848067,0.0988381839819008,0.2724841579413506,169.22805405578933,2.749254297073603
297,0.0105,0.011,500000.0,0.000127,1.0,25.0,300.0,0.0015484380223371,2329.9516539854462,265.6087782946687,148.58504334967884,0.0,0.0011130266249235,0.5748506845584508,0.101024432203738,63.5,6.558442089348588e-09,1.070059621503942e-09,1014.5571865977116,6.2082742016387815,0.0001369665756437,0.00148,6.65847e-07,0.0154111111111111,0.01157,6.76e-06,0.0805555555555555,0.023,9e-06,0.0031111111111111,0.03605,0.0990777777777777,1.0,479417.46892077074,1.9e-06,0.12776,3.3804791681927475,0.0404456749123104,0.3100162523547126,0.2898844182285904,518.106037099317,14.604721994200398
298,0.0105,0.011,500000.0,0.000127,1.0,25.0,325.0,0.0019766800660422,2329.9516539854462,291.5053062825179,153.7101515290384,0.0,0.0011514179847174,0.7386162381301382,0.1289641422127783,63.5,8.498090330211017e-09,1.3163232675288502e-09,802.9479735831187,4.291096606734525,0.0001900967935223,0.00148,6.65847e-07,0.0154111111111111,0.01157,6.76e-06,0.0805555555555555,0.023,9e-06,0.0031111111111111,0.03605,0.0990777777777777,1.0,852842.41545663,1.9e-06,0.12776,3.2932776529921437,0.0514838413933996,0.4458420959173599,0.341945322299346,690.4753849437868,51.71219016528194
299,0.0105,0.011,500000.0,0.000127,1.0,25.0,350.0,0.0025449381804569,2329.9516539854462,291.5053062825179,155.5023285987052,0.0,0.0011648428944536,0.841784686817628,0.1660388927199146,63.5,1.1194064054162744e-08,1.8252982338078582e-09,720.9615759390778,3.226286593888056,0.0002496283770705,0.00148,6.65847e-07,0.0154111111111111,0.01157,6.76e-06,0.0805555555555555,0.023,9e-06,0.0031111111111111,0.03605,0.0990777777777777,1.0,1086998.9607367646,1.9e-06,0.12776,3.482369172920507,0.0275482059594294,0.5119357940977134,0.2175557112875156,942.7012208285016,188.43929537858745
300,0.0105,0.011,500000.0,0.000127,1.0,30.0,275.0,0.0017555607308815,2795.941984782535,242.0128264794384,135.1218608167243,0.0,0.0008434800777372,0.3251141090640769,0.1145376976527606,63.5,7.39249365440789e-09,1.2224114535734459e-09,891.3957076473688,5.472543848077801,0.0001406495277924,0.00148,6.65847e-07,0.0154111111111111,0.01157,6.76e-06,0.0805555555555555,0.023,9e-06,0.0031111111111111,0.03605,0.0990777777777777,1.0,901383.3429792712,1.9e-06,0.12776,3.2932492330445675,0.051487438855118,0.0467664114113161,0.341961045230343,72.42538263132836,1.1766111781673396
301,0.0105,0.011,500000.0,0.000127,1.0,30.0,300.0,0.0022462305229373,2795.941984782535,265.6087782946687,149.54705480500493,0.0,0.0009335274148081,0.5471855673754173,0.1465503687618979,63.5,9.780181141903533e-09,1.5517327998217271e-09,760.7892636083513,3.7416628464816073,0.0001995107789474,0.00148,6.65847e-07,0.0154111111111111,0.01157,6.76e-06,0.0805555555555555,0.023,9e-06,0.0031111111111111,0.03605,0.0990777777777777,1.0,741314.4068495446,1.9e-06,0.12776,3.2626106622258657,0.0553657389587511,0.2368251986135194,0.3584853552201982,357.5523475887468,6.030039010614548
302,0.0105,0.011,500000.0,0.000127,1.0,30.0,325.0,0.0028662862191842,2795.941984782535,291.5053062825179,157.30827066696344,0.0,0.0009819757629808,0.7985425311199096,0.1870045385409947,63.5,1.259107280367561e-08,2.046108230936182e-09,678.1151707754324,2.8281979943895204,0.0002796425640031,0.00148,6.65847e-07,0.0154111111111111,0.01157,6.76e-06,0.0805555555555555,0.023,9e-06,0.0031111111111111,0.03605,0.0990777777777777,1.0,916639.670199531,1.9e-06,0.12776,3.449713945206006,0.0316817790878473,0.4477279925789148,0.2422903522103943,798.4030982100188,98.53906226258444
303,0.0105,0.011,500000.0,0.000127,1.0,30.0,350.0,0.0036889368028574,2795.941984782535,291.5053062825179,163.52802222480045,0.0,0.0010208017271571,0.9375596816568864,0.2406765660414681,63.5,1.5607458277143985e-08,2.27962034128043e-09,568.4284262856731,2.514913456946483,0.0003398754718462,0.00148,6.65847e-07,0.0154111111111111,0.01157,6.76e-06,0.0805555555555555,0.023,9e-06,0.0031111111111111,0.03605,0.0990777777777777,1.0,1331951.080986244,1.9e-06,0.12776,3.4308687628812677,0.0340672452049028,0.5330731156154184,0.2558657052418274,933.5621793396912,181.973409709417
304,0.0105,0.011,500000.0,0.000127,1.0,35.0,300.0,0.0030837801677718,3261.9323155796246,265.6087782946687,150.6779438704689,0.0,0.0008062172897071,0.5762095925290637,0.2011944527299041,63.5,1.3388550615163386e-08,2.107844613222594e-09,649.1159776304223,2.745371223908572,0.0002698973190658,0.00148,6.65847e-07,0.0154111111111111,0.01157,6.76e-06,0.0805555555555555,0.023,9e-06,0.0031111111111111,0.03605,0.0990777777777777,1.0,984505.2816838884,1.9e-06,0.12776,3.4637643888968173,0.0299032419117953,0.2112051397991594,0.2318421887481227,381.8212389488941,6.6376884111655485
305,0.0105,0.011,500000.0,0.000127,1.0,35.0,325.0,0.0039331660041599,3261.9323155796246,291.5053062825179,160.11911342000826,0.0,0.0008567332041826,0.8631451132375857,0.2566107629762045,63.5,1.6502965348586355e-08,2.3489456141674723e-09,535.864532778678,2.421905278409141,0.0003577530339353,0.00148,6.65847e-07,0.0154111111111111,0.01157,6.76e-06,0.0805555555555555,0.023,9e-06,0.0031111111111111,0.03605,0.0990777777777777,1.0,1193964.3974254197,1.9e-06,0.12776,3.4048930901154133,0.0373553050486818,0.4427243502613811,0.2737994647251148,756.6501499735134,78.15687057372314
306,0.0105,0.011,500000.0,0.000127,1.0,40.0,300.0,0.0040674266099546,3727.922646376714,265.6087782946687,151.97508136429727,0.0,0.0007115130335044,0.6467956394330769,0.2653703008279474,63.5,1.6995254236500277e-08,2.3870559346576523e-09,517.9631186727172,2.370775706975048,0.0003354975591064,0.00148,6.65847e-07,0.0154111111111111,0.01157,6.76e-06,0.0805555555555555,0.023,9e-06,0.0031111111111111,0.03605,0.0990777777777777,1.0,1357510.326391321,1.9e-06,0.12776,3.4352139358276816,0.0335172233129517,0.2176153386051294,0.2527789361381521,382.687042745777,6.6616767465234785
307,0.0105,0.011,550000.0,0.000127,1.0,20.0,325.0,0.0010395264243816,1694.5102938075972,291.5053062825179,148.43422823932372,0.0,0.0015288582281856,0.7137589781073027,0.067821614600648,69.85,4.522795697526659e-09,6.913586539129478e-10,1319.904145371001,7.990859212261367,0.0001152027135089,0.00148,6.65847e-07,0.0154111111111111,0.01157,6.76e-06,0.0805555555555555,0.023,9e-06,0.0031111111111111,0.03605,0.0990777777777777,1.0,822935.7238200515,1.9e-06,0.12776,3.283175195389047,0.0527626334950573,0.4821273635066547,0.347487424808476,740.3819377830548,70.98198290132153
308,0.0105,0.011,550000.0,0.000127,1.0,20.0,350.0,0.0013387771678709,1694.5102938075972,291.5053062825179,143.8849730614561,0.0,0.0014820013388191,0.692697793156971,0.0873455710079707,69.85,5.719798671483792e-09,9.140428029223191e-10,1140.3536992774311,6.942661663011715,0.000144241203898,0.00148,6.65847e-07,0.0154111111111111,0.01157,6.76e-06,0.0805555555555555,0.023,9e-06,0.0031111111111111,0.03605,0.0990777777777777,1.0,582316.058261238,1.9e-06,0.12776,3.489300578515615,0.0266708128461246,0.4415422221490002,0.21209631625927,818.7485022017545,109.46489532512346
309,0.0105,0.011,550000.0,0.000127,1.0,25.0,300.0,0.0012797008449067,2118.137867259497,265.6087782946687,148.58504334967876,0.0,0.0012243292874158,0.5893564324325757,0.083491266284081,69.85,5.483493379626932e-09,8.700818070280513e-10,1175.79949305596,7.14959066251139,0.0001269256013838,0.00148,6.65847e-07,0.0154111111111111,0.01157,6.76e-06,0.0805555555555555,0.023,9e-06,0.0031111111111111,0.03605,0.0990777777777777,1.0,736814.696241023,1.9e-06,0.12776,3.259088575367363,0.0558115727383085,0.3420551661484946,0.360331892104565,514.9392559413303,14.27354799620035
310,0.0105,0.011,550000.0,0.000127,1.0,25.0,325.0,0.001633619889291,2118.137867259497,291.5053062825179,153.71015152903814,0.0,0.0012665597831892,0.7404825404603065,0.1065819357130399,69.85,6.899169557164308e-09,1.1334467707971727e-09,963.4480664253538,5.909904268984573,0.0001728433396002,0.00148,6.65847e-07,0.0154111111111111,0.01157,6.76e-06,0.0805555555555555,0.023,9e-06,0.0031111111111111,0.03605,0.0990777777777777,1.0,1008190.619866301,1.9e-06,0.12776,3.458635611581212,0.0305524542302264,0.4700906047472666,0.2356892659757018,845.5838484320516,124.82340878303373
311,0.0105,0.011,550000.0,0.000127,1.0,25.0,350.0,0.0021032546945924,2118.137867259497,291.5053062825179,155.5023285987052,0.0,0.001281327183899,0.8251204781154523,0.1372222253883591,69.85,9.103428887737803e-09,1.420791246948643e-09,779.8527073876676,3.988346668502525,0.0002236009391056,0.00148,6.65847e-07,0.0154111111111111,0.01157,6.76e-06,0.0805555555555555,0.023,9e-06,0.0031111111111111,0.03605,0.0990777777777777,1.0,1299108.8656378773,1.9e-06,0.12776,3.411921702740377,0.0364656072480535,0.5240882527270931,0.2690327325166337,901.5867147854658,160.0873797619045
312,0.0105,0.011,550000.0,0.000127,1.0,30.0,275.0,0.0014508766370922,2541.765440711396,242.0128264794384,135.1218608167242,0.0,0.000927828085511,0.3384041719010463,0.0946592542584798,69.85,6.168196548368853e-09,9.97460389849162e-10,1073.094017744672,6.550006368191621,0.0001301548341443,0.00148,6.65847e-07,0.0154111111111111,0.01157,6.76e-06,0.0805555555555555,0.023,9e-06,0.0031111111111111,0.03605,0.0990777777777777,1.0,655747.3276738543,1.9e-06,0.12776,3.507068132197526,0.0244217554180346,0.0799349176425665,0.197747754878662,150.92202424286464,2.4518552417802613
313,0.0105,0.011,550000.0,0.000127,1.0,30.0,300.0,0.0018563888619317,2541.765440711396,265.6087782946687,149.54705480500496,0.0,0.001026880156289,0.5662414751822586,0.1211160072412379,69.85,7.896634309658537e-09,1.2652342699398772e-09,851.0644552273171,4.93381611903303,0.0001791479538938,0.00148,6.65847e-07,0.0154111111111111,0.01157,6.76e-06,0.0805555555555555,0.023,9e-06,0.0031111111111111,0.03605,0.0990777777777777,1.0,979486.145063902,1.9e-06,0.12776,3.4529688022952616,0.0312697718613593,0.2813154679410204,0.2398953562834797,503.2365154867073,13.130588175914594
314,0.0105,0.011,550000.0,0.000127,1.0,30.0,325.0,0.0023688315861026,2541.765440711396,291.5053062825179,157.30827066696347,0.0,0.0010801733392788,0.8128990465326474,0.1545492054057807,69.85,1.0360492840886077e-08,1.6640145315004287e-09,744.4424551863077,3.530132693479099,0.0002542675769929,0.00148,6.65847e-07,0.0154111111111111,0.01157,6.76e-06,0.0805555555555555,0.023,9e-06,0.0031111111111111,0.03605,0.0990777777777777,1.0,1085033.0458091735,1.9e-06,0.12776,3.3666785877109118,0.0421925838340619,0.4945398411268666,0.2986655045875229,816.2658622954907,108.09785766971348
315,0.0105,0.011,550000.0,0.000127,1.0,35.0,300.0,0.0025485786510511,2965.393014163295,265.6087782946687,150.67794387046894,0.0,0.0008868390186779,0.5769063229519568,0.1662764072147967,69.85,1.1211295614975209e-08,1.828632285992129e-09,720.4761798598533,3.22000549581348,0.0002512403691667,0.00148,6.65847e-07,0.0154111111111111,0.01157,6.76e-06,0.0805555555555555,0.023,9e-06,0.0031111111111111,0.03605,0.0990777777777777,1.0,1117779.600805635,1.9e-06,0.12776,3.374425349679718,0.0412119810532002,0.2468199157371599,0.2937632896129841,410.2377644185067,7.534014604582954
316,0.0105,0.011,600000.0,0.000127,1.0,20.0,350.0,0.0011249447035582,1553.3011026569643,291.5053062825179,143.88497306145587,0.0,0.0016167287332572,0.692697793156971,0.0733945423053087,76.2,4.864468814232913e-09,7.549217267611164e-10,1268.6531778650628,7.691661189058451,0.0001347174052624,0.00148,6.65847e-07,0.0154111111111111,0.01157,6.76e-06,0.0805555555555555,0.023,9e-06,0.0031111111111111,0.03605,0.0990777777777777,1.0,798217.3225606363,1.9e-06,0.12776,3.4013068348803674,0.0378092614075484,0.4554932508516622,0.276207752264697,775.8915499606818,87.20223149971751
317,0.0105,0.011,600000.0,0.000127,1.0,25.0,300.0,0.0010753041821785,1941.6263783212053,265.6087782946687,148.58504334967878,0.0,0.0013356319499082,0.5862704012068156,0.0701558556970403,76.2,4.665906728714298e-09,7.17982278822182e-10,1298.4374906928551,7.86553902891582,0.0001187665300836,0.00148,6.65847e-07,0.0154111111111111,0.01157,6.76e-06,0.0805555555555555,0.023,9e-06,0.0031111111111111,0.03605,0.0990777777777777,1.0,891088.0349764989,1.9e-06,0.12776,3.4248444930727784,0.0348298110034458,0.3523045455097753,0.2601033393286642,613.4716000661408,29.936886037253945
318,0.0105,0.011,600000.0,0.000127,1.0,25.0,325.0,0.001372694490307,1941.6263783212053,291.5053062825179,153.71015152903823,0.0,0.0013817015816609,0.7498014365815113,0.0895584320922071,76.2,5.855467961228341e-09,9.39282005322624e-10,1120.0033058157487,6.823858101021759,0.0001609443688543,0.00148,6.65847e-07,0.0154111111111111,0.01157,6.76e-06,0.0805555555555555,0.023,9e-06,0.0031111111111111,0.03605,0.0990777777777777,1.0,1064326.052489183,1.9e-06,0.12776,3.348863635419037,0.0444476410861978,0.4964330044893041,0.3096848031380596,806.5164500611032,102.81995451978828
319,0.0105,0.011,600000.0,0.000127,1.0,30.0,275.0,0.0012191393964455,2329.9516539854467,242.0128264794384,135.1218608167243,0.0,0.0010121760932847,0.3351527325163751,0.0795400678144171,76.2,5.2412475857821615e-09,8.250156713315879e-10,1212.1363621326757,7.361721670494348,0.0001216535661452,0.00148,6.65847e-07,0.0154111111111111,0.01157,6.76e-06,0.0805555555555555,0.023,9e-06,0.0031111111111111,0.03605,0.0990777777777777,1.0,876603.7964074643,1.9e-06,0.12776,3.4214008610056794,0.0352657137967494,0.0918026647019578,0.2625040735760971,159.33825687440014,2.5885844708312757
320,0.0105,0.011,600000.0,0.000127,1.0,30.0,300.0,0.0015598823075953,2329.9516539854467,265.6087782946687,149.547054805005,0.0,0.0011202328977698,0.5518507281650468,0.1017710894179847,76.2,6.604219230381571e-09,1.078575760491728e-09,1007.6906154427644,6.168187845893314,0.0001654624017876,0.00148,6.65847e-07,0.0154111111111111,0.01157,6.76e-06,0.0805555555555555,0.023,9e-06,0.0031111111111111,0.03605,0.0990777777777777,1.0,1025323.0494159332,1.9e-06,0.12776,3.338774676272154,0.0457247245225121,0.2862696387470621,0.3157730273727502,460.9784558833284,9.932348529135133
321,0.0105,0.011,600000.0,0.000127,1.0,35.0,275.0,0.0016746376164526,2718.276929649688,242.0128264794384,136.84871267146195,0.0,0.0008786671391647,0.3453339047586872,0.1092580470826996,76.2,7.0632404658107665e-09,1.1639696612694894e-09,938.837430128385,5.7662298353465,0.0001616153608358,0.00148,6.65847e-07,0.0154111111111111,0.01157,6.76e-06,0.0805555555555555,0.023,9e-06,0.0031111111111111,0.03605,0.0990777777777777,1.0,1058997.180107764,1.9e-06,0.12776,3.3475154178839093,0.0446183015336824,0.0722658576759874,0.3105046550154831,117.26533495455408,1.9050738694267646
322,0.0105,0.0115,400000.0,0.000127,1.0,20.0,275.0,0.001478350945804,2329.9516539854462,242.0128264794384,129.87626327278733,0.0,0.0009728821670697,0.4165731623782672,0.0964517550869052,50.8,6.278093783216244e-09,1.0179050944596883e-09,1056.6094325175632,6.453771008094283,9.626503469620148e-05,0.00148,6.65847e-07,0.0154111111111111,0.01157,6.76e-06,0.0805555555555555,0.023,9e-06,0.0031111111111111,0.03605,0.0990777777777777,1.0,459959.6455902918,1.9e-06,0.12776,3.5851156446540653,0.0145423234615107,0.1563114072913618,0.127990763103476,320.78710851710974,5.277576501021634
323,0.0105,0.0115,400000.0,0.000127,1.0,20.0,300.0,0.001885112407737,2329.9516539854462,265.6087782946687,145.03988792131346,0.0,0.0010864704366806,0.7072925102241089,0.1229900117955079,50.8,8.040252038685334e-09,1.2774334758024172e-09,839.5750369051733,4.78034535208862,0.0001323877268867,0.00148,6.65847e-07,0.0154111111111111,0.01157,6.76e-06,0.0805555555555555,0.023,9e-06,0.0031111111111111,0.03605,0.0990777777777777,1.0,347800.5427408148,1.9e-06,0.12776,3.562411491741358,0.0174162668681825,0.4204924984286009,0.1495034954028142,841.6585392681349,122.51152668204331
324,0.0105,0.0115,400000.0,0.000127,1.0,20.0,325.0,0.0024000790193612,2329.9516539854462,291.5053062825179,145.3290473090505,0.0,0.001088636483075,0.8785872387924972,0.1565878754443826,50.8,1.0508397358309956e-08,1.692631868301621e-09,740.2761307518322,3.4762198303483216,0.0001875451049088,0.00148,6.65847e-07,0.0154111111111111,0.01157,6.76e-06,0.0805555555555555,0.023,9e-06,0.0031111111111111,0.03605,0.0990777777777777,1.0,844163.7750787274,1.9e-06,0.12776,3.4669351461520272,0.0295018802339206,0.5581893633481145,0.229444382495064,1012.2567837299864,240.3235753773318
325,0.0105,0.0115,400000.0,0.000127,1.0,20.0,350.0,0.0030847338398881,2329.9516539854462,291.5053062825179,142.79559860204984,0.0,0.0010696588269112,0.6444547833058167,0.2012566729690547,50.8,1.3392047412923228e-08,2.108115316231718e-09,648.9888213482463,2.745008043314328,0.0002365111136675,0.00148,6.65847e-07,0.0154111111111111,0.01157,6.76e-06,0.0805555555555555,0.023,9e-06,0.0031111111111111,0.03605,0.0990777777777777,1.0,653938.7708555084,1.9e-06,0.12776,3.427681815618127,0.03447065625087,0.279388110336762,0.2581135189011325,487.8098058352274,11.805683910376644
326,0.0105,0.0115,400000.0,0.000127,1.0,25.0,275.0,0.0023257821593466,2912.4395674818074,242.0128264794384,132.09834712802652,0.0,0.0007916219514281,0.4345740911518948,0.1517405402658191,50.8,1.0156725554240636e-08,1.6245885749944087e-09,750.182378753785,3.604408165430789,0.0001514811238808,0.00148,6.65847e-07,0.0154111111111111,0.01157,6.76e-06,0.0805555555555555,0.023,9e-06,0.0031111111111111,0.03605,0.0990777777777777,1.0,947564.6332911951,1.9e-06,0.12776,3.484055250392622,0.0273347784313137,0.1190235508860756,0.2162346783503127,219.54527513831684,3.5670233668405413
327,0.0105,0.0115,400000.0,0.000127,1.0,25.0,300.0,0.0029645729662831,2912.4395674818074,265.6087782946687,145.87672023468545,0.0,0.0008741912101912,0.7516477498685854,0.1934170411246168,50.8,1.2951457543038133e-08,2.0740072517226867e-09,665.0102711622496,2.7907681077368385,0.0002095565682006,0.00148,6.65847e-07,0.0154111111111111,0.01157,6.76e-06,0.0805555555555555,0.023,9e-06,0.0031111111111111,0.03605,0.0990777777777777,1.0,771318.8385088313,1.9e-06,0.12776,3.453236888911731,0.0312358368466163,0.3944207087439685,0.2396974171628049,705.750709700703,57.17030230534046
328,0.0105,0.0115,400000.0,0.000127,1.0,25.0,325.0,0.0037731431588544,2912.4395674818074,291.5053062825179,150.51359890924329,0.0,0.0009019784991672,0.9842111992524912,0.2461704244845094,50.8,1.5916214915799668e-08,2.303522596118033e-09,557.2009121527393,2.48284571176785,0.0002768317012954,0.00148,6.65847e-07,0.0154111111111111,0.01157,6.76e-06,0.0805555555555555,0.023,9e-06,0.0031111111111111,0.03605,0.0990777777777777,1.0,1123528.888209703,1.9e-06,0.12776,3.3389916882044486,0.0456972546576647,0.5742307747679818,0.3156432009645164,924.8561712251638,175.89859009346887
329,0.0105,0.0115,400000.0,0.000127,1.0,25.0,350.0,0.0048479808095694,2912.4395674818074,291.5053062825179,153.69299652751474,0.0,0.0009210315834915,0.9911508866518474,0.3162958423625779,50.8,1.9857286301754666e-08,2.608618846065654e-09,413.8892253907396,2.073522454830396,0.0003397560435057,0.00148,6.65847e-07,0.0154111111111111,0.01157,6.76e-06,0.0805555555555555,0.023,9e-06,0.0031111111111111,0.03605,0.0990777777777777,1.0,1370938.0723137967,1.9e-06,0.12776,3.2139821049841446,0.0615212525336525,0.5110450442892694,0.383073623883979,741.9893440031589,71.6714575360526
330,0.0105,0.0115,400000.0,0.000127,1.0,30.0,275.0,0.0033769502429855,3494.9274809781687,242.0128264794384,133.86208281484207,0.0,0.0006684928661359,0.4878688680005326,0.2203216893130546,50.8,1.4463507557613517e-08,2.191061916305578e-09,610.0266342685994,2.633725218632117,0.0002114801660284,0.00148,6.65847e-07,0.0154111111111111,0.01157,6.76e-06,0.0805555555555555,0.023,9e-06,0.0031111111111111,0.03605,0.0990777777777777,1.0,764344.0307832002,1.9e-06,0.12776,3.451845061756371,0.0314120174991935,0.1037371786874779,0.2407239388529956,185.36993105651408,3.0115056597251333
331,0.0105,0.0115,400000.0,0.000127,1.0,30.0,300.0,0.0043024611004986,3494.9274809781687,265.6087782946687,146.88374658936596,0.0,0.0007335216566301,0.7101577578053239,0.2807046090876121,50.8,1.7857047368494978e-08,2.4537712582468715e-09,486.6251866001825,2.281269088837776,0.0002809345307054,0.00148,6.65847e-07,0.0154111111111111,0.01157,6.76e-06,0.0805555555555555,0.023,9e-06,0.0031111111111111,0.03605,0.0990777777777777,1.0,1106307.8498938151,1.9e-06,0.12776,3.3356524423471736,0.0461199440066868,0.2656431487177116,0.3176354521260917,426.5993829945716,8.175226225194077
332,0.0105,0.0115,400000.0,0.000127,1.0,30.0,325.0,0.0054736957340602,3494.9274809781687,291.5053062825179,154.07753741003714,0.0,0.0007694466754478,0.985695766333158,0.3571192360381491,50.8,2.2309472936241183e-08,2.69646224511712e-09,385.2905342122837,1.99423126890956,0.0003773889759658,0.00148,6.65847e-07,0.0154111111111111,0.01157,6.76e-06,0.0805555555555555,0.023,9e-06,0.0031111111111111,0.03605,0.0990777777777777,1.0,1604726.553142166,1.9e-06,0.12776,3.0955269204847227,0.0765155796854781,0.4647665302950087,0.4357544088846845,617.1747759522463,30.774126309820385
333,0.0105,0.0115,400000.0,0.000127,1.0,30.0,350.0,0.0070303344311792,3494.9274809781687,291.5053062825179,161.19943074783797,0.0,0.000805012645957,1.1328074113534576,0.4586787032265425,50.8,2.853602772471705e-08,2.843327992912901e-09,357.9185993621438,1.923911672405908,0.0004718219573993,0.00148,6.65847e-07,0.0154111111111111,0.01157,6.76e-06,0.0805555555555555,0.023,9e-06,0.0031111111111111,0.03605,0.0990777777777777,1.0,1986009.2149076469,1.9e-06,0.12776,3.2108915694928557,0.0619124595578664,0.5103187081269152,0.3845727578423705,739.1342972657278,70.44977475174677
334,0.0105,0.0115,400000.0,0.000127,1.0,35.0,300.0,0.0059097604435302,4077.4153944745294,265.6087782946687,148.06229006964105,0.0,0.0006337775796059,0.7475513995282629,0.3855693186651569,50.8,2.405373177412109e-08,2.737604078326194e-09,377.6227723609637,1.974532481723964,0.0003684140145134,0.00148,6.65847e-07,0.0154111111111111,0.01157,6.76e-06,0.0805555555555555,0.023,9e-06,0.0031111111111111,0.03605,0.0990777777777777,1.0,1106578.572974566,1.9e-06,0.12776,3.155833039384074,0.0688818937488514,0.1981720808631057,0.4101097193318252,275.1179069216956,4.479125596768192
335,0.0105,0.0115,400000.0,0.000127,1.0,35.0,325.0,0.007514969276244,4077.4153944745294,291.5053062825179,156.88737182262076,0.0,0.0006715531600768,1.0553251539427058,0.4902976374961349,50.8,3.0474567104976185e-08,2.889052321275073e-09,349.3967802465247,1.902018777914952,0.0005012219268207,0.00148,6.65847e-07,0.0154111111111111,0.01157,6.76e-06,0.0805555555555555,0.023,9e-06,0.0031111111111111,0.03605,0.0990777777777777,1.0,1801701.6481734333,1.9e-06,0.12776,3.179825299272068,0.0658448988263205,0.4012175164465708,0.3992470907101704,567.2583749660786,21.10264258938342
336,0.0105,0.0115,400000.0,0.000127,1.0,35.0,350.0,0.0096479215936236,4077.4153944745294,291.5053062825179,166.7751277332842,0.0,0.0007138774953673,1.1952451386139915,0.6294574189484681,50.8,3.9006376374494534e-08,3.541512074056576e-09,291.76313625505463,1.6905781792749048,0.0006374974348363,0.00148,6.65847e-07,0.0154111111111111,0.01157,6.76e-06,0.0805555555555555,0.023,9e-06,0.0031111111111111,0.03605,0.0990777777777777,1.0,1482918.282736526,1.9e-06,0.12776,3.483812718967597,0.0273654786116966,0.4019777196655236,0.2164249750686953,741.2892735517905,71.3706461516027
337,0.0105,0.0115,450000.0,0.000127,1.0,20.0,275.0,0.0011680797596476,2071.0681368759524,242.0128264794384,129.87626327278738,0.0,0.0010944924379534,0.4163828967849785,0.0762087941427399,57.15,5.037009038590614e-09,7.870202042644453e-10,1242.7721442114075,7.540570302691778,8.788001467972078e-05,0.00148,6.65847e-07,0.0154111111111111,0.01157,6.76e-06,0.0805555555555555,0.023,9e-06,0.0031111111111111,0.03605,0.0990777777777777,1.0,344497.61910684785,1.9e-06,0.12776,3.561441644738767,0.0175390323115484,0.1763641026422384,0.1503988344228754,352.63908103696855,5.919875760206487
338,0.0105,0.0115,450000.0,0.000127,1.0,20.0,300.0,0.0014894715320391,2071.0681368759524,265.6087782946687,145.03988792131338,0.0,0.0012222792412657,0.6932057235562602,0.0971772932705247,57.15,6.322576128156655e-09,1.0261803563800914e-09,1049.9370807765015,6.41481848586514,0.0001190090790483,0.00148,6.65847e-07,0.0154111111111111,0.01157,6.76e-06,0.0805555555555555,0.023,9e-06,0.0031111111111111,0.03605,0.0990777777777777,1.0,770473.9502773688,1.9e-06,0.12776,3.4524463418709,0.0313359060922911,0.4322184302857355,0.2402808138102372,772.7900552357797,85.7036526026514
339,0.0105,0.0115,450000.0,0.000127,1.0,20.0,325.0,0.0018963587313471,2071.0681368759524,291.5053062825179,145.32904730905042,0.0,0.0012247160434593,0.8800418123231085,0.123723753437537,57.15,8.096483656735842e-09,1.282209913149187e-09,835.0765074611327,4.720255907650139,0.0001638481100932,0.00148,6.65847e-07,0.0154111111111111,0.01157,6.76e-06,0.0805555555555555,0.023,9e-06,0.0031111111111111,0.03605,0.0990777777777777,1.0,600278.9773377794,1.9e-06,0.12776,3.413689442334653,0.0362418427424489,0.5925080588855715,0.26782400514515,1020.9745023799072,247.12187575591628
340,0.0105,0.0115,450000.0,0.000127,1.0,20.0,350.0,0.0024373205648499,2071.0681368759524,291.5053062825179,142.79559860204972,0.0,0.0012033661802751,0.6509358659320783,0.159017618148389,57.15,1.0684674006956197e-08,1.7267387929064843e-09,735.3105913533467,3.411965005701009,0.0002145051302946,0.00148,6.65847e-07,0.0154111111111111,0.01157,6.76e-06,0.0805555555555555,0.023,9e-06,0.0031111111111111,0.03605,0.0990777777777777,1.0,803908.2687821459,1.9e-06,0.12776,3.264964926192339,0.0550677308617292,0.3281082477836893,0.3572451208456138,496.3267449973683,12.512696734570186
341,0.0105,0.0115,450000.0,0.000127,1.0,25.0,275.0,0.0018376550394837,2588.8351710949405,242.0128264794384,132.0983471280265,0.0,0.0008905746953566,0.4503864331707218,0.11989376021003,57.15,7.802965197418721e-09,1.2572778094741803e-09,858.5579842065025,5.033911494387173,0.0001327356070727,0.00148,6.65847e-07,0.0154111111111111,0.01157,6.76e-06,0.0805555555555555,0.023,9e-06,0.0031111111111111,0.03605,0.0990777777777777,1.0,726972.0546703243,1.9e-06,0.12776,3.443504941762276,0.0324677288908512,0.1666826729606918,0.2468174680617512,295.4580614330666,4.824306984840058
342,0.0105,0.0115,450000.0,0.000127,1.0,25.0,300.0,0.0023423786400261,2588.8351710949405,265.6087782946687,145.87672023468545,0.0,0.0009834651114651,0.760115104377711,0.1528233411354998,57.15,1.0235282229457233e-08,1.639788129895173e-09,747.9695146631765,3.575773372168704,0.0001878299828024,0.00148,6.65847e-07,0.0154111111111111,0.01157,6.76e-06,0.0805555555555555,0.023,9e-06,0.0031111111111111,0.03605,0.0990777777777777,1.0,970443.8954542632,1.9e-06,0.12776,3.3058879197953086,0.0498876050892014,0.4434817632422111,0.3348939473659416,694.1795478108041,53.00021775389511
343,0.0105,0.0115,450000.0,0.000127,1.0,25.0,325.0,0.002981248915638,2588.8351710949405,291.5053062825179,150.51359890924334,0.0,0.0010147258115631,0.9623394861116424,0.1945050267531928,57.15,1.3012602690673e-08,2.078740775533591e-09,662.7868112482546,2.784417517116984,0.0002592550207281,0.00148,6.65847e-07,0.0154111111111111,0.01157,6.76e-06,0.0805555555555555,0.023,9e-06,0.0031111111111111,0.03605,0.0990777777777777,1.0,1242628.751113518,1.9e-06,0.12776,3.193207278289406,0.0641509774317208,0.6040244593584496,0.3930127222338075,862.8578655647657,135.25443342364198
344,0.0105,0.0115,450000.0,0.000127,1.0,25.0,350.0,0.0038305033557092,2588.8351710949405,291.5053062825179,153.69299652751457,0.0,0.001036160531428,1.0008326795049831,0.2499127643358642,57.15,1.61265356376004e-08,2.3198044791959088e-09,549.55288590544,2.4610016104009698,0.0003152145700226,0.00148,6.65847e-07,0.0154111111111111,0.01157,6.76e-06,0.0805555555555555,0.023,9e-06,0.0031111111111111,0.03605,0.0990777777777777,1.0,1267596.4928034074,1.9e-06,0.12776,3.2202872845237285,0.0607231285413002,0.5871099151691188,0.3799923914076746,856.6858279797284,131.47987500957575
345,0.0105,0.0115,450000.0,0.000127,1.0,30.0,275.0,0.0026682075993959,3106.602205313928,242.0128264794384,133.86208281484207,0.0,0.0007520544744029,0.4829856779363134,0.1740813347658703,57.15,1.1777539303807516e-08,1.938192065754797e-09,704.5256534138729,3.013603291023526,0.0001972276664697,0.00148,6.65847e-07,0.0154111111111111,0.01157,6.76e-06,0.0805555555555555,0.023,9e-06,0.0031111111111111,0.03605,0.0990777777777777,1.0,924315.5476125767,1.9e-06,0.12776,3.2952673434954645,0.0512319818360171,0.1450943431704429,0.3408426835865639,225.0840424309167,3.6571702866726357
346,0.0105,0.0115,450000.0,0.000127,1.0,30.0,300.0,0.003399475437431,3106.602205313928,265.6087782946687,146.8837465893659,0.0,0.0008252118637089,0.7381495443209056,0.2217912960692244,57.15,1.4546099937247065e-08,2.197455767832919e-09,607.0232750091976,2.6251470989993955,0.0002618585921121,0.00148,6.65847e-07,0.0154111111111111,0.01157,6.76e-06,0.0805555555555555,0.023,9e-06,0.0031111111111111,0.03605,0.0990777777777777,1.0,1224839.2552525157,1.9e-06,0.12776,3.18927187539863,0.0646491296963759,0.3525482482516811,0.394859529772659,502.0880766015128,13.025046869969911
347,0.0105,0.0115,450000.0,0.000127,1.0,30.0,325.0,0.004324895394813,3106.602205313928,291.5053062825179,154.07753741003714,0.0,0.0008656275098788,0.9866040968850418,0.2821682852647105,57.15,1.7939306447647947e-08,2.460139307469008e-09,483.6339473582565,2.2727255860959685,0.00034778034757,0.00148,6.65847e-07,0.0154111111111111,0.01157,6.76e-06,0.0805555555555555,0.023,9e-06,0.0031111111111111,0.03605,0.0990777777777777,1.0,1529378.8781303477,1.9e-06,0.12776,3.11894541207464,0.073551213661438,0.5406258116203313,0.4260652457518185,730.2380342564454,66.72974422817322
348,0.0105,0.0115,450000.0,0.000127,1.0,30.0,350.0,0.0055548321431539,3106.602205313928,291.5053062825179,161.19943074783797,0.0,0.0009056392267017,1.0939734453466914,0.3624128025493669,57.15,2.2634018572615943e-08,2.704117303042292e-09,383.8638315947803,1.9905660127651617,0.0004301000001498,0.00148,6.65847e-07,0.0154111111111111,0.01157,6.76e-06,0.0805555555555555,0.023,9e-06,0.0031111111111111,0.03605,0.0990777777777777,1.0,1621262.1662458086,1.9e-06,0.12776,3.4863048512784345,0.0270500188255146,0.5677506427973245,0.2144651659189339,1049.6106567864697,269.846459795337
349,0.0105,0.0115,450000.0,0.000127,1.0,35.0,275.0,0.0036669585315123,3624.369239532916,242.0128264794384,135.48755313330415,0.0,0.0006524456371204,0.4855964229937681,0.2392426420797554,57.15,1.5526871282212034e-08,2.273381735698226e-09,571.3588624650168,2.52328329550102,0.0002537732587142,0.00148,6.65847e-07,0.0154111111111111,0.01157,6.76e-06,0.0805555555555555,0.023,9e-06,0.0031111111111111,0.03605,0.0990777777777777,1.0,1277115.130427264,1.9e-06,0.12776,3.200681890643782,0.0632048239691415,0.0825437809140126,0.3894738147451559,118.60248860400492,1.926797053756049
350,0.0105,0.0115,450000.0,0.000127,1.0,35.0,300.0,0.0046694403504436,3624.369239532916,265.6087782946687,148.06229006964097,0.0,0.0007129997770567,0.7637564086990268,0.3046473628959265,57.15,1.92026379516268e-08,2.557939541607938e-09,437.6946199408436,2.141514827609539,0.0003380691001776,0.00148,6.65847e-07,0.0154111111111111,0.01157,6.76e-06,0.0805555555555555,0.023,9e-06,0.0031111111111111,0.03605,0.0990777777777777,1.0,1616110.7725809163,1.9e-06,0.12776,3.13688413779038,0.0712804888872937,0.2952990458031003,0.4184152039268689,404.18504159736216,7.322241510427341
351,0.0105,0.0115,450000.0,0.000127,1.0,35.0,325.0,0.0059377535022175,3624.369239532916,291.5053062825179,156.88737182262082,0.0,0.0007554973050864,1.0386637857515548,0.3873956641944772,57.15,2.416570400887008e-08,2.740245167427218e-09,377.1305424170072,1.973267923290826,0.0004562336114895,0.00148,6.65847e-07,0.0154111111111111,0.01157,6.76e-06,0.0805555555555555,0.023,9e-06,0.0031111111111111,0.03605,0.0990777777777777,1.0,1500475.8667585547,1.9e-06,0.12776,3.470870914912196,0.029003681656684,0.4874581215570776,0.2264471515608005,887.4266133688158,150.7848307340545
352,0.0105,0.0115,450000.0,0.000127,1.0,35.0,350.0,0.0076230491603939,3624.369239532916,291.5053062825179,166.7751277332842,0.0,0.0008031121822883,1.2183620851545,0.4973490717617527,57.15,3.0906886641575944e-08,2.8992494421848515e-09,347.4963035636321,1.897136377228362,0.0005712507929703,0.00148,6.65847e-07,0.0154111111111111,0.01157,6.76e-06,0.0805555555555555,0.023,9e-06,0.0031111111111111,0.03605,0.0990777777777777,1.0,1787893.6612834178,1.9e-06,0.12776,3.438562309107551,0.0330933785939809,0.5572030133927472,0.2503827574973996,983.0105356929928,217.9692358905882
353,0.0105,0.0115,450000.0,0.000127,1.0,40.0,300.0,0.00616242855808,4142.136273751905,265.6087782946687,149.4109537777633,0.0,0.0006295575301304,0.7647710192421988,0.4020540939291032,57.15,2.5064404232320082e-08,2.761442809597732e-09,373.1798562347209,1.963118452317293,0.0004301763253298,0.00148,6.65847e-07,0.0154111111111111,0.01157,6.76e-06,0.0805555555555555,0.023,9e-06,0.0031111111111111,0.03605,0.0990777777777777,1.0,1620940.4788626714,1.9e-06,0.12776,3.486266405018329,0.0270548854407178,0.1989069253130956,0.2144954744501948,367.7085635085494,6.27033997254152
354,0.0105,0.0115,450000.0,0.000127,1.0,40.0,325.0,0.0078320503589128,4142.136273751905,291.5053062825179,159.3483637939301,0.0,0.0006714297700666,1.0450999471488092,0.5109848951564795,57.15,3.1742891435651415e-08,2.918968287262709e-09,343.8212264888764,1.8876949570864707,0.0005855144673703,0.00148,6.65847e-07,0.0154111111111111,0.01157,6.76e-06,0.0805555555555555,0.023,9e-06,0.0031111111111111,0.03605,0.0990777777777777,1.0,1682098.6044104148,1.9e-06,0.12776,3.423695845201272,0.0349752094681934,0.3703050519923295,0.2609058566074183,644.1166811815148,37.485386603621926
355,0.0105,0.0115,500000.0,0.000127,1.0,20.0,300.0,0.0012064719409517,1863.961323188357,265.6087782946687,145.0398879213133,0.0,0.0013580880458508,0.6797657059675959,0.078713607549125,63.5,5.190577763806887e-09,8.155893236678734e-10,1219.7368354289667,7.406092473550766,0.0001095058160039,0.00148,6.65847e-07,0.0154111111111111,0.01157,6.76e-06,0.0805555555555555,0.023,9e-06,0.0031111111111111,0.03605,0.0990777777777777,1.0,531372.0074302945,1.9e-06,0.12776,3.394215287028464,0.0387069256925995,0.4372420984184708,0.2809232426945075,739.9499918849348,70.79743511319953
356,0.0105,0.0115,500000.0,0.000127,1.0,20.0,325.0,0.0015360505723912,1863.961323188357,291.5053062825179,145.32904730905048,0.0,0.0013607956038437,0.8747949047929418,0.100216240284405,63.5,6.508892289564825e-09,1.06084163688862e-09,1021.9896565652762,6.251664218062426,0.0001485279077328,0.00148,6.65847e-07,0.0154111111111111,0.01157,6.76e-06,0.0805555555555555,0.023,9e-06,0.0031111111111111,0.03605,0.0990777777777777,1.0,859568.1532829173,1.9e-06,0.12776,3.2828852856057424,0.0527993309359819,0.6107686645085366,0.3476450887374477,937.7041376533308,184.89274203014693
357,0.0105,0.0115,500000.0,0.000127,1.0,20.0,350.0,0.0019742296575284,1863.961323188357,291.5053062825179,142.79559860204972,0.0,0.001337073533639,0.7184705516364794,0.128804270700195,63.5,8.48583828764209e-09,1.3152825520785519e-09,803.9281369886328,4.304189212935936,0.0001898514714538,0.00148,6.65847e-07,0.0154111111111111,0.01157,6.76e-06,0.0805555555555555,0.023,9e-06,0.0031111111111111,0.03605,0.0990777777777777,1.0,854736.7084599892,1.9e-06,0.12776,3.293765665712278,0.0514220676313572,0.4258562809362844,0.341675218945016,659.7940715291543,41.90892302928183
358,0.0105,0.0115,500000.0,0.000127,1.0,25.0,275.0,0.0014885005819818,2329.9516539854462,242.0128264794384,132.0983471280265,0.0,0.0009895274392851,0.4267199385779446,0.0971139457701243,63.5,6.3186923279273295e-09,1.0254578345753787e-09,1050.5196508109004,6.418219471468956,0.0001210733400278,0.00148,6.65847e-07,0.0154111111111111,0.01157,6.76e-06,0.0805555555555555,0.023,9e-06,0.0031111111111111,0.03605,0.0990777777777777,1.0,814189.2410325818,1.9e-06,0.12776,3.266739887139155,0.0548430522608665,0.1657959928078202,0.3563068900232497,251.1643746473784,4.083044562065719
359,0.0105,0.0115,500000.0,0.000127,1.0,25.0,300.0,0.0018973266984212,2329.9516539854462,265.6087782946687,145.8767202346855,0.0,0.0010927390127391,0.7520470507354554,0.1237869063197548,63.5,8.101323492106013e-09,1.2826210194131671e-09,834.6893206315189,4.715084030534562,0.0001665998889287,0.00148,6.65847e-07,0.0154111111111111,0.01157,6.76e-06,0.0805555555555555,0.023,9e-06,0.0031111111111111,0.03605,0.0990777777777777,1.0,690447.0588885167,1.9e-06,0.12776,3.235807026215768,0.0587586042764851,0.4644501444157005,0.3722754127516963,686.1410307473823,50.233810603856256
360,0.0105,0.0115,500000.0,0.000127,1.0,25.0,325.0,0.0024148116216668,2329.9516539854462,291.5053062825179,150.51359890924337,0.0,0.001127473123959,0.9842111992524912,0.1575490716700861,63.5,1.0578131675889767e-08,1.7061244274711535e-09,738.311783777753,3.4508008858516903,0.0002359772852348,0.00148,6.65847e-07,0.0154111111111111,0.01157,6.76e-06,0.0805555555555555,0.023,9e-06,0.0031111111111111,0.03605,0.0990777777777777,1.0,1143846.1575272204,1.9e-06,0.12776,3.4915330906078887,0.0263882163787482,0.6628521275824052,0.210321661707215,1231.8902790111958,424.3022150625819
361,0.0105,0.0115,500000.0,0.000127,1.0,25.0,350.0,0.0031027077181244,2329.9516539854462,291.5053062825179,153.6929965275145,0.0,0.0011512894793644,0.966082298683963,0.2024293391120499,63.5,1.3457951633122992e-08,2.1132172614820195e-09,646.5923042500731,2.7381631710914527,0.000296955011196,0.00148,6.65847e-07,0.0154111111111111,0.01157,6.76e-06,0.0805555555555555,0.023,9e-06,0.0031111111111111,0.03605,0.0990777777777777,1.0,1537265.8826574043,1.9e-06,0.12776,3.4623707247075317,0.0300796551003124,0.599842959571913,0.2328913979631682,1082.9279607901003,296.9621027449285
362,0.0105,0.0115,500000.0,0.000127,1.0,30.0,275.0,0.0021612481555107,2795.941984782535,242.0128264794384,133.86208281484207,0.0,0.0008356160826699,0.4809901519639402,0.141005881160355,63.5,9.377931269417421e-09,1.4739033982613856e-09,772.1202459319036,3.888287457395722,0.0001750303136487,0.00148,6.65847e-07,0.0154111111111111,0.01157,6.76e-06,0.0805555555555555,0.023,9e-06,0.0031111111111111,0.03605,0.0990777777777777,1.0,946261.6360581712,1.9e-06,0.12776,3.3161499591103474,0.0485886127708421,0.176174270803585,0.3290431396766897,278.1904576311895,4.530583504883621
363,0.0105,0.0115,500000.0,0.000127,1.0,30.0,300.0,0.0027535751043191,2795.941984782535,265.6087782946687,146.88374658936587,0.0,0.0009169020707877,0.712034077440823,0.1796509498160716,63.5,1.2177798715836783e-08,2.0141148052779976e-09,693.143319424117,2.871121016856177,0.0002478706057458,0.00148,6.65847e-07,0.0154111111111111,0.01157,6.76e-06,0.0805555555555555,0.023,9e-06,0.0031111111111111,0.03605,0.0990777777777777,1.0,1094701.7626030906,1.9e-06,0.12776,3.4836555222442933,0.0273853769311021,0.3685731276247513,0.2165482665219266,679.5807404915971,48.055043167499704
364,0.0105,0.0115,500000.0,0.000127,1.0,30.0,325.0,0.0035031652697985,2795.941984782535,291.5053062825179,154.07753741003717,0.0,0.0009618083443097,1.014258121734584,0.2285563110644155,63.5,1.49262959892615e-08,2.226888472383229e-09,593.1979640268545,2.585659591404401,0.0003262755411767,0.00148,6.65847e-07,0.0154111111111111,0.01157,6.76e-06,0.0805555555555555,0.023,9e-06,0.0031111111111111,0.03605,0.0990777777777777,1.0,1406527.0385667158,1.9e-06,0.12776,3.443185862494857,0.0325081186715371,0.6218918106701683,0.2470486545194364,1102.013462787228,312.77925619621954
365,0.0105,0.0115,500000.0,0.000127,1.0,30.0,350.0,0.0044994140359547,2795.941984782535,291.5053062825179,161.199430747838,0.0,0.0010062658074463,1.1203164255264155,0.2935543700649871,63.5,1.8579208131834e-08,2.509677005485869e-09,460.3647952060364,2.206264815447601,0.0003991929955194,0.00148,6.65847e-07,0.0154111111111111,0.01157,6.76e-06,0.0805555555555555,0.023,9e-06,0.0031111111111111,0.03605,0.0990777777777777,1.0,1723825.6207080246,1.9e-06,0.12776,3.412547985132289,0.0363863309959128,0.6629520554614285,0.2686049561415612,1141.1409309770852,345.7510653502695
366,0.0105,0.0115,500000.0,0.000127,1.0,35.0,275.0,0.002970236410525,3261.9323155796246,242.0128264794384,135.48755313330415,0.0,0.0007249395968005,0.4795394120141011,0.1937865400846019,63.5,1.2972223505258416e-08,2.075614839248896e-09,664.2551452633304,2.7886113360224924,0.0002396369724054,0.00148,6.65847e-07,0.0154111111111111,0.01157,6.76e-06,0.0805555555555555,0.023,9e-06,0.0031111111111111,0.03605,0.0990777777777777,1.0,1129213.7601108437,1.9e-06,0.12776,3.489245455674441,0.0266777904209568,0.1219428719294991,0.2121400332651456,226.105226327956,3.673797662286511
367,0.0105,0.0115,500000.0,0.000127,1.0,35.0,300.0,0.0037822466838593,3261.9323155796246,265.6087782946687,148.06229006964105,0.0,0.0007922219745074,0.7847774357381511,0.2467643639457004,63.5,1.5949594507484375e-08,2.306106662035763e-09,555.9871088187499,2.4793788770303937,0.0003164813141279,0.00148,6.65847e-07,0.0154111111111111,0.01157,6.76e-06,0.0805555555555555,0.023,9e-06,0.0031111111111111,0.03605,0.0990777777777777,1.0,1453529.6439047314,1.9e-06,0.12776,3.450413214131958,0.0315932640339293,0.3742030717924505,0.2417770884497446,667.7430866953435,44.30175494651302
368,0.0105,0.0115,500000.0,0.000127,1.0,35.0,325.0,0.0048095803367961,3261.9323155796246,291.5053062825179,156.88737182262065,0.0,0.000839441450096,1.0611463281279594,0.3137904879975263,63.5,1.9716484568252684e-08,2.597718743867387e-09,419.0092884271751,2.0881462508734865,0.0004218858665328,0.00148,6.65847e-07,0.0154111111111111,0.01157,6.76e-06,0.0805555555555555,0.023,9e-06,0.0031111111111111,0.03605,0.0990777777777777,1.0,1571846.2673851016,1.9e-06,0.12776,3.3882762581875405,0.039458701495248,0.5835458401304331,0.2848253521549613,982.1826017811492,217.34715286917182
369,0.0105,0.0115,500000.0,0.000127,1.0,40.0,275.0,0.0039223143700212,3727.922646376714,242.0128264794384,137.1124445671442,0.0,0.0006419295221913,0.4735951004805857,0.2559027719804241,63.5,1.6463176023411345e-08,2.345865341645106e-09,537.3114173304966,2.4260378338939312,0.0002974836066002,0.00148,6.65847e-07,0.0154111111111111,0.01157,6.76e-06,0.0805555555555555,0.023,9e-06,0.0031111111111111,0.03605,0.0990777777777777,1.0,1535130.401574579,1.9e-06,0.12776,3.4620794210911945,0.0301165289757981,0.0538823285001615,0.2331103415666928,97.24883002822727,1.5798889328262007
370,0.0105,0.0115,500000.0,0.000127,1.0,40.0,300.0,0.0049915671320448,3727.922646376714,265.6087782946687,149.41095377776324,0.0,0.0006995083668116,0.7677428960047396,0.3256638160825733,63.5,2.0383769484164312e-08,2.6493763023213602e-09,394.7443823940249,2.018841432884254,0.000397102474869,0.00148,6.65847e-07,0.0154111111111111,0.01157,6.76e-06,0.0805555555555555,0.023,9e-06,0.0031111111111111,0.03605,0.0990777777777777,1.0,1735406.6363345142,1.9e-06,0.12776,3.4142514357009435,0.0361707043416527,0.2782690799221661,0.2674388930273716,479.7488673268209,11.188898574477308
371,0.0105,0.0115,550000.0,0.000127,1.0,20.0,325.0,0.0012694632829679,1694.5102938075972,291.5053062825179,145.3290473090505,0.0,0.0014968751642281,0.9040905660815988,0.0828233390780206,69.85,5.442543131871755e-09,8.624636379244791e-10,1181.9420302192366,7.185450180216883,0.000137515075826,0.00148,6.65847e-07,0.0154111111111111,0.01157,6.76e-06,0.0805555555555555,0.023,9e-06,0.0031111111111111,0.03605,0.0990777777777777,1.0,620851.8066802005,1.9e-06,0.12776,3.498986375674356,0.0254447625728663,0.657457227003578,0.2043386081043341,1231.1215612275075,423.627899179147
372,0.0105,0.0115,550000.0,0.000127,1.0,20.0,350.0,0.0016315947582879,1694.5102938075972,291.5053062825179,142.7955986020497,0.0,0.0014707808870029,0.6509358659320783,0.106449810496029,69.85,6.891069033151795e-09,1.131939791837636e-09,964.6631450272308,5.91699777635447,0.0001726469668729,0.00148,6.65847e-07,0.0154111111111111,0.01157,6.76e-06,0.0805555555555555,0.023,9e-06,0.0031111111111111,0.03605,0.0990777777777777,1.0,1009051.9002745833,1.9e-06,0.12776,3.45880186666493,0.0305314092829203,0.3806760554360492,0.2355651630514585,684.8590193376434,49.802472546256276
373,0.0105,0.0115,550000.0,0.000127,1.0,25.0,275.0,0.0012301657702329,2118.137867259497,242.0128264794384,132.09834712802646,0.0,0.0010884801832136,0.4306964211580309,0.0802594593141523,69.85,5.285353080931678e-09,8.332208260953541e-10,1205.5205378602482,7.323099149974343,0.0001124026618952,0.00148,6.65847e-07,0.0154111111111111,0.01157,6.76e-06,0.0805555555555555,0.023,9e-06,0.0031111111111111,0.03605,0.0990777777777777,1.0,839035.9223690535,1.9e-06,0.12776,3.287423616173357,0.0522248587122332,0.1866269618438784,0.3451682001303471,287.61351918968506,4.689785702490832
374,0.0105,0.0115,550000.0,0.000127,1.0,25.0,300.0,0.0015680385937365,2118.137867259497,265.6087782946687,145.87672023468537,0.0,0.001202012914013,0.7578159933119413,0.1023032283634337,69.85,6.636844374946122e-09,1.0846451711045082e-09,1002.7968437580816,6.139618496175305,0.0001523941257519,0.00148,6.65847e-07,0.0154111111111111,0.01157,6.76e-06,0.0805555555555555,0.023,9e-06,0.0031111111111111,0.03605,0.0990777777777777,1.0,506355.4620517562,1.9e-06,0.12776,3.4674833529222515,0.0294324869718669,0.4917027649485075,0.2290282961380974,892.1671697303271,153.87134919374378
375,0.0105,0.0115,550000.0,0.000127,1.0,25.0,325.0,0.0019957120840221,2118.137867259497,291.5053062825179,150.51359890924329,0.0,0.0012402204363549,0.9335728656736312,0.130205844355443,69.85,8.593250420110961e-09,1.324406374917149e-09,795.3351663911233,4.189407963706909,0.000211202252102,0.00148,6.65847e-07,0.0154111111111111,0.01157,6.76e-06,0.0805555555555555,0.023,9e-06,0.0031111111111111,0.03605,0.0990777777777777,1.0,1357938.3655611458,1.9e-06,0.12776,3.422402419641829,0.0351389342225533,0.6395570213181883,0.2618074433418298,1111.1023893549668,320.3765767217414
376,0.0105,0.0115,550000.0,0.000127,1.0,25.0,350.0,0.0025642212546483,2118.137867259497,291.5053062825179,153.6929965275145,0.0,0.0012664184273009,0.991548409018486,0.1672969744727686,69.85,1.1285337272001987e-08,1.842958251644559e-09,718.3904993802257,3.193016477555028,0.0002768158352176,0.00148,6.65847e-07,0.0154111111111111,0.01157,6.76e-06,0.0805555555555555,0.023,9e-06,0.0031111111111111,0.03605,0.0990777777777777,1.0,1547860.4410978456,1.9e-06,0.12776,3.3676272981078164,0.042072493910403,0.6604414345457172,0.2980688128135285,1091.0232343693838,303.6476773280868
377,0.0105,0.0115,550000.0,0.000127,1.0,30.0,275.0,0.001786155500422,2541.765440711396,242.0128264794384,133.86208281484207,0.0,0.0009191776909368,0.4818826354412027,0.1165337860829381,69.85,7.545467502110431e-09,1.235405388739764e-09,879.1577998311654,5.309075076579779,0.0001575165269018,0.00148,6.65847e-07,0.0154111111111111,0.01157,6.76e-06,0.0805555555555555,0.023,9e-06,0.0031111111111111,0.03605,0.0990777777777777,1.0,1070925.9460131663,1.9e-06,0.12776,3.470204862568103,0.0290879920799869,0.2015388493582645,0.2269560126098265,366.6638801126475,6.244772023686363
378,0.0105,0.0115,550000.0,0.000127,1.0,30.0,300.0,0.0022756819043959,2541.765440711396,265.6087782946687,146.88374658936584,0.0,0.0010085922778664,0.7011881111768681,0.1484718593521254,69.85,9.919584347474256e-09,1.5787052585029607e-09,756.8624127472041,3.690848807310732,0.0002225582980809,0.00148,6.65847e-07,0.0154111111111111,0.01157,6.76e-06,0.0805555555555555,0.023,9e-06,0.0031111111111111,0.03605,0.0990777777777777,1.0,1304347.3368523906,1.9e-06,0.12776,3.4128850068371106,0.0363436700206189,0.3889062518247426,0.2683745493160295,669.6361300461704,44.88665116157571
379,0.0105,0.0115,550000.0,0.000127,1.0,35.0,275.0,0.0024547408351446,2965.393014163295,242.0128264794384,135.48755313330412,0.0,0.0007974335564805,0.4847353396182388,0.160154165359175,69.85,1.0767129953017989e-08,1.7426927990505203e-09,732.9878886473807,3.381908884280404,0.0002206306483994,0.00148,6.65847e-07,0.0154111111111111,0.01157,6.76e-06,0.0805555555555555,0.023,9e-06,0.0031111111111111,0.03605,0.0990777777777777,1.0,1313873.920302428,1.9e-06,0.12776,3.4146214310915592,0.0361238694820811,0.1607711742590637,0.2671851283930789,277.27301612376215,4.515197825648535
380,0.0105,0.0115,550000.0,0.000127,1.0,35.0,300.0,0.0031258237056689,2965.393014163295,265.6087782946687,148.06229006964105,0.0,0.0008714441719581,0.7751472266814063,0.2039374908642152,69.85,1.3542710254119318e-08,2.1197788115998043e-09,643.5101725774794,2.729360063661482,0.0002999718970345,0.00148,6.65847e-07,0.0154111111111111,0.01157,6.76e-06,0.0805555555555555,0.023,9e-06,0.0031111111111111,0.03605,0.0990777777777777,1.0,1349380.869618029,1.9e-06,0.12776,3.3274700161800523,0.0471556941544237,0.4073997358171911,0.3224685397354627,649.6139724233348,38.99222803960925
381,0.0105,0.0115,550000.0,0.000127,1.0,40.0,275.0,0.0032415821239845,3389.0205876151945,242.0128264794384,137.11244456714414,0.0,0.0007061224744104,0.4759369545441768,0.2114898941986975,69.85,1.3967157787943253e-08,2.152637224500087e-09,628.0757168020634,2.6852765569371337,0.0002817376159062,0.00148,6.65847e-07,0.0154111111111111,0.01157,6.76e-06,0.0805555555555555,0.023,9e-06,0.0031111111111111,0.03605,0.0990777777777777,1.0,1515814.152426476,1.9e-06,0.12776,3.361698152875443,0.0428230186233616,0.1006370603454792,0.3017813832580987,165.36915802922448,2.6865623478368157
382,0.0105,0.0115,600000.0,0.000127,1.0,20.0,325.0,0.0010667017863827,1553.3011026569643,291.5053062825179,145.32904730905045,0.0,0.0016329547246125,0.8698521110049742,0.0695946113086146,76.2,4.631497145531129e-09,7.11580900617097e-10,1303.5989281703305,7.895670984765573,0.0001285521373008,0.00148,6.65847e-07,0.0154111111111111,0.01157,6.76e-06,0.0805555555555555,0.023,9e-06,0.0031111111111111,0.03605,0.0990777777777777,1.0,838567.2576082428,1.9e-06,0.12776,3.4119692436327997,0.0364595894135697,0.6364474996963596,0.2690002777027329,1094.9264452587329,306.88367119126644
383,0.0105,0.0115,600000.0,0.000127,1.0,20.0,350.0,0.001370992817728,1553.3011026569643,291.5053062825179,142.79559860204955,0.0,0.0016044882403668,0.7126181201270035,0.0894474102084688,76.2,5.848661270912276e-09,9.380157243913476e-10,1121.0243093631584,6.829818617631184,0.0001607642414108,0.00148,6.65847e-07,0.0154111111111111,0.01157,6.76e-06,0.0805555555555555,0.023,9e-06,0.0031111111111111,0.03605,0.0990777777777777,1.0,1065734.4373633482,1.9e-06,0.12776,3.3492183991679565,0.0444027342825371,0.4593607099185347,0.3094687469743041,746.5215242767183,73.6384881724252
384,0.0105,0.0115,600000.0,0.000127,1.0,25.0,275.0,0.0010336809597096,1941.6263783212053,242.0128264794384,132.0983471280265,0.0,0.0011874329271421,0.4515028903048975,0.0674402401181419,76.2,4.499413838838424e-09,6.870088156773461e-10,1323.4114241742363,8.011334355186774,0.0001053815968506,0.00148,6.65847e-07,0.0154111111111111,0.01157,6.76e-06,0.0805555555555555,0.023,9e-06,0.0031111111111111,0.03605,0.0990777777777777,1.0,508730.1464923912,1.9e-06,0.12776,3.462619949854198,0.0300481076133926,0.2202526501867554,0.2327039812533774,397.730811308146,7.1097691770267355
385,0.0105,0.0115,600000.0,0.000127,1.0,25.0,300.0,0.0013175879850147,1941.6263783212053,265.6087782946687,145.87672023468542,0.0,0.0013112868152869,0.7388711730925094,0.0859631293887186,76.2,5.635041940058893e-09,8.98275105580871e-10,1153.067208991166,7.016881861369528,0.0001421155654625,0.00148,6.65847e-07,0.0154111111111111,0.01157,6.76e-06,0.0805555555555555,0.023,9e-06,0.0031111111111111,0.03605,0.0990777777777777,1.0,730666.6473743895,1.9e-06,0.12776,3.381775072655554,0.0402816363727146,0.4890980437037908,0.2890485484476497,818.3536420027323,109.24684899681951
386,0.0105,0.0115,600000.0,0.000127,1.0,25.0,325.0,0.0016769525150464,1941.6263783212053,291.5053062825179,150.5135989092432,0.0,0.0013529677487508,0.9623394861116424,0.1094090775486708,76.2,7.072500060185698e-09,1.1656922675941315e-09,937.4484909721452,5.758121347446287,0.0001931398336836,0.00148,6.65847e-07,0.0154111111111111,0.01157,6.76e-06,0.0805555555555555,0.023,9e-06,0.0031111111111111,0.03605,0.0990777777777777,1.0,1220230.608319619,1.9e-06,0.12776,3.2799359580147667,0.0531726635424346,0.6891204085629715,0.3492447252129941,1055.4021085038944,274.5107004966537
387,0.0105,0.0115,600000.0,0.000127,1.0,30.0,275.0,0.0015008667746602,2329.9516539854467,242.0128264794384,133.8620828148421,0.0,0.0010027392992038,0.4637499842921393,0.097920750805802,76.2,6.368157098640897e-09,1.034660000828884e-09,1043.0999352038652,6.374903913726645,0.0001463729106356,0.00148,6.65847e-07,0.0154111111111111,0.01157,6.76e-06,0.0805555555555555,0.023,9e-06,0.0031111111111111,0.03605,0.0990777777777777,1.0,1158916.5151785903,1.9e-06,0.12776,3.371319098209452,0.0416051774418415,0.2020192334863373,0.2957371586123706,334.8363831260743,5.547801504135364
388,0.0105,0.012,400000.0,0.000127,1.0,20.0,275.0,0.0017939658813019,2329.9516539854462,242.0128264794384,128.29042404655192,0.0,0.0009610029008808,0.4362936237899553,0.1170433572006059,50.8,7.584519406509677e-09,1.2387225434136263e-09,876.0336474792259,5.26734397722732,0.000115077668783,0.00148,6.65847e-07,0.0154111111111111,0.01157,6.76e-06,0.0805555555555555,0.023,9e-06,0.0031111111111111,0.03605,0.0990777777777777,1.0,407708.4723518902,1.9e-06,0.12776,3.575498795131677,0.0157596461858636,0.1554402665893492,0.1372344105424491,315.61780587644967,5.182077345018579
389,0.0105,0.012,400000.0,0.000127,1.0,20.0,300.0,0.0022800642633866,2329.9516539854462,265.6087782946687,141.8383973233201,0.0,0.0010624885863229,0.7561288845419205,0.1487577767232803,50.8,9.940327513363318e-09,1.582718754337365e-09,756.2780982151178,3.683287689618357,0.0001621956609438,0.00148,6.65847e-07,0.0154111111111111,0.01157,6.76e-06,0.0805555555555555,0.023,9e-06,0.0031111111111111,0.03605,0.0990777777777777,1.0,918204.1774647252,1.9e-06,0.12776,3.479444861896534,0.0279183719118311,0.4435611078186402,0.2198363649611928,814.4122756301157,107.08327098778616
390,0.0105,0.012,400000.0,0.000127,1.0,20.0,325.0,0.0028961906278659,2329.9516539854462,291.5053062825179,142.08968743951618,0.0,0.0010643709601043,0.968771828969664,0.188955585895735,50.8,1.2700722302175293e-08,2.054596697021853e-09,674.1279162845349,2.8168096977939814,0.0002254659672941,0.00148,6.65847e-07,0.0154111111111111,0.01157,6.76e-06,0.0805555555555555,0.023,9e-06,0.0031111111111111,0.03605,0.0990777777777777,1.0,708706.8975285853,1.9e-06,0.12776,3.4401915949529984,0.0328871398793673,0.6160062430739288,0.2492112332825505,1088.4488586639209,301.51776553639814
391,0.0105,0.012,400000.0,0.000127,1.0,20.0,350.0,0.0037165016776116,2329.9516539854462,291.5053062825179,141.15651512170115,0.0,0.0010573807165915,0.9087280199967198,0.2424749756520797,50.8,1.5708529484575963e-08,2.2874447228623188e-09,564.7531096517833,2.504416109459682,0.0002735146649502,0.00148,6.65847e-07,0.0154111111111111,0.01157,6.76e-06,0.0805555555555555,0.023,9e-06,0.0031111111111111,0.03605,0.0990777777777777,1.0,1137013.9261791017,1.9e-06,0.12776,3.341566674891635,0.0453713069757424,0.5024430443446399,0.3140989577965239,811.0608709523134,105.26206936917396
392,0.0105,0.012,400000.0,0.000127,1.0,25.0,275.0,0.0028234687061391,2912.4395674818074,242.0128264794384,130.2517455439373,0.0,0.0007805558754227,0.4800460768990149,0.184211004100898,50.8,1.2434075255843701e-08,2.0339543371332967e-09,683.8241725147745,2.844503902432386,0.0001845746259431,0.00148,6.65847e-07,0.0154111111111111,0.01157,6.76e-06,0.0805555555555555,0.023,9e-06,0.0031111111111111,0.03605,0.0990777777777777,1.0,853264.1131250203,1.9e-06,0.12776,3.4685452931387872,0.0292980641596472,0.1320250727981169,0.2282210088556082,239.80294730384395,3.8971337859801136
393,0.0105,0.012,400000.0,0.000127,1.0,25.0,300.0,0.0035871535813658,2912.4395674818074,265.6087782946687,142.72738897644825,0.0,0.0008553183036747,0.7911480583248884,0.2340359436783336,50.8,1.5234253131674654e-08,2.250728834582624e-09,581.999522484558,2.553674882632333,0.0002427767009827,0.00148,6.65847e-07,0.0154111111111111,0.01157,6.76e-06,0.0805555555555555,0.023,9e-06,0.0031111111111111,0.03605,0.0990777777777777,1.0,612059.9739193772,1.9e-06,0.12776,3.4173439560535983,0.0357792460691647,0.3933021146465547,0.2653124401571611,680.0394637093102,48.20509354535887
394,0.0105,0.012,400000.0,0.000127,1.0,25.0,325.0,0.004554921057098,2912.4395674818074,291.5053062825179,147.12209763982065,0.0,0.0008816543474155,1.0023134852859192,0.2971758035440363,50.8,1.8782733876026165e-08,2.5254328584608038e-09,452.9638590535941,2.185126446632399,0.0003226035395902,0.00148,6.65847e-07,0.0154111111111111,0.01157,6.76e-06,0.0805555555555555,0.023,9e-06,0.0031111111111111,0.03605,0.0990777777777777,1.0,1458966.50392322,1.9e-06,0.12776,3.230887558334933,0.0593813217297553,0.5413276817418828,0.3747422641823886,796.5709391488307,97.58650208888984
395,0.0105,0.012,400000.0,0.000127,1.0,25.0,350.0,0.0058431832650628,2912.4395674818074,291.5053062825179,151.37076945458912,0.0,0.0009071152403495,1.1937303725802884,0.3812256371258408,50.8,2.3787423060251296e-08,2.7313226546921473e-09,378.7934654671353,1.977540039184052,0.0003998039004018,0.00148,6.65847e-07,0.0154111111111111,0.01157,6.76e-06,0.0805555555555555,0.023,9e-06,0.0031111111111111,0.03605,0.0990777777777777,1.0,1306147.298410445,1.9e-06,0.12776,3.209858492234307,0.0620432288311003,0.6486947354544476,0.3850722518244351,938.792502779518,185.6629128083382
396,0.0105,0.012,400000.0,0.000127,1.0,30.0,300.0,0.0052085572088418,3494.9274809781687,265.6087782946687,143.78316640381243,0.0,0.0007180376921546,0.8253470265675761,0.3398208562650252,50.8,2.1248918835367293e-08,2.6714469555398082e-09,389.9527300397255,2.00620863664778,0.0003296585382693,0.00148,6.65847e-07,0.0154111111111111,0.01157,6.76e-06,0.0805555555555555,0.023,9e-06,0.0031111111111111,0.03605,0.0990777777777777,1.0,1424716.0784960124,1.9e-06,0.12776,3.224441420013922,0.0601972886058326,0.3217161703025508,0.3779454623540942,470.9843768081912,10.5723449932453
397,0.0105,0.012,400000.0,0.000127,1.0,30.0,325.0,0.0066110212511091,3494.9274809781687,291.5053062825179,150.61441600547346,0.0,0.0007521522190578,1.1842274593366109,0.4313215372818655,50.8,2.6858775004436693e-08,2.8037666329996483e-09,365.29180232049634,1.942853726002394,0.000446384563513,0.00148,6.65847e-07,0.0154111111111111,0.01157,6.76e-06,0.0805555555555555,0.023,9e-06,0.0031111111111111,0.03605,0.0990777777777777,1.0,1523029.211462967,1.9e-06,0.12776,3.091556790019424,0.0770181278456425,0.589095922054745,0.4373646711033999,780.0423172419713,89.23198691522117
398,0.0105,0.012,400000.0,0.000127,1.0,30.0,350.0,0.0084775476432665,3494.9274809781687,291.5053062825179,158.39933617303893,0.0,0.0007910292743525,1.2777407589825531,0.553098945380109,50.8,3.432488057306608e-08,2.9798696650469103e-09,332.4708022408015,1.8585352627630785,0.0005596154651037,0.00148,6.65847e-07,0.0154111111111111,0.01157,6.76e-06,0.0805555555555555,0.023,9e-06,0.0031111111111111,0.03605,0.0990777777777777,1.0,1849713.0349376188,1.9e-06,0.12776,3.523866243530421,0.0222954122113391,0.5608318136024442,0.1836930562123175,1077.435499548015,292.4466381091984
399,0.0105,0.012,400000.0,0.000127,1.0,35.0,300.0,0.0071583839966018,4077.4153944745294,265.6087782946687,145.01186991957286,0.0,0.0006207203190531,0.8306673988692319,0.4670330154134927,50.8,2.9048225986407248e-08,2.8554092133113874e-09,355.66697580375376,1.91812716133751,0.0004374251471181,0.00148,6.65847e-07,0.0154111111111111,0.01157,6.76e-06,0.0805555555555555,0.023,9e-06,0.0031111111111111,0.03605,0.0990777777777777,1.0,1630942.214497342,1.9e-06,0.12776,3.1135622340682048,0.0742326285989614,0.199824383455739,0.4283218195080325,268.8470322962808,4.374661767234403
400,0.0105,0.012,400000.0,0.000127,1.0,35.0,325.0,0.0090814914699434,4077.4153944745294,291.5053062825179,153.39904380825232,0.0,0.0006566214439404,1.2205187133268616,0.5925019316752247,50.8,3.6740655879773686e-08,3.2034303247163102e-09,314.4203412022632,1.7887654426341275,0.000598794151068,0.00148,6.65847e-07,0.0154111111111111,0.01157,6.76e-06,0.0805555555555555,0.023,9e-06,0.0031111111111111,0.03605,0.0990777777777777,1.0,1691211.6410311095,1.9e-06,0.12776,3.508471977201188,0.0242440535188369,0.4642067816516367,0.1965917410075186,877.7137891752399,144.5504865811576
401,0.0105,0.012,450000.0,0.000127,1.0,20.0,250.0,0.0011045453138681,2071.0681368759524,220.5130739903045,114.68716438594916,0.0,0.0009664909582985,0.2667290098536827,0.0720636290036366,57.15,4.782871255472579e-09,7.397417453165274e-10,1280.892811679113,7.763114947301495,7.688289062346999e-05,0.00148,6.65847e-07,0.0154111111111111,0.01157,6.76e-06,0.0805555555555555,0.023,9e-06,0.0031111111111111,0.03605,0.0990777777777777,1.0,379093.7123095178,1.9e-06,0.12776,3.569382335536943,0.0165338815776021,0.030855380850046,0.1430122331068571,62.23155922705172,1.0110039541532059
402,0.0105,0.012,450000.0,0.000127,1.0,20.0,275.0,0.0014174545234978,2071.0681368759524,242.0128264794384,128.29042404655192,0.0,0.0010811282634909,0.4342904989427195,0.0924787019856639,57.15,6.0345080939913024e-09,9.725896916611486e-10,1093.1472859013045,6.667075342363226,0.0001042910188267,0.00148,6.65847e-07,0.0154111111111111,0.01157,6.76e-06,0.0805555555555555,0.023,9e-06,0.0031111111111111,0.03605,0.0990777777777777,1.0,262675.5456931509,1.9e-06,0.12776,3.5386113843721843,0.0204289386870653,0.1780017969570555,0.1709438539638496,347.3069533939266,5.804276971525704
403,0.0105,0.012,450000.0,0.000127,1.0,20.0,300.0,0.0018015322574906,2071.0681368759524,265.6087782946687,141.83839732332007,0.0,0.0011952996596133,0.7105210752289522,0.1175370087690116,57.15,7.6223512874533e-09,1.2419360666111155e-09,873.007097003736,5.226916602259679,0.0001420663814881,0.00148,6.65847e-07,0.0154111111111111,0.01157,6.76e-06,0.0805555555555555,0.023,9e-06,0.0031111111111111,0.03605,0.0990777777777777,1.0,694557.0259753203,1.9e-06,0.12776,3.436439632585462,0.0333620718246251,0.4291740664599406,0.2519035767918891,755.6073921429588,77.68390985015905
404,0.0105,0.012,450000.0,0.000127,1.0,20.0,325.0,0.0022883481504126,2071.0681368759524,291.5053062825179,142.08968743951633,0.0,0.0011974173301173,0.9367994355451372,0.1492982407077413,57.15,9.979537911953133e-09,1.5903053865924018e-09,755.1735799449823,3.668995057525063,0.0002004347869354,0.00148,6.65847e-07,0.0154111111111111,0.01157,6.76e-06,0.0805555555555555,0.023,9e-06,0.0031111111111111,0.03605,0.0990777777777777,1.0,906724.6122924148,1.9e-06,0.12776,3.2910792854623496,0.0517621157642595,0.6236911948373958,0.3431593230993238,964.1282344362576,203.93917734166556
405,0.0105,0.012,450000.0,0.000127,1.0,20.0,350.0,0.0029364951526807,2071.0681368759524,291.5053062825179,141.15651512170123,0.0,0.0011895533061655,0.9181546839805236,0.1915851659473222,57.15,1.2848505559829561e-08,2.0660372707389507e-09,668.7539796425614,2.801460794305593,0.0002563055241944,0.00148,6.65847e-07,0.0154111111111111,0.01157,6.76e-06,0.0805555555555555,0.023,9e-06,0.0031111111111111,0.03605,0.0990777777777777,1.0,1261622.433245415,1.9e-06,0.12776,3.197348908317599,0.0636267204661267,0.5627595180332012,0.3910569231512346,806.5006000733223,102.81149236576185
406,0.0105,0.012,450000.0,0.000127,1.0,25.0,275.0,0.0022308888542334,2588.8351710949405,242.0128264794384,130.2517455439372,0.0,0.0008781253598505,0.4683878750533901,0.1455494353389812,57.15,9.707563910038263e-09,1.537682439372607e-09,762.8348194355419,3.768132645718827,0.0001629830252312,0.00148,6.65847e-07,0.0154111111111111,0.01157,6.76e-06,0.0805555555555555,0.023,9e-06,0.0031111111111111,0.03605,0.0990777777777777,1.0,604960.8466751496,1.9e-06,0.12776,3.4149032318295838,0.0360881985025844,0.1590284397144089,0.2669917348706901,274.33980026655007,4.466124535182987
407,0.0105,0.012,450000.0,0.000127,1.0,25.0,300.0,0.0028342941877458,2588.8351710949405,265.6087782946687,142.7273889764482,0.0,0.000962233091634,0.7749515600971416,0.1849172888322635,57.15,1.2473768688401376e-08,2.0370271861722797e-09,682.3807749672227,2.840381306442008,0.0002279297330337,0.00148,6.65847e-07,0.0154111111111111,0.01157,6.76e-06,0.0805555555555555,0.023,9e-06,0.0031111111111111,0.03605,0.0990777777777777,1.0,1123326.8966678628,1.9e-06,0.12776,3.1579028301024183,0.0686198949237445,0.426224271264878,0.4091881170341468,592.6421648929573,25.59471811539019
408,0.0105,0.012,450000.0,0.000127,1.0,25.0,325.0,0.0035989499710404,2588.8351710949405,291.5053062825179,147.12209763982065,0.0,0.0009918611408425,1.0207186507517112,0.2348055731705967,57.15,1.5277506560481586e-08,2.254077279113064e-09,580.4266705279424,2.5491825421951457,0.0002999590951221,0.00148,6.65847e-07,0.0154111111111111,0.01157,6.76e-06,0.0805555555555555,0.023,9e-06,0.0031111111111111,0.03605,0.0990777777777777,1.0,1369956.2400241648,1.9e-06,0.12776,3.2416393782592308,0.0580203318659201,0.6221030775811144,0.3693254616335717,923.3636981709976,174.86567252629925
409,0.0105,0.012,450000.0,0.000127,1.0,25.0,350.0,0.0046168361600496,2588.8351710949405,291.5053062825179,151.37076945458912,0.0,0.0010205046453932,1.2243635904924317,0.3012153182228867,57.15,1.9009755920182012e-08,2.5430076668172907e-09,444.7085119933813,2.161547730742696,0.0003670061036669,0.00148,6.65847e-07,0.0154111111111111,0.01157,6.76e-06,0.0805555555555555,0.023,9e-06,0.0031111111111111,0.03605,0.0990777777777777,1.0,1051782.2488411998,1.9e-06,0.12776,3.487058966984608,0.0269545611411889,0.7593382722695448,0.2138701969065221,1404.8653450725865,577.796476382276
410,0.0105,0.012,450000.0,0.000127,1.0,30.0,275.0,0.003240748251654,3106.602205313928,242.0128264794384,131.88595501850205,0.0,0.0007409523331544,0.4503114384043534,0.2114354900330123,57.15,1.3964100256064714e-08,2.1524005270594972e-09,628.186899779465,2.6855941149776137,0.0002304669937414,0.00148,6.65847e-07,0.0154111111111111,0.01157,6.76e-06,0.0805555555555555,0.023,9e-06,0.0031111111111111,0.03605,0.0990777777777777,1.0,1101636.7071459298,1.9e-06,0.12776,3.152659694747655,0.0692835829433348,0.0750659483713409,0.4115171239207421,103.96375435286808,1.6889785190203748
411,0.0105,0.012,450000.0,0.000127,1.0,30.0,300.0,0.0041154032267392,3106.602205313928,265.6087782946687,143.78316640381246,0.0,0.0008077924036739,0.8589852253213963,0.2685004296415014,57.15,1.7171168498043802e-08,2.400674257254016e-09,511.5662364347709,2.352505091849082,0.0003048268285109,0.00148,6.65847e-07,0.0154111111111111,0.01157,6.76e-06,0.0805555555555555,0.023,9e-06,0.0031111111111111,0.03605,0.0990777777777777,1.0,1340501.5499842763,1.9e-06,0.12776,3.2356765890270798,0.0587751153130279,0.4266747956798948,0.3723410712480087,630.2688581726686,33.8979434496473
412,0.0105,0.012,450000.0,0.000127,1.0,30.0,325.0,0.0052235229638393,3106.602205313928,291.5053062825179,150.61441600547343,0.0,0.00084617124644,1.1354087767966043,0.3407972640251779,57.15,2.13087818553574e-08,2.672858944592315e-09,389.6895722038489,2.005532573631521,0.0004074887831653,0.00148,6.65847e-07,0.0154111111111111,0.01157,6.76e-06,0.0805555555555555,0.023,9e-06,0.0031111111111111,0.03605,0.0990777777777777,1.0,1711333.620966383,1.9e-06,0.12776,3.4965690284688336,0.025750755890021,0.6308015127714264,0.206289020093359,1178.3118978708796,377.6329999099072
413,0.0105,0.012,450000.0,0.000127,1.0,30.0,350.0,0.0066983092490007,3106.602205313928,291.5053062825179,158.39933617303905,0.0,0.0008899079336465,1.2065972357242074,0.4370164506707036,57.15,2.7207926996002853e-08,2.812002081024719e-09,363.7569301655715,1.938910577985642,0.0005081398284193,0.00148,6.65847e-07,0.0154111111111111,0.01157,6.76e-06,0.0805555555555555,0.023,9e-06,0.0031111111111111,0.03605,0.0990777777777777,1.0,2096068.639020137,1.9e-06,0.12776,3.4742609903339416,0.028574558185577,0.6057707850535037,0.2238467315927532,1106.5243201647424,316.5448302560198
414,0.0105,0.012,450000.0,0.000127,1.0,35.0,300.0,0.0056560071084261,3624.369239532916,265.6087782946687,145.0118699195728,0.0,0.0006983103589347,0.8538591638753249,0.3690137405736239,57.15,2.303871843370449e-08,2.7136629586657877e-09,382.0847710054351,1.9859955348839584,0.0003986877177708,0.00148,6.65847e-07,0.0154111111111111,0.01157,6.76e-06,0.0805555555555555,0.023,9e-06,0.0031111111111111,0.03605,0.0990777777777777,1.0,1744126.486333663,1.9e-06,0.12776,3.500073077346248,0.0253072053992091,0.3210354233017009,0.2034586873175811,601.8197132784207,27.43221457322029
415,0.0105,0.012,450000.0,0.000127,1.0,35.0,325.0,0.0071754994330417,3624.369239532916,291.5053062825179,153.39904380825254,0.0,0.000738699124433,1.2166123053247575,0.4681496744100545,57.15,2.9116687732166893e-08,2.8570240205086204e-09,355.3660179693944,1.9173539886117728,0.0005407068222086,0.00148,6.65847e-07,0.0154111111111111,0.01157,6.76e-06,0.0805555555555555,0.023,9e-06,0.0031111111111111,0.03605,0.0990777777777777,1.0,1954099.8396102253,1.9e-06,0.12776,3.459057503553608,0.0304990501830876,0.5846526309147029,0.2353742614559058,1052.0877644250295,271.8387682880226
416,0.0105,0.012,450000.0,0.000127,1.0,40.0,300.0,0.0074691402734043,4142.136273751905,265.6087782946687,146.4138979763368,0.0,0.0006169291451272,0.9394977270651304,0.4873076250296632,57.15,3.0291251093617285e-08,2.8847284465151507e-09,350.20263743245846,1.9040890572892333,0.0005114255521186,0.00148,6.65847e-07,0.0154111111111111,0.01157,6.76e-06,0.0805555555555555,0.023,9e-06,0.0031111111111111,0.03605,0.0990777777777777,1.0,2082704.4638576931,1.9e-06,0.12776,3.4729092929364893,0.0287456591219633,0.2883801020354671,0.22488566900693,526.0611212605801,15.47979220088986
417,0.0105,0.012,500000.0,0.000127,1.0,20.0,275.0,0.0011481381640332,1863.961323188357,242.0128264794384,128.2904240465519,0.0,0.001201253626101,0.4362936237899553,0.0749077486083877,63.5,4.957242656132952e-09,7.721808852455297e-10,1254.7371015800572,7.610420527314217,9.618635312046596e-05,0.00148,6.65847e-07,0.0154111111111111,0.01157,6.76e-06,0.0805555555555555,0.023,9e-06,0.0031111111111111,0.03605,0.0990777777777777,1.0,595592.4227020736,1.9e-06,0.12776,3.411978180929979,0.0364584581101292,0.1975758751815674,0.2689941761425456,339.90683673352726,5.64993293965421
418,0.0105,0.012,500000.0,0.000127,1.0,20.0,300.0,0.0014592411285674,1863.961323188357,265.6087782946687,141.8383973233201,0.0,0.0013281107329037,0.6691746654633769,0.0952049771028993,63.5,6.201654514269735e-09,1.0036847341710415e-09,1068.0753228595397,6.520707729321707,0.0001298049744887,0.00148,6.65847e-07,0.0154111111111111,0.01157,6.76e-06,0.0805555555555555,0.023,9e-06,0.0031111111111111,0.03605,0.0990777777777777,1.0,547012.6712212018,1.9e-06,0.12776,3.400881152379849,0.0378631452683735,0.4101596883604774,0.2764925518693419,698.395012615737,54.493679183030686
419,0.0105,0.012,500000.0,0.000127,1.0,20.0,325.0,0.0018535620018342,1863.961323188357,291.5053062825179,142.08968743951613,0.0,0.0013304637001304,0.9153554902219058,0.1209315749732704,63.5,7.882500009171161e-09,1.264033671361018e-09,852.1951992663072,4.948920117339643,0.0001777661755926,0.00148,6.65847e-07,0.0154111111111111,0.01157,6.76e-06,0.0805555555555555,0.023,9e-06,0.0031111111111111,0.03605,0.0990777777777777,1.0,931648.269469829,1.9e-06,0.12776,3.312727451483329,0.0490218415843887,0.6306139152486353,0.3310058580536222,992.8668557950144,225.4216888700908
420,0.0105,0.012,500000.0,0.000127,1.0,20.0,350.0,0.0023785610736714,1863.961323188357,291.5053062825179,141.15651512170106,0.0,0.0013217258957394,0.9468997357843516,0.1551839844173309,63.5,1.0406545748711481e-08,1.6729250881005143e-09,743.1451901771414,3.5133458896707364,0.0002321733654739,0.00148,6.65847e-07,0.0154111111111111,0.01157,6.76e-06,0.0805555555555555,0.023,9e-06,0.0031111111111111,0.03605,0.0990777777777777,1.0,1158666.4147886387,1.9e-06,0.12776,3.493802205915392,0.0261009865929883,0.6279057513670208,0.208509699901495,1169.621132516294,370.1369085539402
421,0.0105,0.012,500000.0,0.000127,1.0,25.0,275.0,0.001807019971929,2329.9516539854462,242.0128264794384,130.25174554393718,0.0,0.0009756948442784,0.432138219010694,0.1178950426245747,63.5,7.649789859645415e-09,1.2442667592979726e-09,870.8120112283668,5.197595579383752,0.0001449338440271,0.00148,6.65847e-07,0.0154111111111111,0.01157,6.76e-06,0.0805555555555555,0.023,9e-06,0.0031111111111111,0.03605,0.0990777777777777,1.0,879432.2941289722,1.9e-06,0.12776,3.2878669605276145,0.0521687391737196,0.1504331763861191,0.34492522687613,231.92077273017748,3.768540690341825
422,0.0105,0.012,500000.0,0.000127,1.0,25.0,300.0,0.0022957782920741,2329.9516539854462,265.6087782946687,142.72738897644828,0.0,0.0010691478795934,0.7978989205403196,0.1497830039541335,63.5,1.0014707249150849e-08,1.5971101332302435e-09,754.1828943901171,3.656175437842272,0.0002042464401273,0.00148,6.65847e-07,0.0154111111111111,0.01157,6.76e-06,0.0805555555555555,0.023,9e-06,0.0031111111111111,0.03605,0.0990777777777777,1.0,1174516.5770896573,1.9e-06,0.12776,3.194836090343633,0.0639447986906793,0.484305916586186,0.3922450502004667,692.7131432626511,52.48759898197856
423,0.0105,0.012,500000.0,0.000127,1.0,25.0,325.0,0.0029151494765427,2329.9516539854462,291.5053062825179,147.1220976398207,0.0,0.0011020679342694,1.1462404402363,0.1901925142681833,63.5,1.2770238080656753e-08,2.059978229414915e-09,671.6000697943,2.809589725844735,0.0002832208004318,0.00148,6.65847e-07,0.0154111111111111,0.01157,6.76e-06,0.0805555555555555,0.023,9e-06,0.0031111111111111,0.03605,0.0990777777777777,1.0,882862.5727584494,1.9e-06,0.12776,3.442125830376116,0.0326422999523904,0.7922379259681164,0.2478156748378102,1402.442474987342,575.6360463001689
424,0.0105,0.012,500000.0,0.000127,1.0,25.0,350.0,0.0037396372896402,2329.9516539854462,291.5053062825179,151.37076945458907,0.0,0.0011338940504369,1.2452640701653694,0.2439844077605381,63.5,1.5793360062014095e-08,2.294011843455338e-09,561.6683613813057,2.495605528568251,0.0003435869291613,0.00148,6.65847e-07,0.0154111111111111,0.01157,6.76e-06,0.0805555555555555,0.023,9e-06,0.0031111111111111,0.03605,0.0990777777777777,1.0,1308699.6535503364,1.9e-06,0.12776,3.4267975391139944,0.0345825899855703,0.8374696624048312,0.2587348109560826,1460.9919989836708,627.818085969338
425,0.0105,0.012,500000.0,0.000127,1.0,30.0,275.0,0.0026250060838397,2795.941984782535,242.0128264794384,131.88595501850205,0.0,0.0008232803701715,0.4647820595890282,0.17126274692674,63.5,1.1573052130174816e-08,1.898626821762958e-09,710.2858554880335,3.088141169893474,0.0002153847879291,0.00148,6.65847e-07,0.0154111111111111,0.01157,6.76e-06,0.0805555555555555,0.023,9e-06,0.0031111111111111,0.03605,0.0990777777777777,1.0,1079074.6883143971,1.9e-06,0.12776,3.171546738688012,0.0668928178875934,0.1297093126622881,0.4030401747937466,182.23064446460432,2.960500911606179
426,0.0105,0.012,500000.0,0.000127,1.0,30.0,300.0,0.0033334766136587,2795.941984782535,265.6087782946687,143.78316640381243,0.0,0.0008975471151933,0.7553472847887348,0.2174853480096161,63.5,1.4304104250082142e-08,2.178721781709086e-09,615.8231181788314,2.6502809910644234,0.0002865521017012,0.00148,6.65847e-07,0.0154111111111111,0.01157,6.76e-06,0.0805555555555555,0.023,9e-06,0.0031111111111111,0.03605,0.0990777777777777,1.0,837392.3125495355,1.9e-06,0.12776,3.431214424453916,0.0340234905754537,0.3740519367791186,0.2556210845802036,655.2863471584832,40.59706863128782
427,0.0105,0.012,500000.0,0.000127,1.0,30.0,325.0,0.0042310536007098,2795.941984782535,291.5053062825179,150.61441600547346,0.0,0.0009401902738223,1.1339214922181708,0.276045783860394,63.5,1.759521986926953e-08,2.433502001406833e-09,496.146186572017,2.3084627309323307,0.0003795551818632,0.00148,6.65847e-07,0.0154111111111111,0.01157,6.76e-06,0.0805555555555555,0.023,9e-06,0.0031111111111111,0.03605,0.0990777777777777,1.0,1824214.1824175487,1.9e-06,0.12776,3.426702306480405,0.0345946447493158,0.6940657083577768,0.2588016592749635,1210.7101260749114,405.7690180089279
428,0.0105,0.012,500000.0,0.000127,1.0,35.0,275.0,0.0036096086045175,3261.9323155796246,242.0128264794384,133.45044571311928,0.0,0.0007140398514167,0.4986680230315678,0.2355009722628147,63.5,1.5316588216564188e-08,2.257102767754309e-09,579.0055193976659,2.545123485865629,0.0002784859954518,0.00148,6.65847e-07,0.0154111111111111,0.01157,6.76e-06,0.0805555555555555,0.023,9e-06,0.0031111111111111,0.03605,0.0990777777777777,1.0,926070.2463822622,1.9e-06,0.12776,3.4517588733088,0.0314229274292658,0.0993570507687529,0.2407874147454789,177.5281547567441,2.884100515736021
429,0.0105,0.012,500000.0,0.000127,1.0,35.0,300.0,0.0045813657578251,3261.9323155796246,265.6087782946687,145.01186991957286,0.0,0.0007759003988163,0.8465194175294448,0.2989011298646354,63.5,1.887969777869225e-08,2.532939274911198e-09,449.43789895664526,2.175055687552496,0.000369761388642,0.00148,6.65847e-07,0.0154111111111111,0.01157,6.76e-06,0.0805555555555555,0.023,9e-06,0.0031111111111111,0.03605,0.0990777777777777,1.0,1868966.774830988,1.9e-06,0.12776,3.4325922051602014,0.0338490879544049,0.3838082876648094,0.2546444450334302,673.2602738331188,46.02264228485568
430,0.0105,0.012,500000.0,0.000127,1.0,40.0,275.0,0.0047696174878432,3727.922646376714,242.0128264794384,135.05443815092062,0.0,0.0006322944005974,0.5155368151252012,0.311183199835859,63.5,1.9569954122091893e-08,2.586375155982597e-09,424.3376682875678,2.103365036221244,0.0003489479557578,0.00148,6.65847e-07,0.0154111111111111,0.01157,6.76e-06,0.0805555555555555,0.023,9e-06,0.0031111111111111,0.03605,0.0990777777777777,1.0,1271595.8807248052,1.9e-06,0.12776,3.420055579619321,0.0354360025798328,0.0405436152893421,0.2634377123713624,70.28086528732061,1.1417716925193646
431,0.0105,0.012,550000.0,0.000127,1.0,20.0,300.0,0.0012059844037747,1694.5102938075972,265.6087782946687,141.83839732332012,0.0,0.001460921806194,0.7111527893134492,0.0786817992585945,69.85,5.188627615098956e-09,8.152265282405302e-10,1220.0293577351565,7.40780018952207,0.0001204133276807,0.00148,6.65847e-07,0.0154111111111111,0.01157,6.76e-06,0.0805555555555555,0.023,9e-06,0.0031111111111111,0.03605,0.0990777777777777,1.0,789584.4927023818,1.9e-06,0.12776,3.274125207713664,0.0539082015552324,0.4686609900548546,0.3523734775582834,714.3130433909485,60.39935362733814
432,0.0105,0.012,550000.0,0.000127,1.0,20.0,325.0,0.0015318694230034,1694.5102938075972,291.5053062825179,142.0896874395163,0.0,0.0014635100701434,0.9591672811666588,0.0999434503911326,69.85,6.4921676920139914e-09,1.057730280564399e-09,1024.4983461979011,6.266309697268728,0.000162975130339,0.00148,6.65847e-07,0.0154111111111111,0.01157,6.76e-06,0.0805555555555555,0.023,9e-06,0.0031111111111111,0.03605,0.0990777777777777,1.0,1049507.7800051912,1.9e-06,0.12776,3.466374929266693,0.0295727937637098,0.6954138307755262,0.2298691207459821,1260.4133943035304,449.3994174496693
433,0.0105,0.012,550000.0,0.000127,1.0,20.0,350.0,0.0019657529534474,1694.5102938075972,291.5053062825179,141.156515121701,0.0,0.0014538984853134,0.9072585590338726,0.1282512267911826,69.85,8.44345476723735e-09,1.3116824026116283e-09,807.318818621012,4.349480497141563,0.0002079030782964,0.00148,6.65847e-07,0.0154111111111111,0.01157,6.76e-06,0.0805555555555555,0.023,9e-06,0.0031111111111111,0.03605,0.0990777777777777,1.0,775051.0381984764,1.9e-06,0.12776,3.404202310741729,0.0374427454757305,0.61519733224269,0.2742645910183203,1050.7463863869773,270.7594142132992
434,0.0105,0.012,550000.0,0.000127,1.0,25.0,250.0,0.0011642426402466,2118.137867259497,220.5130739903045,118.08729573315304,0.0,0.0009730302012806,0.2959365267535979,0.0759584497290861,69.85,5.021660560986726e-09,7.84164854070525e-10,1245.074415851991,7.55401073430234,9.833997447841506e-05,0.00148,6.65847e-07,0.0154111111111111,0.01157,6.76e-06,0.0805555555555555,0.023,9e-06,0.0031111111111111,0.03605,0.0990777777777777,1.0,559204.4834149091,1.9e-06,0.12776,3.4092193009596565,0.0368076834228283,0.0561680770245116,0.2708728593744816,96.3824515378016,1.5658138864911817
435,0.0105,0.012,550000.0,0.000127,1.0,25.0,275.0,0.0014934049354785,2118.137867259497,242.0128264794384,130.25174554393715,0.0,0.0010732643287062,0.4576635146265944,0.0974339195244419,69.85,6.3383097419143225e-09,1.0291073552820956e-09,1047.5770387128514,6.401040796301756,0.0001335750862848,0.00148,6.65847e-07,0.0154111111111111,0.01157,6.76e-06,0.0805555555555555,0.023,9e-06,0.0031111111111111,0.03605,0.0990777777777777,1.0,640191.5324384017,1.9e-06,0.12776,3.5035417160320854,0.0248681372111284,0.1964195951021524,0.2006370053692717,369.51663925254286,6.3150849205499275
436,0.0105,0.012,550000.0,0.000127,1.0,25.0,300.0,0.0018973374314662,2118.137867259497,265.6087782946687,142.72738897644828,0.0,0.0011760626675527,0.770809916924449,0.1237876065736641,69.85,8.101377157331085e-09,1.2826255778554483e-09,834.6850274135132,4.7150266835530585,0.0001832609557714,0.00148,6.65847e-07,0.0154111111111111,0.01157,6.76e-06,0.0805555555555555,0.023,9e-06,0.0031111111111111,0.03605,0.0990777777777777,1.0,959453.8305538632,1.9e-06,0.12776,3.448864045908193,0.0317893612774439,0.4832123103507848,0.2429132439735681,860.9715233945985,134.0952900850884
437,0.0105,0.012,550000.0,0.000127,1.0,25.0,325.0,0.0024092144434237,2118.137867259497,291.5053062825179,147.1220976398207,0.0,0.0012122747276964,1.0307236219282074,0.1571838960894077,69.85,1.0551638365539134e-08,1.700998363720782e-09,739.0580742101654,3.4604579959906703,0.0002589289743901,0.00148,6.65847e-07,0.0154111111111111,0.01157,6.76e-06,0.0805555555555555,0.023,9e-06,0.0031111111111111,0.03605,0.0990777777777777,1.0,998261.0249307556,1.9e-06,0.12776,3.344437574904311,0.0450079019108467,0.7097297258387997,0.3123690154921074,1148.5597200855475,352.07503031613817
438,0.0105,0.012,550000.0,0.000127,1.0,30.0,275.0,0.00216942651557,2541.765440711396,242.0128264794384,131.88595501850196,0.0,0.0009056084071887,0.4535928031208712,0.141539460270033,69.85,9.416642173698197e-09,1.481393385754511e-09,771.0297979239946,3.874176896606177,0.0001933164546058,0.00148,6.65847e-07,0.0154111111111111,0.01157,6.76e-06,0.0805555555555555,0.023,9e-06,0.0031111111111111,0.03605,0.0990777777777777,1.0,903993.9149923816,1.9e-06,0.12776,3.436807182881335,0.0333155464707171,0.1482433428508379,0.2516406824877795,261.0901684605924,4.24629210689397
439,0.0105,0.012,550000.0,0.000127,1.0,30.0,300.0,0.0027549393501312,2541.765440711396,265.6087782946687,143.78316640381246,0.0,0.0009873018267126,0.8479972353977537,0.1797399570327406,69.85,1.2182800950481114e-08,2.0145020509992456e-09,692.9614199825049,2.870601480218531,0.0002727577749405,0.00148,6.65847e-07,0.0154111111111111,0.01157,6.76e-06,0.0805555555555555,0.023,9e-06,0.0031111111111111,0.03605,0.0990777777777777,1.0,1572447.967586452,1.9e-06,0.12776,3.3720464150077167,0.0415131120243396,0.504447278365013,0.2952759747290145,836.6426679419225,119.58949281555178
440,0.0105,0.012,550000.0,0.000127,1.0,35.0,275.0,0.0029831476070392,2965.393014163295,242.0128264794384,133.45044571311925,0.0,0.0007854438365583,0.4841577351542723,0.194628902696541,69.85,1.3019564559143957e-08,2.0792797254167843e-09,662.5336523947651,2.783694451128618,0.0002644636913629,0.00148,6.65847e-07,0.0154111111111111,0.01157,6.76e-06,0.0805555555555555,0.023,9e-06,0.0031111111111111,0.03605,0.0990777777777777,1.0,1618835.2122388238,1.9e-06,0.12776,3.3800905841692157,0.0404948627633905,0.1257188324577311,0.2901346754376707,210.0300568713384,3.412268284737908
441,0.0105,0.012,600000.0,0.000127,1.0,20.0,300.0,0.0010133618948384,1553.3011026569643,265.6087782946687,141.83839732332007,0.0,0.0015937328794844,0.7105210752289522,0.066114567432569,76.2,4.418137579353984e-09,6.718886070632233e-10,1335.6028630969022,8.082506756473407,0.0001127979555694,0.00148,6.65847e-07,0.0154111111111111,0.01157,6.76e-06,0.0805555555555555,0.023,9e-06,0.0031111111111111,0.03605,0.0990777777777777,1.0,919103.5774230316,1.9e-06,0.12776,3.4312865365041967,0.0340143624678232,0.4805965077963832,0.2555700314462972,841.9951840985674,122.70893713099068
442,0.0105,0.012,600000.0,0.000127,1.0,20.0,325.0,0.0012871958346071,1553.3011026569643,291.5053062825179,142.08968743951624,0.0,0.0015965564401565,0.9610335170668044,0.0839802603981045,76.2,5.513473338428424e-09,8.75659121168697e-10,1171.3024992357364,7.123337662288305,0.0001518936531939,0.00148,6.65847e-07,0.0154111111111111,0.01157,6.76e-06,0.0805555555555555,0.023,9e-06,0.0031111111111111,0.03605,0.0990777777777777,1.0,1126637.88510765,1.9e-06,0.12776,3.3639585636535,0.0425368906767721,0.7132432566686999,0.3003706546855635,1174.3859319390726,374.24378433844447
443,0.0105,0.012,600000.0,0.000127,1.0,20.0,350.0,0.0016517785233829,1553.3011026569643,291.5053062825179,141.1565151217011,0.0,0.0015860710748873,0.913887264093928,0.1077666558453688,76.2,6.971804093531781e-09,1.1469593186116615e-09,952.5528859702328,5.846299295005623,0.0001904771754183,0.00148,6.65847e-07,0.0154111111111111,0.01157,6.76e-06,0.0805555555555555,0.023,9e-06,0.0031111111111111,0.03605,0.0990777777777777,1.0,1256242.801956399,1.9e-06,0.12776,3.2892505900517146,0.0519935961959855,0.642310608248559,0.3441657729611654,991.389514974754,224.2992368707293
444,0.0105,0.012,600000.0,0.000127,1.0,25.0,275.0,0.0012548749805063,1941.6263783212053,242.0128264794384,130.25174554393723,0.0,0.001170833813134,0.4901368636089545,0.0818715573781769,76.2,5.384189922025232e-09,8.516079131189836e-10,1190.6950116962153,7.236549210781336,0.0001247892280319,0.00148,6.65847e-07,0.0154111111111111,0.01157,6.76e-06,0.0805555555555555,0.023,9e-06,0.0031111111111111,0.03605,0.0990777777777777,1.0,860000.1894008833,1.9e-06,0.12776,3.4173545213336585,0.0357779086919419,0.2444553062307774,0.2653051541877361,422.6799139146671,8.011763144777003
445,0.0105,0.012,600000.0,0.000127,1.0,25.0,300.0,0.001594290480607,1941.6263783212053,265.6087782946687,142.72738897644825,0.0,0.001282977455512,0.7749515600971416,0.1040159749681483,76.2,6.741851922428118e-09,1.1041802239484343e-09,987.045711635782,6.047664961958533,0.0001687770000187,0.00148,6.65847e-07,0.0154111111111111,0.01157,6.76e-06,0.0805555555555555,0.023,9e-06,0.0031111111111111,0.03605,0.0990777777777777,1.0,989600.327940972,1.9e-06,0.12776,3.329066680084069,0.0469535847994849,0.5071255851289933,0.321530827151206,809.7496893239211,104.55421185018217
446,0.0105,0.012,600000.0,0.000127,1.0,30.0,250.0,0.0014218846301977,2329.9516539854467,220.5130739903045,120.55617524503349,0.0,0.0009030668889794,0.2963793227982373,0.092767734551068,76.2,6.052228520791139e-09,9.75886306830749e-10,1090.489221881329,6.651557830421012,0.0001278654478844,0.00148,6.65847e-07,0.0154111111111111,0.01157,6.76e-06,0.0805555555555555,0.023,9e-06,0.0031111111111111,0.03605,0.0990777777777777,1.0,842622.0542699314,1.9e-06,0.12776,3.413002404634012,0.0363288095399985,0.0398015882471692,0.2682942555426862,68.53967104425611,1.1134845294376177
447,0.0105,0.012,600000.0,0.000127,1.0,30.0,275.0,0.0018229208915553,2329.9516539854467,242.0128264794384,131.88595501850202,0.0,0.0009879364442058,0.4579306354907766,0.1189324631435695,76.2,7.729294457776912e-09,1.251020054773378e-09,864.4516433778471,5.112636488792846,0.0001755090326289,0.00148,6.65847e-07,0.0154111111111111,0.01157,6.76e-06,0.0805555555555555,0.023,9e-06,0.0031111111111111,0.03605,0.0990777777777777,1.0,1386844.2743057923,1.9e-06,0.12776,3.320105927947139,0.0480878572218811,0.1751881723472071,0.326760097369149,277.5746359732769,4.520254050700776
448,0.0105,0.0124999999999999,400000.0,0.000127,1.0,20.0,250.0,0.0016832114271023,2329.9516539854462,220.5130739903045,113.74929325138206,0.0,0.0008520776324509,0.3223782166027497,0.1098174264961555,50.8,7.097535708409541e-09,1.170349768152542e-09,933.6931437385688,5.736198005831391,9.916097596925914e-05,0.00148,6.65847e-07,0.0154111111111111,0.01157,6.76e-06,0.0805555555555555,0.023,9e-06,0.0031111111111111,0.03605,0.0990777777777777,1.0,452361.5089159989,1.9e-06,0.12776,3.583806835514366,0.0147079955045106,0.048750790106594,0.1292604082236357,99.90221081569985,1.6229953325592288
449,0.0105,0.0124999999999999,400000.0,0.000127,1.0,20.0,275.0,0.0021522029729648,2329.9516539854462,242.0128264794384,126.14016147206688,0.0,0.0009448956303101,0.4817688437814912,0.140415748124548,50.8,9.335117405366733e-09,1.4656195487303551e-09,773.3262702713596,3.9038935932519343,0.0001393943461703,0.00148,6.65847e-07,0.0154111111111111,0.01157,6.76e-06,0.0805555555555555,0.023,9e-06,0.0031111111111111,0.03605,0.0990777777777777,1.0,312962.9201368313,1.9e-06,0.12776,3.553554314748734,0.0185374285128185,0.1775430956569431,0.1576108149401824,351.9830247998762,5.905438357486218
450,0.0105,0.0124999999999999,400000.0,0.000127,1.0,20.0,300.0,0.0027283278236968,2329.9516539854462,265.6087782946687,138.40256722311787,0.0,0.0010367513365027,0.7313915095479425,0.1780037465358862,50.8,1.2062108365498233e-08,1.9932519707762484e-09,696.5096235070921,2.909874661625297,0.0001964508189636,0.00148,6.65847e-07,0.0154111111111111,0.01157,6.76e-06,0.0805555555555555,0.023,9e-06,0.0031111111111111,0.03605,0.0990777777777777,1.0,815981.3511049221,1.9e-06,0.12776,3.461810595627746,0.0301505575154751,0.3895777630120562,0.2333122797492956,702.9392852189463,56.13665446362547
451,0.0105,0.0124999999999999,400000.0,0.000127,1.0,20.0,325.0,0.0034592426549913,2329.9516539854462,291.5053062825179,138.79415117491797,0.0,0.0010396846288074,0.9799860606620706,0.2256906766910714,50.8,1.4765246401635053e-08,2.2144208917614856e-09,599.0543126678164,2.6023863479840004,0.0002584479093109,0.00148,6.65847e-07,0.0154111111111111,0.01157,6.76e-06,0.0805555555555555,0.023,9e-06,0.0031111111111111,0.03605,0.0990777777777777,1.0,1194374.7346656977,1.9e-06,0.12776,3.352143901428573,0.0440324175406869,0.5904853839709991,0.307681905141008,962.0994879002042,202.45190905604628
452,0.0105,0.0124999999999999,400000.0,0.000127,1.0,20.0,350.0,0.0044334893879403,2329.9516539854462,291.5053062825179,139.1471228933512,0.0,0.0010423286830917,0.8468823008239603,0.2892532614395114,50.8,1.8337484422447772e-08,2.4909640743981474e-09,469.1547482746267,2.2313704596532817,0.0003154953017995,0.00148,6.65847e-07,0.0154111111111111,0.01157,6.76e-06,0.0805555555555555,0.023,9e-06,0.0031111111111111,0.03605,0.0990777777777777,1.0,906309.8903746484,1.9e-06,0.12776,3.292229770483909,0.0516164847488723,0.3938190393844489,0.3425245519201106,609.3704590972293,29.03302993296978
453,0.0105,0.0124999999999999,400000.0,0.000127,1.0,25.0,275.0,0.0033887934248608,2912.4395674818074,242.0128264794384,127.91543815414256,0.0,0.0007665551535722,0.5021299121291211,0.2210943716595118,50.8,1.4506932557823131e-08,2.1944236429581704e-09,608.447543351886,2.629215058633073,0.000212055836787,0.00148,6.65847e-07,0.0154111111111111,0.01157,6.76e-06,0.0805555555555555,0.023,9e-06,0.0031111111111111,0.03605,0.0990777777777777,1.0,762231.297019896,1.9e-06,0.12776,3.451420539019681,0.0314657545544707,0.1172255404696091,0.2410364879233291,209.38631295064351,3.401802151295779
454,0.0105,0.0124999999999999,400000.0,0.000127,1.0,25.0,300.0,0.0042942882777103,2912.4395674818074,265.6087782946687,139.34224926228438,0.0,0.0008350322746316,0.7824278587054491,0.2801713912449979,50.8,1.7827080351604455e-08,2.4514513752556628e-09,487.7148963052925,2.284381490454769,0.0002804986250453,0.00148,6.65847e-07,0.0154111111111111,0.01157,6.76e-06,0.0805555555555555,0.023,9e-06,0.0031111111111111,0.03605,0.0990777777777777,1.0,1108168.3839177925,1.9e-06,0.12776,3.336015993856282,0.0460739248283187,0.338446467460451,0.3174191139414415,543.687385663739,17.65142785799043
455,0.0105,0.0124999999999999,400000.0,0.000127,1.0,25.0,325.0,0.0054428084494099,2912.4395674818074,291.5053062825179,143.64216822518117,0.0,0.0008608002748708,1.02958826782696,0.3551040631031628,50.8,2.2185923797639762e-08,2.693548091584929e-09,385.8336562255756,1.9956265711063552,0.0003755152003468,0.00148,6.65847e-07,0.0154111111111111,0.01157,6.76e-06,0.0805555555555555,0.023,9e-06,0.0031111111111111,0.03605,0.0990777777777777,1.0,1619208.252334803,1.9e-06,0.12776,3.0983964518679903,0.0761523478648114,0.5106742047237971,0.4345847929147567,679.5423921052009,48.0425148653703
456,0.0105,0.0124999999999999,400000.0,0.000127,1.0,25.0,350.0,0.0069733923220328,2912.4395674818074,291.5053062825179,148.72134445318446,0.0,0.000891238107627,1.080821396450929,0.4549636405879269,50.8,2.8308259288131533e-08,2.8379556187991587e-09,358.91986940937375,1.9264839752444864,0.0004683676025431,0.00148,6.65847e-07,0.0154111111111111,0.01157,6.76e-06,0.0805555555555555,0.023,9e-06,0.0031111111111111,0.03605,0.0990777777777777,1.0,2004368.2183595905,1.9e-06,0.12776,3.2137958007111505,0.0615448353530189,0.462047755863002,0.3831642018107522,670.7513940228542,45.233957331421756
457,0.0105,0.0124999999999999,400000.0,0.000127,1.0,30.0,300.0,0.0062386046078288,3494.9274809781687,265.6087782946687,140.44619427931872,0.0,0.0007013732117221,0.8221654245103024,0.4070240327076562,50.8,2.5369108431315405e-08,2.768629867539436e-09,371.8403765759375,1.9596772754459395,0.0003865891958685,0.00148,6.65847e-07,0.0154111111111111,0.01157,6.76e-06,0.0805555555555555,0.023,9e-06,0.0031111111111111,0.03605,0.0990777777777777,1.0,1521061.6095141016,1.9e-06,0.12776,3.078452589045213,0.0786768874626312,0.2513313918026459,0.4426150354828811,329.6910321977928,5.446820730287737
458,0.0105,0.0124999999999999,400000.0,0.000127,1.0,30.0,325.0,0.0079037922608533,3494.9274809781687,291.5053062825179,147.04324408089133,0.0,0.0007343181699744,1.0502324803387864,0.5156655377164033,50.8,3.2029859043413424e-08,2.925736992226992e-09,342.5597168851546,1.8844540884082104,0.0005248094386974,0.00148,6.65847e-07,0.0154111111111111,0.01157,6.76e-06,0.0805555555555555,0.023,9e-06,0.0031111111111111,0.03605,0.0990777777777777,1.0,1973298.5121180348,1.9e-06,0.12776,3.534293025666033,0.0209755663713882,0.3707569426223829,0.17471871791698,720.1060105160186,62.653260470602916
459,0.0105,0.0124999999999999,400000.0,0.000127,1.0,30.0,350.0,0.01012240321993,3494.9274809781687,291.5053062825179,155.3138954810509,0.0,0.000775620914882,1.402279758915833,0.6604139287972551,50.8,4.1271512539510665e-08,3.569009811349111e-09,277.68,1.6929964330829637,0.0006714661804985,0.00148,6.65847e-07,0.0154111111111111,0.01157,6.76e-06,0.0805555555555555,0.023,9e-06,0.0031111111111111,0.03605,0.0990777777777777,1.0,2376344.578365266,1.9e-06,0.12776,3.5146636982434827,0.0234602913615844,0.5780558301185778,0.1914530849584644,1099.9682729196743,311.07528667445297
460,0.0105,0.0124999999999999,400000.0,0.000127,1.0,35.0,325.0,0.0108638160516265,4077.4153944745294,291.5053062825179,149.7900879793156,0.0,0.0006411733829312,1.221587282229626,0.7087857778930633,50.8,4.5733770258132964e-08,3.16923946990448e-09,245.08208177425743,1.828468647369088,0.0007314620797418,0.00148,6.65847e-07,0.0154111111111111,0.01157,6.76e-06,0.0805555555555555,0.023,9e-06,0.0031111111111111,0.03605,0.0990777777777777,1.0,2136390.1133403727,1.9e-06,0.12776,3.4947606599805434,0.0259796632936021,0.3489915043365624,0.2077418430365416,650.708863935019,39.29802711880018
461,0.0105,0.0124999999999999,450000.0,0.000127,1.0,20.0,250.0,0.0013299448312907,2071.0681368759524,220.5130739903045,113.74929325138204,0.0,0.0009585873365073,0.3131190780411587,0.0867693246389376,57.15,5.6844693251630945e-09,9.074703168118847e-10,1145.653101225536,6.973599041644556,9.0389638447444e-05,0.00148,6.65847e-07,0.0154111111111111,0.01157,6.76e-06,0.0805555555555555,0.023,9e-06,0.0031111111111111,0.03605,0.0990777777777777,1.0,335595.12981277815,1.9e-06,0.12776,3.559250664801279,0.0178163715441419,0.0625397534022209,0.1524145703398439,124.7512182581436,2.026688332912315
462,0.0105,0.0124999999999999,450000.0,0.000127,1.0,20.0,275.0,0.0017005060527129,2071.0681368759524,242.0128264794384,126.14016147206684,0.0,0.0010630075840989,0.4800161745466217,0.1109457762959392,57.15,7.166714210851723e-09,1.183219373559747e-09,923.3163683722414,5.675619428920308,0.0001229129245281,0.00148,6.65847e-07,0.0154111111111111,0.01157,6.76e-06,0.0805555555555555,0.023,9e-06,0.0031111111111111,0.03605,0.0990777777777777,1.0,758504.9833569359,1.9e-06,0.12776,3.4500453070930392,0.0316398345451849,0.2052603982506825,0.2420472190619022,366.14445924963945,6.2321357737350835
463,0.0105,0.0124999999999999,450000.0,0.000127,1.0,20.0,300.0,0.0021557158113159,2071.0681368759524,265.6087782946687,138.40256722311784,0.0,0.0011663452535655,0.7737573347264696,0.1406449355345274,57.15,9.351744840229057e-09,1.4688367114775302e-09,772.8578918245337,3.897832705893239,0.0001717727366924,0.00148,6.65847e-07,0.0154111111111111,0.01157,6.76e-06,0.0805555555555555,0.023,9e-06,0.0031111111111111,0.03605,0.0990777777777777,1.0,547341.5782419912,1.9e-06,0.12776,3.399291064019437,0.0380644222760206,0.469302399191942,0.2775544089353143,797.9268294259033,98.29094089920486
464,0.0105,0.0124999999999999,450000.0,0.000127,1.0,20.0,325.0,0.0027332287644376,2071.0681368759524,291.5053062825179,138.7941511749181,0.0,0.0011696452074083,0.978811871062776,0.1783234976324516,57.15,1.208530615167146e-08,1.997740399334916e-09,695.8561647416491,2.9014188071816496,0.0002424322712999,0.00148,6.65847e-07,0.0154111111111111,0.01157,6.76e-06,0.0805555555555555,0.023,9e-06,0.0031111111111111,0.03605,0.0990777777777777,1.0,1204586.97016348,1.9e-06,0.12776,3.002774284943354,0.0882564196274235,0.6366783734303245,0.4711175047048466,792.472936740431,95.47491879280982
465,0.0105,0.0124999999999999,450000.0,0.000127,1.0,20.0,350.0,0.0035030039608417,2071.0681368759524,291.5053062825179,139.14712289335134,0.0,0.0011726197684782,0.8762923382412054,0.228545786816404,57.15,1.49257045230863e-08,2.226842684298124e-09,593.2194718877709,2.585721021619054,0.000293637358417,0.00148,6.65847e-07,0.0154111111111111,0.01157,6.76e-06,0.0805555555555555,0.023,9e-06,0.0031111111111111,0.03605,0.0990777777777777,1.0,1405334.4548693686,1.9e-06,0.12776,3.2486166712568623,0.0571371302206503,0.4839365514248013,0.3657597789656882,722.3494620809739,63.54115067032768
466,0.0105,0.0124999999999999,450000.0,0.000127,1.0,25.0,275.0,0.0026775651751987,2588.8351710949405,242.0128264794384,127.91543815414254,0.0,0.0008623745477688,0.4782802223899221,0.1746918492124538,57.15,1.1821831829273852e-08,1.9467620144022263e-09,703.2779766401734,2.997458166420338,0.0001979600222268,0.00148,6.65847e-07,0.0154111111111111,0.01157,6.76e-06,0.0805555555555555,0.023,9e-06,0.0031111111111111,0.03605,0.0990777777777777,1.0,920400.8100184252,1.9e-06,0.12776,3.294342052116896,0.0513491073269752,0.1397783731774683,0.3413559171368683,216.66857383496577,3.5202243758966203
467,0.0105,0.0124999999999999,450000.0,0.000127,1.0,25.0,300.0,0.0033930178984377,2588.8351710949405,265.6087782946687,139.34224926228447,0.0,0.0009394113089605,0.8067673047750348,0.2213699881441961,57.15,1.4522422294271844e-08,2.195622773864557e-09,607.8842802082967,2.627606280523932,0.0002614709706372,0.00148,6.65847e-07,0.0154111111111111,0.01157,6.76e-06,0.0805555555555555,0.023,9e-06,0.0031111111111111,0.03605,0.0990777777777777,1.0,1227556.8939026576,1.9e-06,0.12776,3.189876638655205,0.0645725773854171,0.4215873166308386,0.3945764573564431,600.6921967611356,27.20012629294974
468,0.0105,0.0124999999999999,450000.0,0.000127,1.0,25.0,325.0,0.0043004906266942,2588.8351710949405,291.5053062825179,143.64216822518105,0.0,0.0009684003092296,1.0674558574169242,0.2805760498592892,57.15,1.7849822297879005e-08,2.453211932689259e-09,486.8879164407634,2.282019491240197,0.000346173014428,0.00148,6.65847e-07,0.0154111111111111,0.01157,6.76e-06,0.0805555555555555,0.023,9e-06,0.0031111111111111,0.03605,0.0990777777777777,1.0,1545689.2131467932,1.9e-06,0.12776,3.122397198820828,0.073114278630275,0.6230698075576349,0.4246088940189681,843.732931055702,123.73053949323244
469,0.0105,0.0124999999999999,450000.0,0.000127,1.0,25.0,350.0,0.0055098408470383,2588.8351710949405,291.5053062825179,148.72134445318446,0.0,0.0010026428710804,1.0686336921538544,0.3594774444151524,57.15,2.2454053388153325e-08,2.6998724642363723e-09,384.654958545678,1.9925984495758904,0.0004270294318673,0.00148,6.65847e-07,0.0154111111111111,0.01157,6.76e-06,0.0805555555555555,0.023,9e-06,0.0031111111111111,0.03605,0.0990777777777777,1.0,1634090.1536588408,1.9e-06,0.12776,3.4878271961698784,0.0268573169405217,0.5453462477387019,0.2132631654472337,1009.7339575710504,238.3673086475888
470,0.0105,0.0124999999999999,450000.0,0.000127,1.0,30.0,275.0,0.0038916849443778,3106.602205313928,242.0128264794384,129.4638974667555,0.0,0.000727344900932,0.5168696735017647,0.2539044224890577,57.15,1.6350868129385596e-08,2.337171077078145e-09,541.3953407496148,2.437702233865531,0.0002660605984751,0.00148,6.65847e-07,0.0154111111111111,0.01157,6.76e-06,0.0805555555555555,0.023,9e-06,0.0031111111111111,0.03605,0.0990777777777777,1.0,1193483.36793225,1.9e-06,0.12776,3.1821997035464813,0.0655443413232302,0.0991552510127068,0.3981502709427152,140.4458581921468,2.281660972158622
471,0.0105,0.0124999999999999,450000.0,0.000127,1.0,30.0,300.0,0.0049292678382845,3106.602205313928,265.6087782946687,140.44619427931872,0.0,0.0007890448631874,0.8219070999314049,0.3215992357196297,57.15,2.01553387403766e-08,2.631692440123191e-09,403.0509548953965,2.042566457598359,0.0003536554124071,0.00148,6.65847e-07,0.0154111111111111,0.01157,6.76e-06,0.0805555555555555,0.023,9e-06,0.0031111111111111,0.03605,0.0990777777777777,1.0,1456402.7541052343,1.9e-06,0.12776,3.1030376727857383,0.075564851546109,0.3364978642117749,0.4326827409702408,449.2762452229984,9.262778776846648
472,0.0105,0.0124999999999999,450000.0,0.000127,1.0,30.0,325.0,0.0062449716628964,3106.602205313928,291.5053062825179,147.0432440808912,0.0,0.0008261079412212,1.0505458592812236,0.4074394372080225,57.15,2.5394576651585925e-08,2.769230586450957e-09,371.72841827962833,1.9593896501003143,0.0004772005921532,0.00148,6.65847e-07,0.0154111111111111,0.01157,6.76e-06,0.0805555555555555,0.023,9e-06,0.0031111111111111,0.03605,0.0990777777777777,1.0,1374592.8551571474,1.9e-06,0.12776,3.4523497170226016,0.0313481370857466,0.479296422073201,0.2403520582435542,856.8833437836088,131.59985646165103
473,0.0105,0.0124999999999999,450000.0,0.000127,1.0,30.0,350.0,0.0079979482231546,3106.602205313928,291.5053062825179,155.31389548105076,0.0,0.0008725735292422,1.401439057037844,0.521808536333634,57.15,3.2406482892618593e-08,2.9346204189581947e-09,340.9040784440487,1.880200686967212,0.0005968364499471,0.00148,6.65847e-07,0.0154111111111111,0.01157,6.76e-06,0.0805555555555555,0.023,9e-06,0.0031111111111111,0.03605,0.0990777777777777,1.0,1543695.3535110462,1.9e-06,0.12776,3.4016581551393763,0.0377647904886865,0.7158205207042101,0.2759725352066597,1219.7317636101086,413.65115898373807
474,0.0105,0.0124999999999999,450000.0,0.000127,1.0,35.0,300.0,0.006778642729067,3624.369239532916,265.6087782946687,141.7248826014864,0.0,0.0006824817423174,0.8159103231000162,0.4422576318439774,57.15,2.75292609162683e-08,2.8195813842020203e-09,362.34434625208456,1.935281593357124,0.000468491609338,0.00148,6.65847e-07,0.0154111111111111,0.01157,6.76e-06,0.0805555555555555,0.023,9e-06,0.0031111111111111,0.03605,0.0990777777777777,1.0,1432202.0990808057,1.9e-06,0.12776,3.4611670071346348,0.0302320244133374,0.2098426912560387,0.2337953032257801,378.3936205504655,6.544462847443056
475,0.0105,0.0124999999999999,500000.0,0.000127,1.0,20.0,250.0,0.0010772553133455,1863.961323188357,220.5130739903045,113.749293251382,0.0,0.0010650970405637,0.320698463813119,0.0702831529575395,63.5,4.673711253382106e-09,7.194341916176268e-10,1297.266811992684,7.858704723732091,8.360860937877393e-05,0.00148,6.65847e-07,0.0154111111111111,0.01157,6.76e-06,0.0805555555555555,0.023,9e-06,0.0031111111111111,0.03605,0.0990777777777777,1.0,642738.4889703946,1.9e-06,0.12776,3.423873685309368,0.0349526980621053,0.0866053108555794,0.2607817202996499,150.668467584093,2.447735993686431
476,0.0105,0.0124999999999999,500000.0,0.000127,1.0,20.0,275.0,0.0013774099026974,1863.961323188357,242.0128264794384,126.14016147206684,0.0,0.0011811195378877,0.4711652885747391,0.0898660787997107,63.5,5.874329610789894e-09,9.427909275833954e-10,1117.1740583815158,6.807341237425452,0.0001129509296602,0.00148,6.65847e-07,0.0154111111111111,0.01157,6.76e-06,0.0805555555555555,0.023,9e-06,0.0031111111111111,0.03605,0.0990777777777777,1.0,509015.58491016953,1.9e-06,0.12776,3.387571661101173,0.0395478909998514,0.2174892097750282,0.2852854839120066,365.8267566660402,6.224431528976313
477,0.0105,0.0124999999999999,500000.0,0.000127,1.0,20.0,300.0,0.0017461298071659,1863.961323188357,265.6087782946687,138.4025672231178,0.0,0.0012959391706284,0.7541282625298238,0.1139223977829671,63.5,7.3492092286638305e-09,1.2171697885746687e-09,895.9421157004253,5.515811279247513,0.0001528332109465,0.00148,6.65847e-07,0.0154111111111111,0.01157,6.76e-06,0.0805555555555555,0.023,9e-06,0.0031111111111111,0.03605,0.0990777777777777,1.0,833397.9248098367,1.9e-06,0.12776,3.2761562764153696,0.053651104251219,0.4763958647468567,0.351283290615805,727.3244982660212,65.54001935933663
478,0.0105,0.0124999999999999,500000.0,0.000127,1.0,20.0,325.0,0.0022139152991944,1863.961323188357,291.5053062825179,138.7941511749181,0.0,0.0012996057860092,0.9700501168782903,0.1444420330822857,63.5,9.62722241618721e-09,1.522137548461281e-09,765.0979601074025,3.797418025483804,0.0002148919082043,0.00148,6.65847e-07,0.0154111111111111,0.01157,6.76e-06,0.0805555555555555,0.023,9e-06,0.0031111111111111,0.03605,0.0990777777777777,1.0,1084410.1498115037,1.9e-06,0.12776,3.172898357417101,0.0667217269092277,0.6617980837960046,0.402424163058776,930.7299349740034,179.98794597097825
479,0.0105,0.0124999999999999,500000.0,0.000127,1.0,20.0,350.0,0.0028374332082817,1863.961323188357,291.5053062825179,139.14712289335128,0.0,0.0013029108538647,0.9029509315772754,0.1851220873212873,63.5,1.2485278430366568e-08,2.037918207614814e-09,681.9622388957611,2.839185894178101,0.0002775296405954,0.00148,6.65847e-07,0.0154111111111111,0.01157,6.76e-06,0.0805555555555555,0.023,9e-06,0.0031111111111111,0.03605,0.0990777777777777,1.0,933488.7600311728,1.9e-06,0.12776,3.4533457396634226,0.0312220582704528,0.554018844255988,0.2396170188494788,991.4300393509368,224.33000123366614
480,0.0105,0.0124999999999999,500000.0,0.000127,1.0,25.0,250.0,0.0016969539507653,2329.9516539854462,220.5130739903045,116.7997860004194,0.0,0.0008749283822456,0.3257860030973777,0.1107140272189925,63.5,7.152505803061334e-09,1.180576115968564e-09,925.4476295408,5.688061518496236,0.0001248658523404,0.00148,6.65847e-07,0.0154111111111111,0.01157,6.76e-06,0.0805555555555555,0.023,9e-06,0.0031111111111111,0.03605,0.0990777777777777,1.0,791840.2311389484,1.9e-06,0.12776,3.260745394835768,0.0556018487549661,0.0512619758783851,0.3594645914353556,77.27582189706828,1.255410638408268
481,0.0105,0.0124999999999999,500000.0,0.000127,1.0,25.0,275.0,0.0021688277919109,2329.9516539854462,242.0128264794384,127.9154381541425,0.0,0.0009581939419653,0.4581480284506267,0.1415003978620875,63.5,9.413808215045149e-09,1.4808450566658023e-09,771.109627745207,3.875209906467141,0.0001756901133942,0.00148,6.65847e-07,0.0154111111111111,0.01157,6.76e-06,0.0805555555555555,0.023,9e-06,0.0031111111111111,0.03605,0.0990777777777777,1.0,942801.0133036582,1.9e-06,0.12776,3.3153444615706813,0.0486905744847238,0.1528376305885389,0.3295061069519677,241.1738805961345,3.9195270330940297
482,0.0105,0.0124999999999999,500000.0,0.000127,1.0,25.0,300.0,0.0027483444977345,2329.9516539854462,265.6087782946687,139.34224926228444,0.0,0.0010437903432895,0.7694462432732839,0.1793096903967987,63.5,1.2156853955943762e-08,2.011583841360276e-09,693.8407336353872,2.8753388263519537,0.0002474741030649,0.00148,6.65847e-07,0.0154111111111111,0.01157,6.76e-06,0.0805555555555555,0.023,9e-06,0.0031111111111111,0.03605,0.0990777777777777,1.0,1096421.381593953,1.9e-06,0.12776,3.483940721615277,0.0273492757449016,0.426326552876485,0.2163245522446315,786.2918458545045,92.33999311792488
483,0.0105,0.0124999999999999,500000.0,0.000127,1.0,25.0,325.0,0.0034833974076223,2329.9516539854462,291.5053062825179,143.64216822518117,0.0,0.0010760003435885,1.0381962483737814,0.2272666003860242,63.5,1.4853813827948661e-08,2.221277298811633e-09,595.8336789836851,2.593187654571227,0.0003248283081127,0.00148,6.65847e-07,0.0154111111111111,0.01157,6.76e-06,0.0805555555555555,0.023,9e-06,0.0031111111111111,0.03605,0.0990777777777777,1.0,1413753.5791578717,1.9e-06,0.12776,3.444322795364793,0.0323642031183806,0.6471196479877571,0.2462242496478272,1147.9735886975434,351.5746370458036
484,0.0105,0.0124999999999999,500000.0,0.000127,1.0,25.0,350.0,0.004462971086101,2329.9516539854462,291.5053062825179,148.72134445318446,0.0,0.0011140476345338,1.1279720246085838,0.2911767299762732,63.5,1.84455839823705e-08,2.499332552693402e-09,465.2238551865273,2.22014314108738,0.0003965264001164,0.00148,6.65847e-07,0.0154111111111111,0.01157,6.76e-06,0.0805555555555555,0.023,9e-06,0.0031111111111111,0.03605,0.0990777777777777,1.0,1738552.5860539183,1.9e-06,0.12776,3.4147108693739714,0.03611254818051,0.6729852946323105,0.2671237599623241,1160.757143742729,362.5165855139264
485,0.0105,0.0124999999999999,500000.0,0.000127,1.0,30.0,275.0,0.003152264804946,2795.941984782535,242.0128264794384,129.4638974667555,0.0,0.0008081610010355,0.515628468741336,0.2056625822161367,63.5,1.3639660951468992e-08,2.1272842057666303e-09,639.9846926738549,2.7192906760977475,0.0002506979280047,0.00148,6.65847e-07,0.0154111111111111,0.01157,6.76e-06,0.0805555555555555,0.023,9e-06,0.0031111111111111,0.03605,0.0990777777777777,1.0,1082245.8405812487,1.9e-06,0.12776,3.4815681340156805,0.0276496032891544,0.1461558865251993,0.2181817619552245,268.9225727315494,4.375916165300566
486,0.0105,0.0124999999999999,500000.0,0.000127,1.0,30.0,300.0,0.0039927069490104,2795.941984782535,265.6087782946687,140.44619427931866,0.0,0.0008767165146527,0.8191537303704209,0.2604953809328998,63.5,1.67212821463717e-08,2.3658465098331167e-09,527.9257401319381,2.399230697321338,0.0003305153670648,0.00148,6.65847e-07,0.0154111111111111,0.01157,6.76e-06,0.0805555555555555,0.023,9e-06,0.0031111111111111,0.03605,0.0990777777777777,1.0,1384683.2467052732,1.9e-06,0.12776,3.4396901892051552,0.0329506089613727,0.394848349437521,0.2495721547099831,697.3397408267527,54.11705150004964
487,0.0105,0.0124999999999999,500000.0,0.000127,1.0,35.0,275.0,0.0043372735311981,3261.9323155796246,242.0128264794384,130.99509195077226,0.0,0.0007009022374786,0.5120384106148347,0.2829758695412545,63.5,1.7984692947726543e-08,2.463652882742365e-09,481.9835291735802,2.2680117029373505,0.0003226900337026,0.00148,6.65847e-07,0.0154111111111111,0.01157,6.76e-06,0.0805555555555555,0.023,9e-06,0.0031111111111111,0.03605,0.0990777777777777,1.0,1424238.4367067064,1.9e-06,0.12776,3.445955453696409,0.0321575375067836,0.06525254107358,0.2450372252092017,115.93861700357586,1.883520221808978
488,0.0105,0.0124999999999999,500000.0,0.000127,1.0,35.0,300.0,0.0054907006105443,3261.9323155796246,265.6087782946687,141.72488260148643,0.0,0.0007583130470194,0.8399394112311025,0.3582286817936217,63.5,2.237749244217732e-08,2.698066621203636e-09,384.99152046418845,1.9934630906192703,0.0004315657474689,0.00148,6.65847e-07,0.0154111111111111,0.01157,6.76e-06,0.0805555555555555,0.023,9e-06,0.0031111111111111,0.03605,0.0990777777777777,1.0,1469776.0510264316,1.9e-06,0.12776,3.3697054668152795,0.0418094345803443,0.3179007294374807,0.2967581931713484,526.1400407094588,15.488789730474405
489,0.0105,0.0124999999999999,550000.0,0.000127,1.0,20.0,275.0,0.0011383552914855,1694.5102938075972,242.0128264794384,126.14016147206688,0.0,0.0012992314916765,0.4591321615525037,0.0742694866113311,69.85,4.9181111659420605e-09,7.649010682507398e-10,1260.6068251086908,7.644687386302026,0.0001050181541667,0.00148,6.65847e-07,0.0154111111111111,0.01157,6.76e-06,0.0805555555555555,0.023,9e-06,0.0031111111111111,0.03605,0.0990777777777777,1.0,518258.8450872288,1.9e-06,0.12776,3.39731715135683,0.0383142846383759,0.2210526749411725,0.278868254574445,375.1591451077173,6.458941727110992
490,0.0105,0.0124999999999999,550000.0,0.000127,1.0,20.0,300.0,0.0014430824852611,1694.5102938075972,265.6087782946687,138.40256722311787,0.0,0.0014255330876912,0.7724292536196437,0.0941507419693943,69.85,6.137019941044489e-09,9.916604574997263e-10,1077.7705088433263,6.577307255576457,0.0001413582195031,0.00148,6.65847e-07,0.0154111111111111,0.01157,6.76e-06,0.0805555555555555,0.023,9e-06,0.0031111111111111,0.03605,0.0990777777777777,1.0,599948.0644312775,1.9e-06,0.12776,3.493837068013677,0.0260965736691548,0.5144685116502492,0.2084817965301655,958.3515608273876,199.7149393456755
491,0.0105,0.0124999999999999,550000.0,0.000127,1.0,20.0,325.0,0.0018296820654499,1694.5102938075972,291.5053062825179,138.79415117491806,0.0,0.0014295663646101,1.001708901897154,0.1193735810597402,69.85,7.76310032724992e-09,1.2538915996993283e-09,861.7471738200063,5.076511333838772,0.0001929108016768,0.00148,6.65847e-07,0.0154111111111111,0.01157,6.76e-06,0.0805555555555555,0.023,9e-06,0.0031111111111111,0.03605,0.0990777777777777,1.0,906474.5528780032,1.9e-06,0.12776,3.4373693729686594,0.0332443831685241,0.7185253208374138,0.2512382123355376,1266.166731707321,454.4779950270074
492,0.0105,0.0124999999999999,550000.0,0.000127,1.0,20.0,350.0,0.0023449861225469,1694.5102938075972,291.5053062825179,139.1471228933513,0.0,0.0014332019392511,0.8854936144854086,0.1529934605961052,69.85,1.0247624313388826e-08,1.6421761406121595e-09,747.6218503270753,3.571274543509903,0.0002515148450359,0.00148,6.65847e-07,0.0154111111111111,0.01157,6.76e-06,0.0805555555555555,0.023,9e-06,0.0031111111111111,0.03605,0.0990777777777777,1.0,1115079.5830860438,1.9e-06,0.12776,3.3737991228385,0.0412912502736076,0.5686901538893034,0.2941621157232209,944.6823952484366,189.85270388380013
493,0.0105,0.0124999999999999,550000.0,0.000127,1.0,25.0,250.0,0.0014024412816242,2118.137867259497,220.5130739903045,116.79978600041936,0.0,0.0009624212204702,0.3140162183666567,0.091499196048754,69.85,5.974455126496968e-09,9.614177528665819e-10,1102.155231025455,6.719662825203503,0.0001157859684101,0.00148,6.65847e-07,0.0154111111111111,0.01157,6.76e-06,0.0805555555555555,0.023,9e-06,0.0031111111111111,0.03605,0.0990777777777777,1.0,819444.0942584503,1.9e-06,0.12776,3.2822436297365485,0.0528805531979053,0.0587070223179025,0.347993774730044,90.08385107647663,1.463487831172283
494,0.0105,0.0124999999999999,550000.0,0.000127,1.0,25.0,275.0,0.0017924196627363,2118.137867259497,242.0128264794384,127.9154381541425,0.0,0.0010540133361618,0.4834846808257209,0.1169424775719732,69.85,7.576788313681605e-09,1.238065847380405e-09,876.6521349054717,5.275605469409955,0.0001580901949704,0.00148,6.65847e-07,0.0154111111111111,0.01157,6.76e-06,0.0805555555555555,0.023,9e-06,0.0031111111111111,0.03605,0.0990777777777777,1.0,1068715.5587500315,1.9e-06,0.12776,3.469815123458552,0.0291373261444871,0.2027322032537476,0.2272534612002709,368.6930552698516,6.294624992437847
495,0.0105,0.0124999999999999,550000.0,0.000127,1.0,25.0,300.0,0.0022713590890368,2118.137867259497,265.6087782946687,139.3422492622844,0.0,0.0011481693776184,0.7856528281229921,0.1481898267742138,69.85,9.899123021441125e-09,1.574746294512625e-09,757.4387881284191,3.6983071911999614,0.0002221038187939,0.00148,6.65847e-07,0.0154111111111111,0.01157,6.76e-06,0.0805555555555555,0.023,9e-06,0.0031111111111111,0.03605,0.0990777777777777,1.0,1306611.5422384017,1.9e-06,0.12776,3.413299502257461,0.036291202245891,0.4736530013487782,0.2680909780035697,815.8729655345045,107.88236592330736
496,0.0105,0.0124999999999999,550000.0,0.000127,1.0,30.0,250.0,0.0020394377423997,2541.765440711396,220.5130739903045,119.07701419238865,0.0,0.0008176545041542,0.3326180527200576,0.1330586287398406,69.85,8.801361980692314e-09,1.362345767621994e-09,788.3616343466954,4.09845345969139,0.0001655337040124,0.00148,6.65847e-07,0.0154111111111111,0.01157,6.76e-06,0.0805555555555555,0.023,9e-06,0.0031111111111111,0.03605,0.0990777777777777,1.0,1039146.747220122,1.9e-06,0.12776,3.464478549173552,0.0298128418767656,0.0357494239802168,0.2313034257781593,64.67391368391559,1.0506820538827033
497,0.0105,0.0124999999999999,550000.0,0.000127,1.0,30.0,275.0,0.0026051775247488,2541.765440711396,242.0128264794384,129.46389746675547,0.0,0.0008889771011391,0.5159344100293228,0.1699690762116832,69.85,1.1479196950477816e-08,1.880467232490724e-09,712.9296633668223,3.122352440416184,0.0002350262455703,0.00148,6.65847e-07,0.0154111111111111,0.01157,6.76e-06,0.0805555555555555,0.023,9e-06,0.0031111111111111,0.03605,0.0990777777777777,1.0,1236752.1734797289,1.9e-06,0.12776,3.399972375428594,0.0379781803254944,0.1821553338176395,0.2770998127412874,309.9027131550393,5.0785025138620705
498,0.0105,0.0124999999999999,600000.0,0.000127,1.0,20.0,300.0,0.0012125901438652,1553.3011026569643,265.6087782946687,138.4025672231178,0.0,0.0015551270047541,0.7601200319595497,0.0791127762381716,76.2,5.2150505754609934e-09,8.201421170657421e-10,1216.0659136808508,7.38466199947744,0.0001319966087506,0.00148,6.65847e-07,0.0154111111111111,0.01157,6.76e-06,0.0805555555555555,0.023,9e-06,0.0031111111111111,0.03605,0.0990777777777777,1.0,817029.8539667495,1.9e-06,0.12776,3.4063658158897114,0.0371688840645935,0.517197255721378,0.272805832906171,885.1395513363755,149.3059311690607
499,0.0105,0.0124999999999999,600000.0,0.000127,1.0,20.0,325.0,0.0015374411799961,1553.3011026569643,291.5053062825179,138.79415117491826,0.0,0.0015595269432111,0.9753554635072909,0.100306967418254,76.2,6.5144547199846735e-09,1.0618764422411687e-09,1021.1552920022988,6.246793281180221,0.0001783806384786,0.00148,6.65847e-07,0.0154111111111111,0.01157,6.76e-06,0.0805555555555555,0.023,9e-06,0.0031111111111111,0.03605,0.0990777777777777,1.0,1366362.5522591905,1.9e-06,0.12776,3.315549762548472,0.0486645870191807,0.7112384960890369,0.3293881689660257,1122.5136080158184,329.96991709353273
500,0.0105,0.0124999999999999,600000.0,0.000127,1.0,25.0,250.0,0.001178440243587,1941.6263783212053,220.5130739903045,116.7997860004194,0.0,0.0010499140586947,0.3238046726779597,0.0768847411243003,76.2,5.078450974348148e-09,7.94729844422614e-10,1236.5558538477776,7.504280221177941,0.0001084143146132,0.00148,6.65847e-07,0.0154111111111111,0.01157,6.76e-06,0.0805555555555555,0.023,9e-06,0.0031111111111111,0.03605,0.0990777777777777,1.0,478277.11661388224,1.9e-06,0.12776,3.4527192779920903,0.031301357216191,0.0831099315536594,0.2400794975180581,148.63676173652232,2.414729176658887
501,0.0105,0.0124999999999999,600000.0,0.000127,1.0,25.0,275.0,0.0015061304110492,1941.6263783212053,242.0128264794384,127.9154381541425,0.0,0.0011498327303584,0.4782802223899221,0.0982641651820052,76.2,6.389211644197079e-09,1.0385768779477927e-09,1039.941753370438,6.356466764001281,0.0001468346902127,0.00148,6.65847e-07,0.0154111111111111,0.01157,6.76e-06,0.0805555555555555,0.023,9e-06,0.0031111111111111,0.03605,0.0990777777777777,1.0,1156333.4360167568,1.9e-06,0.12776,3.3707410175446424,0.0416783522095389,0.2162060572079167,0.2961032831273106,358.1640110711068,6.044015331707417
502,0.0105,0.0124999999999999,600000.0,0.000127,1.0,30.0,250.0,0.0017136942140998,2329.9516539854467,220.5130739903045,119.07701419238865,0.0,0.0008919867318045,0.3482637119135167,0.1118062088716717,76.2,7.219466856399277e-09,1.1930331987860251e-09,915.4034715401084,5.629424728503999,0.0001511759532338,0.00148,6.65847e-07,0.0154111111111111,0.01157,6.76e-06,0.0805555555555555,0.023,9e-06,0.0031111111111111,0.03605,0.0990777777777777,1.0,1131022.8027191567,1.9e-06,0.12776,3.3649761587481044,0.042408081171126,0.0726475030418449,0.2997337082742757,119.72616229891553,1.9450520769110295
503,0.0105,0.013,400000.0,0.000127,1.0,20.0,250.0,0.0020054013118804,2329.9516539854462,220.5130739903045,112.28179225628934,0.0,0.000841084818889,0.3314565133281096,0.1308379967107553,50.8,8.640256209567574e-09,1.331174183459494e-09,792.8998250826036,4.157178328542653,0.0001182293504159,0.00148,6.65847e-07,0.0154111111111111,0.01157,6.76e-06,0.0805555555555555,0.023,9e-06,0.0031111111111111,0.03605,0.0990777777777777,1.0,398043.227763712,1.9e-06,0.12776,3.573549394430599,0.0160064057682785,0.0368085166173541,0.1390843231022521,74.57857493345254,1.2115915957968808
504,0.0105,0.013,400000.0,0.000127,1.0,20.0,275.0,0.0025567774556324,2329.9516539854462,242.0128264794384,123.64309268465456,0.0,0.0009261904902638,0.4602479563392767,0.1668113201823377,50.8,1.1250103289993662e-08,1.8361409971918791e-09,719.3830059156716,3.205859660999677,0.000167560239663,0.00148,6.65847e-07,0.0154111111111111,0.01157,6.76e-06,0.0805555555555555,0.023,9e-06,0.0031111111111111,0.03605,0.0990777777777777,1.0,903133.9299466092,1.9e-06,0.12776,3.477004178897773,0.0282273191268641,0.129626636156939,0.2217296857172016,237.4268688119556,3.858343008472734
505,0.0105,0.013,400000.0,0.000127,1.0,20.0,300.0,0.0032345455674248,2329.9516539854462,265.6087782946687,134.86839742412874,0.0,0.0010102774398399,0.7276488525161235,0.2110308095463872,50.8,1.3941357080557856e-08,2.1506398744654406e-09,629.0139243433507,2.68795624186137,0.0002239628454252,0.00148,6.65847e-07,0.0154111111111111,0.01157,6.76e-06,0.0805555555555555,0.023,9e-06,0.0031111111111111,0.03605,0.0990777777777777,1.0,715217.5104422848,1.9e-06,0.12776,3.4416078695151877,0.0327078646183307,0.3528080429697362,0.2481898940100062,624.24027472485,32.42779572996605
506,0.0105,0.013,400000.0,0.000127,1.0,20.0,325.0,0.0040950577490096,2329.9516539854462,291.5053062825179,135.49624993636755,0.0,0.0010149805818715,0.91782578493476,0.2671730337070848,50.8,1.709656841303527e-08,2.394899125582211e-09,514.2789667987174,2.3602531244963267,0.0002956817701159,0.00148,6.65847e-07,0.0154111111111111,0.01157,6.76e-06,0.0805555555555555,0.023,9e-06,0.0031111111111111,0.03605,0.0990777777777777,1.0,1037688.8246864076,1.9e-06,0.12776,3.3217543905039983,0.0478791910754432,0.486842751227675,0.3258041551147158,772.4669873233883,85.54844445348954
507,0.0105,0.013,400000.0,0.000127,1.0,20.0,350.0,0.0052430992504483,2329.9516539854462,291.5053062825179,136.89404971885597,0.0,0.0010254512748777,0.9179366540416796,0.3420744757771526,50.8,2.1387087001793456e-08,2.674705928081302e-09,389.3453427801159,2.004648234460245,0.0003633998469898,0.00148,6.65847e-07,0.0154111111111111,0.01157,6.76e-06,0.0805555555555555,0.023,9e-06,0.0031111111111111,0.03605,0.0990777777777777,1.0,1192330.0991795582,1.9e-06,0.12776,3.1760131462461,0.0663274498422658,0.412052178264527,0.400999719275066,580.8772782170338,23.407620016534793
508,0.0105,0.013,400000.0,0.000127,1.0,25.0,275.0,0.0040277443705369,2912.4395674818074,242.0128264794384,125.28540568375011,0.0,0.0007507942339105,0.491354763130266,0.2627813204180705,50.8,1.684975269196895e-08,2.375791998724825e-09,523.2540839284019,2.385887629664204,0.0002431106074079,0.00148,6.65847e-07,0.0154111111111111,0.01157,6.76e-06,0.0805555555555555,0.023,9e-06,0.0031111111111111,0.03605,0.0990777777777777,1.0,609338.8730308894,1.9e-06,0.12776,3.416647470700705,0.0358674087720626,0.0647634427121953,0.265792427941218,111.90614488757826,1.818009324909436
509,0.0105,0.013,400000.0,0.000127,1.0,25.0,300.0,0.0050934513659678,2912.4395674818074,265.6087782946687,135.8547709407245,0.0,0.0008141329639703,0.8139065027897574,0.3323110287795644,50.8,2.0788495463871224e-08,2.6605869494763302e-09,391.9767511808221,2.0114084279937705,0.0003232966407189,0.00148,6.65847e-07,0.0154111111111111,0.01157,6.76e-06,0.0805555555555555,0.023,9e-06,0.0031111111111111,0.03605,0.0990777777777777,1.0,1455698.8781206952,1.9e-06,0.12776,3.2302796023279656,0.0594582781863334,0.3177854740101928,0.3750457763361631,467.3985898446488,10.335438580948175
510,0.0105,0.013,400000.0,0.000127,1.0,25.0,325.0,0.0064461693454402,2912.4395674818074,291.5053062825179,140.14602670564375,0.0,0.000839849048513,1.043905154522672,0.4205661373706879,50.8,2.6199367381760925e-08,2.788213185403595e-09,368.19055822977896,1.950300745989083,0.0004363838927124,0.00148,6.65847e-07,0.0154111111111111,0.01157,6.76e-06,0.0805555555555555,0.023,9e-06,0.0031111111111111,0.03605,0.0990777777777777,1.0,1640720.4704922463,1.9e-06,0.12776,3.115484937102666,0.0739892484680169,0.4595290171519841,0.4275178817883849,619.1273859520128,31.223715590596854
511,0.0105,0.013,400000.0,0.000127,1.0,25.0,350.0,0.0082504989854021,2912.4395674818074,291.5053062825179,145.87393295969378,0.0,0.0008741745069689,1.169541511456322,0.5382856552047965,50.8,3.341668594160867e-08,2.9584480782747237e-09,336.4632258406883,1.8687919588334423,0.0005458419226855,0.00148,6.65847e-07,0.0154111111111111,0.01157,6.76e-06,0.0805555555555555,0.023,9e-06,0.0031111111111111,0.03605,0.0990777777777777,1.0,1900008.6583651947,1.9e-06,0.12776,3.528260028406754,0.0217392369105375,0.4674458562515255,0.1799352265624224,902.1621857508676,160.47066611179855
512,0.0105,0.013,400000.0,0.000127,1.0,30.0,300.0,0.0074037503301972,3494.9274809781687,265.6087782946687,137.0048626348381,0.0,0.000684187571054,0.7430320992220408,0.483041402042991,50.8,3.002969132078888e-08,2.878559036153447e-09,351.3524541938121,1.907042982583671,0.0004509864248008,0.00148,6.65847e-07,0.0154111111111111,0.01157,6.76e-06,0.0805555555555555,0.023,9e-06,0.0031111111111111,0.03605,0.0990777777777777,1.0,1399131.7719045992,1.9e-06,0.12776,3.2529682872726,0.0565862927503038,0.0961806971790497,0.363515437816434,144.07245072086124,2.34057804222619
513,0.0105,0.013,400000.0,0.000127,1.0,30.0,325.0,0.009365956244939,3494.9274809781687,291.5053062825179,143.44772434236492,0.0,0.0007163625305228,1.050959692557186,0.6110612100973118,50.8,3.787851497975634e-08,3.373217108179322e-09,303.0417502024365,1.7394551806772791,0.0006182314951679,0.00148,6.65847e-07,0.0154111111111111,0.01157,6.76e-06,0.0805555555555555,0.023,9e-06,0.0031111111111111,0.03605,0.0990777777777777,1.0,1597833.599582291,1.9e-06,0.12776,3.4981231345175954,0.0255540336053676,0.2760884824598739,0.2050362048161925,516.5362298391291,14.439356777172115
514,0.0105,0.013,450000.0,0.000127,1.0,20.0,250.0,0.0015845146167944,2071.0681368759524,220.5130739903045,112.2817922562894,0.0,0.0009462204212501,0.3209054197059374,0.1033781702405968,57.15,6.702748467177792e-09,1.0969056224268038e-09,992.911229923331,6.081907271169415,0.0001056435494623,0.00148,6.65847e-07,0.0154111111111111,0.01157,6.76e-06,0.0805555555555555,0.023,9e-06,0.0031111111111111,0.03605,0.0990777777777777,1.0,809587.3188923217,1.9e-06,0.12776,3.45999722271744,0.0303800983901975,0.0537172494653404,0.2346716885018142,96.75350234600262,1.571841918553138
515,0.0105,0.013,450000.0,0.000127,1.0,20.0,275.0,0.0020201698414873,2071.0681368759524,242.0128264794384,123.64309268465452,0.0,0.0010419643015467,0.4581769213393545,0.1318015369341927,57.15,8.710160583040258e-09,1.344699645929386e-09,790.9306878016829,4.131697396756946,0.000146473906732,0.00148,6.65847e-07,0.0154111111111111,0.01157,6.76e-06,0.0805555555555555,0.023,9e-06,0.0031111111111111,0.03605,0.0990777777777777,1.0,678107.7239882865,1.9e-06,0.12776,3.4327140989046168,0.0338336583665042,0.1625653844051618,0.25455791727189,285.1984299672526,4.648760585295679
516,0.0105,0.013,450000.0,0.000127,1.0,20.0,300.0,0.0025556903248789,2071.0681368759524,265.6087782946687,134.86839742412863,0.0,0.0011365621198199,0.7480022096435482,0.1667403927280096,57.15,1.1244957537760168e-08,1.8351453702338502e-09,719.5279566828123,3.2077353456690925,0.0002061716255668,0.00148,6.65847e-07,0.0154111111111111,0.01157,6.76e-06,0.0805555555555555,0.023,9e-06,0.0031111111111111,0.03605,0.0990777777777777,1.0,871600.4282890665,1.9e-06,0.12776,3.282479191852894,0.0528507352084944,0.4174518169155385,0.3478658098448571,640.690779969009,36.57025467306747
517,0.0105,0.013,450000.0,0.000127,1.0,20.0,325.0,0.0032356011844026,2071.0681368759524,291.5053062825179,135.49624993636746,0.0,0.0011418531546055,0.9038172642587212,0.211099680953746,57.15,1.3945227676143097e-08,2.15093951486331e-09,628.8731754129783,2.687554238285164,0.0002760171346672,0.00148,6.65847e-07,0.0154111111111111,0.01157,6.76e-06,0.0805555555555555,0.023,9e-06,0.0031111111111111,0.03605,0.0990777777777777,1.0,1092017.4699617743,1.9e-06,0.12776,3.158071438821503,0.0685985520479109,0.5289075833049752,0.4091129148593841,735.5114538355771,68.91899978553933
518,0.0105,0.013,450000.0,0.000127,1.0,20.0,350.0,0.0041426957040579,2071.0681368759524,291.5053062825179,136.894049718856,0.0,0.0011536326842374,0.9521416349789452,0.2702810672807133,57.15,1.727124091487922e-08,2.4084213179158683e-09,507.9272394589374,2.3421114796616305,0.0003357798522416,0.00148,6.65847e-07,0.0154111111111111,0.01157,6.76e-06,0.0805555555555555,0.023,9e-06,0.0031111111111111,0.03605,0.0990777777777777,1.0,1633561.35705516,1.9e-06,0.12776,3.140372355592654,0.0708389423300438,0.518050567698232,0.4169038943612648,710.9146163615208,59.10312070898903
519,0.0105,0.013,450000.0,0.000127,1.0,25.0,275.0,0.0031824153051156,2588.8351710949405,242.0128264794384,125.28540568375014,0.0,0.0008446435131493,0.507334815322229,0.2076296852685989,57.15,1.3750212785424033e-08,2.135842525741426e-09,635.9646259845808,2.70780866212151,0.000227276976269,0.00148,6.65847e-07,0.0154111111111111,0.01157,6.76e-06,0.0805555555555555,0.023,9e-06,0.0031111111111111,0.03605,0.0990777777777777,1.0,1128563.9198874503,1.9e-06,0.12776,3.159155533616531,0.0684613248586669,0.1358951300536298,0.4086289336718377,189.13378522764404,3.072659953634941
520,0.0105,0.013,450000.0,0.000127,1.0,25.0,300.0,0.0040244554002708,2588.8351710949405,265.6087782946687,135.85477094072442,0.0,0.0009158995844665,0.7850977144220164,0.2625667387887916,57.15,1.6837693134326485e-08,2.374858413551551e-09,523.6926132972187,2.3871401462841835,0.0002993690930523,0.00148,6.65847e-07,0.0154111111111111,0.01157,6.76e-06,0.0805555555555555,0.023,9e-06,0.0031111111111111,0.03605,0.0990777777777777,1.0,1373382.7777416012,1.9e-06,0.12776,3.2423238727655663,0.0579336869917005,0.3587209756332247,0.3689774315318811,532.7295810561061,16.26261286335479
521,0.0105,0.013,450000.0,0.000127,1.0,25.0,325.0,0.0050932696062737,2588.8351710949405,291.5053062825179,140.1460267056437,0.0,0.0009448301795771,1.0824974145115709,0.332299170268198,57.15,2.078776842509506e-08,2.660569800812717e-09,391.9799472432821,2.011416638806189,0.0003985992352796,0.00148,6.65847e-07,0.0154111111111111,0.01157,6.76e-06,0.0805555555555555,0.023,9e-06,0.0031111111111111,0.03605,0.0990777777777777,1.0,1744450.9443000276,1.9e-06,0.12776,3.500107163231475,0.025302890730193,0.5863882442433729,0.203431055916632,1099.2937888865315,310.51379362652636
522,0.0105,0.013,450000.0,0.000127,1.0,25.0,350.0,0.0065189127785893,2588.8351710949405,291.5053062825179,145.87393295969383,0.0,0.00098344632034,1.1738905127338797,0.4253121226309505,57.15,2.6490341114357482e-08,2.7950763828343503e-09,366.9114377012845,1.947014634140004,0.0004958964492202,0.00148,6.65847e-07,0.0154111111111111,0.01157,6.76e-06,0.0805555555555555,0.023,9e-06,0.0031111111111111,0.03605,0.0990777777777777,1.0,2144450.615945646,1.9e-06,0.12776,3.479027007972657,0.0279712648135877,0.5847683901029288,0.220161161729909,1073.2327027593597,289.003022081368
523,0.0105,0.013,450000.0,0.000127,1.0,30.0,275.0,0.0046280828351055,3106.602205313928,242.0128264794384,126.7787843206795,0.0,0.0007122595883974,0.5197823737130787,0.301949082794226,57.15,1.905099372872044e-08,2.546200073020834e-09,443.2089553192568,2.1572647344589786,0.0003063172966881,0.00148,6.65847e-07,0.0154111111111111,0.01157,6.76e-06,0.0805555555555555,0.023,9e-06,0.0031111111111111,0.03605,0.0990777777777777,1.0,1331000.5677925048,1.9e-06,0.12776,3.233722637488196,0.0590224509508613,0.0540232909188525,0.3733229953270125,79.67644416138333,1.294410763614768
524,0.0105,0.013,450000.0,0.000127,1.0,30.0,300.0,0.0058498768041064,3106.602205313928,265.6087782946687,137.00486263483813,0.0,0.0007697110174357,0.7744163687702739,0.3816623423549562,57.15,2.38141972164258e-08,2.731954176713835e-09,378.6757662765922,1.977237665251295,0.0004107422813417,0.00148,6.65847e-07,0.0154111111111111,0.01157,6.76e-06,0.0805555555555555,0.023,9e-06,0.0031111111111111,0.03605,0.0990777777777777,1.0,1698930.3628681449,1.9e-06,0.12776,3.4952125429252887,0.0259224629208495,0.2289440264153176,0.2073793040394861,427.07079447372064,8.195333712651232
525,0.0105,0.013,450000.0,0.000127,1.0,30.0,325.0,0.0074002617243963,3106.602205313928,291.5053062825179,143.447724342365,0.0,0.0008059078468382,1.0446797468090898,0.4828137956324443,57.15,3.0015736897585294e-08,2.878229893173344e-09,351.4137978382151,1.9072005768621207,0.000556046214637,0.00148,6.65847e-07,0.0154111111111111,0.01157,6.76e-06,0.0805555555555555,0.023,9e-06,0.0031111111111111,0.03605,0.0990777777777777,1.0,1876761.1742457964,1.9e-06,0.12776,3.449918053722766,0.0316559425667385,0.3980559511766454,0.2421406082785462,709.9665815603569,58.74495081251213
526,0.0105,0.013,450000.0,0.000127,1.0,35.0,300.0,0.0080498174694423,3624.369239532916,265.6087782946687,138.3324305452461,0.0,0.0006661452561086,0.8234400273809629,0.5251926311953311,57.15,3.2613959877769265e-08,2.9395141786069434e-09,339.99200961732635,1.8778575456354127,0.0005475308737784,0.00148,6.65847e-07,0.0154111111111111,0.01157,6.76e-06,0.0805555555555555,0.023,9e-06,0.0031111111111111,0.03605,0.0990777777777777,1.0,1920830.8075969857,1.9e-06,0.12776,3.455205783203873,0.0309866097210287,0.1344373961856317,0.2382405385279895,241.0144592007161,3.916922517254003
527,0.0105,0.013,500000.0,0.000127,1.0,20.0,250.0,0.0012834568396035,1863.961323188357,220.5130739903045,112.28179225628936,0.0,0.0010513560236112,0.3184193218883255,0.0837363178948834,63.5,5.498517358414012e-09,8.728767891657111e-10,1173.545896237898,7.136434389647226,9.733757319005554e-05,0.00148,6.65847e-07,0.0154111111111111,0.01157,6.76e-06,0.0805555555555555,0.023,9e-06,0.0031111111111111,0.03605,0.0990777777777777,1.0,590814.0354684371,1.9e-06,0.12776,3.4107205694813896,0.0366176494327355,0.0708730039934419,0.2698517568755516,121.78590677599468,1.9785143563799605
528,0.0105,0.013,500000.0,0.000127,1.0,20.0,275.0,0.0016363375716047,1863.961323188357,242.0128264794384,123.64309268465452,0.0,0.0011577381128297,0.4701288636520044,0.1067592449166961,63.5,6.910040286419106e-09,1.1354691041964067e-09,961.817457037134,5.900384934437085,0.0001318802879344,0.00148,6.65847e-07,0.0154111111111111,0.01157,6.76e-06,0.0805555555555555,0.023,9e-06,0.0031111111111111,0.03605,0.0990777777777777,1.0,532367.331122975,1.9e-06,0.12776,3.396656819657881,0.0383978709293822,0.1995596187353082,0.2793067084278643,338.47632236517103,5.620838549429283
529,0.0105,0.013,500000.0,0.000127,1.0,20.0,300.0,0.0020701091631519,1863.961323188357,265.6087782946687,134.86839742412866,0.0,0.0012628467997999,0.7315783680756877,0.1350597181096877,63.5,8.946540038919064e-09,1.390435574889418e-09,784.2721115797447,4.045534421658632,0.0001826746331919,0.00148,6.65847e-07,0.0154111111111111,0.01157,6.76e-06,0.0805555555555555,0.023,9e-06,0.0031111111111111,0.03605,0.0990777777777777,1.0,903373.6603218496,1.9e-06,0.12776,3.305945630066577,0.0498802999915724,0.4327086499659999,0.3348613297011537,677.3496697443691,47.330165542521776
530,0.0105,0.013,500000.0,0.000127,1.0,20.0,325.0,0.0026208369593661,1863.961323188357,291.5053062825179,135.49624993636758,0.0,0.0012687257273394,0.8978864173579115,0.1709907415725343,63.5,1.1553318274333141e-08,1.8948086124963072e-09,710.8417387511792,3.09533438270107,0.0002575876575396,0.00148,6.65847e-07,0.0154111111111111,0.01157,6.76e-06,0.0805555555555555,0.023,9e-06,0.0031111111111111,0.03605,0.0990777777777777,1.0,1050245.5740661388,1.9e-06,0.12776,3.4760260197711004,0.0283511367378354,0.5630856757853773,0.2224859000455639,1030.3574169157928,254.50328488026307
531,0.0105,0.013,500000.0,0.000127,1.0,20.0,350.0,0.0033555835202869,1863.961323188357,291.5053062825179,136.89404971885594,0.0,0.0012818140935971,0.9534286264185408,0.2189276644973777,63.5,1.4385162907718833e-08,2.1849969008451867e-09,612.8755306284061,2.641862165192588,0.0003154705577349,0.00148,6.65847e-07,0.0154111111111111,0.01157,6.76e-06,0.0805555555555555,0.023,9e-06,0.0031111111111111,0.03605,0.0990777777777777,1.0,1458152.7252921092,1.9e-06,0.12776,3.4511032133112374,0.0315059223656661,0.5706909619211631,0.2412699466400285,1019.0451586393576,245.6122718525523
532,0.0105,0.013,500000.0,0.000127,1.0,25.0,250.0,0.0020227399258939,2329.9516539854462,220.5130739903045,115.0538762038082,0.0,0.0008618500531989,0.3445253356784644,0.1319692164371107,63.5,8.722325649231141e-09,1.3470534063314136e-09,790.5880098808128,4.1272630930592005,0.0001491613430298,0.00148,6.65847e-07,0.0154111111111111,0.01157,6.76e-06,0.0805555555555555,0.023,9e-06,0.0031111111111111,0.03605,0.0990777777777777,1.0,855899.5682003004,1.9e-06,0.12776,3.2819534784958795,0.0529172812030532,0.0487461192413535,0.3481513251672674,74.78112287952301,1.2148821573210702
533,0.0105,0.013,500000.0,0.000127,1.0,25.0,275.0,0.0025777563971436,2329.9516539854462,242.0128264794384,125.28540568375011,0.0,0.0009384927923881,0.4828733695732478,0.1681800450675651,63.5,1.1349403613146712e-08,1.8553541411960883e-09,716.5858137141772,3.16966357433351,0.0002112751509618,0.00148,6.65847e-07,0.0154111111111111,0.01157,6.76e-06,0.0805555555555555,0.023,9e-06,0.0031111111111111,0.03605,0.0990777777777777,1.0,1119348.0824281538,1.9e-06,0.12776,3.181601149803174,0.0656201076198513,0.1508833245056825,0.3984271410736402,213.6164173989091,3.4705836537622066
534,0.0105,0.013,500000.0,0.000127,1.0,25.0,300.0,0.0032598088742193,2329.9516539854462,265.6087782946687,135.8547709407245,0.0,0.0010176662049628,0.7736308463536506,0.2126790584189213,63.5,1.4033989205471125e-08,2.15781094831009e-09,625.6454834374136,2.678335385156855,0.0002816386010041,0.00148,6.65847e-07,0.0154111111111111,0.01157,6.76e-06,0.0805555555555555,0.023,9e-06,0.0031111111111111,0.03605,0.0990777777777777,1.0,898856.569790561,1.9e-06,0.12776,3.445771395428931,0.0321808360216543,0.3971417879347292,0.2451712317397152,705.5035103429384,57.07888999986473
535,0.0105,0.013,500000.0,0.000127,1.0,25.0,325.0,0.0041255483810817,2329.9516539854462,291.5053062825179,140.14602670564383,0.0,0.0010498113106413,1.0774435458633316,0.2691623279172405,63.5,1.7208367397299754e-08,2.403553993131325e-09,510.2135491890999,2.348641580355177,0.0003718337626092,0.00148,6.65847e-07,0.0154111111111111,0.01157,6.76e-06,0.0805555555555555,0.023,9e-06,0.0031111111111111,0.03605,0.0990777777777777,1.0,1859722.2762996904,1.9e-06,0.12776,3.4313955028222445,0.034000569263007,0.6444712179460911,0.2554928733266189,1129.2173295339626,335.6326544173784
536,0.0105,0.013,500000.0,0.000127,1.0,30.0,275.0,0.0037487470964355,2795.941984782535,242.0128264794384,126.7787843206795,0.0,0.0007913995426638,0.5049428354597683,0.2445787570633229,63.5,1.5826762686930218e-08,2.2965976924802088e-09,560.4537204752648,2.4921363015784395,0.0002869392343895,0.00148,6.65847e-07,0.0154111111111111,0.01157,6.76e-06,0.0805555555555555,0.023,9e-06,0.0031111111111111,0.03605,0.0990777777777777,1.0,829639.9376333562,1.9e-06,0.12776,3.4292690063332385,0.0342697460337673,0.0965540783964452,0.2569957435595087,168.83678478455778,2.7428976832629637
537,0.0105,0.013,500000.0,0.000127,1.0,30.0,300.0,0.0047384002113262,2795.941984782535,265.6087782946687,137.0048626348381,0.0,0.0008552344638175,0.7981121364996774,0.3091464973075143,63.5,1.945549077486281e-08,2.5775140279856523e-09,428.49997182317054,2.115253303522044,0.0003802289181306,0.00148,6.65847e-07,0.0154111111111111,0.01157,6.76e-06,0.0805555555555555,0.023,9e-06,0.0031111111111111,0.03605,0.0990777777777777,1.0,1821028.8956676545,1.9e-06,0.12776,3.426273641610924,0.0346489061251995,0.3251556391921629,0.2591024103337399,566.9628735027717,21.055238384652295
538,0.0105,0.013,500000.0,0.000127,1.0,35.0,275.0,0.0051613453114251,3261.9323155796246,242.0128264794384,128.29592101594054,0.0,0.0006864600555664,0.5537353844304161,0.3367406198842459,63.5,2.1060071245700423e-08,2.666992607442336e-09,390.7829040439009,2.008341386901682,0.0003730936916637,0.00148,6.65847e-07,0.0154111111111111,0.01157,6.76e-06,0.0805555555555555,0.023,9e-06,0.0031111111111111,0.03605,0.0990777777777777,1.0,1854046.0231983976,1.9e-06,0.12776,3.430655626017012,0.0340942245548087,0.0531847645461701,0.2560164595983255,93.12273378044158,1.5128570333597304
539,0.0105,0.013,550000.0,0.000127,1.0,20.0,250.0,0.0010607081319037,1694.5102938075972,220.5130739903045,112.28179225628936,0.0,0.0011564916259724,0.3234217371545901,0.0692035685081681,69.85,4.607522527614886e-09,7.071207885667035e-10,1307.195120857767,7.916665198055559,9.07577223155333e-05,0.00148,6.65847e-07,0.0154111111111111,0.01157,6.76e-06,0.0805555555555555,0.023,9e-06,0.0031111111111111,0.03605,0.0990777777777777,1.0,596005.6323403054,1.9e-06,0.12776,3.419224458685818,0.0355412077612888,0.0904081686464219,0.2640133382298797,156.59675714946636,2.5440462951135845
540,0.0105,0.013,550000.0,0.000127,1.0,20.0,275.0,0.0013523451004998,1694.5102938075972,242.0128264794384,123.6430926846545,0.0,0.0012735119241127,0.4699926558374666,0.0882307809228893,69.85,5.774070401999258e-09,9.241392307408315e-10,1132.212939700111,6.895136722675279,0.0001222300162935,0.00148,6.65847e-07,0.0154111111111111,0.01157,6.76e-06,0.0805555555555555,0.023,9e-06,0.0031111111111111,0.03605,0.0990777777777777,1.0,776511.8222330869,1.9e-06,0.12776,3.2704836438221947,0.0543691590098487,0.2179518749145772,0.3543189596876525,331.1950154458657,5.476077436994074
541,0.0105,0.013,550000.0,0.000127,1.0,20.0,300.0,0.0017108340191338,1694.5102938075972,265.6087782946687,134.86839742412866,0.0,0.0013891314797799,0.7482639827642258,0.1116196017435436,69.85,7.208026076535256e-09,1.1909048161642171e-09,917.1195885197116,5.639443247819225,0.0001650012548622,0.00148,6.65847e-07,0.0154111111111111,0.01157,6.76e-06,0.0805555555555555,0.023,9e-06,0.0031111111111111,0.03605,0.0990777777777777,1.0,1041321.298533922,1.9e-06,0.12776,3.464878965461287,0.0297621562707231,0.4728343810206821,0.2310010206891244,855.7363091443774,130.90384044781177
542,0.0105,0.013,550000.0,0.000127,1.0,20.0,325.0,0.0021659809581538,1694.5102938075972,291.5053062825179,135.4962499363675,0.0,0.0013955983000734,0.8900247410891283,0.1413146624566398,69.85,9.400333201928213e-09,1.4782378409060378e-09,771.489205579487,3.880121700579399,0.0002308454595262,0.00148,6.65847e-07,0.0154111111111111,0.01157,6.76e-06,0.0805555555555555,0.023,9e-06,0.0031111111111111,0.03605,0.0990777777777777,1.0,1260773.7226304212,1.9e-06,0.12776,3.404683598121742,0.0373818230225643,0.5849000786324885,0.2739405861025402,999.4452057262104,230.44244206184914
543,0.0105,0.013,550000.0,0.000127,1.0,20.0,350.0,0.0027732095208983,1694.5102938075972,291.5053062825179,136.89404971885588,0.0,0.0014099955029568,0.9539711577138018,0.1809319541300641,69.85,1.2249791576627132e-08,2.019688099872054e-09,690.5253972135588,2.863643772886436,0.00030010906784,0.00148,6.65847e-07,0.0154111111111111,0.01157,6.76e-06,0.0805555555555555,0.023,9e-06,0.0031111111111111,0.03605,0.0990777777777777,1.0,1347398.1432067072,1.9e-06,0.12776,3.327024038341692,0.0472121470453554,0.6092292035837377,0.3227299973148232,971.0636607781188,209.05351784303284
544,0.0105,0.013,550000.0,0.000127,1.0,25.0,250.0,0.0016716858891685,2118.137867259497,220.5130739903045,115.0538762038082,0.0,0.0009480350585188,0.3532133668890549,0.1090654681298436,69.85,7.051433556674061e-09,1.1617731658799702e-09,940.6084664988908,5.776568968573875,0.0001355025296962,0.00148,6.65847e-07,0.0154111111111111,0.01157,6.76e-06,0.0805555555555555,0.023,9e-06,0.0031111111111111,0.03605,0.0990777777777777,1.0,630948.6995455996,1.9e-06,0.12776,3.5013888826387145,0.0251406477672513,0.0803378987592113,0.2023906490276509,150.80503924615502,2.4499547188938147
545,0.0105,0.013,550000.0,0.000127,1.0,25.0,275.0,0.002130377187722,2118.137867259497,242.0128264794384,125.28540568375008,0.0,0.0010323420716269,0.5003022568792754,0.1389917727831117,69.85,9.231808688551e-09,1.445630839831478e-09,776.2363749703943,3.941550784573148,0.0001895772715111,0.00148,6.65847e-07,0.0154111111111111,0.01157,6.76e-06,0.0805555555555555,0.023,9e-06,0.0031111111111111,0.03605,0.0990777777777777,1.0,925959.485390702,1.9e-06,0.12776,3.441708884305336,0.0326950779360334,0.1975004840961637,0.2481169415273338,349.48103432295886,5.8509383674728275
546,0.0105,0.013,550000.0,0.000127,1.0,25.0,300.0,0.0026940569208424,2118.137867259497,265.6087782946687,135.8547709407245,0.0,0.0011194328254591,0.7899917654898112,0.1757678168751416,69.85,1.1899892758654394e-08,1.9618656498151663e-09,701.079077221003,2.969004078101362,0.0002665212489611,0.00148,6.65847e-07,0.0154111111111111,0.01157,6.76e-06,0.0805555555555555,0.023,9e-06,0.0031111111111111,0.03605,0.0990777777777777,1.0,1607741.3587607476,1.9e-06,0.12776,3.378200649449953,0.040734095006335,0.4504139486146695,0.2913493267430417,751.1889383452906,75.69965225923384
547,0.0105,0.013,550000.0,0.000127,1.0,30.0,250.0,0.0024323568462213,2541.765440711396,220.5130739903045,117.18479166040962,0.0,0.0008046613644905,0.3781385117028739,0.1586937712466529,69.85,1.0661179072114581e-08,1.7221928704749363e-09,735.9724205038148,3.4205291741824366,0.0001997945607263,0.00148,6.65847e-07,0.0154111111111111,0.01157,6.76e-06,0.0805555555555555,0.023,9e-06,0.0031111111111111,0.03605,0.0990777777777777,1.0,859834.2564347237,1.9e-06,0.12776,3.4264135678061707,0.034631193948586,0.0556347404562208,0.2590042650201437,97.0212628445626,1.5761919127710988
548,0.0105,0.013,550000.0,0.000127,1.0,30.0,275.0,0.0030981380962276,2541.765440711396,242.0128264794384,126.77878432067948,0.0,0.0008705394969302,0.4972539935629725,0.2021312041845644,69.85,1.3441196352834889e-08,2.1119201590745526e-09,647.2015871696403,2.739903389734248,0.000272149868458,0.00148,6.65847e-07,0.0154111111111111,0.01157,6.76e-06,0.0805555555555555,0.023,9e-06,0.0031111111111111,0.03605,0.0990777777777777,1.0,1576011.299550966,1.9e-06,0.12776,3.372677747341266,0.0414331965390802,0.1313127893784079,0.2948751635985864,217.91051512784577,3.5404270901672255
549,0.0105,0.013,600000.0,0.000127,1.0,20.0,275.0,0.0011363455358366,1553.3011026569643,242.0128264794384,123.64309268465456,0.0,0.0013892857353957,0.4634194830952827,0.0741383645254834,76.2,4.910072143346603e-09,7.63405530691949e-10,1261.8126784980095,7.65172703780353,0.0001143889209313,0.00148,6.65847e-07,0.0154111111111111,0.01157,6.76e-06,0.0805555555555555,0.023,9e-06,0.0031111111111111,0.03605,0.0990777777777777,1.0,911858.1743461778,1.9e-06,0.12776,3.429647446104544,0.0342218422652475,0.2254711185697992,0.2567287307660874,394.4059096462742,7.005316943947671
550,0.0105,0.013,600000.0,0.000127,1.0,20.0,300.0,0.0014375758077443,1553.3011026569643,265.6087782946687,134.86839742412872,0.0,0.0015154161597599,0.7411638859201396,0.0937914709095054,76.2,6.114993230977546e-09,9.875627239991e-10,1081.074515353368,6.596595715181428,0.0001536783492237,0.00148,6.65847e-07,0.0154111111111111,0.01157,6.76e-06,0.0805555555555555,0.023,9e-06,0.0031111111111111,0.03605,0.0990777777777777,1.0,1115446.9360999954,1.9e-06,0.12776,3.361335669596968,0.0428689025826623,0.4835624150106341,0.3020070809250832,794.3441532655072,96.43583611306391
551,0.0105,0.013,600000.0,0.000127,1.0,25.0,250.0,0.0014046805040929,1941.6263783212053,220.5130739903045,115.05387620380824,0.0,0.0010342200638387,0.3382714763160072,0.091645289192438,76.2,5.983412016371955e-09,9.630840456352527e-10,1100.8116975442067,6.711819411093325,0.000126490875671,0.00148,6.65847e-07,0.0154111111111111,0.01157,6.76e-06,0.0805555555555555,0.023,9e-06,0.0031111111111111,0.03605,0.0990777777777777,1.0,850537.3376223161,1.9e-06,0.12776,3.414999798155149,0.0360759749170697,0.0828161871235692,0.266925440083952,142.87904162786256,2.321190097925147
552,0.0105,0.013,600000.0,0.000127,1.0,25.0,275.0,0.0017901086091275,1941.6263783212053,242.0128264794384,125.28540568375014,0.0,0.0011261913508658,0.4866929466836521,0.1167916979635869,76.2,7.565233045637751e-09,1.237084317491171e-09,877.5765563489799,5.287953498173226,0.0001722311473425,0.00148,6.65847e-07,0.0154111111111111,0.01157,6.76e-06,0.0805555555555555,0.023,9e-06,0.0031111111111111,0.03605,0.0990777777777777,1.0,935172.0894078685,1.9e-06,0.12776,3.313350352267339,0.0489429933838811,0.2060912487200652,0.3306494960118045,324.65215794290725,5.350251052757488
553,0.0105,0.013,600000.0,0.000127,1.0,30.0,250.0,0.0020438554055054,2329.9516539854467,220.5130739903045,117.18479166040969,0.0,0.000877812397626,0.3707077490072168,0.1333468494503125,76.2,8.82227225272591e-09,1.366391596024078e-09,787.77261259927,4.090831429926444,0.0001810025120844,0.00148,6.65847e-07,0.0154111111111111,0.01157,6.76e-06,0.0805555555555555,0.023,9e-06,0.0031111111111111,0.03605,0.0990777777777777,1.0,1346361.886190893,1.9e-06,0.12776,3.311003411985534,0.0492400744322109,0.0735508995569041,0.3319902068329357,115.63144865709896,1.8785300139875303
554,0.011,0.011,400000.0,0.000127,1.0,20.0,275.0,0.0012041143544794,2122.951816957814,242.0128264794384,143.47036031403033,0.0,0.0011795040031057,0.436334361187603,0.0823007344829302,50.8,5.3627274179178965e-09,8.25079451628001e-10,1185.6513873123156,8.977980485990567,8.262840282994446e-05,0.00148,6.65847e-07,0.0154111111111111,0.01157,6.76e-06,0.0805555555555555,0.023,9e-06,0.0031111111111111,0.03605,0.0990777777777777,1.0,494334.4985117004,1.9e-06,0.12776,3.590698101730481,0.0138356833252555,0.1902236267046726,0.1225335154028315,392.8259263314252,6.956812040897408
555,0.011,0.011,400000.0,0.000127,1.0,20.0,300.0,0.0015820065626833,2122.951816957814,265.6087782946687,157.21082760822154,0.0,0.0012924676573586,0.689895460388375,0.1081295157567803,50.8,6.956302813416635e-09,1.0800885892437986e-09,975.3173749266692,7.503406475386104,0.0001151402110003,0.00148,6.65847e-07,0.0154111111111111,0.01157,6.76e-06,0.0805555555555555,0.023,9e-06,0.0031111111111111,0.03605,0.0990777777777777,1.0,407520.1126950646,1.9e-06,0.12776,3.575461350895628,0.0157643859625787,0.4179559446315946,0.1372700186859943,848.6146911019036,126.62345527354869
556,0.011,0.011,400000.0,0.000127,1.0,20.0,325.0,0.0021027327926925,2122.951816957814,291.5053062825179,152.12547450448048,0.0,0.0012506597582919,0.7669818320956786,0.1437209452874195,50.8,9.532538552078129e-09,1.3517007735316291e-09,794.4222943076585,5.092804633685247,0.0001680151827526,0.00148,6.65847e-07,0.0154111111111111,0.01157,6.76e-06,0.0805555555555555,0.023,9e-06,0.0031111111111111,0.03605,0.0990777777777777,1.0,901843.2141447908,1.9e-06,0.12776,3.476792729917753,0.0282540848205376,0.4594508868082591,0.2218932814143213,841.3629970483381,122.3383528825202
557,0.011,0.011,400000.0,0.000127,1.0,20.0,350.0,0.0029003172764473,2122.951816957814,291.5053062825179,164.64005237517063,0.0,0.0013535450836187,0.9574185041608828,0.198235525718268,50.8,1.3307771775184281e-08,2.0821525712888073e-09,688.0776964736822,3.716689586023919,0.0002350825002639,0.00148,6.65847e-07,0.0154111111111111,0.01157,6.76e-06,0.0805555555555555,0.023,9e-06,0.0031111111111111,0.03605,0.0990777777777777,1.0,661966.7457225717,1.9e-06,0.12776,3.429584637616814,0.0342297927067323,0.5953729784426145,0.2567730593418154,1041.3955369853877,263.2683956098849
558,0.011,0.011,400000.0,0.000127,1.0,25.0,275.0,0.0018932661791796,2653.689771197268,242.0128264794384,144.53160606884353,0.0,0.0009505830057741,0.3720163709695847,0.129403986040456,50.8,8.512600895898147e-09,1.212283972225559e-09,850.8135283281481,5.840337006657864,0.000126175660133,0.00148,6.65847e-07,0.0154111111111111,0.01157,6.76e-06,0.0805555555555555,0.023,9e-06,0.0031111111111111,0.03605,0.0990777777777777,1.0,371655.7453612905,1.9e-06,0.12776,3.567920757905909,0.0167188914043153,0.0788023849291285,0.1443814534770812,158.68091638362483,2.577905365011428
559,0.011,0.011,400000.0,0.000127,1.0,25.0,300.0,0.0024864280842801,2653.689771197268,265.6087782946687,159.2965470200624,0.0,0.0010476918827266,0.691244480232112,0.1699463649893154,50.8,1.1348696265592773e-08,1.703100432426302e-09,743.2629220959783,4.430794683360273,0.0001829623007465,0.00148,6.65847e-07,0.0154111111111111,0.01157,6.76e-06,0.0805555555555555,0.023,9e-06,0.0031111111111111,0.03605,0.0990777777777777,1.0,858148.2286084965,1.9e-06,0.12776,3.469400725168353,0.0291897816242591,0.3574881152427965,0.2275694786767386,649.8695414367894,39.06343807933618
560,0.011,0.011,400000.0,0.000127,1.0,25.0,325.0,0.0033036794858594,2653.689771197268,291.5053062825179,162.2079442689294,0.0,0.0010668401148891,0.9022027029353092,0.2258051713866992,50.8,1.5217019566401405e-08,2.451563783534662e-09,634.296068552073,3.0207472534741084,0.0002689278886218,0.00148,6.65847e-07,0.0154111111111111,0.01157,6.76e-06,0.0805555555555555,0.023,9e-06,0.0031111111111111,0.03605,0.0990777777777777,1.0,1155097.8029680515,1.9e-06,0.12776,3.3449660855393333,0.0449410018304641,0.5125875315486099,0.3120495948702809,829.9086998242149,115.72396733491446
561,0.011,0.011,400000.0,0.000127,1.0,25.0,350.0,0.0045553298446993,2653.689771197268,291.5053062825179,179.90379424628424,0.0,0.0011832255527787,1.1260298399196516,0.31135497275326,50.8,2.0015812763897482e-08,2.930918894184049e-09,467.4093540400918,2.2801307707754592,0.0003471577273262,0.00148,6.65847e-07,0.0154111111111111,0.01157,6.76e-06,0.0805555555555555,0.023,9e-06,0.0031111111111111,0.03605,0.0990777777777777,1.0,1326329.9086077332,1.9e-06,0.12776,3.204979183661302,0.0626608628276833,0.6508648671663915,0.3874204864905214,938.336146904011,185.3398224568847
562,0.011,0.011,400000.0,0.000127,1.0,30.0,275.0,0.0027470716141513,3184.427725436721,242.0128264794384,145.64631051929047,0.0,0.0007982620053325,0.4221310465728366,0.1877612459985995,50.8,1.2582408973649756e-08,1.941805596388237e-09,708.5104514464857,3.981092500285242,0.0001853607374185,0.00148,6.65847e-07,0.0154111111111111,0.01157,6.76e-06,0.0805555555555555,0.023,9e-06,0.0031111111111111,0.03605,0.0990777777777777,1.0,850868.9321297114,1.9e-06,0.12776,3.4681235696154484,0.0293514468841204,0.070559800574237,0.2285418055072035,128.10759842012368,2.0812155494315285
563,0.011,0.011,400000.0,0.000127,1.0,30.0,300.0,0.0036059659087828,3184.427725436721,265.6087782946687,161.0067423202123,0.0,0.0008824498508636,0.6929933374112952,0.2464663274789459,50.8,1.6534811665537214e-08,2.6614387764277153e-09,593.9912121622833,2.641670709397609,0.000266089188054,0.00148,6.65847e-07,0.0154111111111111,0.01157,6.76e-06,0.0805555555555555,0.023,9e-06,0.0031111111111111,0.03605,0.0990777777777777,1.0,1165997.1900595918,1.9e-06,0.12776,3.34698578079513,0.0446853442031481,0.282717009932349,0.3108261951147448,458.5491041923742,9.786616159646872
564,0.011,0.011,400000.0,0.000127,1.0,30.0,325.0,0.0047891462423964,3184.427725436721,291.5053062825179,169.0564365805669,0.0,0.0009265688200272,0.9697646042535364,0.3273362300093005,50.8,2.0873139555453656e-08,2.997288458058374e-09,436.2338343471397,2.191088030816442,0.0003608405441209,0.00148,6.65847e-07,0.0154111111111111,0.01157,6.76e-06,0.0805555555555555,0.023,9e-06,0.0031111111111111,0.03605,0.0990777777777777,1.0,1219994.8166520807,1.9e-06,0.12776,3.182240960104725,0.0655391189740854,0.4786183742442357,0.3981311777057519,677.9479667936423,47.52375334083931
565,0.011,0.011,400000.0,0.000127,1.0,35.0,300.0,0.0049489904164282,3715.165679676175,265.6087782946687,162.62641961815817,0.0,0.0007639945880728,0.7315458556837805,0.338261515366706,50.8,2.1459234860237012e-08,3.042660759671221e-09,414.9212778095632,2.130215639647729,0.0003377135266329,0.00148,6.65847e-07,0.0154111111111111,0.01157,6.76e-06,0.0805555555555555,0.023,9e-06,0.0031111111111111,0.03605,0.0990777777777777,1.0,1382371.8409016028,1.9e-06,0.12776,3.2162412936657967,0.0612352792828105,0.2294743403170742,0.3819731243704465,333.76949366848964,5.526652673415963
566,0.011,0.011,400000.0,0.000127,1.0,35.0,325.0,0.0065695745829464,3715.165679676175,291.5053062825179,174.1320852834883,0.0,0.0008180464839525,1.0224315830564423,0.4490277949145546,50.8,2.7924568331785682e-08,3.2052262227518287e-09,380.5206005334701,2.0398860377899783,0.0004684037131875,0.00148,6.65847e-07,0.0154111111111111,0.01157,6.76e-06,0.0805555555555555,0.023,9e-06,0.0031111111111111,0.03605,0.0990777777777777,1.0,2004178.673466548,1.9e-06,0.12776,3.213765982733868,0.061548609780523,0.4095937881418876,0.3831786963283568,594.5903753604571,25.975006301063726
567,0.011,0.011,400000.0,0.000127,1.0,40.0,325.0,0.0086571771313546,4245.903633915628,291.5053062825179,178.21474764406878,0.0,0.0007325729432844,1.0762179129101923,0.5917145940572359,50.8,3.627497852541849e-08,3.983687371328846e-09,317.872914745815,1.7972652873424642,0.0006039745991175,0.00148,6.65847e-07,0.0154111111111111,0.01157,6.76e-06,0.0805555555555555,0.023,9e-06,0.0031111111111111,0.03605,0.0990777777777777,1.0,1667690.2362843356,1.9e-06,0.12776,3.50596299158961,0.0245616466342266,0.3206933188529566,0.198655459219704,604.803566248997,28.05509034944833
568,0.011,0.011,450000.0,0.000127,1.0,20.0,300.0,0.001249980493972,1887.06828174028,265.6087782946687,157.21082760822162,0.0,0.0014540261145284,0.6953559028286093,0.0854356667707894,57.15,5.546191975888047e-09,8.59210234803839e-10,1158.131703616793,8.817323324544475,0.0001046829464381,0.00148,6.65847e-07,0.0154111111111111,0.01157,6.76e-06,0.0805555555555555,0.023,9e-06,0.0031111111111111,0.03605,0.0990777777777777,1.0,258024.26114305263,1.9e-06,0.12776,3.5371111077804995,0.0206188471163924,0.4461102360578199,0.172259218959788,869.043847650233,139.08950212691582
569,0.011,0.011,450000.0,0.000127,1.0,20.0,325.0,0.0016614185028681,1887.06828174028,291.5053062825179,152.1254745044805,0.0,0.0014069922280784,0.7734008282866445,0.1135572901036401,57.15,7.353362514340988e-09,1.113815713771655e-09,943.552598852721,7.079106096620135,0.0001487258959191,0.00148,6.65847e-07,0.0154111111111111,0.01157,6.76e-06,0.0805555555555555,0.023,9e-06,0.0031111111111111,0.03605,0.0990777777777777,1.0,669343.3097723394,1.9e-06,0.12776,3.430688982611538,0.0340900022010711,0.4960335381830043,0.2559928700957973,868.546925558364,138.77952737915416
570,0.011,0.011,450000.0,0.000127,1.0,20.0,350.0,0.0022916087122547,1887.06828174028,291.5053062825179,164.64005237517034,0.0,0.001522738219071,0.899034045737717,0.1566305388391255,57.15,1.0426551238005696e-08,1.5246790069442444e-09,769.2388383660367,4.766926936282271,0.0002068938772172,0.00148,6.65847e-07,0.0154111111111111,0.01157,6.76e-06,0.0805555555555555,0.023,9e-06,0.0031111111111111,0.03605,0.0990777777777777,1.0,866731.644010166,1.9e-06,0.12776,3.2812614639646265,0.0530048779791612,0.5785935068985915,0.3485267778587094,887.1055034020047,150.57678725807264
571,0.011,0.011,450000.0,0.000127,1.0,25.0,275.0,0.0014959140181172,2358.8353521753497,242.0128264794384,144.5316060688435,0.0,0.0010694058814958,0.3741976331899929,0.1022451247727059,57.15,6.5299260724689535e-09,1.0422189615277435e-09,1010.5715891296568,7.955882132180024,0.0001121812145401,0.00148,6.65847e-07,0.0154111111111111,0.01157,6.76e-06,0.0805555555555555,0.023,9e-06,0.0031111111111111,0.03605,0.0990777777777777,1.0,790781.9618720093,1.9e-06,0.12776,3.456422057366525,0.0308326509662626,0.1081425084172869,0.2373377662159176,194.10370658093893,3.1534148999425233
572,0.011,0.011,450000.0,0.000127,1.0,25.0,300.0,0.0019645851530114,2358.8353521753497,265.6087782946687,159.29654702006226,0.0,0.0011786533680674,0.6924801666271344,0.1342786093742739,57.15,8.869195765057437e-09,1.2425739249206618e-09,822.2859387954052,5.459277589905033,0.0001610162391095,0.00148,6.65847e-07,0.0154111111111111,0.01157,6.76e-06,0.0805555555555555,0.023,9e-06,0.0031111111111111,0.03605,0.0990777777777777,1.0,615143.1046161595,1.9e-06,0.12776,3.4175110489783327,0.0357580950660338,0.3943915572528604,0.2651971935350957,682.030135418703,48.86025022788516
573,0.011,0.011,450000.0,0.000127,1.0,25.0,325.0,0.0026103146554938,2358.8353521753497,291.5053062825179,162.2079442689294,0.0,0.0012001951292503,0.8698871514020462,0.1784139625771451,57.15,1.1935092702671076e-08,1.8165594709409687e-09,726.7447126008148,4.217046574761433,0.0002370498506813,0.00148,6.65847e-07,0.0154111111111111,0.01157,6.76e-06,0.0805555555555555,0.023,9e-06,0.0031111111111111,0.03605,0.0990777777777777,1.0,1027095.6433177028,1.9e-06,0.12776,3.133948319453723,0.071652111461554,0.527663188824901,0.4196811219218389,720.6570587990874,62.87057203354495
574,0.011,0.011,450000.0,0.000127,1.0,25.0,350.0,0.003599272963713,2358.8353521753497,291.5053062825179,179.90379424628455,0.0,0.001331128746876,1.07593443687889,0.2460088673606007,57.15,1.6510270866947814e-08,2.659538961659825e-09,594.8836048382614,2.644219539048921,0.0003275829092946,0.00148,6.65847e-07,0.0154111111111111,0.01157,6.76e-06,0.0805555555555555,0.023,9e-06,0.0031111111111111,0.03605,0.0990777777777777,1.0,1129085.0347356484,1.9e-06,0.12776,3.1883589565091848,0.0647646890494702,0.666115569518289,0.3952863400046142,947.9916508421338,192.22274348992678
575,0.011,0.011,450000.0,0.000127,1.0,30.0,275.0,0.0021705257198232,2830.602422610419,242.0128264794384,145.64631051929047,0.0,0.0008980447559991,0.4047906553687077,0.1483545647396342,57.15,9.853425073830262e-09,1.413787569985768e-09,785.3832373568941,4.975837880883812,0.0001633212687033,0.00148,6.65847e-07,0.0154111111111111,0.01157,6.76e-06,0.0805555555555555,0.023,9e-06,0.0031111111111111,0.03605,0.0990777777777777,1.0,603146.3602656011,1.9e-06,0.12776,3.4144339282096,0.0361476040241012,0.0926260906290734,0.2673137508834083,159.7189785407872,2.594769649642532
576,0.011,0.011,450000.0,0.000127,1.0,30.0,300.0,0.0028491582489148,2830.602422610419,265.6087782946687,161.00674232021228,0.0,0.0009927560822216,0.7162040583318232,0.1947388266500314,57.15,1.3065619044863693e-08,2.0352995991037007e-09,694.8989001446848,3.804956984707242,0.0002370616517541,0.00148,6.65847e-07,0.0154111111111111,0.01157,6.76e-06,0.0805555555555555,0.023,9e-06,0.0031111111111111,0.03605,0.0990777777777777,1.0,1026914.3989075072,1.9e-06,0.12776,3.1339014807772863,0.0716580404079384,0.3576552316817917,0.4197012739880576,488.4513877618527,11.856918906766982
577,0.011,0.011,450000.0,0.000127,1.0,30.0,325.0,0.0037840167841157,2830.602422610419,291.5053062825179,169.05643658056698,0.0,0.0010423899225306,0.9697646042535364,0.2586360335875957,57.15,1.7187664875090963e-08,2.7119791108938604e-09,570.2510954512376,2.5738647815504385,0.0003397540987491,0.00148,6.65847e-07,0.0154111111111111,0.01157,6.76e-06,0.0805555555555555,0.023,9e-06,0.0031111111111111,0.03605,0.0990777777777777,1.0,1602700.4326006146,1.9e-06,0.12776,3.1341765124818592,0.0716232262681191,0.5473185706659405,0.4195829231845736,747.6279245398442,74.12383448495262
578,0.011,0.011,450000.0,0.000127,1.0,35.0,275.0,0.0029806236721903,3302.369493045489,242.0128264794384,146.87490212437282,0.0,0.0007762458549877,0.4375083477958706,0.2037244357447396,57.15,1.3687888715034189e-08,2.155699577702062e-09,677.3701770412905,3.5781326784408547,0.0002268307045283,0.00148,6.65847e-07,0.0154111111111111,0.01157,6.76e-06,0.0805555555555555,0.023,9e-06,0.0031111111111111,0.03605,0.0990777777777777,1.0,1132075.1421245094,1.9e-06,0.12776,3.159992565573972,0.0683553714463327,0.0699739120511309,0.4082547080019298,97.44871454652822,1.5831362247290297
579,0.011,0.011,450000.0,0.000127,1.0,35.0,300.0,0.0039103134154495,3302.369493045489,265.6087782946687,162.62641961815808,0.0,0.000859493911582,0.7124068874215111,0.2672683578206072,57.15,1.7650752523314842e-08,2.747828830686726e-09,553.4115446067332,2.525768077417136,0.0003176158878916,0.00148,6.65847e-07,0.0154111111111111,0.01157,6.76e-06,0.0805555555555555,0.023,9e-06,0.0031111111111111,0.03605,0.0990777777777777,1.0,1247667.878024827,1.9e-06,0.12776,3.215917544615537,0.0612762601752484,0.2813285296009038,0.3821310704579739,409.0866258717127,7.492757731015469
580,0.011,0.011,450000.0,0.000127,1.0,35.0,325.0,0.0051907749791181,3302.369493045489,291.5053062825179,174.13208528348832,0.0,0.0009203022944466,1.0431093029586735,0.3547873935127345,57.15,2.2409369916472643e-08,3.07513923772984e-09,404.7654127671863,2.1021719310933165,0.0004328457337363,0.00148,6.65847e-07,0.0154111111111111,0.01157,6.76e-06,0.0805555555555555,0.023,9e-06,0.0031111111111111,0.03605,0.0990777777777777,1.0,1609599.368909394,1.9e-06,0.12776,3.484902416450498,0.0272275422214559,0.524511909445939,0.2155692430185931,968.3115583780944,207.01854591494245
581,0.011,0.011,450000.0,0.000127,1.0,40.0,275.0,0.0039325185457843,3774.136563480559,242.0128264794384,148.24102217419795,0.0,0.0006855326721605,0.4811366018203141,0.2687860695969432,57.15,1.7732171334542678e-08,2.7541318309493787e-09,550.4508605620844,2.517311845665911,0.0002911207246255,0.00148,6.65847e-07,0.0154111111111111,0.01157,6.76e-06,0.0805555555555555,0.023,9e-06,0.0031111111111111,0.03605,0.0990777777777777,1.0,1310119.826003327,1.9e-06,0.12776,3.039459359186612,0.0836127393434668,0.0485405322233708,0.457674216817594,61.95408317926823,1.006496122677083
582,0.011,0.011,450000.0,0.000127,1.0,40.0,300.0,0.0051557900343505,3774.136563480559,265.6087782946687,164.27648192983713,0.0,0.0007596877974718,0.7667680546386703,0.3523961865318468,57.15,2.2269430137402228e-08,3.071838478160906e-09,405.3805880359798,2.103752340988248,0.0003926743309234,0.00148,6.65847e-07,0.0154111111111111,0.01157,6.76e-06,0.0805555555555555,0.023,9e-06,0.0031111111111111,0.03605,0.0990777777777777,1.0,1765959.780775557,1.9e-06,0.12776,3.502341934393981,0.0250200083045593,0.2505618681068232,0.2016152672373944,470.795551292486,10.559653059090346
583,0.011,0.011,450000.0,0.000127,1.0,40.0,325.0,0.0068402387210703,3774.136563480559,291.5053062825179,178.21474764406886,0.0,0.000824144561195,1.0994861525905368,0.4675275804896681,57.15,2.90072248842813e-08,3.230762842855543e-09,375.7612423286994,2.027659056014369,0.0005454278820124,0.00148,6.65847e-07,0.0154111111111111,0.01157,6.76e-06,0.0805555555555555,0.023,9e-06,0.0031111111111111,0.03605,0.0990777777777777,1.0,1931257.3644360604,1.9e-06,0.12776,3.4564255756829114,0.030832205609758,0.4681485721008686,0.2373351516625339,840.2772038768584,121.70320514856516
584,0.011,0.011,500000.0,0.000127,1.0,20.0,300.0,0.0010124842001173,1698.3614535662512,265.6087782946687,157.2108276082217,0.0,0.0016155845716982,0.6918974618524973,0.0692028900843394,63.5,4.596206800469319e-09,6.824799801911097e-10,1300.629479929602,9.649211092881025,9.72199610276202e-05,0.00148,6.65847e-07,0.0154111111111111,0.01157,6.76e-06,0.0805555555555555,0.023,9e-06,0.0031111111111111,0.03605,0.0990777777777777,1.0,591306.8335505221,1.9e-06,0.12776,3.410850725493209,0.0366011739882013,0.4588845717681579,0.2697630952465759,788.6283451452471,93.51792058127074
585,0.011,0.011,500000.0,0.000127,1.0,20.0,325.0,0.0013457489873232,1698.3614535662512,291.5053062825179,152.1254745044804,0.0,0.0015633246978649,0.738495025625735,0.0919814049839485,63.5,5.929265949292959e-09,9.304753056777284e-10,1100.670607606056,8.481871192143394,0.0001354094048827,0.00148,6.65847e-07,0.0154111111111111,0.01157,6.76e-06,0.0805555555555555,0.023,9e-06,0.0031111111111111,0.03605,0.0990777777777777,1.0,500577.1741469897,1.9e-06,0.12776,3.3871188806353487,0.0396052049828672,0.4827036206417864,0.2855808563854042,811.5939264469894,105.55059615002598
586,0.011,0.011,500000.0,0.000127,1.0,20.0,350.0,0.0018562030569263,1698.3614535662512,291.5053062825179,164.64005237517088,0.0,0.0016919313545233,0.9431611997305932,0.1268707364596916,63.5,8.32728528463163e-09,1.1965428565102367e-09,865.6387772294695,6.038366380750931,0.0001847979274057,0.00148,6.65847e-07,0.0154111111111111,0.01157,6.76e-06,0.0805555555555555,0.023,9e-06,0.0031111111111111,0.03605,0.0990777777777777,1.0,890092.6628705467,1.9e-06,0.12776,3.3026854800619647,0.0502929772073462,0.6524804632709014,0.3366989556446642,1018.5523194631776,245.22710866842073
587,0.011,0.011,500000.0,0.000127,1.0,25.0,275.0,0.0012116903546749,2122.951816957814,242.0128264794384,144.53160606884353,0.0,0.0011882287572176,0.3775697566709194,0.0828185510658918,63.5,5.393031418699853e-09,8.30717048837472e-10,1181.105787195022,8.95144372706582,0.0001038400383164,0.00148,6.65847e-07,0.0154111111111111,0.01157,6.76e-06,0.0805555555555555,0.023,9e-06,0.0031111111111111,0.03605,0.0990777777777777,1.0,561572.8232355238,1.9e-06,0.12776,3.40280473739999,0.0376196534936721,0.1309412056050275,0.2752038070047425,223.3558785985017,3.629036831445166
588,0.011,0.011,500000.0,0.000127,1.0,25.0,300.0,0.0015913139739393,2122.951816957814,265.6087782946687,159.2965470200625,0.0,0.0013096148534082,0.6986702282612749,0.1087656735931619,63.5,7.002839869696526e-09,1.084041549185736e-09,971.5944104242778,7.453676697823074,0.0001447769354471,0.00148,6.65847e-07,0.0154111111111111,0.01157,6.76e-06,0.0805555555555555,0.023,9e-06,0.0031111111111111,0.03605,0.0990777777777777,1.0,880266.538058535,1.9e-06,0.12776,3.28807384788628,0.0521425509004708,0.4260945546681129,0.3448117813010085,657.017915770164,41.09715638660975
589,0.011,0.011,500000.0,0.000127,1.0,25.0,325.0,0.00211435487095,2122.951816957814,291.5053062825179,162.20794426892954,0.0,0.0013335501436114,0.8685480488885409,0.1445153096874875,63.5,9.587549722496904e-09,1.362344621462184e-09,792.8726838733267,5.072752442223427,0.0002112412408939,0.00148,6.65847e-07,0.0154111111111111,0.01157,6.76e-06,0.0805555555555555,0.023,9e-06,0.0031111111111111,0.03605,0.0990777777777777,1.0,1119647.9229493467,1.9e-06,0.12776,3.1816747411217112,0.0656107922630745,0.5602227392010533,0.3983931140260632,793.1926473177582,95.84385761044622
590,0.011,0.011,500000.0,0.000127,1.0,25.0,350.0,0.0029154111006075,2122.951816957814,291.5053062825179,179.9037942462847,0.0,0.0014790319409733,1.103418361816317,0.1992671825620866,63.5,1.3379215876209122e-08,2.0959759482694228e-09,686.0651865856586,3.6906474061964096,0.0002954377956479,0.00148,6.65847e-07,0.0154111111111111,0.01157,6.76e-06,0.0805555555555555,0.023,9e-06,0.0031111111111111,0.03605,0.0990777777777777,1.0,1543361.5637538126,1.9e-06,0.12776,3.463198498714489,0.0299748735804443,0.7403411792542304,0.2322685606608782,1337.661971586977,517.9044605856885
591,0.011,0.011,500000.0,0.000127,1.0,30.0,275.0,0.0017581258330568,2547.542180349377,242.0128264794384,145.6463105192904,0.0,0.0009978275066656,0.4166304534140672,0.1201671974391037,63.5,7.836899165284342e-09,1.1548883806834155e-09,904.8696667772526,6.562395930202161,0.000146461724785,0.00148,6.65847e-07,0.0154111111111111,0.01157,6.76e-06,0.0805555555555555,0.023,9e-06,0.0031111111111111,0.03605,0.0990777777777777,1.0,871172.0016836306,1.9e-06,0.12776,3.285808370068856,0.0524293202444486,0.1326532559749633,0.3460519073288381,204.15797068081503,3.3168110356081972
592,0.011,0.011,500000.0,0.000127,1.0,30.0,300.0,0.002307818181621,2547.542180349377,265.6087782946687,161.00674232021214,0.0,0.0011030623135795,0.7332126586962581,0.1577384495865254,63.5,1.0503276059672924e-08,1.5395241252739971e-09,767.0775757838613,4.738959874279533,0.0002116080547882,0.00148,6.65847e-07,0.0154111111111111,0.01157,6.76e-06,0.0805555555555555,0.023,9e-06,0.0031111111111111,0.03605,0.0990777777777777,1.0,1116381.5243241766,1.9e-06,0.12776,3.180872057239591,0.0657123978177733,0.4116642091097326,0.3987640499822818,582.4963380794578,23.697622552382
593,0.011,0.011,500000.0,0.000127,1.0,30.0,325.0,0.0030650535951337,2547.542180349377,291.5053062825179,169.05643658056712,0.0,0.001158211025034,0.9697646042535364,0.2094951872059525,63.5,1.4087523683633e-08,2.233023034031326e-09,666.1128539821691,3.432461229457364,0.0003111424887141,0.00148,6.65847e-07,0.0154111111111111,0.01157,6.76e-06,0.0805555555555555,0.023,9e-06,0.0031111111111111,0.03605,0.0990777777777777,1.0,1477543.0665417055,1.9e-06,0.12776,3.453958060959256,0.0311445492456638,0.5964594170475837,0.2391644348365658,1068.013773916638,284.7411911704617
594,0.011,0.011,500000.0,0.000127,1.0,35.0,275.0,0.0024143051744741,2972.13254374094,242.0128264794384,146.87490212437282,0.0,0.0008624953944308,0.4284708185365233,0.165016792953239,63.5,1.1007314492511024e-08,1.6370481079386695e-09,752.8793100701121,4.555232186203761,0.0002027120564598,0.00148,6.65847e-07,0.0154111111111111,0.01157,6.76e-06,0.0805555555555555,0.023,9e-06,0.0031111111111111,0.03605,0.0990777777777777,1.0,1185167.8207852088,1.9e-06,0.12776,3.197322099269387,0.0636301140165332,0.0996440255832842,0.3910696236969993,142.798633776749,2.319883804165725
595,0.011,0.011,500000.0,0.000127,1.0,35.0,300.0,0.003167353866514,2972.13254374094,265.6087782946687,162.6264196181582,0.0,0.0009549932350911,0.7207827072970728,0.2164873698346919,63.5,1.4571744968166721e-08,2.326712691569605e-09,652.4728177981204,3.2559571152303493,0.0002938072160672,0.00148,6.65847e-07,0.0154111111111111,0.01157,6.76e-06,0.0805555555555555,0.023,9e-06,0.0031111111111111,0.03605,0.0990777777777777,1.0,1549858.4703712603,1.9e-06,0.12776,3.4640746973368253,0.0298639623624271,0.3404853374623807,0.2316081846728187,615.7242992560742,30.44379407198169
596,0.011,0.011,500000.0,0.000127,1.0,35.0,325.0,0.0042045277330857,2972.13254374094,291.5053062825179,174.1320852834884,0.0,0.0010225581049407,1.0410887363157717,0.2873777887453149,63.5,1.87295383546476e-08,2.8313425454621552e-09,514.1829689219056,2.413724400260524,0.0004082803378616,0.00148,6.65847e-07,0.0154111111111111,0.01157,6.76e-06,0.0805555555555555,0.023,9e-06,0.0031111111111111,0.03605,0.0990777777777777,1.0,1669916.5647068608,1.9e-06,0.12776,3.4043586517121307,0.0374229554794771,0.5899009475704569,0.2741593732610088,1007.6866736983746,236.78352675509393
597,0.011,0.011,500000.0,0.000127,1.0,40.0,275.0,0.0031853400220853,3396.7229071325023,242.0128264794384,148.241022174198,0.0,0.0007617029690672,0.479603488331299,0.2177167163735241,63.5,1.4656879437870608e-08,2.3431849524264166e-09,650.0746637219546,3.224924641761652,0.0002698445454329,0.00148,6.65847e-07,0.0154111111111111,0.01157,6.76e-06,0.0805555555555555,0.023,9e-06,0.0031111111111111,0.03605,0.0990777777777777,1.0,984821.3121100157,1.9e-06,0.12776,3.4638263529695643,0.029895398358283,0.0980767719577747,0.2317954729341919,177.31610139188194,2.8806553741292835
598,0.011,0.011,500000.0,0.000127,1.0,40.0,300.0,0.0041761899278239,3396.7229071325023,265.6087782946687,164.27648192983725,0.0,0.0008440975527465,0.7533843655665042,0.2854409110907959,63.5,1.862563306868782e-08,2.823298764979254e-09,517.9613429568066,2.424516097719657,0.0003706333851462,0.00148,6.65847e-07,0.0154111111111111,0.01157,6.76e-06,0.0805555555555555,0.023,9e-06,0.0031111111111111,0.03605,0.0990777777777777,1.0,1865090.6210908624,1.9e-06,0.12776,3.4320916794289147,0.0339124456419095,0.3041334544757081,0.2549995388374489,533.2438864123191,16.324910021059146
599,0.011,0.011,550000.0,0.000127,1.0,20.0,325.0,0.0011121892457216,1543.9649577875011,291.5053062825179,152.12547450448042,0.0,0.0017196571676514,0.7623976576994765,0.0760176900693789,69.85,4.995026982886741e-09,7.56674393122089e-10,1240.8064525669888,9.299970241440825,0.0001262513471806,0.00148,6.65847e-07,0.0154111111111111,0.01157,6.76e-06,0.0805555555555555,0.023,9e-06,0.0031111111111111,0.03605,0.0990777777777777,1.0,743243.1183863371,1.9e-06,0.12776,3.260968885484937,0.0555735587993751,0.5225699676300976,0.3593474200053256,787.9019493672439,93.15078776566916
600,0.011,0.011,550000.0,0.000127,1.0,20.0,350.0,0.0015340521131622,1543.9649577875011,291.5053062825179,164.64005237517063,0.0,0.0018611244899757,0.9472439777964844,0.1048518483137946,69.85,6.716530565811262e-09,1.0597218070332534e-09,994.4991547350988,7.7596285378106895,0.0001677056530896,0.00148,6.65847e-07,0.0154111111111111,0.01157,6.76e-06,0.0805555555555555,0.023,9e-06,0.0031111111111111,0.03605,0.0990777777777777,1.0,1030170.5740036588,1.9e-06,0.12776,3.4628119790535754,0.0300238001198006,0.6785821294826898,0.2325595132820123,1225.609937709978,418.7966514668689
601,0.011,0.011,550000.0,0.000127,1.0,25.0,275.0,0.0010013969873346,1929.9561972343763,242.0128264794384,144.53160606884353,0.0,0.0013070516329394,0.3759110948047323,0.0684450835255304,69.85,4.551857949338719e-09,6.74229552758241e-10,1307.2818075991922,9.688046716583324,9.729502509662596e-05,0.00148,6.65847e-07,0.0154111111111111,0.01157,6.76e-06,0.0805555555555555,0.023,9e-06,0.0031111111111111,0.03605,0.0990777777777777,1.0,564715.60423488,1.9e-06,0.12776,3.41075803427397,0.0366129070539279,0.1436560112792017,0.2698262382516393,246.86252973926207,4.012556089823763
602,0.011,0.011,550000.0,0.000127,1.0,25.0,300.0,0.0013151355156523,1929.9561972343763,265.6087782946687,159.29654702006238,0.0,0.0014405763387491,0.6783778911065707,0.0898889864406296,69.85,5.8068120626092716e-09,9.076946274819999e-10,1119.0386906086092,8.589102223904,0.0001337092697441,0.00148,6.65847e-07,0.0154111111111111,0.01157,6.76e-06,0.0805555555555555,0.023,9e-06,0.0031111111111111,0.03605,0.0990777777777777,1.0,639560.2169270165,1.9e-06,0.12776,3.5033960571410785,0.0248865750454331,0.4246789046659409,0.2007558986003388,798.8132811278691,98.75303828912345
603,0.011,0.011,550000.0,0.000127,1.0,25.0,325.0,0.0017474007197934,1929.9561972343763,291.5053062825179,162.20794426892957,0.0,0.0014669051579725,0.899687035778347,0.119434140237593,69.85,7.783273598967151e-09,1.1503333071041875e-09,909.159712082628,6.619700532122109,0.0001912700099486,0.00148,6.65847e-07,0.0154111111111111,0.01157,6.76e-06,0.0805555555555555,0.023,9e-06,0.0031111111111111,0.03605,0.0990777777777777,1.0,916254.3069890824,1.9e-06,0.12776,3.439564222922292,0.0329665540604694,0.6164428955407539,0.2496627731120871,1088.56531976494,301.6140433101736
604,0.011,0.011,550000.0,0.000127,1.0,25.0,350.0,0.0024094306616591,1929.9561972343763,291.5053062825179,179.9037942462845,0.0,0.0016269351350707,1.1141185647030554,0.1646836219521376,69.85,1.0984241798519933e-08,1.632583882867291e-09,753.5292451121146,4.56364244313753,0.0002664984061949,0.00148,6.65847e-07,0.0154111111111111,0.01157,6.76e-06,0.0805555555555555,0.023,9e-06,0.0031111111111111,0.03605,0.0990777777777777,1.0,1607865.891765091,1.9e-06,0.12776,3.378221981036235,0.0407313948055398,0.7856249427509177,0.2913356402368128,1310.2706219419076,493.5483142929654
605,0.011,0.011,550000.0,0.000127,1.0,30.0,275.0,0.0014529965562453,2315.9474366812515,242.0128264794384,145.64631051929044,0.0,0.0010976102573322,0.3501398065011428,0.0993117334207467,69.85,6.358256224981378e-09,1.0102824043678543e-09,1036.322066252793,8.106210842577182,0.0001336545695166,0.00148,6.65847e-07,0.0154111111111111,0.01157,6.76e-06,0.0805555555555555,0.023,9e-06,0.0031111111111111,0.03605,0.0990777777777777,1.0,639817.7831048578,1.9e-06,0.12776,3.5034555078705387,0.0248790496366407,0.087018073080396,0.2007073765567093,163.68934677420128,2.6592721098002587
606,0.011,0.011,550000.0,0.000127,1.0,30.0,300.0,0.0019072877534058,2315.9474366812515,265.6087782946687,161.00674232021203,0.0,0.0012133685449375,0.7345495901905,0.1303623550301861,69.85,8.582708767029082e-09,1.218239089036737e-09,845.2048986376733,5.76541931492012,0.000191038698573,0.00148,6.65847e-07,0.0154111111111111,0.01157,6.76e-06,0.0805555555555555,0.023,9e-06,0.0031111111111111,0.03605,0.0990777777777777,1.0,917602.3492828982,1.9e-06,0.12776,3.439864091765893,0.0329285959790009,0.4403772351603139,0.249447015639349,777.8777783714678,88.17006386601568
607,0.011,0.011,550000.0,0.000127,1.0,30.0,325.0,0.0025331021447386,2315.9474366812515,291.5053062825179,169.0564365805673,0.0,0.0012740321275374,0.9733858580173984,0.1731365183520267,69.85,1.1569620151762802e-08,1.74584593721597e-09,737.0397140348507,4.350265437568074,0.0002808003478703,0.00148,6.65847e-07,0.0154111111111111,0.01157,6.76e-06,0.0805555555555555,0.023,9e-06,0.0031111111111111,0.03605,0.0990777777777777,1.0,1522135.626260379,1.9e-06,0.12776,3.362883286267938,0.0426730017382357,0.6364393396653718,0.3010424484714385,1046.9187220878666,267.6859605652804
608,0.011,0.011,550000.0,0.000127,1.0,35.0,275.0,0.0019952935326232,2701.938676128126,242.0128264794384,146.87490212437274,0.0,0.0009487449338739,0.4242487475392918,0.1363775148373875,69.85,9.022737663116356e-09,1.2556161115339623e-09,810.0025869506915,5.295201796387882,0.000182836752355,0.00148,6.65847e-07,0.0154111111111111,0.01157,6.76e-06,0.0805555555555555,0.023,9e-06,0.0031111111111111,0.03605,0.0990777777777777,1.0,961576.2606754778,1.9e-06,0.12776,3.449304980152066,0.0317335468161942,0.124061232701904,0.2425902108605095,221.1424692255692,3.593012739620619
609,0.011,0.011,550000.0,0.000127,1.0,35.0,300.0,0.0026176478235653,2701.938676128126,265.6087782946687,162.62641961815817,0.0,0.0010504925586002,0.7083470724842197,0.1789151816815634,69.85,1.1969803031542745e-08,1.8232754062558718e-09,725.7669568579508,4.204394268785413,0.0002653847964308,0.00148,6.65847e-07,0.0154111111111111,0.01157,6.76e-06,0.0805555555555555,0.023,9e-06,0.0031111111111111,0.03605,0.0990777777777777,1.0,1613899.2475639617,1.9e-06,0.12776,3.3792522801304634,0.0406009771986755,0.365621890802656,0.2906739625902305,610.3560316589636,29.24801442594463
610,0.011,0.011,550000.0,0.000127,1.0,40.0,275.0,0.0026325124149465,3087.9299155750023,242.0128264794384,148.24102217419798,0.0,0.000837873265974,0.4890751032759479,0.1799311705566314,69.85,1.2040162097413722e-08,1.8368888449805087e-09,723.7850113404586,4.178747596497235,0.0002438953439963,0.00148,6.65847e-07,0.0154111111111111,0.01157,6.76e-06,0.0805555555555555,0.023,9e-06,0.0031111111111111,0.03605,0.0990777777777777,1.0,1178821.9093390836,1.9e-06,0.12776,3.388014834532154,0.0394917930971957,0.1453339327193164,0.2849961419944629,244.5572596869696,3.974834247230034
611,0.011,0.011,600000.0,0.000127,1.0,20.0,350.0,0.0012890299006432,1415.3012113052096,291.5053062825179,164.6400523751707,0.0,0.002030317625428,0.8950572982733769,0.088104678097008,76.2,5.7023896025731294e-09,8.88268421234791e-10,1134.7020596140303,8.68054340582075,0.0001564772701593,0.00148,6.65847e-07,0.0154111111111111,0.01157,6.76e-06,0.0805555555555555,0.023,9e-06,0.0031111111111111,0.03605,0.0990777777777777,1.0,1096953.053685258,1.9e-06,0.12776,3.356918166308547,0.043428080214108,0.6431426201763688,0.3047459299292863,1052.3397592629185,272.0416696555912
612,0.011,0.011,600000.0,0.000127,1.0,25.0,300.0,0.0011050791485689,1769.126514131512,265.6087782946687,159.29654702006243,0.0,0.0015715378240899,0.6840144584569958,0.0755317177730291,76.2,4.9665865942758494e-09,7.51383492536959e-10,1245.0725108586223,9.324875063141551,0.0001255961023267,0.00148,6.65847e-07,0.0154111111111111,0.01157,6.76e-06,0.0805555555555555,0.023,9e-06,0.0031111111111111,0.03605,0.0990777777777777,1.0,855556.7648689107,1.9e-06,0.12776,3.4162532862637307,0.0359173055362366,0.4446727406839665,0.2660638050993961,768.0755873988875,83.45546386548575
613,0.011,0.011,600000.0,0.000127,1.0,25.0,325.0,0.0014683019937153,1769.126514131512,291.5053062825179,162.2079442689296,0.0,0.0016002601723337,0.8894486713520433,0.1003578539496442,76.2,6.4194779748612545e-09,1.021671777301319e-09,1027.1388037708116,8.052599874533623,0.0001754856359444,0.00148,6.65847e-07,0.0154111111111111,0.01157,6.76e-06,0.0805555555555555,0.023,9e-06,0.0031111111111111,0.03605,0.0990777777777777,1.0,1387005.8727631166,1.9e-06,0.12776,3.3201414827321667,0.0480833566161814,0.6252808174023992,0.3267395077796793,990.7484105128972,223.8127275978593
614,0.011,0.011,600000.0,0.000127,1.0,30.0,275.0,0.0012209207174006,2122.951816957814,242.0128264794384,145.64631051929044,0.0,0.0011973930079988,0.4383443836461633,0.0834494426660442,76.2,5.429952869602412e-09,8.37585721725767e-10,1175.567569559638,8.919112166332212,0.0001254188074796,0.00148,6.65847e-07,0.0154111111111111,0.01157,6.76e-06,0.0805555555555555,0.023,9e-06,0.0031111111111111,0.03605,0.0990777777777777,1.0,856539.677564243,1.9e-06,0.12776,3.416497563569465,0.0358863843582956,0.191084940980119,0.2658956554860416,330.1333549292311,5.455403630966593
615,0.011,0.011,600000.0,0.000127,1.0,30.0,300.0,0.0016026515150146,2122.951816957814,265.6087782946687,161.0067423202122,0.0,0.0013236747762955,0.71472349541111,0.1095405899906426,76.2,7.059527575073055e-09,1.0888567275933703e-09,967.0593939941556,7.393099875731483,0.0001749772020723,0.00148,6.65847e-07,0.0154111111111111,0.01157,6.76e-06,0.0805555555555555,0.023,9e-06,0.0031111111111111,0.03605,0.0990777777777777,1.0,1390498.192664048,1.9e-06,0.12776,3.320908374931814,0.0479862816542007,0.4413729054204673,0.326295097793053,699.8106148390735,55.00181104261102
616,0.011,0.011,600000.0,0.000127,1.0,35.0,275.0,0.001676600815607,2476.7771197841166,242.0128264794384,146.87490212437288,0.0,0.001034994473317,0.4199621898441661,0.114594995106416,76.2,7.429274078035284e-09,1.1202638089972888e-09,937.4796737571774,6.997986544187026,0.0001676013444168,0.00148,6.65847e-07,0.0154111111111111,0.01157,6.76e-06,0.0805555555555555,0.023,9e-06,0.0031111111111111,0.03605,0.0990777777777777,1.0,1003300.0224563392,1.9e-06,0.12776,3.3328443989605456,0.0464753925366398,0.1415571947377499,0.3193018223941514,226.77317680180505,3.6846748672084657
617,0.011,0.0115,400000.0,0.000127,1.0,20.0,275.0,0.0014827008680387,2122.951816957814,242.0128264794384,141.95056202154856,0.0,0.0011670093793662,0.5173374972898787,0.1013420112500996,50.8,6.477073472154898e-09,1.0323865412414683e-09,1018.4994791767652,8.002164361486038,9.894286004518937e-05,0.00148,6.65847e-07,0.0154111111111111,0.01157,6.76e-06,0.0805555555555555,0.023,9e-06,0.0031111111111111,0.03605,0.0990777777777777,1.0,452938.1962822902,1.9e-06,0.12776,3.583907176590492,0.0146952941024693,0.2521854860397788,0.1291632005676797,516.847011750716,14.471907039909773
618,0.011,0.0115,400000.0,0.000127,1.0,20.0,300.0,0.001940274540321,2122.951816957814,265.6087782946687,154.2160407367739,0.0,0.0012678468012069,0.7879448787270211,0.1326169887211296,50.8,8.747642701605396e-09,1.2322489402943059e-09,832.0101838715684,5.589169922828265,0.0001413486328073,0.00148,6.65847e-07,0.0154111111111111,0.01157,6.76e-06,0.0805555555555555,0.023,9e-06,0.0031111111111111,0.03605,0.0990777777777777,1.0,299235.2343802873,1.9e-06,0.12776,3.549770620944281,0.0190163770956606,0.4915178900058915,0.1610272508071253,970.4928338630071,208.63084370753157
619,0.011,0.0115,400000.0,0.000127,1.0,20.0,325.0,0.0025723834156842,2122.951816957814,291.5053062825179,150.0961031900981,0.0,0.0012339758133721,0.967464466670093,0.175821377508655,50.8,1.1755551500905644e-08,1.781820903586144e-09,731.8022112420945,4.28249136580439,0.0002075216223977,0.00148,6.65847e-07,0.0154111111111111,0.01157,6.76e-06,0.0805555555555555,0.023,9e-06,0.0031111111111111,0.03605,0.0990777777777777,1.0,778563.8011107001,1.9e-06,0.12776,3.454667104052972,0.03105479695532,0.627833089161438,0.2386396874035074,1124.966484859075,332.0396500731376
620,0.011,0.0115,400000.0,0.000127,1.0,20.0,350.0,0.0035439723665633,2122.951816957814,291.5053062825179,162.8876386401231,0.0,0.0013391380729228,1.1328572140801811,0.2422290936656552,50.8,1.6307502010732122e-08,2.6438417028235496e-09,602.2570177915594,2.665279296790807,0.0002879460860415,0.00148,6.65847e-07,0.0154111111111111,0.01157,6.76e-06,0.0805555555555555,0.023,9e-06,0.0031111111111111,0.03605,0.0990777777777777,1.0,1075212.8605499766,1.9e-06,0.12776,3.3294743958944477,0.0469019752032345,0.7268181204145259,0.3212909615577656,1160.952704449893,362.68442251987807
621,0.011,0.0115,400000.0,0.000127,1.0,25.0,275.0,0.0023321039297515,2653.689771197268,242.0128264794384,142.9198546883576,0.0,0.0009399825321926,0.5509248332707228,0.159398370756946,50.8,1.0618228600823967e-08,1.5617657419843555e-09,763.8394760331277,4.697058377790077,0.0001564392524624,0.00148,6.65847e-07,0.0154111111111111,0.01157,6.76e-06,0.0805555555555555,0.023,9e-06,0.0031111111111111,0.03605,0.0990777777777777,1.0,934091.7316093482,1.9e-06,0.12776,3.48196289456835,0.0275996335989431,0.2277164625137766,0.2178733627328843,419.1569333223893,7.870326529894472
622,0.011,0.0115,400000.0,0.000127,1.0,25.0,300.0,0.0030505874981596,2653.689771197268,265.6087782946687,156.41148669171278,0.0,0.0010287168682411,0.8450114132747701,0.2085064352642159,50.8,1.401905082462256e-08,2.2197745484395944e-09,668.0416669120406,3.457420358091841,0.0002261232835121,0.00148,6.65847e-07,0.0154111111111111,0.01157,6.76e-06,0.0805555555555555,0.023,9e-06,0.0031111111111111,0.03605,0.0990777777777777,1.0,705806.9107255127,1.9e-06,0.12776,3.4395560792382107,0.0329675849065556,0.4726949780105541,0.2496686308126374,834.7169649801458,118.47732290318822
623,0.011,0.0115,400000.0,0.000127,1.0,25.0,325.0,0.004042970711193,2653.689771197268,291.5053062825179,159.7883618965033,0.0,0.0010509265445161,1.0979300372240577,0.2763354309217575,50.8,1.813716260770769e-08,2.785484046274505e-09,535.7239051742658,2.475249083861109,0.0003171660750084,0.00148,6.65847e-07,0.0154111111111111,0.01157,6.76e-06,0.0805555555555555,0.023,9e-06,0.0031111111111111,0.03605,0.0990777777777777,1.0,888722.2042895025,1.9e-06,0.12776,3.287957517953069,0.0521572762084723,0.6577846063023002,0.3448755750317935,1014.1744047285068,241.81391709237423
624,0.011,0.0115,400000.0,0.000127,1.0,25.0,350.0,0.0055681497165851,2653.689771197268,291.5053062825179,177.52484329823324,0.0,0.0011675792148994,1.3457981604294276,0.3805808058687114,50.8,2.3918868866340787e-08,3.11074378946038e-09,398.12965538356593,2.0851244047029804,0.0004076472532792,0.00148,6.65847e-07,0.0154111111111111,0.01157,6.76e-06,0.0805555555555555,0.023,9e-06,0.0031111111111111,0.03605,0.0990777777777777,1.0,1221170.938974672,1.9e-06,0.12776,3.191461364466188,0.0643719791814951,0.801407354560716,0.3938334346837535,1143.2743244900605,347.5674628764806
625,0.011,0.0115,400000.0,0.000127,1.0,30.0,275.0,0.0033852127931473,3184.427725436721,242.0128264794384,144.00390087008475,0.0,0.0007892602447285,0.577063765587475,0.231377940326501,50.8,1.5602943887563913e-08,2.526234432348097e-09,623.4249609136926,2.8800734899673195,0.0002297757888789,0.00148,6.65847e-07,0.0154111111111111,0.01157,6.76e-06,0.0805555555555555,0.023,9e-06,0.0031111111111111,0.03605,0.0990777777777777,1.0,689019.2765805903,1.9e-06,0.12776,3.4358195386682717,0.0334405647255353,0.1818758252609738,0.2523466872119933,320.02240707544934,5.263331173300504
626,0.011,0.0115,400000.0,0.000127,1.0,30.0,300.0,0.0044260039909064,3184.427725436721,265.6087782946687,158.2045043443925,0.0,0.00086709127365,0.8510074850865793,0.3025156023768616,50.8,1.95416179666571e-08,2.894209319498774e-09,484.6528012124691,2.329381073503024,0.0003098293875956,0.00148,6.65847e-07,0.0154111111111111,0.01157,6.76e-06,0.0805555555555555,0.023,9e-06,0.0031111111111111,0.03605,0.0990777777777777,1.0,953279.5782204954,1.9e-06,0.12776,3.30325553390068,0.0502208184935848,0.3846818827097176,0.3363783702447165,600.7965280015032,27.221526647986796
627,0.011,0.0115,400000.0,0.000127,1.0,30.0,325.0,0.0058632925944129,3184.427725436721,291.5053062825179,166.3872512054696,0.0,0.0009119394808937,1.1935893248005056,0.4007537035110874,50.8,2.50994403776518e-08,3.1385899296976733e-09,392.9398630198427,2.0717916203399893,0.0004255536448677,0.00148,6.65847e-07,0.0154111111111111,0.01157,6.76e-06,0.0805555555555555,0.023,9e-06,0.0031111111111111,0.03605,0.0990777777777777,1.0,1727817.390950493,1.9e-06,0.12776,3.132114807954408,0.0718842015247585,0.6290256212894182,0.4204689359471643,857.9267394382873,132.23456312774456
628,0.011,0.0115,400000.0,0.000127,1.0,35.0,275.0,0.0046508790763801,3715.165679676175,242.0128264794384,145.23395222296193,0.0,0.000682287378418,0.5618114567904792,0.3178857245189537,50.8,2.0366159946727272e-08,2.9580408620940983e-09,454.6694564826447,2.243743393869318,0.0002936779019709,0.00148,6.65847e-07,0.0154111111111111,0.01157,6.76e-06,0.0805555555555555,0.023,9e-06,0.0031111111111111,0.03605,0.0990777777777777,1.0,1047804.9856189108,1.9e-06,0.12776,3.323864883829975,0.0476120400215221,0.0801157322715253,0.3245763116746431,127.35008617538908,2.0689091262920787
629,0.011,0.0115,400000.0,0.000127,1.0,35.0,300.0,0.0060773898683151,3715.165679676175,265.6087782946687,159.89649087463667,0.0,0.0007511697912731,0.8658833740072731,0.4153871665433954,50.8,2.5955829473260733e-08,3.158789579295801e-09,389.1751765555458,2.06211999008873,0.0003999843869088,0.00148,6.65847e-07,0.0154111111111111,0.01157,6.76e-06,0.0805555555555555,0.023,9e-06,0.0031111111111111,0.03605,0.0990777777777777,1.0,1304567.3831798655,1.9e-06,0.12776,3.2095275293042937,0.0620851228728742,0.2866862074638776,0.3852321013224646,414.7850834741912,7.7017051253607685
630,0.011,0.0115,400000.0,0.000127,1.0,35.0,325.0,0.0080469082893956,3715.165679676175,291.5053062825179,171.30910645426997,0.0,0.0008047845517718,1.2604367853269938,0.5500029628168748,50.8,3.3833903157582475e-08,3.6194398692418254e-09,342.2836684241753,1.903051729483006,0.0005622483422631,0.00148,6.65847e-07,0.0154111111111111,0.01157,6.76e-06,0.0805555555555555,0.023,9e-06,0.0031111111111111,0.03605,0.0990777777777777,1.0,1839848.0067185687,1.9e-06,0.12776,3.5229786689636584,0.0224077634223217,0.546623822510119,0.1844479861633393,1049.1688017157355,269.49150499609294
631,0.011,0.0115,400000.0,0.000127,1.0,40.0,325.0,0.0106096634089984,4245.903633915628,291.5053062825179,175.3030056590365,0.0,0.0007206038811038,1.285234734225864,0.7251662501396814,50.8,4.5913913862989253e-08,3.875454647628854e-09,264.16,1.880520124688443,0.0007450954691021,0.00148,6.65847e-07,0.0154111111111111,0.01157,6.76e-06,0.0805555555555555,0.023,9e-06,0.0031111111111111,0.03605,0.0990777777777777,1.0,2072872.3751943312,1.9e-06,0.12776,3.4887799682568352,0.0267367128788816,0.3962584840861823,0.2125090102049103,734.3943310188552,68.45137061348926
632,0.011,0.0115,450000.0,0.000127,1.0,20.0,275.0,0.0011715167352404,1887.06828174028,242.0128264794384,141.95056202154862,0.0,0.001312885551787,0.5276194853368844,0.0800727002469923,57.15,5.232336940961899e-09,8.008222918451116e-10,1205.209958855715,9.09216147080378,9.080958793509136e-05,0.00148,6.65847e-07,0.0154111111111111,0.01157,6.76e-06,0.0805555555555555,0.023,9e-06,0.0031111111111111,0.03605,0.0990777777777777,1.0,334052.50164915813,1.9e-06,0.12776,3.5588644616576173,0.0178652580180231,0.2837367850898918,0.1527688921058833,565.7475548244753,20.86141854033748
633,0.011,0.0115,450000.0,0.000127,1.0,20.0,300.0,0.0015330564269203,1887.06828174028,265.6087782946687,154.21604073677392,0.0,0.0014263276513577,0.7927117804275686,0.1047837935574357,57.15,6.711552134601798e-09,1.059298928133772e-09,994.897429231856,7.764948519271711,0.0001255010750976,0.00148,6.65847e-07,0.0154111111111111,0.01157,6.76e-06,0.0805555555555555,0.023,9e-06,0.0031111111111111,0.03605,0.0990777777777777,1.0,750406.8084003136,1.9e-06,0.12776,3.448395749011544,0.0318486393656274,0.5241179868701329,0.2432560216685931,933.4330773905672,181.8827154656059
634,0.011,0.0115,450000.0,0.000127,1.0,20.0,325.0,0.00203250047659,1887.06828174028,291.5053062825179,150.0961031900986,0.0,0.0013882227900436,0.9533459217112646,0.1389205945747399,57.15,9.200105589192948e-09,1.2873799114754743e-09,803.7866031213255,5.213980194380419,0.0001823696119884,0.00148,6.65847e-07,0.0154111111111111,0.01157,6.76e-06,0.0805555555555555,0.023,9e-06,0.0031111111111111,0.03605,0.0990777777777777,1.0,994614.214273542,1.9e-06,0.12776,3.3112516474972566,0.0492086522155371,0.6506153271365247,0.3318486541064857,1023.067494572909,248.7627186444065
635,0.011,0.0115,450000.0,0.000127,1.0,20.0,350.0,0.0028001756970376,1887.06828174028,291.5053062825179,162.8876386401231,0.0,0.0015065303320381,1.118306108367202,0.1913908888222462,57.15,1.2833768299311662e-08,1.990439908618014e-09,701.4299070616433,3.889469193863724,0.0002550032603717,0.00148,6.65847e-07,0.0154111111111111,0.01157,6.76e-06,0.0805555555555555,0.023,9e-06,0.0031111111111111,0.03605,0.0990777777777777,1.0,1269675.4027936189,1.9e-06,0.12776,3.1990863934536,0.0634067856387848,0.7631052195449556,0.3902326738339353,1095.0998563972453,307.0276234853244
636,0.011,0.0115,450000.0,0.000127,1.0,25.0,250.0,0.0014051868636867,2358.8353521753497,220.5130739903045,127.88398421681438,0.0,0.0009462282236415,0.2984805207660778,0.0960439600582444,57.15,6.167017454747032e-09,9.74705347557e-10,1065.007881787945,8.273675765089845,9.73682882011516e-05,0.00148,6.65847e-07,0.0154111111111111,0.01157,6.76e-06,0.0805555555555555,0.023,9e-06,0.0031111111111111,0.03605,0.0990777777777777,1.0,307083.12457620323,1.9e-06,0.12776,3.551782662094637,0.018761688342451,0.0386265607078332,0.1592139625217661,76.4322562529133,1.241706205923829
637,0.011,0.0115,450000.0,0.000127,1.0,25.0,275.0,0.0018426500185691,2358.8353521753497,242.0128264794384,142.91985468835753,0.0,0.0010574803487167,0.5585004502324125,0.1259443917091919,57.15,8.259520092845602e-09,1.1907867320365095e-09,871.0599925723518,6.110780671284632,0.0001381532723637,0.00148,6.65847e-07,0.0154111111111111,0.01157,6.76e-06,0.0805555555555555,0.023,9e-06,0.0031111111111111,0.03605,0.0990777777777777,1.0,708502.4665867394,1.9e-06,0.12776,3.439523214436134,0.0329717450080843,0.2687460585232205,0.2496922693280227,474.555130769109,10.816980576359697
638,0.011,0.0115,450000.0,0.000127,1.0,25.0,300.0,0.0024103407392866,2358.8353521753497,265.6087782946687,156.4114866917128,0.0,0.0011573064767713,0.8385315372207424,0.1647458253939485,57.15,1.0988549499290264e-08,1.633417359260916e-09,753.4079014284432,4.562072237669271,0.0001992788972224,0.00148,6.65847e-07,0.0154111111111111,0.01157,6.76e-06,0.0805555555555555,0.023,9e-06,0.0031111111111111,0.03605,0.0990777777777777,1.0,913202.7506043484,1.9e-06,0.12776,3.292630682627592,0.0515657363762541,0.5099757118267938,0.3423030633999189,789.3697153307693,93.89348219268045
639,0.011,0.0115,450000.0,0.000127,1.0,25.0,325.0,0.003194445994029,2358.8353521753497,291.5053062825179,159.78836189650326,0.0,0.0011822923625806,1.121784277939025,0.2183391059134874,57.15,1.4699981038404138e-08,2.3515244747116187e-09,648.8605341294609,3.2092136227153434,0.0002922410033459,0.00148,6.65847e-07,0.0154111111111111,0.01157,6.76e-06,0.0805555555555555,0.023,9e-06,0.0031111111111111,0.03605,0.0990777777777777,1.0,1277799.640480307,1.9e-06,0.12776,3.0316265281838977,0.0846042369387471,0.7396351720255376,0.4606016384854895,938.9280779868992,185.75894016562515
640,0.011,0.0115,450000.0,0.000127,1.0,25.0,350.0,0.0043995257019932,2358.8353521753497,291.5053062825179,177.52484329823315,0.0,0.0013135266167618,1.359689422983052,0.3007058219209573,57.15,1.9444530907308555e-08,2.886693368929788e-09,488.1832397342344,2.339464623747926,0.0003802935820057,0.00148,6.65847e-07,0.0154111111111111,0.01157,6.76e-06,0.0805555555555555,0.023,9e-06,0.0031111111111111,0.03605,0.0990777777777777,1.0,946150.7833166552,1.9e-06,0.12776,3.4673039552675164,0.0294551955357574,0.8951736010620949,0.2291645075688579,1623.9554757001183,772.137246998254
641,0.011,0.0115,450000.0,0.000127,1.0,30.0,275.0,0.0026747360340916,2830.602422610419,242.0128264794384,144.0039008700847,0.0,0.0008879177753195,0.5696055185080116,0.1828171380357539,57.15,1.2240020561367372e-08,1.8755585021022e-09,718.1551954544402,4.105896934459775,0.0002028608206541,0.00148,6.65847e-07,0.0154111111111111,0.01157,6.76e-06,0.0805555555555555,0.023,9e-06,0.0031111111111111,0.03605,0.0990777777777777,1.0,892540.523040749,1.9e-06,0.12776,3.2876449851684666,0.0521968373204473,0.2229783804722574,0.3450469021954216,343.6988713191509,5.72819098793028
642,0.011,0.0115,450000.0,0.000127,1.0,30.0,300.0,0.0034970895730619,2830.602422610419,265.6087782946687,158.20450434439246,0.0,0.0009754776828562,0.8410909448857722,0.2390246734829525,57.15,1.613249397915972e-08,2.6286945436972917e-09,608.5080569250783,2.6870465148190523,0.0002927403805876,0.00148,6.65847e-07,0.0154111111111111,0.01157,6.76e-06,0.0805555555555555,0.023,9e-06,0.0031111111111111,0.03605,0.0990777777777777,1.0,1254175.8755799576,1.9e-06,0.12776,3.0258006793507763,0.0853416861581295,0.4382562714028196,0.4627585632056118,554.1186787109992,19.097905762691987
643,0.011,0.0115,450000.0,0.000127,1.0,30.0,325.0,0.0046327250128694,2830.602422610419,291.5053062825179,166.3872512054698,0.0,0.0010259319160054,1.1917512377532558,0.3166449015396247,57.15,2.0299595047188146e-08,2.9528877706530487e-09,457.08999828406735,2.250656884848996,0.0003956480308716,0.00148,6.65847e-07,0.0154111111111111,0.01157,6.76e-06,0.0805555555555555,0.023,9e-06,0.0031111111111111,0.03605,0.0990777777777777,1.0,1755217.1430357592,1.9e-06,0.12776,3.501231856583307,0.0251605244831257,0.7112963362136309,0.2025182574556436,1334.9852565577671,515.5221761935622
644,0.011,0.0115,450000.0,0.000127,1.0,35.0,275.0,0.0036747686529423,3302.369493045489,242.0128264794384,145.23395222296188,0.0,0.0007675733007202,0.5708459848992773,0.2511689675211486,57.15,1.678708839412196e-08,2.6809686646998636e-09,584.8175129410196,2.615469019024317,0.0002770283492738,0.00148,6.65847e-07,0.0154111111111111,0.01157,6.76e-06,0.0805555555555555,0.023,9e-06,0.0031111111111111,0.03605,0.0990777777777777,1.0,1076267.8978296192,1.9e-06,0.12776,3.15414813408379,0.069095172900786,0.1558670173781285,0.4108578259582938,216.11230057876145,3.511176162433866
645,0.011,0.0115,450000.0,0.000127,1.0,35.0,300.0,0.0048018882910144,3302.369493045489,265.6087782946687,159.89649087463656,0.0,0.0008450660151822,0.8595448740601107,0.3282071439355222,57.15,2.0919860400386373e-08,3.000905331032093e-09,434.5348945314047,2.1862355613882345,0.000371105382779,0.00148,6.65847e-07,0.0154111111111111,0.01157,6.76e-06,0.0805555555555555,0.023,9e-06,0.0031111111111111,0.03605,0.0990777777777777,1.0,1025034.2079174576,1.9e-06,0.12776,3.4823630409503097,0.0275489821581886,0.3675277301245884,0.2175605075271598,676.7776742338008,47.14563547654769
646,0.011,0.0115,450000.0,0.000127,1.0,35.0,325.0,0.0063580509940903,3302.369493045489,291.5053062825179,171.30910645426988,0.0,0.0009053826207433,1.2558591043729268,0.4345702422256788,57.15,2.7078473976361466e-08,3.185269395190436e-09,384.24003131991503,2.049441404392962,0.0005125169617882,0.00148,6.65847e-07,0.0154111111111111,0.01157,6.76e-06,0.0805555555555555,0.023,9e-06,0.0031111111111111,0.03605,0.0990777777777777,1.0,2078226.2021341985,1.9e-06,0.12776,3.4724528422279115,0.0288034376926694,0.6574788621472478,0.2252358767994804,1198.8268057072123,395.41645118723005
647,0.011,0.0115,450000.0,0.000127,1.0,40.0,275.0,0.0048509309006113,3774.136563480559,242.0128264794384,146.6211285876242,0.0,0.0006780415609773,0.5852029871766464,0.3315591866844277,57.15,2.1099683302241733e-08,3.014826239241542e-09,427.9958799184824,2.1675589913261715,0.0003413202145647,0.00148,6.65847e-07,0.0154111111111111,0.01157,6.76e-06,0.0805555555555555,0.023,9e-06,0.0031111111111111,0.03605,0.0990777777777777,1.0,1589740.1856609485,1.9e-06,0.12776,3.1315371858297887,0.0719573182493938,0.0898338004922186,0.4207166828377863,122.47175554686548,1.9896565458897424
648,0.011,0.0115,450000.0,0.000127,1.0,40.0,300.0,0.006334775547594,3774.136563480559,265.6087782946687,161.61553307086152,0.0,0.0007473823819059,0.8616439744385739,0.4329793747678347,57.15,2.6985372190376246e-08,3.1830734033644042e-09,384.64930677110607,2.050492849412986,0.0004659874537491,0.00148,6.65847e-07,0.0154111111111111,0.01157,6.76e-06,0.0805555555555555,0.023,9e-06,0.0031111111111111,0.03605,0.0990777777777777,1.0,1447105.3809206274,1.9e-06,0.12776,3.4633514881408365,0.0299555078302738,0.264854599670739,0.2321533369402527,478.6159521230597,11.106110817219912
649,0.011,0.0115,500000.0,0.000127,1.0,20.0,300.0,0.0012417757058054,1698.3614535662512,265.6087782946687,154.21604073677386,0.0,0.0015848085015086,0.7865420291602901,0.0848748727815229,63.5,5.513372823221963e-09,8.53104731942392e-10,1163.0545765167053,8.846062564246875,0.0001156546086081,0.00148,6.65847e-07,0.0154111111111111,0.01157,6.76e-06,0.0805555555555555,0.023,9e-06,0.0031111111111111,0.03605,0.0990777777777777,1.0,487164.43351393886,1.9e-06,0.12776,3.3808329702040627,0.040400889847587,0.5378571563787673,0.2896564079325918,899.1674295086423,158.48045265568533
650,0.011,0.0115,500000.0,0.000127,1.0,20.0,325.0,0.0016463253860379,1698.3614535662512,291.5053062825179,150.09610319009855,0.0,0.0015424697667151,0.9799591580215444,0.1125256816055393,63.5,7.277896930189744e-09,1.1074055010295632e-09,949.5898455848204,7.159749072637659,0.000163735591004,0.00148,6.65847e-07,0.0154111111111111,0.01157,6.76e-06,0.0805555555555555,0.023,9e-06,0.0031111111111111,0.03605,0.0990777777777777,1.0,741231.3705260016,1.9e-06,0.12776,3.250868893763831,0.056852038764072,0.703623476416005,0.3646001773420518,1052.186097318801,271.9179391119346
651,0.011,0.0115,500000.0,0.000127,1.0,20.0,350.0,0.0022681423146005,1698.3614535662512,291.5053062825179,162.887638640123,0.0,0.0016739225911535,1.12411384499425,0.1550266199460195,63.5,1.0315476955775781e-08,1.5031877759805916e-09,772.3676913865977,4.807414763696283,0.0002274143572027,0.00148,6.65847e-07,0.0154111111111111,0.01157,6.76e-06,0.0805555555555555,0.023,9e-06,0.0031111111111111,0.03605,0.0990777777777777,1.0,1247446.731197477,1.9e-06,0.12776,3.047026606871653,0.0826548598896641,0.8052772250482304,0.454815716926515,1033.2225885907214,256.77014240664056
652,0.011,0.0115,500000.0,0.000127,1.0,25.0,250.0,0.0011382013595862,2122.951816957814,220.5130739903045,127.88398421681428,0.0,0.0010513646929351,0.3025253307492772,0.0777956076471779,63.5,5.099075438345091e-09,7.760310215211694e-10,1225.1991842482362,9.208856569722778,9.039444713397622e-05,0.00148,6.65847e-07,0.0154111111111111,0.01157,6.76e-06,0.0805555555555555,0.023,9e-06,0.0031111111111111,0.03605,0.0990777777777777,1.0,618306.4940046591,1.9e-06,0.12776,3.417823299340717,0.0357185697037067,0.0609197231020992,0.2649817325993421,105.3807298160302,1.7119984756813769
653,0.011,0.0115,500000.0,0.000127,1.0,25.0,275.0,0.0014925465150409,2122.951816957814,242.0128264794384,142.9198546883575,0.0,0.0011749781652407,0.569556722514539,0.1020149572844454,63.5,6.516456060163949e-09,1.0397130711560854e-09,1012.5920909754076,7.967677619905332,0.0001243992894069,0.00148,6.65847e-07,0.0154111111111111,0.01157,6.76e-06,0.0805555555555555,0.023,9e-06,0.0031111111111111,0.03605,0.0990777777777777,1.0,794719.2685411389,1.9e-06,0.12776,3.2615257188867863,0.0555030735586346,0.3037317652300934,0.359055297462711,458.15868662929626,9.763533937517725
654,0.011,0.0115,500000.0,0.000127,1.0,25.0,300.0,0.0019523759988222,2122.951816957814,265.6087782946687,156.41148669171284,0.0,0.0012858960853014,0.8632896015937636,0.1334441185690982,63.5,8.80814999411103e-09,1.237388562835778e-09,827.1696004711175,5.524511467012987,0.0001777914739118,0.00148,6.65847e-07,0.0154111111111111,0.01157,6.76e-06,0.0805555555555555,0.023,9e-06,0.0031111111111111,0.03605,0.0990777777777777,1.0,931509.7439630892,1.9e-06,0.12776,3.31269474247193,0.0490259819655784,0.5660354830246653,0.3310245604198965,891.1667591312204,153.21763870112753
655,0.011,0.0115,500000.0,0.000127,1.0,25.0,325.0,0.0025875012551635,2122.951816957814,291.5053062825179,159.78836189650326,0.0,0.0013136581806452,1.1088721467493254,0.1768546757899248,63.5,1.182710927444068e-08,1.7956662745164103e-09,729.7864993115302,4.256407751066097,0.000260991008364,0.00148,6.65847e-07,0.0154111111111111,0.01157,6.76e-06,0.0805555555555555,0.023,9e-06,0.0031111111111111,0.03605,0.0990777777777777,1.0,1033382.0625461066,1.9e-06,0.12776,3.472996961080793,0.0287345618885072,0.7682074709594008,0.2248183701474561,1401.4807836044524,574.7785195391207
656,0.011,0.0115,500000.0,0.000127,1.0,25.0,350.0,0.0035636158186145,2122.951816957814,291.5053062825179,177.52484329823324,0.0,0.0014594740186242,1.2696000596600354,0.2435717157559754,63.5,1.6379528001586595e-08,2.649417562166462e-09,599.6378908513965,2.6577986119024875,0.0003613706660578,0.00148,6.65847e-07,0.0154111111111111,0.01157,6.76e-06,0.0805555555555555,0.023,9e-06,0.0031111111111111,0.03605,0.0990777777777777,1.0,1146686.874353506,1.9e-06,0.12776,3.3948893907830158,0.0386215961034158,0.86221834390406,0.2804776449945108,1460.046537051926,626.9761770471437
657,0.011,0.0115,500000.0,0.000127,1.0,30.0,275.0,0.0021665361876142,2547.542180349377,242.0128264794384,144.00390087008466,0.0,0.0009865753059106,0.597664421408155,0.1480818818089606,63.5,9.834541288040903e-09,1.4101338367027819e-09,785.9151749847633,4.982721233579085,0.0001811203926393,0.00148,6.65847e-07,0.0154111111111111,0.01157,6.76e-06,0.0805555555555555,0.023,9e-06,0.0031111111111111,0.03605,0.0990777777777777,1.0,912656.827258522,1.9e-06,0.12776,3.308195842732491,0.0495954629452543,0.2857725395991943,0.3335870174354191,448.1971513856707,9.205022860911745
658,0.011,0.0115,500000.0,0.000127,1.0,30.0,300.0,0.0028326425541801,2547.542180349377,265.6087782946687,158.20450434439246,0.0,0.0010838640920625,0.8510074850865793,0.1936099855211915,63.5,1.2987444756452705e-08,2.020174030394806e-09,697.1009927759801,3.8334523936700986,0.0002618226789664,0.00148,6.65847e-07,0.0154111111111111,0.01157,6.76e-06,0.0805555555555555,0.023,9e-06,0.0031111111111111,0.03605,0.0990777777777777,1.0,1029133.2668339264,1.9e-06,0.12776,3.472221529645428,0.0288327177664016,0.4935874995653877,0.2254132285527969,899.7863005771399,158.89083624076778
659,0.011,0.0115,500000.0,0.000127,1.0,30.0,325.0,0.0037525072604242,2547.542180349377,291.5053062825179,166.38725120546962,0.0,0.0011399243511171,1.1685587836599145,0.2564823702470959,63.5,1.707212995488906e-08,2.7030350275623027e-09,574.4523652767616,2.5858643433943542,0.0003751981214682,0.00148,6.65847e-07,0.0154111111111111,0.01157,6.76e-06,0.0805555555555555,0.023,9e-06,0.0031111111111111,0.03605,0.0990777777777777,1.0,1844466.5199114592,1.9e-06,0.12776,3.429398107757779,0.0342534040812937,0.7482664134128184,0.2569046760381902,1308.5970260664385,492.06200553552617
660,0.011,0.0115,500000.0,0.000127,1.0,35.0,275.0,0.0029765626088833,2972.13254374094,242.0128264794384,145.23395222296196,0.0,0.0008528592230225,0.5618114567904792,0.2034468636921304,63.5,1.3668666348714317e-08,2.151980334093598e-09,677.9116521488926,3.5851394475544915,0.0002516806747545,0.00148,6.65847e-07,0.0154111111111111,0.01157,6.76e-06,0.0805555555555555,0.023,9e-06,0.0031111111111111,0.03605,0.0990777777777777,1.0,1077831.977554056,1.9e-06,0.12776,3.4808192367949027,0.0277444004057085,0.1945545930983487,0.2187661559129504,357.7072034542722,6.033571765346683
661,0.011,0.0115,500000.0,0.000127,1.0,35.0,300.0,0.0038895295157217,2972.13254374094,265.6087782946687,159.8964908746367,0.0,0.0009389622390914,0.8777409217399723,0.2658477865877731,63.5,1.7574544890979634e-08,2.741929251469328e-09,556.1827312371043,2.533683071391136,0.0003515206991423,0.00148,6.65847e-07,0.0154111111111111,0.01157,6.76e-06,0.0805555555555555,0.023,9e-06,0.0031111111111111,0.03605,0.0990777777777777,1.0,1251737.0858175675,1.9e-06,0.12776,3.416317444187618,0.0359091842800483,0.4480831351521992,0.2660196491025962,774.0128675265673,86.29264013937618
662,0.011,0.0115,500000.0,0.000127,1.0,40.0,275.0,0.0039292540294952,3396.7229071325023,242.0128264794384,146.62112858762427,0.0,0.000753379512197,0.5639265921707767,0.2685629412143865,63.5,1.7720201441482476e-08,2.7532051871189834e-09,550.8861294006372,2.5185550496408653,0.0003232691652143,0.00148,6.65847e-07,0.0154111111111111,0.01157,6.76e-06,0.0805555555555555,0.023,9e-06,0.0031111111111111,0.03605,0.0990777777777777,1.0,1421420.4906263722,1.9e-06,0.12776,3.445518604792052,0.0322128348364491,0.13155365095639,0.245355202440106,233.6418499936229,3.796598917391151
663,0.011,0.0115,500000.0,0.000127,1.0,40.0,300.0,0.0051311681935511,3396.7229071325023,265.6087782946687,161.61553307086163,0.0,0.0008304248687843,0.9134616428162844,0.3507132935619462,63.5,2.2170942774204752e-08,3.0695154567251676e-09,405.813538484596,2.104864608024519,0.000434603622082,0.00148,6.65847e-07,0.0154111111111111,0.01157,6.76e-06,0.0805555555555555,0.023,9e-06,0.0031111111111111,0.03605,0.0990777777777777,1.0,1416436.3087041862,1.9e-06,0.12776,3.359160635776464,0.0431442233194349,0.398938349254338,0.3033582918717667,654.0642425725365,40.246992439721616
664,0.011,0.0115,550000.0,0.000127,1.0,20.0,300.0,0.0010262609138888,1543.9649577875011,265.6087782946687,154.2160407367739,0.0,0.0017432893516595,0.855317385928474,0.0701445229599363,69.85,4.651313655555343e-09,6.92731770200324e-10,1292.3634516666984,9.60095484648502,0.0001081600514797,0.00148,6.65847e-07,0.0154111111111111,0.01157,6.76e-06,0.0805555555555555,0.023,9e-06,0.0031111111111111,0.03605,0.0990777777777777,1.0,492529.1350186544,1.9e-06,0.12776,3.389393731306802,0.0393172492016706,0.6213628629685375,0.284094378676694,1046.9024454605908,267.6729119067901
665,0.011,0.0115,550000.0,0.000127,1.0,20.0,325.0,0.0013605994925933,1543.9649577875011,291.5053062825179,150.09610319009855,0.0,0.0016967167433866,0.9477224414650072,0.0929964310789581,69.85,5.988667970373382e-09,9.415261458189196e-10,1091.7603044439925,8.429853733313585,0.000150393760624,0.00148,6.65847e-07,0.0154111111111111,0.01157,6.76e-06,0.0805555555555555,0.023,9e-06,0.0031111111111111,0.03605,0.0990777777777777,1.0,532863.659814453,1.9e-06,0.12776,3.4755454849891416,0.0284119639254251,0.6909160103860491,0.2228568631942828,1263.6634409480469,452.26768967663577
666,0.011,0.0115,550000.0,0.000127,1.0,20.0,350.0,0.0018744977806615,1543.9649577875011,291.5053062825179,162.88763864012304,0.0,0.0018413148502688,1.1543806846035054,0.1281211735091069,69.85,8.418758903307915e-09,1.2043128269225615e-09,858.3208877353668,5.940617122991743,0.000205296088545,0.00148,6.65847e-07,0.0154111111111111,0.01157,6.76e-06,0.0805555555555555,0.023,9e-06,0.0031111111111111,0.03605,0.0990777777777777,1.0,809988.6618661198,1.9e-06,0.12776,3.4137398482120678,0.036235462251637,0.8624495110943984,0.2677894804954793,1486.1915676795516,650.2438130746561
667,0.011,0.0115,550000.0,0.000127,1.0,25.0,275.0,0.0012335095165627,1929.9561972343763,242.0128264794384,142.91985468835753,0.0,0.0012924759817648,0.5586241826344158,0.0843098820532607,69.85,5.480308066251199e-09,8.46953538145525e-10,1168.01429006232,8.87501687595482,0.0001159808605759,0.00148,6.65847e-07,0.0154111111111111,0.01157,6.76e-06,0.0805555555555555,0.023,9e-06,0.0031111111111111,0.03605,0.0990777777777777,1.0,818265.6719277177,1.9e-06,0.12776,3.2819283978268494,0.0529204559712849,0.3105043005811552,0.3481649402495855,476.3327958699151,10.942098694551076
668,0.011,0.0115,550000.0,0.000127,1.0,25.0,300.0,0.0016135338833241,1929.9561972343763,265.6087782946687,156.41148669171287,0.0,0.0014144856938316,0.8236359375993682,0.1102843955116514,69.85,7.1139394166206846e-09,1.093478589120477e-09,962.7064466703451,7.334955055382638,0.0001614910502094,0.00148,6.65847e-07,0.0154111111111111,0.01157,6.76e-06,0.0805555555555555,0.023,9e-06,0.0031111111111111,0.03605,0.0990777777777777,1.0,1055419.3856968328,1.9e-06,0.12776,3.467444042734225,0.0294374629450348,0.5495415420877168,0.2290581473408817,997.0737892285432,228.6282892888245
669,0.011,0.0115,550000.0,0.000127,1.0,25.0,325.0,0.0021384307893913,1929.9561972343763,291.5053062825179,159.78836189650335,0.0,0.0014450239987097,1.0801775676534902,0.1461608890825824,69.85,9.701509069785683e-09,1.3843940698482727e-09,789.6625614144878,5.031212976087684,0.0002351505650303,0.00148,6.65847e-07,0.0154111111111111,0.01157,6.76e-06,0.0805555555555555,0.023,9e-06,0.0031111111111111,0.03605,0.0990777777777777,1.0,1236011.766601821,1.9e-06,0.12776,3.399824935832896,0.0379968435654562,0.7702066785709076,0.2771982383982836,1310.182007453585,493.4696103354999
670,0.011,0.0115,550000.0,0.000127,1.0,30.0,275.0,0.0017905257748878,2315.9474366812515,242.0128264794384,144.0039008700847,0.0,0.0010852328365017,0.5776001109765179,0.1223817205032732,69.85,7.998898874439156e-09,1.1686489923783855e-09,891.9096900448675,6.389282069001071,0.0001640774133162,0.00148,6.65847e-07,0.0154111111111111,0.01157,6.76e-06,0.0805555555555555,0.023,9e-06,0.0031111111111111,0.03605,0.0990777777777777,1.0,1045071.1050424256,1.9e-06,0.12776,3.465566430951487,0.0296751353225966,0.2914083904732445,0.2304812730680681,527.7477543351846,15.67346218509797
671,0.011,0.0115,550000.0,0.000127,1.0,30.0,300.0,0.0023410269042811,2315.9474366812515,265.6087782946687,158.2045043443924,0.0,0.0011922505012687,0.8550712512468384,0.1600082524968524,69.85,1.0660464013597273e-08,1.569937669747772e-09,762.6497460958515,4.681663093942233,0.0002362654143447,0.00148,6.65847e-07,0.0154111111111111,0.01157,6.76e-06,0.0805555555555555,0.023,9e-06,0.0031111111111111,0.03605,0.0990777777777777,1.0,1229296.9424099028,1.9e-06,0.12776,3.398481600797377,0.0381668859750156,0.5312529987499859,0.2780937701429488,902.5833810446104,160.75145351157965
672,0.011,0.0115,550000.0,0.000127,1.0,35.0,250.0,0.0018782410388313,2701.938676128126,220.5130739903045,131.19812151837647,0.0,0.0008474800753837,0.3364918169028388,0.1283770237077042,69.85,8.437475194156532e-09,1.2059026298430827e-09,856.8235844674775,5.920616782293166,0.0001575511812013,0.00148,6.65847e-07,0.0154111111111111,0.01157,6.76e-06,0.0805555555555555,0.023,9e-06,0.0031111111111111,0.03605,0.0990777777777777,1.0,1070792.675533137,1.9e-06,0.12776,3.470181399543204,0.0290909620831388,0.0443047931951345,0.2269739260501986,80.60277705308077,1.3094598195600218
673,0.011,0.0115,550000.0,0.000127,1.0,35.0,275.0,0.0024599690982506,2701.938676128126,242.0128264794384,145.23395222296188,0.0,0.0009381451453247,0.6160770253802942,0.1681379038777936,69.85,1.1223457065053149e-08,1.678868499250906e-09,746.7907868999114,4.476445783102888,0.0002273600316022,0.00148,6.65847e-07,0.0154111111111111,0.01157,6.76e-06,0.0805555555555555,0.023,9e-06,0.0031111111111111,0.03605,0.0990777777777777,1.0,1279671.9536449448,1.9e-06,0.12776,3.4082938503257383,0.0369248290726914,0.2841291215025003,0.2715008919887042,487.1356587228464,11.752195531170925
674,0.011,0.0115,550000.0,0.000127,1.0,40.0,250.0,0.0024812399627148,3087.9299155750023,220.5130739903045,132.80917588149637,0.0,0.0007506509083321,0.3705607824106494,0.1695917589555759,69.85,1.1324139156850364e-08,1.698348995053155e-09,743.954671638018,4.439746026196698,0.0002097185328158,0.00148,6.65847e-07,0.0154111111111111,0.01157,6.76e-06,0.0805555555555555,0.023,9e-06,0.0031111111111111,0.03605,0.0990777777777777,1.0,721273.6170879181,1.9e-06,0.12776,3.3883545222926,0.0394487946465063,0.0371590234550733,0.2847742058157709,62.54788216734872,1.0161428860296005
675,0.011,0.0115,550000.0,0.000127,1.0,40.0,275.0,0.0032473173797481,3087.9299155750023,242.0128264794384,146.62112858762416,0.0,0.0008287174634167,0.5834447011383657,0.2219528439788316,69.85,1.495023893080774e-08,2.3999456758947154e-09,641.8110160335848,3.1179918011269927,0.0003027572883671,0.00148,6.65847e-07,0.0154111111111111,0.01157,6.76e-06,0.0805555555555555,0.023,9e-06,0.0031111111111111,0.03605,0.0990777777777777,1.0,1300542.195189115,1.9e-06,0.12776,3.316194318622385,0.048582997642736,0.1976818571595341,0.3290176250556698,312.1641843399889,5.1192530001129315
676,0.011,0.0115,600000.0,0.000127,1.0,20.0,325.0,0.0011432815180819,1415.3012113052096,291.5053062825179,150.0961031900986,0.0,0.0018509637200582,0.9585283921796656,0.0781428344482912,76.2,5.119396072327637e-09,7.798113655839533e-10,1222.1510891508544,9.191062095353772,0.0001410247319997,0.00148,6.65847e-07,0.0154111111111111,0.01157,6.76e-06,0.0805555555555555,0.023,9e-06,0.0031111111111111,0.03605,0.0990777777777777,1.0,743324.1900245982,1.9e-06,0.12776,3.385606374751764,0.0397966614238273,0.7165755577313742,0.2865657759096636,1203.1536084897966,399.18179860598707
677,0.011,0.0115,600000.0,0.000127,1.0,20.0,350.0,0.0015750988295836,1415.3012113052096,291.5053062825179,162.88763864012313,0.0,0.0020087071093842,1.1380337584147706,0.1076573749625135,76.2,6.921764147918461e-09,1.077154799011319e-09,978.080468166523,7.540314700569445,0.0001878993190258,0.00148,6.65847e-07,0.0154111111111111,0.01157,6.76e-06,0.0805555555555555,0.023,9e-06,0.0031111111111111,0.03605,0.0990777777777777,1.0,1284814.119907275,1.9e-06,0.12776,3.296380561144577,0.0510910682095472,0.866566383452257,0.3402241515118229,1345.5610278506745,524.9368626313509
678,0.011,0.0115,600000.0,0.000127,1.0,25.0,275.0,0.0010364906354451,1769.126514131512,242.0128264794384,142.9198546883576,0.0,0.0014099737982889,0.5509248332707228,0.0708437203364204,76.2,4.692232541780522e-09,7.00344104969504e-10,1286.2256187329217,9.565122791600924,0.0001092213850446,0.00148,6.65847e-07,0.0154111111111111,0.01157,6.76e-06,0.0805555555555555,0.023,9e-06,0.0031111111111111,0.03605,0.0990777777777777,1.0,466864.2868529045,1.9e-06,0.12776,3.448818938260697,0.0317950711062409,0.3162711129343023,0.2429462747801734,563.4966989215666,20.50727283133561
679,0.011,0.0115,600000.0,0.000127,1.0,25.0,300.0,0.0013558166658487,1769.126514131512,265.6087782946687,156.4114866917129,0.0,0.0015430753023617,0.8645047523344519,0.092669526784096,76.2,5.969536663395018e-09,9.379670579080263e-10,1094.6300004907473,8.446606731864934,0.000149790446915,0.00148,6.65847e-07,0.0154111111111111,0.01157,6.76e-06,0.0805555555555555,0.023,9e-06,0.0031111111111111,0.03605,0.0990777777777777,1.0,1139316.6581291244,1.9e-06,0.12776,3.3668855073557427,0.0421663914739566,0.6080252255503558,0.2985354489133284,1003.765985396596,233.75994209729703
680,0.011,0.0115,600000.0,0.000127,1.0,30.0,250.0,0.0011479952656634,2122.951816957814,220.5130739903045,129.59910159172787,0.0,0.0010654650813712,0.2805333726494051,0.0784650172099883,76.2,5.1382510626536706e-09,7.833190489955101e-10,1219.322840601949,9.17455106315012,0.0001092564564569,0.00148,6.65847e-07,0.0154111111111111,0.01157,6.76e-06,0.0805555555555555,0.023,9e-06,0.0031111111111111,0.03605,0.0990777777777777,1.0,466299.8693057983,1.9e-06,0.12776,3.4486232497712224,0.0318198418011111,0.0382583554394166,0.2430895374834076,68.15158404745338,1.10717973018148
681,0.011,0.0115,600000.0,0.000127,1.0,30.0,275.0,0.0015045390191765,2122.951816957814,242.0128264794384,144.00390087008464,0.0,0.0011838903670927,0.5724144875444422,0.1028346401451115,76.2,6.5689650958828975e-09,1.047187271373504e-09,1006.3043923293682,7.917317884368961,0.0001503880696355,0.00148,6.65847e-07,0.0154111111111111,0.01157,6.76e-06,0.0805555555555555,0.023,9e-06,0.0031111111111111,0.03605,0.0990777777777777,1.0,1135765.931859316,1.9e-06,0.12776,3.3660705370094344,0.0422695522772867,0.3057698473993305,0.2990474051460321,504.4155342308076,13.240141917910224
682,0.011,0.0115,600000.0,0.000127,1.0,35.0,250.0,0.0015782442062401,2476.7771197841166,220.5130739903045,131.19812151837652,0.0,0.0009245237186004,0.3168552548925374,0.1078723601988349,76.2,6.93749103120098e-09,1.0784906750764795e-09,976.8223175039216,7.523508858732446,0.0001445396744831,0.00148,6.65847e-07,0.0154111111111111,0.01157,6.76e-06,0.0805555555555555,0.023,9e-06,0.0031111111111111,0.03605,0.0990777777777777,1.0,692256.5925821008,1.9e-06,0.12776,3.3696269349372185,0.0418193753244027,0.0451728946937024,0.2968078091263831,74.7579026901427,1.2145049258396279
683,0.011,0.012,400000.0,0.000127,1.0,20.0,250.0,0.0013787697748876,2122.951816957814,220.5130739903045,125.0009657986652,0.0,0.0010276627118583,0.3443708446976558,0.0942383626056622,50.8,6.061349099550676e-09,9.55047361515135e-10,1080.8581350673985,8.366207958709966,8.514109239893886e-05,0.00148,6.65847e-07,0.0154111111111111,0.01157,6.76e-06,0.0805555555555555,0.023,9e-06,0.0031111111111111,0.03605,0.0990777777777777,1.0,488147.7636494223,1.9e-06,0.12776,3.5897324081809976,0.0139579230150636,0.0863224820919934,0.12348243003902,178.06956345877816,2.892896570559256
684,0.011,0.012,400000.0,0.000127,1.0,20.0,275.0,0.0018007006006513,2122.951816957814,242.0128264794384,139.64911711930816,0.0,0.0011480886526797,0.56747757440054,0.12307716577428,50.8,8.049773003256787e-09,1.172970352803238e-09,887.839759739457,6.3349176697017775,0.000120007190808,0.00148,6.65847e-07,0.0154111111111111,0.01157,6.76e-06,0.0805555555555555,0.023,9e-06,0.0031111111111111,0.03605,0.0990777777777777,1.0,392418.6723085653,1.9e-06,0.12776,3.572388077378987,0.0161534079267105,0.2805904086262599,0.1401826061925298,567.7853681932938,21.187452722065323
685,0.011,0.012,400000.0,0.000127,1.0,20.0,300.0,0.0023492120167294,2122.951816957814,265.6087782946687,150.87314968083473,0.0,0.001240364097645,0.974470425086126,0.1605677016586503,50.8,1.0699206879186e-08,1.5774338412813199e-09,761.5583977694084,4.6675408828958105,0.0001724561526677,0.00148,6.65847e-07,0.0154111111111111,0.01157,6.76e-06,0.0805555555555555,0.023,9e-06,0.0031111111111111,0.03605,0.0990777777777777,1.0,889131.6985367184,1.9e-06,0.12776,3.474689560099283,0.028520308848192,0.6500927234274758,0.223516743881858,1187.989353630039,386.0071233056525
686,0.011,0.012,400000.0,0.000127,1.0,20.0,325.0,0.0031084538421291,2122.951816957814,291.5053062825179,147.777770139143,0.0,0.0012149162451926,0.990556253725442,0.2124615767279887,50.8,1.4292951519411185e-08,2.272770282237115e-09,660.3261543827834,3.357580468636376,0.0002525560538036,0.00148,6.65847e-07,0.0154111111111111,0.01157,6.76e-06,0.0805555555555555,0.023,9e-06,0.0031111111111111,0.03605,0.0990777777777777,1.0,1215426.5880570402,1.9e-06,0.12776,3.355879245759024,0.0435595891444274,0.6142846769974533,0.3053869409141923,1004.1943528840104,234.08968336344222
687,0.011,0.012,400000.0,0.000127,1.0,20.0,350.0,0.0042787073628616,2122.951816957814,291.5053062825179,160.74028228794768,0.0,0.0013214841449063,1.329492635814319,0.2924479367686494,50.8,1.900153033049276e-08,2.852398680639492e-09,504.2923516184452,2.3854750663838127,0.0003309666708347,0.00148,6.65847e-07,0.0154111111111111,0.01157,6.76e-06,0.0805555555555555,0.023,9e-06,0.0031111111111111,0.03605,0.0990777777777777,1.0,1418100.5094572045,1.9e-06,0.12776,3.2231773235606034,0.0603573008151135,0.8732346990456702,0.3785697686343706,1277.1106018072417,464.1513166403456
688,0.011,0.012,400000.0,0.000127,1.0,25.0,275.0,0.0028333761711096,2653.689771197268,242.0128264794384,140.5822150338784,0.0,0.0009246078983003,0.6236017462930477,0.1936601279448792,50.8,1.2990917209919224e-08,2.020845898787392e-09,697.0031771853739,3.8321866452553177,0.0001913729247107,0.00148,6.65847e-07,0.0154111111111111,0.01157,6.76e-06,0.0805555555555555,0.023,9e-06,0.0031111111111111,0.03605,0.0990777777777777,1.0,832226.444024303,1.9e-06,0.12776,3.4647903854251734,0.0297733689335223,0.2661316183481683,0.2310679391952302,481.6034537788248,11.326461457664056
689,0.011,0.012,400000.0,0.000127,1.0,25.0,300.0,0.0036949662779602,2653.689771197268,265.6087782946687,153.12138508868503,0.0,0.001007077901124,0.9891606896241184,0.2525494671120736,50.8,1.6861146352521012e-08,2.686701827886617e-09,582.1244962719633,2.6077772921395748,0.000270837370244,0.00148,6.65847e-07,0.0154111111111111,0.01157,6.76e-06,0.0805555555555555,0.023,9e-06,0.0031111111111111,0.03605,0.0990777777777777,1.0,1147643.8644425834,1.9e-06,0.12776,3.34357227013283,0.0451174341604012,0.5728012225120449,0.3128913474585033,926.263396610907,176.87480464015826
690,0.011,0.012,400000.0,0.000127,1.0,25.0,325.0,0.0048873546123962,2653.689771197268,291.5053062825179,157.03248645066842,0.0,0.0010328011777808,1.2966984130618693,0.3340487328154393,50.8,2.1233236912119612e-08,3.025165231244052e-09,423.1393850138322,2.153687991991882,0.0003665868666562,0.00148,6.65847e-07,0.0154111111111111,0.01157,6.76e-06,0.0805555555555555,0.023,9e-06,0.0031111111111111,0.03605,0.0990777777777777,1.0,1147566.876245478,1.9e-06,0.12776,3.16564777026401,0.0676395227513912,0.79883968024643,0.4057138793436556,1117.2757309850851,325.5591135119273
691,0.011,0.012,400000.0,0.000127,1.0,25.0,350.0,0.0067249891057882,2653.689771197268,291.5053062825179,174.72711560131793,0.0,0.0011491785863047,1.54246187302695,0.4596503153849847,50.8,2.8546226423153013e-08,3.2198892721529104e-09,377.7877915638194,2.0328653421351213,0.0004778326492246,0.00148,6.65847e-07,0.0154111111111111,0.01157,6.76e-06,0.0805555555555555,0.023,9e-06,0.0031111111111111,0.03605,0.0990777777777777,1.0,1952861.45036178,1.9e-06,0.12776,3.205564234725852,0.0625868057309048,0.9190015576419658,0.3871398693056569,1325.5092583002302,507.0919709470438
692,0.011,0.012,400000.0,0.000127,1.0,30.0,275.0,0.0041147487995523,3184.427725436721,242.0128264794384,141.66654441742847,0.0,0.000776449601998,0.6132785446674919,0.2812414345498858,50.8,1.8400348931692088e-08,2.8058584959156104e-09,526.153493393015,2.447914312991794,0.0002676294133542,0.00148,6.65847e-07,0.0154111111111111,0.01157,6.76e-06,0.0805555555555555,0.023,9e-06,0.0031111111111111,0.03605,0.0990777777777777,1.0,1160109.525842055,1.9e-06,0.12776,3.345897472687532,0.0448231047230972,0.1682271101176059,0.3114859613374831,272.59251897700864,4.436971870992273
693,0.011,0.012,400000.0,0.000127,1.0,30.0,300.0,0.0053633908275708,3184.427725436721,265.6087782946687,154.9654518862621,0.0,0.0008493385925049,0.9933533928258494,0.3665856177081362,50.8,2.3099833310283387e-08,3.091425197799654e-09,401.7301356879942,2.0943741827553146,0.0003605188069211,0.00148,6.65847e-07,0.0154111111111111,0.01157,6.76e-06,0.0805555555555555,0.023,9e-06,0.0031111111111111,0.03605,0.0990777777777777,1.0,1223172.080828627,1.9e-06,0.12776,3.18294770104309,0.0654496580958113,0.4629577751177132,0.3978039148807871,656.1217863293398,40.83775171427967
694,0.011,0.012,400000.0,0.000127,1.0,30.0,325.0,0.0070910650593812,3184.427725436721,291.5053062825179,163.35197881771128,0.0,0.0008953036827444,1.35731837121837,0.4846714603826836,50.8,3.0010530237524945e-08,3.254427806222501e-09,371.3507119958404,2.016328227007512,0.000500042250157,0.00148,6.65847e-07,0.0154111111111111,0.01157,6.76e-06,0.0805555555555555,0.023,9e-06,0.0031111111111111,0.03605,0.0990777777777777,1.0,1810593.2560809297,1.9e-06,0.12776,3.18140825115477,0.0656445251702823,0.7088369108356865,0.3985163150067252,1003.4028368528892,233.48052194278927
695,0.011,0.012,400000.0,0.000127,1.0,35.0,275.0,0.0056561828448567,3715.165679676175,242.0128264794384,142.91713640374587,0.0,0.0006714033243288,0.646635460856353,0.3865978349728212,50.8,2.427100137942701e-08,3.119049539046544e-09,396.5816808560389,2.081147596166441,0.0003436808685844,0.00148,6.65847e-07,0.0154111111111111,0.01157,6.76e-06,0.0805555555555555,0.023,9e-06,0.0031111111111111,0.03605,0.0990777777777777,1.0,1347975.7840071542,1.9e-06,0.12776,3.2093857638516234,0.0621030678668831,0.0962276258835317,0.3853005462187207,139.20913881847986,2.261569420758167
696,0.011,0.012,400000.0,0.000127,1.0,35.0,300.0,0.0073684394278188,3715.165679676175,265.6087782946687,156.71044364178516,0.0,0.0007362022180525,1.018208900966273,0.5036298875156453,50.8,3.112002771127529e-08,3.28059752313585e-09,366.4733611012338,2.0037981172877126,0.0004713452380524,0.00148,6.65847e-07,0.0154111111111111,0.01157,6.76e-06,0.0805555555555555,0.023,9e-06,0.0031111111111111,0.03605,0.0990777777777777,1.0,1988570.932296328,1.9e-06,0.12776,3.211298773524588,0.0618609147437231,0.3507690134506276,0.3843756512155007,508.2087735347098,13.60098662109311
697,0.011,0.012,400000.0,0.000127,1.0,35.0,325.0,0.0097370018866149,3715.165679676175,291.5053062825179,168.10062800914977,0.0,0.000789711600072,1.461521791887591,0.6655201841493793,50.8,4.0594277546459936e-08,4.6281958940525645e-09,274.67992453540074,1.6100841449666126,0.0006777860230581,0.00148,6.65847e-07,0.0154111111111111,0.01157,6.76e-06,0.0805555555555555,0.023,9e-06,0.0031111111111111,0.03605,0.0990777777777777,1.0,2353104.524900557,1.9e-06,0.12776,3.512902087286273,0.0236832800903452,0.6321916077382116,0.1929217660847074,1200.796766790149,397.1301889673118
698,0.011,0.012,450000.0,0.000127,1.0,20.0,250.0,0.0010893983406519,1887.06828174028,220.5130739903045,125.0009657986652,0.0,0.0011561205508406,0.3359096907235916,0.0744599408242269,57.15,4.903863362607944e-09,7.397147918144281e-10,1254.4809956088084,9.379800856264662,7.842843728188906e-05,0.00148,6.65847e-07,0.0154111111111111,0.01157,6.76e-06,0.0805555555555555,0.023,9e-06,0.0031111111111111,0.03605,0.0990777777777777,1.0,374552.3054640991,1.9e-06,0.12776,3.5683891559362158,0.0166596005144031,0.0976397498993645,0.1439431302162878,196.7136168977712,3.195825535695421
699,0.011,0.012,450000.0,0.000127,1.0,20.0,275.0,0.0014227757832307,1887.06828174028,242.0128264794384,139.64911711930816,0.0,0.0012915997342647,0.5763634739760676,0.0972461556735052,57.15,6.2373731329228105e-09,9.877939485575118e-10,1054.4545300615785,8.212066353046488,0.0001073627071519,0.00148,6.65847e-07,0.0154111111111111,0.01157,6.76e-06,0.0805555555555555,0.023,9e-06,0.0031111111111111,0.03605,0.0990777777777777,1.0,804697.0365160999,1.9e-06,0.12776,3.459077123073268,0.0304965666995863,0.3153073183025624,0.235359606275407,567.4092823534029,21.126893041999626
700,0.011,0.012,450000.0,0.000127,1.0,20.0,300.0,0.0018561675193911,1887.06828174028,265.6087782946687,150.87314968083464,0.0,0.0013954096098506,0.9685225679824482,0.126868307483378,57.15,8.3271075969558e-09,1.196527763328139e-09,865.6529922435359,6.03855625886745,0.0001520994670342,0.00148,6.65847e-07,0.0154111111111111,0.01157,6.76e-06,0.0805555555555555,0.023,9e-06,0.0031111111111111,0.03605,0.0990777777777777,1.0,655668.3646664241,1.9e-06,0.12776,3.427472033516806,0.0344972109472397,0.6778442604990701,0.2582610058703207,1183.276345245175,381.9254140641573
701,0.011,0.012,450000.0,0.000127,1.0,20.0,325.0,0.0024560622950156,1887.06828174028,291.5053062825179,147.77777013914312,0.0,0.0013667807758417,1.0501744089761311,0.1678708754393985,57.15,1.1204964863073864e-08,1.675290531644141e-09,747.3116939979193,4.483186399087176,0.0002224566815525,0.00148,6.65847e-07,0.0154111111111111,0.01157,6.76e-06,0.0805555555555555,0.023,9e-06,0.0031111111111111,0.03605,0.0990777777777777,1.0,1164032.391933439,1.9e-06,0.12776,3.167506577763649,0.0674042306628292,0.7184935335367326,0.4048739638246013,1006.3219901846304,235.72968192020343
702,0.011,0.012,450000.0,0.000127,1.0,20.0,350.0,0.0033807070521376,1887.06828174028,291.5053062825179,160.7402822879475,0.0,0.0014866696630196,1.2756347958697216,0.2310699747307848,57.15,1.5581616713451362e-08,2.5221079395591876e-09,624.0257263816519,2.887847485237533,0.0003098047614854,0.00148,6.65847e-07,0.0154111111111111,0.01157,6.76e-06,0.0805555555555555,0.023,9e-06,0.0031111111111111,0.03605,0.0990777777777777,1.0,1307685.4196542427,1.9e-06,0.12776,3.2288630945407792,0.0596375829695216,0.880754821138937,0.3757518030310522,1293.9499386359034,479.06512189656127
703,0.011,0.012,450000.0,0.000127,1.0,25.0,250.0,0.0017149410180491,2358.8353521753497,220.5130739903045,126.85557407128567,0.0,0.0009386188993689,0.3376224847755636,0.1172155326072534,57.15,7.620975090245841e-09,1.1365473147166802e-09,922.1435927803328,6.793133692332753,0.0001177481384905,0.00148,6.65847e-07,0.0154111111111111,0.01157,6.76e-06,0.0805555555555555,0.023,9e-06,0.0031111111111111,0.03605,0.0990777777777777,1.0,774281.4018322575,1.9e-06,0.12776,3.453201037186933,0.0312403750396287,0.0565969521683101,0.2397238939029528,101.26737082841676,1.6451735037008948
704,0.011,0.012,450000.0,0.000127,1.0,25.0,275.0,0.0022387169747039,2358.8353521753497,242.0128264794384,140.58221503387833,0.0,0.0010401838855878,0.6397043893841721,0.1530154097342255,57.15,1.0176197013598725e-08,1.4762391669431244e-09,776.2910700394725,4.85818387197128,0.000168669746464,0.00148,6.65847e-07,0.0154111111111111,0.01157,6.76e-06,0.0805555555555555,0.023,9e-06,0.0031111111111111,0.03605,0.0990777777777777,1.0,570992.6232833031,1.9e-06,0.12776,3.4058804328575576,0.0372303249547395,0.3228789796499465,0.2731336157454858,552.3311093044994,18.84112702752068
705,0.011,0.012,450000.0,0.000127,1.0,25.0,300.0,0.0029194795282649,2358.8353521753497,265.6087782946687,153.12138508868497,0.0,0.0011329626387645,1.0162725640288928,0.1995452579650952,57.15,1.3398473100453904e-08,2.0997019363708514e-09,685.5227295646789,3.683627930976379,0.0002431121892458,0.00148,6.65847e-07,0.0154111111111111,0.01157,6.76e-06,0.0805555555555555,0.023,9e-06,0.0031111111111111,0.03605,0.0990777777777777,1.0,1172092.732859613,1.9e-06,0.12776,2.9944800372380147,0.0893063244002513,0.6529173060637975,0.4740650796310506,808.1562503000525,103.69751346362645
706,0.011,0.012,450000.0,0.000127,1.0,25.0,325.0,0.0038616135209056,2358.8353521753497,291.5053062825179,157.03248645066847,0.0,0.0011619013250034,1.283905296008662,0.2639397395084953,57.15,1.7472186243320857e-08,2.734005203287482e-09,559.9048638792416,2.544314133590293,0.0003448658434884,0.00148,6.65847e-07,0.0154111111111111,0.01157,6.76e-06,0.0805555555555555,0.023,9e-06,0.0031111111111111,0.03605,0.0990777777777777,1.0,1558238.207102755,1.9e-06,0.12776,3.1250278852198723,0.0727812803519149,0.8561555565001666,0.4234940022596357,1161.6135197996718,363.25165429989687
707,0.011,0.012,450000.0,0.000127,1.0,25.0,350.0,0.0053135716391413,2358.8353521753497,291.5053062825179,174.72711560131802,0.0,0.0012928259095928,1.5513071174251287,0.3631804961066545,57.15,2.2900556556565337e-08,3.086724857009707e-09,402.6061562973388,2.096624714773429,0.0004412271355859,0.00148,6.65847e-07,0.0154111111111111,0.01157,6.76e-06,0.0805555555555555,0.023,9e-06,0.0031111111111111,0.03605,0.0990777777777777,1.0,1572729.1860719442,1.9e-06,0.12776,3.480350035931677,0.0278037929200408,1.0243166213184742,0.219131846864179,1882.4223885448368,996.2596141195936
708,0.011,0.012,450000.0,0.000127,1.0,30.0,275.0,0.0032511595453253,2830.602422610419,242.0128264794384,141.6665444174285,0.0,0.0008735058022478,0.6032500242033716,0.222215454459169,57.15,1.4968425181206627e-08,2.4034644463953103e-09,641.2987272899542,3.1113627079411,0.0002480111602972,0.00148,6.65847e-07,0.0154111111111111,0.01157,6.76e-06,0.0805555555555555,0.023,9e-06,0.0031111111111111,0.03605,0.0990777777777777,1.0,781116.2973303567,1.9e-06,0.12776,3.26356950420592,0.0552443665562126,0.2172245697442024,0.3579808121163125,328.2177788635185,5.418359981509869
709,0.011,0.012,450000.0,0.000127,1.0,30.0,300.0,0.0042377409007967,2830.602422610419,265.6087782946687,154.96545188626206,0.0,0.000955505916568,1.016699172912528,0.2896478954730953,57.15,1.8851319969587964e-08,2.840770213827484e-09,509.7545465604376,2.4010760510222577,0.0003372631129647,0.00148,6.65847e-07,0.0154111111111111,0.01157,6.76e-06,0.0805555555555555,0.023,9e-06,0.0031111111111111,0.03605,0.0990777777777777,1.0,1622349.6132356818,1.9e-06,0.12776,3.138135768869473,0.0711220545734843,0.5632412774394328,0.4178738227350375,771.6435895007079,85.15363004449699
710,0.011,0.012,450000.0,0.000127,1.0,30.0,325.0,0.0056028168370419,2830.602422610419,291.5053062825179,163.3519788177113,0.0,0.0010072166430875,1.3917038651270144,0.3829502896850834,57.15,2.4057537348167858e-08,3.114014562941235e-09,397.5200687374541,2.0835583522034664,0.000460969333597,0.00148,6.65847e-07,0.0154111111111111,0.01157,6.76e-06,0.0805555555555555,0.023,9e-06,0.0031111111111111,0.03605,0.0990777777777777,1.0,1475379.5355186558,1.9e-06,0.12776,3.467392768870897,0.0294439533074813,0.844943575441931,0.2290970799945789,1532.966087260903,691.7809537119258
711,0.011,0.012,450000.0,0.000127,1.0,35.0,275.0,0.0044690827416152,3302.369493045489,242.0128264794384,142.917136403746,0.0,0.00075532873987,0.625998889350627,0.3054600177563035,57.15,1.9699573385922472e-08,2.906437366483285e-09,478.9089677846376,2.312975680062287,0.0003204516725335,0.00148,6.65847e-07,0.0154111111111111,0.01157,6.76e-06,0.0805555555555555,0.023,9e-06,0.0031111111111111,0.03605,0.0990777777777777,1.0,1221638.7474153072,1.9e-06,0.12776,3.21010031144078,0.0620126188049646,0.1567288715943234,0.3849554046700264,226.86148044906048,3.6861129249361673
712,0.011,0.012,450000.0,0.000127,1.0,35.0,300.0,0.0058219768318568,3302.369493045489,265.6087782946687,156.71044364178508,0.0,0.000828227495309,0.9870645748344408,0.3979297876666826,57.15,2.4934177327427385e-08,3.134691870132029e-09,393.6663593886293,2.073658018597699,0.0004341000488847,0.00148,6.65847e-07,0.0154111111111111,0.01157,6.76e-06,0.0805555555555555,0.023,9e-06,0.0031111111111111,0.03605,0.0990777777777777,1.0,1604207.5616092924,1.9e-06,0.12776,3.4842480543493104,0.0273103728671759,0.4253247871677582,0.2160833331907475,784.6857032629848,91.53529123092436
713,0.011,0.012,450000.0,0.000127,1.0,40.0,275.0,0.0059029843134607,3774.136563480559,242.0128264794384,144.3380770259584,0.0,0.0006674837112351,0.7194563587349436,0.4034666166313134,57.15,2.52582072538428e-08,3.14233476400639e-09,392.24192383210703,2.069998586623726,0.0004006231528936,0.00148,6.65847e-07,0.0154111111111111,0.01157,6.76e-06,0.0805555555555555,0.023,9e-06,0.0031111111111111,0.03605,0.0990777777777777,1.0,1737004.4161110197,1.9e-06,0.12776,3.499322024436476,0.0254022753877878,0.15217974210363,0.2040670351739117,285.06144638720053,4.646438576632353
714,0.011,0.012,450000.0,0.000127,1.0,40.0,300.0,0.0076850679947122,3774.136563480559,265.6087782946687,158.48598310390645,0.0,0.0007329099455988,1.0554916444958284,0.5252713234113876,57.15,3.2386541978849194e-08,3.40347042359596e-09,356.7572802115081,1.965774573524592,0.0005514056824066,0.00148,6.65847e-07,0.0154111111111111,0.01157,6.76e-06,0.0805555555555555,0.023,9e-06,0.0031111111111111,0.03605,0.0990777777777777,1.0,1901169.0439961297,1.9e-06,0.12776,3.4528733926411697,0.0312818490327633,0.3664103210844408,0.2399657762002265,655.3993339075298,40.62955414248284
715,0.011,0.012,500000.0,0.000127,1.0,20.0,275.0,0.0011524483844168,1698.3614535662512,242.0128264794384,139.64911711930816,0.0,0.0014351108158496,0.5827480593788015,0.0787693860955392,63.5,5.1560635376674745e-09,7.866327883315843e-10,1216.6509693498788,9.158952945967656,9.950389846238048e-05,0.00148,6.65847e-07,0.0154111111111111,0.01157,6.76e-06,0.0805555555555555,0.023,9e-06,0.0031111111111111,0.03605,0.0990777777777777,1.0,581533.4622634714,1.9e-06,0.12776,3.408249574963044,0.0369304335489818,0.3401686732832621,0.271530911176065,583.1907040576657,23.82305759278662
716,0.011,0.012,500000.0,0.000127,1.0,20.0,300.0,0.0015034956907068,1698.3614535662512,265.6087782946687,150.87314968083476,0.0,0.0015504551220563,0.9943125133332013,0.1027633290615362,63.5,6.563748453534201e-09,1.046744158295792e-09,1006.7217237172638,7.922892419682632,0.000136740054506,0.00148,6.65847e-07,0.0154111111111111,0.01157,6.76e-06,0.0805555555555555,0.023,9e-06,0.0031111111111111,0.03605,0.0990777777777777,1.0,483149.99055023846,1.9e-06,0.12776,3.3816677917827853,0.0402952162300271,0.7277391842716648,0.2891178202555557,1217.5268171892335,411.7229983408033
717,0.011,0.012,500000.0,0.000127,1.0,20.0,325.0,0.0019894104589626,1698.3614535662512,291.5053062825179,147.77777013914312,0.0,0.0015186453064908,1.0392980642592553,0.1359754091059128,63.5,8.993322294813202e-09,1.253117505436482e-09,812.3558164149438,5.326635235448843,0.000198153721775,0.00148,6.65847e-07,0.0154111111111111,0.01157,6.76e-06,0.0805555555555555,0.023,9e-06,0.0031111111111111,0.03605,0.0990777777777777,1.0,768898.1293620758,1.9e-06,0.12776,3.270562631791871,0.0543591605326746,0.7395126551533424,0.3542768848964422,1123.8208680631544,331.07265396005164
718,0.011,0.012,500000.0,0.000127,1.0,20.0,350.0,0.0027383727122314,1698.3614535662512,291.5053062825179,160.74028228794748,0.0,0.0016518551811328,1.348408214375034,0.1871666795319358,63.5,1.2541234171228941e-08,1.933838881042944e-09,709.6703050358045,3.996101179709065,0.00027684483363,0.00148,6.65847e-07,0.0154111111111111,0.01157,6.76e-06,0.0805555555555555,0.023,9e-06,0.0031111111111111,0.03605,0.0990777777777777,1.0,938617.9615831806,1.9e-06,0.12776,3.454431880803432,0.0310845720501984,0.9974315348430984,0.2388138512502283,1786.813068535561,914.1113182828332
719,0.011,0.012,500000.0,0.000127,1.0,25.0,250.0,0.0013891022246198,2122.951816957814,220.5130739903045,126.8555740712857,0.0,0.0010429098881877,0.3359630810923347,0.0949445814118752,63.5,6.102678898479302e-09,9.627361403263723e-10,1074.6586652281044,8.330016073735152,0.0001071149924152,0.00148,6.65847e-07,0.0154111111111111,0.01157,6.76e-06,0.0805555555555555,0.023,9e-06,0.0031111111111111,0.03605,0.0990777777777777,1.0,544853.7886683124,1.9e-06,0.12776,3.3981031589834605,0.0382147900020936,0.0772084996804594,0.2783456571616133,131.12922406740716,2.130304398673404
720,0.011,0.012,500000.0,0.000127,1.0,25.0,275.0,0.0018133607495102,2122.951816957814,242.0128264794384,140.58221503387836,0.0,0.0011557598728754,0.6251915354923941,0.1239424818847226,63.5,8.11307374755102e-09,1.178347257285228e-09,882.7757001959183,6.267274114544495,0.0001510637120954,0.00148,6.65847e-07,0.0154111111111111,0.01157,6.76e-06,0.0805555555555555,0.023,9e-06,0.0031111111111111,0.03605,0.0990777777777777,1.0,844525.4773713181,1.9e-06,0.12776,3.279040825194063,0.0532859714944224,0.3374390536076713,0.3497286706907313,516.4105417385084,14.42621886726081
721,0.011,0.012,500000.0,0.000127,1.0,25.0,300.0,0.0023647784178945,2122.951816957814,265.6087782946687,153.12138508868512,0.0,0.001258847376405,0.9891606896241184,0.1616316589517271,63.5,1.0772887844700996e-08,1.59169001846039e-09,759.4828776140564,4.6406833407575325,0.0002170601344499,0.00148,6.65847e-07,0.0154111111111111,0.01157,6.76e-06,0.0805555555555555,0.023,9e-06,0.0031111111111111,0.03605,0.0990777777777777,1.0,1059430.5370471647,1.9e-06,0.12776,3.1665177751603406,0.067529395549324,0.6637190306723914,0.405321056715504,928.9064529187592,178.7143182662219
722,0.011,0.012,500000.0,0.000127,1.0,25.0,325.0,0.0031279069519336,2122.951816957814,291.5053062825179,157.0324864506686,0.0,0.001291001472226,1.2966984130618693,0.2137911890018811,63.5,1.4385029572485737e-08,2.290586023789354e-09,657.7324064088526,3.3240169807915136,0.0003177353057207,0.00148,6.65847e-07,0.0154111111111111,0.01157,6.76e-06,0.0805555555555555,0.023,9e-06,0.0031111111111111,0.03605,0.0990777777777777,1.0,1447740.5802955255,1.9e-06,0.12776,3.449544037614912,0.0317032863778592,0.919097224059988,0.2424149595550817,1638.694489534171,785.0889249677078
723,0.011,0.012,500000.0,0.000127,1.0,25.0,350.0,0.0043039930277044,2122.951816957814,291.5053062825179,174.72711560131822,0.0,0.0014364732328808,1.548962459059804,0.29417620184639,63.5,1.9094244434916426e-08,2.859576100890675e-09,500.9209296394029,2.375845695212821,0.0004155585169092,0.00148,6.65847e-07,0.0154111111111111,0.01157,6.76e-06,0.0805555555555555,0.023,9e-06,0.0031111111111111,0.03605,0.0990777777777777,1.0,1621012.968975042,1.9e-06,0.12776,3.3965394271611515,0.0384127307390947,1.0909762572134143,0.2793846000968195,1850.2226224383169,968.6926672704564
724,0.011,0.012,500000.0,0.000127,1.0,30.0,250.0,0.0020184303755952,2547.542180349377,220.5130739903045,128.4327227390447,0.0,0.0008798966691848,0.3677323458464593,0.137958908799787,63.5,9.133507111150986e-09,1.2744940908814243e-09,805.6626165872963,5.238256090032101,0.0001539303382382,0.00148,6.65847e-07,0.0154111111111111,0.01157,6.76e-06,0.0805555555555555,0.023,9e-06,0.0031111111111111,0.03605,0.0990777777777777,1.0,826188.3321719889,1.9e-06,0.12776,3.27426864066246,0.0538900454857645,0.0659634370466722,0.3522966094177826,100.55058361452132,1.6335286933095226
725,0.011,0.012,500000.0,0.000127,1.0,30.0,275.0,0.0026334392317135,2547.542180349377,242.0128264794384,141.66654441742853,0.0,0.0009705620024975,0.6132785446674919,0.179994518111927,63.5,1.2044549030110704e-08,1.837737651580201e-09,723.6614357715296,4.177148510098958,0.0002218037732474,0.00148,6.65847e-07,0.0154111111111111,0.01157,6.76e-06,0.0805555555555555,0.023,9e-06,0.0031111111111111,0.03605,0.0990777777777777,1.0,969081.371964438,1.9e-06,0.12776,3.1422860947377487,0.0705966968686394,0.2694740265555647,0.4160714038794295,370.32395358204553,6.335269988964166
726,0.011,0.012,500000.0,0.000127,1.0,30.0,300.0,0.0034325701296453,2547.542180349377,265.6087782946687,154.965451886262,0.0,0.0010616732406311,1.0537483354767587,0.2346147953332071,63.5,1.5827101946987946e-08,2.5696057018330927e-09,617.1106493806212,2.798365351582646,0.0003191158893422,0.00148,6.65847e-07,0.0154111111111111,0.01157,6.76e-06,0.0805555555555555,0.023,9e-06,0.0031111111111111,0.03605,0.0990777777777777,1.0,1441295.8302899017,1.9e-06,0.12776,3.448569613262274,0.0318266312326235,0.6553235401435515,0.2431287950743868,1167.3011143791566,368.1398818222235
727,0.011,0.012,500000.0,0.000127,1.0,30.0,325.0,0.0045382816380039,2547.542180349377,291.5053062825179,163.35197881771154,0.0,0.0011191296034305,1.4316033930542094,0.3101897346449177,63.5,1.9953302672681307e-08,2.9260797038862267e-09,469.6824482661343,2.2866231256765257,0.0004326999684644,0.00148,6.65847e-07,0.0154111111111111,0.01157,6.76e-06,0.0805555555555555,0.023,9e-06,0.0031111111111111,0.03605,0.0990777777777777,1.0,1452645.6096293642,1.9e-06,0.12776,3.3663855068717714,0.0422296826744593,0.9576036584092916,0.2988496328453464,1580.163809452052,733.5452195379565
728,0.011,0.012,500000.0,0.000127,1.0,35.0,275.0,0.0036199570207083,2972.13254374094,242.0128264794384,142.91713640374596,0.0,0.0008392541554111,0.6623562261370888,0.2474226143826056,63.5,1.6586112409263857e-08,2.665410200184792e-09,592.1257305722233,2.6363425675171204,0.0003044792659083,0.00148,6.65847e-07,0.0154111111111111,0.01157,6.76e-06,0.0805555555555555,0.023,9e-06,0.0031111111111111,0.03605,0.0990777777777777,1.0,1506252.6400851374,1.9e-06,0.12776,3.458072003891404,0.0306237969757716,0.2511236117544829,0.2361096774188055,451.4646034505348,9.38190880355062
729,0.011,0.012,500000.0,0.000127,1.0,35.0,300.0,0.004715801233804,2972.13254374094,265.6087782946687,156.7104436417853,0.0,0.0009202527725656,1.0358343462338135,0.3223231280100131,63.5,2.0604207857281523e-08,2.9764692328860582e-09,446.01316882612673,2.2190195214719624,0.0004066021858993,0.00148,6.65847e-07,0.0154111111111111,0.01157,6.76e-06,0.0805555555555555,0.023,9e-06,0.0031111111111111,0.03605,0.0990777777777777,1.0,1680375.910424932,1.9e-06,0.12776,3.4059818381303413,0.0372174888442606,0.5497012182238004,0.2730651604172636,940.4318554208876,186.82537594119924
730,0.011,0.012,500000.0,0.000127,1.0,40.0,275.0,0.0047814172939031,3396.7229071325023,242.0128264794384,144.33807702595846,0.0,0.000741648568039,0.7433206926805225,0.3268079594713639,63.5,2.0844800077644944e-08,2.995094570265393e-09,437.2643608129111,2.194031394744816,0.0003750239145495,0.00148,6.65847e-07,0.0154111111111111,0.01157,6.76e-06,0.0805555555555555,0.023,9e-06,0.0031111111111111,0.03605,0.0990777777777777,1.0,1845264.3292729887,1.9e-06,0.12776,3.429503265461077,0.0342400929796104,0.2527027332091586,0.256830481803303,441.98036491274894,8.88459635369561
731,0.011,0.012,550000.0,0.000127,1.0,20.0,300.0,0.0012425584220717,1543.9649577875011,265.6087782946687,150.8731496808348,0.0,0.0017055006342619,0.9639171575766576,0.0849283711252365,69.85,5.516503688287074e-09,8.536871816420638e-10,1162.5849467569387,8.843320912672334,0.0001272893043322,0.00148,6.65847e-07,0.0154111111111111,0.01157,6.76e-06,0.0805555555555555,0.023,9e-06,0.0031111111111111,0.03605,0.0990777777777777,1.0,733204.4700464115,1.9e-06,0.12776,3.2580265503581964,0.0559460062837725,0.715178786451421,0.3608865995785519,1075.716168028223,291.03665120755255
732,0.011,0.012,550000.0,0.000127,1.0,20.0,325.0,0.0016441408751757,1543.9649577875011,291.5053062825179,147.77777013914294,0.0,0.0016705098371399,1.060484685727607,0.1123763711619114,69.85,7.266974375878674e-09,1.1064777152367614e-09,950.463649929706,7.171420979709794,0.0001798678741297,0.00148,6.65847e-07,0.0154111111111111,0.01157,6.76e-06,0.0805555555555555,0.023,9e-06,0.0031111111111111,0.03605,0.0990777777777777,1.0,976063.1490110405,1.9e-06,0.12776,3.4522763401638032,0.0313574252957211,0.7842983145656954,0.2404061523026997,1402.0640984219392,575.2986533820997
733,0.011,0.012,550000.0,0.000127,1.0,20.0,350.0,0.0022631179439929,1543.9649577875011,291.5053062825179,160.7402822879474,0.0,0.0018170406992461,1.345216840384042,0.1546832062247403,69.85,1.0291694934899949e-08,1.49858630664706e-09,773.037607467607,4.816083578271956,0.0002495745863245,0.00148,6.65847e-07,0.0154111111111111,0.01157,6.76e-06,0.0805555555555555,0.023,9e-06,0.0031111111111111,0.03605,0.0990777777777777,1.0,1133329.732413713,1.9e-06,0.12776,3.3779894151678604,0.0407608335230556,1.026723634159302,0.291484827715911,1712.0161707720056,849.2214278416499
734,0.011,0.012,550000.0,0.000127,1.0,25.0,250.0,0.0011480183674544,1929.9561972343763,220.5130739903045,126.8555740712857,0.0,0.0011472008770065,0.3364091578426779,0.0784665962081613,69.85,5.138343469817604e-09,7.833362399391502e-10,1219.3089795273593,9.17447014358277,0.0001001534450479,0.00148,6.65847e-07,0.0154111111111111,0.01157,6.76e-06,0.0805555555555555,0.023,9e-06,0.0031111111111111,0.03605,0.0990777777777777,1.0,549187.2289185581,1.9e-06,0.12776,3.4063847947445085,0.0371664816779103,0.0941325616345165,0.2727930103359572,161.10279324579025,2.617251026702438
735,0.011,0.012,550000.0,0.000127,1.0,25.0,275.0,0.001498645247529,1929.9561972343763,242.0128264794384,140.58221503387833,0.0,0.0012713358601629,0.6199286324228935,0.1024318032105146,69.85,6.540850990116377e-09,1.044251375851052e-09,1008.9328514825434,7.94631534566994,0.0001373302943714,0.00148,6.65847e-07,0.0154111111111111,0.01157,6.76e-06,0.0805555555555555,0.023,9e-06,0.0031111111111111,0.03605,0.0990777777777777,1.0,621800.0267135302,1.9e-06,0.12776,3.4992142962450377,0.0254159118677167,0.3536868292123789,0.2041542180980463,662.4497720133531,42.69702876013283
736,0.011,0.012,550000.0,0.000127,1.0,25.0,300.0,0.0019543623288384,1929.9561972343763,265.6087782946687,153.12138508868492,0.0,0.0013847321140455,1.0273081956578118,0.1335798834311793,69.85,8.818081644192461e-09,1.238232179043324e-09,826.3750684646031,5.513898446146072,0.0001957702497714,0.00148,6.65847e-07,0.0154111111111111,0.01157,6.76e-06,0.0805555555555555,0.023,9e-06,0.0031111111111111,0.03605,0.0990777777777777,1.0,888377.6922029837,1.9e-06,0.12776,3.4332162377382485,0.0337700964888293,0.7299183122266324,0.2542012559497751,1281.153170261321,467.72855071899846
737,0.011,0.012,550000.0,0.000127,1.0,25.0,325.0,0.0025850470677137,1929.9561972343763,291.5053062825179,157.0324864506686,0.0,0.0014201016194486,1.2966984130618693,0.1766869330594058,69.85,1.1815492787178289e-08,1.793418656024258e-09,730.113724304837,4.260642091563237,0.0002868063681167,0.00148,6.65847e-07,0.0154111111111111,0.01157,6.76e-06,0.0805555555555555,0.023,9e-06,0.0031111111111111,0.03605,0.0990777777777777,1.0,1479396.2301048024,1.9e-06,0.12776,3.354716925377452,0.0437067183066516,0.9562014800024636,0.3061026897542687,1561.52795725633,717.0746092585501
738,0.011,0.012,550000.0,0.000127,1.0,30.0,250.0,0.0016681242773514,2315.9474366812515,220.5130739903045,128.43272273904472,0.0,0.0009678863361033,0.345724027765135,0.1140156271072619,69.85,7.386891386757347e-09,1.1166637299582202e-09,940.8702890594122,7.043276942382779,0.0001400037355025,0.00148,6.65847e-07,0.0154111111111111,0.01157,6.76e-06,0.0805555555555555,0.023,9e-06,0.0031111111111111,0.03605,0.0990777777777777,1.0,607598.1703195261,1.9e-06,0.12776,3.4957496376269037,0.025854476249759,0.0678984006578729,0.2069479691294163,126.72618904098732,2.0587733929744294
739,0.011,0.012,550000.0,0.000127,1.0,30.0,275.0,0.0021763960592673,2315.9474366812515,242.0128264794384,141.66654441742847,0.0,0.0010676182027473,0.6261989121675358,0.1487558000925015,69.85,9.881211347198925e-09,1.4191638029588431e-09,784.6005254310163,4.965709471156165,0.0002001776371603,0.00148,6.65847e-07,0.0154111111111111,0.01157,6.76e-06,0.0805555555555555,0.023,9e-06,0.0031111111111111,0.03605,0.0990777777777777,1.0,856866.5074162476,1.9e-06,0.12776,3.425687915533187,0.0347230486666851,0.3136331120750339,0.2595129610884563,546.5683975101009,18.03851554070199
740,0.011,0.012,550000.0,0.000127,1.0,30.0,300.0,0.0028368348178887,2315.9474366812515,265.6087782946687,154.96545188626206,0.0,0.0011678405646942,1.0293317734280645,0.1938965250687662,69.85,1.3007288138006565e-08,2.0240134312670183e-09,696.5420242815052,3.82621925750632,0.000288445885592,0.00148,6.65847e-07,0.0154111111111111,0.01157,6.76e-06,0.0805555555555555,0.023,9e-06,0.0031111111111111,0.03605,0.0990777777777777,1.0,1466636.5305365124,1.9e-06,0.12776,3.3522073075017937,0.0440243914554691,0.671625248359298,0.3076430755127994,1094.3650197175857,306.4177266353523
741,0.011,0.012,550000.0,0.000127,1.0,35.0,250.0,0.0022944979015284,2701.938676128126,220.5130739903045,129.9651596591975,0.0,0.0008395157036589,0.3657292147736641,0.1568280137703117,69.85,1.0440226733901528e-08,1.5273250131568383e-09,768.8536131295344,4.761942063938145,0.0001934200637371,0.00148,6.65847e-07,0.0154111111111111,0.01157,6.76e-06,0.0805555555555555,0.023,9e-06,0.0031111111111111,0.03605,0.0990777777777777,1.0,903356.0743846028,1.9e-06,0.12776,3.436662267463672,0.0333338901944718,0.0450912010033522,0.2517443568602873,79.40483585111842,1.2899982584635337
742,0.011,0.012,550000.0,0.000127,1.0,35.0,275.0,0.0029917000171143,2701.938676128126,242.0128264794384,142.9171364037459,0.0,0.0009231795709522,0.6453044683523349,0.2044814994897566,69.85,1.3740316747674432e-08,2.165843626673804e-09,675.8933310514245,3.559022069805091,0.0002782978949665,0.00148,6.65847e-07,0.0154111111111111,0.01157,6.76e-06,0.0805555555555555,0.023,9e-06,0.0031111111111111,0.03605,0.0990777777777777,1.0,1538494.4733051031,1.9e-06,0.12776,3.365914575419992,0.0422892942506339,0.2770129688625783,0.2991452934820262,456.9127157568215,9.69048828566087
743,0.011,0.012,600000.0,0.000127,1.0,20.0,300.0,0.0010440942296575,1415.3012113052096,265.6087782946687,150.87314968083473,0.0,0.0018605461464675,1.018536559565604,0.0713634229594001,76.2,4.722646918630113e-09,7.060022359631234e-10,1281.663462205483,9.53848937800939,0.0001197129684254,0.00148,6.65847e-07,0.0154111111111111,0.01157,6.76e-06,0.0805555555555555,0.023,9e-06,0.0031111111111111,0.03605,0.0990777777777777,1.0,886415.771332343,1.9e-06,0.12776,3.4237422752144724,0.0349693322513326,0.7833631366062036,0.2608734514585098,1362.6586617974342,540.1679896331156
744,0.011,0.012,600000.0,0.000127,1.0,20.0,325.0,0.0013815350409462,1415.3012113052096,291.5053062825179,147.7777701391432,0.0,0.001822374367789,1.065155283556214,0.0944273674346617,76.2,6.072410163785113e-09,9.571051038347226e-10,1079.198975432233,8.356521950675834,0.0001662857642757,0.00148,6.65847e-07,0.0154111111111111,0.01157,6.76e-06,0.0805555555555555,0.023,9e-06,0.0031111111111111,0.03605,0.0990777777777777,1.0,1017209.1192536828,1.9e-06,0.12776,3.3366099275685324,0.0459987433457554,0.8069179161215524,0.3170653872144298,1296.9213246597403,481.70003300380165
745,0.011,0.012,600000.0,0.000127,1.0,25.0,275.0,0.0012592782982709,1769.126514131512,242.0128264794384,140.5822150338784,0.0,0.0013869118474505,0.6381466724162695,0.0860711679755019,76.2,5.583383193083904e-09,8.661290935970655e-10,1152.5530210374145,8.784755533514321,0.0001287880817802,0.00148,6.65847e-07,0.0154111111111111,0.01157,6.76e-06,0.0805555555555555,0.023,9e-06,0.0031111111111111,0.03605,0.0990777777777777,1.0,837157.519948851,1.9e-06,0.12776,3.411608448940732,0.0365052596277555,0.3882655044407677,0.2692465099344773,667.7360965615608,44.299605956433275
746,0.011,0.012,600000.0,0.000127,1.0,25.0,300.0,0.001642207234649,1769.126514131512,265.6087782946687,153.1213850886849,0.0,0.001510616851686,0.969650617510086,0.112244207605366,76.2,7.257306173245055e-09,1.105656476835016e-09,951.2371061403956,7.181752479053295,0.0001793200766947,0.00148,6.65847e-07,0.0154111111111111,0.01157,6.76e-06,0.0805555555555555,0.023,9e-06,0.0031111111111111,0.03605,0.0990777777777777,1.0,1359354.0834626,1.9e-06,0.12776,3.3139677405022057,0.0488648429744043,0.69359640990472,0.3302959128746112,1093.1881981508038,305.4415771627351
747,0.011,0.012,600000.0,0.000127,1.0,30.0,250.0,0.00140168776083,2122.951816957814,220.5130739903045,128.4327227390447,0.0,0.0010558760030218,0.3375508354417673,0.0958047977776298,76.2,6.153021043320217e-09,9.721015286563156e-10,1067.1073435019675,8.285932212630136,0.0001295445381311,0.00148,6.65847e-07,0.0154111111111111,0.01157,6.76e-06,0.0805555555555555,0.023,9e-06,0.0031111111111111,0.03605,0.0990777777777777,1.0,832577.8613080413,1.9e-06,0.12776,3.410430658959826,0.0366543469671106,0.0779360376641372,0.2700491651184518,133.88658993044635,2.1751001271702366
748,0.011,0.012,600000.0,0.000127,1.0,30.0,275.0,0.0018287772442455,2122.951816957814,242.0128264794384,141.6665444174285,0.0,0.001164674402997,0.5998426616409311,0.1249961931332826,76.2,8.190156221227528e-09,1.184894812180753e-09,876.6091023017977,6.184903320678936,0.0001828176059664,0.00148,6.65847e-07,0.0154111111111111,0.01157,6.76e-06,0.0805555555555555,0.023,9e-06,0.0031111111111111,0.03605,0.0990777777777777,1.0,1331618.3990154543,1.9e-06,0.12776,3.3075889551487423,0.049672284158387,0.3110364685076484,0.333931183031733,487.568413724332,11.786490509918805
749,0.011,0.012,600000.0,0.000127,1.0,35.0,250.0,0.0019280155978121,2476.7771197841166,220.5130739903045,129.96515965919755,0.0,0.0009158353130825,0.3473423278358217,0.1317790949042204,76.2,8.686347989060685e-09,1.2270424325623903e-09,836.9137608751453,5.654669820421818,0.000176407039014,0.00148,6.65847e-07,0.0154111111111111,0.01157,6.76e-06,0.0805555555555555,0.023,9e-06,0.0031111111111111,0.03605,0.0990777777777777,1.0,1380580.4906417676,1.9e-06,0.12776,3.318723066605246,0.0482629029613612,0.0517532329316011,0.3275599292690177,81.9023227054513,1.330572030301129
750,0.011,0.0124999999999999,400000.0,0.000127,1.0,20.0,250.0,0.0016609875868229,2122.951816957814,220.5130739903045,123.48519266548038,0.0,0.0010152011799121,0.3768690071370907,0.113527837164313,50.8,7.351207934114684e-09,1.1136326989871563e-09,943.7249652708252,7.081408493977444,0.0001013873158421,0.00148,6.65847e-07,0.0154111111111111,0.01157,6.76e-06,0.0805555555555555,0.023,9e-06,0.0031111111111111,0.03605,0.0990777777777777,1.0,446431.1864964959,1.9e-06,0.12776,3.582765236191567,0.0148398435200548,0.0995311699727777,0.1302682003976956,203.72747707214256,3.3098138591491564
751,0.011,0.0124999999999999,400000.0,0.000127,1.0,20.0,275.0,0.0021616704081006,2122.951816957814,242.0128264794384,136.87673155960954,0.0,0.0011252962106822,0.5703696178798944,0.1477493077255137,50.8,9.811509931676244e-09,1.4056776098507863e-09,786.5639455865847,4.991116422482244,0.0001445570757274,0.00148,6.65847e-07,0.0154111111111111,0.01157,6.76e-06,0.0805555555555555,0.023,9e-06,0.0031111111111111,0.03605,0.0990777777777777,1.0,966086.6192303984,1.9e-06,0.12776,3.4868693274827525,0.0269785661414237,0.2588103101543807,0.214019900170326,478.7384089034677,11.115014159329025
752,0.011,0.0124999999999999,400000.0,0.000127,1.0,20.0,300.0,0.0028133858944744,2122.951816957814,265.6087782946687,147.3462568730679,0.0,0.0012113686718568,0.9469125009907844,0.1922938005329695,50.8,1.2896296567178973e-08,2.002538203736517e-09,699.6685474034092,3.866676935682226,0.0002079850704881,0.00148,6.65847e-07,0.0154111111111111,0.01157,6.76e-06,0.0805555555555555,0.023,9e-06,0.0031111111111111,0.03605,0.0990777777777777,1.0,776925.3149498819,1.9e-06,0.12776,3.4543450254651007,0.0310955663968227,0.5908087004578146,0.2388781404825437,1058.2937368928708,276.8476030228768
753,0.011,0.0124999999999999,400000.0,0.000127,1.0,20.0,325.0,0.0037169189382363,2122.951816957814,291.5053062825179,145.26094843729786,0.0,0.0011942248545393,1.1166432140313538,0.2540499226608802,50.8,1.6941639440200003e-08,2.6929331636815197e-09,579.197474901818,2.5994172068777,0.0002980744573119,0.00148,6.65847e-07,0.0154111111111111,0.01157,6.76e-06,0.0805555555555555,0.023,9e-06,0.0031111111111111,0.03605,0.0990777777777777,1.0,1025172.9438009564,1.9e-06,0.12776,3.3191127012458685,0.0482135821207761,0.6987832913704736,0.3273347612105896,1106.233091971313,316.30141866153434
754,0.011,0.0124999999999999,400000.0,0.000127,1.0,20.0,350.0,0.0051126880909919,2122.951816957814,291.5053062825179,158.34096656165494,0.0,0.0013017587988649,1.4485209804541177,0.3494501859440655,50.8,2.2097022363967933e-08,3.0677718960089117e-09,406.138492607997,2.105699428177528,0.0003800141889159,0.00148,6.65847e-07,0.0154111111111111,0.01157,6.76e-06,0.0805555555555555,0.023,9e-06,0.0031111111111111,0.03605,0.0990777777777777,1.0,1583286.6906222496,1.9e-06,0.12776,3.0912327945680698,0.0770591399280924,0.9352607945100524,0.4374956762714163,1238.1228621275827,429.77369448819434
755,0.011,0.0124999999999999,400000.0,0.000127,1.0,25.0,250.0,0.0026158430473007,2653.689771197268,220.5130739903045,125.1488416075276,0.0,0.0008231027472826,0.3804098567847617,0.1787918259457868,50.8,1.1961260423890186e-08,1.8216225380094398e-09,726.0075936932343,4.207508145529506,0.0001610651028503,0.00148,6.65847e-07,0.0154111111111111,0.01157,6.76e-06,0.0805555555555555,0.023,9e-06,0.0031111111111111,0.03605,0.0990777777777777,1.0,921346.634359834,1.9e-06,0.12776,3.479947339108018,0.0278547672015167,0.0378080308389746,0.2194454322653066,69.4532345918683,1.1283261366619577
756,0.011,0.0124999999999999,400000.0,0.000127,1.0,25.0,275.0,0.00340279704081,2653.689771197268,242.0128264794384,137.80441090660534,0.0,0.0009063383068346,0.6361106585042269,0.2325798166205512,50.8,1.5686175993167623e-08,2.542338613885077e-09,621.0803945586587,2.849734449648228,0.0002309980936547,0.00148,6.65847e-07,0.0154111111111111,0.01157,6.76e-06,0.0805555555555555,0.023,9e-06,0.0031111111111111,0.03605,0.0990777777777777,1.0,683107.7099359365,1.9e-06,0.12776,3.434479944052853,0.0336101336641958,0.2397208418836755,0.2533021531422181,421.2654498051445,7.954365405103401
757,0.011,0.0124999999999999,400000.0,0.000127,1.0,25.0,300.0,0.0044268929240499,2653.689771197268,265.6087782946687,149.60942994630952,0.0,0.0009839798053774,1.0737427425849768,0.302576360601643,50.8,1.954487738818307e-08,2.894461646134652e-09,484.5342767933429,2.329042547020226,0.0003098767910597,0.00148,6.65847e-07,0.0154111111111111,0.01157,6.76e-06,0.0805555555555555,0.023,9e-06,0.0031111111111111,0.03605,0.0990777777777777,1.0,952936.8768380332,1.9e-06,0.12776,3.303177053927673,0.0502307526673832,0.6073563819833339,0.3364225240019514,948.506658780166,192.59260662448824
758,0.011,0.0124999999999999,400000.0,0.000127,1.0,25.0,325.0,0.0058464080216657,2653.689771197268,291.5053062825179,154.06136878727932,0.0,0.0010132601650169,1.3583593027449803,0.3995996497176454,50.8,2.5031902086663002e-08,3.1369969040281203e-09,393.2367613470294,2.0725543640292714,0.0004245292550899,0.00148,6.65847e-07,0.0154111111111111,0.01157,6.76e-06,0.0805555555555555,0.023,9e-06,0.0031111111111111,0.03605,0.0990777777777777,1.0,1735079.805127169,1.9e-06,0.12776,3.1334622313824525,0.0717136415971579,0.794949653027335,0.4198901903831956,1085.3129425873278,298.9280720269662
759,0.011,0.0124999999999999,400000.0,0.000127,1.0,25.0,350.0,0.0080389208779103,2653.689771197268,291.5053062825179,171.67357241601056,0.0,0.0011290954616629,1.736158915747571,0.5494570264368231,50.8,3.380195351164151e-08,3.6146724708731e-09,342.60316488358484,1.904436299339504,0.0005617021875833,0.00148,6.65847e-07,0.0154111111111111,0.01157,6.76e-06,0.0805555555555555,0.023,9e-06,0.0031111111111111,0.03605,0.0990777777777777,1.0,1841901.5921611213,1.9e-06,0.12776,3.523164149908876,0.0223842848216612,1.022891889310748,0.1842903400667647,1963.678969617063,1065.3869636322715
760,0.011,0.0124999999999999,400000.0,0.000127,1.0,30.0,275.0,0.0049441809183413,3184.427725436721,242.0128264794384,138.90609628751258,0.0,0.0007613200676353,0.6151298239001377,0.3379327880962652,50.8,2.1441600033918355e-08,3.041295567607592e-09,415.5625442211506,2.1320472087408446,0.0003079251453013,0.00148,6.65847e-07,0.0154111111111111,0.01157,6.76e-06,0.0805555555555555,0.023,9e-06,0.0031111111111111,0.03605,0.0990777777777777,1.0,966570.1153108394,1.9e-06,0.12776,3.306277402750005,0.0498383034493664,0.1133870358038725,0.3346737507371501,177.54285880991637,2.8843394064160512
761,0.011,0.0124999999999999,400000.0,0.000127,1.0,30.0,300.0,0.0064290152144607,3184.427725436721,265.6087782946687,151.4833600856666,0.0,0.0008302538551464,1.0705315798931736,0.4394206183023057,50.8,2.7362330857842963e-08,3.191964727453941e-09,382.9921964689224,2.046235666701951,0.0004194200459703,0.00148,6.65847e-07,0.0154111111111111,0.01157,6.76e-06,0.0805555555555555,0.023,9e-06,0.0031111111111111,0.03605,0.0990777777777777,1.0,1769582.526861274,1.9e-06,0.12776,3.1397838626753507,0.070913435104386,0.4673009615908678,0.4171594160784212,640.9905219938288,36.64959254412531
762,0.011,0.0124999999999999,400000.0,0.000127,1.0,30.0,325.0,0.0084866740927218,3184.427725436721,291.5053062825179,160.09324647440212,0.0,0.0008774431395838,1.4832894416738358,0.5800607795679005,50.8,3.5592966370887354e-08,3.881920245678327e-09,324.6930362911265,1.8268209660712256,0.0005923172159667,0.00148,6.65847e-07,0.0154111111111111,0.01157,6.76e-06,0.0805555555555555,0.023,9e-06,0.0031111111111111,0.03605,0.0990777777777777,1.0,1719550.306423679,1.9e-06,0.12776,3.5114126729745365,0.023871813547527,0.7394186621059352,0.1941593566127931,1402.3122366405505,575.519914676452
763,0.011,0.0124999999999999,400000.0,0.000127,1.0,35.0,300.0,0.0088374936073884,3715.165679676175,265.6087782946687,153.26846388852948,0.0,0.0007200323121422,1.1344736717497577,0.6040391530675605,50.8,3.699624442955397e-08,4.091311784480325e-09,310.6602557044603,1.7660085081208494,0.0005618789208843,0.00148,6.65847e-07,0.0154111111111111,0.01157,6.76e-06,0.0805555555555555,0.023,9e-06,0.0031111111111111,0.03605,0.0990777777777777,1.0,1841237.4797716995,1.9e-06,0.12776,3.523104208281404,0.0223918723694425,0.3666245186821971,0.184341293008614,703.7770993383456,56.443310476007
764,0.011,0.0124999999999999,450000.0,0.000127,1.0,20.0,250.0,0.001312385253786,1887.06828174028,220.5130739903045,123.48519266548038,0.0,0.0011421013274011,0.3712606503082855,0.0897010071421732,57.15,5.7958110151440975e-09,9.056480503670779e-10,1120.6888477283856,8.598735676153542,9.180187351388568e-05,0.00148,6.65847e-07,0.0154111111111111,0.01157,6.76e-06,0.0805555555555555,0.023,9e-06,0.0031111111111111,0.03605,0.0990777777777777,1.0,330338.6564687957,1.9e-06,0.12776,3.5579265882097544,0.0179839761759804,0.1177496431661122,0.1536281113905443,234.5448916525521,3.8113250618458037
765,0.011,0.0124999999999999,450000.0,0.000127,1.0,20.0,275.0,0.0017079864952893,1887.06828174028,242.0128264794384,136.87673155960962,0.0,0.0012659582370175,0.5645582232530428,0.1167401937584307,57.15,7.586202476446882e-09,1.1335936524008462e-09,924.9254018842494,6.830291916074003,0.0001280551896432,0.00148,6.65847e-07,0.0154111111111111,0.01157,6.76e-06,0.0805555555555555,0.023,9e-06,0.0031111111111111,0.03605,0.0990777777777777,1.0,742275.2337565692,1.9e-06,0.12776,3.4467186668833967,0.032060928242608,0.284008029494612,0.2444810477055043,504.9880839496877,13.29378517766102
766,0.011,0.0124999999999999,450000.0,0.000127,1.0,20.0,300.0,0.0022229221882267,1887.06828174028,265.6087782946687,147.34625687306786,0.0,0.001362789755839,0.9567766293283928,0.1519358423964203,57.15,1.0101435024273098e-08,1.461773827643668e-09,778.3970415697719,4.885435459469084,0.0001831334286797,0.00148,6.65847e-07,0.0154111111111111,0.01157,6.76e-06,0.0805555555555555,0.023,9e-06,0.0031111111111111,0.03605,0.0990777777777777,1.0,991324.539573688,1.9e-06,0.12776,3.3105295218239723,0.0493000605286111,0.6410307869319725,0.3322602693996005,1007.375197936212,236.54286423381657
767,0.011,0.0124999999999999,450000.0,0.000127,1.0,20.0,325.0,0.0029368248400879,1887.06828174028,291.5053062825179,145.26094843729797,0.0,0.0013435029613568,1.1578339794085375,0.2007308030900782,57.15,1.3480574243083165e-08,2.115587293297786e-09,683.2100213216011,3.653701139404715,0.0002679172211587,0.00148,6.65847e-07,0.0154111111111111,0.01157,6.76e-06,0.0805555555555555,0.023,9e-06,0.0031111111111111,0.03605,0.0990777777777777,1.0,1178257.389281208,1.9e-06,0.12776,3.178701868259115,0.0659871052836563,0.7932931763184592,0.3997646504804851,1120.625332649286,328.3783940576247
768,0.011,0.0124999999999999,450000.0,0.000127,1.0,20.0,350.0,0.0040396547879442,1887.06828174028,291.5053062825179,158.34096656165508,0.0,0.001464478648723,1.463909193790784,0.2761087888940763,57.15,1.812500422246236e-08,2.7845428104072767e-09,536.1660282740961,2.476511864805767,0.0003565934281694,0.00148,6.65847e-07,0.0154111111111111,0.01157,6.76e-06,0.0805555555555555,0.023,9e-06,0.0031111111111111,0.03605,0.0990777777777777,1.0,1401232.6941841925,1.9e-06,0.12776,3.0904888590854767,0.0771533089765219,1.0239904048967077,0.437796250352179,1354.8610994811706,533.2202787806522
769,0.011,0.0124999999999999,450000.0,0.000127,1.0,25.0,250.0,0.0020668389509536,2358.8353521753497,220.5130739903045,125.1488416075276,0.0,0.0009259905906929,0.3678415417596404,0.1412676155621033,57.15,9.362641034514062e-09,1.3188281164519043e-09,799.2081398728433,5.154734193175574,0.0001419943938441,0.00148,6.65847e-07,0.0154111111111111,0.01157,6.76e-06,0.0805555555555555,0.023,9e-06,0.0031111111111111,0.03605,0.0990777777777777,1.0,694818.7823692205,1.9e-06,0.12776,3.436498136815914,0.0333546662258336,0.0627639261975369,0.2518617433725236,110.50886410083685,1.7953093247967913
770,0.011,0.0124999999999999,450000.0,0.000127,1.0,25.0,275.0,0.00268862976064,2358.8353521753497,242.0128264794384,137.8044109066053,0.0,0.001019630595189,0.6523928490530555,0.1837667686878429,57.15,1.2305784200362896e-08,1.888282793686975e-09,716.3026985813269,4.081925347047159,0.0002039499460253,0.00148,6.65847e-07,0.0154111111111111,0.01157,6.76e-06,0.0805555555555555,0.023,9e-06,0.0031111111111111,0.03605,0.0990777777777777,1.0,885876.748772551,1.9e-06,0.12776,3.286013561197888,0.0524033466838116,0.3048160803652124,0.3459397787682742,469.2029777512568,10.453570902414777
771,0.011,0.0124999999999999,450000.0,0.000127,1.0,25.0,300.0,0.00349779193999,2358.8353521753497,265.6087782946687,149.6094299463095,0.0,0.0011069772810496,1.093744173776079,0.2390726799815451,57.15,1.6135818515952992e-08,2.629337792401104e-09,608.4144080013243,2.6858346836983364,0.0002928006351456,0.00148,6.65847e-07,0.0154111111111111,0.01157,6.76e-06,0.0805555555555555,0.023,9e-06,0.0031111111111111,0.03605,0.0990777777777777,1.0,1249959.942987734,1.9e-06,0.12776,3.0247519486113217,0.0854744368846428,0.6908614937945335,0.4631450077203954,872.8771642846611,141.4917540872196
772,0.011,0.0124999999999999,450000.0,0.000127,1.0,25.0,325.0,0.004619384115884,2358.8353521753497,291.5053062825179,154.06136878727938,0.0,0.0011399176856441,1.3854878034710056,0.3157330565670285,57.15,2.0250678424908192e-08,2.949100912574074e-09,458.8687845487931,2.255737409708649,0.0003947697076188,0.00148,6.65847e-07,0.0154111111111111,0.01157,6.76e-06,0.0805555555555555,0.023,9e-06,0.0031111111111111,0.03605,0.0990777777777777,1.0,1758400.9277659487,1.9e-06,0.12776,3.5015621065238065,0.025118720693189,0.9059447469039772,0.2022498299262523,1700.8803549261474,839.5140041319814
773,0.011,0.0124999999999999,450000.0,0.000127,1.0,25.0,350.0,0.0063517399529168,2358.8353521753497,291.5053062825179,171.6735724160109,0.0,0.0012702323943708,1.731481532728262,0.4341388850858849,57.15,2.7053229811667367e-08,3.184673961077798e-09,384.3510046679103,2.049726499366934,0.0005120862108469,0.00148,6.65847e-07,0.0154111111111111,0.01157,6.76e-06,0.0805555555555555,0.023,9e-06,0.0031111111111111,0.03605,0.0990777777777777,1.0,2079996.0415590636,1.9e-06,0.12776,3.4726334462809167,0.0287805764201371,1.133532647642377,0.2250973477696033,2067.2182430306725,1152.5998387141738
774,0.011,0.0124999999999999,450000.0,0.000127,1.0,30.0,275.0,0.0039065133181956,2830.602422610419,242.0128264794384,138.90609628751258,0.0,0.0008564850760897,0.6115858362627876,0.2670086226933453,57.15,1.7636818833384053e-08,2.746750160414229e-09,553.91822424058,2.5272152431203385,0.0002896989729533,0.00148,6.65847e-07,0.0154111111111111,0.01157,6.76e-06,0.0805555555555555,0.023,9e-06,0.0031111111111111,0.03605,0.0990777777777777,1.0,1339073.1816184474,1.9e-06,0.12776,3.0463434974003345,0.0827413294429956,0.1807672135694422,0.4550749957347839,231.8256832723375,3.766990760855184
775,0.011,0.0124999999999999,450000.0,0.000127,1.0,30.0,300.0,0.005079715725006,2830.602422610419,265.6087782946687,151.48336008566648,0.0,0.0009340355870397,1.0790686809557182,0.347196537917871,57.15,2.1965132900024054e-08,3.0646610192228676e-09,406.7182786914942,2.107188921838578,0.0003879437672587,0.00148,6.65847e-07,0.0154111111111111,0.01157,6.76e-06,0.0805555555555555,0.023,9e-06,0.0031111111111111,0.03605,0.0990777777777777,1.0,1782843.0778702523,1.9e-06,0.12776,3.5040624693580256,0.0248022190686043,0.5680621430378472,0.2002116540199824,1069.2421438119793,285.7428374205236
776,0.011,0.0124999999999999,450000.0,0.000127,1.0,30.0,325.0,0.0067055202707925,2830.602422610419,291.5053062825179,160.093246474402,0.0,0.0009871235320318,1.4927165695084146,0.4583196283005633,57.15,2.846835108317025e-08,3.218052426508737e-09,378.13013155838354,2.033744827287217,0.0005362329194595,0.00148,6.65847e-07,0.0154111111111111,0.01157,6.76e-06,0.0805555555555555,0.023,9e-06,0.0031111111111111,0.03605,0.0990777777777777,1.0,1975096.4935327263,1.9e-06,0.12776,3.461428973908872,0.0301988640621681,0.8705869412078512,0.2335987664311127,1570.2669575259756,724.8016174514274
777,0.011,0.0124999999999999,450000.0,0.000127,1.0,35.0,275.0,0.0053730516213826,3302.369493045489,242.0128264794384,140.187786773042,0.0,0.0007409039041288,0.6357526534779737,0.3672459291008563,57.15,2.3138476485530652e-08,3.0923366743742113e-09,401.5602602896073,2.09393776605566,0.0003706005770894,0.00148,6.65847e-07,0.0154111111111111,0.01157,6.76e-06,0.0805555555555555,0.023,9e-06,0.0031111111111111,0.03605,0.0990777777777777,1.0,1028499.7259225374,1.9e-06,0.12776,3.482982473565705,0.0274705729663664,0.1046967243771173,0.2170757090458377,192.9114522477513,3.134041677818479
778,0.011,0.0124999999999999,450000.0,0.000127,1.0,35.0,300.0,0.0069827109984304,3302.369493045489,265.6087782946687,153.26846388852942,0.0,0.00081003635116,1.1131305866241266,0.477265503658319,57.15,2.9577113993721644e-08,3.244204817279912e-09,373.2560098035997,2.0212230133569045,0.0005062778664426,0.00148,6.65847e-07,0.0154111111111111,0.01157,6.76e-06,0.0805555555555555,0.023,9e-06,0.0031111111111111,0.03605,0.0990777777777777,1.0,2103566.247402137,1.9e-06,0.12776,3.4750125353611305,0.0284794259036543,0.4720550829658074,0.2232678757585527,862.9171373697118,135.29093405388943
779,0.011,0.0124999999999999,500000.0,0.000127,1.0,20.0,250.0,0.0010630320555666,1698.3614535662512,220.5130739903045,123.48519266548035,0.0,0.0012690014748901,0.3501529684722876,0.0726578157851603,63.5,4.798398222266718e-09,7.200946107973335e-10,1270.300766659992,9.472155097684368,8.538605321972004e-05,0.00148,6.65847e-07,0.0154111111111111,0.01157,6.76e-06,0.0805555555555555,0.023,9e-06,0.0031111111111111,0.03605,0.0990777777777777,1.0,636526.4647085308,1.9e-06,0.12776,3.422357956949382,0.0351445624114706,0.1136851526871272,0.2618383971097373,197.4969297803195,3.208554724137029
780,0.011,0.0124999999999999,500000.0,0.000127,1.0,20.0,275.0,0.0013834690611843,1698.3614535662512,242.0128264794384,136.87673155960957,0.0,0.0014066202633528,0.5803419840353514,0.0945595569443289,63.5,6.0801462447375795e-09,9.585442837206943e-10,1078.038563289363,8.349747580626973,0.0001164144951643,0.00148,6.65847e-07,0.0154111111111111,0.01157,6.76e-06,0.0805555555555555,0.023,9e-06,0.0031111111111111,0.03605,0.0990777777777777,1.0,479759.2068307399,1.9e-06,0.12776,3.3784926216058917,0.0406971365055833,0.3219724270910223,0.2911619492971351,537.1194170540908,16.803384183646756
781,0.011,0.0124999999999999,500000.0,0.000127,1.0,20.0,300.0,0.0018005669724636,1698.3614535662512,265.6087782946687,147.34625687306803,0.0,0.0015142108398211,0.958330632054773,0.1230680323411005,63.5,8.049104862318181e-09,1.1729135994420031e-09,887.8932110145454,6.335631649117618,0.0001639165866976,0.00148,6.65847e-07,0.0154111111111111,0.01157,6.76e-06,0.0805555555555555,0.023,9e-06,0.0031111111111111,0.03605,0.0990777777777777,1.0,738926.8292862027,1.9e-06,0.12776,3.250203361973163,0.0569362832945363,0.6714525997136724,0.3649432807735568,1003.5361549097286,233.58308928039753
782,0.011,0.0124999999999999,500000.0,0.000127,1.0,20.0,325.0,0.0023788281204712,1698.3614535662512,291.5053062825179,145.26094843729797,0.0,0.0014927810681742,1.1440087768963705,0.1625919505029633,63.5,1.0839389770230692e-08,1.604557157571206e-09,757.6095839371636,4.616442639584488,0.0002390535503978,0.00148,6.65847e-07,0.0154111111111111,0.01157,6.76e-06,0.0805555555555555,0.023,9e-06,0.0031111111111111,0.03605,0.0990777777777777,1.0,1131572.8001839332,1.9e-06,0.12776,3.4896175036856016,0.0266306957359998,0.8176068263934072,0.2118448740297616,1516.5661625631649,677.2323140535882
783,0.011,0.0124999999999999,500000.0,0.000127,1.0,20.0,350.0,0.0032721203782348,1698.3614535662512,291.5053062825179,158.34096656165508,0.0,0.0016271984985811,1.5099875297930954,0.2236481190042016,63.5,1.5067639790311694e-08,2.422661005998836e-09,638.5039495686847,3.075197865011215,0.0003328532741651,0.00148,6.65847e-07,0.0154111111111111,0.01157,6.76e-06,0.0805555555555555,0.023,9e-06,0.0031111111111111,0.03605,0.0990777777777777,1.0,1372156.0187693834,1.9e-06,0.12776,3.437644486209649,0.0332095587076393,1.1225294107888937,0.2510411018162745,1978.613017292966,1078.025094247642
784,0.011,0.0124999999999999,500000.0,0.000127,1.0,25.0,250.0,0.0016741395502724,2122.951816957814,220.5130739903045,125.14884160752752,0.0,0.0010288784341032,0.3894527749866528,0.1144267686053036,63.5,7.4169677513623805e-09,1.1192184825357735e-09,938.4641798910096,7.011137158707651,0.0001277329308482,0.00148,6.65847e-07,0.0154111111111111,0.01157,6.76e-06,0.0805555555555555,0.023,9e-06,0.0031111111111111,0.03605,0.0990777777777777,1.0,560051.712191207,1.9e-06,0.12776,3.4045554109150364,0.0373980492512612,0.1112160063813491,0.2740269105920404,190.0172231117313,3.0870142613973077
785,0.011,0.0124999999999999,500000.0,0.000127,1.0,25.0,275.0,0.0021777901061184,2122.951816957814,242.0128264794384,137.80441090660534,0.0,0.0011329228835433,0.6058715372097964,0.1488510826371528,63.5,9.887809835627276e-09,1.4204405128864491e-09,784.4146525175415,4.9633042477748655,0.0001821011597735,0.00148,6.65847e-07,0.0154111111111111,0.01157,6.76e-06,0.0805555555555555,0.023,9e-06,0.0031111111111111,0.03605,0.0990777777777777,1.0,906838.7297386642,1.9e-06,0.12776,3.3067882815932905,0.0497736352413556,0.2932104545726435,0.3343847010371191,459.312109315106,9.831995435781764
786,0.011,0.0124999999999999,500000.0,0.000127,1.0,25.0,300.0,0.0028332114713919,2122.951816957814,265.6087782946687,149.6094299463096,0.0,0.0012299747567218,1.034292513396046,0.1936488707850516,63.5,1.2990137631255256e-08,2.020695061844894e-09,697.0251371477393,3.8324708104623184,0.0002618770776734,0.00148,6.65847e-07,0.0154111111111111,0.01157,6.76e-06,0.0805555555555555,0.023,9e-06,0.0031111111111111,0.03605,0.0990777777777777,1.0,1028853.46340664,1.9e-06,0.12776,3.4721702880723213,0.0288392040414783,0.6768336426109944,0.2254525054556674,1233.772652533236,425.95392114082944
787,0.011,0.0124999999999999,500000.0,0.000127,1.0,25.0,325.0,0.003741701133866,2122.951816957814,291.5053062825179,154.06136878727918,0.0,0.0012665752062712,1.3909674728779091,0.2557437758192931,63.5,1.7032507490842298e-08,2.699967672518333e-09,575.8931821511893,2.589979568530673,0.0003744071240837,0.00148,6.65847e-07,0.0154111111111111,0.01157,6.76e-06,0.0805555555555555,0.023,9e-06,0.0031111111111111,0.03605,0.0990777777777777,1.0,1848081.970245306,1.9e-06,0.12776,3.429874029493387,0.0341931608236218,0.971413697058616,0.2565687702244695,1699.6135005366175,838.4088938330265
788,0.011,0.0124999999999999,500000.0,0.000127,1.0,30.0,275.0,0.0031642757877384,2547.542180349377,242.0128264794384,138.90609628751258,0.0,0.0009516500845441,0.6334796091022359,0.2162769843816098,63.5,1.4557175395295456e-08,2.323893694684529e-09,652.8832283015364,3.2612678887061266,0.0002680125631181,0.00148,6.65847e-07,0.0154111111111111,0.01157,6.76e-06,0.0805555555555555,0.023,9e-06,0.0031111111111111,0.03605,0.0990777777777777,1.0,995562.368454646,1.9e-06,0.12776,3.465914326806033,0.029631097872654,0.2533926247206259,0.2302179839806149,459.0572802895328,9.816799941598303
789,0.011,0.0124999999999999,500000.0,0.000127,1.0,30.0,300.0,0.0041145697372548,2547.542180349377,265.6087782946687,151.48336008566653,0.0,0.001037817318933,1.0705315798931736,0.2812291957134756,63.5,1.8399692369934533e-08,2.805807668485586e-09,526.1773683660169,2.447982504092809,0.0003665252126666,0.00148,6.65847e-07,0.0154111111111111,0.01157,6.76e-06,0.0805555555555555,0.023,9e-06,0.0031111111111111,0.03605,0.0990777777777777,1.0,1883185.4637749544,1.9e-06,0.12776,3.434413042147718,0.0336186022597825,0.625492384179698,0.2533498069070661,1099.1180917388774,310.367567283819
790,0.011,0.0124999999999999,500000.0,0.000127,1.0,35.0,275.0,0.0043521718133199,2972.13254374094,242.0128264794384,140.18778677304195,0.0,0.0008232265601431,0.6526004616946728,0.2974692025716935,63.5,1.9270899982173165e-08,2.87325180978358e-09,494.4970915573395,2.357498089478784,0.0003489571961243,0.00148,6.65847e-07,0.0154111111111111,0.01157,6.76e-06,0.0805555555555555,0.023,9e-06,0.0031111111111111,0.03605,0.0990777777777777,1.0,1271527.3561678785,1.9e-06,0.12776,3.420042839636027,0.0354376152359459,0.1913212591229791,0.2634465427486838,331.64438694428634,5.484859659832918
791,0.011,0.0124999999999999,500000.0,0.000127,1.0,40.0,275.0,0.0057522786409101,3396.7229071325023,242.0128264794384,141.64954793171188,0.0,0.0007278341692749,0.699913190560465,0.393165944194749,63.5,2.4655384563640408e-08,3.128115985212586e-09,394.8919323782368,2.076806564675527,0.000435650161577,0.00148,6.65847e-07,0.0154111111111111,0.01157,6.76e-06,0.0805555555555555,0.023,9e-06,0.0031111111111111,0.03605,0.0990777777777777,1.0,1386655.211289234,1.9e-06,0.12776,3.352998508762529,0.0439242393971482,0.1429372463657157,0.3071581804571213,233.06907547911604,3.7872600250065123
792,0.011,0.0124999999999999,550000.0,0.000127,1.0,20.0,275.0,0.0011433628604829,1543.9649577875011,242.0128264794384,136.87673155960957,0.0,0.001547282289688,0.5745551509655004,0.0781483941688668,69.85,5.119721441931884e-09,7.798718956369371e-10,1222.1022837102173,9.19077717407188,0.0001087228218646,0.00148,6.65847e-07,0.0154111111111111,0.01157,6.76e-06,0.0805555555555555,0.023,9e-06,0.0031111111111111,0.03605,0.0990777777777777,1.0,486983.3721214712,1.9e-06,0.12776,3.387638933386571,0.0395393755206872,0.3325967567966332,0.2852415778266102,559.4772609718017,19.890271623912927
793,0.011,0.0124999999999999,550000.0,0.000127,1.0,20.0,300.0,0.0014880718780691,1543.9649577875011,265.6087782946687,147.34625687306797,0.0,0.0016656319238032,0.9582007379927814,0.1017091176372731,69.85,6.498557512276482e-09,1.0363833192744774e-09,1015.2768731585276,7.983351109812168,0.0001490070030281,0.00148,6.65847e-07,0.0154111111111111,0.01157,6.76e-06,0.0805555555555555,0.023,9e-06,0.0031111111111111,0.03605,0.0990777777777777,1.0,546425.7084563274,1.9e-06,0.12776,3.4794775104051574,0.0279142391892206,0.6926816203555082,0.2198109759645343,1271.8580671360933,459.50654710950033
794,0.011,0.0124999999999999,550000.0,0.000127,1.0,20.0,325.0,0.001965973653282,1543.9649577875011,291.5053062825179,145.26094843729788,0.0,0.0016420591749916,1.1914423159854373,0.1343735128123663,69.85,8.876138266410221e-09,1.2431636362590703e-09,821.7305386871823,5.451858791304439,0.0002153850754484,0.00148,6.65847e-07,0.0154111111111111,0.01157,6.76e-06,0.0805555555555555,0.023,9e-06,0.0031111111111111,0.03605,0.0990777777777777,1.0,1338863.4852143778,1.9e-06,0.12776,3.419083790953941,0.0355590138032985,0.8932588031730709,0.2641106742497311,1547.01653963048,704.2309775138849
795,0.011,0.0124999999999999,550000.0,0.000127,1.0,20.0,350.0,0.0027042317175494,1543.9649577875011,291.5053062825179,158.3409665616549,0.0,0.0017899183484392,1.4397626402503327,0.1848331562018196,69.85,1.2379633463067514e-08,1.902571533883336e-09,714.22243766007,4.055006458686956,0.0003005836711555,0.00148,6.65847e-07,0.0154111111111111,0.01157,6.76e-06,0.0805555555555555,0.023,9e-06,0.0031111111111111,0.03605,0.0990777777777777,1.0,1340299.7835643564,1.9e-06,0.12776,3.3254193730845607,0.0474152692298024,1.091119484048513,0.3236690764398462,1736.7475883548111,870.7376184756603
796,0.011,0.0124999999999999,550000.0,0.000127,1.0,25.0,250.0,0.0013835864051838,1929.9561972343763,220.5130739903045,125.14884160752752,0.0,0.0011317662775135,0.381866496784099,0.094567577359755,69.85,6.080615620735456e-09,9.586316039671151e-10,1077.9681568896815,8.349336555106273,0.0001174221173442,0.00148,6.65847e-07,0.0154111111111111,0.01157,6.76e-06,0.0805555555555555,0.023,9e-06,0.0031111111111111,0.03605,0.0990777777777777,1.0,809356.2252060353,1.9e-06,0.12776,3.279531470277836,0.0532238645217929,0.123488919424344,0.349463497032448,189.06224462352347,3.0714975522800536
797,0.011,0.0124999999999999,550000.0,0.000127,1.0,25.0,275.0,0.0017998265339821,1929.9561972343763,242.0128264794384,137.8044109066053,0.0,0.0012462151718976,0.6364818304800227,0.1230174236670684,69.85,8.045402669910903e-09,1.172599127074106e-09,888.1893864071277,6.339587834137189,0.0001649297846281,0.00148,6.65847e-07,0.0154111111111111,0.01157,6.76e-06,0.0805555555555555,0.023,9e-06,0.0031111111111111,0.03605,0.0990777777777777,1.0,1041612.4347418738,1.9e-06,0.12776,3.46493247690205,0.0297553826706266,0.3496544068129542,0.2309605893937779,632.8382941241728,34.54129260005018
798,0.011,0.0124999999999999,550000.0,0.000127,1.0,25.0,300.0,0.002341497083795,1929.9561972343763,265.6087782946687,149.60942994630955,0.0,0.001352972232394,1.0444240754676266,0.1600403890785549,69.85,1.0662689529963016e-08,1.5703682742519774e-09,762.5870554939996,4.680851868150679,0.0002363149188786,0.00148,6.65847e-07,0.0154111111111111,0.01157,6.76e-06,0.0805555555555555,0.023,9e-06,0.0031111111111111,0.03605,0.0990777777777777,1.0,1228995.549514296,1.9e-06,0.12776,3.3984210429540256,0.0381745515248069,0.7205736863890717,0.278134088643755,1224.165345036917,417.531430799786
799,0.011,0.0124999999999999,550000.0,0.000127,1.0,30.0,250.0,0.0020114243937859,2315.9474366812515,220.5130739903045,126.6373995051883,0.0,0.0009543565378565,0.3817547153584425,0.1374800527455123,69.85,9.100345463920178e-09,1.2680778025609894e-09,806.5967474952063,5.250343884100094,0.0001687118629869,0.00148,6.65847e-07,0.0154111111111111,0.01157,6.76e-06,0.0805555555555555,0.023,9e-06,0.0031111111111111,0.03605,0.0990777777777777,1.0,1025951.8650482215,1.9e-06,0.12776,3.462020996283446,0.0301239245210828,0.08046466261293,0.2331542385672459,145.21730230884904,2.3591771307908163
800,0.011,0.0124999999999999,550000.0,0.000127,1.0,30.0,275.0,0.0026151039568086,2315.9474366812515,242.0128264794384,138.90609628751255,0.0,0.0010468150929986,0.6500087959653954,0.178741309406289,69.85,1.1957762062227648e-08,1.8209456567640727e-09,726.106139092179,4.20878333777366,0.000242227255881,0.00148,6.65847e-07,0.0154111111111111,0.01157,6.76e-06,0.0805555555555555,0.023,9e-06,0.0031111111111111,0.03605,0.0990777777777777,1.0,1190662.556040627,1.9e-06,0.12776,3.3905301694421333,0.0391733962731476,0.3074574865591063,0.2833494655077432,518.5583719618062,14.652812127045749
801,0.011,0.0124999999999999,550000.0,0.000127,1.0,35.0,250.0,0.0027682978881439,2701.938676128126,220.5130739903045,128.134488548477,0.0,0.0008276904025573,0.3893315813396375,0.1892120533354804,69.85,1.2682880003881141e-08,1.961245254898831e-09,705.6802815808129,3.944469677697956,0.0002347654407522,0.00148,6.65847e-07,0.0154111111111111,0.01157,6.76e-06,0.0805555555555555,0.023,9e-06,0.0031111111111111,0.03605,0.0990777777777777,1.0,1238300.1520496858,1.9e-06,0.12776,3.400280193533366,0.0379392160084346,0.0363095280041569,0.276894237423069,61.79133447398654,1.0038521332508694
802,0.011,0.0124999999999999,600000.0,0.000127,1.0,20.0,300.0,0.0012503937308775,1415.3012113052096,265.6087782946687,147.34625687306786,0.0,0.0018170530077853,0.9839005224497216,0.0854639113479865,76.2,5.5478449235101005e-09,8.595177405014704e-10,1157.8837614734848,8.815875863106058,0.0001396171379069,0.00148,6.65847e-07,0.0154111111111111,0.01157,6.76e-06,0.0805555555555555,0.023,9e-06,0.0031111111111111,0.03605,0.0990777777777777,1.0,757694.7803642581,1.9e-06,0.12776,3.389857574953317,0.0392585348160357,0.734626611101735,0.2837905252781145,1238.2600648531952,429.8942264765318
803,0.011,0.0124999999999999,600000.0,0.000127,1.0,25.0,250.0,0.0011625969099114,1769.126514131512,220.5130739903045,125.14884160752756,0.0,0.0012346541209239,0.3757375113144007,0.0794630337536831,76.2,5.196657639645771e-09,7.941847019445911e-10,1210.5618540531343,9.123405299776794,0.00011042402507,0.00148,6.65847e-07,0.0154111111111111,0.01157,6.76e-06,0.0805555555555555,0.023,9e-06,0.0031111111111111,0.03605,0.0990777777777777,1.0,437230.4290483293,1.9e-06,0.12776,3.4381736926528834,0.0331425705502679,0.1324644775607175,0.2506616490529846,233.60521824777,3.7960016150896654
804,0.011,0.0124999999999999,600000.0,0.000127,1.0,25.0,275.0,0.00151235424036,1769.126514131512,242.0128264794384,137.8044109066054,0.0,0.001359507460252,0.6253367675590807,0.1033688073869117,76.2,6.608041201800137e-09,1.0505064817775476e-09,1003.1783038559888,7.875560923129163,0.000151170093165,0.00148,6.65847e-07,0.0154111111111111,0.01157,6.76e-06,0.0805555555555555,0.023,9e-06,0.0031111111111111,0.03605,0.0990777777777777,1.0,1131058.3490933075,1.9e-06,0.12776,3.364984384799736,0.0424070398987676,0.3581579601721689,0.299728554591039,590.2638337045486,25.137523373278828
805,0.011,0.0124999999999999,600000.0,0.000127,1.0,30.0,250.0,0.0016901552197784,2122.951816957814,220.5130739903045,126.63739950518828,0.0,0.0010411162231162,0.3757916838967007,0.1155214332097708,76.2,7.497046098892373e-09,1.1260205135473355e-09,932.05791208861,6.925564956067016,0.000154738977881,0.00148,6.65847e-07,0.0154111111111111,0.01157,6.76e-06,0.0805555555555555,0.023,9e-06,0.0031111111111111,0.03605,0.0990777777777777,1.0,1108584.5942249545,1.9e-06,0.12776,3.359708697420149,0.0430748484278292,0.0964602506869297,0.3030183091062038,158.2249271978088,2.5704974006401313
806,0.011,0.013,400000.0,0.000127,1.0,20.0,250.0,0.0019797389309566,2122.951816957814,220.5130739903045,121.47719856260558,0.0,0.0009986929821396,0.4125815804152886,0.1353143640353123,50.8,8.944964654783084e-09,1.2490099011055155e-09,816.2244276173533,5.378310499730867,0.0001207445319668,0.00148,6.65847e-07,0.0154111111111111,0.01157,6.76e-06,0.0805555555555555,0.023,9e-06,0.0031111111111111,0.03605,0.0990777777777777,1.0,390044.7877843335,1.9e-06,0.12776,3.571891848135626,0.016216221754984,0.1134572163799761,0.1406510470683782,229.459913135461,3.7284384206245598
807,0.011,0.013,400000.0,0.000127,1.0,20.0,275.0,0.0025693430561045,2122.951816957814,242.0128264794384,133.8364671299041,0.0,0.0011003014726925,0.5989139562795023,0.1756135701475239,50.8,1.1741160465561565e-08,1.7790364510722351e-09,732.2075925193926,4.287737060339818,0.0001729761261281,0.00148,6.65847e-07,0.0154111111111111,0.01157,6.76e-06,0.0805555555555555,0.023,9e-06,0.0031111111111111,0.03605,0.0990777777777777,1.0,887629.5278488812,1.9e-06,0.12776,3.474438507545317,0.0285520876524915,0.2594903861319781,0.223710081932908,474.0786164782036,10.783821216484002
808,0.011,0.013,400000.0,0.000127,1.0,20.0,300.0,0.0033375881993559,2122.951816957814,265.6087782946687,143.7433661718056,0.0,0.0011817484492855,0.8868932921219503,0.2281228183907009,50.8,1.5377520810284932e-08,2.482618400616179e-09,629.7749067525372,2.962242741613845,0.0002480449768446,0.00148,6.65847e-07,0.0154111111111111,0.01157,6.76e-06,0.0805555555555555,0.023,9e-06,0.0031111111111111,0.03605,0.0990777777777777,1.0,545613.95275892,1.9e-06,0.12776,3.399406381682002,0.038049825103544,0.4949604737312494,0.2774775049227296,841.6413033514552,122.50142381068568
809,0.011,0.013,400000.0,0.000127,1.0,20.0,325.0,0.0044040479711329,2122.951816957814,291.5053062825179,142.61574211658024,0.0,0.0011724779833563,0.9872741870386036,0.3010149172077467,50.8,1.946111256082071e-08,2.8879770300993167e-09,487.58027051561055,2.337742438139924,0.000338303436796,0.00148,6.65847e-07,0.0154111111111111,0.01157,6.76e-06,0.0805555555555555,0.023,9e-06,0.0031111111111111,0.03605,0.0990777777777777,1.0,1379102.562691303,1.9e-06,0.12776,3.215597301827224,0.0613167972370602,0.5224492698308569,0.3822872265560596,759.5141286938535,79.46504179505315
810,0.011,0.013,400000.0,0.000127,1.0,20.0,350.0,0.0060544848543677,2122.951816957814,291.5053062825179,155.78521171026,0.0,0.0012807473295162,1.4211462997376458,0.4138216180020969,50.8,2.5864209417471173e-08,3.1566285370398926e-09,389.5779383207967,2.063154701188789,0.0004371532975094,0.00148,6.65847e-07,0.0154111111111111,0.01157,6.76e-06,0.0805555555555555,0.023,9e-06,0.0031111111111111,0.03605,0.0990777777777777,1.0,1633528.495706997,1.9e-06,0.12776,3.1140718957008917,0.0741681144682416,0.843514681735549,0.4281089352636343,1135.30122321858,340.78824917628265
811,0.011,0.013,400000.0,0.000127,1.0,25.0,275.0,0.0040463760551969,2653.689771197268,242.0128264794384,134.77578754313183,0.0,0.0008864190796253,0.5799518787892329,0.2765681848222866,50.8,1.814964886905533e-08,2.7864506645211604e-09,535.2698593070787,2.473952249406396,0.0002643069453771,0.00148,6.65847e-07,0.0154111111111111,0.01157,6.76e-06,0.0805555555555555,0.023,9e-06,0.0031111111111111,0.03605,0.0990777777777777,1.0,1172735.9671481107,1.9e-06,0.12776,3.348223696960753,0.044528645954335,0.1395736939669462,0.3100741930416705,226.6267190914999,3.682289791322458
812,0.011,0.013,400000.0,0.000127,1.0,25.0,300.0,0.0052540729228263,2653.689771197268,265.6087782946687,145.99759112969969,0.0,0.0009602247756504,0.9999361443325452,0.3591137826460111,50.8,2.2662561691305362e-08,3.0811112721228197e-09,403.65238172502166,2.0993125097842427,0.0003544763541987,0.00148,6.65847e-07,0.0154111111111111,0.01157,6.76e-06,0.0805555555555555,0.023,9e-06,0.0031111111111111,0.03605,0.0990777777777777,1.0,1275133.688293944,1.9e-06,0.12776,3.19426316346554,0.0640173210803114,0.477012361686534,0.3925152964652459,681.9776299426743,48.84288645052693
813,0.011,0.013,400000.0,0.000127,1.0,25.0,325.0,0.0069301993056285,2653.689771197268,291.5053062825179,150.96430758957172,0.0,0.0009928908228194,1.298039416320517,0.4736763504599892,50.8,2.9367067222514204e-08,3.239250444087442e-09,374.1793754098275,2.023595176567536,0.0004902826386644,0.00148,6.65847e-07,0.0154111111111111,0.01157,6.76e-06,0.0805555555555555,0.023,9e-06,0.0031111111111111,0.03605,0.0990777777777777,1.0,1877967.0742879573,1.9e-06,0.12776,3.193116845904956,0.0641624245689929,0.6605530658605274,0.3930552869120616,943.5436450835224,189.0397930158086
814,0.011,0.013,400000.0,0.000127,1.0,25.0,350.0,0.0095236908882434,2653.689771197268,291.5053062825179,168.4737764820913,0.0,0.0011080504340772,1.892733959394954,0.6509404627350862,50.8,3.9741033552973904e-08,4.500878238320553e-09,283.212364470261,1.647060326668323,0.0006632080699971,0.00148,6.65847e-07,0.0154111111111111,0.01157,6.76e-06,0.0805555555555555,0.023,9e-06,0.0031111111111111,0.03605,0.0990777777777777,1.0,2406200.539468498,1.9e-06,0.12776,3.516879876167666,0.023179762510422,1.0779834966598678,0.1895978150368479,2055.9751630666715,1143.1749190623573
815,0.011,0.013,400000.0,0.000127,1.0,30.0,275.0,0.0058824713102709,3184.427725436721,242.0128264794384,135.90431927600912,0.0,0.0007448678517967,0.6102001627402561,0.4020645610684978,50.8,2.517615524108396e-08,3.140399403181447e-09,392.602624480195,2.0709252410298182,0.000355076461601,0.00148,6.65847e-07,0.0154111111111111,0.01157,6.76e-06,0.0805555555555555,0.023,9e-06,0.0031111111111111,0.03605,0.0990777777777777,1.0,1270476.568229407,1.9e-06,0.12776,3.193267372560213,0.0641433705619983,0.0443256016717582,0.3929844337847178,63.32272796371137,1.0287309068619808
816,0.011,0.013,400000.0,0.000127,1.0,30.0,300.0,0.0076343524463758,3184.427725436721,265.6087782946687,147.88801223155352,0.0,0.0008105483811274,0.9244263221463012,0.5218049359688114,50.8,3.2183679785503434e-08,3.37320013855368e-09,358.78590214496563,1.974565809535424,0.0004869810896532,0.00148,6.65847e-07,0.0154111111111111,0.01157,6.76e-06,0.0805555555555555,0.023,9e-06,0.0031111111111111,0.03605,0.0990777777777777,1.0,1898809.507985501,1.9e-06,0.12776,3.196639436451565,0.0637165270314475,0.2388113861774895,0.3913928506658473,342.05601179553594,5.694079293662178
817,0.011,0.013,400000.0,0.000127,1.0,30.0,325.0,0.0100650924445702,3184.427725436721,291.5053062825179,156.71348515073902,0.0,0.0008589192577076,1.5411585858605803,0.6879450425494004,50.8,4.210191711199192e-08,4.68804165791002e-09,264.16,1.5982363195674472,0.0007010306934189,0.00148,6.65847e-07,0.0154111111111111,0.01157,6.76e-06,0.0805555555555555,0.023,9e-06,0.0031111111111111,0.03605,0.0990777777777777,1.0,2264160.1660186136,1.9e-06,0.12776,3.5058478793659864,0.0245762178017738,0.6894035433111798,0.1987498882392605,1300.0102090787304,484.44009134841934
818,0.011,0.013,400000.0,0.000127,1.0,35.0,300.0,0.0105007739808137,3715.165679676175,265.6087782946687,149.70508504704526,0.0,0.0007032920914786,1.033152448698773,0.7177237012790265,50.8,4.515168786569616e-08,4.037935096788978e-09,264.16,1.824076200694608,0.000671206217973,0.00148,6.65847e-07,0.0154111111111111,0.01157,6.76e-06,0.0805555555555555,0.023,9e-06,0.0031111111111111,0.03605,0.0990777777777777,1.0,2377293.0266523277,1.9e-06,0.12776,3.514734904622648,0.0234512778958674,0.1516187474197466,0.1913936067403445,288.5328222481457,4.705446738417064
819,0.011,0.013,450000.0,0.000127,1.0,20.0,250.0,0.0015642381676694,1887.06828174028,220.5130739903045,121.47719856260564,0.0,0.0011235296049071,0.4055027472274758,0.1069150530649382,57.15,6.867460838347129e-09,1.0725421564290495e-09,982.4247329322296,7.5983435429972275,0.0001074472582878,0.00148,6.65847e-07,0.0154111111111111,0.01157,6.76e-06,0.0805555555555555,0.023,9e-06,0.0031111111111111,0.03605,0.0990777777777777,1.0,804455.5537030873,1.9e-06,0.12776,3.459031515006562,0.0305023398725871,0.1347776941625375,0.2353936732399723,242.5275378584437,3.941647427509028
820,0.011,0.013,450000.0,0.000127,1.0,20.0,275.0,0.002030098217169,1887.06828174028,242.0128264794384,133.8364671299041,0.0,0.0012378391567791,0.5885168337993142,0.1387564011042165,57.15,9.188734894600086e-09,1.2851798502299147e-09,804.1069043774623,5.2181249406800205,0.0001523070062203,0.00148,6.65847e-07,0.0154111111111111,0.01157,6.76e-06,0.0805555555555555,0.023,9e-06,0.0031111111111111,0.03605,0.0990777777777777,1.0,654803.1544978332,1.9e-06,0.12776,3.427266115026167,0.0345232765789661,0.2859504326950975,0.2584057195146194,499.0709352380534,12.753210324708911
821,0.011,0.013,450000.0,0.000127,1.0,20.0,300.0,0.002637106725417,1887.06828174028,265.6087782946687,143.74336617180575,0.0,0.0013294670054462,0.909666437673888,0.1802451898395662,57.15,1.2061908500307445e-08,1.841096452338711e-09,723.172436611058,4.170820787612582,0.0002188085218603,0.00148,6.65847e-07,0.0154111111111111,0.01157,6.76e-06,0.0805555555555555,0.023,9e-06,0.0031111111111111,0.03605,0.0990777777777777,1.0,736964.0274039622,1.9e-06,0.12776,3.24634107973755,0.0574251797800569,0.5656112478343216,0.3669271218650028,842.7075675450111,123.12721764288695
822,0.011,0.013,450000.0,0.000127,1.0,20.0,325.0,0.003479741606821,1887.06828174028,291.5053062825179,142.6157421165802,0.0,0.0013190377312759,1.0241136282278684,0.2378389469295776,57.15,1.6050380272286414e-08,2.6128067557749432e-09,610.8211190905237,2.716977886199239,0.0003191344308047,0.00148,6.65847e-07,0.0154111111111111,0.01157,6.76e-06,0.0805555555555555,0.023,9e-06,0.0031111111111111,0.03605,0.0990777777777777,1.0,1234126.0066320256,1.9e-06,0.12776,3.2129067857664664,0.0616573688903207,0.6224646812982908,0.3835960595328716,902.9948417578698,161.02595899240666
823,0.011,0.013,450000.0,0.000127,1.0,20.0,350.0,0.0047837905022165,1887.06828174028,291.5053062825179,155.78521171026014,0.0,0.0014408407457058,1.4015110715873882,0.3269701673102988,57.15,2.08535018414606e-08,2.9957682133558357e-09,436.9479330377961,2.193127621644228,0.0004055930528069,0.00148,6.65847e-07,0.0154111111111111,0.01157,6.76e-06,0.0805555555555555,0.023,9e-06,0.0031111111111111,0.03605,0.0990777777777777,1.0,1718487.852460919,1.9e-06,0.12776,3.4973435797673407,0.0256527114218556,0.9107309042770898,0.2056651231504271,1702.54599752163,840.966753443223
824,0.011,0.013,450000.0,0.000127,1.0,25.0,250.0,0.0024646029936871,2358.8353521753497,220.5130739903045,123.00874321810063,0.0,0.0009101557579744,0.3871363541210373,0.1684546287773196,57.15,1.1245390836785873e-08,1.683112359708508e-09,746.172934175046,4.4684506761652205,0.0001703999426302,0.00148,6.65847e-07,0.0154111111111111,0.01157,6.76e-06,0.0805555555555555,0.023,9e-06,0.0031111111111111,0.03605,0.0990777777777777,1.0,558506.9054867309,1.9e-06,0.12776,3.4024341850155517,0.037666558858791,0.0548717253437176,0.2754524230052688,93.56656219819844,1.5200673988220783
825,0.011,0.013,450000.0,0.000127,1.0,25.0,275.0,0.0031971366362049,2358.8353521753497,242.0128264794384,134.77578754313177,0.0,0.0009972214645785,0.6051096870015537,0.2185230102299549,57.15,1.4712716744703509e-08,2.353988645535594e-09,648.5017818393378,3.2045713142683074,0.0002437834006357,0.00148,6.65847e-07,0.0154111111111111,0.01157,6.76e-06,0.0805555555555555,0.023,9e-06,0.0031111111111111,0.03605,0.0990777777777777,1.0,844394.6459669998,1.9e-06,0.12776,3.2804778780025723,0.0531040660756237,0.2227766767715987,0.3489513908556629,341.3408653460307,5.679330204837755
826,0.011,0.013,450000.0,0.000127,1.0,25.0,300.0,0.0041513662600109,2358.8353521753497,265.6087782946687,145.99759112969952,0.0,0.0010802528726067,0.991277366200232,0.2837442233252433,57.15,1.8534612953373423e-08,2.816252484124971e-09,521.2711653318754,2.433969529641769,0.0003320805848736,0.00148,6.65847e-07,0.0154111111111111,0.01157,6.76e-06,0.0805555555555555,0.023,9e-06,0.0031111111111111,0.03605,0.0990777777777777,1.0,1660190.2472088754,1.9e-06,0.12776,3.145619798881147,0.0701747090023865,0.5437231428749886,0.4146155269998121,749.0730389104017,74.76080624055683
827,0.011,0.013,450000.0,0.000127,1.0,25.0,325.0,0.0054757130316077,2358.8353521753497,291.5053062825179,150.96430758957175,0.0,0.0011170021756718,1.254972707048374,0.3742627954251769,57.15,2.3549122126431e-08,3.102022573106128e-09,399.7550620522094,2.089300139510152,0.0004522939720107,0.00148,6.65847e-07,0.0154111111111111,0.01157,6.76e-06,0.0805555555555555,0.023,9e-06,0.0031111111111111,0.03605,0.0990777777777777,1.0,1520397.1796815644,1.9e-06,0.12776,3.4735617713135367,0.0286630669223371,0.7168999116231971,0.224384510605255,1308.609741564,492.07329716307027
828,0.011,0.013,450000.0,0.000127,1.0,25.0,350.0,0.0075248915660195,2358.8353521753497,291.5053062825179,168.47377648209152,0.0,0.0012465567383369,1.8059328960474712,0.5143233285808089,57.15,3.1745836264078144e-08,3.307866879660685e-09,363.1643373592185,1.993540196379909,0.0005923732175011,0.00148,6.65847e-07,0.0154111111111111,0.01157,6.76e-06,0.0805555555555555,0.023,9e-06,0.0031111111111111,0.03605,0.0990777777777777,1.0,1611983.2811214426,1.9e-06,0.12776,3.412929933306177,0.0363379831258004,1.1277995674666623,0.2683438241112468,1941.977147869845,1046.9850478408507
829,0.011,0.013,450000.0,0.000127,1.0,30.0,275.0,0.00464787856614,2830.602422610419,242.0128264794384,135.90431927600903,0.0,0.0008379763332713,0.5920711952326735,0.3176806408442451,57.15,2.0355158075846804e-08,2.957189157260737e-09,455.0695245146617,2.244886058180664,0.0003302236565291,0.00148,6.65847e-07,0.0154111111111111,0.01157,6.76e-06,0.0805555555555555,0.023,9e-06,0.0031111111111111,0.03605,0.0990777777777777,1.0,1672936.9529688873,1.9e-06,0.12776,3.1480998827246824,0.0698607743386478,0.1105805543884284,0.4135277203660573,152.6270115982128,2.4795542492847074
830,0.011,0.013,450000.0,0.000127,1.0,30.0,300.0,0.0060320809452846,2830.602422610419,265.6087782946687,147.8880122315535,0.0,0.0009118669287684,0.94460699502717,0.4122903197778264,57.15,2.5774593781138522e-08,3.1545147730257142e-09,389.9718886581151,2.064166775377712,0.000447164986134,0.00148,6.65847e-07,0.0154111111111111,0.01157,6.76e-06,0.0805555555555555,0.023,9e-06,0.0031111111111111,0.03605,0.0990777777777777,1.0,1545247.173761394,1.9e-06,0.12776,3.476834645265065,0.0282487790803715,0.3685066752493435,0.2218608574473798,674.8508043434998,46.52794690221343
831,0.011,0.013,450000.0,0.000127,1.0,35.0,275.0,0.0063967009207092,3302.369493045489,242.0128264794384,137.22300127166417,0.0,0.0007252347705799,0.6411772008990565,0.4372119492501107,57.15,2.7233073682837112e-08,3.188915938467079e-09,383.5604110102481,2.047695432607879,0.0004285938937886,0.00148,6.65847e-07,0.0154111111111111,0.01157,6.76e-06,0.0805555555555555,0.023,9e-06,0.0031111111111111,0.03605,0.0990777777777777,1.0,1627581.588673399,1.9e-06,0.12776,3.487057421041967,0.0269547568301307,0.0401552516489457,0.2138714175191979,74.29183531659199,1.2069332698597028
832,0.011,0.013,450000.0,0.000127,1.0,35.0,300.0,0.0082969078366923,3302.369493045489,265.6087782946687,149.70508504704532,0.0,0.0007912036029134,1.086826282110691,0.5670903318747865,57.15,3.4833901346769344e-08,3.768655599039534e-09,332.2836865323066,1.859715807956404,0.0005942564010877,0.00148,6.65847e-07,0.0154111111111111,0.01157,6.76e-06,0.0805555555555555,0.023,9e-06,0.0031111111111111,0.03605,0.0990777777777777,1.0,1587202.200500908,1.9e-06,0.12776,3.408933411631717,0.0368438719453522,0.3559259502359044,0.2710669861674178,610.5938446125941,29.300099404716995
833,0.011,0.013,500000.0,0.000127,1.0,20.0,250.0,0.0012670329158122,1698.3614535662512,220.5130739903045,121.47719856260566,0.0,0.0012483662276745,0.4125815804152886,0.0866011929825999,63.5,5.614401663248942e-09,8.71899606939601e-10,1147.9002505126589,8.75759312446785,9.897960190935236e-05,0.00148,6.65847e-07,0.0154111111111111,0.01157,6.76e-06,0.0805555555555555,0.023,9e-06,0.0031111111111111,0.03605,0.0990777777777777,1.0,583816.5307886587,1.9e-06,0.12776,3.408860964783327,0.0368530424324902,0.1621703874326886,0.2711161631739089,278.18584158050265,4.530506047083166
834,0.011,0.013,500000.0,0.000127,1.0,20.0,275.0,0.0016443795559069,1698.3614535662512,242.0128264794384,133.8364671299041,0.0,0.0013753768408656,0.6148600078304362,0.1123926848944153,63.5,7.26816777953458e-09,1.1065790855687823e-09,950.3681776372335,7.170145701402669,0.0001369821239068,0.00148,6.65847e-07,0.0154111111111111,0.01157,6.76e-06,0.0805555555555555,0.023,9e-06,0.0031111111111111,0.03605,0.0990777777777777,1.0,479147.8457110914,1.9e-06,0.12776,3.38039301451726,0.0404565804408531,0.3386573229360208,0.2899399184354534,565.9273951058765,20.88998408731708
835,0.011,0.013,500000.0,0.000127,1.0,20.0,300.0,0.0021360564475878,1698.3614535662512,265.6087782946687,143.74336617180572,0.0,0.0014771855616069,0.9234228819291712,0.1459986037700486,63.5,9.690270518582362e-09,1.3822195763943555e-09,789.9791403216236,5.035309554632859,0.000195166260225,0.00148,6.65847e-07,0.0154111111111111,0.01157,6.76e-06,0.0805555555555555,0.023,9e-06,0.0031111111111111,0.03605,0.0990777777777777,1.0,807361.0343343493,1.9e-06,0.12776,3.2812403919530304,0.0530075453224012,0.6136142781591225,0.3485382036995447,940.7832091647556,187.07489315066738
836,0.011,0.013,500000.0,0.000127,1.0,20.0,325.0,0.002818590701525,1698.3614535662512,291.5053062825179,142.6157421165802,0.0,0.0014655974791954,1.0620931924622898,0.1926495470129578,63.5,1.2920932653885328e-08,2.007304922177704e-09,698.9745731299909,3.85769680448805,0.000285271084076,0.00148,6.65847e-07,0.0154111111111111,0.01157,6.76e-06,0.0805555555555555,0.023,9e-06,0.0031111111111111,0.03605,0.0990777777777777,1.0,857879.4255961317,1.9e-06,0.12776,3.436233999882463,0.0333881012807009,0.705633645449332,0.252050577235526,1242.1002814535002,433.2692644625559
837,0.011,0.013,500000.0,0.000127,1.0,20.0,350.0,0.0038748703067953,1698.3614535662512,291.5053062825179,155.78521171025983,0.0,0.0016009341618953,1.4048224187051632,0.2648458355213422,63.5,1.7520794458249763e-08,2.737768186151561e-09,558.1372924272812,2.5392656401984897,0.0003841545753403,0.00148,6.65847e-07,0.0154111111111111,0.01157,6.76e-06,0.0805555555555555,0.023,9e-06,0.0031111111111111,0.03605,0.0990777777777777,1.0,1802158.9638495392,1.9e-06,0.12776,3.423707668528816,0.0349737128444537,0.9761665831838212,0.2608976049584754,1697.9843951199516,836.9875562879461
838,0.011,0.013,500000.0,0.000127,1.0,25.0,250.0,0.0019963284248865,2122.951816957814,220.5130739903045,123.0087432181006,0.0,0.0010112841755271,0.3643291083170163,0.1364482493096288,63.5,9.027912124432971e-09,1.2560556416620103e-09,809.5886300453622,5.289672335978177,0.0001521893490545,0.00148,6.65847e-07,0.0154111111111111,0.01157,6.76e-06,0.0805555555555555,0.023,9e-06,0.0031111111111111,0.03605,0.0990777777777777,1.0,837514.1016983284,1.9e-06,0.12776,3.2772273639535747,0.0535155235501804,0.0640708590073874,0.3507068992180939,97.90536332918592,1.590554867788352
839,0.011,0.013,500000.0,0.000127,1.0,25.0,275.0,0.002589680675326,2122.951816957814,242.0128264794384,134.77578754313177,0.0,0.0011080238495317,0.6200148484682237,0.1770036382862633,63.5,1.1837425196543165e-08,1.797662252883829e-09,729.4959099565306,4.252647481223999,0.0002179918985062,0.00148,6.65847e-07,0.0154111111111111,0.01157,6.76e-06,0.0805555555555555,0.023,9e-06,0.0031111111111111,0.03605,0.0990777777777777,1.0,1047183.9567846232,1.9e-06,0.12776,3.1633403008022998,0.0679316074933798,0.2792012101819604,0.4067532335568187,389.8143519418728,6.866299968914499
840,0.011,0.013,500000.0,0.000127,1.0,25.0,300.0,0.0033626066706088,2122.951816957814,265.6087782946687,145.99759112969943,0.0,0.001200280969563,0.985867309705184,0.2298328208934469,63.5,1.5495941574215245e-08,2.5055310671437074e-09,626.4391105854861,2.919077038842778,0.0003124430304136,0.00148,6.65847e-07,0.0154111111111111,0.01157,6.76e-06,0.0805555555555555,0.023,9e-06,0.0031111111111111,0.03605,0.0990777777777777,1.0,1471782.7550796657,1.9e-06,0.12776,3.453116509887903,0.0312510746977338,0.5922244888117372,0.2397863105838811,1059.564004717323,277.8758573794404
841,0.011,0.013,500000.0,0.000127,1.0,25.0,325.0,0.0044353275556022,2122.951816957814,291.5053062825179,150.96430758957158,0.0,0.0012411135285242,1.2744608780943811,0.3031528642943932,63.5,1.9575804370541683e-08,2.8968558444162246e-09,483.4096592530301,2.325830442517024,0.0004251678335029,0.00148,6.65847e-07,0.0154111111111111,0.01157,6.76e-06,0.0805555555555555,0.023,9e-06,0.0031111111111111,0.03605,0.0990777777777777,1.0,1542450.506554202,1.9e-06,0.12776,3.383131420817696,0.0401099467319372,0.807498013799988,0.2881715817484873,1352.763677338811,531.3518272493161
842,0.011,0.013,500000.0,0.000127,1.0,30.0,250.0,0.002903795394339,2547.542180349377,220.5130739903045,124.44263418282053,0.0,0.0008525604455535,0.4154708392677897,0.1984732536849173,63.5,1.3324234866538234e-08,2.085337935997545e-09,687.6139474214581,3.7106886037257816,0.0002241669217314,0.00148,6.65847e-07,0.0154111111111111,0.01157,6.76e-06,0.0805555555555555,0.023,9e-06,0.0031111111111111,0.03605,0.0990777777777777,1.0,1304976.5774385957,1.9e-06,0.12776,3.061448227670604,0.0808293382695438,0.0531875855828722,0.4492837195404937,68.93556512416473,1.1199161613167603
843,0.011,0.013,500000.0,0.000127,1.0,30.0,275.0,0.0037647816385734,2547.542180349377,242.0128264794384,135.90431927600906,0.0,0.0009310848147458,0.6150208322161654,0.2573213190838386,63.5,1.7117136008102582e-08,2.7065191507145302e-09,572.8157815235425,2.581189973793004,0.0003132777306215,0.00148,6.65847e-07,0.0154111111111111,0.01157,6.76e-06,0.0805555555555555,0.023,9e-06,0.0031111111111111,0.03605,0.0990777777777777,1.0,1468056.395340019,1.9e-06,0.12776,3.452569178532628,0.0313203571477686,0.1938895131323268,0.2401902233160903,346.70838586552884,5.791539917291719
844,0.011,0.013,500000.0,0.000127,1.0,30.0,300.0,0.0048859855656805,2547.542180349377,265.6087782946687,147.8880122315534,0.0,0.0010131854764093,0.9118330059456916,0.3339551590200391,63.5,2.1228217074162012e-08,3.024776622770309e-09,423.3219245759269,2.154209356925648,0.0004179435119729,0.00148,6.65847e-07,0.0154111111111111,0.01157,6.76e-06,0.0805555555555555,0.023,9e-06,0.0031111111111111,0.03605,0.0990777777777777,1.0,1603393.0369218674,1.9e-06,0.12776,3.3936259384432854,0.0387815267793309,0.4140678469256525,0.2813123633832462,700.3527374934638,55.19728739073355
845,0.011,0.013,500000.0,0.000127,1.0,35.0,275.0,0.0051813277457745,2972.13254374094,242.0128264794384,137.22300127166417,0.0,0.0008058164117554,0.6438390133054384,0.3541416788925897,63.5,2.2371580983098065e-08,3.074247910158334e-09,404.93153291830095,2.102598700412382,0.0003997096941006,0.00148,6.65847e-07,0.0154111111111111,0.01157,6.76e-06,0.0805555555555555,0.023,9e-06,0.0031111111111111,0.03605,0.0990777777777777,1.0,1720921.699864167,1.9e-06,0.12776,3.4121178239223355,0.0364407817819828,0.1258873344128487,0.2688988275876215,216.60309936028617,3.5191593609059515
846,0.011,0.013,550000.0,0.000127,1.0,20.0,250.0,0.0010471346411671,1543.9649577875011,220.5130739903045,121.47719856260564,0.0,0.001373202850442,0.4020133612681019,0.0715712338699173,69.85,4.734808564668547e-09,7.082647247434715e-10,1279.8392152997178,9.527839606998224,9.2759628800111e-05,0.00148,6.65847e-07,0.0154111111111111,0.01157,6.76e-06,0.0805555555555555,0.023,9e-06,0.0031111111111111,0.03605,0.0990777777777777,1.0,586915.5685971184,1.9e-06,0.12776,3.416811286217161,0.0358466726307391,0.1666321273981846,0.2656795897422933,287.971485724761,4.695880914008005
847,0.011,0.013,550000.0,0.000127,1.0,20.0,275.0,0.0013589913685181,1543.9649577875011,242.0128264794384,133.8364671299041,0.0,0.0015129145249522,0.6060031951295827,0.0928865164416655,69.85,5.982235474072448e-09,9.403294779776995e-10,1092.7251788891326,8.435486573836869,0.0001260848964293,0.00148,6.65847e-07,0.0154111111111111,0.01157,6.76e-06,0.0805555555555555,0.023,9e-06,0.0031111111111111,0.03605,0.0990777777777777,1.0,744782.1337331856,1.9e-06,0.12776,3.2614170134887703,0.0555168337355987,0.3493066786879171,0.359112346750812,526.858441507939,15.570984611998048
848,0.011,0.013,550000.0,0.000127,1.0,20.0,300.0,0.0017653359070973,1543.9649577875011,265.6087782946687,143.74336617180558,0.0,0.0016249041177676,0.9034627036831108,0.1206600031157426,69.85,7.872949535486863e-09,1.157950578439232e-09,901.9856371610508,6.523872288301524,0.0001767647731176,0.00148,6.65847e-07,0.0154111111111111,0.01157,6.76e-06,0.0805555555555555,0.023,9e-06,0.0031111111111111,0.03605,0.0990777777777777,1.0,990591.8759414692,1.9e-06,0.12776,3.45519065842122,0.0309885242504785,0.6189927005673682,0.2382517513548314,1109.6911963622388,319.19437332161215
849,0.011,0.013,550000.0,0.000127,1.0,20.0,325.0,0.0023294138029132,1543.9649577875011,291.5053062825179,142.61574211657998,0.0,0.001612157227115,0.9857307068222516,0.1592145016636015,69.85,1.0605495333789524e-08,1.5593020431220691e-09,764.1981596115627,4.701699797097563,0.0002572433105735,0.00148,6.65847e-07,0.0154111111111111,0.01157,6.76e-06,0.0805555555555555,0.023,9e-06,0.0031111111111111,0.03605,0.0990777777777777,1.0,1041390.2849976677,1.9e-06,0.12776,3.3558173525205803,0.0435674237315721,0.6627062051586501,0.3054250915598899,1083.2913515287646,297.261447922587
850,0.011,0.013,550000.0,0.000127,1.0,25.0,250.0,0.0016498582023856,1929.9561972343763,220.5130739903045,123.00874321810066,0.0,0.0011124125930798,0.3710873806315771,0.1127671481897758,69.85,7.295561011928079e-09,1.1089059269933971e-09,948.1767190457535,7.140873128907584,0.0001384778254352,0.00148,6.65847e-07,0.0154111111111111,0.01157,6.76e-06,0.0805555555555555,0.023,9e-06,0.0031111111111111,0.03605,0.0990777777777777,1.0,615835.3527980332,1.9e-06,0.12776,3.497772546143441,0.025598411880577,0.0945102324418011,0.2053191708113907,176.75703833545833,2.8715725285460425
851,0.011,0.013,550000.0,0.000127,1.0,25.0,275.0,0.0021402319630793,1929.9561972343763,242.0128264794384,134.77578754313177,0.0,0.0012188262344849,0.6189921613361322,0.1462839985836887,69.85,9.710034625242288e-09,1.386043638746967e-09,789.4224049227525,5.028105315061156,0.0001967108033399,0.00148,6.65847e-07,0.0154111111111111,0.01157,6.76e-06,0.0805555555555555,0.023,9e-06,0.0031111111111111,0.03605,0.0990777777777777,1.0,882075.6741092259,1.9e-06,0.12776,3.4317413106490497,0.0339567961203734,0.3088981627524435,0.2552479037995805,541.4173988770398,17.352968958021552
852,0.011,0.013,550000.0,0.000127,1.0,25.0,300.0,0.0027790137773626,1929.9561972343763,265.6087782946687,145.99759112969954,0.0,0.0013203090665193,1.006383987155285,0.1899444800772289,69.85,1.2733601879516735e-08,1.9710591877220727e-09,704.2514963516412,3.925980982514691,0.0002823638052055,0.00148,6.65847e-07,0.0154111111111111,0.01157,6.76e-06,0.0805555555555555,0.023,9e-06,0.0031111111111111,0.03605,0.0990777777777777,1.0,1511526.413472766,1.9e-06,0.12776,3.360889875183908,0.0429253322552015,0.6526295070780563,0.3022844516942795,1071.6433052633008,287.7034008287606
853,0.011,0.013,550000.0,0.000127,1.0,30.0,250.0,0.0023998309044124,2315.9474366812515,220.5130739903045,124.4426341828205,0.0,0.0009378164901088,0.4139785634288702,0.164027482384229,69.85,1.0938802947552256e-08,1.6237921371880531e-09,754.8092127450069,4.580205416302301,0.0002026136066516,0.00148,6.65847e-07,0.0154111111111111,0.01157,6.76e-06,0.0805555555555555,0.023,9e-06,0.0031111111111111,0.03605,0.0990777777777777,1.0,836560.0438783633,1.9e-06,0.12776,3.42062638010305,0.0353637493540443,0.086141081044641,0.2630418599706147,149.40264508439606,2.42717161173015
854,0.011,0.013,550000.0,0.000127,1.0,30.0,275.0,0.0031113897839449,2315.9474366812515,242.0128264794384,135.9043192760091,0.0,0.0010241932962204,0.599813974823768,0.212662247176726,69.85,1.4306848310672924e-08,2.275459105830334e-09,659.9346954740022,3.3525149316379093,0.000289753586565,0.00148,6.65847e-07,0.0154111111111111,0.01157,6.76e-06,0.0805555555555555,0.023,9e-06,0.0031111111111111,0.03605,0.0990777777777777,1.0,1456029.7383422873,1.9e-06,0.12776,3.350095280769317,0.0442917366114788,0.2233417276470417,0.3089341328953952,363.2406655957556,6.162402619324326
855,0.011,0.013,600000.0,0.000127,1.0,20.0,275.0,0.0011419302471575,1415.3012113052096,242.0128264794384,133.83646712990412,0.0,0.0016504522090388,0.6057745823207178,0.0780504756211217,76.2,5.113990988630322e-09,7.78805832189595e-10,1222.9618517054514,9.195795246071256,0.0001184808922939,0.00148,6.65847e-07,0.0154111111111111,0.01157,6.76e-06,0.0805555555555555,0.023,9e-06,0.0031111111111111,0.03605,0.0990777777777777,1.0,892484.4671912766,1.9e-06,0.12776,3.425172346067681,0.0347883106243441,0.363914106699596,0.2598739609081814,633.8839027915795,34.80598536523352
856,0.011,0.013,600000.0,0.000127,1.0,20.0,300.0,0.001483372533047,1415.3012113052096,265.6087782946687,143.7433661718056,0.0,0.0017726226739283,0.8697942358736358,0.1013879192847559,76.2,6.479760132188394e-09,1.0328863533691348e-09,1018.0964801717408,7.999811693594606,0.0001620996237763,0.00148,6.65847e-07,0.0154111111111111,0.01157,6.76e-06,0.0805555555555555,0.023,9e-06,0.0031111111111111,0.03605,0.0990777777777777,1.0,1055065.8842635194,1.9e-06,0.12776,3.346514765184516,0.0447449664323398,0.6045963165888798,0.3111118945621685,980.2104578440468,215.8678416845541
857,0.011,0.013,600000.0,0.000127,1.0,25.0,250.0,0.001386339183949,1769.126514131512,220.5130739903045,123.0087432181006,0.0,0.0012135410106326,0.3790958171719065,0.0947557286872421,76.2,6.0916267357960964e-09,9.606800540046428e-10,1076.3164896305857,8.339694286814396,0.0001283170126996,0.00148,6.65847e-07,0.0154111111111111,0.01157,6.76e-06,0.0805555555555555,0.023,9e-06,0.0031111111111111,0.03605,0.0990777777777777,1.0,839963.5785783057,1.9e-06,0.12776,3.412325792342004,0.0364144566655691,0.1205300884846642,0.2687567801591985,207.42565789836212,3.369927596491669
858,0.011,0.013,600000.0,0.000127,1.0,25.0,275.0,0.0017983893578652,1769.126514131512,242.0128264794384,134.77578754313174,0.0,0.001329628619438,0.5981292440591579,0.1229191932543496,76.2,8.038216789326462e-09,1.1719887425683263e-09,888.764256853883,6.347266709245006,0.0001797797191795,0.00148,6.65847e-07,0.0154111111111111,0.01157,6.76e-06,0.0805555555555555,0.023,9e-06,0.0031111111111111,0.03605,0.0990777777777777,1.0,1355863.0614408758,1.9e-06,0.12776,3.313175274647039,0.0489651551079697,0.3114000508048081,0.3307496964124505,490.4699502584903,12.020235589056973
859,0.011,0.013,600000.0,0.000127,1.0,30.0,250.0,0.0020165245794021,2122.951816957814,220.5130739903045,124.44263418282056,0.0,0.0010230725346642,0.4154708392677897,0.1378286483923037,76.2,9.124486342503413e-09,1.272748705553851e-09,805.9167227463829,5.241544261846606,0.0001845349381583,0.00148,6.65847e-07,0.0154111111111111,0.01157,6.76e-06,0.0805555555555555,0.023,9e-06,0.0031111111111111,0.03605,0.0990777777777777,1.0,1316841.1793773763,1.9e-06,0.12776,3.3041116638527317,0.0501124476135783,0.1138321908754859,0.3358963194949487,177.91236396008225,2.890342609561626
860,0.0115,0.011,400000.0,0.000127,1.0,20.0,275.0,0.0012359202048036,1942.3604525663168,242.0128264794384,155.67255109678104,0.0,0.0013988127528173,0.5181628597049709,0.0883144085225335,50.8,5.671530819214715e-09,8.599919252824047e-10,1131.0678771177927,10.43020286182596,8.689986965166197e-05,0.00148,6.65847e-07,0.0154111111111111,0.01157,6.76e-06,0.0805555555555555,0.023,9e-06,0.0031111111111111,0.03605,0.0990777777777777,1.0,483781.8930543008,1.9e-06,0.12776,3.589040948460764,0.0140454495619286,0.2660384511824373,0.1241606157482627,548.370432080819,18.285404212818605
861,0.0115,0.011,400000.0,0.000127,1.0,20.0,300.0,0.0016956279698911,1942.3604525663168,265.6087782946687,168.23316808607706,0.0,0.0015116775520648,0.7819702517637145,0.1211634704677282,50.8,7.955989849455632e-09,1.05973235072043e-09,944.3688120435494,7.999881388032614,0.0001283613735281,0.00148,6.65847e-07,0.0154111111111111,0.01157,6.76e-06,0.0805555555555555,0.023,9e-06,0.0031111111111111,0.03605,0.0990777777777777,1.0,363692.0479835979,1.9e-06,0.12776,3.566128211726777,0.0169457959839522,0.4969967812959861,0.1460547665834942,998.8234807792466,229.96636009888084
862,0.0115,0.011,400000.0,0.000127,1.0,20.0,325.0,0.002440594597909,1942.3604525663168,291.5053062825179,171.57594217252304,0.0,0.0015417144146264,1.0370157280898686,0.1743961038260269,50.8,1.1563331096769417e-08,1.5925122506030287e-09,763.874053612129,5.613431141848992,0.0002019078971796,0.00148,6.65847e-07,0.0154111111111111,0.01157,6.76e-06,0.0805555555555555,0.023,9e-06,0.0031111111111111,0.03605,0.0990777777777777,1.0,797921.0475492398,1.9e-06,0.12776,3.458412569874102,0.0305806873577086,0.6988096242638417,0.2358556946185765,1256.722547773363,446.1440884835881
863,0.0115,0.011,400000.0,0.000127,1.0,25.0,250.0,0.0014344351769401,2427.9505657078967,220.5130739903045,138.05842993449696,0.0,0.0009924313108032,0.3100391134139039,0.1024995737775035,50.8,6.650025884700571e-09,9.488008984334127e-10,1048.8459292239545,9.395442316553662,9.168187749784823e-05,0.00148,6.65847e-07,0.0154111111111111,0.01157,6.76e-06,0.0805555555555555,0.023,9e-06,0.0031111111111111,0.03605,0.0990777777777777,1.0,471748.1456003648,1.9e-06,0.12776,3.587090987246241,0.0142922800954124,0.0437295396364002,0.1260675028621672,89.94104780354725,1.4611678720487957
864,0.0115,0.011,400000.0,0.000127,1.0,25.0,275.0,0.0019428745963978,2427.9505657078967,242.0128264794384,156.73409870981746,0.0,0.0011266811241004,0.5252499603764448,0.1388308243100464,50.8,9.192222981989473e-09,1.164740712710746e-09,845.4701614408423,6.678835245208159,0.0001339597358838,0.00148,6.65847e-07,0.0154111111111111,0.01157,6.76e-06,0.0805555555555555,0.023,9e-06,0.0031111111111111,0.03605,0.0990777777777777,1.0,341015.02049564425,1.9e-06,0.12776,3.560765224239612,0.0176246551595428,0.2226091360663983,0.1510221742250121,444.7792107895652,9.026297479212733
865,0.0115,0.011,400000.0,0.000127,1.0,25.0,300.0,0.0026644182451829,2427.9505657078967,265.6087782946687,173.57699915289086,0.0,0.001247756104979,0.8015194722431844,0.1903897358950926,50.8,1.2622763027199413e-08,1.7974966614859231e-09,734.0309006422701,5.227256265946073,0.0002015841672955,0.00148,6.65847e-07,0.0154111111111111,0.01157,6.76e-06,0.0805555555555555,0.023,9e-06,0.0031111111111111,0.03605,0.0990777777777777,1.0,799011.82942618,1.9e-06,0.12776,3.458620405260676,0.0305543790809271,0.4473197363480918,0.2357006148885609,804.6123957978461,101.80616593906859
866,0.0115,0.011,400000.0,0.000127,1.0,30.0,275.0,0.0028183480703369,2913.540678849476,242.0128264794384,157.88027047606684,0.0,0.000945766971352,0.5339728650659743,0.2013890070532285,50.8,1.3351364199595112e-08,1.93847021325673e-09,713.5069239550674,4.961672929017164,0.0001948804294976,0.00148,6.65847e-07,0.0154111111111111,0.01157,6.76e-06,0.0805555555555555,0.023,9e-06,0.0031111111111111,0.03605,0.0990777777777777,1.0,821058.8330055238,1.9e-06,0.12776,3.4627496251412504,0.0300316930200949,0.1687738580127456,0.2326064295245315,304.8094889632215,4.987749136986029
867,0.0115,0.011,400000.0,0.000127,1.0,30.0,300.0,0.0038630670380609,2913.540678849476,265.6087782946687,177.25230830179672,0.0,0.0010618133493327,0.9027566647919572,0.2760408634985017,50.8,1.8296367313488722e-08,2.895255185467403e-09,574.2110615918671,3.159163575657999,0.000293315795374,0.00148,6.65847e-07,0.0154111111111111,0.01157,6.76e-06,0.0805555555555555,0.023,9e-06,0.0031111111111111,0.03605,0.0990777777777777,1.0,1049600.6233050998,1.9e-06,0.12776,3.3242372184031623,0.0475649090628908,0.4629058012934555,0.3243592305054496,736.0606824024399,69.14966728716425
868,0.0115,0.011,400000.0,0.000127,1.0,35.0,275.0,0.0038691018935465,3399.1307919910555,242.0128264794384,159.1603025133659,0.0,0.0008172299000302,0.5698886266059683,0.2764720925460217,50.8,1.8324932296120467e-08,2.900782087166762e-09,573.4064141937897,3.1487513176297672,0.0002680820233857,0.00148,6.65847e-07,0.0154111111111111,0.01157,6.76e-06,0.0805555555555555,0.023,9e-06,0.0031111111111111,0.03605,0.0990777777777777,1.0,1158367.6890499615,1.9e-06,0.12776,3.345574289123581,0.0448640140349897,0.1296065340599465,0.3116816420720029,209.9526680963641,3.411010060565713
869,0.0115,0.011,450000.0,0.000127,1.0,20.0,300.0,0.0013397554330003,1726.5426245033934,265.6087782946687,168.2331680860772,0.0,0.0017006372460729,0.7904300870249407,0.0957341001226496,57.15,6.176627165001987e-09,9.085893697050319e-10,1086.7178267998409,9.901319028815884,0.0001150729601405,0.00148,6.65847e-07,0.0154111111111111,0.01157,6.76e-06,0.0805555555555555,0.023,9e-06,0.0031111111111111,0.03605,0.0990777777777777,1.0,782271.3704140567,1.9e-06,0.12776,3.454770725371897,0.0310416803326712,0.530885986902291,0.2385629388828399,951.3502174431972,194.63967922257106
870,0.0115,0.011,450000.0,0.000127,1.0,20.0,325.0,0.0019283710403231,1726.5426245033934,291.5053062825179,171.57594217252375,0.0,0.0017344287164548,1.016249129524831,0.1377944524057499,57.15,9.11970520161594e-09,1.1585808929067015e-09,851.2715838707247,6.756328180421996,0.0001789111403175,0.00148,6.65847e-07,0.0154111111111111,0.01157,6.76e-06,0.0805555555555555,0.023,9e-06,0.0031111111111111,0.03605,0.0990777777777777,1.0,1009182.25206888,1.9e-06,0.12776,3.314420110733973,0.0488075809197502,0.7146446771190811,0.3300365996310502,1126.79883684371,333.5874881494238
871,0.0115,0.011,450000.0,0.000127,1.0,25.0,250.0,0.0011333808805452,2158.178280629242,220.5130739903045,138.05842993449698,0.0,0.0011164852246536,0.3136178427730211,0.0809873175525954,57.15,5.261373522181104e-09,7.836884150680811e-10,1192.5914716728344,10.78937145447884,8.352275778184262e-05,0.00148,6.65847e-07,0.0154111111111111,0.01157,6.76e-06,0.0805555555555555,0.023,9e-06,0.0031111111111111,0.03605,0.0990777777777777,1.0,358917.105286885,1.9e-06,0.12776,3.564858506503578,0.0171065181641041,0.0688205252204255,0.1472360616848012,138.11853330948912,2.2438516135770583
872,0.0115,0.011,450000.0,0.000127,1.0,25.0,275.0,0.0015351107922156,2158.178280629242,242.0128264794384,156.73409870981754,0.0,0.001267516264613,0.5274694376067953,0.1096934908128763,57.15,7.153403961078109e-09,9.91558939672688e-10,1008.5756831137512,8.857529483868166,0.0001201045796644,0.00148,6.65847e-07,0.0154111111111111,0.01157,6.76e-06,0.0805555555555555,0.023,9e-06,0.0031111111111111,0.03605,0.0990777777777777,1.0,767143.4839956699,1.9e-06,0.12776,3.451782612909746,0.0314199224164878,0.253965946793919,0.2407699321115584,453.7890745435279,9.511442166819384
873,0.0115,0.011,450000.0,0.000127,1.0,25.0,300.0,0.0021052193542186,2158.178280629242,265.6087782946687,173.5769991528908,0.0,0.0014037256181014,0.8477106825583698,0.1504313962627894,57.15,9.975888276634936e-09,1.285365541174065e-09,808.5907527708468,6.1920719364676735,0.0001785422279369,0.00148,6.65847e-07,0.0154111111111111,0.01157,6.76e-06,0.0805555555555555,0.023,9e-06,0.0031111111111111,0.03605,0.0990777777777777,1.0,1010706.4666691473,1.9e-06,0.12776,3.314748869532184,0.048765965882002,0.5334692862955803,0.329848018420198,841.3716517165703,122.34342233032582
874,0.0115,0.011,450000.0,0.000127,1.0,30.0,275.0,0.0022268429197724,2589.8139367550903,242.0128264794384,157.88027047606698,0.0,0.001063987842771,0.526424348471577,0.1591221784124276,57.15,1.0551573153589566e-08,1.396752051215197e-09,792.3742773636742,5.982228312227549,0.000172798045141,0.00148,6.65847e-07,0.0154111111111111,0.01157,6.76e-06,0.0805555555555555,0.023,9e-06,0.0031111111111111,0.03605,0.0990777777777777,1.0,537923.9601340954,1.9e-06,0.12776,3.396593961224684,0.038405827693078,0.2034921700591493,0.2793484180280638,345.12641167403024,5.758098393450117
875,0.0115,0.011,450000.0,0.000127,1.0,30.0,300.0,0.0030522998819247,2589.8139367550903,265.6087782946687,177.25230830179672,0.0,0.0011945400179993,0.8857896096864857,0.2181063612827669,57.15,1.44587361077771e-08,2.1527303008631336e-09,682.3133490767015,4.558023391054878,0.0002602270796942,0.00148,6.65847e-07,0.0154111111111111,0.01157,6.76e-06,0.0805555555555555,0.023,9e-06,0.0031111111111111,0.03605,0.0990777777777777,1.0,1236110.4055500526,1.9e-06,0.12776,3.1917716642455978,0.0643327007284053,0.5038732484037187,0.3936877323688343,718.9899261592257,62.21467078590005
876,0.0115,0.011,450000.0,0.000127,1.0,35.0,275.0,0.0030570681628022,3021.449592880939,242.0128264794384,159.16030251336588,0.0,0.0009193836375339,0.5552485569634155,0.2184470854684617,57.15,1.448130597059725e-08,2.1570972355391717e-09,681.6775782930353,4.54979642174862,0.0002379745679008,0.00148,6.65847e-07,0.0154111111111111,0.01157,6.76e-06,0.0805555555555555,0.023,9e-06,0.0031111111111111,0.03605,0.0990777777777777,1.0,1011740.440154491,1.9e-06,0.12776,3.1299564549045398,0.0721574107715773,0.1729914714949536,0.4213935896171215,235.56625753730864,3.8279843784441456
877,0.0115,0.011,450000.0,0.000127,1.0,40.0,275.0,0.0040320375139138,3453.085249006787,242.0128264794384,160.59295170743823,0.0,0.0008117018725782,0.5646760884454766,0.2881148854092358,57.15,1.9096160899192372e-08,3.050003416367749e-09,551.6816648114825,2.867629801910306,0.0003143277948049,0.00148,6.65847e-07,0.0154111111111111,0.01157,6.76e-06,0.0805555555555555,0.023,9e-06,0.0031111111111111,0.03605,0.0990777777777777,1.0,1274574.4908823692,1.9e-06,0.12776,3.221800419775876,0.0605315924334334,0.1127512030362407,0.3792483633845054,164.71919312347163,2.6760030014334446
878,0.0115,0.011,500000.0,0.000127,1.0,20.0,300.0,0.0010852019007303,1553.888362053054,265.6087782946687,168.2331680860772,0.0,0.0018895969400811,0.7872124465424023,0.0775446210993461,63.5,5.068657602921287e-09,7.478365572075605e-10,1221.498859561807,10.958129894235872,0.0001063669300013,0.00148,6.65847e-07,0.0154111111111111,0.01157,6.76e-06,0.0805555555555555,0.023,9e-06,0.0031111111111111,0.03605,0.0990777777777777,1.0,548828.6194996071,1.9e-06,0.12776,3.3992328172629485,0.0380717952831711,0.5458578254430562,0.2775932467996247,928.0395535932424,178.11011647102998
879,0.0115,0.011,500000.0,0.000127,1.0,20.0,325.0,0.0015619805426617,1553.888362053054,291.5053062825179,171.57594217252353,0.0,0.0019271430182831,0.9981991941459268,0.1116135064486573,63.5,7.287752713308908e-09,1.0029708182544279e-09,997.8277829352874,8.71396360114182,0.0001619856835953,0.00148,6.65847e-07,0.0154111111111111,0.01157,6.76e-06,0.0805555555555555,0.023,9e-06,0.0031111111111111,0.03605,0.0990777777777777,1.0,761059.2436810778,1.9e-06,0.12776,3.256526182199192,0.0561359263038997,0.7227756876972694,0.3616686209251187,1085.812602853916,299.3403428820464
880,0.0115,0.011,500000.0,0.000127,1.0,25.0,275.0,0.0012434397416946,1942.3604525663168,242.0128264794384,156.73409870981757,0.0,0.0014083514051255,0.5416057284143958,0.0888517275584298,63.5,5.701608966778613e-09,8.655875059449172e-10,1126.556154983208,10.40386387917647,0.0001091758553568,0.00148,6.65847e-07,0.0154111111111111,0.01157,6.76e-06,0.0805555555555555,0.023,9e-06,0.0031111111111111,0.03605,0.0990777777777777,1.0,533312.5067980344,1.9e-06,0.12776,3.394780298370508,0.0386354052695559,0.2889440008559658,0.2805497949769741,489.2373117805833,11.920122172361825
881,0.0115,0.011,500000.0,0.000127,1.0,25.0,300.0,0.0017052276769171,1942.3604525663168,265.6087782946687,173.57699915289086,0.0,0.0015596951312238,0.8118718066758077,0.1218494309728593,63.5,8.003988384585522e-09,1.0638094518911403e-09,940.5289292331582,7.948589865401604,0.0001613304240513,0.00148,6.65847e-07,0.0154111111111111,0.01157,6.76e-06,0.0805555555555555,0.023,9e-06,0.0031111111111111,0.03605,0.0990777777777777,1.0,767634.5273328944,1.9e-06,0.12776,3.258375294604485,0.0559018614424702,0.5262123757029483,0.3607045526995054,791.7130762949216,95.08628243608398
882,0.0115,0.011,500000.0,0.000127,1.0,30.0,275.0,0.0018037427650156,2330.832543079581,242.0128264794384,157.88027047606693,0.0,0.0011822087141901,0.5334872829171116,0.1288889645140663,63.5,8.496563825078392e-09,1.105649893472573e-09,901.1228939937286,7.422220794238279,0.0001558531904279,0.00148,6.65847e-07,0.0154111111111111,0.01157,6.76e-06,0.0805555555555555,0.023,9e-06,0.0031111111111111,0.03605,0.0990777777777777,1.0,812867.9806308725,1.9e-06,0.12776,3.270741834467726,0.0543364766496549,0.2407883184030451,0.3541814080604676,365.9747356073526,6.22801767611586
883,0.0115,0.011,500000.0,0.000127,1.0,30.0,300.0,0.002472362904359,2330.832543079581,265.6087782946687,177.25230830179666,0.0,0.0013272666866659,0.8733348650234595,0.1766661526390412,63.5,1.1713701080632782e-08,1.6216066186991383e-09,759.6382794187948,5.558619588421118,0.0002335718958319,0.00148,6.65847e-07,0.0154111111111111,0.01157,6.76e-06,0.0805555555555555,0.023,9e-06,0.0031111111111111,0.03605,0.0990777777777777,1.0,1153260.9841337472,1.9e-06,0.12776,3.492980079621156,0.0262050532125119,0.5328587123844182,0.209167154073514,991.7493357642564,224.5724471228902
884,0.0115,0.011,500000.0,0.000127,1.0,35.0,275.0,0.0024762252118698,2719.3046335928443,242.0128264794384,159.1603025133659,0.0,0.0010215373750377,0.5613378334307335,0.1769421392294539,63.5,1.1731982669517106e-08,1.625143835786729e-09,759.1233050840253,5.55195574328305,0.0002137555135841,0.00148,6.65847e-07,0.0154111111111111,0.01157,6.76e-06,0.0805555555555555,0.023,9e-06,0.0031111111111111,0.03605,0.0990777777777777,1.0,1096108.8211315903,1.9e-06,0.12776,3.1758408468561186,0.0663492598916306,0.2205856942012795,0.4010786920105762,310.92257539383513,5.096843406884733
885,0.0115,0.011,500000.0,0.000127,1.0,40.0,275.0,0.0032659503862702,3107.776724106108,242.0128264794384,160.5929517074382,0.0,0.0009018909695313,0.5757522833286753,0.2333730571814809,63.5,1.5470015161679148e-08,2.348397842257876e-09,653.8266151639676,4.189400781214016,0.0002826199136158,0.00148,6.65847e-07,0.0154111111111111,0.01157,6.76e-06,0.0805555555555555,0.023,9e-06,0.0031111111111111,0.03605,0.0990777777777777,1.0,889185.3896797333,1.9e-06,0.12776,3.443578523898546,0.0324584146963866,0.1785692261471942,0.2467641345385753,316.5503193237321,5.199170287844517
886,0.0115,0.011,550000.0,0.000127,1.0,20.0,325.0,0.0012908930104642,1412.6257836845944,291.5053062825179,171.5759421725237,0.0,0.0021198573201114,1.015094448773619,0.0922425673129399,69.85,5.932315052321412e-09,8.878369613672958e-10,1106.262795814287,10.162392418299024,0.0001481933495046,0.00148,6.65847e-07,0.0154111111111111,0.01157,6.76e-06,0.0805555555555555,0.023,9e-06,0.0031111111111111,0.03605,0.0990777777777777,1.0,553477.9727753683,1.9e-06,0.12776,3.481473042691272,0.0276616401656617,0.7590418814606792,0.2182560139104192,1396.4823047402208,570.3214425518889
887,0.0115,0.011,550000.0,0.000127,1.0,25.0,275.0,0.0010276361501608,1765.7822296057432,242.0128264794384,156.73409870981754,0.0,0.0015491865456381,0.5625858250628961,0.0734311798003552,69.85,4.8383946006434804e-09,7.049996371445594e-10,1256.0383099034775,11.159767751385514,0.0001027024932975,0.00148,6.65847e-07,0.0154111111111111,0.01157,6.76e-06,0.0805555555555555,0.023,9e-06,0.0031111111111111,0.03605,0.0990777777777777,1.0,533886.0898879004,1.9e-06,0.12776,3.4019594563797524,0.0377266510911705,0.3253446452625409,0.275770685226213,554.5298279336881,19.157495996029105
888,0.0115,0.011,550000.0,0.000127,1.0,25.0,300.0,0.0014092790718323,1765.7822296057432,265.6087782946687,173.57699915289072,0.0,0.0017156646443461,0.8476906057608041,0.1007020090684787,69.85,6.524245359161586e-09,9.38116823876975e-10,1058.908371267073,9.529852140827774,0.0001476515560103,0.00148,6.65847e-07,0.0154111111111111,0.01157,6.76e-06,0.0805555555555555,0.023,9e-06,0.0031111111111111,0.03605,0.0990777777777777,1.0,557901.2307860816,1.9e-06,0.12776,3.4827079452515477,0.0275053233858801,0.5831785966923254,0.2172906425346524,1074.254671670493,289.8394464232523
889,0.0115,0.011,550000.0,0.000127,1.0,30.0,250.0,0.0011012552018151,2118.9386755268915,220.5130739903045,139.1959304438984,0.0,0.0011465302510554,0.2848573769914384,0.0786917322029839,69.85,5.1328708072605924e-09,7.597824446235225e-10,1211.866878910911,10.901899354394008,9.97268307417592e-05,0.00148,6.65847e-07,0.0154111111111111,0.01157,6.76e-06,0.0805555555555555,0.023,9e-06,0.0031111111111111,0.03605,0.0990777777777777,1.0,551600.508962818,1.9e-06,0.12776,3.4070721415892837,0.0370794757481919,0.0423556447884544,0.2723283173534321,72.53571906994114,1.1784036862952125
890,0.0115,0.011,550000.0,0.000127,1.0,30.0,275.0,0.0014906965000129,2118.9386755268915,242.0128264794384,157.88027047606698,0.0,0.0013004295856091,0.5529202914983994,0.1065198053835258,69.85,6.931332500064786e-09,9.72695701217003e-10,1026.341399994817,9.09483637953577,0.0001427183552568,0.00148,6.65847e-07,0.0154111111111111,0.01157,6.76e-06,0.0805555555555555,0.023,9e-06,0.0031111111111111,0.03605,0.0990777777777777,1.0,591886.9537481215,1.9e-06,0.12776,3.4917856226469497,0.0263562502978545,0.2825904861148733,0.2101204171005545,525.3195616803433,15.395555580767596
891,0.0115,0.011,550000.0,0.000127,1.0,30.0,300.0,0.0020432751275694,2118.9386755268915,265.6087782946687,177.25230830179655,0.0,0.0014599933553325,0.8927471315754982,0.1460050848256538,69.85,9.682685603828742e-09,1.2286351600819316e-09,816.8499829907397,6.29894761439762,0.0002116881675735,0.00148,6.65847e-07,0.0154111111111111,0.01157,6.76e-06,0.0805555555555555,0.023,9e-06,0.0031111111111111,0.03605,0.0990777777777777,1.0,1355757.3584784905,1.9e-06,0.12776,3.422026721003478,0.0351864910122179,0.5829320467498443,0.2620689132657743,1012.369112039006,240.41079512048788
892,0.0115,0.011,550000.0,0.000127,1.0,35.0,250.0,0.0015128942104593,2472.09512144804,220.5130739903045,140.4413414398854,0.0,0.0009915329684432,0.3133500609618442,0.108105973860264,69.85,7.0423210522965115e-09,9.821233130183808e-10,1017.462315816279,8.976233346689634,0.0001326225194073,0.00148,6.65847e-07,0.0154111111111111,0.01157,6.76e-06,0.0805555555555555,0.023,9e-06,0.0031111111111111,0.03605,0.0990777777777777,1.0,644624.8071922873,1.9e-06,0.12776,3.504558924577372,0.0247393766357757,0.04143408710158,0.1998057276711868,78.02941692559757,1.2676534226665501
893,0.0115,0.011,550000.0,0.000127,1.0,35.0,275.0,0.0020464671172477,2472.09512144804,242.0128264794384,159.1603025133659,0.0,0.0011236911125415,0.5828587618437852,0.146233172916904,69.85,9.697794354972806e-09,1.23155847998903e-09,816.4243843669632,6.293440304366159,0.0001938887711351,0.00148,6.65847e-07,0.0154111111111111,0.01157,6.76e-06,0.0805555555555555,0.023,9e-06,0.0031111111111111,0.03605,0.0990777777777777,1.0,900448.3203175722,1.9e-06,0.12776,3.435999756497709,0.0334177523420621,0.2728155889268809,0.2522179601971205,480.119517853992,11.216188125919324
894,0.0115,0.011,550000.0,0.000127,1.0,40.0,275.0,0.0026991325506365,2825.2515673691887,242.0128264794384,160.59295170743823,0.0,0.0009920800664844,0.5762151774532915,0.1928702951913065,69.85,1.2787077406346396e-08,1.8292890638494834e-09,729.4023265817916,5.16736182331737,0.0002565222050137,0.00148,6.65847e-07,0.0154111111111111,0.01157,6.76e-06,0.0805555555555555,0.023,9e-06,0.0031111111111111,0.03605,0.0990777777777777,1.0,1053828.1065501373,1.9e-06,0.12776,3.3589775711085648,0.043167396062207,0.219534882261985,0.3034717797228546,359.8714561847431,6.083350616864677
895,0.0115,0.011,600000.0,0.000127,1.0,20.0,325.0,0.0010847087101817,1294.9069683775454,291.5053062825179,171.5759421725231,0.0,0.0023125716219397,1.0274151268699387,0.0775093794782342,76.2,5.066684840727171e-09,7.47469554885969e-10,1221.7947738909245,10.959857412497827,0.0001391783767906,0.00148,6.65847e-07,0.0154111111111111,0.01157,6.76e-06,0.0805555555555555,0.023,9e-06,0.0031111111111111,0.03605,0.0990777777777777,1.0,761839.2694247747,1.9e-06,0.12776,3.3910645684740235,0.039105750826073,0.7860957473917044,0.2829986411635408,1326.4795963127904,507.95495559445544
896,0.0115,0.011,600000.0,0.000127,1.0,25.0,300.0,0.0011841858867479,1618.633710471932,265.6087782946687,173.57699915289095,0.0,0.0018716341574685,0.8138803040347389,0.084617660397819,76.2,5.464593546991959e-09,8.214944015787624e-10,1162.108467951206,10.611414727052344,0.0001372019135551,0.00148,6.65847e-07,0.0154111111111111,0.01157,6.76e-06,0.0805555555555555,0.023,9e-06,0.0031111111111111,0.03605,0.0990777777777777,1.0,779055.0008537505,1.9e-06,0.12776,3.3959892590421994,0.0384823722731393,0.5654526436369198,0.2797494205908857,958.484300460514,199.81163683837877
897,0.0115,0.011,600000.0,0.000127,1.0,30.0,275.0,0.0012525991423719,1942.360452566318,242.0128264794384,157.880270476067,0.0,0.0014186504570281,0.541765952299507,0.0895062253569905,76.2,5.740845711859999e-09,8.71573134355954e-10,1121.5803430512,10.366997704332134,0.0001318482472667,0.00148,6.65847e-07,0.0154111111111111,0.01157,6.76e-06,0.0805555555555555,0.023,9e-06,0.0031111111111111,0.03605,0.0990777777777777,1.0,818004.4221135628,1.9e-06,0.12776,3.406623652317062,0.037136246542144,0.2884497269425162,0.2726315937551576,493.7757007084735,12.29474897879206
898,0.0115,0.011,600000.0,0.000127,1.0,30.0,300.0,0.0017169186835826,1942.360452566318,265.6087782946687,177.2523083017967,0.0,0.0015927200239991,0.8847888440988861,0.1226848282215563,76.2,8.062443417913331e-09,1.0687747510230775e-09,935.8525265669336,7.88612446605731,0.0001948806219067,0.00148,6.65847e-07,0.0154111111111111,0.01157,6.76e-06,0.0805555555555555,0.023,9e-06,0.0031111111111111,0.03605,0.0990777777777777,1.0,1189483.0609957527,1.9e-06,0.12776,3.2716803202670706,0.0542176809788518,0.5982940158773298,0.3536809336597983,910.0531879755924,165.76660288102735
899,0.0115,0.011,600000.0,0.000127,1.0,35.0,250.0,0.0012712513851776,2266.0871946607044,220.5130739903045,140.44134143988543,0.0,0.0010816723292108,0.3164500938532602,0.0908390474798053,76.2,5.8341069258880455e-09,8.79494947050167e-10,1114.1194459289563,10.26733821145448,0.0001226361679187,0.00148,6.65847e-07,0.0154111111111111,0.01157,6.76e-06,0.0805555555555555,0.023,9e-06,0.0031111111111111,0.03605,0.0990777777777777,1.0,871506.8519959186,1.9e-06,0.12776,3.4201701083170293,0.0354215052763254,0.0618010463734548,0.2633583203716924,107.14138712426626,1.7406018326108854
900,0.0115,0.011,600000.0,0.000127,1.0,35.0,275.0,0.0017196008415762,2266.0871946607044,242.0128264794384,159.1603025133659,0.0,0.0012258448500453,0.5643864078904501,0.1228764855760096,76.2,8.075854207881288e-09,1.0699138930266936e-09,934.7796633694968,7.871793615432809,0.0001786051311501,0.00148,6.65847e-07,0.0154111111111111,0.01157,6.76e-06,0.0805555555555555,0.023,9e-06,0.0031111111111111,0.03605,0.0990777777777777,1.0,1364702.7349110483,1.9e-06,0.12776,3.315176162139945,0.0487118782101335,0.2776999223144404,0.3296027579502454,438.1402238443806,8.69675943168343
901,0.0115,0.0115,400000.0,0.000127,1.0,20.0,250.0,0.0011310672573753,1942.3604525663168,220.5130739903045,136.62647909396586,0.0,0.0012276721874389,0.3702721029957176,0.0808219943699167,50.8,5.252119029501446e-09,7.81966757836044e-10,1193.9796455747833,10.797475474901027,7.411901935937497e-05,0.00148,6.65847e-07,0.0154111111111111,0.01157,6.76e-06,0.0805555555555555,0.023,9e-06,0.0031111111111111,0.03605,0.0990777777777777,1.0,514899.4687711239,1.9e-06,0.12776,3.5937935813948374,0.0134438504563497,0.1256401086258008,0.1194779231986998,260.3596631625179,4.234243022809295
902,0.0115,0.0115,400000.0,0.000127,1.0,20.0,275.0,0.0015242185902402,1942.3604525663168,242.0128264794384,153.6133240292256,0.0,0.0013803093425324,0.6240185474037362,0.1089151732716425,50.8,7.098942951201192e-09,9.86932901679522e-10,1012.9325639039046,8.915726845788699,0.0001060326470807,0.00148,6.65847e-07,0.0154111111111111,0.01157,6.76e-06,0.0805555555555555,0.023,9e-06,0.0031111111111111,0.03605,0.0990777777777777,1.0,433772.298186477,1.9e-06,0.12776,3.5804808000713573,0.0151290126491953,0.3512933741320936,0.1324703425482325,717.2316363422515,61.527921921067886
903,0.0115,0.0115,400000.0,0.000127,1.0,20.0,300.0,0.0020841084903331,1942.3604525663168,265.6087782946687,165.87313778160555,0.0,0.001490471241359,0.888532054306467,0.1489228899286408,50.8,9.875963520910185e-09,1.2660315787017975e-09,811.4055346222483,6.228495635842087,0.0001570856172215,0.00148,6.65847e-07,0.0154111111111111,0.01157,6.76e-06,0.0805555555555555,0.023,9e-06,0.0031111111111111,0.03605,0.0990777777777777,1.0,932321.402039588,1.9e-06,0.12776,3.4816850557723327,0.0276348030667933,0.5757991643778262,0.2180904443947117,1059.5774314712512,277.8867314614274
904,0.0115,0.0115,400000.0,0.000127,1.0,20.0,325.0,0.002995912073462,1942.3604525663168,291.5053062825179,171.3791756974524,0.0,0.0015399463479203,1.2329890065942812,0.2140770914861328,50.8,1.4191833814386988e-08,2.10108865423874e-09,689.8317235383947,4.655312284345358,0.0002486877632794,0.00148,6.65847e-07,0.0154111111111111,0.01157,6.76e-06,0.0805555555555555,0.023,9e-06,0.0031111111111111,0.03605,0.0990777777777777,1.0,1228908.451489532,1.9e-06,0.12776,3.358231723848785,0.0432618071077487,0.8551019151081484,0.3039337731843264,1400.7917971672168,574.1641592384151
905,0.0115,0.0115,400000.0,0.000127,1.0,25.0,250.0,0.0017794862684043,2427.9505657078967,220.5130739903045,137.60197107907803,0.0,0.0009891500619839,0.3771928179930883,0.127155682589609,50.8,8.375281342021784e-09,1.0953478925402827e-09,910.8254926382572,7.55182398332747,0.0001126581092543,0.00148,6.65847e-07,0.0154111111111111,0.01157,6.76e-06,0.0805555555555555,0.023,9e-06,0.0031111111111111,0.03605,0.0990777777777777,1.0,414899.5586494509,1.9e-06,0.12776,3.5769124580976923,0.0155807015066212,0.0862271354034791,0.1358879134265758,175.35541711789227,2.848801116552979
906,0.0115,0.0115,400000.0,0.000127,1.0,25.0,275.0,0.0023968588545453,2427.9505657078967,242.0128264794384,154.7957582434487,0.0,0.0011127473877054,0.6350548524821742,0.1712709050539358,50.8,1.1356315244848089e-08,1.5524577447582875e-09,769.7054860606172,5.688890752447296,0.000165464830945,0.00148,6.65847e-07,0.0154111111111111,0.01157,6.76e-06,0.0805555555555555,0.023,9e-06,0.0031111111111111,0.03605,0.0990777777777777,1.0,909052.6117462736,1.9e-06,0.12776,3.4779688906691337,0.0281052037127678,0.2999739474282382,0.220982425347979,549.9661276232641,18.5071202862691
907,0.0115,0.0115,400000.0,0.000127,1.0,25.0,300.0,0.0032759225682194,2427.9505657078967,265.6087782946687,171.1135959138291,0.0,0.0012300479613565,0.9885006989868634,0.2340856334037189,50.8,1.5517216822905566e-08,2.357530665652452e-09,652.4969909040685,4.172195243847283,0.0002484375604895,0.00148,6.65847e-07,0.0154111111111111,0.01157,6.76e-06,0.0805555555555555,0.023,9e-06,0.0031111111111111,0.03605,0.0990777777777777,1.0,1229771.8902483564,1.9e-06,0.12776,3.3583813477865188,0.0432428673687951,0.5906050655831445,0.3038411421214419,967.6329966747098,206.51790949227095
908,0.0115,0.0115,400000.0,0.000127,1.0,30.0,250.0,0.0025838476319078,2913.540678849476,220.5130739903045,138.6917357308058,0.0,0.0008308198513858,0.4041461719370851,0.1846324499246584,50.8,1.2241395457697053e-08,1.723707676730145e-09,744.7736490789564,5.3662690421290575,0.0001631504737667,0.00148,6.65847e-07,0.0154111111111111,0.01157,6.76e-06,0.0805555555555555,0.023,9e-06,0.0031111111111111,0.03605,0.0990777777777777,1.0,915541.4002597762,1.9e-06,0.12776,3.4790173558971214,0.0279724865953011,0.0557037220124266,0.2201686610675666,102.23275101024434,1.6608569156747321
909,0.0115,0.0115,400000.0,0.000127,1.0,30.0,275.0,0.0034782486793931,2913.540678849476,242.0128264794384,156.02883401921432,0.0,0.0009346761146847,0.6678167020022037,0.2485431289341858,50.8,1.6474893749127393e-08,2.542826988048593e-09,625.5201760809185,3.8231112135134975,0.0002408867435563,0.00148,6.65847e-07,0.0154111111111111,0.01157,6.76e-06,0.0805555555555555,0.023,9e-06,0.0031111111111111,0.03605,0.0990777777777777,1.0,626245.683424431,1.9e-06,0.12776,3.420925001018809,0.0353259492381254,0.2554635730680177,0.2628345956057122,443.19931049619794,8.945803559620074
910,0.0115,0.0115,400000.0,0.000127,1.0,30.0,300.0,0.0047515208466333,2913.540678849476,265.6087782946687,174.74866205406187,0.0,0.0010468154910068,1.0247102842798306,0.3395265742253703,50.8,2.19667597709889e-08,3.391978364053028e-09,455.75055378222186,2.3005766594489376,0.000349536753644,0.00148,6.65847e-07,0.0154111111111111,0.01157,6.76e-06,0.0805555555555555,0.023,9e-06,0.0031111111111111,0.03605,0.0990777777777777,1.0,1310650.9816651102,1.9e-06,0.12776,3.2017417647443382,0.0630706626905901,0.5213737100544602,0.3889686666637663,749.7522160703095,75.06136040284474
911,0.0115,0.0115,400000.0,0.000127,1.0,35.0,275.0,0.004777159955766,3399.1307919910555,242.0128264794384,157.3826252332407,0.0,0.0008081021778345,0.6825505598859111,0.3413586526632018,50.8,2.206076983780888e-08,3.3992561106440486e-09,452.3320058978589,2.290812688445317,0.0003201351814421,0.00148,6.65847e-07,0.0154111111111111,0.01157,6.76e-06,0.0805555555555555,0.023,9e-06,0.0031111111111111,0.03605,0.0990777777777777,1.0,845757.7156726145,1.9e-06,0.12776,3.277176251934649,0.0535219934259937,0.1773819072227091,0.3507344277372743,271.0421561144373,4.411151046779424
912,0.0115,0.0115,400000.0,0.000127,1.0,35.0,300.0,0.00652209562554,3399.1307919910555,265.6087782946687,177.6589922570143,0.0,0.0009122139012614,1.0994107558598054,0.4660454738568392,50.8,2.896623250216016e-08,3.74284908344233e-09,389.75617497839846,2.1023163558863875,0.0004488276760599,0.00148,6.65847e-07,0.0154111111111111,0.01157,6.76e-06,0.0805555555555555,0.023,9e-06,0.0031111111111111,0.03605,0.0990777777777777,1.0,1473882.3778387636,1.9e-06,0.12776,3.0810365244924864,0.0783498070262675,0.4695552820029661,0.4415875192845505,617.0878494519143,30.754242359653126
913,0.0115,0.0115,450000.0,0.000127,1.0,20.0,275.0,0.0012043208614243,1726.5426245033934,242.0128264794384,153.6133240292255,0.0,0.001552848010349,0.629483007782646,0.0860564332022854,57.15,5.545133445697544e-09,8.36477621499481e-10,1150.0274831453685,10.540887145854349,9.567843986023451e-05,0.00148,6.65847e-07,0.0154111111111111,0.01157,6.76e-06,0.0805555555555555,0.023,9e-06,0.0031111111111111,0.03605,0.0990777777777777,1.0,314681.01194685174,1.9e-06,0.12776,3.553842827643663,0.0185009078932072,0.3796165745803604,0.1573491639885949,752.8318259693041,76.43370024639974
914,0.0115,0.0115,450000.0,0.000127,1.0,20.0,300.0,0.0016467030047076,1726.5426245033934,265.6087782946687,165.87313778160586,0.0,0.0016767801465289,0.9644391496288164,0.1176674685855928,57.15,7.711365023538327e-09,1.0389533798323975e-09,963.9387981169336,8.261288944756801,0.0001403756416317,0.00148,6.65847e-07,0.0154111111111111,0.01157,6.76e-06,0.0805555555555555,0.023,9e-06,0.0031111111111111,0.03605,0.0990777777777777,1.0,700651.5358818616,1.9e-06,0.12776,3.4377955550831367,0.0331904360654257,0.6829616810432234,0.2509328212806377,1203.988265889495,399.9086983187411
915,0.0115,0.0115,450000.0,0.000127,1.0,20.0,325.0,0.002367140403723,1726.5426245033934,291.5053062825179,171.3791756974524,0.0,0.0017324396414103,1.2486384959989931,0.1691473315445989,57.15,1.121564791095598e-08,1.525240695941721e-09,773.6679461702541,5.740165580635013,0.0002201824683615,0.00148,6.65847e-07,0.0154111111111111,0.01157,6.76e-06,0.0805555555555555,0.023,9e-06,0.0031111111111111,0.03605,0.0990777777777777,1.0,1179238.241886063,1.9e-06,0.12776,3.1710169311290084,0.0669598821355685,0.9156811644543944,0.4032812927531887,1285.9351947223463,471.9627103709434
916,0.0115,0.0115,450000.0,0.000127,1.0,25.0,250.0,0.0014060138417022,2158.178280629242,220.5130739903045,137.60197107907806,0.0,0.0011127938197319,0.3800761254171778,0.1004686874782097,57.15,6.507919208511045e-09,9.36730044723187e-10,1060.2144633191162,9.547298363369846,0.0001011977049565,0.00148,6.65847e-07,0.0154111111111111,0.01157,6.76e-06,0.0805555555555555,0.023,9e-06,0.0031111111111111,0.03605,0.0990777777777777,1.0,286802.9586165305,1.9e-06,0.12776,3.5460164010097666,0.0194915948088903,0.1157974379389679,0.1643897946296628,227.72349184656383,3.7001521307556264
917,0.0115,0.0115,450000.0,0.000127,1.0,25.0,275.0,0.0018938144035914,2158.178280629242,242.0128264794384,154.79575824344877,0.0,0.0012518408111685,0.6586404110368305,0.1353251595487889,57.15,8.946922017957033e-09,1.1439043091637102e-09,865.0942385634373,6.940965327179007,0.0001470250470923,0.00148,6.65847e-07,0.0154111111111111,0.01157,6.76e-06,0.0805555555555555,0.023,9e-06,0.0031111111111111,0.03605,0.0990777777777777,1.0,675987.2143598038,1.9e-06,0.12776,3.4322267208174115,0.0338953517952643,0.3595052514880414,0.2549037681830725,630.4095075084927,33.9328996612083
918,0.0115,0.0115,450000.0,0.000127,1.0,25.0,300.0,0.0025883832637783,2158.178280629242,265.6087782946687,171.1135959138292,0.0,0.001383803956526,0.9655673912568544,0.1849565498498522,57.15,1.2262864115217582e-08,1.7278615444661375e-09,744.168898162885,5.358443474562456,0.0002202234310795,0.00148,6.65847e-07,0.0154111111111111,0.01157,6.76e-06,0.0805555555555555,0.023,9e-06,0.0031111111111111,0.03605,0.0990777777777777,1.0,1178971.3718516144,1.9e-06,0.12776,3.170955678797032,0.0669676355953124,0.6168008414070021,0.4033091564224166,866.1627039552762,137.29688397167422
919,0.0115,0.0115,450000.0,0.000127,1.0,30.0,250.0,0.0020415586227419,2589.8139367550903,220.5130739903045,138.69173573080585,0.0,0.0009346723328091,0.4285926984454167,0.1458824295701006,57.15,9.67456081431208e-09,1.2270631334657958e-09,817.0788503010681,6.301909191723367,0.0001447816617122,0.00148,6.65847e-07,0.0154111111111111,0.01157,6.76e-06,0.0805555555555555,0.023,9e-06,0.0031111111111111,0.03605,0.0990777777777777,1.0,684526.2776397394,1.9e-06,0.12776,3.434179371101662,0.0336481808732073,0.1189002688753159,0.2535162014665743,208.8855373218857,3.393660684994207
920,0.0115,0.0115,450000.0,0.000127,1.0,30.0,275.0,0.0027482458701377,2589.8139367550903,242.0128264794384,156.02883401921432,0.0,0.0010515106290203,0.6593090766047615,0.1963797561949123,57.15,1.3019547118652102e-08,1.8742685152482726e-09,722.8538839816309,5.082623993804901,0.0002137374948542,0.00148,6.65847e-07,0.0154111111111111,0.01157,6.76e-06,0.0805555555555555,0.023,9e-06,0.0031111111111111,0.03605,0.0990777777777777,1.0,811727.2382773536,1.9e-06,0.12776,3.2670536779278168,0.0548033319078713,0.299119320409849,0.3561407376111629,453.2528689414311,9.481284395699568
921,0.0115,0.0115,450000.0,0.000127,1.0,30.0,300.0,0.0037542880763522,2589.8139367550903,265.6087782946687,174.74866205406175,0.0,0.0011776674273827,1.053373656215444,0.268267910499058,57.15,1.7781480228067393e-08,2.7956321489656955e-09,588.7149231530314,3.346845719838697,0.0003206391466648,0.00148,6.65847e-07,0.0154111111111111,0.01157,6.76e-06,0.0805555555555555,0.023,9e-06,0.0031111111111111,0.03605,0.0990777777777777,1.0,1219796.712697175,1.9e-06,0.12776,3.2096838447878357,0.0620653361028056,0.6212957457163857,0.3851566139450412,899.0172688815308,158.38094936578213
922,0.0115,0.0115,450000.0,0.000127,1.0,35.0,250.0,0.002805860322271,3021.449592880939,220.5130739903045,139.92761416108783,0.0,0.0008082867201642,0.4357921371127534,0.2004966775323283,57.15,1.3292255525416255e-08,1.9270335589454873e-09,715.1719570305279,4.983218706768587,0.0001994121506515,0.00148,6.65847e-07,0.0154111111111111,0.01157,6.76e-06,0.0805555555555555,0.023,9e-06,0.0031111111111111,0.03605,0.0990777777777777,1.0,912464.3154920108,1.9e-06,0.12776,3.29245437799244,0.0515880534186785,0.0714854595804249,0.3424004833014319,110.63291296174827,1.7973246027445564
923,0.0115,0.0115,450000.0,0.000127,1.0,35.0,275.0,0.0037745461378892,3021.449592880939,242.0128264794384,157.38262523324076,0.0,0.0009091149500638,0.6543901341490425,0.2697154786474682,57.15,1.7877368386009038e-08,2.814185089463097e-09,586.0138482814355,3.3118934058390184,0.0002941961842734,0.00148,6.65847e-07,0.0154111111111111,0.01157,6.76e-06,0.0805555555555555,0.023,9e-06,0.0031111111111111,0.03605,0.0990777777777777,1.0,1402316.6743291917,1.9e-06,0.12776,3.24802919756119,0.0572114939795962,0.2208646555015741,0.3660615558335462,329.51748208456246,5.443457973758373
924,0.0115,0.0115,450000.0,0.000127,1.0,35.0,300.0,0.0051532607411674,3021.449592880939,265.6087782946687,177.65899225701412,0.0,0.0010262406389191,1.1143282442420264,0.3682334608251568,57.15,2.3490892964669763e-08,3.476969844407665e-09,419.92506312731183,2.1990265992785023,0.0004176586518442,0.00148,6.65847e-07,0.0154111111111111,0.01157,6.76e-06,0.0805555555555555,0.023,9e-06,0.0031111111111111,0.03605,0.0990777777777777,1.0,1671995.3911009326,1.9e-06,0.12776,3.492205769069515,0.0263030672063905,0.5822847834168695,0.2097853719977068,1082.89326941784,296.9335293486196
925,0.0115,0.0115,450000.0,0.000127,1.0,40.0,275.0,0.0049808186029076,3453.085249006787,242.0128264794384,158.88449401082053,0.0,0.0008030666348743,0.6787847466915999,0.3559113664168097,57.15,2.2807518210661362e-08,3.457065296497344e-09,425.1775196123142,2.213254723578701,0.0003712788008365,0.00148,6.65847e-07,0.0154111111111111,0.01157,6.76e-06,0.0805555555555555,0.023,9e-06,0.0031111111111111,0.03605,0.0990777777777777,1.0,1023830.830214612,1.9e-06,0.12776,3.4821471640847217,0.0275763083437061,0.15906338027479,0.2177293223469753,292.84135495087423,4.77920240854753
926,0.0115,0.0115,500000.0,0.000127,1.0,20.0,300.0,0.0013338294338132,1553.888362053054,265.6087782946687,165.873137781606,0.0,0.0018630890516988,0.9357042715726844,0.0953106495543302,63.5,6.146997169066048e-09,9.06072532664242e-10,1089.088226474716,9.932981820253008,0.0001273158508267,0.00148,6.65847e-07,0.0154111111111111,0.01157,6.76e-06,0.0805555555555555,0.023,9e-06,0.0031111111111111,0.03605,0.0990777777777777,1.0,562530.6179165822,1.9e-06,0.12776,3.405244873239138,0.0373107755393496,0.6765836220183543,0.2735623674561276,1156.7112609699009,359.0472436883397
927,0.0115,0.0115,500000.0,0.000127,1.0,20.0,325.0,0.0019173837270157,1553.888362053054,291.5053062825179,171.3791756974523,0.0,0.0019249329349004,1.2455155179417283,0.137009338551125,63.5,9.06476863507853e-09,1.1539144600845679e-09,855.6665091937175,6.81503372504327,0.0001976873760186,0.00148,6.65847e-07,0.0154111111111111,0.01157,6.76e-06,0.0805555555555555,0.023,9e-06,0.0031111111111111,0.03605,0.0990777777777777,1.0,776129.7383164333,1.9e-06,0.12776,3.272606192106545,0.0541004820118297,0.9446961793906038,0.3531864253199999,1438.0581024474577,607.3875467019368
928,0.0115,0.0115,500000.0,0.000127,1.0,25.0,250.0,0.0011388712117787,1942.3604525663168,220.5130739903045,137.601971079078,0.0,0.0012364375774799,0.3862589935788584,0.0813796368573498,63.5,5.283334847115155e-09,7.87773984661856e-10,1189.2972729327266,10.770140251653968,9.31692045517228e-05,0.00148,6.65847e-07,0.0154111111111111,0.01157,6.76e-06,0.0805555555555555,0.023,9e-06,0.0031111111111111,0.03605,0.0990777777777777,1.0,607677.6716916352,1.9e-06,0.12776,3.415115172145579,0.0360613706144837,0.1410693567215085,0.2668462177207915,243.40691605284857,3.9560227856640955
929,0.0115,0.0115,500000.0,0.000127,1.0,25.0,275.0,0.001533989666909,1942.3604525663168,242.0128264794384,154.79575824344883,0.0,0.0013909342346317,0.6399321042308221,0.109613379234519,63.5,7.147798334545194e-09,9.910827854226047e-10,1009.0241332363844,8.863519690015,0.0001333559997883,0.00148,6.65847e-07,0.0154111111111111,0.01157,6.76e-06,0.0805555555555555,0.023,9e-06,0.0031111111111111,0.03605,0.0990777777777777,1.0,520518.8123387237,1.9e-06,0.12776,3.393161852485745,0.0388402718372474,0.3665087249963029,0.2816184824659535,619.6473784260534,31.344395544041543
930,0.0115,0.0115,500000.0,0.000127,1.0,25.0,300.0,0.0020965904436604,1942.3604525663168,265.6087782946687,171.11359591382913,0.0,0.0015375599516956,0.953529813572578,0.1498148053783801,63.5,9.935044766659568e-09,1.27746292601757e-09,809.7412741786036,6.206959856062259,0.0001975532652525,0.00148,6.65847e-07,0.0154111111111111,0.01157,6.76e-06,0.0805555555555555,0.023,9e-06,0.0031111111111111,0.03605,0.0990777777777777,1.0,778089.3787093059,1.9e-06,0.12776,3.273157057326173,0.0540307522371933,0.6399050081941977,0.3528918488859516,974.5351948180432,211.63064950048516
931,0.0115,0.0115,500000.0,0.000127,1.0,30.0,250.0,0.001653662484421,2330.832543079581,220.5130739903045,138.69173573080585,0.0,0.0010385248142323,0.4067157224044904,0.1181647679517814,63.5,7.746162422105053e-09,1.0419091474209314e-09,961.1550062315956,8.224104235864008,0.0001312634608362,0.00148,6.65847e-07,0.0154111111111111,0.01157,6.76e-06,0.0805555555555555,0.023,9e-06,0.0031111111111111,0.03605,0.0990777777777777,1.0,536926.8474056041,1.9e-06,0.12776,3.3979831915738727,0.0382299757501427,0.1247409544527088,0.2784254695592916,211.8338730606081,3.4415972379685553
932,0.0115,0.0115,500000.0,0.000127,1.0,30.0,275.0,0.0022260791548115,2330.832543079581,242.0128264794384,156.02883401921437,0.0,0.0011683451433559,0.6586831547236879,0.159067602517879,63.5,1.0547957999441532e-08,1.3960525723511e-09,792.4761126917876,5.983546076648637,0.0001919311948187,0.00148,6.65847e-07,0.0154111111111111,0.01157,6.76e-06,0.0805555555555555,0.023,9e-06,0.0031111111111111,0.03605,0.0990777777777777,1.0,837958.0733891804,1.9e-06,0.12776,3.2894064924822213,0.0519738617111112,0.3358055522058086,0.3440800900074595,518.3747451330792,14.633265916042955
933,0.0115,0.0115,500000.0,0.000127,1.0,30.0,300.0,0.0030409733418453,2330.832543079581,265.6087782946687,174.7486620540621,0.0,0.0013085193637585,1.0247102842798306,0.2172970075042371,63.5,1.4405123818067933e-08,2.1423571156622157e-09,683.8235544206217,4.577565674736007,0.0002880565621748,0.00148,6.65847e-07,0.0154111111111111,0.01157,6.76e-06,0.0805555555555555,0.023,9e-06,0.0031111111111111,0.03605,0.0990777777777777,1.0,788080.1722728842,1.9e-06,0.12776,3.418385698686244,0.0356473799131336,0.6436032767755935,0.2645933433970547,1113.9121773840277,322.73321498421836
934,0.0115,0.0115,500000.0,0.000127,1.0,35.0,250.0,0.0022727468610395,2719.3046335928443,220.5130739903045,139.92761416108786,0.0,0.000898096355738,0.4394523831649247,0.1624023088011858,63.5,1.0768851808920495e-08,1.438792257745843e-09,786.2537518613944,5.903027794149224,0.0001792290057175,0.00148,6.65847e-07,0.0154111111111111,0.01157,6.76e-06,0.0805555555555555,0.023,9e-06,0.0031111111111111,0.03605,0.0990777777777777,1.0,923525.9854996804,1.9e-06,0.12776,3.3108010726891477,0.0492656870013738,0.1132400743637387,0.3321055435419337,177.99718467600374,2.891720659511711
935,0.0115,0.0115,500000.0,0.000127,1.0,35.0,275.0,0.0030573823716902,2719.3046335928443,242.0128264794384,157.38262523324076,0.0,0.0010101277222931,0.6799806874685361,0.2184695377044492,63.5,1.448279322600065e-08,2.1573849974651077e-09,681.6356837746296,4.549254300396273,0.0002644435772931,0.00148,6.65847e-07,0.0154111111111111,0.01157,6.76e-06,0.0805555555555555,0.023,9e-06,0.0031111111111111,0.03605,0.0990777777777777,1.0,1015369.1908541498,1.9e-06,0.12776,3.469674787630671,0.0291550901733328,0.2977011497640868,0.2273605093543439,541.3305812393747,17.34166742616711
936,0.0115,0.0115,500000.0,0.000127,1.0,35.0,300.0,0.0041741412003456,2719.3046335928443,265.6087782946687,177.65899225701426,0.0,0.0011402673765767,1.0874623549315354,0.2982691032683771,63.5,1.9768785014969293e-08,3.1801462355125347e-09,532.7345066205833,2.62245073284634,0.0003962820784241,0.00148,6.65847e-07,0.0154111111111111,0.01157,6.76e-06,0.0805555555555555,0.023,9e-06,0.0031111111111111,0.03605,0.0990777777777777,1.0,1739881.13162021,1.9e-06,0.12776,3.4149044690111525,0.0360880418973224,0.6253832516631582,0.266990885595691,1078.849263944683,293.6072993838394
937,0.0115,0.0115,500000.0,0.000127,1.0,40.0,250.0,0.0030013776008364,3107.776724106108,220.5130739903045,141.32094987194918,0.0,0.0007936592928891,0.4387422288580252,0.2144676383964105,63.5,1.4217703977292586e-08,2.106094148174057e-09,689.1029865551384,4.645882318471474,0.0002370918235441,0.00148,6.65847e-07,0.0154111111111111,0.01157,6.76e-06,0.0805555555555555,0.023,9e-06,0.0031111111111111,0.03605,0.0990777777777777,1.0,1139430.7551822786,1.9e-06,0.12776,3.490847798256537,0.0264749622460079,0.0604645904616145,0.2108672597745964,112.29394165089586,1.8243094090844927
938,0.0115,0.0115,500000.0,0.000127,1.0,40.0,275.0,0.0040344630683551,3107.776724106108,242.0128264794384,158.8844940108205,0.0,0.0008922962609714,0.6976003348469406,0.2882882067976157,63.5,1.9107641856881223e-08,3.0522248118917316e-09,551.3582575526416,2.863444863469816,0.0003494636559141,0.00148,6.65847e-07,0.0154111111111111,0.01157,6.76e-06,0.0805555555555555,0.023,9e-06,0.0031111111111111,0.03605,0.0990777777777777,1.0,1267742.8784384236,1.9e-06,0.12776,3.4193375435202418,0.0355268932252858,0.2455021280493249,0.2639350697159482,425.28154389498417,8.119529814359305
939,0.0115,0.0115,550000.0,0.000127,1.0,20.0,300.0,0.0011023383750522,1412.6257836845944,265.6087782946687,165.87313778160583,0.0,0.0020493979568686,0.9497428371513458,0.0787691318630827,69.85,5.137203500208954e-09,7.605884760729975e-10,1211.2169749686568,10.898105280169522,0.0001185208346813,0.00148,6.65847e-07,0.0154111111111111,0.01157,6.76e-06,0.0805555555555555,0.023,9e-06,0.0031111111111111,0.03605,0.0990777777777777,1.0,802312.4822096552,1.9e-06,0.12776,3.277619323438301,0.0534659084255315,0.7071637052882629,0.3504957153996691,1080.9537975140584,295.33715491707903
940,0.0115,0.0115,550000.0,0.000127,1.0,20.0,325.0,0.0015846146504262,1412.6257836845944,291.5053062825179,171.3791756974521,0.0,0.0021174262283904,1.178407229055994,0.1132308583067149,69.85,7.400923252131011e-09,1.0125837727971628e-09,988.774139829519,8.593028884333288,0.0001806870626443,0.00148,6.65847e-07,0.0154111111111111,0.01157,6.76e-06,0.0805555555555555,0.023,9e-06,0.0031111111111111,0.03605,0.0990777777777777,1.0,972127.0996427614,1.9e-06,0.12776,3.4514755784720217,0.0314587875351871,0.9013663707492792,0.2409959803964804,1610.091566765591,759.9370845053758
941,0.0115,0.0115,550000.0,0.000127,1.0,25.0,275.0,0.0012677600552967,1765.7822296057432,242.0128264794384,154.7957582434487,0.0,0.0015300276580949,0.6439193211036953,0.0905895696153049,69.85,5.8166502764836285e-09,8.780121408451273e-10,1115.5159778813097,10.285992491747937,0.0001222529292182,0.00148,6.65847e-07,0.0154111111111111,0.01157,6.76e-06,0.0805555555555555,0.023,9e-06,0.0031111111111111,0.03605,0.0990777777777777,1.0,776340.701951617,1.9e-06,0.12776,3.270435617280774,0.0543752383188893,0.3895197514883903,0.3543445394689142,591.8824480118543,25.44783489559648
942,0.0115,0.0115,550000.0,0.000127,1.0,25.0,300.0,0.001732719374926,1765.7822296057432,265.6087782946687,171.11359591382893,0.0,0.0016913159468652,0.991563128396072,0.1238138887424629,69.85,8.141446874630048e-09,1.0754854784442006e-09,929.532250029596,7.801700898189082,0.0001802313785022,0.00148,6.65847e-07,0.0154111111111111,0.01157,6.76e-06,0.0805555555555555,0.023,9e-06,0.0031111111111111,0.03605,0.0990777777777777,1.0,974322.0741455453,1.9e-06,0.12776,3.451922727920298,0.0314021863392028,0.703939239653609,0.2406667303422117,1257.9771478960497,447.25040787734565
943,0.0115,0.0115,550000.0,0.000127,1.0,30.0,250.0,0.0013666632102652,2118.9386755268915,220.5130739903045,138.69173573080576,0.0,0.0011423772956555,0.4302520456604263,0.0976568330180012,69.85,6.3111660513264886e-09,9.200173986949847e-10,1075.9547158938808,9.757549967656203,0.0001203955570835,0.00148,6.65847e-07,0.0154111111111111,0.01157,6.76e-06,0.0805555555555555,0.023,9e-06,0.0031111111111111,0.03605,0.0990777777777777,1.0,789707.9184543268,1.9e-06,0.12776,3.2741593331580328,0.05390388187873,0.168785212642425,0.3523551908102011,257.2624686829829,4.183223385589559
944,0.0115,0.0115,550000.0,0.000127,1.0,30.0,275.0,0.0018397348386872,2118.9386755268915,242.0128264794384,156.0288340192144,0.0,0.0012851796576915,0.6571181056840915,0.1314608285271727,69.85,8.676524193436325e-09,1.1209361230737071e-09,886.7260645250939,7.229914064848782,0.0001747389481384,0.00148,6.65847e-07,0.0154111111111111,0.01157,6.76e-06,0.0805555555555555,0.023,9e-06,0.0031111111111111,0.03605,0.0990777777777777,1.0,999781.3854141176,1.9e-06,0.12776,3.457000953915702,0.030759372922063,0.3618472771569185,0.2369073316555829,649.8419425999758,39.05574315704636
945,0.0115,0.0115,550000.0,0.000127,1.0,30.0,300.0,0.002513201108963,2118.9386755268915,265.6087782946687,174.74866205406184,0.0,0.0014393713001344,1.060226977931069,0.1795843037225098,69.85,1.1907001915758609e-08,1.6590074716216635e-09,754.1931854715885,5.488159255980175,0.0002612350636946,0.00148,6.65847e-07,0.0154111111111111,0.01157,6.76e-06,0.0805555555555555,0.023,9e-06,0.0031111111111111,0.03605,0.0990777777777777,1.0,1635772.6176170108,1.9e-06,0.12776,3.3829361118369072,0.0401346693877332,0.716832674208559,0.2882979949344386,1200.6630090212382,397.0137966480118
946,0.0115,0.0115,550000.0,0.000127,1.0,35.0,250.0,0.0018783031909417,2472.09512144804,220.5130739903045,139.92761416108775,0.0,0.0009879059913118,0.4531235038198489,0.1342167841332114,69.85,8.869365954708846e-09,1.1373165265280699e-09,871.2987236232923,7.023842201702399,0.0001631608073032,0.00148,6.65847e-07,0.0154111111111111,0.01157,6.76e-06,0.0805555555555555,0.023,9e-06,0.0031111111111111,0.03605,0.0990777777777777,1.0,1048763.2241325027,1.9e-06,0.12776,3.4662396168060443,0.0295899219232855,0.1550967196866373,0.2299716400622109,281.0699921255558,4.578996371105595
947,0.0115,0.0115,550000.0,0.000127,1.0,35.0,275.0,0.0025267622906531,2472.09512144804,242.0128264794384,157.38262523324073,0.0,0.0011111404945224,0.6688821885858502,0.1805533369458257,69.85,1.1971191509091441e-08,1.671427208648848e-09,752.3850279129172,5.464761425947335,0.0002399811011896,0.00148,6.65847e-07,0.0154111111111111,0.01157,6.76e-06,0.0805555555555555,0.023,9e-06,0.0031111111111111,0.03605,0.0990777777777777,1.0,1205823.5055058207,1.9e-06,0.12776,3.393696437275573,0.0387726028765098,0.3245188516400245,0.2812658383131122,548.9254499783958,18.36219071307603
948,0.0115,0.0115,550000.0,0.000127,1.0,40.0,250.0,0.0024804773560631,2825.2515673691887,220.5130739903045,141.320949871949,0.0,0.000873025222178,0.4486573239350702,0.1772459821457937,69.85,1.1752109485365764e-08,1.629038077003351e-09,758.5563525249081,5.544619292125189,0.0002153008754132,0.00148,6.65847e-07,0.0154111111111111,0.01157,6.76e-06,0.0805555555555555,0.023,9e-06,0.0031111111111111,0.03605,0.0990777777777777,1.0,1339254.446947649,1.9e-06,0.12776,3.4191525604134885,0.0355503088084192,0.1076013417892763,0.2640630919585847,186.36459908843327,3.027666570161903
949,0.0115,0.0115,600000.0,0.000127,1.0,20.0,325.0,0.0013315164770942,1294.9069683775454,291.5053062825179,171.37917569745252,0.0,0.0023099195218805,1.2325287704508072,0.0951453739938369,76.2,6.1354323854712075e-09,9.050901945031723e-10,1090.013409162303,9.945340017391157,0.000166569994114,0.00148,6.65847e-07,0.0154111111111111,0.01157,6.76e-06,0.0805555555555555,0.023,9e-06,0.0031111111111111,0.03605,0.0990777777777777,1.0,1014310.1509746256,1.9e-06,0.12776,3.335830838286898,0.0460973622421647,0.9735733964569704,0.3175293113947227,1563.7158929551138,719.0097262526427
950,0.0115,0.0115,600000.0,0.000127,1.0,25.0,275.0,0.0010652706020201,1618.633710471932,242.0128264794384,154.7957582434488,0.0,0.0016691210815581,0.6337356935965646,0.0761204022461938,76.2,4.988932408080665e-09,7.330049005166846e-10,1233.4576387879,11.027944051479883,0.0001153468490245,0.00148,6.65847e-07,0.0154111111111111,0.01157,6.76e-06,0.0805555555555555,0.023,9e-06,0.0031111111111111,0.03605,0.0990777777777777,1.0,907422.2836834792,1.9e-06,0.12776,3.428634762135066,0.0343500301094853,0.3938052913503707,0.2574428123596894,688.2030642607998,50.93327191086664
951,0.0115,0.0115,600000.0,0.000127,1.0,25.0,300.0,0.0014559655858753,1618.633710471932,265.6087782946687,171.11359591382896,0.0,0.0018450719420347,0.9742237908468966,0.1040380592905417,76.2,6.75767792937664e-09,9.579450999426963e-10,1040.2337656498685,9.280404695700543,0.0001662066766013,0.00148,6.65847e-07,0.0154111111111111,0.01157,6.76e-06,0.0805555555555555,0.023,9e-06,0.0031111111111111,0.03605,0.0990777777777777,1.0,1018006.3745661224,1.9e-06,0.12776,3.3368236628589267,0.0459716882457055,0.7063757315563548,0.3169380040203856,1135.5363509707734,340.9878058920562
952,0.0115,0.0115,600000.0,0.000127,1.0,30.0,250.0,0.0011483767252923,1942.360452566318,220.5130739903045,138.6917357308058,0.0,0.0012462297770788,0.4285926984454167,0.0820588666331815,76.2,5.3213569011694735e-09,7.948474079823376e-10,1183.593964824579,10.73684490924941,0.0001125637451114,0.00148,6.65847e-07,0.0154111111111111,0.01157,6.76e-06,0.0805555555555555,0.023,9e-06,0.0031111111111111,0.03605,0.0990777777777777,1.0,920157.9128208186,1.9e-06,0.12776,3.431523517713778,0.0339843648463572,0.1827238318122351,0.2554022066392993,320.20056022676863,5.266646121342731
953,0.0115,0.0115,600000.0,0.000127,1.0,30.0,275.0,0.0015458883019524,1942.360452566318,242.0128264794384,156.02883401921434,0.0,0.0014020141720271,0.6517609015214858,0.1104636128596381,76.2,7.207291509762471e-09,9.961362666105455e-10,1004.2646792190023,8.799944926018766,0.0001612183992105,0.00148,6.65847e-07,0.0154111111111111,0.01157,6.76e-06,0.0805555555555555,0.023,9e-06,0.0031111111111111,0.03605,0.0990777777777777,1.0,1062165.7663403754,1.9e-06,0.12776,3.3483182062098304,0.0445166827582493,0.3774872886618476,0.3100167136815166,612.979642242734,29.827171815543295
954,0.0115,0.0115,600000.0,0.000127,1.0,35.0,250.0,0.0015782964312774,2266.0871946607044,220.5130739903045,139.92761416108775,0.0,0.0010777156268856,0.4406828022320734,0.1127793811119346,76.2,7.369332156387298e-09,1.009900355624281e-09,991.301427489016,8.626787318791594,0.0001506437496357,0.00148,6.65847e-07,0.0154111111111111,0.01157,6.76e-06,0.0805555555555555,0.023,9e-06,0.0031111111111111,0.03605,0.0990777777777777,1.0,1134234.5873489303,1.9e-06,0.12776,3.3657179289780665,0.042314186205308,0.1640934211201387,0.2992686784545261,270.6124967827678,4.404002579150726
955,0.0115,0.012,400000.0,0.000127,1.0,20.0,250.0,0.0013811632636236,1942.3604525663168,220.5130739903045,135.2213232741674,0.0,0.0012150460059664,0.4393582711845555,0.0986929546307995,50.8,6.383666318118426e-09,9.26175730856879e-10,1070.1546945505258,9.68007574756074,8.844224141576092e-05,0.00148,6.65847e-07,0.0154111111111111,0.01157,6.76e-06,0.0805555555555555,0.023,9e-06,0.0031111111111111,0.03605,0.0990777777777777,1.0,479927.6235791153,1.9e-06,0.12776,3.5884235161577784,0.0141236055496483,0.176855316553756,0.1247653088195655,364.2904546053192,6.187437219073714
956,0.0115,0.012,400000.0,0.000127,1.0,20.0,275.0,0.0018533817330431,1942.3604525663168,242.0128264794384,150.90088542567727,0.0,0.0013559364284693,0.7358026099677902,0.1324359864690266,50.8,8.744758665215896e-09,1.126732109222502e-09,881.2673067827282,7.156998298898301,0.0001279929143968,0.00148,6.65847e-07,0.0154111111111111,0.01157,6.76e-06,0.0805555555555555,0.023,9e-06,0.0031111111111111,0.03605,0.0990777777777777,1.0,365062.3592697613,1.9e-06,0.12776,3.5664399020174047,0.0169063415167842,0.4395566234987635,0.1457642789341499,883.6854519687777,148.36913045235656
957,0.0115,0.012,400000.0,0.000127,1.0,20.0,300.0,0.0025276647856743,1942.3604525663168,265.6087782946687,163.0550700244476,0.0,0.0014651491849705,1.1103182878019586,0.180617825991061,50.8,1.197546331885862e-08,1.672253740664145e-09,752.2646952434192,5.46320430315413,0.0001910982472183,0.00148,6.65847e-07,0.0154111111111111,0.01157,6.76e-06,0.0805555555555555,0.023,9e-06,0.0031111111111111,0.03605,0.0990777777777777,1.0,833091.4247180786,1.9e-06,0.12776,3.464947057610027,0.029753537011389,0.7658904618108976,0.2309495720049188,1386.2023402851037,561.155238170805
958,0.0115,0.012,400000.0,0.000127,1.0,20.0,325.0,0.0036300675503523,1942.3604525663168,291.5053062825179,170.4426567605716,0.0,0.0015315311544714,1.5160420111654052,0.2593915589049946,50.8,1.7193503071667582e-08,2.681867264639153e-09,605.2776599530257,3.561170018441146,0.0003019957632175,0.00148,6.65847e-07,0.0154111111111111,0.01157,6.76e-06,0.0805555555555555,0.023,9e-06,0.0031111111111111,0.03605,0.0990777777777777,1.0,1003430.9732162328,1.9e-06,0.12776,3.314441744900364,0.0488048424176754,1.0928404522604105,0.3300241931957331,1723.141853934947,858.9080586986521
959,0.0115,0.012,400000.0,0.000127,1.0,25.0,250.0,0.0021737370744738,2427.9505657078967,220.5130739903045,136.14865480784164,0.0,0.0009787029159983,0.4330617304838282,0.1553274258884303,50.8,1.0300205485842697e-08,1.348116124915349e-09,799.4550567368254,6.073854659433032,0.0001370923696227,0.00148,6.65847e-07,0.0154111111111111,0.01157,6.76e-06,0.0805555555555555,0.023,9e-06,0.0031111111111111,0.03605,0.0990777777777777,1.0,326006.64999700227,1.9e-06,0.12776,3.556990967762788,0.0181024091439509,0.1139243045953978,0.154483531896417,226.69586868665,3.683415891610103
960,0.0115,0.012,400000.0,0.000127,1.0,25.0,275.0,0.0029155378521213,2427.9505657078967,242.0128264794384,152.17718663101329,0.0,0.0010939238181559,0.8092699648830467,0.2083338389763208,50.8,1.3811395833374178e-08,2.0274795311082552e-09,700.5482863838258,4.7939862150496655,0.0002016611311618,0.00148,6.65847e-07,0.0154111111111111,0.01157,6.76e-06,0.0805555555555555,0.023,9e-06,0.0031111111111111,0.03605,0.0990777777777777,1.0,798752.740629947,1.9e-06,0.12776,3.458571069698438,0.0305606240888053,0.4371261259067258,0.2357374331122709,786.2388527848383,92.31337743745515
961,0.0115,0.012,400000.0,0.000127,1.0,25.0,300.0,0.0039745628364056,2427.9505657078967,265.6087782946687,168.12757681122216,0.0,0.0012085830000826,1.1912202916274277,0.2840079518633344,50.8,1.8824114092319924e-08,2.997366382465357e-09,559.3449551459175,2.966793928331445,0.0003018201220865,0.00148,6.65847e-07,0.0154111111111111,0.01157,6.76e-06,0.0805555555555555,0.023,9e-06,0.0031111111111111,0.03605,0.0990777777777777,1.0,1004442.4416081492,1.9e-06,0.12776,3.3146613858498,0.048777039765848,0.7434023397640932,0.3298982108003075,1172.3839106722007,372.5173232706607
962,0.0115,0.012,400000.0,0.000127,1.0,30.0,250.0,0.0031576578396436,2913.540678849476,220.5130739903045,137.23164116776965,0.0,0.0008220732916757,0.4435199534620524,0.2256348616527133,50.8,1.4957430440979998e-08,2.2492202792808544e-09,668.2656213808452,4.376243687511344,0.0001995963010932,0.00148,6.65847e-07,0.0154111111111111,0.01157,6.76e-06,0.0805555555555555,0.023,9e-06,0.0031111111111111,0.03605,0.0990777777777777,1.0,805654.294017681,1.9e-06,0.12776,3.4598787640382014,0.0303950931597213,0.0540750918093389,0.2347603242257143,97.38675454878228,1.5821296325192316
963,0.0115,0.012,400000.0,0.000127,1.0,30.0,275.0,0.0042327846049107,2913.540678849476,242.0128264794384,153.48280857539174,0.0,0.0009194243877544,0.7905000419711087,0.3024595498423469,50.8,2.0046363796577705e-08,3.2338536247154427e-09,524.9153860118956,2.5212701393018304,0.0002933344075382,0.00148,6.65847e-07,0.0154111111111111,0.01157,6.76e-06,0.0805555555555555,0.023,9e-06,0.0031111111111111,0.03605,0.0990777777777777,1.0,1049508.5593477911,1.9e-06,0.12776,3.3242181451196395,0.0475673234025773,0.3242304921287616,0.3243703541387004,515.5463324893117,14.336293038129915
964,0.0115,0.012,400000.0,0.000127,1.0,30.0,300.0,0.0057673380312408,2913.540678849476,265.6087782946687,171.6837254028727,0.0,0.0010284552750961,1.1502417983744244,0.4121132132955599,50.8,2.594720212496348e-08,3.534906808571513e-09,409.12712805866056,2.171286271776725,0.0004051972219779,0.00148,6.65847e-07,0.0154111111111111,0.01157,6.76e-06,0.0805555555555555,0.023,9e-06,0.0031111111111111,0.03605,0.0990777777777777,1.0,1252639.750825041,1.9e-06,0.12776,3.1984183194538574,0.0634913519678661,0.5743185850788644,0.3905498667994652,823.7514560032342,112.247828902755
965,0.0115,0.012,400000.0,0.000127,1.0,35.0,275.0,0.0058163811889853,3399.1307919910555,242.0128264794384,154.902009157379,0.0,0.0007953651222014,0.7945305910018894,0.4156176607926132,50.8,2.614337475594144e-08,3.53953393241839e-09,408.2647531728815,2.1690707961687754,0.0003720715446971,0.00148,6.65847e-07,0.0154111111111111,0.01157,6.76e-06,0.0805555555555555,0.023,9e-06,0.0031111111111111,0.03605,0.0990777777777777,1.0,1644367.104147675,1.9e-06,0.12776,3.103323160034938,0.0755287139196281,0.2151029302092761,0.4325653255236344,287.2548340954356,4.683682073815241
966,0.0115,0.012,400000.0,0.000127,1.0,35.0,300.0,0.007920361449078,3399.1307919910555,265.6087782946687,174.5661537380423,0.0,0.0008963333074591,1.303239117443453,0.5659605158498971,50.8,3.4559295796312e-08,4.5774236159424914e-09,333.82554203688005,1.8599353649710235,0.0005359230128429,0.00148,6.65847e-07,0.0154111111111111,0.01157,6.76e-06,0.0805555555555555,0.023,9e-06,0.0031111111111111,0.03605,0.0990777777777777,1.0,1935040.8659956944,1.9e-06,0.12776,3.531196298239143,0.0213675571849186,0.5734686015935558,0.1774046059279629,1110.199599975566,319.62017139348586
967,0.0115,0.012,450000.0,0.000127,1.0,20.0,250.0,0.0010912894922458,1726.5426245033934,220.5130739903045,135.22132327416736,0.0,0.0013669267567122,0.4014761488504525,0.0779796184737181,57.15,5.093007968983502e-09,7.52366571470353e-10,1217.8463046524748,10.936806643930682,8.099660140584008e-05,0.00148,6.65847e-07,0.0154111111111111,0.01157,6.76e-06,0.0805555555555555,0.023,9e-06,0.0031111111111111,0.03605,0.0990777777777777,1.0,366809.3832407164,1.9e-06,0.12776,3.5666626397072205,0.0168781468725037,0.1596865303767342,0.1455565718043953,321.1121564788965,5.283644663465846
968,0.0115,0.012,450000.0,0.000127,1.0,20.0,275.0,0.0014644003816637,1726.5426245033934,242.0128264794384,150.9008854256773,0.0,0.0015254284820279,0.7643305139936597,0.1046407794323174,57.15,6.799851908318739e-09,9.61527450496792e-10,1036.8598473345007,9.235337328759146,0.0001147948668516,0.00148,6.65847e-07,0.0154111111111111,0.01157,6.76e-06,0.0805555555555555,0.023,9e-06,0.0031111111111111,0.03605,0.0990777777777777,1.0,783095.364097624,1.9e-06,0.12776,3.454931532113699,0.0310213250488988,0.4958797345613422,0.2384438045681743,888.7578796488092,151.64873802803444
969,0.0115,0.012,450000.0,0.000127,1.0,20.0,300.0,0.0019971672380636,1726.5426245033934,265.6087782946687,163.0550700244475,0.0,0.0016482928330918,1.1532350427889393,0.1427103810299742,57.15,9.46368619031845e-09,1.1877993948452679e-09,823.753104774524,6.388748032008563,0.0001692340513462,0.00148,6.65847e-07,0.0154111111111111,0.01157,6.76e-06,0.0805555555555555,0.023,9e-06,0.0031111111111111,0.03605,0.0990777777777777,1.0,567076.9965185954,1.9e-06,0.12776,3.4048073538777595,0.0373661577369925,0.8467146617589648,0.2738572263840014,1446.985730700724,615.3426384834007
970,0.0115,0.012,450000.0,0.000127,1.0,20.0,325.0,0.002868201521266,1726.5426245033934,291.5053062825179,170.44265676057103,0.0,0.0017229725487803,1.5195433329161283,0.2049513551841932,57.15,1.3587337200659165e-08,1.98412749922106e-09,706.8597971645306,4.875658111278601,0.0002676762006299,0.00148,6.65847e-07,0.0154111111111111,0.01157,6.76e-06,0.0805555555555555,0.023,9e-06,0.0031111111111111,0.03605,0.0990777777777777,1.0,1180292.255948053,1.9e-06,0.12776,3.179171778281848,0.0659276230022977,1.150781977731935,0.3995482735148059,1626.2087678846983,774.118542965195
971,0.0115,0.012,450000.0,0.000127,1.0,25.0,250.0,0.001717520651436,2158.178280629242,220.5130739903045,136.1486548078417,0.0,0.001101040780498,0.4099820986739733,0.1227278426772784,57.15,8.065453257180491e-09,1.0690304133920766e-09,935.6117394255608,7.882908133757386,0.0001225037524361,0.00148,6.65847e-07,0.0154111111111111,0.01157,6.76e-06,0.0805555555555555,0.023,9e-06,0.0031111111111111,0.03605,0.0990777777777777,1.0,759772.938658554,1.9e-06,0.12776,3.450301741119566,0.0316073745418271,0.1234442559966948,0.2418589562839384,220.25513580739303,3.578573600396804
972,0.0115,0.012,450000.0,0.000127,1.0,25.0,275.0,0.0023036348461205,2158.178280629242,242.0128264794384,152.17718663101329,0.0,0.0012306642954254,0.8164998001342536,0.1646094530183277,57.15,1.0915054938303892e-08,1.467080401122574e-09,782.1353538505947,5.849735106129773,0.0001788277679068,0.00148,6.65847e-07,0.0154111111111111,0.01157,6.76e-06,0.0805555555555555,0.023,9e-06,0.0031111111111111,0.03605,0.0990777777777777,1.0,1009527.1957550632,1.9e-06,0.12776,3.314494557142882,0.0487981573236858,0.4880803471159258,0.3299939052977315,769.6180108967645,84.18704082779938
973,0.0115,0.012,450000.0,0.000127,1.0,25.0,300.0,0.0031403953275303,2158.178280629242,265.6087782946687,168.1275768112225,0.0,0.0013596558750929,1.1693593366159314,0.224401344682141,57.15,1.4875721216977076e-08,2.233410752812137e-09,670.5672896626174,4.40602762032772,0.0002678183534209,0.00148,6.65847e-07,0.0154111111111111,0.01157,6.76e-06,0.0805555555555555,0.023,9e-06,0.0031111111111111,0.03605,0.0990777777777777,1.0,1179094.357544499,1.9e-06,0.12776,3.1788952403196618,0.0659626278076377,0.7811479919337904,0.3996756283630149,1103.6324059822352,314.1295687089943
974,0.0115,0.012,450000.0,0.000127,1.0,30.0,250.0,0.0024949395276196,2589.8139367550903,220.5130739903045,137.23164116776968,0.0,0.0009248324531352,0.45475047959846,0.1782793968614032,57.15,1.1820563764066509e-08,1.642282967579936e-09,756.6280629840421,5.519666936222952,0.0001771890514637,0.00148,6.65847e-07,0.0154111111111111,0.01157,6.76e-06,0.0805555555555555,0.023,9e-06,0.0031111111111111,0.03605,0.0990777777777777,1.0,1016251.4224882158,1.9e-06,0.12776,3.315940513252877,0.0486151249046991,0.1126610827370565,0.329163582147317,177.86713123175062,2.889607730843097
975,0.0115,0.012,450000.0,0.000127,1.0,30.0,275.0,0.0033444224038801,2589.8139367550903,242.0128264794384,153.4828085753918,0.0,0.0010343524362237,0.8259080789140689,0.23898038506062,57.15,1.5841449378365945e-08,2.4202648701455388e-09,643.3636794826496,4.054008824057407,0.0002605099688654,0.00148,6.65847e-07,0.0154111111111111,0.01157,6.76e-06,0.0805555555555555,0.023,9e-06,0.0031111111111111,0.03605,0.0990777777777777,1.0,1234186.7726984008,1.9e-06,0.12776,3.1913465936983894,0.0643865071267861,0.4231176938534488,0.3938873079485053,603.5589770199645,27.79374801335312
976,0.0115,0.012,450000.0,0.000127,1.0,30.0,300.0,0.0045569090617211,2589.8139367550903,265.6087782946687,171.68372540287285,0.0,0.0011570121844831,1.1691962705676058,0.3256203166779736,57.15,2.125318322631101e-08,3.336737160199764e-09,481.6987917705088,2.374689368085133,0.0003815578750766,0.00148,6.65847e-07,0.0154111111111111,0.01157,6.76e-06,0.0805555555555555,0.023,9e-06,0.0031111111111111,0.03605,0.0990777777777777,1.0,930405.281626958,1.9e-06,0.12776,3.4640614116886463,0.0298656440900447,0.6797659538896321,0.2316182063219906,1229.2539816062483,421.9901625352163
977,0.0115,0.012,450000.0,0.000127,1.0,35.0,250.0,0.003430658549402,3021.449592880939,220.5130739903045,138.48324013043438,0.0,0.000799943346664,0.50597198302364,0.2451425095694932,57.15,1.6249633800503074e-08,2.4992425192988873e-09,631.8655267463922,3.905221002927327,0.000244035971328,0.00148,6.65847e-07,0.0154111111111111,0.01157,6.76e-06,0.0805555555555555,0.023,9e-06,0.0031111111111111,0.03605,0.0990777777777777,1.0,841672.4483352611,1.9e-06,0.12776,3.279774352005543,0.0531931199992983,0.0970194734541468,0.3493321493196479,148.56736157276904,2.4136017112773613
978,0.0115,0.012,450000.0,0.000127,1.0,35.0,275.0,0.0045956592110501,3021.449592880939,242.0128264794384,154.90200915737907,0.0,0.0008947857624766,0.7999515841011858,0.3283892628484848,57.15,2.1395267107183933e-08,3.3477365192539593e-09,476.5321051933119,2.359932407050507,0.0003502346794867,0.00148,6.65847e-07,0.0154111111111111,0.01157,6.76e-06,0.0805555555555555,0.023,9e-06,0.0031111111111111,0.03605,0.0990777777777777,1.0,1502071.8367921177,1.9e-06,0.12776,3.1130826405213083,0.0742933366428724,0.307752321252701,0.428521999706448,413.9100793426388,7.66884114207677
979,0.0115,0.012,450000.0,0.000127,1.0,35.0,300.0,0.0062580633671727,3021.449592880939,265.6087782946687,174.5661537380423,0.0,0.0010083749708914,1.3386208525909498,0.4471786791900423,57.15,2.7910103468690974e-08,3.585257733584192e-09,400.3174653130904,2.1480847636808083,0.0004864275466511,0.00148,6.65847e-07,0.0154111111111111,0.01157,6.76e-06,0.0805555555555555,0.023,9e-06,0.0031111111111111,0.03605,0.0990777777777777,1.0,1295317.270405406,1.9e-06,0.12776,3.439159336768481,0.0330178054723441,0.7276321734009074,0.2499538944449431,1284.413917524504,470.6154263326473
980,0.0115,0.012,450000.0,0.000127,1.0,40.0,275.0,0.0060677377358959,3453.085249006787,242.0128264794384,156.46795033518097,0.0,0.0007908524436173,0.8172082637420652,0.4335786947512718,57.15,2.7148800943583605e-08,3.563248919906306e-09,403.8448996520065,2.1577160155186386,0.000432821568935,0.00148,6.65847e-07,0.0154111111111111,0.01157,6.76e-06,0.0805555555555555,0.023,9e-06,0.0031111111111111,0.03605,0.0990777777777777,1.0,1609702.840732858,1.9e-06,0.12776,3.4849149366745533,0.0272259573829679,0.2198195689907932,0.215559400110517,405.8182406023053,7.378147172461698
981,0.0115,0.012,500000.0,0.000127,1.0,20.0,275.0,0.0011861643091476,1553.888362053054,242.0128264794384,150.90088542567725,0.0,0.0016949205355866,0.780001876219024,0.084759031340177,63.5,5.472507236590539e-09,8.229666228448114e-10,1160.921414511419,10.604484827776211,0.0001049790121392,0.00148,6.65847e-07,0.0154111111111111,0.01157,6.76e-06,0.0805555555555555,0.023,9e-06,0.0031111111111111,0.03605,0.0990777777777777,1.0,555948.7942260242,1.9e-06,0.12776,3.401237779886299,0.037818002546038,0.531432844878847,0.2762539682127725,905.1899767278094,162.49389611402918
982,0.0115,0.012,500000.0,0.000127,1.0,20.0,300.0,0.0016177054628315,1553.888362053054,265.6087782946687,163.0550700244472,0.0,0.0018314364812131,1.131094241539112,0.115595408634279,63.5,7.566377314157938e-09,1.0266378048246664e-09,975.5378148673648,8.416223680926944,0.000153318045767,0.00148,6.65847e-07,0.0154111111111111,0.01157,6.76e-06,0.0805555555555555,0.023,9e-06,0.0031111111111111,0.03605,0.0990777777777777,1.0,830243.577058719,1.9e-06,0.12776,3.275332218507216,0.0537554153788334,0.8516888329048332,0.3517260502680804,1299.405413428973,483.9035201121924
983,0.0115,0.012,500000.0,0.000127,1.0,20.0,325.0,0.0023232432322254,1553.888362053054,291.5053062825179,170.4426567605716,0.0,0.0019144139430892,1.489027960162283,0.1660105976991966,63.5,1.1007867965867268e-08,1.4850383493690603e-09,779.5209023699362,5.81590371180233,0.0002400230558441,0.00148,6.65847e-07,0.0154111111111111,0.01157,6.76e-06,0.0805555555555555,0.023,9e-06,0.0031111111111111,0.03605,0.0990777777777777,1.0,1127646.9099549614,1.9e-06,0.12776,3.4889976504469984,0.026709158171266,1.1592073624630863,0.2123365035466476,2148.854441202205,1220.7196372804744
984,0.0115,0.012,500000.0,0.000127,1.0,25.0,250.0,0.0013911917276632,1942.3604525663168,220.5130739903045,136.14865480784167,0.0,0.0012233786449978,0.4357743501636664,0.0994095525685954,63.5,6.433808638316192e-09,9.304349298475815e-10,1066.1433089347045,9.626493363343483,0.000111315153926,0.00148,6.65847e-07,0.0154111111111111,0.01157,6.76e-06,0.0805555555555555,0.023,9e-06,0.0031111111111111,0.03605,0.0990777777777777,1.0,520169.677456348,1.9e-06,0.12776,3.390917411752681,0.0391243782591543,0.1725547975950709,0.2830952814419122,291.13446836398646,4.749910226984901
985,0.0115,0.012,500000.0,0.000127,1.0,25.0,275.0,0.0018659442253576,1942.3604525663168,242.0128264794384,152.1771866310133,0.0,0.0013674047726949,0.8036595120427487,0.1333336569448454,63.5,8.807571126788182e-09,1.1320675378958672e-09,876.2423098569454,7.089876525587386,0.0001610382610385,0.00148,6.65847e-07,0.0154111111111111,0.01157,6.76e-06,0.0805555555555555,0.023,9e-06,0.0031111111111111,0.03605,0.0990777777777777,1.0,770453.4966402412,1.9e-06,0.12776,3.259163983640668,0.0558020273872573,0.5065158550979033,0.3602924689103039,762.5698956839786,80.87560295030829
986,0.0115,0.012,500000.0,0.000127,1.0,25.0,300.0,0.0025437202152995,1942.3604525663168,265.6087782946687,168.12757681122227,0.0,0.0015107287501032,1.1789218708724156,0.1817650891925341,63.5,1.2051459019084761e-08,1.6869577847778301e-09,750.1239712933871,5.435503014132123,0.0002404117554194,0.00148,6.65847e-07,0.0154111111111111,0.01157,6.76e-06,0.0805555555555555,0.023,9e-06,0.0031111111111111,0.03605,0.0990777777777777,1.0,1126064.755977198,1.9e-06,0.12776,3.488746860024182,0.0267409037944073,0.8333467816798814,0.2125352408741106,1544.4079847722578,701.9205972702126
987,0.0115,0.012,500000.0,0.000127,1.0,30.0,250.0,0.0020209010173719,2330.832543079581,220.5130739903045,137.23164116776968,0.0,0.0010275916145946,0.4516643452539754,0.1444063114577365,63.5,9.576781482227202e-09,1.2081442787397475e-09,819.8331976837408,6.3375508600072585,0.0001592281180052,0.00148,6.65847e-07,0.0154111111111111,0.01157,6.76e-06,0.0805555555555555,0.023,9e-06,0.0031111111111111,0.03605,0.0990777777777777,1.0,786673.6070094279,1.9e-06,0.12776,3.263655071439929,0.0552335352607684,0.1434480337962388,0.3579357480223851,216.75954909664972,3.521704199433798
988,0.0115,0.012,500000.0,0.000127,1.0,30.0,275.0,0.0027089821471429,2330.832543079581,242.0128264794384,153.48280857539177,0.0,0.001149280484693,0.7905000419711087,0.1935741118991021,63.5,1.2833698829809744e-08,1.838309619817885e-09,728.0890470476129,5.150367789153169,0.0002340611951265,0.00148,6.65847e-07,0.0154111111111111,0.01157,6.76e-06,0.0805555555555555,0.023,9e-06,0.0031111111111111,0.03605,0.0990777777777777,1.0,1151358.134315989,1.9e-06,0.12776,3.492689176386772,0.0262418764067378,0.4331159300720065,0.2093995277716003,805.8725732365067,102.47650599865366
989,0.0115,0.012,500000.0,0.000127,1.0,30.0,300.0,0.0036910963399941,2330.832543079581,265.6087782946687,171.68372540287265,0.0,0.0012855690938701,1.1911166447144503,0.2637524565091584,63.5,1.748237267597234e-08,2.737759261056848e-09,597.1404880007791,3.455873792803282,0.0003502330902772,0.00148,6.65847e-07,0.0154111111111111,0.01157,6.76e-06,0.0805555555555555,0.023,9e-06,0.0031111111111111,0.03605,0.0990777777777777,1.0,1261880.6610910047,1.9e-06,0.12776,3.418238430930637,0.0356660214011851,0.763554188205292,0.264695085180243,1321.3336070138366,503.37903556434367
990,0.0115,0.012,500000.0,0.000127,1.0,35.0,250.0,0.0027788334250156,2719.3046335928443,220.5130739903045,138.48324013043444,0.0,0.0008888259407378,0.5001088389039527,0.1985654327512895,63.5,1.3164328211740825e-08,1.9022815156320983e-09,718.7755433312444,5.029849654037802,0.0002194229513924,0.00148,6.65847e-07,0.0154111111111111,0.01157,6.76e-06,0.0805555555555555,0.023,9e-06,0.0031111111111111,0.03605,0.0990777777777777,1.0,1025527.5706888948,1.9e-06,0.12776,3.157640541468465,0.06865309601665,0.1377334061526632,0.4093050639013054,191.4730626866936,3.110669475732576
991,0.0115,0.012,500000.0,0.000127,1.0,35.0,275.0,0.0037224839609506,2719.3046335928443,242.0128264794384,154.90200915737907,0.0,0.0009942064027518,0.8068136469929824,0.2659953029072726,63.5,1.7630940748499648e-08,2.7665049859574157e-09,592.9554718732493,3.4017190563606268,0.0003223581656978,0.00148,6.65847e-07,0.0154111111111111,0.01157,6.76e-06,0.0805555555555555,0.023,9e-06,0.0031111111111111,0.03605,0.0990777777777777,1.0,1425846.17703277,1.9e-06,0.12776,3.4462040538559693,0.0321260691321558,0.3770083440857098,0.2448561523825527,670.0169649391493,45.00502050049527
992,0.0115,0.012,500000.0,0.000127,1.0,40.0,250.0,0.0036717241489018,3107.776724106108,220.5130739903045,139.9066448104208,0.0,0.000785716547273,0.5327662573376047,0.2623681894735908,63.5,1.7390677638135465e-08,2.720017627288789e-09,599.7234468130855,3.489297667278348,0.0002902578484374,0.00148,6.65847e-07,0.0154111111111111,0.01157,6.76e-06,0.0805555555555555,0.023,9e-06,0.0031111111111111,0.03605,0.0990777777777777,1.0,1563815.910566868,1.9e-06,0.12776,3.465936193564792,0.0296283299285073,0.1065880678640137,0.230201429104833,193.10380830750952,3.137167288804384
993,0.0115,0.012,500000.0,0.000127,1.0,40.0,275.0,0.0049148675660756,3107.776724106108,242.0128264794384,156.46795033518097,0.0,0.0008787249373525,0.8401768603558332,0.35119874274853,63.5,2.2565697742277482e-08,3.438344874855801e-09,433.97099118990974,2.2383704172618404,0.0004085286518332,0.00148,6.65847e-07,0.0154111111111111,0.01157,6.76e-06,0.0805555555555555,0.023,9e-06,0.0031111111111111,0.03605,0.0990777777777777,1.0,1668346.3495072066,1.9e-06,0.12776,3.4041135071438102,0.0374539864374924,0.3251681176073032,0.274324342417773,555.3357861885405,19.274885945237298
994,0.0115,0.012,550000.0,0.000127,1.0,20.0,300.0,0.0013369466634971,1412.6257836845944,265.6087782946687,163.0550700244473,0.0,0.0020145801293344,1.1231813231866314,0.0955333955655198,69.85,6.162583317485896e-09,9.073964544005503e-10,1087.8413346011282,9.916326368534666,0.0001403616285971,0.00148,6.65847e-07,0.0154111111111111,0.01157,6.76e-06,0.0805555555555555,0.023,9e-06,0.0031111111111111,0.03605,0.0990777777777777,1.0,605609.9652392187,1.9e-06,0.12776,3.495255741488781,0.0259169947482556,0.8638379276211117,0.2073446290952506,1611.468510626391,761.1495327910824
995,0.0115,0.012,550000.0,0.000127,1.0,20.0,325.0,0.0019200357291119,1412.6257836845944,291.5053062825179,170.44265676057137,0.0,0.0021058553373982,1.4552891886161832,0.137198841073716,69.85,9.078028645559814e-09,1.155040794546871e-09,854.6057083552148,6.800863998282908,0.000217748914991,0.00148,6.65847e-07,0.0154111111111111,0.01157,6.76e-06,0.0805555555555555,0.023,9e-06,0.0031111111111111,0.03605,0.0990777777777777,1.0,1327761.220289682,1.9e-06,0.12776,3.4171175979380712,0.0358078989951808,1.154280347542467,0.26546850526949,1995.3857757757853,1092.195155723482
996,0.0115,0.012,550000.0,0.000127,1.0,25.0,250.0,0.0011497452294737,1765.7822296057432,220.5130739903045,136.14865480784175,0.0,0.0013457165094976,0.4397061979864948,0.0821566550153681,69.85,5.3268309178950055e-09,7.958657653153675e-10,1182.772862315749,10.732051394913112,0.0001032838253271,0.00148,6.65847e-07,0.0154111111111111,0.01157,6.76e-06,0.0805555555555555,0.023,9e-06,0.0031111111111111,0.03605,0.0990777777777777,1.0,530145.1028130241,1.9e-06,0.12776,3.400859564885626,0.0378658778625789,0.1937395429711265,0.2765069888452728,329.88134735419186,5.450511459312557
997,0.0115,0.012,550000.0,0.000127,1.0,25.0,275.0,0.0015421026655848,1765.7822296057432,242.0128264794384,152.17718663101326,0.0,0.0015041452499644,0.8343271381200683,0.1101931049130953,69.85,7.188363327924115e-09,9.94528465203195e-10,1005.7789337660708,8.820171694700324,0.0001474361295846,0.00148,6.65847e-07,0.0154111111111111,0.01157,6.76e-06,0.0805555555555555,0.023,9e-06,0.0031111111111111,0.03605,0.0990777777777777,1.0,559607.8044407053,1.9e-06,0.12776,3.4831809939605654,0.02744544380246,0.560324033206973,0.2169202100584744,1032.6434975347745,256.3115026056581
998,0.0115,0.012,550000.0,0.000127,1.0,25.0,300.0,0.0021022481118178,1765.7822296057432,265.6087782946687,168.1275768112223,0.0,0.0016618016251135,1.169349387847672,0.1502190819773008,69.85,9.961824395937816e-09,1.2826443882461403e-09,808.9869184242867,6.197198379448036,0.000217905039738,0.00148,6.65847e-07,0.0154111111111111,0.01157,6.76e-06,0.0805555555555555,0.023,9e-06,0.0031111111111111,0.03605,0.0990777777777777,1.0,1327019.081591874,1.9e-06,0.12776,3.4169852422896048,0.0358246528747336,0.8553203058703712,0.265559728623516,1478.394756515312,643.3082819886869
999,0.0115,0.012,550000.0,0.000127,1.0,30.0,250.0,0.0016701661300594,2118.9386755268915,220.5130739903045,137.2316411677696,0.0,0.0011303507760541,0.4614619665830883,0.1193440590559805,69.85,7.828680650297287e-09,1.0489184272636822e-09,954.553547976217,8.135924762108418,0.0001457691844602,0.00148,6.65847e-07,0.0154111111111111,0.01157,6.76e-06,0.0805555555555555,0.023,9e-06,0.0031111111111111,0.03605,0.0990777777777777,1.0,571985.8315386019,1.9e-06,0.12776,3.4865564907827453,0.0270181657237031,0.1783079075271076,0.2142667319300868,329.7242535159625,5.447464745974028
1000,0.0115,0.012,550000.0,0.000127,1.0,30.0,275.0,0.0022388282207792,2118.9386755268915,242.0128264794384,153.48280857539177,0.0,0.0012642085331623,0.7791642008756342,0.159978604875291,69.85,1.0608303578355156e-08,1.4077285494362686e-09,790.7762372294321,5.9615494331844365,0.0002123478116484,0.00148,6.65847e-07,0.0154111111111111,0.01157,6.76e-06,0.0805555555555555,0.023,9e-06,0.0031111111111111,0.03605,0.0990777777777777,1.0,1352782.388718585,1.9e-06,0.12776,3.4215127053222028,0.0352515562883287,0.4553755960003431,0.2624263459162293,790.4607255585621,94.44774259541562
1001,0.0115,0.012,550000.0,0.000127,1.0,35.0,250.0,0.0022965565495997,2472.09512144804,220.5130739903045,138.48324013043435,0.0,0.0009777085348116,0.4921126170044045,0.1641036634308177,69.85,1.0881551001438694e-08,1.460597884819915e-09,783.0791267200368,5.861947668626284,0.000199232078767,0.00148,6.65847e-07,0.0154111111111111,0.01157,6.76e-06,0.0805555555555555,0.023,9e-06,0.0031111111111111,0.03605,0.0990777777777777,1.0,864099.9970684428,1.9e-06,0.12776,3.4274504308944174,0.0344999454564028,0.1641989535735867,0.2582761902291119,286.62743284182955,4.673014850845678
1002,0.0115,0.012,550000.0,0.000127,1.0,35.0,275.0,0.003076433025579,2472.09512144804,242.0128264794384,154.902009157379,0.0,0.0010936270430269,0.8261812227575308,0.2198308288489855,69.85,1.4572966321074082e-08,2.1748321578160444e-09,679.0955965894625,4.516385191207133,0.0002927146764497,0.00148,6.65847e-07,0.0154111111111111,0.01157,6.76e-06,0.0805555555555555,0.023,9e-06,0.0031111111111111,0.03605,0.0990777777777777,1.0,1430289.4017365065,1.9e-06,0.12776,3.3448699565604096,0.0449531700556443,0.4425403939085452,0.3121077152643238,716.4378223492138,61.219563249323926
1003,0.0115,0.012,550000.0,0.000127,1.0,40.0,250.0,0.0030344827676874,2825.2515673691887,220.5130739903045,139.90664481042077,0.0,0.0008642882020003,0.5327662573376047,0.2168332144409841,69.85,1.4374401767054104e-08,2.1364128531312307e-09,684.6889643083352,4.588764208494504,0.0002636915963151,0.00148,6.65847e-07,0.0154111111111111,0.01157,6.76e-06,0.0805555555555555,0.023,9e-06,0.0031111111111111,0.03605,0.0990777777777777,1.0,1622936.0600770735,1.9e-06,0.12776,3.380783930969526,0.0404070973456296,0.1521230428966205,0.2896880203669395,254.3017165868432,4.134542707132477
1004,0.0115,0.012,600000.0,0.000127,1.0,20.0,300.0,0.0011234065714108,1294.9069683775454,265.6087782946687,163.05507002444745,0.0,0.0021977237774557,1.1049434510452312,0.0802745893293604,76.2,5.2214762856433e-09,7.762661426430796e-10,1198.576057153505,10.824308866056446,0.000131330465359,0.00148,6.65847e-07,0.0154111111111111,0.01157,6.76e-06,0.0805555555555555,0.023,9e-06,0.0031111111111111,0.03605,0.0990777777777777,1.0,821369.3528191916,1.9e-06,0.12776,3.407510736705338,0.0370239573790711,0.8608588617158708,0.2720314868609377,1474.856267791219,640.1597308404861
1005,0.0115,0.012,600000.0,0.000127,1.0,25.0,275.0,0.0012957946009428,1618.633710471932,242.0128264794384,152.17718663101334,0.0,0.0016408857272339,0.7821668550901527,0.0925928173228093,76.2,5.956823004714018e-09,8.89918720761019e-10,1104.302159622879,10.136203073324571,0.0001361748107517,0.00148,6.65847e-07,0.0154111111111111,0.01157,6.76e-06,0.0805555555555555,0.023,9e-06,0.0031111111111111,0.03605,0.0990777777777777,1.0,787255.3092084759,1.9e-06,0.12776,3.3982856178237366,0.0381916939463624,0.5257640377673434,0.2782242363627168,893.0963624447518,154.47964513694774
1006,0.0115,0.012,600000.0,0.000127,1.0,30.0,250.0,0.001403403484286,1942.360452566318,220.5130739903045,137.23164116776965,0.0,0.0012331099375136,0.4527320906840751,0.1002821607345392,76.2,6.494867421430361e-09,9.356213972146219e-10,1061.2586062855712,9.561245581354989,0.0001346921558188,0.00148,6.65847e-07,0.0154111111111111,0.01157,6.76e-06,0.0805555555555555,0.023,9e-06,0.0031111111111111,0.03605,0.0990777777777777,1.0,798401.1234404761,1.9e-06,0.12776,3.401357025246451,0.0378029081966518,0.1886399299495358,0.2761741580087764,321.34597106944824,5.28801446961926
1007,0.0115,0.012,600000.0,0.000127,1.0,30.0,275.0,0.0018812376021825,1942.360452566318,242.0128264794384,153.48280857539174,0.0,0.0013791365816316,0.8259080789140689,0.1344264665965986,76.2,8.884038010912857e-09,1.138562803260562e-09,870.1249591269714,7.008163554410454,0.0001947755377123,0.00148,6.65847e-07,0.0154111111111111,0.01157,6.76e-06,0.0805555555555555,0.023,9e-06,0.0031111111111111,0.03605,0.0990777777777777,1.0,1191625.182661056,1.9e-06,0.12776,3.2722647915193823,0.0541436972760275,0.5276716123174703,0.3533688554885303,803.0184015025459,100.96176519671447
1008,0.0115,0.012,600000.0,0.000127,1.0,35.0,250.0,0.0019297454340386,2266.0871946607044,220.5130739903045,138.48324013043438,0.0,0.0010665911288854,0.5132150249303005,0.1378926616328399,76.2,9.126577170193292e-09,1.1591646130359927e-09,850.7218263845368,6.748984753568428,0.0001826812731044,0.00148,6.65847e-07,0.0154111111111111,0.01157,6.76e-06,0.0805555555555555,0.023,9e-06,0.0031111111111111,0.03605,0.0990777777777777,1.0,1332754.9780055557,1.9e-06,0.12776,3.3078541124092284,0.0496387199481989,0.2115123632974604,0.3337808562414017,331.6332097413839,5.4846409896094945
1009,0.0115,0.0124999999999999,400000.0,0.000127,1.0,20.0,250.0,0.001665106505835,1942.3604525663168,220.5130739903045,133.1402440347978,0.0,0.001196346240599,0.4467118992482694,0.118982516523554,50.8,7.803382529175415e-09,1.0467695491997238e-09,956.5773976659668,8.162958486127977,0.0001057064038954,0.00148,6.65847e-07,0.0154111111111111,0.01157,6.76e-06,0.0805555555555555,0.023,9e-06,0.0031111111111111,0.03605,0.0990777777777777,1.0,434675.1421082669,1.9e-06,0.12776,3.5806465484958894,0.0151080318359634,0.1639193827247153,0.1323109402741872,334.7338095608331,5.54576323826998
1010,0.0115,0.0124999999999999,400000.0,0.000127,1.0,20.0,275.0,0.0022270748602528,1942.3604525663168,242.0128264794384,147.79926158815894,0.0,0.0013280664478735,0.8349701294090667,0.1591387520441712,50.8,1.0552671005196792e-08,1.396964469265361e-09,792.3433519662875,5.981828132946556,0.0001536144504918,0.00148,6.65847e-07,0.0154111111111111,0.01157,6.76e-06,0.0805555555555555,0.023,9e-06,0.0031111111111111,0.03605,0.0990777777777777,1.0,941790.3483624184,1.9e-06,0.12776,3.4831632534355075,0.0274476894385433,0.5120213773648954,0.2169341085428751,943.6078596354188,189.08559713660088
1011,0.0115,0.0124999999999999,400000.0,0.000127,1.0,20.0,300.0,0.0030312238881134,1942.3604525663168,265.6087782946687,159.93856734776102,0.0,0.0014371455089362,1.1994581123390575,0.2166003466385933,50.8,1.4358976403737224e-08,2.1334282734509848e-09,685.123481584867,4.594386927230417,0.0002296983343497,0.00148,6.65847e-07,0.0154111111111111,0.01157,6.76e-06,0.0805555555555555,0.023,9e-06,0.0031111111111111,0.03605,0.0990777777777777,1.0,689388.4355052566,1.9e-06,0.12776,3.435902775970182,0.0334300283582048,0.819047765700464,0.2522872375073375,1441.2826943714497,610.2611204869346
1012,0.0115,0.0124999999999999,400000.0,0.000127,1.0,20.0,325.0,0.0043500766932473,1942.3604525663168,291.5053062825179,168.9414842889091,0.0,0.0015180422048605,1.7620815962483936,0.3108408202233567,50.8,2.049479787524012e-08,3.2780271029672247e-09,509.2764409003594,2.453455960088584,0.0003597413724958,0.00148,6.65847e-07,0.0154111111111111,0.01157,6.76e-06,0.0805555555555555,0.023,9e-06,0.0031111111111111,0.03605,0.0990777777777777,1.0,1230631.3187035683,1.9e-06,0.12776,3.184600096457934,0.0652404941192488,1.287430776025037,0.397037367579749,1826.919593564482,948.6797094936679
1013,0.0115,0.0124999999999999,400000.0,0.000127,1.0,25.0,250.0,0.0026216698298293,2427.9505657078967,220.5130739903045,134.0590105708713,0.0,0.0009636815343253,0.4423981050711149,0.1873350880282209,50.8,1.2420420527859117e-08,1.758346380252651e-09,739.7306893560813,5.301012386871095,0.0001655535608932,0.00148,6.65847e-07,0.0154111111111111,0.01157,6.76e-06,0.0805555555555555,0.023,9e-06,0.0031111111111111,0.03605,0.0990777777777777,1.0,908802.8429741012,1.9e-06,0.12776,3.4779283417700584,0.0281103364848027,0.0912530170428938,0.22101386318826,167.29467192306564,2.7178443555559855
1014,0.0115,0.0124999999999999,400000.0,0.000127,1.0,25.0,275.0,0.0035047935831002,2427.9505657078967,242.0128264794384,149.14532169488535,0.0,0.0010721292946765,0.8870937616522632,0.2504399321914465,50.8,1.6600539626674642e-08,2.567137607210726e-09,621.9808555866299,3.777311875419328,0.0002427352708329,0.00148,6.65847e-07,0.0154111111111111,0.01157,6.76e-06,0.0805555555555555,0.023,9e-06,0.0031111111111111,0.03605,0.0990777777777777,1.0,612392.372917896,1.9e-06,0.12776,3.4174288228456344,0.0357685034372615,0.4728438294608166,0.2652539107120167,817.6362876061297,108.8513181808806
1015,0.0115,0.0124999999999999,400000.0,0.000127,1.0,25.0,300.0,0.004768236067848,2427.9505657078967,265.6087782946687,164.8115241532604,0.0,0.0011847455966904,1.2966950769824042,0.3407209837585796,50.8,2.2028048915442964e-08,3.396723035312237e-09,453.5218576202559,2.2942111131885343,0.0003504277201442,0.00148,6.65847e-07,0.0154111111111111,0.01157,6.76e-06,0.0805555555555555,0.023,9e-06,0.0031111111111111,0.03605,0.0990777777777777,1.0,1304566.5442576562,1.9e-06,0.12776,3.200474982676786,0.0632310148510398,0.7921640932238244,0.3895723320155688,1138.0320985608494,343.1073626042805
1016,0.0115,0.0124999999999999,400000.0,0.000127,1.0,30.0,275.0,0.0050906960930406,2913.540678849476,242.0128264794384,150.51056966813357,0.0,0.0009016194689955,0.8855412635578246,0.3637628163027523,50.8,2.3240634372162737e-08,3.4710669949862027e-09,421.0251998999726,2.2018528946929803,0.0003355246870532,0.00148,6.65847e-07,0.0154111111111111,0.01157,6.76e-06,0.0805555555555555,0.023,9e-06,0.0031111111111111,0.03605,0.0990777777777777,1.0,1394283.919460256,1.9e-06,0.12776,3.218574441112336,0.0609399441629955,0.357968447255072,0.3808324692033237,521.6246067306179,14.98405264066925
1017,0.0115,0.0124999999999999,400000.0,0.000127,1.0,30.0,300.0,0.0069222359615776,2913.540678849476,265.6087782946687,168.27028672869432,0.0,0.0010080073904615,1.3581557754112497,0.4946380617648774,50.8,3.0566793846310615e-08,3.981678444971085e-09,373.7505615368938,2.032954429476283,0.0004737537392139,0.00148,6.65847e-07,0.0154111111111111,0.01157,6.76e-06,0.0805555555555555,0.023,9e-06,0.0031111111111111,0.03605,0.0990777777777777,1.0,1975531.5131013985,1.9e-06,0.12776,3.209219379914664,0.0621241291247261,0.6997077136463722,0.3853808575744659,1012.1104116738884,240.20993659184666
1018,0.0115,0.0124999999999999,400000.0,0.000127,1.0,35.0,275.0,0.0069990914473756,3399.1307919910555,242.0128264794384,151.98759215255882,0.0,0.0007804006575712,0.907549675142232,0.5001298781002547,50.8,3.087421578950268e-08,4.027550717646431e-09,370.6763421049733,2.0196319921461123,0.000436395301937,0.00148,6.65847e-07,0.0154111111111111,0.01157,6.76e-06,0.0805555555555555,0.023,9e-06,0.0031111111111111,0.03605,0.0990777777777777,1.0,1640615.1517700856,1.9e-06,0.12776,3.115464289462452,0.0739918620933606,0.2436097970419773,0.4275265271739885,328.2126122656171,5.4182605090859335
1019,0.0115,0.0124999999999999,400000.0,0.000127,1.0,35.0,300.0,0.0095114918985718,3399.1307919910555,265.6087782946687,171.1132941137999,0.0,0.0008786041370505,1.403379145412185,0.6796569697011111,50.8,4.0923817594287495e-08,5.527112100549202e-09,270.18032405712506,1.584122448333957,0.0006349764139565,0.00148,6.65847e-07,0.0154111111111111,0.01157,6.76e-06,0.0805555555555555,0.023,9e-06,0.0031111111111111,0.03605,0.0990777777777777,1.0,1500145.9781165638,1.9e-06,0.12776,3.48608063688382,0.0270784003944532,0.5599121757110735,0.2146418890201735,1034.8866714265996,258.0894284833798
1020,0.0115,0.0124999999999999,450000.0,0.000127,1.0,20.0,250.0,0.0013156397083141,1726.5426245033934,220.5130739903045,133.14024403479775,0.0,0.0013458895206739,0.4252827918635584,0.0940108772531785,57.15,6.056048541570699e-09,8.983471561578063e-10,1096.364116674344,10.0301700692863,9.501438125997146e-05,0.00148,6.65847e-07,0.0154111111111111,0.01157,6.76e-06,0.0805555555555555,0.023,9e-06,0.0031111111111111,0.03605,0.0990777777777777,1.0,317518.0897939414,1.9e-06,0.12776,3.554598704193155,0.0184052273173221,0.1674619146103797,0.1566628918150634,332.3704546719409,5.499089797876997
1021,0.0115,0.0124999999999999,450000.0,0.000127,1.0,20.0,275.0,0.0017596640871133,1726.5426245033934,242.0128264794384,147.79926158815897,0.0,0.0014940747538577,0.800425566806053,0.1257392608744069,57.15,8.27617043556679e-09,1.0869291941020015e-09,918.7543651546569,7.657734492630714,0.0001369603965636,0.00148,6.65847e-07,0.0154111111111111,0.01157,6.76e-06,0.0805555555555555,0.023,9e-06,0.0031111111111111,0.03605,0.0990777777777777,1.0,712646.8909775874,1.9e-06,0.12776,3.4404266916265085,0.0328573808067711,0.5108763059316461,0.249041886630355,902.8937010596842,160.95846410504927
1022,0.0115,0.0124999999999999,450000.0,0.000127,1.0,20.0,300.0,0.002395041096781,1726.5426245033934,265.6087782946687,159.9385673477609,0.0,0.0016167886975533,1.1962003149490197,0.1711410146280243,57.15,1.1347711191430233e-08,1.5507929876649755e-09,769.9478537625287,5.692027026865185,0.0002035440914049,0.00148,6.65847e-07,0.0154111111111111,0.01157,6.76e-06,0.0805555555555555,0.023,9e-06,0.0031111111111111,0.03605,0.0990777777777777,1.0,888383.491910691,1.9e-06,0.12776,3.286628619849651,0.052325491158272,0.8612493003209952,0.3456034438752671,1326.401595981362,507.88558249096553
1023,0.0115,0.0124999999999999,450000.0,0.000127,1.0,20.0,325.0,0.0034370976341707,1726.5426245033934,291.5053062825179,168.94148428890924,0.0,0.0017077974804681,1.711726026973622,0.2456026233863559,57.15,1.6280112135074697e-08,2.505139626302562e-09,631.0069821105719,3.894111306558118,0.0003215179915973,0.00148,6.65847e-07,0.0154111111111111,0.01157,6.76e-06,0.0805555555555555,0.023,9e-06,0.0031111111111111,0.03605,0.0990777777777777,1.0,1210916.518230205,1.9e-06,0.12776,3.207667118321362,0.0623206179340048,1.302313403587266,0.3861291040667715,1881.471753297177,995.4471845720361
1024,0.0115,0.0124999999999999,450000.0,0.000127,1.0,25.0,250.0,0.0020714428285071,2158.178280629242,220.5130739903045,134.0590105708713,0.0,0.001084141726116,0.4465213706502148,0.1480178473309401,57.15,9.816012721600633e-09,1.2544319856317268e-09,813.0942895323766,6.250348377692383,0.0001469174841115,0.00148,6.65847e-07,0.0154111111111111,0.01157,6.76e-06,0.0805555555555555,0.023,9e-06,0.0031111111111111,0.03605,0.0990777777777777,1.0,676402.2666005597,1.9e-06,0.12776,3.432322245924505,0.0338832600095563,0.1346935233192745,0.2548360074005387,236.2129605907841,3.8385347130699827
1025,0.0115,0.0124999999999999,450000.0,0.000127,1.0,25.0,275.0,0.002769219621215,2158.178280629242,242.0128264794384,149.1453216948854,0.0,0.001206145456511,0.8669239829706288,0.19787846494139,57.15,1.3118822873751168e-08,1.8934769056973663e-09,720.0573838379953,5.046436862471234,0.0002153839837917,0.00148,6.65847e-07,0.0154111111111111,0.01157,6.76e-06,0.0805555555555555,0.023,9e-06,0.0031111111111111,0.03605,0.0990777777777777,1.0,794197.9455907354,1.9e-06,0.12776,3.262346283255555,0.0553992046511956,0.5052355180292387,0.3586243321180067,762.6258153050026,80.90155778873951
1026,0.0115,0.0124999999999999,450000.0,0.000127,1.0,25.0,300.0,0.0037674951647194,2158.178280629242,265.6087782946687,164.81152415326062,0.0,0.0013328387962767,1.3074143693205629,0.2692116414882607,57.15,1.7843993779672184e-08,2.807727596705038e-09,586.9539780374032,3.324058825900704,0.0003217736191292,0.00148,6.65847e-07,0.0154111111111111,0.01157,6.76e-06,0.0805555555555555,0.023,9e-06,0.0031111111111111,0.03605,0.0990777777777777,1.0,1208251.5889243733,1.9e-06,0.12776,3.207058981682148,0.0623975972554243,0.8743927278323019,0.3864217515679671,1262.6460977776733,451.36968043968534
1027,0.0115,0.0124999999999999,450000.0,0.000127,1.0,30.0,250.0,0.0030104976644216,2589.8139367550903,220.5130739903045,135.1571747190439,0.0,0.0009108521940754,0.4556227965027636,0.2151193253079823,57.15,1.4260872278262685e-08,2.1144465760073203e-09,687.8869780771075,4.630146986364482,0.00021403419245,0.00148,6.65847e-07,0.0154111111111111,0.01157,6.76e-06,0.0805555555555555,0.023,9e-06,0.0031111111111111,0.03605,0.0990777777777777,1.0,808768.6329192773,1.9e-06,0.12776,3.266265388578492,0.0549031153698111,0.0766934711947811,0.3565579744831533,116.13763182423808,1.8867533847510265
1028,0.0115,0.0124999999999999,450000.0,0.000127,1.0,30.0,275.0,0.0040222783945012,2589.8139367550903,242.0128264794384,150.5105696681335,0.0,0.00101432190262,0.9249398908147478,0.2874175338688414,57.15,1.9049967733972738e-08,3.041065722036109e-09,552.9828807331625,2.884467731119231,0.0003135653389573,0.00148,6.65847e-07,0.0154111111111111,0.01157,6.76e-06,0.0805555555555555,0.023,9e-06,0.0031111111111111,0.03605,0.0990777777777777,1.0,1280431.7909257975,1.9e-06,0.12776,3.223063836738805,0.0603716662355943,0.4737123569459063,0.3786257557005425,692.744537804191,52.498536457765276
1029,0.0115,0.0124999999999999,450000.0,0.000127,1.0,30.0,300.0,0.0054694210066786,2589.8139367550903,265.6087782946687,168.27028672869426,0.0,0.0011340083142692,1.3317312641787575,0.390825135221632,57.15,2.4755534026714586e-08,3.506798933138116e-09,414.36570101856273,2.184744375444299,0.0004373200484909,0.00148,6.65847e-07,0.0154111111111111,0.01157,6.76e-06,0.0805555555555555,0.023,9e-06,0.0031111111111111,0.03605,0.0990777777777777,1.0,1590170.3468537806,1.9e-06,0.12776,3.48252636636093,0.0275283080555785,0.7770961289571254,0.2174327393061683,1431.2040911722436,601.2787896073871
1030,0.0115,0.0124999999999999,450000.0,0.000127,1.0,35.0,275.0,0.0055301463287906,3021.449592880939,242.0128264794384,151.98759215255896,0.0,0.0008779507397676,0.9039518116585328,0.3951643481285968,57.15,2.4998435315162642e-08,3.512528245828741e-09,413.29790695454506,2.182001169743211,0.0004023632746062,0.00148,6.65847e-07,0.0154111111111111,0.01157,6.76e-06,0.0805555555555555,0.023,9e-06,0.0031111111111111,0.03605,0.0990777777777777,1.0,1730559.3561172483,1.9e-06,0.12776,3.498637642600523,0.0254889059999338,0.3449774635299357,0.2046205713031473,645.7586430890113,37.93048859298986
1031,0.0115,0.0124999999999999,450000.0,0.000127,1.0,35.0,300.0,0.0075152528581308,3021.449592880939,265.6087782946687,171.11329411379987,0.0,0.0009884296541818,1.4722050175264645,0.5370129143317424,57.15,3.293886143252347e-08,4.335628881915422e-09,350.0298856747653,1.930158508560163,0.0005745287762754,0.00148,6.65847e-07,0.0154111111111111,0.01157,6.76e-06,0.0805555555555555,0.023,9e-06,0.0031111111111111,0.03605,0.0990777777777777,1.0,1766229.1555888057,1.9e-06,0.12776,3.435643366951009,0.0334628649429102,0.771382103194722,0.2524724813160056,1357.068881975255,535.1872224256886
1032,0.0115,0.0124999999999999,450000.0,0.000127,1.0,40.0,275.0,0.0073060194978044,3453.085249006787,242.0128264794384,153.61285903529128,0.0,0.0007764216549066,0.9062077419750276,0.5220618516429114,57.15,3.2101927991217667e-08,4.210745021537535e-09,358.3992200878233,1.966427856172592,0.0005105277837496,0.00148,6.65847e-07,0.0154111111111111,0.01157,6.76e-06,0.0805555555555555,0.023,9e-06,0.0031111111111111,0.03605,0.0990777777777777,1.0,2086373.3445927652,1.9e-06,0.12776,3.4732819305753484,0.0286984898005888,0.2203358903321162,0.2245995312313201,402.0836860099268,7.251607476650266
1033,0.0115,0.0124999999999999,500000.0,0.000127,1.0,20.0,250.0,0.0010656681637344,1553.888362053054,220.5130739903045,133.14024403479783,0.0,0.0014954328007487,0.4335203333775968,0.0761488105750745,63.5,4.990522654937812e-09,7.33300741693192e-10,1233.219101759328,11.02655149616078,8.828782691839785e-05,0.00148,6.65847e-07,0.0154111111111111,0.01157,6.76e-06,0.0805555555555555,0.023,9e-06,0.0031111111111111,0.03605,0.0990777777777777,1.0,626108.8618703227,1.9e-06,0.12776,3.419781618848955,0.0354706811583601,0.1935615228025221,0.2636275542568342,335.44529750625355,5.559923394511586
1034,0.0115,0.0124999999999999,500000.0,0.000127,1.0,20.0,275.0,0.0014253279105618,1553.888362053054,242.0128264794384,147.79926158815906,0.0,0.0016600830598419,0.8510984775209653,0.1018488013082696,63.5,6.6044895528091025e-09,9.44932942222621e-10,1052.4888357752718,9.444102714030878,0.000124289485552,0.00148,6.65847e-07,0.0154111111111111,0.01157,6.76e-06,0.0805555555555555,0.023,9e-06,0.0031111111111111,0.03605,0.0990777777777777,1.0,795390.9957962645,1.9e-06,0.12776,3.261707434156287,0.0554800716257865,0.5854396762126957,0.3589599094441534,883.2273146904366,148.0745381766958
1035,0.0115,0.0124999999999999,500000.0,0.000127,1.0,20.0,300.0,0.0019399832883926,1553.888362053054,265.6087782946687,159.938567347761,0.0,0.0017964318861703,1.185729819598454,0.1386242218486997,63.5,9.177766441963196e-09,1.163512742396526e-09,846.6266846429444,6.694283590619479,0.0001828089726056,0.00148,6.65847e-07,0.0154111111111111,0.01157,6.76e-06,0.0805555555555555,0.023,9e-06,0.0031111111111111,0.03605,0.0990777777777777,1.0,902554.8887190376,1.9e-06,0.12776,3.305746040464616,0.0499055644981498,0.8832955977497544,0.3349741235212811,1382.4510374692893,557.8105928339496
1036,0.0115,0.0124999999999999,500000.0,0.000127,1.0,20.0,325.0,0.0027840490836782,1553.888362053054,291.5053062825179,168.94148428890938,0.0,0.0018975527560757,1.7086205228133395,0.1989381249429483,63.5,1.3189015662743841e-08,1.907058172305076e-09,718.0801221762299,5.02085079997874,0.0002885582237351,0.00148,6.65847e-07,0.0154111111111111,0.01157,6.76e-06,0.0805555555555555,0.023,9e-06,0.0031111111111111,0.03605,0.0990777777777777,1.0,1570414.260732764,1.9e-06,0.12776,3.46680643936905,0.0295181722317658,1.345872397870391,0.229542005246473,2440.383056160805,1459.9646763821513
1037,0.0115,0.0124999999999999,500000.0,0.000127,1.0,25.0,250.0,0.0016778686910908,1942.3604525663168,220.5130739903045,134.0590105708713,0.0,0.0012046019179067,0.4428815475844987,0.1198944563380614,63.5,7.867193455454055e-09,1.0521897896618692e-09,951.4725235636756,8.094769747441063,0.000133102681037,0.00148,6.65847e-07,0.0154111111111111,0.01157,6.76e-06,0.0805555555555555,0.023,9e-06,0.0031111111111111,0.03605,0.0990777777777777,1.0,522663.6415401032,1.9e-06,0.12776,3.393799721640564,0.0387595289062577,0.1591770912464372,0.2811976658475071,269.2744773037717,4.381760966412506
1038,0.0115,0.0124999999999999,500000.0,0.000127,1.0,25.0,275.0,0.0022430678931841,1942.3604525663168,242.0128264794384,149.14532169488535,0.0,0.0013401616183456,0.8585679941329067,0.1602815566025258,63.5,1.0628371361071772e-08,1.411611368614865e-09,790.210947575443,5.954234500268369,0.0001934133499085,0.00148,6.65847e-07,0.0154111111111111,0.01157,6.76e-06,0.0805555555555555,0.023,9e-06,0.0031111111111111,0.03605,0.0990777777777777,1.0,824791.0169413994,1.9e-06,0.12776,3.2859270928019804,0.0524142920503822,0.5344764375303808,0.3459870348978442,822.6594112554696,111.63717737274968
1039,0.0115,0.0124999999999999,500000.0,0.000127,1.0,25.0,300.0,0.0030516710834227,1942.3604525663168,265.6087782946687,164.8115241532604,0.0,0.001480931995863,1.276638504413246,0.218061429605491,63.5,1.4455759794867794e-08,2.1521544283310787e-09,682.3971888769636,4.55910829064624,0.000289080986452,0.00148,6.65847e-07,0.0154111111111111,0.01157,6.76e-06,0.0805555555555555,0.023,9e-06,0.0031111111111111,0.03605,0.0990777777777777,1.0,1568390.4486252146,1.9e-06,0.12776,3.466540182730534,0.0295518756037298,0.8947670748077549,0.229743879633111,1621.9979507283326,770.4156529105389
1040,0.0115,0.0124999999999999,500000.0,0.000127,1.0,30.0,250.0,0.0024385031081815,2330.832543079581,220.5130739903045,135.1571747190439,0.0,0.0010120579934171,0.4600911772021549,0.1742466534994656,63.5,1.1553431378726104e-08,1.5905968015659287e-09,764.1529189091239,5.617039700621898,0.0001923942497179,0.00148,6.65847e-07,0.0154111111111111,0.01157,6.76e-06,0.0805555555555555,0.023,9e-06,0.0031111111111111,0.03605,0.0990777777777777,1.0,833969.7528777893,1.9e-06,0.12776,3.28835806121817,0.0521065745293455,0.1220345237026891,0.3446558703608011,188.2163176878157,3.0577528968016408
1041,0.0115,0.0124999999999999,500000.0,0.000127,1.0,30.0,275.0,0.003258045499546,2330.832543079581,242.0128264794384,150.51056966813354,0.0,0.0011270243362444,0.8957661799779315,0.2328082024337616,63.5,1.5432598697851252e-08,2.341158309849249e-09,654.8806000605282,4.203039503873242,0.0002819312268852,0.00148,6.65847e-07,0.0154111111111111,0.01157,6.76e-06,0.0805555555555555,0.023,9e-06,0.0031111111111111,0.03605,0.0990777777777777,1.0,896048.3107827653,1.9e-06,0.12776,3.4451382356285496,0.0322609828318291,0.4991479775441698,0.245631850659244,886.1715595043734,149.972440975387
1042,0.0115,0.0124999999999999,500000.0,0.000127,1.0,30.0,300.0,0.0044302310154097,2330.832543079581,265.6087782946687,168.27028672869432,0.0,0.0012600092380769,1.3836049595849824,0.3165683595295218,63.5,2.078869705650224e-08,3.300779174494095e-09,498.5891979453731,2.4229313239416257,0.0004155110907645,0.00148,6.65847e-07,0.0154111111111111,0.01157,6.76e-06,0.0805555555555555,0.023,9e-06,0.0031111111111111,0.03605,0.0990777777777777,1.0,1621353.9874098047,1.9e-06,0.12776,3.3965953008214287,0.0384056581238698,0.9032266000554604,0.2793475291914027,1531.8905872058708,690.8274001073554
1043,0.0115,0.0124999999999999,500000.0,0.000127,1.0,35.0,250.0,0.0033548912207647,2719.3046335928443,220.5130739903045,136.43807409352178,0.0,0.0008756994669132,0.4632260273856296,0.239728449027455,63.5,1.5891001778286532e-08,2.4298525267129904e-09,641.9678372313654,4.035946415949453,0.000265142558316,0.00148,6.65847e-07,0.0154111111111111,0.01157,6.76e-06,0.0805555555555555,0.023,9e-06,0.0031111111111111,0.03605,0.0990777777777777,1.0,1011593.7697484272,1.9e-06,0.12776,3.468966812532951,0.02924470727431,0.0596875783581745,0.2279001007690835,108.45825266946434,1.7619954195656116
1044,0.0115,0.0124999999999999,500000.0,0.000127,1.0,35.0,275.0,0.0044794185263204,2719.3046335928443,242.0128264794384,151.98759215255893,0.0,0.000975500821964,0.907549675142232,0.3200831219841632,63.5,2.096905126317492e-08,3.3147412134244755e-09,492.030863157276,2.404199572078233,0.0003820917293345,0.00148,6.65847e-07,0.0154111111111111,0.01157,6.76e-06,0.0805555555555555,0.023,9e-06,0.0031111111111111,0.03605,0.0990777777777777,1.0,1812142.3097301133,1.9e-06,0.12776,3.4250709092477623,0.0348011507281314,0.4236565531580688,0.2599449451568875,737.8755270108292,69.91543352205744
1045,0.0115,0.0124999999999999,550000.0,0.000127,1.0,20.0,275.0,0.0011779569508775,1412.6257836845944,242.0128264794384,147.799261588159,0.0,0.001826091365826,0.82173089541868,0.0841725630646856,69.85,5.4396778035101485e-09,8.168592074690597e-10,1165.8458294734776,10.633233069883214,0.0001148154261084,0.00148,6.65847e-07,0.0154111111111111,0.01157,6.76e-06,0.0805555555555555,0.023,9e-06,0.0031111111111111,0.03605,0.0990777777777777,1.0,825226.1515840895,1.9e-06,0.12776,3.283784291265586,0.0526855327511916,0.5737483323539945,0.3471559269994626,881.5278762779438,146.984121706638
1046,0.0115,0.0124999999999999,550000.0,0.000127,1.0,20.0,300.0,0.0016032919738782,1412.6257836845944,265.6087782946687,159.938567347761,0.0,0.0019760750747873,1.199382614068703,0.1145654726022311,69.85,7.494309869391064e-09,1.0205162375177895e-09,981.3032104487148,8.493235384809491,0.000167198149263,0.00148,6.65847e-07,0.0154111111111111,0.01157,6.76e-06,0.0805555555555555,0.023,9e-06,0.0031111111111111,0.03605,0.0990777777777777,1.0,1032283.596588455,1.9e-06,0.12776,3.463206295853956,0.0299738866007651,0.921007141466472,0.2322626890951498,1664.1052604649149,807.3720440073852
1047,0.0115,0.0124999999999999,550000.0,0.000127,1.0,20.0,325.0,0.0023008670113043,1412.6257836845944,291.5053062825179,168.94148428890878,0.0,0.0020873080316832,1.6811763531001165,0.1644116735065687,69.85,1.0901953853507295e-08,1.4645455349628703e-09,782.5043984927523,5.854510599155988,0.0002614325624554,0.00148,6.65847e-07,0.0154111111111111,0.01157,6.76e-06,0.0805555555555555,0.023,9e-06,0.0031111111111111,0.03605,0.0990777777777777,1.0,1634752.0209619105,1.9e-06,0.12776,3.382765997553548,0.040156202841323,1.3529546795935474,0.288408064344418,2265.7887458794257,1317.3883011204691
1048,0.0115,0.0124999999999999,550000.0,0.000127,1.0,25.0,250.0,0.0013866683397444,1765.7822296057432,220.5130739903045,134.0590105708713,0.0,0.0013250621096974,0.4305296494923172,0.0990863275521168,69.85,6.41119169872236e-09,9.285137972412143e-10,1067.9526641022112,9.650661960695093,0.0001220684217895,0.00148,6.65847e-07,0.0154111111111111,0.01157,6.76e-06,0.0805555555555555,0.023,9e-06,0.0031111111111111,0.03605,0.0990777777777777,1.0,777713.9037966765,1.9e-06,0.12776,3.270820756934073,0.0543264864640414,0.1676333219402002,0.3541393502491153,254.8028756805055,4.142776942660996
1049,0.0115,0.0124999999999999,550000.0,0.000127,1.0,25.0,275.0,0.001853775118334,1765.7822296057432,242.0128264794384,149.14532169488527,0.0,0.0014741777801802,0.8775849057046962,0.1324640963657237,69.85,8.746725591670151e-09,1.1268991842827642e-09,881.1099526663879,7.154896429487727,0.0001760263267152,0.00148,6.65847e-07,0.0154111111111111,0.01157,6.76e-06,0.0805555555555555,0.023,9e-06,0.0031111111111111,0.03605,0.0990777777777777,1.0,993967.0192395604,1.9e-06,0.12776,3.4558584843199918,0.0309039893265833,0.5813108093389724,0.2377563408702612,1042.815235278089,264.40192176955435
1050,0.0115,0.0124999999999999,550000.0,0.000127,1.0,25.0,300.0,0.0025220422177047,1765.7822296057432,265.6087782946687,164.81152415326042,0.0,0.0016290251954493,1.280038405846251,0.1802160575251992,69.85,1.1948849830469253e-08,1.667104424240561e-09,753.0143709726971,5.472905219542346,0.0002621672572639,0.00148,6.65847e-07,0.0154111111111111,0.01157,6.76e-06,0.0805555555555555,0.023,9e-06,0.0031111111111111,0.03605,0.0990777777777777,1.0,1630938.1842079216,1.9e-06,0.12776,3.3821287804821822,0.0402368632301035,0.9360123483210516,0.2888200618327492,1566.6292244901042,721.5858524973393
1051,0.0115,0.0124999999999999,550000.0,0.000127,1.0,30.0,250.0,0.0020152918249434,2118.9386755268915,220.5130739903045,135.15717471904392,0.0,0.0011132637927588,0.4710898114018064,0.1440054987598889,69.85,9.55023130473232e-09,1.203007212037958e-09,820.5810900075403,6.347228698861073,0.0001746609765252,0.00148,6.65847e-07,0.0154111111111111,0.01157,6.76e-06,0.0805555555555555,0.023,9e-06,0.0031111111111111,0.03605,0.0990777777777777,1.0,1000130.7826164146,1.9e-06,0.12776,3.4570692871393454,0.0307507231469183,0.1632743126419173,0.2368564908929708,293.2440624581219,4.786127945112198
1052,0.0115,0.0124999999999999,550000.0,0.000127,1.0,30.0,275.0,0.0026925995864016,2118.9386755268915,242.0128264794384,150.51056966813363,0.0,0.0012397267698689,0.8777977002074643,0.1924034730857534,69.85,1.2756154708967981e-08,1.8233059792142558e-09,730.2733884797752,5.178633494936563,0.0002558953339449,0.00148,6.65847e-07,0.0154111111111111,0.01157,6.76e-06,0.0805555555555555,0.023,9e-06,0.0031111111111111,0.03605,0.0990777777777777,1.0,1063434.107819123,1.9e-06,0.12776,3.3613824446855807,0.0428629816853695,0.5215842271217108,0.3019779649445815,856.8380237300103,131.57232192160558
1053,0.0115,0.0124999999999999,550000.0,0.000127,1.0,35.0,250.0,0.0027726373725328,2472.09512144804,220.5130739903045,136.43807409352175,0.0,0.0009632694136045,0.4409463453001958,0.198122685146657,69.85,1.3135000229988869e-08,1.8966069848867687e-09,719.6016836622854,5.040540033842522,0.0002408240296118,0.00148,6.65847e-07,0.0154111111111111,0.01157,6.76e-06,0.0805555555555555,0.023,9e-06,0.0031111111111111,0.03605,0.0990777777777777,1.0,1200230.2114088647,1.9e-06,0.12776,3.392535339008333,0.0389195773407173,0.0790136601535385,0.282031328117108,133.50970095667282,2.1689772485516925
1054,0.0115,0.0124999999999999,600000.0,0.000127,1.0,20.0,300.0,0.0013472106169393,1294.9069683775454,265.6087782946687,159.93856734776122,0.0,0.0021557182634044,1.2506933328003098,0.0962668207282637,76.2,6.213903084696667e-09,9.117556683309211e-10,1083.7357532242663,9.861485757374634,0.0001542503354073,0.00148,6.65847e-07,0.0154111111111111,0.01157,6.76e-06,0.0805555555555555,0.023,9e-06,0.0031111111111111,0.03605,0.0990777777777777,1.0,1111766.9388614804,1.9e-06,0.12776,3.3604649631689933,0.0429791185862033,0.990616512072046,0.30254862443342,1626.0153699156067,773.9485077668867
1055,0.0115,0.0124999999999999,600000.0,0.000127,1.0,25.0,250.0,0.0011651865910352,1618.633710471932,220.5130739903045,134.0590105708713,0.0,0.001445522301488,0.4485752947065665,0.0832600391236538,76.2,5.3885963641411454e-09,8.073562846664065e-10,1173.5080453788282,10.67796432011706,0.0001139090303279,0.00148,6.65847e-07,0.0154111111111111,0.01157,6.76e-06,0.0805555555555555,0.023,9e-06,0.0031111111111111,0.03605,0.0990777777777777,1.0,914059.2917993036,1.9e-06,0.12776,3.4301473504756363,0.0341585632309321,0.2015052555829125,0.2563757228119852,352.6509726988738,5.920138026355846
1056,0.0115,0.0124999999999999,600000.0,0.000127,1.0,25.0,275.0,0.0015576860369334,1618.633710471932,242.0128264794384,149.14532169488524,0.0,0.0016081939420147,0.8867924019438324,0.1113066365295318,76.2,7.266280184667284e-09,1.001146894432045e-09,999.5455852266172,8.736909274083432,0.0001623994646787,0.00148,6.65847e-07,0.0154111111111111,0.01157,6.76e-06,0.0805555555555555,0.023,9e-06,0.0031111111111111,0.03605,0.0990777777777777,1.0,1052593.5879365678,1.9e-06,0.12776,3.345882841230384,0.0448249568062805,0.6116757654143004,0.3114948227762609,991.1368719945078,224.1074733158242
1057,0.0115,0.0124999999999999,600000.0,0.000127,1.0,30.0,250.0,0.0016934049362372,1942.360452566318,220.5130739903045,135.15717471904392,0.0,0.0012144695921006,0.4495122036962988,0.12100462048574,76.2,7.944874681186013e-09,1.0587882038742386e-09,945.2580255051188,8.011759123536539,0.0001611397141914,0.00148,6.65847e-07,0.0154111111111111,0.01157,6.76e-06,0.0805555555555555,0.023,9e-06,0.0031111111111111,0.03605,0.0990777777777777,1.0,1062788.2882782712,1.9e-06,0.12776,3.34847553806283,0.044496767333819,0.1646975832105587,0.3099210051421918,267.47991906246966,4.3519753177739355
1058,0.0115,0.013,400000.0,0.000127,1.0,20.0,250.0,0.0019858276911157,1942.3604525663168,220.5130739903045,130.64258090573765,0.0,0.0011739032150781,0.45757605898733,0.1419000978274452,50.8,9.406988455578877e-09,1.182983364521472e-09,828.2889235536899,6.449335571537679,0.0001251939976213,0.00148,6.65847e-07,0.0154111111111111,0.01157,6.76e-06,0.0805555555555555,0.023,9e-06,0.0031111111111111,0.03605,0.0990777777777777,1.0,375113.94847643847,1.9e-06,0.12776,3.568685169918464,0.0166221303900678,0.1518659611598846,0.143665890952603,306.061593207677,5.0099351672946435
1059,0.0115,0.013,400000.0,0.000127,1.0,20.0,275.0,0.0026491480040187,1942.3604525663168,242.0128264794384,144.48114004610446,0.0,0.0012982511034488,0.7874142611882968,0.1892985794343681,50.8,1.2550483885688932e-08,1.783511716520527e-09,736.0669327974949,5.253602827439504,0.0001830733229077,0.00148,6.65847e-07,0.0154111111111111,0.01157,6.76e-06,0.0805555555555555,0.023,9e-06,0.0031111111111111,0.03605,0.0990777777777777,1.0,857813.117620842,1.9e-06,0.12776,3.469342224907685,0.0291971867205461,0.4343056817539286,0.2276140697815406,789.468877025109,93.9437811570858
1060,0.0115,0.013,400000.0,0.000127,1.0,20.0,300.0,0.003599961602564,1942.3604525663168,265.6087782946687,156.6405880759057,0.0,0.0014075111550858,1.2281380508890456,0.2572402962574607,50.8,1.7051001585470035e-08,2.654295334476272e-09,609.2917863247876,3.6131134158107017,0.0002732231288963,0.00148,6.65847e-07,0.0154111111111111,0.01157,6.76e-06,0.0805555555555555,0.023,9e-06,0.0031111111111111,0.03605,0.0990777777777777,1.0,1138182.0300121938,1.9e-06,0.12776,3.34178810281783,0.0453432781243253,0.8070877546315848,0.3139658399607715,1303.081706602704,487.16565422317706
1061,0.0115,0.013,400000.0,0.000127,1.0,20.0,325.0,0.0051633137892425,1942.3604525663168,291.5053062825179,167.0182569612573,0.0,0.0015007608351294,1.847975445206714,0.3689518154496329,50.8,2.353110515697029e-08,3.477918329387458e-09,419.74829032995865,2.1985724628847563,0.0004076736522106,0.00148,6.65847e-07,0.0154111111111111,0.01157,6.76e-06,0.0805555555555555,0.023,9e-06,0.0031111111111111,0.03605,0.0990777777777777,1.0,1220787.726270337,1.9e-06,0.12776,3.19137557259639,0.0643828389118493,1.3152136297570811,0.3938737061912418,1876.1371086937609,990.8864946098163
1062,0.0115,0.013,400000.0,0.000127,1.0,25.0,250.0,0.0031280035338442,2427.9505657078967,220.5130739903045,131.5737864683015,0.0,0.0009458165316962,0.4642154430813329,0.22351587171579,50.8,1.4817066726862898e-08,2.222061976400602e-09,672.2195288207633,4.427407842870002,0.0001977136948855,0.00148,6.65847e-07,0.0154111111111111,0.01157,6.76e-06,0.0805555555555555,0.023,9e-06,0.0031111111111111,0.03605,0.0990777777777777,1.0,811861.0570605113,1.9e-06,0.12776,3.461043382633457,0.0302476730843726,0.0768895713655427,0.2338880157210044,138.63243277409524,2.2522003441062717
1063,0.0115,0.013,400000.0,0.000127,1.0,25.0,275.0,0.0041708170942214,2427.9505657078967,242.0128264794384,145.87820222596213,0.0,0.0010486436469067,0.8033665862638523,0.2980315746115254,50.8,1.9753050912648183e-08,3.177101919400828e-09,533.1777207704737,2.6281859904280447,0.0002890357827882,0.00148,6.65847e-07,0.0154111111111111,0.01157,6.76e-06,0.0805555555555555,0.023,9e-06,0.0031111111111111,0.03605,0.0990777777777777,1.0,1070157.456397404,1.9e-06,0.12776,3.328451464257882,0.0470314602205212,0.3415250116523267,0.3218924474923946,545.0373254241041,17.831641546012573
1064,0.0115,0.013,400000.0,0.000127,1.0,25.0,300.0,0.0056652539379619,2427.9505657078967,265.6087782946687,161.30281472566026,0.0,0.0011595232824999,1.4024836581196294,0.4048186514925823,50.8,2.5538865751847694e-08,3.525275378538831e-09,410.9221747548776,2.1758978186065083,0.0003995542122845,0.00148,6.65847e-07,0.0154111111111111,0.01157,6.76e-06,0.0805555555555555,0.023,9e-06,0.0031111111111111,0.03605,0.0990777777777777,1.0,1308315.0845321852,1.9e-06,0.12776,3.210311939045557,0.0619858305005624,0.833855006627047,0.3848531096698293,1207.1869227682478,402.6960050623465
1065,0.0115,0.013,400000.0,0.000127,1.0,25.0,325.0,0.0081220172704744,2427.9505657078967,291.5053062825179,179.1768518566184,0.0,0.0012880105766668,2.0806571812285752,0.5803701148859307,50.8,3.5365919081897814e-08,4.697784716124464e-09,325.7593091810219,1.8249795382668763,0.0006016957755868,0.00148,6.65847e-07,0.0154111111111111,0.01157,6.76e-06,0.0805555555555555,0.023,9e-06,0.0031111111111111,0.03605,0.0990777777777777,1.0,1678139.038412155,1.9e-06,0.12776,3.507085343428384,0.0244195767812172,1.3364770663426444,0.1977336022169769,2523.3951375085894,1527.10307349908
1066,0.0115,0.013,400000.0,0.000127,1.0,30.0,275.0,0.006061203526551,2913.540678849476,242.0128264794384,147.29298307169435,0.0,0.0008823448178868,0.7856176064023179,0.4331117836746403,50.8,2.7122664106204084e-08,3.562632430323036e-09,403.9597971891269,2.1580111918915845,0.0003844012100643,0.00148,6.65847e-07,0.0154111111111111,0.01157,6.76e-06,0.0805555555555555,0.023,9e-06,0.0031111111111111,0.03605,0.0990777777777777,1.0,1543501.842986011,1.9e-06,0.12776,3.08311673577886,0.0780864891419165,0.1886958227276775,0.4407575551186735,248.35194196466784,4.036946110864184
1067,0.0115,0.013,400000.0,0.000127,1.0,30.0,300.0,0.0082285739471372,2913.540678849476,265.6087782946687,164.65814811898076,0.0,0.0009863692124757,1.4571001921402542,0.5879842713962155,50.8,3.5792145788548846e-08,4.761384560384106e-09,321.4970421145115,1.806508577707447,0.0005551165558586,0.00148,6.65847e-07,0.0154111111111111,0.01157,6.76e-06,0.0805555555555555,0.023,9e-06,0.0031111111111111,0.03605,0.0990777777777777,1.0,1866374.045286636,1.9e-06,0.12776,3.5253457650035496,0.0221081310122089,0.7053059207440388,0.1824315321224515,1357.0842534206618,535.200917679043
1068,0.0115,0.013,400000.0,0.000127,1.0,35.0,300.0,0.0113129289185085,3399.1307919910555,265.6087782946687,167.4581821191603,0.0,0.0008598364747452,1.4804391618398274,0.8083811739725149,50.8,5.20683524295599e-08,3.859584984958271e-09,250.64,2.180012334198096,0.0007622339674091,0.00148,6.65847e-07,0.0154111111111111,0.01157,6.76e-06,0.0805555555555555,0.023,9e-06,0.0031111111111111,0.03605,0.0990777777777777,1.0,1984128.206766472,1.9e-06,0.12776,3.479837571278165,0.0278686618635233,0.5082479878673126,0.2195308662635112,933.5477759165934,181.96329038955307
1069,0.0115,0.013,450000.0,0.000127,1.0,20.0,250.0,0.0015690490398939,1726.5426245033934,220.5130739903045,130.6425809057377,0.0,0.0013206411169628,0.4621415086542133,0.1121185958142778,57.15,7.323095199469735e-09,1.0059728867823982e-09,995.000384042421,8.676196408375445,0.0001123503281929,0.00148,6.65847e-07,0.0154111111111111,0.01157,6.76e-06,0.0805555555555555,0.023,9e-06,0.0031111111111111,0.03605,0.0990777777777777,1.0,790287.6891076985,1.9e-06,0.12776,3.456326728241876,0.0308447179440663,0.1862129128399353,0.2374086009716359,334.2003073039836,5.535178951528719
1070,0.0115,0.013,450000.0,0.000127,1.0,20.0,275.0,0.0020931539784839,1726.5426245033934,242.0128264794384,144.48114004610449,0.0,0.0014605324913799,0.7711904979395108,0.1495692479481428,57.15,9.918778831490852e-09,1.274315708114986e-09,810.199469535469,6.2128889727094,0.0001623015237939,0.00148,6.65847e-07,0.0154111111111111,0.01157,6.76e-06,0.0805555555555555,0.023,9e-06,0.0031111111111111,0.03605,0.0990777777777777,1.0,608557.5791422039,1.9e-06,0.12776,3.415829379507911,0.0359709646192518,0.4578112499913679,0.2663554208709391,790.4553114397866,94.44498744997686
1071,0.0115,0.013,450000.0,0.000127,1.0,20.0,300.0,0.0028444141057296,1726.5426245033934,265.6087782946687,156.64058807590573,0.0,0.0015834500494716,1.295650519385644,0.2032515921046606,57.15,1.3474743433787032e-08,1.96234227045039e-09,710.0314525693793,4.916699807965653,0.0002423057126172,0.00148,6.65847e-07,0.0154111111111111,0.01157,6.76e-06,0.0805555555555555,0.023,9e-06,0.0031111111111111,0.03605,0.0990777777777777,1.0,1208775.3947042287,1.9e-06,0.12776,3.003831657327282,0.088122575021863,0.9285889272809832,0.4707393640234218,1156.6400964181391,358.9862714311669
1072,0.0115,0.013,450000.0,0.000127,1.0,20.0,325.0,0.0040796553396484,1726.5426245033934,291.5053062825179,167.01825696125726,0.0,0.0016883559395206,1.8294909886961783,0.2915174838120558,57.15,1.932155194100268e-08,3.0936132497102434e-09,545.3326213802061,2.7854722275530746,0.0003821114612482,0.00148,6.65847e-07,0.0154111111111111,0.01157,6.76e-06,0.0805555555555555,0.023,9e-06,0.0031111111111111,0.03605,0.0990777777777777,1.0,922558.9924953404,1.9e-06,0.12776,3.4624138681202306,0.0300741939088315,1.3741635048841228,0.2328589607738038,2480.9543623887903,1492.8264282904736
1073,0.0115,0.013,450000.0,0.000127,1.0,25.0,250.0,0.0024715089650127,2158.178280629242,220.5130739903045,131.57378646830165,0.0,0.0010640435981582,0.4792768649036842,0.1766051332075381,57.15,1.1709659101060417e-08,1.6208245554276395e-09,759.7521379982982,5.560092935518678,0.000175514178169,0.00148,6.65847e-07,0.0154111111111111,0.01157,6.76e-06,0.0805555555555555,0.023,9e-06,0.0031111111111111,0.03605,0.0990777777777777,1.0,502275.8701953634,1.9e-06,0.12776,3.385990090527453,0.0397480898066515,0.1388617316961461,0.2863161635383123,233.2349268429571,3.7899640578362566
1074,0.0115,0.013,450000.0,0.000127,1.0,25.0,275.0,0.0032954604201255,2158.178280629242,242.0128264794384,145.8782022259622,0.0,0.00117972410277,0.8038544559667646,0.2354817379646622,57.15,1.5609695988594464e-08,2.37542401656362e-09,649.8919439832546,4.138485545934911,0.0002566716441193,0.00148,6.65847e-07,0.0154111111111111,0.01157,6.76e-06,0.0805555555555555,0.023,9e-06,0.0031111111111111,0.03605,0.0990777777777777,1.0,1259323.7548856265,1.9e-06,0.12776,3.196850943062096,0.0636897540427726,0.4045627180021023,0.3912927432787395,579.5614444843613,23.174471635782478
1075,0.0115,0.013,450000.0,0.000127,1.0,25.0,300.0,0.0044762500250563,2158.178280629242,265.6087782946687,161.30281472566017,0.0,0.0013044636928124,1.3606519522860954,0.3198567122904356,57.15,2.095743342520657e-08,3.3138418237789916e-09,492.4533299924884,2.405406211291296,0.0003767201936201,0.00148,6.65847e-07,0.0154111111111111,0.01157,6.76e-06,0.0805555555555555,0.023,9e-06,0.0031111111111111,0.03605,0.0990777777777777,1.0,981688.921218356,1.9e-06,0.12776,3.474323710169587,0.028566618965875,0.87698523999566,0.2237984564512078,1602.034759115615,752.8395291927224
1076,0.0115,0.013,450000.0,0.000127,1.0,25.0,325.0,0.0064173963618563,2158.178280629242,291.5053062825179,179.17685185661858,0.0,0.0014490118987502,2.054111213873992,0.4585640413913531,57.15,2.8547435447425458e-08,3.680357862123037e-09,393.9441455257454,2.1204653450503703,0.0005456970127474,0.00148,6.65847e-07,0.0154111111111111,0.01157,6.76e-06,0.0805555555555555,0.023,9e-06,0.0031111111111111,0.03605,0.0990777777777777,1.0,1929932.0854716145,1.9e-06,0.12776,3.456271180478361,0.0308517493065365,1.4317371724826389,0.2374498699323068,2569.4303449119334,1564.1729333509866
1077,0.0115,0.013,450000.0,0.000127,1.0,30.0,250.0,0.0035937945938441,2589.8139367550903,220.5130739903045,132.69881844849232,0.0,0.0008942848219954,0.4777820314414585,0.2567996240155628,57.15,1.7021811077528818e-08,2.648647402880257e-09,610.1140541541178,3.623753684862408,0.0002556747127254,0.00148,6.65847e-07,0.0154111111111111,0.01157,6.76e-06,0.0805555555555555,0.023,9e-06,0.0031111111111111,0.03605,0.0990777777777777,1.0,1265546.78472215,1.9e-06,0.12776,3.198196980202642,0.0635193695946023,0.0571724074258956,0.3906548830720273,81.98888186574813,1.3319782565698457
1078,0.0115,0.013,450000.0,0.000127,1.0,30.0,275.0,0.0047890990827069,2589.8139367550903,242.0128264794384,147.2929830716945,0.0,0.0009926379201226,0.7997264317948359,0.3422117796935434,57.15,2.2104546636592293e-08,3.4026450716233202e-09,450.7401223057352,2.286265990326583,0.0003608044050351,0.00148,6.65847e-07,0.0154111111111111,0.01157,6.76e-06,0.0805555555555555,0.023,9e-06,0.0031111111111111,0.03605,0.0990777777777777,1.0,1087682.700873212,1.9e-06,0.12776,3.4930672063562214,0.0261940245118707,0.2937046521012922,0.2090975305943626,546.6872000846402,18.054678538722225
1079,0.0115,0.013,450000.0,0.000127,1.0,30.0,300.0,0.0065015892915652,2589.8139367550903,265.6087782946687,164.6581481189808,0.0,0.0011096653640351,1.450303691158756,0.4645801650538,57.15,2.8884207166260844e-08,3.730609590920776e-09,390.5764283373917,2.1058710058429204,0.0005034940358718,0.00148,6.65847e-07,0.0154111111111111,0.01157,6.76e-06,0.0805555555555555,0.023,9e-06,0.0031111111111111,0.03605,0.0990777777777777,1.0,2114678.509434947,1.9e-06,0.12776,3.4761175490212057,0.0283395507568094,0.8219135261049558,0.2224152011562282,1504.1080585149411,666.1693215194906
1080,0.0115,0.013,450000.0,0.000127,1.0,35.0,275.0,0.0065883065027429,3021.449592880939,242.0128264794384,148.8218700392697,0.0,0.0008596640623362,0.8266393603556449,0.4707766647826012,57.15,2.92310760109718e-08,3.782367972453167e-09,387.1077398902821,2.0908390975885265,0.0004647342150249,0.00148,6.65847e-07,0.0154111111111111,0.01157,6.76e-06,0.0805555555555555,0.023,9e-06,0.0031111111111111,0.03605,0.0990777777777777,1.0,1454352.161649171,1.9e-06,0.12776,3.4643999923697675,0.0298227857759788,0.1920526955730437,0.2313627260717257,347.4137450029639,5.806554328369191
1081,0.0115,0.013,500000.0,0.000127,1.0,20.0,250.0,0.001270929722314,1553.888362053054,220.5130739903045,130.64258090573767,0.0,0.0014673790188476,0.4535220267010451,0.0908160626095649,63.5,5.832498611570482e-09,8.793583332937423e-10,1114.2481110743613,10.269056865784112,0.0001021723508459,0.00148,6.65847e-07,0.0154111111111111,0.01157,6.76e-06,0.0805555555555555,0.023,9e-06,0.0031111111111111,0.03605,0.0990777777777777,1.0,569498.570662923,1.9e-06,0.12776,3.4049882929855317,0.0373432540524644,0.1988959640914801,0.2737353144999895,339.95861123417234,5.650990232438671
1082,0.0115,0.013,500000.0,0.000127,1.0,20.0,275.0,0.001695454722572,1553.888362053054,242.0128264794384,144.48114004610449,0.0,0.001622813879311,0.7829725799310794,0.1211510908379957,63.5,7.955123612860131e-09,1.059658770678287e-09,944.4381109711896,8.000807053655988,0.0001468240393924,0.00148,6.65847e-07,0.0154111111111111,0.01157,6.76e-06,0.0805555555555555,0.023,9e-06,0.0031111111111111,0.03605,0.0990777777777777,1.0,869174.9383425957,1.9e-06,0.12776,3.2853079075062164,0.0524926699359219,0.4980114890930837,0.3463252284843481,766.1366428847803,82.5412899711812
1083,0.0115,0.013,500000.0,0.000127,1.0,20.0,300.0,0.002303975425641,1553.888362053054,265.6087782946687,156.6405880759059,0.0,0.0017593889438573,1.2419420124800549,0.1646337896047751,63.5,1.0916667014700837e-08,1.467392314064817e-09,782.0899432478639,5.849147486118845,0.0002174308519,0.00148,6.65847e-07,0.0154111111111111,0.01157,6.76e-06,0.0805555555555555,0.023,9e-06,0.0031111111111111,0.03605,0.0990777777777777,1.0,1054694.3207297735,1.9e-06,0.12776,3.1652928076974733,0.0676844547218388,0.91349822287528,0.4058740022084706,1277.29558795091,464.3149641125329
1084,0.0115,0.013,500000.0,0.000127,1.0,20.0,325.0,0.0033045208251152,1553.888362053054,291.5053062825179,167.0182569612573,0.0,0.0018759510439118,1.8041027723310257,0.2361291618877651,63.5,1.5652581905545507e-08,2.383721807265298e-09,648.6838899846335,4.1228531459846565,0.0003433145516644,0.00148,6.65847e-07,0.0154111111111111,0.01157,6.76e-06,0.0805555555555555,0.023,9e-06,0.0031111111111111,0.03605,0.0990777777777777,1.0,1310464.31243324,1.9e-06,0.12776,3.4271105843337266,0.034542964008389,1.4041636104432602,0.2585149846246785,2450.3337465953714,1468.0333002090065
1085,0.0115,0.013,500000.0,0.000127,1.0,25.0,250.0,0.0020019222616603,1942.3604525663168,220.5130739903045,131.5737864683016,0.0,0.0011822706646203,0.4567265083725644,0.1430501578981057,63.5,9.486948705192263e-09,1.1907629648963872e-09,822.3636984452883,6.370295919436797,0.0001577210745112,0.00148,6.65847e-07,0.0154111111111111,0.01157,6.76e-06,0.0805555555555555,0.023,9e-06,0.0031111111111111,0.03605,0.0990777777777777,1.0,798899.8557585949,1.9e-06,0.12776,3.266988064183848,0.0548116374450825,0.1498663504744586,0.356175487220516,227.07890323707772,3.689653818476821
1086,0.0115,0.013,500000.0,0.000127,1.0,25.0,275.0,0.0026693229403017,1942.3604525663168,242.0128264794384,145.8782022259622,0.0,0.0013108045586333,0.8103635282503227,0.1907402077513763,63.5,1.2645978584094845e-08,1.801988528416531e-09,733.3769412931031,5.218793933873948,0.0002306016218249,0.00148,6.65847e-07,0.0154111111111111,0.01157,6.76e-06,0.0805555555555555,0.023,9e-06,0.0031111111111111,0.03605,0.0990777777777777,1.0,1164684.269483588,1.9e-06,0.12776,3.4947101586137483,0.0259860558716774,0.4558133204989463,0.2077823389335279,849.8390465250521,127.35428876268381
1087,0.0115,0.013,500000.0,0.000127,1.0,25.0,300.0,0.0036257625202956,1942.3604525663168,265.6087782946687,161.30281472566026,0.0,0.0014494041031249,1.369004916449245,0.2590839369552527,63.5,1.7173125929399322e-08,2.677924588962348e-09,605.8516639605825,3.5685977163995326,0.0003439935879955,0.00148,6.65847e-07,0.0154111111111111,0.01157,6.76e-06,0.0805555555555555,0.023,9e-06,0.0031111111111111,0.03605,0.0990777777777777,1.0,1306046.115995478,1.9e-06,0.12776,3.4263255352768844,0.0346423373067234,0.9461109794939924,0.2590660147490308,1649.7827050448905,794.8196374517227
1088,0.0115,0.013,500000.0,0.000127,1.0,30.0,250.0,0.0029109736210137,2330.832543079581,220.5130739903045,132.69881844849232,0.0,0.0009936498022171,0.4630303500506048,0.2080076954526058,63.5,1.3789791806131673e-08,2.023299471333008e-09,701.1568505315022,4.801861126405218,0.0002299149550709,0.00148,6.65847e-07,0.0154111111111111,0.01157,6.76e-06,0.0805555555555555,0.023,9e-06,0.0031111111111111,0.03605,0.0990777777777777,1.0,1167295.0518863928,1.9e-06,0.12776,3.495101688155442,0.0259364951701972,0.0912126545979989,0.2074682718907685,170.1284329061888,2.763881994830304
1089,0.0115,0.013,500000.0,0.000127,1.0,30.0,275.0,0.0038791702569926,2330.832543079581,242.0128264794384,147.2929830716944,0.0,0.0011029310223585,0.8069998023063141,0.27719154155177,63.5,1.8372589216431903e-08,2.9100029964615846e-09,572.0639657343125,3.131379833196864,0.0003359773264428,0.00148,6.65847e-07,0.0154111111111111,0.01157,6.76e-06,0.0805555555555555,0.023,9e-06,0.0031111111111111,0.03605,0.0990777777777777,1.0,1354793.6559856988,1.9e-06,0.12776,3.4347583985347816,0.0335748862614201,0.365998260754544,0.2531037465745806,643.345771899974,37.27786402395526
1090,0.0115,0.013,500000.0,0.000127,1.0,35.0,275.0,0.0053365282672217,2719.3046335928443,242.0128264794384,148.82187003926964,0.0,0.0009551822914847,0.8521732111674002,0.3813290984739067,63.5,2.4223963068887145e-08,3.494260768955841e-09,416.7024869491721,2.190747672056524,0.000434881593231,0.00148,6.65847e-07,0.0154111111111111,0.01157,6.76e-06,0.0805555555555555,0.023,9e-06,0.0031111111111111,0.03605,0.0990777777777777,1.0,1409711.2345085023,1.9e-06,0.12776,3.3577868438318075,0.0433181210339484,0.3070341126934933,0.3042090495262302,502.7713878400971,13.087704329560925
1091,0.0115,0.013,550000.0,0.000127,1.0,20.0,250.0,0.0010503551424083,1412.6257836845944,220.5130739903045,130.64258090573762,0.0,0.0016141169207324,0.4609549715533163,0.0750545971979875,69.85,4.9292705696333734e-09,7.219057253166023e-10,1242.4069145549938,11.0801890284806,9.59935147175724e-05,0.00148,6.65847e-07,0.0154111111111111,0.01157,6.76e-06,0.0805555555555555,0.023,9e-06,0.0031111111111111,0.03605,0.0990777777777777,1.0,571350.7112529761,1.9e-06,0.12776,3.4125913807664725,0.0363808378776617,0.2220903743553286,0.2685752966072102,382.3001856912962,6.650935942969081
1092,0.0115,0.013,550000.0,0.000127,1.0,20.0,275.0,0.0014012022500595,1412.6257836845944,242.0128264794384,144.48114004610443,0.0,0.0017850952672421,0.7829725799310794,0.1001248684611534,69.85,6.4838612502976245e-09,9.3468650882503e-10,1062.13909997619,9.573006841864458,0.0001345038382688,0.00148,6.65847e-07,0.0154111111111111,0.01157,6.76e-06,0.0805555555555555,0.023,9e-06,0.0031111111111111,0.03605,0.0990777777777777,1.0,635785.6315933889,1.9e-06,0.12776,3.5025209530055346,0.0249973477208184,0.5190377114699259,0.2014694534490015,975.428848806304,212.29588624624373
1093,0.0115,0.013,550000.0,0.000127,1.0,20.0,300.0,0.0019041119220173,1412.6257836845944,265.6087782946687,156.64058807590567,0.0,0.001935327838243,1.252626121524366,0.136060983144442,69.85,8.998409610086854e-09,1.1482777785119196e-09,860.9752311930516,6.885945377303527,0.0001974810981461,0.00148,6.65847e-07,0.0154111111111111,0.01157,6.76e-06,0.0805555555555555,0.023,9e-06,0.0031111111111111,0.03605,0.0990777777777777,1.0,876762.7829073924,1.9e-06,0.12776,3.43048613276975,0.0341156793962341,0.952755138379924,0.2561363006867779,1667.9376568259684,810.7275633224843
1094,0.0115,0.013,550000.0,0.000127,1.0,25.0,250.0,0.0016544812079837,1765.7822296057432,220.5130739903045,131.57378646830162,0.0,0.0013004977310823,0.4519802435077306,0.11822327099017,69.85,7.750256039918752e-09,1.0422568683239863e-09,960.8275168064998,8.219729771306582,0.0001444582371153,0.00148,6.65847e-07,0.0154111111111111,0.01157,6.76e-06,0.0805555555555555,0.023,9e-06,0.0031111111111111,0.03605,0.0990777777777777,1.0,580897.4463913174,1.9e-06,0.12776,3.488927591219319,0.0267180264279343,0.1699469725175605,0.2123920316471185,315.01314907894994,5.1710241856378865
1095,0.0115,0.013,550000.0,0.000127,1.0,25.0,275.0,0.0022060520167782,1765.7822296057432,242.0128264794384,145.87820222596216,0.0,0.0014418850144967,0.7928067299268289,0.1576365353317159,69.85,1.0453162879417223e-08,1.3777111185260583e-09,795.146397762895,6.018099966011526,0.0002092023778514,0.00148,6.65847e-07,0.0154111111111111,0.01157,6.76e-06,0.0805555555555555,0.023,9e-06,0.0031111111111111,0.03605,0.0990777777777777,1.0,746781.2711083082,1.9e-06,0.12776,3.396056170042126,0.0384739025263131,0.4713601945951129,0.2797050711504026,799.0397967449112,98.87131475696081
1096,0.0115,0.013,550000.0,0.000127,1.0,30.0,250.0,0.0024057633231518,2118.9386755268915,220.5130739903045,132.6988184484923,0.0,0.0010930147824388,0.4416015719383039,0.1719071863244675,69.85,1.1398463062918738e-08,1.560612724242155e-09,768.5182235797539,5.673527397855552,0.0002087732544296,0.00148,6.65847e-07,0.0154111111111111,0.01157,6.76e-06,0.0805555555555555,0.023,9e-06,0.0031111111111111,0.03605,0.0990777777777777,1.0,758070.1183342824,1.9e-06,0.12776,3.3993569213121253,0.0380560859098575,0.1058843856138362,0.2775104914752644,180.0398384244602,2.924907065228863
1097,0.0115,0.013,550000.0,0.000127,1.0,35.0,250.0,0.0033118177927215,2472.09512144804,220.5130739903045,134.01629631773486,0.0,0.0009461713676708,0.4772575411462642,0.2366505769238286,69.85,1.56871208855487e-08,2.390404589108183e-09,647.7109609704592,4.110263298601887,0.0002878987355418,0.00148,6.65847e-07,0.0154111111111111,0.01157,6.76e-06,0.0805555555555555,0.023,9e-06,0.0031111111111111,0.03605,0.0990777777777777,1.0,1470957.590016917,1.9e-06,0.12776,3.3530609631037835,0.0439163337843312,0.0767969642224354,0.3071198758087066,125.22968977696002,2.0344615047995007
1098,0.0115,0.013,600000.0,0.000127,1.0,20.0,275.0,0.0011773991128972,1294.9069683775454,242.0128264794384,144.4811400461044,0.0,0.0019473766551732,0.7882110834538173,0.0841327019708303,76.2,5.4374464515889595e-09,8.164440984722392e-10,1166.180532261656,10.635187031290322,0.0001252041453325,0.00148,6.65847e-07,0.0154111111111111,0.01157,6.76e-06,0.0805555555555555,0.023,9e-06,0.0031111111111111,0.03605,0.0990777777777777,1.0,857724.7584632484,1.9e-06,0.12776,3.4167915720260678,0.0358491680979661,0.540268381482987,0.2656931709621603,933.6675553245544,182.04744991762783
1099,0.0115,0.013,600000.0,0.000127,1.0,20.0,300.0,0.0015999829344729,1294.9069683775454,265.6087782946687,156.6405880759057,0.0,0.0021112667326287,1.2615448127543778,0.1143290205588715,76.2,7.477764672364655e-09,1.019110852082933e-09,982.6268262108276,8.510915681623096,0.0001820343920561,0.00148,6.65847e-07,0.0154111111111111,0.01157,6.76e-06,0.0805555555555555,0.023,9e-06,0.0031111111111111,0.03605,0.0990777777777777,1.0,1338081.029527663,1.9e-06,0.12776,3.3090923235911807,0.0494819843555467,0.9834057921955064,0.3330779724266072,1543.5225274630604,701.136243499234
1100,0.0115,0.013,600000.0,0.000127,1.0,25.0,250.0,0.0013902237928196,1618.633710471932,220.5130739903045,131.5737864683016,0.0,0.0014187247975443,0.4711329248439435,0.0993403874292401,76.2,6.428968964098397e-09,9.300238372722388e-10,1066.5304828721282,9.631665068250667,0.000133489887723,0.00148,6.65847e-07,0.0154111111111111,0.01157,6.76e-06,0.0805555555555555,0.023,9e-06,0.0031111111111111,0.03605,0.0990777777777777,1.0,806940.4234428776,1.9e-06,0.12776,3.403672116519062,0.0375098586684731,0.2079825374147032,0.2746211856681027,355.056026244597,5.973608969512431
1101,0.0115,0.013,600000.0,0.000127,1.0,25.0,275.0,0.0018536964863206,1618.633710471932,242.0128264794384,145.8782022259622,0.0,0.00157296547036,0.8277468140905421,0.1324584776051225,76.2,8.746332431603224e-09,1.1268657884017271e-09,881.1414054717421,7.155316562694207,0.000192020854871,0.00148,6.65847e-07,0.0154111111111111,0.01157,6.76e-06,0.0805555555555555,0.023,9e-06,0.0031111111111111,0.03605,0.0990777777777777,1.0,1236476.2279682206,1.9e-06,0.12776,3.2841842270810897,0.052634907964419,0.5314783364854194,0.3469380804045668,816.855196323148,108.42152646645228
1102,0.0115,0.013,600000.0,0.000127,1.0,30.0,250.0,0.0020215094590373,1942.360452566318,220.5130739903045,132.6988184484923,0.0,0.0011923797626606,0.4801745719794025,0.144449788508754,76.2,9.579661439443292e-09,1.208701507870144e-09,819.7520721283579,6.336501083151771,0.0001911317196398,0.00148,6.65847e-07,0.0154111111111111,0.01157,6.76e-06,0.0805555555555555,0.023,9e-06,0.0031111111111111,0.03605,0.0990777777777777,1.0,1248168.2670654797,1.9e-06,0.12776,3.2871944421983352,0.0522538680761601,0.1719147834706482,0.3452937274375149,264.889580127809,4.309066143022943
1103,0.012,0.011,400000.0,0.000127,1.0,20.0,275.0,0.0013173461468187,1783.869235082607,242.0128264794384,169.38221770948235,0.0,0.0016572276348627,0.631745892858889,0.0982255442144743,50.8,6.496160734093649e-09,8.304593993615292e-10,1110.181541272508,11.12461001716312,9.667110810606784e-05,0.00148,6.65847e-07,0.0154111111111111,0.01157,6.76e-06,0.0805555555555555,0.023,9e-06,0.0031111111111111,0.03605,0.0990777777777777,1.0,458901.6391735564,1.9e-06,0.12776,3.584935101425543,0.0145651770347414,0.3697103486444145,0.1281661239693224,758.5784408853389,79.03617377378657
1104,0.012,0.011,400000.0,0.000127,1.0,25.0,250.0,0.0014636451144974,2229.8365438532587,220.5130739903045,148.74912786294843,0.0,0.0011642835650151,0.3687366969097682,0.1091340634012986,50.8,7.227655572487411e-09,8.9259418022334e-10,1051.6619542010071,10.34293024388652,9.751665351489229e-05,0.00148,6.65847e-07,0.0154111111111111,0.01157,6.76e-06,0.0805555555555555,0.023,9e-06,0.0031111111111111,0.03605,0.0990777777777777,1.0,456691.0100457301,1.9e-06,0.12776,3.58455610169266,0.0146131516844734,0.0957926335084694,0.1285340154539372,196.4661350752044,3.1918038925844248
1105,0.012,0.011,400000.0,0.000127,1.0,25.0,275.0,0.0020704520528528,2229.8365438532587,242.0128264794384,172.31027747648187,0.0,0.0013487005068957,0.6750972139616712,0.1543795305072801,50.8,1.0242903050170314e-08,1.1849121035642564e-09,827.7263929529489,7.355615315770102,0.000147160855272,0.00148,6.65847e-07,0.0154111111111111,0.01157,6.76e-06,0.0805555555555555,0.023,9e-06,0.0031111111111111,0.03605,0.0990777777777777,1.0,959159.270727986,1.9e-06,0.12776,3.4858251650703944,0.0271107385986842,0.356907683454391,0.2148431519537323,659.5040531257805,41.823542621542
1106,0.012,0.011,400000.0,0.000127,1.0,30.0,250.0,0.002123962131148,2675.80385262391,220.5130739903045,149.85842667300076,0.0,0.0009774718556958,0.3751310913482283,0.1583694131772162,50.8,1.0496184087433976e-08,1.2339182385692942e-09,820.5917158469302,7.263291523816655,0.000138009130959,0.00148,6.65847e-07,0.0154111111111111,0.01157,6.76e-06,0.0805555555555555,0.023,9e-06,0.0031111111111111,0.03605,0.0990777777777777,1.0,321085.3962416121,1.9e-06,0.12776,3.555711941461841,0.0182643112073619,0.0529516781710119,0.1556501283156378,105.22218569677896,1.7094227932867392
1107,0.012,0.011,400000.0,0.000127,1.0,30.0,275.0,0.0030026680015296,2675.80385262391,242.0128264794384,174.5533745687223,0.0,0.0011385479932333,0.7290920959070165,0.2238885347316582,50.8,1.4655391873907182e-08,2.0386634358409323e-09,703.4309331293753,5.747213421334086,0.0002122992156678,0.00148,6.65847e-07,0.0154111111111111,0.01157,6.76e-06,0.0805555555555555,0.023,9e-06,0.0031111111111111,0.03605,0.0990777777777777,1.0,761334.4285360097,1.9e-06,0.12776,3.451239912385721,0.0314886186853517,0.3413935611753582,0.2411693937976133,609.6847238697487,29.101428515602308
1108,0.012,0.011,400000.0,0.000127,1.0,35.0,275.0,0.0041209479777871,3121.771161394562,242.0128264794384,176.5600439831226,0.0,0.0009871172278992,0.7191835671606178,0.3072710682573382,50.8,1.9948583761525803e-08,3.062817786496798e-09,554.3269362950477,3.8177853366983614,0.0002903120276927,0.00148,6.65847e-07,0.0154111111111111,0.01157,6.76e-06,0.0805555555555555,0.023,9e-06,0.0031111111111111,0.03605,0.0990777777777777,1.0,1064149.1052208175,1.9e-06,0.12776,3.3272288492533257,0.047186221613503,0.2481024989032796,0.3226099505680274,395.5260570268456,7.040141643609052
1109,0.012,0.011,400000.0,0.000127,1.0,40.0,275.0,0.0054334239492251,3567.738470165214,242.0128264794384,178.5243610275269,0.0,0.0008733369671026,0.7073518401729969,0.4051334766108647,50.8,2.58431257969006e-08,4.12657515203032e-09,419.783042030994,2.225978558945516,0.0003759119224938,0.00148,6.65847e-07,0.0154111111111111,0.01157,6.76e-06,0.0805555555555555,0.023,9e-06,0.0031111111111111,0.03605,0.0990777777777777,1.0,1616193.148680132,1.9e-06,0.12776,3.097801054201573,0.0762277146580286,0.1384083635621321,0.4348278744657235,184.09763806023648,2.9908342463093214
1110,0.012,0.011,450000.0,0.000127,1.0,20.0,275.0,0.0010408660913135,1585.661542295651,242.0128264794384,169.38221770948255,0.0,0.0018643810892205,0.6152739227410505,0.0776103065398316,57.15,5.113760456567827e-09,7.130352785078756e-10,1220.7735634745736,12.60185124812888,8.797596108873625e-05,0.00148,6.65847e-07,0.0154111111111111,0.01157,6.76e-06,0.0805555555555555,0.023,9e-06,0.0031111111111111,0.03605,0.0990777777777777,1.0,344166.3535291726,1.9e-06,0.12776,3.56136125474262,0.0175492082604278,0.3738536162012188,0.1504729639045887,747.4530858043885,74.04700332418774
1111,0.012,0.011,450000.0,0.000127,1.0,25.0,250.0,0.0011564603373807,1982.0769278695643,220.5130739903045,148.74912786294846,0.0,0.001309819010642,0.3750206148045033,0.0862293834281866,57.15,5.691731686903638e-09,7.621294263493062e-10,1174.535865047709,11.984227723564652,8.868083785153773e-05,0.00148,6.65847e-07,0.0154111111111111,0.01157,6.76e-06,0.0805555555555555,0.023,9e-06,0.0031111111111111,0.03605,0.0990777777777777,1.0,341711.7149378295,1.9e-06,0.12776,3.5607628593212484,0.0176249545162977,0.1249812313763165,0.1510243519567747,249.7153164719048,4.059285774927007
1112,0.012,0.011,450000.0,0.000127,1.0,25.0,275.0,0.0016359127331183,1982.0769278695643,242.0128264794384,172.31027747648176,0.0,0.0015172880702577,0.6928561896584297,0.1219788883020485,57.15,8.08899366559164e-09,9.657581327954183e-10,982.7549067526686,9.422499189566778,0.0001326883501262,0.00148,6.65847e-07,0.0154111111111111,0.01157,6.76e-06,0.0805555555555555,0.023,9e-06,0.0031111111111111,0.03605,0.0990777777777777,1.0,727129.3893189101,1.9e-06,0.12776,3.44353837121599,0.0324634973144316,0.4070673013563811,0.2467932387889277,721.5818094713015,63.236393559876376
1113,0.012,0.011,450000.0,0.000127,1.0,30.0,250.0,0.0016781923011539,2378.492313443477,220.5130739903045,149.85842667300076,0.0,0.0010996558376578,0.3680722784754335,0.1251313881894055,57.15,8.300391505769974e-09,9.837147304154143e-10,965.843079538402,9.196598189165172,0.0001243865133428,0.00148,6.65847e-07,0.0154111111111111,0.01157,6.76e-06,0.0805555555555555,0.023,9e-06,0.0031111111111111,0.03605,0.0990777777777777,1.0,753911.0302140672,1.9e-06,0.12776,3.4491120488859326,0.0317579684954515,0.0791308902860278,0.2427315882704579,141.0266019793002,2.291095646263068
1114,0.012,0.011,450000.0,0.000127,1.0,30.0,275.0,0.0023724784209617,2378.492313443477,242.0128264794384,174.5533745687224,0.0,0.0012808664923875,0.6894487195985419,0.1768995829978537,57.15,1.1672494525885524e-08,1.461516912269381e-09,787.4562105384359,6.834513114798942,0.0001892932099696,0.00148,6.65847e-07,0.0154111111111111,0.01157,6.76e-06,0.0805555555555555,0.023,9e-06,0.0031111111111111,0.03605,0.0990777777777777,1.0,963683.1284668976,1.9e-06,0.12776,3.3043632717224263,0.0500805985161485,0.3487391366006882,0.3357545165111044,545.1731351491117,17.8498849743233
1115,0.012,0.011,450000.0,0.000127,1.0,35.0,250.0,0.0023048560474564,2774.90769901739,220.5130739903045,151.11655741879974,0.0,0.0009504753913692,0.3983752670311559,0.1718574424377081,57.15,1.1352415291294076e-08,1.399586313942081e-09,796.4725270058007,6.951185602334111,0.0001682006729379,0.00148,6.65847e-07,0.0154111111111111,0.01157,6.76e-06,0.0805555555555555,0.023,9e-06,0.0031111111111111,0.03605,0.0990777777777777,1.0,574148.9731240948,1.9e-06,0.12776,3.406740366052394,0.0371214726515957,0.0627078245934477,0.2725526941930213,107.35651948720626,1.7440968385588609
1116,0.012,0.011,450000.0,0.000127,1.0,35.0,275.0,0.0032560576614614,2774.90769901739,242.0128264794384,176.5600439831226,0.0,0.0011105068813866,0.7074534496115391,0.2427820786230822,57.15,1.5854769597584184e-08,2.2707252880962376e-09,669.6456451384737,5.31002672693862,0.0002587496031887,0.00148,6.65847e-07,0.0154111111111111,0.01157,6.76e-06,0.0805555555555555,0.023,9e-06,0.0031111111111111,0.03605,0.0990777777777777,1.0,1245964.2886099888,1.9e-06,0.12776,3.1939390697100087,0.064058345606328,0.3008613709884569,0.3926680631946976,430.02895426918417,8.323764494987124
1117,0.012,0.011,450000.0,0.000127,1.0,40.0,275.0,0.004293075712968,3171.323084591302,242.0128264794384,178.52436102752694,0.0,0.0009825040879904,0.7361005604590594,0.3201054630011772,57.15,2.0763321708048643e-08,3.220457530207504e-09,531.3765716042637,3.520804175044913,0.0003400717297853,0.00148,6.65847e-07,0.0154111111111111,0.01157,6.76e-06,0.0805555555555555,0.023,9e-06,0.0031111111111111,0.03605,0.0990777777777777,1.0,1600112.6606762377,1.9e-06,0.12776,3.1336512991308854,0.071689708970774,0.2521850974578821,0.4198088894775049,344.3464721017275,5.741727233424319
1118,0.012,0.011,500000.0,0.000127,1.0,25.0,275.0,0.0013250893138258,1783.8692350826077,242.0128264794384,172.31027747648173,0.0,0.0016858756336197,0.657108225878703,0.0988028995246593,63.5,6.5348765691292314e-09,8.337480075642885e-10,1107.0842744696615,11.08323804354909,0.0001214854080271,0.00148,6.65847e-07,0.0154111111111111,0.01157,6.76e-06,0.0805555555555555,0.023,9e-06,0.0031111111111111,0.03605,0.0990777777777777,1.0,811867.3186223827,1.9e-06,0.12776,3.2661237747664376,0.0549210411688053,0.3944953263540437,0.3566328725407668,597.3183792710955,26.516320636615777
1119,0.012,0.011,500000.0,0.000127,1.0,30.0,250.0,0.0013593357639347,2140.643082099129,220.5130739903045,149.8584266730007,0.0,0.0012218398196197,0.3844886809730315,0.1013564244334185,63.5,6.706108819673679e-09,8.482928516364853e-10,1093.3856944261056,10.900258233223788,0.0001139637371753,0.00148,6.65847e-07,0.0154111111111111,0.01157,6.76e-06,0.0805555555555555,0.023,9e-06,0.0031111111111111,0.03605,0.0990777777777777,1.0,501447.7966459757,1.9e-06,0.12776,3.3852657453425783,0.0398397790705597,0.1193222565396129,0.2867872137576865,200.2837557965054,3.2538439791753277
1120,0.012,0.011,500000.0,0.000127,1.0,30.0,275.0,0.001921707520979,2140.643082099129,242.0128264794384,174.55337456872232,0.0,0.0014231849915417,0.6864381621617469,0.1432886622282614,63.5,9.517967604895004e-09,1.087138322942512e-09,868.4369916083997,7.895489064183571,0.0001712729958388,0.00148,6.65847e-07,0.0154111111111111,0.01157,6.76e-06,0.0805555555555555,0.023,9e-06,0.0031111111111111,0.03605,0.0990777777777777,1.0,993823.8377271954,1.9e-06,0.12776,3.13051385467496,0.0720868538386126,0.3793394999334855,0.4211550783468619,516.7677983407526,14.46360170949411
1121,0.012,0.011,500000.0,0.000127,1.0,35.0,250.0,0.0018669333984397,2497.4169291156504,220.5130739903045,151.1165574187997,0.0,0.001056083768188,0.3898984781553666,0.1392045283745435,63.5,9.244096992198804e-09,1.063875150584749e-09,890.3466406240957,8.188148844134405,0.0001525514611982,0.00148,6.65847e-07,0.0154111111111111,0.01157,6.76e-06,0.0805555555555555,0.023,9e-06,0.0031111111111111,0.03605,0.0990777777777777,1.0,835209.0841511643,1.9e-06,0.12776,3.2766281564933486,0.0535913725957787,0.0868839497808229,0.3510294808391178,132.69961809221675,2.155816770691248
1122,0.012,0.011,500000.0,0.000127,1.0,35.0,275.0,0.0026374067057837,2497.4169291156504,242.0128264794384,176.56004398312257,0.0,0.001233896534874,0.6802920455197156,0.1966534836846965,63.5,1.2926488407376518e-08,1.704146183357951e-09,752.1324392288304,6.377418215486951,0.0002334681197943,0.00148,6.65847e-07,0.0154111111111111,0.01157,6.76e-06,0.0805555555555555,0.023,9e-06,0.0031111111111111,0.03605,0.0990777777777777,1.0,1153663.7743920134,1.9e-06,0.12776,3.493041557167759,0.0261972712445875,0.3198285618350189,0.2091180282827951,595.2975149227236,26.114333166928386
1123,0.012,0.011,500000.0,0.000127,1.0,40.0,275.0,0.0034773913275041,2854.190776132172,242.0128264794384,178.52436102752705,0.0,0.0010916712088782,0.7189120871622974,0.2592854250309537,63.5,1.6902415616852744e-08,2.473429299468081e-09,640.1344896661199,4.928147948453041,0.0003068155862707,0.00148,6.65847e-07,0.0154111111111111,0.01157,6.76e-06,0.0805555555555555,0.023,9e-06,0.0031111111111111,0.03605,0.0990777777777777,1.0,1496331.2176669063,1.9e-06,0.12776,3.4566652549818446,0.0308018664579943,0.2958166621313436,0.2371569974589657,531.0836700437897,16.065113222505076
1124,0.012,0.011,550000.0,0.000127,1.0,25.0,275.0,0.0010951151353932,1621.6993046205523,242.0128264794384,172.31027747648173,0.0,0.0018544631969817,0.6635449365114477,0.0816552888633547,69.85,5.385005676966302e-09,7.360754442680071e-10,1199.0739458426956,12.311996978139748,0.0001125096437668,0.00148,6.65847e-07,0.0154111111111111,0.01157,6.76e-06,0.0805555555555555,0.023,9e-06,0.0031111111111111,0.03605,0.0990777777777777,1.0,838439.2047126977,1.9e-06,0.12776,3.2872675283320603,0.0522446166668278,0.418079647648093,0.3452537006077643,644.2244855969083,37.514480716978156
1125,0.012,0.011,550000.0,0.000127,1.0,30.0,250.0,0.0011234179867229,1946.0391655446624,220.5130739903045,149.8584266730007,0.0,0.0013440238015817,0.3840445979580912,0.0837656400276185,69.85,5.52651993361461e-09,7.480959765590785e-10,1187.752805310831,12.160773994399824,0.0001056232287148,0.00148,6.65847e-07,0.0154111111111111,0.01157,6.76e-06,0.0805555555555555,0.023,9e-06,0.0031111111111111,0.03605,0.0990777777777777,1.0,513802.8300841192,1.9e-06,0.12776,3.395970191257948,0.0384847859167154,0.1364689579304726,0.2797620579548422,231.32097815894588,3.7587647025893816
1126,0.012,0.011,550000.0,0.000127,1.0,30.0,275.0,0.0015881880338669,1946.0391655446624,242.0128264794384,174.55337456872238,0.0,0.0015655034906959,0.713451673939784,0.1184203820068276,69.85,7.850370169334714e-09,9.454889280516631e-10,1001.8447864532228,9.677493689407909,0.0001577934851113,0.00148,6.65847e-07,0.0154111111111111,0.01157,6.76e-06,0.0805555555555555,0.023,9e-06,0.0031111111111111,0.03605,0.0990777777777777,1.0,1069859.930200244,1.9e-06,0.12776,3.4700170572122757,0.0291117649098385,0.4312212919329563,0.2270993740946617,784.3845014831948,91.38484104897935
1127,0.012,0.011,550000.0,0.000127,1.0,35.0,250.0,0.0015429201639998,2270.379026468773,220.5130739903045,151.1165574187997,0.0,0.0011616921450068,0.3898984781553666,0.1150450647723499,69.85,7.624030819999008e-09,9.262631657725195e-10,1019.9519344000792,9.91936127614414,0.0001407158524296,0.00148,6.65847e-07,0.0154111111111111,0.01157,6.76e-06,0.0805555555555555,0.023,9e-06,0.0031111111111111,0.03605,0.0990777777777777,1.0,603619.2842971571,1.9e-06,0.12776,3.4947590106623965,0.025979872068051,0.1110434133830166,0.2077431656526339,207.0446181196081,3.3637333598276498
1128,0.012,0.011,550000.0,0.000127,1.0,35.0,275.0,0.0021796749634576,2270.379026468773,242.0128264794384,176.56004398312265,0.0,0.0013572861883614,0.6834465063739376,0.1625235402352864,69.85,1.0759891493699604e-08,1.284941721783432e-09,813.1633382056449,7.167167202881776,0.0002128362577019,0.00148,6.65847e-07,0.0154111111111111,0.01157,6.76e-06,0.0805555555555555,0.023,9e-06,0.0031111111111111,0.03605,0.0990777777777777,1.0,1350568.794390293,1.9e-06,0.12776,3.421129075203149,0.0353001170628925,0.3571129661386509,0.2626928863913764,619.6681740917943,31.34923014586605
1129,0.012,0.011,550000.0,0.000127,1.0,40.0,250.0,0.0020359780755126,2594.7188873928835,220.5130739903045,152.53531806785412,0.0,0.001026023874415,0.3784596429801502,0.1518090404400625,69.85,1.0079726224093062e-08,1.153339800896722e-09,832.3229232649842,7.415095107487385,0.000182071507872,0.00148,6.65847e-07,0.0154111111111111,0.01157,6.76e-06,0.0805555555555555,0.023,9e-06,0.0031111111111111,0.03605,0.0990777777777777,1.0,965370.4778833194,1.9e-06,0.12776,3.4500896285762006,0.0316342242308606,0.0628406025400875,0.2420146868286056,112.10017224186096,1.8211614622655035
1130,0.012,0.011,550000.0,0.000127,1.0,40.0,275.0,0.0028738771301686,2594.7188873928835,242.0128264794384,178.5243610275269,0.0,0.001200838329766,0.6999755734396856,0.2142854752321929,69.85,1.4045781749465062e-08,1.920712892122377e-09,720.6030493108433,5.969423180539709,0.0002795374808759,0.00148,6.65847e-07,0.0154111111111111,0.01157,6.76e-06,0.0805555555555555,0.023,9e-06,0.0031111111111111,0.03605,0.0990777777777777,1.0,1530481.2898632693,1.9e-06,0.12776,3.364436111994017,0.0424764415197447,0.3218800982074926,0.3000718857448297,530.215857163763,15.962120074791086
1131,0.012,0.011,600000.0,0.000127,1.0,30.0,275.0,0.0013345191117909,1783.869235082608,242.0128264794384,174.55337456872223,0.0,0.00170782198985,0.6894487195985419,0.0995060154362926,76.2,6.5820255589548634e-09,8.377529464878556e-10,1103.312355283611,11.03285435012748,0.0001467272993529,0.00148,6.65847e-07,0.0154111111111111,0.01157,6.76e-06,0.0805555555555555,0.023,9e-06,0.0031111111111111,0.03605,0.0990777777777777,1.0,1156935.8663666209,1.9e-06,0.12776,3.370876005881634,0.0416612650782741,0.4261327041622492,0.2960178230065511,706.0113430522111,57.266792471548705
1132,0.012,0.011,600000.0,0.000127,1.0,35.0,250.0,0.0012964815266942,2081.1807742630426,220.5130739903045,151.11655741879974,0.0,0.0012673005218256,0.3959946822135184,0.0966698113712108,76.2,6.391837633471395e-09,8.215979656838541e-10,1118.5273893222884,11.236090308426665,0.0001310203888563,0.00148,6.65847e-07,0.0154111111111111,0.01157,6.76e-06,0.0805555555555555,0.023,9e-06,0.0031111111111111,0.03605,0.0990777777777777,1.0,823358.3686959328,1.9e-06,0.12776,3.4080328011186047,0.0369578732761259,0.1355148708423076,0.2716778505472918,232.2820347991103,3.774429420419058
1133,0.012,0.011,600000.0,0.000127,1.0,35.0,275.0,0.001831532434572,2081.1807742630426,242.0128264794384,176.56004398312265,0.0,0.0014806758418488,0.7068816361942629,0.1365649192254837,76.2,9.067092172860324e-09,1.0488399718195363e-09,904.507026171174,8.37729725610842,0.0001965028490907,0.00148,6.65847e-07,0.0154111111111111,0.01157,6.76e-06,0.0805555555555555,0.023,9e-06,0.0031111111111111,0.03605,0.0990777777777777,1.0,1145032.2729246304,1.9e-06,0.12776,3.259225694607337,0.0557942158724889,0.406506716968779,0.3602602030066455,612.0349779001402,29.617486140084925
1134,0.012,0.011,600000.0,0.000127,1.0,40.0,250.0,0.001710787132896,2378.492313443477,220.5130739903045,152.5353180678541,0.0,0.0011192987720891,0.3921063746670375,0.1275617631475526,76.2,8.463365664480109e-09,9.975581139994022e-10,952.8051468415912,9.02244302532257,0.0001688217796901,0.00148,6.65847e-07,0.0154111111111111,0.01157,6.76e-06,0.0805555555555555,0.023,9e-06,0.0031111111111111,0.03605,0.0990777777777777,1.0,989049.1133815596,1.9e-06,0.12776,3.328913227988465,0.0469730091153841,0.1007346115194846,0.3216210615129758,160.82598518522744,2.6127540162068876
1135,0.012,0.0115,400000.0,0.000127,1.0,20.0,250.0,0.0011563367259514,1783.869235082607,220.5130739903045,146.85644927502753,0.0,0.0014368365781691,0.4607556692240715,0.0862201665644637,50.8,5.691113629757291e-09,7.620769272155693e-10,1174.5853096194166,11.98488818313958,7.881989010803088e-05,0.00148,6.65847e-07,0.0154111111111111,0.01157,6.76e-06,0.0805555555555555,0.023,9e-06,0.0031111111111111,0.03605,0.0990777777777777,1.0,503607.7173224284,1.9e-06,0.12776,3.5921152867109565,0.0136562928213979,0.2107255026596075,0.1211372280696996,435.8562876056339,8.588542885735565
1136,0.012,0.0115,400000.0,0.000127,1.0,20.0,275.0,0.0016286792494676,1783.869235082607,242.0128264794384,167.58908998370262,0.0,0.0016396837577061,0.7907245901795424,0.1214395366139049,50.8,8.052826247338157e-09,9.626859927206471e-10,985.6483002129472,9.46114790971696,0.000117462283141,0.00148,6.65847e-07,0.0154111111111111,0.01157,6.76e-06,0.0805555555555555,0.023,9e-06,0.0031111111111111,0.03605,0.0990777777777777,1.0,400429.6835383066,1.9e-06,0.12776,3.574036093080562,0.0159447983442326,0.5054750535656376,0.1386232066939554,1024.7030823746852,250.04726290043374
1137,0.012,0.0115,400000.0,0.000127,1.0,25.0,250.0,0.0018188524857269,2229.8365438532587,220.5130739903045,147.9918071308121,0.0,0.0011583558927353,0.4763868116233278,0.1356194616637559,50.8,9.003692428634766e-09,1.0434546580655803e-09,909.5790057092186,8.445046603186317,0.0001191183012326,0.00148,6.65847e-07,0.0154111111111111,0.01157,6.76e-06,0.0805555555555555,0.023,9e-06,0.0031111111111111,0.03605,0.0990777777777777,1.0,395247.7608097965,1.9e-06,0.12776,3.572974723533826,0.0160791489197688,0.1769573499595717,0.1396281524775309,358.31083882879534,6.047379234400725
1138,0.012,0.0115,400000.0,0.000127,1.0,25.0,275.0,0.0025605346516895,2229.8365438532587,242.0128264794384,170.59667869506478,0.0,0.0013352878911252,0.8277397385532251,0.1909216573408581,50.8,1.2562627351330526e-08,1.633744450056838e-09,762.3820464413936,6.5100496702586,0.0001814022383139,0.00148,6.65847e-07,0.0154111111111111,0.01157,6.76e-06,0.0805555555555555,0.023,9e-06,0.0031111111111111,0.03605,0.0990777777777777,1.0,862838.8544482562,1.9e-06,0.12776,3.4702166013815847,0.0290865061542298,0.473008081212367,0.226947050003888,860.5635574706287,133.8452368422009
1139,0.012,0.0115,400000.0,0.000127,1.0,30.0,250.0,0.0026403239371038,2675.80385262391,220.5130739903045,149.19884257279963,0.0,0.0009731696291962,0.4730583827450064,0.1968710017870623,50.8,1.2940296635624924e-08,1.706817871317825e-09,751.7434750528191,6.372384960704738,0.0001708484345252,0.00148,6.65847e-07,0.0154111111111111,0.01157,6.76e-06,0.0805555555555555,0.023,9e-06,0.0031111111111111,0.03605,0.0990777777777777,1.0,893757.5635751178,1.9e-06,0.12776,3.4754593110655856,0.0284228720170145,0.112377380957944,0.2229233502947641,205.51707674861768,3.3389025209940892
1140,0.012,0.0115,400000.0,0.000127,1.0,30.0,275.0,0.0037147351152834,2675.80385262391,242.0128264794384,172.90748278926242,0.0,0.0011278124415019,0.8321784215178152,0.2769825373479059,50.8,1.8025842879008522e-08,2.690795860630078e-09,608.4886512955346,4.518646053061913,0.0002620109984853,0.00148,6.65847e-07,0.0154111111111111,0.01157,6.76e-06,0.0805555555555555,0.023,9e-06,0.0031111111111111,0.03605,0.0990777777777777,1.0,1181306.028510382,1.9e-06,0.12776,3.34978623449605,0.0443308563929051,0.3913858841699092,0.3091226455733704,636.3722955529443,35.44266157684817
1141,0.012,0.0115,400000.0,0.000127,1.0,35.0,250.0,0.0036276894417478,3121.771161394562,220.5130739903045,150.53653943370614,0.0,0.0008416242324766,0.4697864289564541,0.2704921333829319,50.8,1.7613826690939736e-08,2.611076821435916e-09,620.0947411002892,4.668830596048907,0.0002336210227737,0.00148,6.65847e-07,0.0154111111111111,0.01157,6.76e-06,0.0805555555555555,0.023,9e-06,0.0031111111111111,0.03605,0.0990777777777777,1.0,669808.2524991441,1.9e-06,0.12776,3.431419718411306,0.0339975039985688,0.0354842955735222,0.2554757243024808,62.17563071101114,1.0100953484301733
1142,0.012,0.0115,400000.0,0.000127,1.0,35.0,275.0,0.0051003027576945,3121.771161394562,242.0128264794384,174.97875891794482,0.0,0.0009782765315851,0.8811695554199227,0.3802948945825275,50.8,2.4510641030778052e-08,3.927747105168579e-09,433.1078896922195,2.2837231187702023,0.0003570077093971,0.00148,6.65847e-07,0.0154111111111111,0.01157,6.76e-06,0.0805555555555555,0.023,9e-06,0.0031111111111111,0.03605,0.0990777777777777,1.0,1254845.4475741426,1.9e-06,0.12776,3.189898925861172,0.0645697562201047,0.3370646608373949,0.3945660202917588,480.26967144092816,11.227272140475332
1143,0.012,0.0115,400000.0,0.000127,1.0,40.0,275.0,0.0067277790584369,3567.738470165214,242.0128264794384,177.0084805112861,0.0,0.0008659213153398,0.8809649884778146,0.5016447354900448,50.8,3.102054623374773e-08,4.899129119934902e-09,368.0088376625226,2.001609866894308,0.000449357860744,0.00148,6.65847e-07,0.0154111111111111,0.01157,6.76e-06,0.0805555555555555,0.023,9e-06,0.0031111111111111,0.03605,0.0990777777777777,1.0,1458831.6731295255,1.9e-06,0.12776,3.0777497537205303,0.0787658539594265,0.2155102529877696,0.4428938680009481,282.5602225717203,4.604128574932272
1144,0.012,0.0115,450000.0,0.000127,1.0,20.0,275.0,0.0012868576785917,1585.661542295651,242.0128264794384,167.5890899837027,0.0,0.0018446442274194,0.7714344265330337,0.0959522264603693,57.15,6.343718392958547e-09,8.175106115323632e-10,1122.376928563316,11.287510817554136,0.0001064638488092,0.00148,6.65847e-07,0.0154111111111111,0.01157,6.76e-06,0.0805555555555555,0.023,9e-06,0.0031111111111111,0.03605,0.0990777777777777,1.0,807258.5656809112,1.9e-06,0.12776,3.4595599043074907,0.0304354551509505,0.5116722000726643,0.2349988063976392,921.2109319252322,173.38021679083744
1145,0.012,0.0115,450000.0,0.000127,1.0,25.0,250.0,0.0014371180134138,1982.0769278695643,220.5130739903045,147.99180713081216,0.0,0.0013031503793272,0.4474620735707987,0.1071561178577825,57.15,7.0950200670694516e-09,8.813278285950269e-10,1062.272794634444,10.48466534078918,0.0001078908169137,0.00148,6.65847e-07,0.0154111111111111,0.01157,6.76e-06,0.0805555555555555,0.023,9e-06,0.0031111111111111,0.03605,0.0990777777777777,1.0,803187.207704071,1.9e-06,0.12776,3.4587916975002675,0.0305326965189535,0.1764959557130161,0.2355727550927074,317.52363970125674,5.217072719632876
1146,0.012,0.0115,450000.0,0.000127,1.0,25.0,275.0,0.0020231384902238,1982.0769278695643,242.0128264794384,170.59667869506455,0.0,0.0015021988775158,0.8477016946654984,0.1508516798742582,57.15,1.001895218705951e-08,1.141580923501699e-09,834.0348679701547,7.437247928763997,0.0001618386570521,0.00148,6.65847e-07,0.0154111111111111,0.01157,6.76e-06,0.0805555555555555,0.023,9e-06,0.0031111111111111,0.03605,0.0990777777777777,1.0,610957.7792093426,1.9e-06,0.12776,3.416444392129543,0.035893114920311,0.5330400147912402,0.265932262896112,920.8758797172044,173.14949729221058
1147,0.012,0.0115,450000.0,0.000127,1.0,30.0,250.0,0.0020861818762302,2378.492313443477,220.5130739903045,149.19884257279966,0.0,0.0010948158328458,0.4760382878697003,0.1555523964737283,57.15,1.031735754748966e-08,1.199317947707913e-09,825.6290831693053,7.328475812573287,0.0001525580815315,0.00148,6.65847e-07,0.0154111111111111,0.01157,6.76e-06,0.0805555555555555,0.023,9e-06,0.0031111111111111,0.03605,0.0990777777777777,1.0,653752.4343391309,1.9e-06,0.12776,3.427015660052852,0.0345549797401453,0.1566758913959719,0.2585816560397685,273.38246169713216,4.450144694838232
1148,0.012,0.0115,450000.0,0.000127,1.0,30.0,275.0,0.0029350993503474,2378.492313443477,242.0128264794384,172.90748278926245,0.0,0.0012687889966896,0.8475233523827967,0.2188503998798271,57.15,1.433556692497794e-08,1.9767820380287073e-09,712.4400866203398,5.86379321888019,0.0002335252864545,0.00148,6.65847e-07,0.0154111111111111,0.01157,6.76e-06,0.0805555555555555,0.023,9e-06,0.0031111111111111,0.03605,0.0990777777777777,1.0,1071616.5182725403,1.9e-06,0.12776,3.145254904603698,0.0702208981514306,0.4648629525029696,0.4147752353408438,640.2547076903536,36.45508119083298
1149,0.012,0.0115,450000.0,0.000127,1.0,35.0,250.0,0.0028663225218748,2774.90769901739,220.5130739903045,150.5365394337061,0.0,0.0009468272615362,0.4841625922754792,0.2137221794630573,57.15,1.4010023270207529e-08,1.913794155208626e-09,721.6103304166893,5.982457549141522,0.0002083761340874,0.00148,6.65847e-07,0.0154111111111111,0.01157,6.76e-06,0.0805555555555555,0.023,9e-06,0.0031111111111111,0.03605,0.0990777777777777,1.0,856323.9832572206,1.9e-06,0.12776,3.2786370518914687,0.0533370820390546,0.1066304128124218,0.3499467315926645,163.13050676663892,2.650193199472883
1150,0.012,0.0115,450000.0,0.000127,1.0,35.0,275.0,0.0040298688455857,2774.90769901739,242.0128264794384,174.9787589179447,0.0,0.0011005610980332,0.8398181298042284,0.3004799167071822,57.15,1.9517475869106068e-08,2.979404784852833e-09,566.4708205885615,3.9749290210390735,0.0003194678803278,0.00148,6.65847e-07,0.0154111111111111,0.01157,6.76e-06,0.0805555555555555,0.023,9e-06,0.0031111111111111,0.03605,0.0990777777777777,1.0,1231035.859632054,1.9e-06,0.12776,3.212214996688921,0.0617449371279846,0.3755282130970461,0.3839316925110079,544.4732994566565,17.756097148907152
1151,0.012,0.0115,450000.0,0.000127,1.0,40.0,250.0,0.0037839494766328,3171.323084591302,220.5130739903045,152.02755156958918,0.0,0.0008366795996052,0.5094765465976646,0.2821433816160716,57.15,1.8353457522728896e-08,2.754184449184677e-09,599.2600697822846,4.399226823993231,0.0002739858073875,0.00148,6.65847e-07,0.0154111111111111,0.01157,6.76e-06,0.0805555555555555,0.023,9e-06,0.0031111111111111,0.03605,0.0990777777777777,1.0,1118456.6262955717,1.9e-06,0.12776,3.1645475647308583,0.0677787892745749,0.0635231649815928,0.4062098991483431,88.77081966730046,1.442156532983832
1152,0.012,0.0115,450000.0,0.000127,1.0,40.0,275.0,0.0053157760461723,3171.323084591302,242.0128264794384,177.00848051128614,0.0,0.0009741614797573,0.883286581342275,0.3963612724859616,57.15,2.5372534184689587e-08,4.056355354022641e-09,424.48895815310414,2.246372117052292,0.0004153900150258,0.00148,6.65847e-07,0.0154111111111111,0.01157,6.76e-06,0.0805555555555555,0.023,9e-06,0.0031111111111111,0.03605,0.0990777777777777,1.0,1680919.990215822,1.9e-06,0.12776,3.493211428538244,0.0261757685394628,0.3231153088563132,0.2089822548669813,601.5183904474701,27.370014672787416
1153,0.012,0.0115,500000.0,0.000127,1.0,20.0,275.0,0.0010423547196592,1427.095388066086,242.0128264794384,167.58908998370254,0.0,0.0020496046971326,0.7901741853904359,0.0777213034328991,63.5,5.121203598296422e-09,7.136675153412144e-10,1220.178112136286,12.593897462218854,9.787538631753728e-05,0.00148,6.65847e-07,0.0154111111111111,0.01157,6.76e-06,0.0805555555555555,0.023,9e-06,0.0031111111111111,0.03605,0.0990777777777777,1.0,588546.6444344454,1.9e-06,0.12776,3.4101203516739464,0.0366936263703865,0.5486428819575369,0.2702603438522565,942.242838597618,188.11286531630617
1154,0.012,0.0115,500000.0,0.000127,1.0,25.0,250.0,0.0011640655908652,1783.8692350826077,220.5130739903045,147.99180713081213,0.0,0.0014479448659192,0.4546341235175593,0.0867964554648039,63.5,5.729757954326256e-09,7.653594611619714e-10,1171.4937636538994,11.943592626039235,9.911270435952165e-05,0.00148,6.65847e-07,0.0154111111111111,0.01157,6.76e-06,0.0805555555555555,0.023,9e-06,0.0031111111111111,0.03605,0.0990777777777777,1.0,583239.2672095556,1.9e-06,0.12776,3.408706595210253,0.0368725828847781,0.2040276680527553,0.2712209272934557,349.9371959464196,5.860809810874544
1155,0.012,0.0115,500000.0,0.000127,1.0,25.0,275.0,0.0016387421770813,1783.8692350826077,242.0128264794384,170.59667869506464,0.0,0.0016691098639065,0.8110176040701264,0.1221898606981492,63.5,8.103140885406555e-09,9.66959828770381e-10,981.6231291674752,9.40738138558924,0.0001476676193424,0.00148,6.65847e-07,0.0154111111111111,0.01157,6.76e-06,0.0805555555555555,0.023,9e-06,0.0031111111111111,0.03605,0.0990777777777777,1.0,864464.3853368649,1.9e-06,0.12776,3.284123155951532,0.0526426384871479,0.5250177433719772,0.3469713554913157,806.884478186571,103.01654975709502
1156,0.012,0.0115,500000.0,0.000127,1.0,30.0,250.0,0.0016898073197464,2140.643082099129,220.5130739903045,149.1988425727996,0.0,0.0012164620364953,0.4712561529295768,0.1259974411437199,63.5,8.358466598732345e-09,9.886477565768427e-10,961.1970721014123,9.134538796375022,0.0001390901283897,0.00148,6.65847e-07,0.0154111111111111,0.01157,6.76e-06,0.0805555555555555,0.023,9e-06,0.0031111111111111,0.03605,0.0990777777777777,1.0,908993.5941780178,1.9e-06,0.12776,3.2950857647867147,0.0512549664826943,0.1814487117858567,0.3409434633474668,281.4373349336567,4.585186401743248
1157,0.012,0.0115,500000.0,0.000127,1.0,30.0,275.0,0.0023774304737814,2140.643082099129,242.0128264794384,172.90748278926245,0.0,0.0014097655518774,0.8660305607422746,0.1772688239026599,63.5,1.169593424256546e-08,1.4660521508032521e-09,786.795936829142,6.825969073959621,0.0002107583264098,0.00148,6.65847e-07,0.0154111111111111,0.01157,6.76e-06,0.0805555555555555,0.023,9e-06,0.0031111111111111,0.03605,0.0990777777777777,1.0,1123872.8452441571,1.9e-06,0.12776,3.182709724553693,0.0654797817020641,0.5249517368396146,0.3979141517961402,743.8458509135103,72.47310194773505
1158,0.012,0.0115,500000.0,0.000127,1.0,35.0,250.0,0.0023217212427186,2497.4169291156504,220.5130739903045,150.5365394337061,0.0,0.0010520302905958,0.4890325192604546,0.1731149653650764,63.5,1.1432243882201432e-08,1.415031965718986e-09,794.2238343041851,6.9220871814713,0.0001882303240636,0.00148,6.65847e-07,0.0154111111111111,0.01157,6.76e-06,0.0805555555555555,0.023,9e-06,0.0031111111111111,0.03605,0.0990777777777777,1.0,866780.1025358469,1.9e-06,0.12776,3.2968440177932488,0.0510324028109811,0.152107553895378,0.3399663008253204,236.27732242829583,3.8395848047985264
1159,0.012,0.0115,500000.0,0.000127,1.0,35.0,275.0,0.0032641937649244,2497.4169291156504,242.0128264794384,174.97875891794482,0.0,0.0012228456644814,0.8685528418984894,0.2433887325328178,63.5,1.5893280487309257e-08,2.278176575730797e-09,668.5608313434012,5.295989073708314,0.0002882098030192,0.00148,6.65847e-07,0.0154111111111111,0.01157,6.76e-06,0.0805555555555555,0.023,9e-06,0.0031111111111111,0.03605,0.0990777777777777,1.0,1571760.368012256,1.9e-06,0.12776,3.466983213442861,0.0294957957667264,0.4613541093656715,0.2294079176115987,836.689048124727,119.6163455747665
1160,0.012,0.0115,500000.0,0.000127,1.0,40.0,250.0,0.0030649990760726,2854.190776132172,220.5130739903045,152.02755156958912,0.0,0.0009296439995614,0.4761193037223695,0.228536139109018,63.5,1.4950425626743737e-08,2.095748103839588e-09,695.1201231903173,5.639670294101185,0.0002473230788095,0.00148,6.65847e-07,0.0154111111111111,0.01157,6.76e-06,0.0805555555555555,0.023,9e-06,0.0031111111111111,0.03605,0.0990777777777777,1.0,1097074.6864192793,1.9e-06,0.12776,3.484048884981221,0.0273355841795922,0.0837731646133514,0.2162396740054313,154.52307638470813,2.510357494346006
1161,0.012,0.0115,500000.0,0.000127,1.0,40.0,275.0,0.0043057785973996,2854.190776132172,242.0128264794384,177.00848051128608,0.0,0.0010824016441748,0.8948833331869137,0.3210526307136288,63.5,2.0823448694358294e-08,3.2320912128565123e-09,529.682853680048,3.4988872110478733,0.0003789614509867,0.00148,6.65847e-07,0.0154111111111111,0.01157,6.76e-06,0.0805555555555555,0.023,9e-06,0.0031111111111111,0.03605,0.0990777777777777,1.0,1827008.9052106964,1.9e-06,0.12776,3.427077357233956,0.0345471699703853,0.4100207024732849,0.2585383235134718,715.4835328177151,60.85025698499083
1162,0.012,0.0115,550000.0,0.000127,1.0,25.0,275.0,0.0013543323777531,1621.6993046205523,242.0128264794384,170.5966786950647,0.0,0.0018360208502971,0.8249635009550441,0.1009833559488835,69.85,6.681091888765742e-09,8.461678584879171e-10,1095.3870488987404,10.926991475693594,0.0001363197312928,0.00148,6.65847e-07,0.0154111111111111,0.01157,6.76e-06,0.0805555555555555,0.023,9e-06,0.0031111111111111,0.03605,0.0990777777777777,1.0,626908.2001335217,1.9e-06,0.12776,3.5004339094279278,0.0252615304521611,0.5601701450061606,0.2031660848992771,1050.4924072531076,270.5551798658611
1163,0.012,0.0115,550000.0,0.000127,1.0,30.0,250.0,0.001396534974997,1946.0391655446624,220.5130739903045,149.1988425727996,0.0,0.0013381082401449,0.4678184614110934,0.1041301166477023,69.85,6.892104874985408e-09,8.640917657659851e-10,1078.5060100011672,10.701501732541342,0.0001284718733404,0.00148,6.65847e-07,0.0154111111111111,0.01157,6.76e-06,0.0805555555555555,0.023,9e-06,0.0031111111111111,0.03605,0.0990777777777777,1.0,663066.5891806621,1.9e-06,0.12776,3.508686664041284,0.0242168779694577,0.1998783447633909,0.1964146606573478,378.0096594544485,6.534188735274096
1164,0.012,0.0115,550000.0,0.000127,1.0,30.0,275.0,0.001964818573373,1946.0391655446624,242.0128264794384,172.90748278926236,0.0,0.0015507421070651,0.8472305848429268,0.1465031602501321,69.85,9.733522866865427e-09,1.1054480611158567e-09,851.1925706507656,7.665145417910399,0.0001923545398232,0.00148,6.65847e-07,0.0154111111111111,0.01157,6.76e-06,0.0805555555555555,0.023,9e-06,0.0031111111111111,0.03605,0.0990777777777777,1.0,909834.4310690488,1.9e-06,0.12776,3.438127283530343,0.0331484451227414,0.5369174245927947,0.250694940803692,946.8284779446636,191.38839816485583
1165,0.012,0.0115,550000.0,0.000127,1.0,35.0,250.0,0.0019187778865443,2270.379026468773,220.5130739903045,150.53653943370622,0.0,0.0011572333196554,0.4734466580965041,0.1430702193099806,69.85,9.503319432721545e-09,1.08589407497212e-09,869.6088453822765,7.911142188857162,0.0001721396413871,0.00148,6.65847e-07,0.0154111111111111,0.01157,6.76e-06,0.0805555555555555,0.023,9e-06,0.0031111111111111,0.03605,0.0990777777777777,1.0,1011268.744276613,1.9e-06,0.12776,3.459228799438716,0.0304773671596562,0.1665664387865234,0.2352462897121895,299.78799793643327,4.899518256713106
1166,0.012,0.0115,550000.0,0.000127,1.0,35.0,275.0,0.0026976807974582,2270.379026468773,242.0128264794384,174.97875891794484,0.0,0.0013451302309295,0.8787234220994145,0.2011477128370394,69.85,1.3211785774635741e-08,1.759347004736194e-09,744.0958936722327,6.2734241105027415,0.0002626068664927,0.00148,6.65847e-07,0.0154111111111111,0.01157,6.76e-06,0.0805555555555555,0.023,9e-06,0.0031111111111111,0.03605,0.0990777777777777,1.0,1628642.95518792,1.9e-06,0.12776,3.381744131509409,0.0402855529734925,0.513765709262375,0.289068528689175,859.6031589577532,133.25748229659408
1167,0.012,0.0115,550000.0,0.000127,1.0,40.0,250.0,0.0025330570876633,2594.7188873928835,220.5130739903045,152.02755156958915,0.0,0.0010226083995175,0.483141808033293,0.1888728422388578,69.85,1.243256688160639e-08,1.6085796725947e-09,766.0457216448904,6.557458176943128,0.0002255351416737,0.00148,6.65847e-07,0.0154111111111111,0.01157,6.76e-06,0.0805555555555555,0.023,9e-06,0.0031111111111111,0.03605,0.0990777777777777,1.0,1289220.237880841,1.9e-06,0.12776,3.410086653736316,0.0366978919321119,0.1304589657944349,0.2702832695321918,224.044033890934,3.6402388140883635
1168,0.012,0.0115,600000.0,0.000127,1.0,25.0,275.0,0.0011380154007509,1486.5576959021737,242.0128264794384,170.59667869506478,0.0,0.0020029318366878,0.8098319610215182,0.0848540699292702,76.2,5.5995070037545535e-09,7.542956588683201e-10,1181.9138396996357,12.082779573325862,0.0001270369281476,0.00148,6.65847e-07,0.0154111111111111,0.01157,6.76e-06,0.0805555555555555,0.023,9e-06,0.0031111111111111,0.03605,0.0990777777777777,1.0,847423.7678818424,1.9e-06,0.12776,3.414217144756813,0.036175044967492,0.561167891092248,0.2674624028780736,967.448558158268,206.38190867366538
1169,0.012,0.0115,600000.0,0.000127,1.0,30.0,250.0,0.0011734773053794,1783.869235082608,220.5130739903045,149.19884257279958,0.0,0.0014597544437944,0.4760382878697003,0.0874982230164722,76.2,5.776816526897464e-09,7.693567198450297e-10,1167.729077848203,11.893305553038209,0.000119794245838,0.00148,6.65847e-07,0.0154111111111111,0.01157,6.76e-06,0.0805555555555555,0.023,9e-06,0.0031111111111111,0.03605,0.0990777777777777,1.0,886011.2021804816,1.9e-06,0.12776,3.423646451304969,0.0349814618601305,0.224730064853228,0.2609403272360404,390.8821433747189,6.898105586780066
1170,0.012,0.0115,600000.0,0.000127,1.0,30.0,275.0,0.0016509933845704,1783.869235082608,242.0128264794384,172.90748278926242,0.0,0.0016917186622529,0.858535831418686,0.1231033499324027,76.2,8.164396922852208e-09,9.72163051354297e-10,976.7226461718232,9.341922816438592,0.0001784279696777,0.00148,6.65847e-07,0.0154111111111111,0.01157,6.76e-06,0.0805555555555555,0.023,9e-06,0.0031111111111111,0.03605,0.0990777777777777,1.0,1366013.3650315243,1.9e-06,0.12776,3.315471220651853,0.048674529031411,0.5716224814862831,0.329433293344588,902.1036428568204,160.4316558638159
1171,0.012,0.0115,600000.0,0.000127,1.0,35.0,250.0,0.0016123064185545,2081.1807742630426,220.5130739903045,150.53653943370605,0.0,0.0012624363487149,0.4710024786712484,0.1202187259479697,76.2,7.970962092772961e-09,9.557322713307396e-10,992.197432578163,9.548628436470256,0.0001598384549526,0.00148,6.65847e-07,0.0154111111111111,0.01157,6.76e-06,0.0805555555555555,0.023,9e-06,0.0031111111111111,0.03605,0.0990777777777777,1.0,1072835.025861354,1.9e-06,0.12776,3.3509971330028736,0.044177578100902,0.1869737527232785,0.3083834306224141,304.334496476789,4.9793529512334676
1172,0.012,0.012,400000.0,0.000127,1.0,20.0,250.0,0.0014139629250816,1783.869235082607,220.5130739903045,145.03886950088,0.0,0.0014190534633237,0.586813589097152,0.1054296003754516,50.8,6.979244625408485e-09,8.714936078743723e-10,1071.534829967321,10.60838367240074,9.449432852179343e-05,0.00148,6.65847e-07,0.0154111111111111,0.01157,6.76e-06,0.0805555555555555,0.023,9e-06,0.0031111111111111,0.03605,0.0990777777777777,1.0,464546.50704821286,1.9e-06,0.12776,3.585892101593789,0.014444037772938,0.3175739887217004,0.12723578902317,652.2994335635241,39.74564538575874
1173,0.012,0.012,400000.0,0.000127,1.0,20.0,275.0,0.0019842977233665,1783.869235082607,242.0128264794384,165.1065256782208,0.0,0.0016153944655478,0.924517825670809,0.147955588006923,50.8,9.830918616832632e-09,1.1137210703887207e-09,843.4009106533892,7.561067735120947,0.0001411934838564,0.00148,6.65847e-07,0.0154111111111111,0.01157,6.76e-06,0.0805555555555555,0.023,9e-06,0.0031111111111111,0.03605,0.0990777777777777,1.0,300472.20135689987,1.9e-06,0.12776,3.550118832592474,0.0189722996718387,0.6127522376638859,0.1607139959729049,1210.3195135119115,405.42817023269424
1174,0.012,0.012,400000.0,0.000127,1.0,25.0,250.0,0.0022248338047173,2229.8365438532587,220.5130739903045,146.2931608100042,0.0,0.0011450603123006,0.5758285883094513,0.1658907279479033,50.8,1.0973643342328958e-08,1.3262995433743231e-09,807.1421593710153,7.089252245584843,0.0001444229462598,0.00148,6.65847e-07,0.0154111111111111,0.01157,6.76e-06,0.0805555555555555,0.023,9e-06,0.0031111111111111,0.03605,0.0990777777777777,1.0,966442.2870330032,1.9e-06,0.12776,3.4869226723440545,0.0269718136273348,0.2461278603615479,0.2139777949826889,455.3032389638184,9.597511893605668
1175,0.012,0.012,400000.0,0.000127,1.0,25.0,275.0,0.003120680967239,2229.8365438532587,242.0128264794384,168.12030265583428,0.0,0.0013159048939628,0.9980501729631984,0.2326879590964421,50.8,1.5213986578265054e-08,2.146743250226581e-09,687.6958710347873,5.543599357570802,0.0002205439809465,0.00148,6.65847e-07,0.0154111111111111,0.01157,6.76e-06,0.0805555555555555,0.023,9e-06,0.0031111111111111,0.03605,0.0990777777777777,1.0,729468.5568837132,1.9e-06,0.12776,3.444658114504978,0.0323217576575977,0.6015522138667564,0.2459807605141356,1067.4828474927497,284.30853906307345
1176,0.012,0.012,400000.0,0.000127,1.0,30.0,250.0,0.0032309620433586,2675.80385262391,220.5130739903045,147.58582798616587,0.0,0.0009626485234015,0.5879706441457516,0.2409108690313589,50.8,1.5735983671897564e-08,2.247741968169144e-09,672.9917275521814,5.353325535284359,0.0002084107782137,0.00148,6.65847e-07,0.0154111111111111,0.01157,6.76e-06,0.0805555555555555,0.023,9e-06,0.0031111111111111,0.03605,0.0990777777777777,1.0,775414.3631874215,1.9e-06,0.12776,3.4540473076737497,0.0311332521931962,0.1832497751143925,0.2390984250730244,328.15353114507366,5.4171231870090715
1177,0.012,0.012,400000.0,0.000127,1.0,30.0,275.0,0.0045292106804412,2675.80385262391,242.0128264794384,170.4571317932983,0.0,0.0011118296957311,1.0043190421660178,0.3377124418078792,50.8,2.1881027220755386e-08,3.436717017468536e-09,499.8919092744962,3.113387921798372,0.0003186915822705,0.00148,6.65847e-07,0.0154111111111111,0.01157,6.76e-06,0.0805555555555555,0.023,9e-06,0.0031111111111111,0.03605,0.0990777777777777,1.0,869540.6853965509,1.9e-06,0.12776,3.283205599290354,0.0527587848999552,0.5027966003581384,0.3474708855991005,772.1423531610108,85.39265354903411
1178,0.012,0.012,400000.0,0.000127,1.0,35.0,250.0,0.0044412481245046,3121.771161394562,220.5130739903045,148.9962037117686,0.0,0.0008330124769878,0.610876298194894,0.3311536721570685,50.8,2.146467112265555e-08,3.356158269865134e-09,511.6202500660408,3.2651544108920776,0.0002852101973524,0.00148,6.65847e-07,0.0154111111111111,0.01157,6.76e-06,0.0805555555555555,0.023,9e-06,0.0031111111111111,0.03605,0.0990777777777777,1.0,1087625.0157146864,1.9e-06,0.12776,3.3319637824544737,0.0465868629804463,0.1159126260378254,0.3198227293730934,185.5487396248368,3.014410847822246
1179,0.012,0.012,400000.0,0.000127,1.0,35.0,275.0,0.0062214663714398,3121.771161394562,242.0128264794384,172.5673999947055,0.0,0.0009647950332682,1.0171978384062104,0.4638924413469443,50.8,2.8995295485759423e-08,4.596929304323079e-09,388.2613451424058,2.0893761333091296,0.0004206302064809,0.00148,6.65847e-07,0.0154111111111111,0.01157,6.76e-06,0.0805555555555555,0.023,9e-06,0.0031111111111111,0.03605,0.0990777777777777,1.0,1761646.6336830114,1.9e-06,0.12776,3.1383414109566043,0.0710960239295437,0.389495397059266,0.417784777775726,533.6924195997393,16.379468211040937
1180,0.012,0.012,450000.0,0.000127,1.0,20.0,250.0,0.0011172052741386,1585.661542295651,220.5130739903045,145.03886950088,0.0,0.0015964351462392,0.5847149011474516,0.0833024002966531,57.15,5.495456370693126e-09,7.454573691846892e-10,1190.23789034455,12.193968704119102,8.599372772253484e-05,0.00148,6.65847e-07,0.0154111111111111,0.01157,6.76e-06,0.0805555555555555,0.023,9e-06,0.0031111111111111,0.03605,0.0990777777777777,1.0,350881.7826036379,1.9e-06,0.12776,3.562974124926111,0.0173450474777074,0.3376025008507984,0.1489832207700207,676.1591456852602,46.94669542152001
1181,0.012,0.012,450000.0,0.000127,1.0,20.0,275.0,0.0015678401764871,1585.661542295651,242.0128264794384,165.10652567822058,0.0,0.0018173187737413,0.9299296370836116,0.1169031806474453,57.15,7.748630882435659e-09,9.36846969196026e-10,1009.9839294051473,9.78621290182396,0.0001275753304873,0.00148,6.65847e-07,0.0154111111111111,0.01157,6.76e-06,0.0805555555555555,0.023,9e-06,0.0031111111111111,0.03605,0.0990777777777777,1.0,743814.1097903505,1.9e-06,0.12776,3.447037658727436,0.0320205495281727,0.6492164564361663,0.2442483453922705,1154.7122551682523,357.33522246225743
1182,0.012,0.012,450000.0,0.000127,1.0,25.0,250.0,0.0017578933765668,1982.0769278695643,220.5130739903045,146.2931608100042,0.0,0.0012881928513382,0.561473681744709,0.1310741554156274,57.15,8.69889688283412e-09,1.0175646538550723e-09,933.9626493732702,8.77075295220216,0.0001298386386541,0.00148,6.65847e-07,0.0154111111111111,0.01157,6.76e-06,0.0805555555555555,0.023,9e-06,0.0031111111111111,0.03605,0.0990777777777777,1.0,736508.4321344923,1.9e-06,0.12776,3.4455165266682037,0.0322130978901008,0.2665895263290816,0.2453567144421299,473.4672498316364,10.741510839822219
1183,0.012,0.012,450000.0,0.000127,1.0,25.0,275.0,0.0024657232333741,1982.0769278695643,242.0128264794384,168.12030265583434,0.0,0.0014803930057081,0.9704765511465588,0.1838522145947199,57.15,1.211385330463742e-08,1.546913308821004e-09,775.023568883453,6.673632866887214,0.000196623541024,0.00148,6.65847e-07,0.0154111111111111,0.01157,6.76e-06,0.0805555555555555,0.023,9e-06,0.0031111111111111,0.03605,0.0990777777777777,1.0,927503.3323293048,1.9e-06,0.12776,3.296017990328675,0.0511369632495348,0.6228143365518389,0.3404257325200657,966.7795456838974,205.88886773263357
1184,0.012,0.012,450000.0,0.000127,1.0,30.0,250.0,0.0025528588984562,2378.492313443477,220.5130739903045,147.5858279861659,0.0,0.0010829795888267,0.5863852651384498,0.1903493286173702,57.15,1.2526295452692736e-08,1.6267147649731531e-09,763.4054802058384,6.5232930566855805,0.0001859457030277,0.00148,6.65847e-07,0.0154111111111111,0.01157,6.76e-06,0.0805555555555555,0.023,9e-06,0.0031111111111111,0.03605,0.0990777777777777,1.0,978963.6014376044,1.9e-06,0.12776,3.307793976228698,0.0496463321229496,0.2322259365210795,0.3338149554641029,364.09167624662433,6.182681822150177
1185,0.012,0.012,450000.0,0.000127,1.0,30.0,275.0,0.003578635599361,2378.492313443477,242.0128264794384,170.4571317932982,0.0,0.0012508084076974,0.9533717031171228,0.2668345219222749,57.15,1.7381638503642125e-08,2.5661518409627954e-09,626.6352534185318,4.753465806523813,0.0002840823005326,0.00148,6.65847e-07,0.0154111111111111,0.01157,6.76e-06,0.0805555555555555,0.023,9e-06,0.0031111111111111,0.03605,0.0990777777777777,1.0,1416001.4293765975,1.9e-06,0.12776,3.0640426551859727,0.0805009297232945,0.5227271811948477,0.4482765849220398,678.7371926300967,47.7800151150501
1186,0.012,0.012,450000.0,0.000127,1.0,35.0,250.0,0.0035091343205963,2774.90769901739,220.5130739903045,148.99620371176857,0.0,0.0009371390366113,0.595562950438819,0.2616522841734863,57.15,1.7052665784155842e-08,2.502500484831713e-09,635.9020905871595,4.873380069511431,0.0002543512732386,0.00148,6.65847e-07,0.0154111111111111,0.01157,6.76e-06,0.0805555555555555,0.023,9e-06,0.0031111111111111,0.03605,0.0990777777777777,1.0,1273638.3173344152,1.9e-06,0.12776,3.199937418111169,0.0632990609985862,0.1701006662653325,0.3898281397494494,244.2661786893718,3.970073503245246
1187,0.012,0.012,450000.0,0.000127,1.0,35.0,275.0,0.0049157265157055,2774.90769901739,242.0128264794384,172.56739999470545,0.0,0.0010853944124268,1.0462570959090562,0.3665322993358575,57.15,2.3710535507673032e-08,3.790699814878632e-09,448.3564645725907,2.4465115370390094,0.000388670440907,0.00148,6.65847e-07,0.0154111111111111,0.01157,6.76e-06,0.0805555555555555,0.023,9e-06,0.0031111111111111,0.03605,0.0990777777777777,1.0,1780265.4371612116,1.9e-06,0.12776,3.5038016691795075,0.0248352317494294,0.5159147965731986,0.2004247321906622,970.8284269787514,208.87929944765662
1188,0.012,0.012,450000.0,0.000127,1.0,40.0,250.0,0.0046349349861215,3171.323084591302,220.5130739903045,150.55535401291377,0.0,0.000828577399382,0.6299475347210273,0.3455955843571806,57.15,2.238145560097548e-08,3.533542508339726e-09,485.7953351837895,2.9309761385785125,0.0003346446191459,0.00148,6.65847e-07,0.0154111111111111,0.01157,6.76e-06,0.0805555555555555,0.023,9e-06,0.0031111111111111,0.03605,0.0990777777777777,1.0,1641924.2870179887,1.9e-06,0.12776,3.1420300885354058,0.0706291027170372,0.1205419503638466,0.4161829061444282,165.6228178702257,2.69068331467896
1189,0.012,0.012,450000.0,0.000127,1.0,40.0,275.0,0.0064876765384841,3171.323084591302,242.0128264794384,174.64583198396704,0.0,0.0009611587062243,1.0531890341582482,0.4837419232743042,57.15,3.006013615393675e-08,4.755820569465827e-09,377.6129384606325,2.043230198112997,0.0004902020655938,0.00148,6.65847e-07,0.0154111111111111,0.01157,6.76e-06,0.0805555555555555,0.023,9e-06,0.0031111111111111,0.03605,0.0990777777777777,1.0,1248630.9245902984,1.9e-06,0.12776,3.4307546499861816,0.0340816898751668,0.4056371108839438,0.2559464263104031,710.3085402040377,58.87397110235441
1190,0.012,0.012,500000.0,0.000127,1.0,20.0,275.0,0.0012699505429545,1427.095388066086,242.0128264794384,165.1065256782206,0.0,0.0020192430819348,0.920256367210275,0.0946915763244307,63.5,6.259182714772886e-09,8.103299650487811e-10,1129.1397828181691,11.377846150477406,0.0001168814198313,0.00148,6.65847e-07,0.0154111111111111,0.01157,6.76e-06,0.0805555555555555,0.023,9e-06,0.0031111111111111,0.03605,0.0990777777777777,1.0,474758.5587328217,1.9e-06,0.12776,3.3768956882385117,0.0408992799698087,0.6617547908858443,0.2921855954677969,1102.3554137239803,313.06435929207464
1191,0.012,0.012,500000.0,0.000127,1.0,25.0,250.0,0.0014238936350191,1783.8692350826077,220.5130739903045,146.29316081000422,0.0,0.0014313253903758,0.588350251001249,0.1061700658866582,63.5,7.028898175095638e-09,8.757112896226084e-10,1067.562545992349,10.55532359128375,0.0001188730741947,0.00148,6.65847e-07,0.0154111111111111,0.01157,6.76e-06,0.0805555555555555,0.023,9e-06,0.0031111111111111,0.03605,0.0990777777777777,1.0,444697.2989796849,1.9e-06,0.12776,3.36700871403848,0.0421507956913316,0.3183701851145908,0.2984579866237281,525.6434091446961,15.43227428416686
1192,0.012,0.012,500000.0,0.000127,1.0,25.0,275.0,0.001997235819033,1783.8692350826077,242.0128264794384,168.12030265583422,0.0,0.0016448811174535,0.9600033737112124,0.1489202938217231,63.5,9.895609095165117e-09,1.1192160219373346e-09,838.2256723867906,7.491939101831986,0.0001775705251112,0.00148,6.65847e-07,0.0154111111111111,0.01157,6.76e-06,0.0805555555555555,0.023,9e-06,0.0031111111111111,0.03605,0.0990777777777777,1.0,932717.367741592,1.9e-06,0.12776,3.3129797208328444,0.0489899087553361,0.6472730798894892,0.3308615802839607,1019.3155744150612,245.82368596555546
1193,0.012,0.012,500000.0,0.000127,1.0,30.0,250.0,0.0020678157077495,2140.643082099129,220.5130739903045,147.5858279861659,0.0,0.0012033106542519,0.5861373546606456,0.1541829561800698,63.5,1.0230424350014453e-08,1.1824976596282534e-09,828.0779056333959,7.360163942581988,0.0001680494749427,0.00148,6.65847e-07,0.0154111111111111,0.01157,6.76e-06,0.0805555555555555,0.023,9e-06,0.0031111111111111,0.03605,0.0990777777777777,1.0,1027747.3768143976,1.9e-06,0.12776,3.139451520586204,0.0709555037232653,0.2681443984805758,0.4173036190143168,367.7191083327539,6.270599103923346
1194,0.012,0.012,500000.0,0.000127,1.0,30.0,275.0,0.0028986948354824,2140.643082099129,242.0128264794384,170.45713179329832,0.0,0.0013897871196638,0.9920478070494309,0.2161359627570428,63.5,1.4163252221283462e-08,1.9434416911798656e-09,717.2940219356773,5.926603869950954,0.0002562927650942,0.00148,6.65847e-07,0.0154111111111111,0.01157,6.76e-06,0.0805555555555555,0.023,9e-06,0.0031111111111111,0.03605,0.0990777777777777,1.0,1056461.553843676,1.9e-06,0.12776,3.4771233215740067,0.0282122377754422,0.612101844292388,0.2216374760646227,1121.2714242871143,328.92277143853806
1195,0.012,0.012,500000.0,0.000127,1.0,35.0,250.0,0.002842398799683,2497.4169291156504,220.5130739903045,148.99620371176846,0.0,0.0010412655962348,0.6095255077595944,0.2119383501805238,63.5,1.3896784318499553e-08,1.891884092713686e-09,724.800160042266,6.0237344229709295,0.0002296270104971,0.00148,6.65847e-07,0.0154111111111111,0.01157,6.76e-06,0.0805555555555555,0.023,9e-06,0.0031111111111111,0.03605,0.0990777777777777,1.0,1168386.6126781397,1.9e-06,0.12776,3.4952649620386325,0.0259158275900465,0.2337771575790705,0.2073372274828213,436.1096377613712,8.600420966079314
1196,0.012,0.012,500000.0,0.000127,1.0,35.0,275.0,0.0039817384777215,2497.4169291156504,242.0128264794384,172.5673999947055,0.0,0.0012059937915853,1.0268215819198945,0.2968911624620445,63.5,1.928965879454849e-08,2.9353255500516916e-09,572.8882029704652,4.057970911668265,0.0003507744595711,0.00148,6.65847e-07,0.0154111111111111,0.01157,6.76e-06,0.0805555555555555,0.023,9e-06,0.0031111111111111,0.03605,0.0990777777777777,1.0,1257669.1892335075,1.9e-06,0.12776,3.4174438290362823,0.0357666039194579,0.5661204194578496,0.2652435605345742,978.9429188707124,214.91892248606464
1197,0.012,0.012,500000.0,0.000127,1.0,40.0,250.0,0.0037542973387584,2854.190776132172,220.5130739903045,150.55535401291374,0.0,0.0009206415548689,0.6116289404846708,0.2799324233293163,63.5,1.821310407012347e-08,2.727028131755179e-09,603.213688165536,4.45038723891526,0.0003020756765723,0.00148,6.65847e-07,0.0154111111111111,0.01157,6.76e-06,0.0805555555555555,0.023,9e-06,0.0031111111111111,0.03605,0.0990777777777777,1.0,1516309.2220084204,1.9e-06,0.12776,3.4594821383563508,0.0304452989422341,0.1678865171553542,0.2350569467095603,302.2387004485839,4.942434884731153
1198,0.012,0.012,550000.0,0.000127,1.0,20.0,275.0,0.0010495459032682,1297.3594436964418,242.0128264794384,165.10652567822052,0.0,0.0022211673901282,0.9478047203754424,0.0782575010945708,69.85,5.1571595163412275e-09,7.167216901229593e-10,1217.3016386927018,12.555474752460668,0.0001083235303036,0.00148,6.65847e-07,0.0154111111111111,0.01157,6.76e-06,0.0805555555555555,0.023,9e-06,0.0031111111111111,0.03605,0.0990777777777777,1.0,490959.7791981715,1.9e-06,0.12776,3.38889887224376,0.0393798895893975,0.7057372192808715,0.2844182654396897,1188.5225252355235,386.4692781061637
1199,0.012,0.012,550000.0,0.000127,1.0,25.0,250.0,0.0011767715991893,1621.6993046205523,220.5130739903045,146.29316081000417,0.0,0.0015744579294134,0.5740464573055551,0.0877438561046761,69.85,5.793287995946806e-09,7.707558426633124e-10,1166.4113603242554,11.875704042383266,0.0001100870036394,0.00148,6.65847e-07,0.0154111111111111,0.01157,6.76e-06,0.0805555555555555,0.023,9e-06,0.0031111111111111,0.03605,0.0990777777777777,1.0,471271.19401112135,1.9e-06,0.12776,3.3825742063431674,0.0401804802097256,0.3224926012008788,0.2885321186003298,539.9831435603849,17.16732718824529
1200,0.012,0.012,550000.0,0.000127,1.0,25.0,275.0,0.0016506081149033,1621.6993046205523,242.0128264794384,168.1203026558343,0.0,0.0018093692291988,0.9671165876158686,0.1230746229931595,69.85,8.162470574516622e-09,9.71999423088706e-10,976.8767540386702,9.343981323828087,0.0001635236071131,0.00148,6.65847e-07,0.0154111111111111,0.01157,6.76e-06,0.0805555555555555,0.023,9e-06,0.0031111111111111,0.03605,0.0990777777777777,1.0,1047305.1706517884,1.9e-06,0.12776,3.465974206480289,0.029623518167052,0.680231964622709,0.2301726486091542,1232.4108741577463,424.7589458617667
1201,0.012,0.012,550000.0,0.000127,1.0,30.0,250.0,0.0017089386014458,1946.0391655446624,220.5130739903045,147.5858279861659,0.0,0.0013236417196771,0.5802795014127774,0.1274239307273304,69.85,8.454123007229465e-09,9.967730223586868e-10,953.5445594216428,9.03231978431655,0.0001545987420838,0.00148,6.65847e-07,0.0154111111111111,0.01157,6.76e-06,0.0805555555555555,0.023,9e-06,0.0031111111111111,0.03605,0.0990777777777777,1.0,1082033.230362008,1.9e-06,0.12776,3.472144519948949,0.0288424658292469,0.2890455706854469,0.2254722553363173,526.8760368472375,15.573004342457207
1202,0.012,0.012,550000.0,0.000127,1.0,30.0,275.0,0.0023956155665143,1946.0391655446624,242.0128264794384,170.45713179329823,0.0,0.0015287658316302,1.0343566306951375,0.1786247626091262,69.85,1.178201034816814e-08,1.482706604280879e-09,784.3712577980805,6.794593363595832,0.0002335813963106,0.00148,6.65847e-07,0.0154111111111111,0.01157,6.76e-06,0.0805555555555555,0.023,9e-06,0.0031111111111111,0.03605,0.0990777777777777,1.0,1245240.648840038,1.9e-06,0.12776,3.401653111992346,0.0377654288617283,0.6919218680860113,0.2759759127920468,1179.003840997411,378.2308316728615
1203,0.012,0.012,550000.0,0.000127,1.0,35.0,250.0,0.0023490899170933,2270.379026468773,220.5130739903045,148.99620371176846,0.0,0.0011453921558583,0.6112729757928497,0.175155661306218,69.85,1.1561788940908722e-08,1.4400970187716411e-09,790.574677720881,6.874866547909859,0.0002094466315226,0.00148,6.65847e-07,0.0154111111111111,0.01157,6.76e-06,0.0805555555555555,0.023,9e-06,0.0031111111111111,0.03605,0.0990777777777777,1.0,738215.316149336,1.9e-06,0.12776,3.393508003584888,0.0387964552424193,0.2723073144866317,0.2813901799673915,460.529657454063,9.905150841664256
1204,0.012,0.012,550000.0,0.000127,1.0,40.0,250.0,0.0031027250733541,2594.7188873928835,220.5130739903045,150.55535401291382,0.0,0.0010127057103558,0.6168590855627042,0.2313491101895175,69.85,1.5128995347209477e-08,2.1302987039298995e-09,690.0899902194514,5.574579618938233,0.000275353929177,0.00148,6.65847e-07,0.0154111111111111,0.01157,6.76e-06,0.0805555555555555,0.023,9e-06,0.0031111111111111,0.03605,0.0990777777777777,1.0,1556887.3348962874,1.9e-06,0.12776,3.3692625663772247,0.0418654979269336,0.2216999753731866,0.2970379233603564,366.77750321135966,6.247542911879743
1205,0.012,0.012,600000.0,0.000127,1.0,25.0,275.0,0.0013869693187729,1486.5576959021737,242.0128264794384,168.12030265583434,0.0,0.0019738573409442,0.9866322299933044,0.1034168707095299,76.2,6.8442765938646645e-09,8.60029126345371e-10,1082.3322724908269,10.752611320716657,0.000151982286807,0.00148,6.65847e-07,0.0154111111111111,0.01157,6.76e-06,0.0805555555555555,0.023,9e-06,0.0031111111111111,0.03605,0.0990777777777777,1.0,1126091.9523604088,1.9e-06,0.12776,3.363831473913473,0.0425529779856363,0.7194053592837744,0.3004501229713032,1184.3975543622355,382.8958566039655
1206,0.012,0.012,600000.0,0.000127,1.0,30.0,250.0,0.0014359831303816,1783.869235082608,220.5130739903045,147.58582798616575,0.0,0.0014439727851023,0.6004261724010583,0.1070714973472706,76.2,7.089345651908093e-09,8.808458312875072e-10,1062.7267478473525,10.4907290548771,0.0001437508644456,0.00148,6.65847e-07,0.0154111111111111,0.01157,6.76e-06,0.0805555555555555,0.023,9e-06,0.0031111111111111,0.03605,0.0990777777777777,1.0,707321.9889412534,1.9e-06,0.12776,3.374487705268008,0.0412040879407585,0.3295446750537876,0.2937235524328646,547.7648635984673,18.202025622868696
1207,0.012,0.012,600000.0,0.000127,1.0,35.0,250.0,0.0019738880553354,2081.1807742630426,220.5130739903045,148.99620371176857,0.0,0.0012495187154817,0.6065290928299608,0.147179409847586,76.2,9.778870276677104e-09,1.109299969869562e-09,847.5647778658317,7.616686903701186,0.0001928127492639,0.00148,6.65847e-07,0.0154111111111111,0.01157,6.76e-06,0.0805555555555555,0.023,9e-06,0.0031111111111111,0.03605,0.0990777777777777,1.0,1225189.1823310156,1.9e-06,0.12776,3.281240827185621,0.0530074902296682,0.2955396829823746,0.3485379677081745,453.1166923707938,9.473652038811831
1208,0.012,0.0124999999999999,400000.0,0.000127,1.0,20.0,250.0,0.0017065168692819,1783.869235082607,220.5130739903045,142.64620466899677,0.0,0.001395643743378,0.6176740471604854,0.1272433586276459,50.8,8.442014346409891e-09,9.957444860696183e-10,954.5132522872088,9.045259171920314,0.0001122881890209,0.00148,6.65847e-07,0.0154111111111111,0.01157,6.76e-06,0.0805555555555555,0.023,9e-06,0.0031111111111111,0.03605,0.0990777777777777,1.0,415983.3422388272,1.9e-06,0.12776,3.577122865216076,0.0155540676941676,0.3266206885328393,0.135687143743789,664.3849890064723,43.27846769328158
1209,0.012,0.0124999999999999,400000.0,0.000127,1.0,20.0,275.0,0.0023881349795433,1783.869235082607,242.0128264794384,162.17099245919428,0.0,0.0015866733468884,1.0425828574036462,0.1780669861066859,50.8,1.174660223650514e-08,1.475855658315177e-09,785.3686693942213,6.807500019261634,0.0001693546560676,0.00148,6.65847e-07,0.0154111111111111,0.01157,6.76e-06,0.0805555555555555,0.023,9e-06,0.0031111111111111,0.03605,0.0990777777777777,1.0,898030.8942618137,1.9e-06,0.12776,3.476165931586665,0.0283334263814347,0.7007058712969603,0.2223778243711554,1282.358757500308,468.7957576256975
1210,0.012,0.0124999999999999,400000.0,0.000127,1.0,25.0,250.0,0.0026861763619811,2229.8365438532587,220.5130739903045,143.99241053557074,0.0,0.0011270519665025,0.6419684008719093,0.2002899053136764,50.8,1.3157331446711e-08,1.74881089759324e-09,745.629818402507,6.293273326601201,0.0001737649739578,0.00148,6.65847e-07,0.0154111111111111,0.01157,6.76e-06,0.0805555555555555,0.023,9e-06,0.0031111111111111,0.03605,0.0990777777777777,1.0,885344.8170816171,1.9e-06,0.12776,3.474055642454858,0.0286005515879926,0.2778684955582329,0.2240047448150606,507.4619968159886,13.528926578124166
1211,0.012,0.0124999999999999,400000.0,0.000127,1.0,25.0,275.0,0.0037571965036993,2229.8365438532587,242.0128264794384,165.14743550622174,0.0,0.0012926357803015,1.1000089640155126,0.2801485943446353,50.8,1.822682678417692e-08,2.729683273982975e-09,602.8271328400867,4.445385155020649,0.0002649717826542,0.00148,6.65847e-07,0.0154111111111111,0.01157,6.76e-06,0.0805555555555555,0.023,9e-06,0.0031111111111111,0.03605,0.0990777777777777,1.0,1170231.2283180235,1.9e-06,0.12776,3.3477645328192613,0.0445867679975618,0.6560503696708773,0.3103533147787623,1064.8023138779586,282.1267699349539
1212,0.012,0.0124999999999999,400000.0,0.000127,1.0,30.0,250.0,0.0039026949976459,2675.80385262391,220.5130739903045,145.35631018818702,0.0,0.0009481061920313,0.6465739091613331,0.2909974276484724,50.8,1.8915519655524043e-08,2.862935159694065e-09,583.4273336472103,4.194348843494948,0.0002510791984289,0.00148,6.65847e-07,0.0154111111111111,0.01157,6.76e-06,0.0805555555555555,0.023,9e-06,0.0031111111111111,0.03605,0.0990777777777777,1.0,1220603.738037292,1.9e-06,0.12776,3.356786239402969,0.043444779822409,0.1917664815128605,0.3048273940205525,313.7404379749949,5.1478347493996175
1213,0.012,0.0124999999999999,400000.0,0.000127,1.0,30.0,275.0,0.0054554524187413,2675.80385262391,242.0128264794384,167.48561850664828,0.0,0.0010924475984342,1.117643898654204,0.4067759897890948,50.8,2.59312396749654e-08,4.139723152459635e-09,418.90190325034615,2.2221600559257,0.0003771620029664,0.00148,6.65847e-07,0.0154111111111111,0.01157,6.76e-06,0.0805555555555555,0.023,9e-06,0.0031111111111111,0.03605,0.0990777777777777,1.0,1606514.34841294,1.9e-06,0.12776,3.0958825132172243,0.0764705679471868,0.5470579088651092,0.4356097326430803,726.6377652870062,65.26165285158636
1214,0.012,0.0124999999999999,400000.0,0.000127,1.0,35.0,250.0,0.0053673786082975,3121.771161394562,220.5130739903045,146.83096251044165,0.0,0.000820906981066,0.668249181556078,0.4002089246462148,50.8,2.5578944433190363e-08,4.087155065662933e-09,422.4248556680964,2.2374271225232625,0.0003394962187221,0.00148,6.65847e-07,0.0154111111111111,0.01157,6.76e-06,0.0805555555555555,0.023,9e-06,0.0031111111111111,0.03605,0.0990777777777777,1.0,1372410.7234207792,1.9e-06,0.12776,3.2142741765296474,0.0614842814519433,0.1042302569098631,0.3829315701785808,151.36737677449187,2.459090381025338
1215,0.012,0.0124999999999999,400000.0,0.000127,1.0,35.0,275.0,0.0074976169215605,3121.771161394562,242.0128264794384,169.6197682792083,0.0,0.0009483153248233,1.1245137394314084,0.5590463100457004,50.8,3.409989768624203e-08,5.358617626270291e-09,337.2153231375797,1.868163092349016,0.0004930285001952,0.00148,6.65847e-07,0.0154111111111111,0.01157,6.76e-06,0.0805555555555555,0.023,9e-06,0.0031111111111111,0.03605,0.0990777777777777,1.0,1859968.6042846472,1.9e-06,0.12776,3.190037599625,0.0645522025791139,0.401657429385708,0.3945010714926436,572.3666646166678,21.93942538548509
1216,0.012,0.0124999999999999,450000.0,0.000127,1.0,20.0,250.0,0.0013483590078277,1585.661542295651,220.5130739903045,142.64620466899677,0.0,0.0015700992113003,0.6151366936237594,0.100537962372461,57.15,6.65122503913868e-09,8.436309025735258e-10,1097.7763968689055,10.958907370406171,0.0001018160745194,0.00148,6.65847e-07,0.0154111111111111,0.01157,6.76e-06,0.0805555555555555,0.023,9e-06,0.0031111111111111,0.03605,0.0990777777777777,1.0,282872.99164004525,1.9e-06,0.12776,3.5448519572461845,0.0196389927536475,0.3507887312512981,0.1654272826470542,688.9932472599937,51.203168247044495
1217,0.012,0.0124999999999999,450000.0,0.000127,1.0,20.0,275.0,0.0018869214653181,1585.661542295651,242.0128264794384,162.17099245919434,0.0,0.0017850075152494,1.046811861420587,0.1406949026028137,57.15,9.344037326590978e-09,1.072364302456756e-09,882.3514138727218,8.081352003160921,0.0001515348554405,0.00148,6.65847e-07,0.0154111111111111,0.01157,6.76e-06,0.0805555555555555,0.023,9e-06,0.0031111111111111,0.03605,0.0990777777777777,1.0,658007.3116407264,1.9e-06,0.12776,3.42802726807514,0.0344269280917544,0.7423069588177732,0.2578705212488784,1296.4875879463805,481.3153549997599
1218,0.012,0.0124999999999999,450000.0,0.000127,1.0,25.0,250.0,0.0021224109526765,1982.0769278695643,220.5130739903045,143.99241053557068,0.0,0.0012679334623153,0.6319034943194679,0.1582537523466085,57.15,1.0488841842668778e-08,1.2324976227897212e-09,820.7985396431329,7.265967854763087,0.0001551493225455,0.00148,6.65847e-07,0.0154111111111111,0.01157,6.76e-06,0.0805555555555555,0.023,9e-06,0.0031111111111111,0.03605,0.0990777777777777,1.0,642633.5156482365,1.9e-06,0.12776,3.4243391573353312,0.0348937775524897,0.3098397419728592,0.2604566130957382,539.2695876689608,17.075808703594483
1219,0.012,0.0124999999999999,450000.0,0.000127,1.0,25.0,275.0,0.0029686490893426,1982.0769278695643,242.0128264794384,165.14743550622168,0.0,0.0014542152528391,1.0873013619521128,0.2213519757784773,57.15,1.4494369022888762e-08,2.007507895492721e-09,707.9667880876405,5.805908064872281,0.0002361625668346,0.00148,6.65847e-07,0.0154111111111111,0.01157,6.76e-06,0.0805555555555555,0.023,9e-06,0.0031111111111111,0.03605,0.0990777777777777,1.0,1039908.2627339546,1.9e-06,0.12776,3.1372426879453785,0.0712351027917242,0.7021393861736355,0.4182602193887171,961.2962466196212,201.86416716683843
1220,0.012,0.0124999999999999,450000.0,0.000127,1.0,30.0,250.0,0.0030836108623375,2378.492313443477,220.5130739903045,145.35631018818708,0.0,0.0010666194660352,0.6348685816925674,0.2299238934506451,57.15,1.5038521415064272e-08,2.1127933360545727e-09,692.6385516883304,5.607558386629749,0.0002239222209453,0.00148,6.65847e-07,0.0154111111111111,0.01157,6.76e-06,0.0805555555555555,0.023,9e-06,0.0031111111111111,0.03605,0.0990777777777777,1.0,1153767.9409945717,1.9e-06,0.12776,3.165113447052068,0.0677071586010041,0.2411346882419222,0.4059548786062777,337.1198089146525,5.593456009910894
1221,0.012,0.0124999999999999,450000.0,0.000127,1.0,30.0,275.0,0.0043104809234499,2378.492313443477,242.0128264794384,167.48561850664808,0.0,0.0012290035482385,1.076889226945583,0.3214032511913836,57.15,2.0845706370996453e-08,3.236397744123171e-09,529.0558768733396,3.490774037122544,0.0003414330858136,0.00148,6.65847e-07,0.0154111111111111,0.01157,6.76e-06,0.0805555555555555,0.023,9e-06,0.0031111111111111,0.03605,0.0990777777777777,1.0,1588785.8823388736,1.9e-06,0.12776,3.1313419602742787,0.071982030345028,0.5916759757541994,0.4208003688005503,806.5241216606776,102.82405045079362
1222,0.012,0.0124999999999999,450000.0,0.000127,1.0,35.0,250.0,0.0042408917398894,2774.90769901739,220.5130739903045,146.83096251044162,0.0,0.0009235203536993,0.6714664114609868,0.3162144589797254,57.15,2.0516317568810085e-08,3.1726658821429597e-09,538.334434681406,3.610839966942596,0.0003065881835692,0.00148,6.65847e-07,0.0154111111111111,0.01157,6.76e-06,0.0805555555555555,0.023,9e-06,0.0031111111111111,0.03605,0.0990777777777777,1.0,1329246.125586697,1.9e-06,0.12776,3.2333601679247206,0.059068333174086,0.1914419524812613,0.37350481032104,282.26693288997257,4.599177991483426
1223,0.012,0.0124999999999999,450000.0,0.000127,1.0,35.0,275.0,0.0059240429997515,2774.90769901739,242.0128264794384,169.61976827920816,0.0,0.0010668547404262,1.128026493066295,0.4417156029990721,57.15,2.7805601999006053e-08,4.4194080010036885e-09,400.15828000993946,2.140932690251073,0.0004542223362535,0.00148,6.65847e-07,0.0154111111111111,0.01157,6.76e-06,0.0805555555555555,0.023,9e-06,0.0031111111111111,0.03605,0.0990777777777777,1.0,1510744.8699972918,1.9e-06,0.12776,3.472265590366662,0.0288271404599162,0.5225008900672232,0.2253794526207732,952.535556105454,195.49544577722017
1224,0.012,0.0124999999999999,450000.0,0.000127,1.0,40.0,250.0,0.0056046801820919,3171.323084591302,220.5130739903045,148.45304589041726,0.0,0.0008170074023649,0.6883603247100891,0.4179028893533609,57.15,2.652815072836793e-08,4.228791832204149e-09,412.9327927163207,2.1962923185154475,0.0003957271980664,0.00148,6.65847e-07,0.0154111111111111,0.01157,6.76e-06,0.0805555555555555,0.023,9e-06,0.0031111111111111,0.03605,0.0990777777777777,1.0,1754929.7219758942,1.9e-06,0.12776,3.5012019903577785,0.0251643050180027,0.106647435356728,0.2025425238513257,200.1534583739389,3.251726412003401
1225,0.012,0.0124999999999999,450000.0,0.000127,1.0,40.0,275.0,0.007822894728659,3171.323084591302,242.0128264794384,171.73709357640263,0.0,0.0009451505415128,1.148505809422007,0.5833000642319519,57.15,3.5401008914636284e-08,5.552764239326366e-09,324.2042108536373,1.8117781361553225,0.000575410692313,0.00148,6.65847e-07,0.0154111111111111,0.01157,6.76e-06,0.0805555555555555,0.023,9e-06,0.0031111111111111,0.03605,0.0990777777777777,1.0,1760191.6737872495,1.9e-06,0.12776,3.4348188245583304,0.0335672373976797,0.4013957451900551,0.2530606774274807,705.6075784942551,57.11736116532028
1226,0.012,0.0124999999999999,500000.0,0.000127,1.0,20.0,250.0,0.0010921707963404,1427.095388066086,220.5130739903045,142.64620466899677,0.0,0.0017445546792226,0.6199588805480821,0.0814357495216934,63.5,5.370283981702331e-09,7.348249510845558e-10,1200.2516814638134,12.327728670028998,9.364449380379324e-05,0.00148,6.65847e-07,0.0154111111111111,0.01157,6.76e-06,0.0805555555555555,0.023,9e-06,0.0031111111111111,0.03605,0.0990777777777777,1.0,605812.7652124343,1.9e-06,0.12776,3.4146351403783464,0.0361221341293232,0.3747131310263887,0.2671757223787513,646.2549899012404,38.06586960988753
1227,0.012,0.0124999999999999,500000.0,0.000127,1.0,20.0,275.0,0.0015284063869077,1427.095388066086,242.0128264794384,162.17099245919422,0.0,0.0019833416836105,1.074774545752482,0.113962871108279,63.5,7.55146193453869e-09,9.200990049899723e-10,1025.7574452369047,9.996908822560348,0.0001384589841343,0.00148,6.65847e-07,0.0154111111111111,0.01157,6.76e-06,0.0805555555555555,0.023,9e-06,0.0031111111111111,0.03605,0.0990777777777777,1.0,912023.1114198532,1.9e-06,0.12776,3.295812696590896,0.0511629497986208,0.7970016746442028,0.3405398164928619,1236.9523259785449,428.7455286409445
1228,0.012,0.0124999999999999,500000.0,0.000127,1.0,25.0,250.0,0.0017191528716679,1783.8692350826077,220.5130739903045,143.99241053557066,0.0,0.0014088149581281,0.6391167927999711,0.128185539400753,63.5,8.505194358339837e-09,1.0011111352789742e-09,949.4588513328132,8.9777446320919,0.0001413206834082,0.00148,6.65847e-07,0.0154111111111111,0.01157,6.76e-06,0.0805555555555555,0.023,9e-06,0.0031111111111111,0.03605,0.0990777777777777,1.0,898050.0906693356,1.9e-06,0.12776,3.292440103054665,0.0515898603728272,0.3471212533992179,0.3424083698800591,537.2081969257363,16.814533437885117
1229,0.012,0.0124999999999999,500000.0,0.000127,1.0,25.0,275.0,0.0024046057623675,1783.8692350826077,242.0128264794384,165.14743550622168,0.0,0.0016157947253768,1.093287189289292,0.1792951003805667,63.5,1.1824563941873236e-08,1.4909400953491055e-09,783.1725650176553,6.779082099213213,0.0002131319931996,0.00148,6.65847e-07,0.0154111111111111,0.01157,6.76e-06,0.0805555555555555,0.023,9e-06,0.0031111111111111,0.03605,0.0990777777777777,1.0,1102217.852801998,1.9e-06,0.12776,3.1773659725658283,0.0661562060043255,0.7501820889087254,0.4003789322877237,1058.6410319254692,277.12862998260505
1230,0.012,0.0124999999999999,500000.0,0.000127,1.0,30.0,250.0,0.0024977247984933,2140.643082099129,220.5130739903045,145.356310188187,0.0,0.0011851327400391,0.6645909985742088,0.1862383536950225,63.5,1.2265327379535389e-08,1.576221302204203e-09,770.7566935342144,6.618418859836765,0.0002022228006657,0.00148,6.65847e-07,0.0154111111111111,0.01157,6.76e-06,0.0805555555555555,0.023,9e-06,0.0031111111111111,0.03605,0.0990777777777777,1.0,1188485.332261655,1.9e-06,0.12776,3.1980919359980264,0.0635326663293637,0.3145426448791861,0.3907047095173241,451.0373471182726,9.358436986013988
1231,0.012,0.0124999999999999,500000.0,0.000127,1.0,30.0,275.0,0.0034914895479944,2140.643082099129,242.0128264794384,167.48561850664817,0.0,0.0013655594980428,1.075881696734274,0.2603366334650208,63.5,1.6969147193840464e-08,2.48634087273977e-09,638.2547269340714,4.903823536735924,0.000308045533824,0.00148,6.65847e-07,0.0154111111111111,0.01157,6.76e-06,0.0805555555555555,0.023,9e-06,0.0031111111111111,0.03605,0.0990777777777777,1.0,1491047.016831347,1.9e-06,0.12776,3.455909618278155,0.0308975166736512,0.6517350632692531,0.237718381820612,1169.2077419640857,369.7809416840583
1232,0.012,0.0124999999999999,500000.0,0.000127,1.0,35.0,250.0,0.0034351223093104,2497.4169291156504,220.5130739903045,146.83096251044165,0.0,0.0010261337263326,0.6861079855230812,0.2561337117735776,63.5,1.6702342264069502e-08,2.434718064535797e-09,645.7703587586057,5.00107693989017,0.0002767341270428,0.00148,6.65847e-07,0.0154111111111111,0.01157,6.76e-06,0.0805555555555555,0.023,9e-06,0.0031111111111111,0.03605,0.0990777777777777,1.0,939433.9739467916,1.9e-06,0.12776,3.454603853548156,0.0310628033483347,0.2661642737495034,0.2386865271350937,476.8902302074807,10.981796119249783
1233,0.012,0.0124999999999999,500000.0,0.000127,1.0,35.0,275.0,0.0047984748297987,2497.4169291156504,242.0128264794384,169.61976827920822,0.0,0.0011853941560291,1.093005235581184,0.3577896384292484,63.5,2.315554419438064e-08,3.6833172033745685e-09,463.9900226935031,2.6488121241573337,0.0004217068508382,0.00148,6.65847e-07,0.0154111111111111,0.01157,6.76e-06,0.0805555555555555,0.023,9e-06,0.0031111111111111,0.03605,0.0990777777777777,1.0,1573357.0747998543,1.9e-06,0.12776,3.3885364509651867,0.0394257657006092,0.5714055971519356,0.2846552854206328,961.9777150084178,202.3627655966098
1234,0.012,0.0124999999999999,500000.0,0.000127,1.0,40.0,250.0,0.0045397909474945,2854.190776132172,220.5130739903045,148.4530458904173,0.0,0.0009077860026277,0.6776719783846207,0.3385013403762225,63.5,2.1931107151474013e-08,3.446406743443895e-09,498.4812070007324,3.095133222770526,0.0003643065763493,0.00148,6.65847e-07,0.0154111111111111,0.01157,6.76e-06,0.0805555555555555,0.023,9e-06,0.0031111111111111,0.03605,0.0990777777777777,1.0,1892788.8926844248,1.9e-06,0.12776,3.435629484850809,0.0334646221707836,0.1753606380083981,0.2524823919271948,308.50250339171987,5.053416128240385
1235,0.012,0.0124999999999999,550000.0,0.000127,1.0,20.0,275.0,0.0012631457743039,1297.3594436964418,242.0128264794384,162.1709924591944,0.0,0.0021816758519716,1.039067713883041,0.0941841909985777,69.85,6.225158871519578e-09,8.0743990495039e-10,1131.8616902784338,11.414204233520948,0.000127944536222,0.00148,6.65847e-07,0.0154111111111111,0.01157,6.76e-06,0.0805555555555555,0.023,9e-06,0.0031111111111111,0.03605,0.0990777777777777,1.0,726407.881236456,1.9e-06,0.12776,3.25601533461197,0.0562005905554469,0.7810735228844632,0.3619344481701497,1172.9037183870707,372.96546264038295
1236,0.012,0.0124999999999999,550000.0,0.000127,1.0,25.0,250.0,0.0014207874972462,1621.6993046205523,220.5130739903045,143.99241053557083,0.0,0.001549696453941,0.6466109964111126,0.1059384623146719,69.85,7.013367486231272e-09,8.74392078742954e-10,1068.8050011014982,10.571919778588343,0.0001305005617118,0.00148,6.65847e-07,0.0154111111111111,0.01157,6.76e-06,0.0805555555555555,0.023,9e-06,0.0031111111111111,0.03605,0.0990777777777777,1.0,654218.2851197299,1.9e-06,0.12776,3.506726766401893,0.0244649662782414,0.3768625340964406,0.1980283541957595,711.2906934965076,59.24561814849171
1237,0.012,0.0124999999999999,550000.0,0.000127,1.0,25.0,275.0,0.0019872774895599,1621.6993046205523,242.0128264794384,165.1474355062218,0.0,0.0017773741979145,1.0444143530878889,0.1481777689095592,69.85,9.845817447799934e-09,1.1149866098685115e-09,842.2090041760052,7.545146754956304,0.0001944143154025,0.00148,6.65847e-07,0.0154111111111111,0.01157,6.76e-06,0.0805555555555555,0.023,9e-06,0.0031111111111111,0.03605,0.0990777777777777,1.0,897143.001194097,1.9e-06,0.12776,3.435242903337264,0.0335135565395868,0.7324265841783297,0.252758271964971,1288.043005902958,473.8298889790453
1238,0.012,0.0124999999999999,550000.0,0.000127,1.0,30.0,250.0,0.0020642353706556,1946.0391655446624,220.5130739903045,145.356310188187,0.0,0.001303646014043,0.6587038008742039,0.1539159947892747,69.85,1.0213477421103621e-08,1.179218679507605e-09,828.555283912574,7.366341289121295,0.0001845414582169,0.00148,6.65847e-07,0.0154111111111111,0.01157,6.76e-06,0.0805555555555555,0.023,9e-06,0.0031111111111111,0.03605,0.0990777777777777,1.0,952960.121510451,1.9e-06,0.12776,3.447505930222236,0.0319612746554131,0.3409778060849291,0.2439064848374749,606.7457932131576,28.46733749136388
1239,0.012,0.0124999999999999,550000.0,0.000127,1.0,30.0,275.0,0.0028855285520615,1946.0391655446624,242.0128264794384,167.48561850664808,0.0,0.0015021154478471,1.085629156874151,0.2151542425330748,69.85,1.4100931813091281e-08,1.9313836138345187e-09,719.0495263917949,5.949320360938785,0.0002806569916595,0.00148,6.65847e-07,0.0154111111111111,0.01157,6.76e-06,0.0805555555555555,0.023,9e-06,0.0031111111111111,0.03605,0.0990777777777777,1.0,1523092.694034954,1.9e-06,0.12776,3.3630620411124728,0.0426503745427249,0.7066649143410759,0.3009308584385961,1162.6227306750309,364.11823021567005
1240,0.012,0.0124999999999999,550000.0,0.000127,1.0,35.0,250.0,0.0028389440572813,2270.379026468773,220.5130739903045,146.83096251044168,0.0,0.0011287470989658,0.6795658991015785,0.2116807535318823,69.85,1.3880431871131825e-08,1.888720135979998e-09,725.2607923624839,6.029695074289396,0.0002522875772375,0.00148,6.65847e-07,0.0154111111111111,0.01157,6.76e-06,0.0805555555555555,0.023,9e-06,0.0031111111111111,0.03605,0.0990777777777777,1.0,1107231.1663058188,1.9e-06,0.12776,3.371966205049576,0.041523265183598,0.3040751455696959,0.2953268646449857,504.2823718571021,13.227707227319602
1241,0.012,0.0124999999999999,600000.0,0.000127,1.0,20.0,275.0,0.0010613933242414,1189.2461567217388,242.0128264794384,162.17099245919437,0.0,0.0023800100203326,1.021516127234592,0.0791408827140827,76.2,5.216396621207425e-09,7.21753420131925e-10,1212.562670303406,12.492173626778015,0.0001193584047177,0.00148,6.65847e-07,0.0154111111111111,0.01157,6.76e-06,0.0805555555555555,0.023,9e-06,0.0031111111111111,0.03605,0.0990777777777777,1.0,888174.4301101096,1.9e-06,0.12776,3.4241581093979536,0.0349166950129173,0.7785652445205092,0.2605830993302138,1354.8447543790471,533.2057173801605
1242,0.012,0.0124999999999999,600000.0,0.000127,1.0,25.0,250.0,0.0011938561608805,1486.5576959021737,220.5130739903045,143.9924105355707,0.0,0.0016905779497538,0.6433603119139237,0.0890177356949673,76.2,5.878710804402666e-09,7.780118439437322e-10,1159.5775356477866,11.784420716730484,0.0001216541994309,0.00148,6.65847e-07,0.0154111111111111,0.01157,6.76e-06,0.0805555555555555,0.023,9e-06,0.0031111111111111,0.03605,0.0990777777777777,1.0,876600.5404609687,1.9e-06,0.12776,3.42140007797818,0.0352658129141544,0.3905325762189564,0.2625046176934756,677.8314577153268,47.4860091930902
1243,0.012,0.0124999999999999,600000.0,0.000127,1.0,25.0,275.0,0.0016698651127552,1486.5576959021737,242.0128264794384,165.14743550622174,0.0,0.0019389536704522,1.0593314121082928,0.1245104863753935,76.2,8.258755563776338e-09,9.801780819034023e-10,969.173954897893,9.241090606595222,0.000180317704234,0.00148,6.65847e-07,0.0154111111111111,0.01157,6.76e-06,0.0805555555555555,0.023,9e-06,0.0031111111111111,0.03605,0.0990777777777777,1.0,1351722.3510844242,1.9e-06,0.12776,3.3122314767659,0.0490846231941898,0.7710109257328992,0.3312893343533,1213.3998333229108,408.1170316100576
1244,0.012,0.0124999999999999,600000.0,0.000127,1.0,30.0,250.0,0.0017345311100648,1783.869235082608,220.5130739903045,145.35631018818708,0.0,0.001422159288047,0.648072081248474,0.1293321900659879,76.2,8.582085550324282e-09,1.007642442286755e-09,943.3075559740574,8.89557824299017,0.0001709874394266,0.00148,6.65847e-07,0.0154111111111111,0.01157,6.76e-06,0.0805555555555555,0.023,9e-06,0.0031111111111111,0.03605,0.0990777777777777,1.0,958588.8669731048,1.9e-06,0.12776,3.3202541375747834,0.0480690965095211,0.3549298911824859,0.326674261633774,562.4357792960675,20.34250719740539
1245,0.012,0.013,400000.0,0.000127,1.0,20.0,250.0,0.0020370049107926,1783.869235082607,220.5130739903045,139.9012535154039,0.0,0.0013687872706644,0.5242492651192142,0.1518856045644176,50.8,1.0084586577752074e-08,1.154280207451271e-09,832.1860118943077,7.413323453814126,0.0001324809166989,0.00148,6.65847e-07,0.0154111111111111,0.01157,6.76e-06,0.0805555555555555,0.023,9e-06,0.0031111111111111,0.03605,0.0990777777777777,1.0,347409.06156669214,1.9e-06,0.12776,3.562317499411773,0.0174281646314212,0.2085536605547966,0.1495903493935874,417.3987513906164,7.801615430531167
1246,0.012,0.013,400000.0,0.000127,1.0,20.0,275.0,0.0028443296574987,1783.869235082607,242.0128264794384,158.9499228866293,0.0,0.0015551585540037,1.0879804259733563,0.2120823211180124,50.8,1.3905923712160856e-08,1.8936524302271006e-09,724.5427123334971,6.020403011002303,0.0002012352027978,0.00148,6.65847e-07,0.0154111111111111,0.01157,6.76e-06,0.0805555555555555,0.023,9e-06,0.0031111111111111,0.03605,0.0990777777777777,1.0,800184.7495465513,1.9e-06,0.12776,3.4588435132386413,0.0305261375647289,0.7120881048553439,0.2355340691988894,1281.1412509095996,467.7180003885684
1247,0.012,0.013,400000.0,0.000127,1.0,25.0,250.0,0.0032077157273671,2229.8365438532587,220.5130739903045,141.31585892455817,0.0,0.0011061021626523,0.5497378866961192,0.2391775493228203,50.8,1.5625951109537716e-08,2.226452294594633e-09,676.0912363510502,5.393433644068042,0.0002069328938805,0.00148,6.65847e-07,0.0154111111111111,0.01157,6.76e-06,0.0805555555555555,0.023,9e-06,0.0031111111111111,0.03605,0.0990777777777777,1.0,780635.7461532231,1.9e-06,0.12776,3.455073247112382,0.0310033864414706,0.1467503373732987,0.2383387835399077,263.05472009667494,4.278727565493587
1248,0.012,0.013,400000.0,0.000127,1.0,25.0,275.0,0.004476728275682,2229.8365438532587,242.0128264794384,161.86520869725817,0.0,0.0012669452583789,1.1187606431991153,0.3337991857653384,50.8,2.16326105048952e-08,3.388652056717924e-09,506.8895632423887,3.203938613790996,0.0003150475780342,0.00148,6.65847e-07,0.0154111111111111,0.01157,6.76e-06,0.0805555555555555,0.023,9e-06,0.0031111111111111,0.03605,0.0990777777777777,1.0,910617.0137120286,1.9e-06,0.12776,3.293263866851774,0.051485586474459,0.6211514574337769,0.3419529493788803,961.9657377073108,202.35399843593876
1249,0.012,0.013,400000.0,0.000127,1.0,30.0,250.0,0.0046627265116802,2675.80385262391,220.5130739903045,142.73836028051795,0.0,0.0009310302596918,0.5928207213100166,0.3476678094357133,50.8,2.251300215528629e-08,3.5589948211920797e-09,482.0897984426397,2.883025937317524,0.000299218684288,0.00148,6.65847e-07,0.0154111111111111,0.01157,6.76e-06,0.0805555555555555,0.023,9e-06,0.0031111111111111,0.03605,0.0990777777777777,1.0,1018999.2639266684,1.9e-06,0.12776,3.317797035248443,0.0483801221204502,0.0813429118743032,0.3280944741098382,128.62727716062128,2.0896581674235413
1250,0.012,0.013,400000.0,0.000127,1.0,30.0,275.0,0.0065033458339688,2675.80385262391,242.0128264794384,164.191351054583,0.0,0.0010709602934423,1.154194984881499,0.4849102760873844,50.8,3.01228133358753e-08,4.765173007845969e-09,376.986166641247,2.040514019756508,0.0004366242258959,0.00148,6.65847e-07,0.0154111111111111,0.01157,6.76e-06,0.0805555555555555,0.023,9e-06,0.0031111111111111,0.03605,0.0990777777777777,1.0,1638493.663165589,1.9e-06,0.12776,3.1150480901502537,0.0740445455506008,0.5054747087941145,0.4277007385705717,680.8128821107834,48.45886344447569
1251,0.012,0.013,400000.0,0.000127,1.0,35.0,275.0,0.0089427075527817,3121.771161394562,242.0128264794384,166.34123710919164,0.0,0.0009299856137113,1.17210737416966,0.666796891799576,50.8,3.988026021112699e-08,6.221140200783525e-09,279.4116978887301,1.6176653019706009,0.0005749582129263,0.00148,6.65847e-07,0.0154111111111111,0.01157,6.76e-06,0.0805555555555555,0.023,9e-06,0.0031111111111111,0.03605,0.0990777777777777,1.0,1790886.0551480283,1.9e-06,0.12776,3.518441662187952,0.0229820680774744,0.3415004823700839,0.1882852457861392,652.378905877241,39.768115614207595
1252,0.012,0.013,450000.0,0.000127,1.0,20.0,250.0,0.0016094853616139,1585.661542295651,220.5130739903045,139.90125351540377,0.0,0.0015398856794975,0.5565003547768927,0.1200083789150953,57.15,7.95685680806989e-09,9.545341374164344e-10,993.3258553544088,9.563701428335667,0.0001196858233621,0.00148,6.65847e-07,0.0154111111111111,0.01157,6.76e-06,0.0805555555555555,0.023,9e-06,0.0031111111111111,0.03605,0.0990777777777777,1.0,768419.0816643538,1.9e-06,0.12776,3.4520372231637637,0.0313876932704097,0.2726819758617973,0.2405823779903932,487.3514374588524,11.76927730690156
1253,0.012,0.013,450000.0,0.000127,1.0,20.0,275.0,0.0022473715812335,1585.661542295651,242.0128264794384,158.94992288662934,0.0,0.0017495533732541,1.079708696995533,0.167571216685837,57.15,1.1080322151172366e-08,1.3469403152411663e-09,804.1371225021869,7.050366617746674,0.0001794592602651,0.00148,6.65847e-07,0.0154111111111111,0.01157,6.76e-06,0.0805555555555555,0.023,9e-06,0.0031111111111111,0.03605,0.0990777777777777,1.0,1006907.428600904,1.9e-06,0.12776,3.313928489332468,0.0488698114769028,0.748327480309696,0.3303184034501378,1179.411088726865,378.5827573241297
1254,0.012,0.013,450000.0,0.000127,1.0,25.0,250.0,0.0025344914389073,1982.0769278695643,220.5130739903045,141.31585892455823,0.0,0.0012443649329839,0.5526740757920088,0.1889797920575371,57.15,1.2439356144161494e-08,1.6098932944945259e-09,765.8544748123524,6.55498341424306,0.0001846313892747,0.00148,6.65847e-07,0.0154111111111111,0.01157,6.76e-06,0.0805555555555555,0.023,9e-06,0.0031111111111111,0.03605,0.0990777777777777,1.0,984790.8011566933,1.9e-06,0.12776,3.309087948952638,0.049482538107261,0.1998842837344715,0.3330804583476544,313.7308598977816,5.147660615494155
1255,0.012,0.013,450000.0,0.000127,1.0,25.0,275.0,0.003537168020292,1982.0769278695643,242.0128264794384,161.86520869725788,0.0,0.0014253134156762,1.1204361783733687,0.2637425665306377,57.15,1.7185358629382213e-08,2.5281745880240383e-09,632.1642639610644,4.825012032295767,0.0002808271777737,0.00148,6.65847e-07,0.0154111111111111,0.01157,6.76e-06,0.0805555555555555,0.023,9e-06,0.0031111111111111,0.03605,0.0990777777777777,1.0,1449608.7780921375,1.9e-06,0.12776,3.0715131359483854,0.0795552992470398,0.692883611842731,0.445355924961127,904.4401139721804,161.9917924497948
1256,0.012,0.013,450000.0,0.000127,1.0,30.0,250.0,0.0036841295894757,2378.492313443477,220.5130739903045,142.73836028051804,0.0,0.0010474090421533,0.5889557735547175,0.2747004914059958,57.15,1.7880976723518396e-08,2.662766401929546e-09,612.5693880699043,4.571451399032773,0.0002668560113018,0.00148,6.65847e-07,0.0154111111111111,0.01157,6.76e-06,0.0805555555555555,0.023,9e-06,0.0031111111111111,0.03605,0.0990777777777777,1.0,1187082.5188252097,1.9e-06,0.12776,3.1807343809523427,0.065729825195906,0.1504452821487215,0.3988276269414687,212.8544509391828,3.4581926904085587
1257,0.012,0.013,450000.0,0.000127,1.0,30.0,275.0,0.005138446091037,2378.492313443477,242.0128264794384,164.19135105458287,0.0,0.0012048303301226,1.1259552862407334,0.3831389835752172,57.15,2.4663214364148387e-08,3.950513487680766e-09,431.58215635851616,2.2771112007952654,0.0004040688381579,0.00148,6.65847e-07,0.0154111111111111,0.01157,6.76e-06,0.0805555555555555,0.023,9e-06,0.0031111111111111,0.03605,0.0990777777777777,1.0,1724202.7320776377,1.9e-06,0.12776,3.497958213243863,0.0255749097159667,0.5790063026655161,0.2051693407512789,1083.0862706046798,297.09250237817974
1258,0.012,0.013,450000.0,0.000127,1.0,35.0,250.0,0.0050696437209691,2774.90769901739,220.5130739903045,144.2698551967391,0.0,0.0009074117980393,0.5967922098353371,0.3780088586953668,57.15,2.4388004883876592e-08,3.9094478298725294e-09,434.3342511612341,2.289037678832324,0.0003646262632742,0.00148,6.65847e-07,0.0154111111111111,0.01157,6.76e-06,0.0805555555555555,0.023,9e-06,0.0031111111111111,0.03605,0.0990777777777777,1.0,1066097.1082133425,1.9e-06,0.12776,3.489493955314833,0.0266463347702743,0.0549733511399702,0.2119429139743584,101.95652832840337,1.6563694461809524
1259,0.012,0.013,450000.0,0.000127,1.0,35.0,275.0,0.007065843004667,2774.90769901739,242.0128264794384,166.34123710919164,0.0,0.0010462338154252,1.1915294959260063,0.5268518651255911,57.15,3.237280201866825e-08,5.100907319137602e-09,354.4862798133174,1.943008510198992,0.000527103928581,0.00148,6.65847e-07,0.0154111111111111,0.01157,6.76e-06,0.0805555555555555,0.023,9e-06,0.0031111111111111,0.03605,0.0990777777777777,1.0,2016257.911225885,1.9e-06,0.12776,3.465949929060177,0.0296265912582054,0.5008676308004154,0.2301910298781114,907.4257136752512,163.99493664078815
1260,0.012,0.013,500000.0,0.000127,1.0,20.0,250.0,0.0013036831429073,1427.095388066086,220.5130739903045,139.90125351540377,0.0,0.0017109840883306,0.5382673622159213,0.0972067869212272,63.5,6.427845714536614e-09,8.246565713073121e-10,1115.6467428370709,11.197611856951887,0.0001097313550018,0.00148,6.65847e-07,0.0154111111111111,0.01157,6.76e-06,0.0805555555555555,0.023,9e-06,0.0031111111111111,0.03605,0.0990777777777777,1.0,530028.9593371722,1.9e-06,0.12776,3.393823159156076,0.0387565621321423,0.277250575294694,0.2811821942011781,469.02547396533606,10.441853320806665
1261,0.012,0.013,500000.0,0.000127,1.0,20.0,275.0,0.0018203709807992,1427.095388066086,242.0128264794384,158.94992288662925,0.0,0.0019439481925046,1.089975626369151,0.135732685515528,63.5,9.011284903996072e-09,1.044099579626215e-09,908.971607680314,8.436933238460371,0.0001628213742381,0.00148,6.65847e-07,0.0154111111111111,0.01157,6.76e-06,0.0805555555555555,0.023,9e-06,0.0031111111111111,0.03605,0.0990777777777777,1.0,752071.1729556998,1.9e-06,0.12776,3.253976915268586,0.0564586183204321,0.7904329408536226,0.3629929697276944,1184.9892346659644,383.40812262235556
1262,0.012,0.013,500000.0,0.000127,1.0,25.0,250.0,0.0020529380655149,1783.8692350826077,220.5130739903045,141.31585892455814,0.0,0.0013826277033154,0.5609161224266384,0.153073631566605,63.5,1.0160003510104144e-08,1.168872268540565e-09,830.0615912646721,7.385833132203546,0.0001668672296859,0.00148,6.65847e-07,0.0154111111111111,0.01157,6.76e-06,0.0805555555555555,0.023,9e-06,0.0031111111111111,0.03605,0.0990777777777777,1.0,680896.3663772722,1.9e-06,0.12776,3.232880010104692,0.0591291126449757,0.2440324908600331,0.3737454954520219,359.6695438068058,6.078674121014954
1263,0.012,0.013,500000.0,0.000127,1.0,25.0,275.0,0.0028651060964365,1783.8692350826077,242.0128264794384,161.86520869725786,0.0,0.0015836815729736,1.085828747938312,0.2136314788898164,63.5,1.4004265523132921e-08,1.91268011629947e-09,721.772520475129,5.98455631282624,0.0002533588370777,0.00148,6.65847e-07,0.0154111111111111,0.01157,6.76e-06,0.0805555555555555,0.023,9e-06,0.0031111111111111,0.03605,0.0990777777777777,1.0,1070186.2054548836,1.9e-06,0.12776,3.4795103802664262,0.0279100784472878,0.7083872690484954,0.2197854131644031,1300.738400485224,485.0861861647776
1264,0.012,0.013,500000.0,0.000127,1.0,30.0,250.0,0.0029841449674753,2140.643082099129,220.5130739903045,142.73836028051804,0.0,0.0011637878246148,0.614085973583115,0.2225073980388566,63.5,1.4567716179383237e-08,2.021699485562933e-09,705.9006710032891,5.779172199883211,0.0002408958609021,0.00148,6.65847e-07,0.0154111111111111,0.01157,6.76e-06,0.0805555555555555,0.023,9e-06,0.0031111111111111,0.03605,0.0990777777777777,1.0,1124087.5966717585,1.9e-06,0.12776,3.4884326559375074,0.0267806764636066,0.2277685755442583,0.2127840884827961,421.9809232019386,7.983295013742059
1265,0.012,0.013,500000.0,0.000127,1.0,30.0,275.0,0.00416214133374,2140.643082099129,242.0128264794384,164.1913510545829,0.0,0.0013387003668029,1.1391523009794828,0.3103425766959259,63.5,2.0143565646369567e-08,3.100543897679149e-09,548.8344888346601,3.7467122426938273,0.0003664733852519,0.00148,6.65847e-07,0.0154111111111111,0.01157,6.76e-06,0.0805555555555555,0.023,9e-06,0.0031111111111111,0.03605,0.0990777777777777,1.0,1883411.1082270024,1.9e-06,0.12776,3.4344417468348434,0.0336149687550831,0.6649997242835568,0.2533293615017495,1168.572569276714,369.2341082987431
1266,0.012,0.013,500000.0,0.000127,1.0,35.0,250.0,0.004106411413985,2497.4169291156504,220.5130739903045,144.26985519673914,0.0,0.0010082353311548,0.5970582877088951,0.3061871755432471,63.5,1.987977735952905e-08,3.049504765269892e-09,556.2651448019986,3.842866045509583,0.0003299998361429,0.00148,6.65847e-07,0.0154111111111111,0.01157,6.76e-06,0.0805555555555555,0.023,9e-06,0.0031111111111111,0.03605,0.0990777777777777,1.0,1387396.9148704845,1.9e-06,0.12776,3.440129356336705,0.0328950181852272,0.1270611121656477,0.2492560526977732,224.49653405829244,3.6476052841844275
1267,0.012,0.013,500000.0,0.000127,1.0,40.0,250.0,0.0054303582897248,2854.190776132172,220.5130739903045,145.95020665156068,0.0,0.0008924812144084,0.6418301199093436,0.404904891228415,63.5,2.5830863158899563e-08,4.124745370238357e-09,419.9056684110044,2.2265099726259288,0.0004284379642838,0.00148,6.65847e-07,0.0154111111111111,0.01157,6.76e-06,0.0805555555555555,0.023,9e-06,0.0031111111111111,0.03605,0.0990777777777777,1.0,1508846.1027739528,1.9e-06,0.12776,3.377052202599576,0.0408794680253702,0.0731152286809284,0.2920853993002107,121.81306222486651,1.9789555194616673
1268,0.012,0.013,550000.0,0.000127,1.0,20.0,250.0,0.0010774240850473,1297.3594436964418,220.5130739903045,139.90125351540374,0.0,0.0018820824971636,0.5579389476907509,0.0803361875382043,69.85,5.296550425236869e-09,7.28561860584555e-10,1206.1503659810503,12.40652079086933,0.0001017751628476,0.00148,6.65847e-07,0.0154111111111111,0.01157,6.76e-06,0.0805555555555555,0.023,9e-06,0.0031111111111111,0.03605,0.0990777777777777,1.0,539644.6116276409,1.9e-06,0.12776,3.403638664945249,0.0375140930449051,0.3137927601525465,0.2746436725623606,535.6726483455775,16.62288931105276
1269,0.012,0.013,550000.0,0.000127,1.0,20.0,275.0,0.0015044388271067,1297.3594436964418,242.0128264794384,158.9499228866294,0.0,0.0021383430117551,1.0393419467966003,0.1121757731533289,69.85,7.431624135533943e-09,9.099197186993511e-10,1035.3444691572845,10.124968213603616,0.0001501042255407,0.00148,6.65847e-07,0.0154111111111111,0.01157,6.76e-06,0.0805555555555555,0.023,9e-06,0.0031111111111111,0.03605,0.0990777777777777,1.0,535897.7742080998,1.9e-06,0.12776,3.476436149191348,0.0282992216213483,0.7633561736432714,0.2221690081792155,1397.3899451837583,571.1307715289499
1270,0.012,0.013,550000.0,0.000127,1.0,25.0,250.0,0.0016966430293512,1621.6993046205523,220.5130739903045,141.31585892455817,0.0,0.0015208904736469,0.563569792146965,0.1265071335261198,69.85,8.392645146756027e-09,9.915509576387802e-10,958.4627882595178,9.098015394885628,0.0001535706938147,0.00148,6.65847e-07,0.0154111111111111,0.01157,6.76e-06,0.0805555555555555,0.023,9e-06,0.0031111111111111,0.03605,0.0990777777777777,1.0,1085895.272450004,1.9e-06,0.12776,3.4728116841161034,0.0287580146688476,0.2732526586208451,0.2249605851260698,498.41755903699067,12.695368877677218
1271,0.012,0.013,550000.0,0.000127,1.0,25.0,275.0,0.0023678562780467,1621.6993046205523,242.0128264794384,161.86520869725794,0.0,0.001742049730271,1.1402957904840885,0.1765549412312533,69.85,1.1650616382754482e-08,1.457283815123529e-09,788.0724962604371,6.842487944484496,0.0002309142762896,0.00148,6.65847e-07,0.0154111111111111,0.01157,6.76e-06,0.0805555555555555,0.023,9e-06,0.0031111111111111,0.03605,0.0990777777777777,1.0,1260391.0341766134,1.9e-06,0.12776,3.404609627479247,0.037391186395032,0.7999308492528352,0.2739904022989712,1366.7842204316505,543.8446858522053
1272,0.012,0.013,550000.0,0.000127,1.0,30.0,250.0,0.0024662355103101,1946.0391655446624,220.5130739903045,142.738360280518,0.0,0.0012801666070763,0.591122358910398,0.1838904116023607,69.85,1.21162780821349e-08,1.547382467407381e-09,774.9552652919747,6.672749008167946,0.0002196911626312,0.00148,6.65847e-07,0.0154111111111111,0.01157,6.76e-06,0.0805555555555555,0.023,9e-06,0.0031111111111111,0.03605,0.0990777777777777,1.0,1318446.2916584306,1.9e-06,0.12776,3.415447850926059,0.0360192593764482,0.2434219473080372,0.2666176855923857,420.1412406841513,7.909333376162014
1273,0.012,0.013,550000.0,0.000127,1.0,35.0,250.0,0.0033937284413099,2270.379026468773,220.5130739903045,144.26985519673903,0.0,0.0011090588642702,0.6227149001493837,0.2530472525150802,69.85,1.6506411288866976e-08,2.3968083184048683e-09,651.2895411586768,5.072495988024452,0.0003007905440719,0.00148,6.65847e-07,0.0154111111111111,0.01157,6.76e-06,0.0805555555555555,0.023,9e-06,0.0031111111111111,0.03605,0.0990777777777777,1.0,1337077.9980368065,1.9e-06,0.12776,3.3246868900626403,0.0475079885996657,0.2058576476343034,0.3240968736168935,327.4587574481166,5.40377141092632
1274,0.012,0.013,600000.0,0.000127,1.0,20.0,275.0,0.0012641465144438,1189.2461567217388,242.0128264794384,158.94992288662954,0.0,0.0023327378310055,1.117659152985253,0.0942588093857834,76.2,6.2301625722195e-09,8.07864930295983e-10,1131.46139422244,11.40885724893081,0.0001396761333725,0.00148,6.65847e-07,0.0154111111111111,0.01157,6.76e-06,0.0805555555555555,0.023,9e-06,0.0031111111111111,0.03605,0.0990777777777777,1.0,757126.7937431985,1.9e-06,0.12776,3.389691502878517,0.0392795565976561,0.8595903435994701,0.2838993449459693,1448.6742733310405,616.8469778566458
1275,0.012,0.013,600000.0,0.000127,1.0,25.0,250.0,0.0014256514343853,1486.5576959021737,220.5130739903045,141.3158589245581,0.0,0.0016591532439785,0.546376460928779,0.1063011330323646,76.2,7.037687171926946e-09,8.76457846349253e-10,1066.859426245844,10.545931616535832,0.000142808090502,0.00148,6.65847e-07,0.0154111111111111,0.01157,6.76e-06,0.0805555555555555,0.023,9e-06,0.0031111111111111,0.03605,0.0990777777777777,1.0,721617.8492674542,1.9e-06,0.12776,3.3789849314995903,0.0406348187975202,0.2762653278964143,0.2908457776433934,461.0756898700869,9.938257577263384
