Unnamed: 0,length,wingLength,appliedElectricField,activeMaterialThickness,multiLayers,staticStrokeAmplitude,operatingFrequency,width,transmissionRatio,naturalFrequency,strokeAmplitude,netThrust,loadedDisplacement,liftableMass,totalMechanicalMass,appliedVoltage,intBulk,intCapacitance,intResistance,intInductance,averageCurrent,xt018-m0-mass,xt018-m0-area,xt018-m0-current,xt018-mem-mass,xt018-mem-area,xt018-mem-current,IMU-sensor-mass,IMU-sensor-area,IMU-sensor-current,total-additional-mass,total-additional-current,cp-frequency,cp-capacitance,N,M,cp-area,cp-mass,vin,load,battery-mass,battery-alpha,runtime,ccount
0.0,0.01,0.011,400000.0,0.000127,1.0,20.0,275.0,0.0012200422205094,2568.7716985189545,242.0128264794384,117.85850762173756,0.0,0.0008007792248225,0.2315505484002433,0.0758085434135772,50.8,5.063278882037932e-09,8.14442997927706e-10,1247.09466769431,5.794929312532614,7.875130745378004e-05,0.00148,6.65847e-07,0.0154111111111111,0.01157,6.76e-06,0.0805555555555555,0.023,9e-06,0.0031111111111111,0.03605,0.0990777777777777,10000000.0,7.766092938459796e-10,22.0,2.0,,0.022796067128191003,3.5858700050573815,0.01444683480286313,0.0968959378584751,0.1272572922686787,199.02010356507856,1.0
1.0,0.01,0.011,400000.0,0.000127,1.0,20.0,300.0,0.0015371008595116,2568.7716985189545,265.6087782946687,136.38045570002305,0.0,0.0009266249658185,0.4016504654835288,0.0955092990066175,50.8,6.3315134380467054e-09,1.0503786964961591e-09,1056.859484292994,4.684355335354071,0.0001061712075659,0.00148,6.65847e-07,0.0154111111111111,0.01157,6.76e-06,0.0805555555555555,0.023,9e-06,0.0031111111111111,0.03605,0.0990777777777777,10000000.0,4.373226994019572e-10,24.0,3.0,,0.04798752710680771,3.6107022725477487,0.011303509804082523,0.22210363937010352,0.10240422132872559,469.182305432383,1.0
2.0,0.01,0.011,400000.0,0.000127,1.0,20.0,325.0,0.0019175477797342,2568.7716985189545,291.5053062825179,146.10595875690402,0.0,0.0009927040377162,0.7425916964015287,0.1191487488415687,50.8,7.853301118937092e-09,1.333484087263682e-09,828.5913321594363,3.3517486900135736,0.0001427083305008,0.00148,6.65847e-07,0.0154111111111111,0.01157,6.76e-06,0.0805555555555555,0.023,9e-06,0.0031111111111111,0.03605,0.0990777777777777,1000000.0,3.5133308875450842e-09,24.0,4.0,,0.3855186603206538,3.6125424756233584,0.011070572705904051,0.20187428723930606,0.10050602353363551,427.35069468115995,1.0
3.0,0.01,0.011,400000.0,0.000127,1.0,20.0,350.0,0.0023853462932173,2568.7716985189545,319.92671377973846,129.18965865679155,0.0,0.0008777677301523,0.6170789302554058,0.1482158772753516,50.8,9.596046408463522e-09,1.5042218298173816e-09,727.7404942376901,2.916191140129335,0.0001872075822283,0.00148,6.65847e-07,0.0154111111111111,0.01157,6.76e-06,0.0805555555555555,0.023,9e-06,0.0031111111111111,0.03605,0.0990777777777777,10000000.0,8.359002251858839e-10,24.0,3.0,,0.09172353680599903,3.5368320092481276,0.02065417604454084,0.34108951617405514,0.17250345780869414,664.2624565683461,1.0
4.0,0.01,0.011,400000.0,0.000127,1.0,25.0,250.0,0.001497285830418,3210.964623148693,220.5130739903045,109.52517230061936,0.0,0.0005953272909576,0.1845461094170555,0.0930353523588538,50.8,6.172253321672062e-09,1.020750780561431e-09,1080.7485017491908,4.823817030361601,8.706134181835353e-05,0.00148,6.65847e-07,0.0154111111111111,0.01157,6.76e-06,0.0805555555555555,0.023,9e-06,0.0031111111111111,0.03605,0.0990777777777777,10000000.0,8.736389826190262e-10,22.0,2.0,,0.02564421138325644,3.572487415809471,0.01614083344183909,0.02981654567494526,0.14008876926205302,60.34149938350829,1.0
5.0,0.01,0.011,400000.0,0.000127,1.0,25.0,275.0,0.0019190824361016,3210.964623148693,242.0128264794384,122.48816180897774,0.0,0.0006657880011726,0.3372002559162247,0.1192441062496101,50.8,7.859439744406472e-09,1.3346260849182212e-09,827.6705383390291,3.3463731877694185,0.0001195738742423,0.00148,6.65847e-07,0.0154111111111111,0.01157,6.76e-06,0.0805555555555555,0.023,9e-06,0.0031111111111111,0.03605,0.0990777777777777,10000000.0,4.987124107488643e-10,24.0,3.0,,0.05472383519547405,3.5988843817198344,0.012799445351919726,0.12718231447114056,0.11440617664492386,265.07358480965013,1.0
6.0,0.01,0.011,400000.0,0.000127,1.0,25.0,300.0,0.0024168938834133,3210.964623148693,265.6087782946687,138.04891546313004,0.0,0.0007503689347023,0.4802704629737137,0.1501761183397717,50.8,9.711720905848938e-09,1.5131767184531563e-09,723.5341488782204,2.9041770816722514,0.0001580736089586,0.00148,6.65847e-07,0.0154111111111111,0.01157,6.76e-06,0.0805555555555555,0.023,9e-06,0.0031111111111111,0.03605,0.0990777777777777,10000000.0,6.845855250251113e-10,24.0,3.0,,0.07511973763080565,3.5640967674224875,0.017202940832596547,0.21892460700313626,0.1479431933185675,439.00379797746047,1.0
7.0,0.01,0.011,400000.0,0.000127,1.0,25.0,325.0,0.003014122798545,3210.964623148693,291.5053062825179,147.890253549361,0.0,0.0008038618169248,0.7536209503772945,0.1872855342103974,50.8,1.1901560261331982e-08,1.682702136776351e-09,643.9036268606552,2.676738375448732,0.0002079049787659,0.00148,6.65847e-07,0.0154111111111111,0.01157,6.76e-06,0.0805555555555555,0.023,9e-06,0.0031111111111111,0.03605,0.0990777777777777,10000000.0,9.498565976740922e-10,24.0,3.0,,0.10422799751944833,3.516892979465647,0.02317810386510799,0.4260574186474486,0.1895868203119434,812.6055340257136,1.0
8.0,0.01,0.011,400000.0,0.000127,1.0,25.0,350.0,0.0037483602850651,3210.964623148693,319.92671377973846,138.9806817498487,0.0,0.0007554335777211,0.7516742630959006,0.2329081146728066,50.8,1.4593764378572129e-08,1.891117894783353e-09,546.0052953246499,2.3971236083738816,0.0002748483463762,0.00148,6.65847e-07,0.0154111111111111,0.01157,6.76e-06,0.0805555555555555,0.023,9e-06,0.0031111111111111,0.03605,0.0990777777777777,10000000.0,7.526945685668026e-10,24.0,4.0,,0.08259335968986001,3.524963537935339,0.0221565141854002,0.4001227887332339,0.18275781403606273,769.5719191397728,1.0
10.0,0.01,0.011,400000.0,0.000127,1.0,30.0,275.0,0.0027858887022906,3853.1575477784313,242.0128264794384,125.67683931389512,0.0,0.000569266792839,0.3219295456482715,0.1731039804055337,50.8,1.1064701908399162e-08,1.617917127774217e-09,674.334839694576,2.763655244764656,0.0001624945770084,0.00148,6.65847e-07,0.0154111111111111,0.01157,6.76e-06,0.0805555555555555,0.023,9e-06,0.0031111111111111,0.03605,0.0990777777777777,10000000.0,7.069147816597246e-10,24.0,3.0,,0.07756993244002482,3.560015189220669,0.017719596301181174,0.03520563280271298,0.1517122832676199,70.2846492600574,1.0
11.0,0.01,0.011,400000.0,0.000127,1.0,30.0,300.0,0.0035069570538013,3853.1575477784313,265.6087782946687,139.47513542907862,0.0,0.0006317676626812,0.4896598227661891,0.2179082834950034,50.8,1.3708619197271781e-08,1.8225947829117047e-09,578.1923928264807,2.489055591581174,0.0002162362992965,0.00148,6.65847e-07,0.0154111111111111,0.01157,6.76e-06,0.0805555555555555,0.023,9e-06,0.0031111111111111,0.03605,0.0990777777777777,10000000.0,5.633880900570203e-10,24.0,4.0,,0.061820713354772835,3.56478863690674,0.01711536241686843,0.17388082591641274,0.14730097136712947,348.94148998619517,1.0
12.0,0.01,0.011,400000.0,0.000127,1.0,30.0,325.0,0.004371840322889,3853.1575477784313,291.5053062825179,149.393353370322,0.0,0.0006766933001249,0.7227269471982779,0.2716486703030347,50.8,1.6879857850593226e-08,2.0680947817864684e-09,462.8746236147919,2.1596878621029783,0.0002874136082564,0.00148,6.65847e-07,0.0154111111111111,0.01157,6.76e-06,0.0805555555555555,0.023,9e-06,0.0031111111111111,0.03605,0.0990777777777777,10000000.0,7.960754281697989e-10,24.0,4.0,,0.0873535520580179,3.516183120121699,0.023267959478266004,0.32767472483722515,0.19018202023312916,624.5044060750105,1.0
13.0,0.01,0.011,400000.0,0.000127,1.0,30.0,350.0,0.0054349299663041,3853.1575477784313,319.92671377973846,145.7148174961735,0.0,0.0006600309753015,0.8878704022400884,0.3377048083862715,50.8,2.0922829865216402e-08,2.287434772460859e-09,371.4721914725087,1.9008224737021784,0.0003842401326076,0.00148,6.65847e-07,0.0154111111111111,0.01157,6.76e-06,0.0805555555555555,0.023,9e-06,0.0031111111111111,0.03605,0.0990777777777777,10000000.0,1.1728777414993602e-09,24.0,4.0,,0.12870016235182888,3.444833479060716,0.03229955961256767,0.38541543150198787,0.24585335838098127,684.053468214606,1.0
14.0,0.01,0.011,400000.0,0.000127,1.0,35.0,300.0,0.0048160492784626,4495.35047240817,265.6087782946687,140.86781997253271,0.0,0.000546922266399,0.498784514403049,0.2992500379665564,50.8,1.85086240210298e-08,2.194184974522557e-09,403.646762871644,1.9905227269449173,0.0002860636010507,0.00148,6.65847e-07,0.0154111111111111,0.01157,6.76e-06,0.0805555555555555,0.023,9e-06,0.0031111111111111,0.03605,0.0990777777777777,10000000.0,7.913626277966543e-10,24.0,4.0,,0.08683641531674076,3.5171309947402136,0.023147975349340107,0.07664806111975174,0.18938705434087724,146.22440311447616,1.0
15.0,0.01,0.011,400000.0,0.000127,1.0,35.0,325.0,0.0060010525974299,4495.35047240817,291.5053062825179,150.84605507559178,0.0,0.0005856629735263,0.6754686698570668,0.3728814041939087,50.8,2.3187320389719893e-08,2.340847310462323e-09,361.51749112679136,1.8752484499636983,0.0003849067996873,0.00148,6.65847e-07,0.0154111111111111,0.01157,6.76e-06,0.0805555555555555,0.023,9e-06,0.0031111111111111,0.03605,0.0990777777777777,10000000.0,1.1757844807327972e-09,24.0,4.0,,0.12901911956111103,3.444315120283965,0.032365174647599415,0.13751814610204696,0.2462298210014249,243.95184622341947,1.0
17.0,0.01,0.011,450000.0,0.000127,1.0,20.0,300.0,0.0012144994445524,2283.3526209057377,265.6087782946687,136.38045570002305,0.0,0.0010424530865458,0.405118293706459,0.0754641374867101,57.15,5.0411077782097415e-09,8.103184021698043e-10,1250.4203332685388,5.814344215588403,9.615882873252344e-05,0.00148,6.65847e-07,0.0154111111111111,0.01157,6.76e-06,0.0805555555555555,0.023,9e-06,0.0031111111111111,0.03605,0.0990777777777777,10000000.0,5.146164107867735e-10,27.0,3.0,,0.06352760814956648,3.591923553021485,0.013680562908672849,0.2300765480701824,0.12132639435263307,475.77879527461994,1.0
18.0,0.01,0.011,450000.0,0.000127,1.0,20.0,325.0,0.0015150994802838,2283.3526209057377,291.5053062825179,146.10595875690416,0.0,0.0011167920424307,0.7151574759066913,0.0941422213069185,57.15,6.2435079211354836e-09,1.0340066121589592e-09,1070.0603118296774,4.761420446430474,0.0001286948755898,0.00148,6.65847e-07,0.0154111111111111,0.01157,6.76e-06,0.0805555555555555,0.023,9e-06,0.0031111111111111,0.03605,0.0990777777777777,1000000.0,3.939811882242623e-09,28.0,4.0,,0.5043692785951477,3.5954503351070297,0.01323413479657859,0.08059597600462498,0.11783375862125854,167.32812388311083,1.0
19.0,0.01,0.011,450000.0,0.000127,1.0,20.0,350.0,0.0018847180588383,2283.3526209057377,319.92671377973846,129.1896586567912,0.0,0.0009874886964214,0.6103565901343944,0.1171088413039815,57.15,7.721982235353521e-09,1.309054211585933e-09,848.289164696972,3.466742666584453,0.0001727288761109,0.00148,6.65847e-07,0.0154111111111111,0.01157,6.76e-06,0.0805555555555555,0.023,9e-06,0.0031111111111111,0.03605,0.0990777777777777,10000000.0,1.0296420690559618e-09,27.0,3.0,,0.1271057364791235,3.4953014488887506,0.02591120900142395,0.3300920123512892,0.20730793703606223,615.8070741113974,1.0
21.0,0.01,0.011,450000.0,0.000127,1.0,25.0,275.0,0.0015163120482778,2854.1907761321727,242.0128264794384,122.48816180897768,0.0,0.0007490115013192,0.3653615983924858,0.0942175654317908,57.15,6.24835819311129e-09,1.0349089312934107e-09,1069.3327710333065,4.757173136015339,0.0001080698169424,0.00148,6.65847e-07,0.0154111111111111,0.01157,6.76e-06,0.0805555555555555,0.023,9e-06,0.0031111111111111,0.03605,0.0990777777777777,10000000.0,5.872300756921268e-10,27.0,3.0,,0.07249151282442641,3.5776462385107357,0.015487817910033501,0.16260252013626858,0.13518733802281685,330.9439609505625,1.0
22.0,0.01,0.011,450000.0,0.000127,1.0,25.0,300.0,0.0019096445498574,2854.1907761321727,265.6087782946687,138.04891546313004,0.0,0.0008441650515401,0.4913618374828204,0.1186576737499431,57.15,7.821688199429841e-09,1.3276029856863802e-09,833.333270085524,3.37943164943228,0.0001462999369234,0.00148,6.65847e-07,0.0154111111111111,0.01157,6.76e-06,0.0805555555555555,0.023,9e-06,0.0031111111111111,0.03605,0.0990777777777777,10000000.0,8.37779942825799e-10,27.0,3.0,,0.10342102351931343,3.530066209069976,0.021510606446838464,0.23323314021356367,0.17838041852166575,450.9892493315441,1.0
23.0,0.01,0.011,450000.0,0.000127,1.0,25.0,325.0,0.0023815291247763,2854.1907761321727,291.5053062825179,147.89025354936092,0.0,0.0009043445440404,0.7400860360986402,0.1479786936971042,57.15,9.582050124180004e-09,1.5031383138315202e-09,728.249450029818,2.917644806938916,0.0001922061916987,0.00148,6.65847e-07,0.0154111111111111,0.01157,6.76e-06,0.0805555555555555,0.023,9e-06,0.0031111111111111,0.03605,0.0990777777777777,10000000.0,6.237117115693128e-10,28.0,4.0,,0.07984671233502981,3.5403453227167097,0.020209452820669643,0.4762106300665062,0.16941840898880497,930.8646440734458,1.0
24.0,0.01,0.011,450000.0,0.000127,1.0,25.0,350.0,0.0029616673857304,2854.1907761321727,319.92671377973846,138.98068174984888,0.0,0.0008498627749362,0.7789225876387814,0.1840261646797486,57.15,1.17092237476784e-08,1.667812492997547e-09,650.8976819026037,2.6967146206081694,0.0002523024499583,0.00148,6.65847e-07,0.0154111111111111,0.01157,6.76e-06,0.0805555555555555,0.023,9e-06,0.0031111111111111,0.03605,0.0990777777777777,10000000.0,8.709850613684875e-10,28.0,4.0,,0.11150230523684722,3.4852311760005836,0.027185927088533724,0.4473441177221855,0.21531070324063678,826.1228001529328,1.0
26.0,0.01,0.011,450000.0,0.000127,1.0,30.0,275.0,0.0022011960116864,3425.0289313586068,242.0128264794384,125.67683931389512,0.0,0.0006404251419439,0.3337448677461828,0.1367735153821501,57.15,8.920828709517033e-09,1.4519501585705742e-09,752.2938651084714,2.9863198641761888,0.0001508318562709,0.00148,6.65847e-07,0.0154111111111111,0.01157,6.76e-06,0.0805555555555555,0.023,9e-06,0.0031111111111111,0.03605,0.0990777777777777,10000000.0,8.694804313505671e-10,27.0,3.0,,0.10733433870114448,3.524225250506761,0.02224996829028346,0.05358701366288823,0.18338730431703484,102.98662620678809,1.0
27.0,0.01,0.011,450000.0,0.000127,1.0,30.0,300.0,0.002770929030164,3425.0289313586068,265.6087782946687,139.47513542907856,0.0,0.0007107386205163,0.4884507877937242,0.1721744462182744,57.15,1.1009849777268244e-08,1.613670774975504e-09,676.3294626447911,2.7693522369694867,0.0001990856493474,0.00148,6.65847e-07,0.0154111111111111,0.01157,6.76e-06,0.0805555555555555,0.023,9e-06,0.0031111111111111,0.03605,0.0990777777777777,10000000.0,6.503881506540782e-10,28.0,4.0,,0.08326179324214456,3.5341982317833875,0.020987565597039654,0.19696454833330512,0.1748011958081953,382.5179353585362,1.0
35.0,0.01,0.011,450000.0,0.000127,1.0,40.0,300.0,0.0050207885384712,4566.705241811475,265.6087782946687,142.31479467710938,0.0,0.0005439067357958,0.534142295799077,0.3119717166264478,57.15,1.9266264153884893e-08,2.2483613570276834e-09,378.75445433952206,1.919530898563101,0.0003341493127902,0.00148,6.65847e-07,0.0154111111111111,0.01157,6.76e-06,0.0805555555555555,0.023,9e-06,0.0031111111111111,0.03605,0.0990777777777777,10000000.0,1.2740046856276723e-09,28.0,4.0,,0.16309632120077355,3.4035830473962765,0.03752113324097769,0.023024257971855644,0.2746810568337982,39.30246695709634,1.0
38.0,0.01,0.011,500000.0,0.000127,1.0,20.0,325.0,0.0012272305790299,2055.017358815164,291.5053062825179,146.1059587569042,0.0,0.0012408800471453,0.7269099238545128,0.0762551992586041,63.5,5.092032316119744e-09,8.197921358487573e-10,1242.7816525820383,5.769750361608683,0.0001176432325122,0.00148,6.65847e-07,0.0154111111111111,0.01157,6.76e-06,0.0805555555555555,0.023,9e-06,0.0031111111111111,0.03605,0.0990777777777777,10000000.0,8.477887709282756e-10,30.0,3.0,,0.1162850873091043,3.5206253426107517,0.022705652834082102,0.49831963728680434,0.18644287420714953,954.116054600341,1.0
39.0,0.01,0.011,500000.0,0.000127,1.0,20.0,350.0,0.001526621627659,2055.017358815164,319.92671377973846,129.18965865679115,0.0,0.0010972096626904,0.6233443142174852,0.0948581614562251,63.5,6.289596510636352e-09,1.0425806913846062e-09,1063.147023404547,4.721061359933406,0.0001573451133396,0.00148,6.65847e-07,0.0154111111111111,0.01157,6.76e-06,0.0805555555555555,0.023,9e-06,0.0031111111111111,0.03605,0.0990777777777777,10000000.0,7.131140984287123e-10,28.0,4.0,,0.09129188248850742,3.5420666409915262,0.01999156443145243,0.40114427027275257,0.16789850401896908,785.564853523332,1.0
40.0,0.01,0.011,500000.0,0.000127,1.0,25.0,275.0,0.001228212759105,2568.7716985189554,242.0128264794384,122.48816180897772,0.0,0.0008322350014658,0.3574192118619629,0.0763162279997505,63.5,5.095961036420144e-09,8.205230143476623e-10,1242.1923445369782,5.766310040172426,9.903597613780622e-05,0.00148,6.65847e-07,0.0154111111111111,0.01157,6.76e-06,0.0805555555555555,0.023,9e-06,0.0031111111111111,0.03605,0.0990777777777777,10000000.0,6.893217121430984e-10,30.0,3.0,,0.09454930075666566,3.551742301186996,0.018766797318101706,0.15050368310554674,0.1592504135454082,297.7960541496729,1.0
41.0,0.01,0.011,500000.0,0.000127,1.0,25.0,300.0,0.0015468120853845,2568.7716985189554,265.6087782946687,138.04891546313004,0.0,0.0009379611683779,0.4965250255820875,0.0961127157374539,63.5,6.3703583415381675e-09,1.0576051984059675e-09,1051.0327487692748,4.65033943604015,0.0001334924841578,0.00148,6.65847e-07,0.0154111111111111,0.01157,6.76e-06,0.0805555555555555,0.023,9e-06,0.0031111111111111,0.03605,0.0990777777777777,10000000.0,9.932554235468233e-10,30.0,3.0,,0.13623770166349053,3.4929391423313483,0.02621023514793065,0.22812460818114305,0.20919986306648866,424.5648348209227,1.0
42.0,0.01,0.011,500000.0,0.000127,1.0,25.0,325.0,0.0019290385910688,2568.7716985189554,291.5053062825179,147.8902535493609,0.0,0.001004827271156,0.7400860360986402,0.1198627418946544,63.5,7.899264364275423e-09,1.3420348481193872e-09,821.6968453586865,3.311499365519476,0.000179394619286,0.00148,6.65847e-07,0.0154111111111111,0.01157,6.76e-06,0.0805555555555555,0.023,9e-06,0.0031111111111111,0.03605,0.0990777777777777,10000000.0,8.461851058813774e-10,28.0,4.0,,0.108327449169581,3.5163100907160207,0.023251887251136603,0.4758458450344047,0.19007562266798247,907.01798938939,1.0
43.0,0.01,0.011,500000.0,0.000127,1.0,25.0,350.0,0.0023989505824416,2568.7716985189554,319.92671377973846,138.98068174984897,0.0,0.0009442919721514,0.766916159680479,0.1490611933905964,63.5,9.645928802286173e-09,1.508083452661346e-09,725.9265890077756,2.911010309359284,0.0002351030940581,0.00148,6.65847e-07,0.0154111111111111,0.01157,6.76e-06,0.0805555555555555,0.023,9e-06,0.0031111111111111,0.03605,0.0990777777777777,10000000.0,1.037919845376906e-09,32.0,4.0,,0.15185493239608416,3.4345687000013703,0.03359889873400379,0.4299500338937984,0.2532389235045412,755.6223744409095,1.0
44.0,0.01,0.011,500000.0,0.000127,1.0,30.0,250.0,0.0013918567791155,3082.526038222746,220.5130739903045,113.68785851449454,0.0,0.0006437017647265,0.1957047127134938,0.0864844128271209,63.5,5.750537116462016e-09,9.42296911754232e-10,1144.0059325306977,5.193107585520959,0.0001018140874241,0.00148,6.65847e-07,0.0154111111111111,0.01157,6.76e-06,0.0805555555555555,0.023,9e-06,0.0031111111111111,0.03605,0.0990777777777777,10000000.0,4.2288712023719633e-10,28.0,4.0,,0.054137425373671486,3.6020218468175265,0.01240229787119923,0.01903287451270122,0.11125125094327158,39.80966612207929,1.0
45.0,0.01,0.011,500000.0,0.000127,1.0,30.0,275.0,0.001782968769466,3082.526038222746,242.0128264794384,125.67683931389506,0.0,0.0007115834910487,0.3241171447256692,0.1107865474595416,63.5,7.314985077864143e-09,1.2333385971416863e-09,909.3387383203784,3.823143972440538,0.0001395403168037,0.00148,6.65847e-07,0.0154111111111111,0.01157,6.76e-06,0.0805555555555555,0.023,9e-06,0.0031111111111111,0.03605,0.0990777777777777,10000000.0,1.0516989109370584e-09,30.0,3.0,,0.1442539744272601,3.4820438123517654,0.027589390841548767,0.03302662283886751,0.21781011719353507,60.79691040255411,1.0
46.0,0.01,0.011,500000.0,0.000127,1.0,30.0,300.0,0.0022444525144328,3082.526038222746,265.6087782946687,139.4751354290786,0.0,0.0007897095783515,0.4879705314229742,0.1394613014368023,63.5,9.079435886253949e-09,1.4642286610634919e-09,746.5263314089474,2.9698467786119505,0.0001860898628548,0.00148,6.65847e-07,0.0154111111111111,0.01157,6.76e-06,0.0805555555555555,0.023,9e-06,0.0031111111111111,0.03605,0.0990777777777777,10000000.0,8.891667942574549e-10,28.0,4.0,,0.11382990558298307,3.508207551541945,0.02427752512127286,0.19862932440318887,0.19680974024392525,375.4628281827034,1.0
59.0,0.01,0.011,550000.0,0.000127,1.0,20.0,325.0,0.0010142401479586,1868.197598922876,291.5053062825179,146.10595875690427,0.0,0.0013649680518598,0.7200199928006683,0.063020825833557,69.85,4.240070591834498e-09,6.612976494617827e-10,1370.5759112248254,6.515800464139407,0.0001087678836617,0.00148,6.65847e-07,0.0154111111111111,0.01157,6.76e-06,0.0805555555555555,0.023,9e-06,0.0031111111111111,0.03605,0.0990777777777777,10000000.0,1.003293032131636e-09,33.0,3.0,,0.1513759370524913,3.4811744462739433,0.027699437180513525,0.4695732299146198,0.21848908094113315,863.6614377032304,1.0
61.0,0.01,0.011,550000.0,0.000127,1.0,25.0,275.0,0.0010150518670289,2335.246998653596,242.0128264794384,122.48816180897772,0.0,0.0009154585016123,0.3530896789973592,0.0630712628097111,69.85,4.243317468115819e-09,6.61901681279059e-10,1370.088879782627,6.512957223282999,9.18116601565896e-05,0.00148,6.65847e-07,0.0154111111111111,0.01157,6.76e-06,0.0805555555555555,0.023,9e-06,0.0031111111111111,0.03605,0.0990777777777777,10000000.0,8.09648296547611e-10,33.0,3.0,,0.1221589960736092,3.5199445768648334,0.022791825713312244,0.131809420114039,0.1870181329914525,252.19266848572474,1.0
62.0,0.01,0.011,550000.0,0.000127,1.0,25.0,300.0,0.0012783570953591,2335.246998653596,265.6087782946687,138.04891546313004,0.0,0.0010317572852156,0.4927845094478633,0.0794319964772346,69.85,5.296538381436505e-09,8.578373705834446e-10,1212.1057427845242,5.590667467801774,0.0001231618458783,0.00148,6.65847e-07,0.0154111111111111,0.01157,6.76e-06,0.0805555555555555,0.023,9e-06,0.0031111111111111,0.03605,0.0990777777777777,10000000.0,6.245573718910166e-10,32.0,4.0,,0.0913771115452039,3.5456008093261,0.019544201351126674,0.2859254014254246,0.16476037151503217,562.0422705613859,1.0
63.0,0.01,0.011,550000.0,0.000127,1.0,25.0,325.0,0.0015942467694783,2335.246998653596,291.5053062825179,147.89025354936103,0.0,0.0011053099982716,0.7400860360986402,0.0990601172683094,69.85,6.560097077913569e-09,1.0929031967928816e-09,1022.5719383129644,4.484188070677256,0.000164956373559,0.00148,6.65847e-07,0.0154111111111111,0.01157,6.76e-06,0.0805555555555555,0.023,9e-06,0.0031111111111111,0.03605,0.0990777777777777,10000000.0,9.071692983395383e-10,32.0,4.0,,0.1327252129196246,3.4845701444908697,0.027269601963181043,0.4722507059107063,0.21583037194036012,871.5409183532279,1.0
65.0,0.01,0.011,550000.0,0.000127,1.0,30.0,250.0,0.0011502948587731,2802.296398384314,220.5130739903045,113.68785851449462,0.0,0.0007080719411991,0.1894291224096921,0.071474721344728,69.85,4.7842894350925755e-09,7.62541265912588e-10,1288.9430847361136,6.039236186380959,9.431859030749924e-05,0.00148,6.65847e-07,0.0154111111111111,0.01157,6.76e-06,0.0805555555555555,0.023,9e-06,0.0031111111111111,0.03605,0.0990777777777777,10000000.0,4.556528061470035e-10,32.0,4.0,,0.06666519228988511,3.584526058358657,0.014616954638144762,0.01523920877507888,0.12856316495536887,31.253846925754967,1.0
66.0,0.01,0.011,550000.0,0.000127,1.0,30.0,275.0,0.0014735279086496,2802.296398384314,242.0128264794384,125.67683931389509,0.0,0.0007827418401536,0.3249458808485497,0.0915591301318525,69.85,6.0772216345984635e-09,1.0030715844146163e-09,1095.0032548102304,4.907034853256644,0.0001286487898361,0.00148,6.65847e-07,0.0154111111111111,0.01157,6.76e-06,0.0805555555555555,0.023,9e-06,0.0031111111111111,0.03605,0.0990777777777777,10000000.0,6.588289807535928e-10,32.0,4.0,,0.09639128761102685,3.5379343869383644,0.020514634564764066,0.10094546310567036,0.17153792755685168,196.81789572683826,1.0
67.0,0.01,0.011,550000.0,0.000127,1.0,30.0,300.0,0.0018549194334156,2802.296398384314,265.6087782946687,139.47513542907862,0.0,0.0008686805361866,0.4815527412709744,0.1152572739147126,69.85,7.602787733662458e-09,1.2868798922624622e-09,866.1683399506311,3.57111950379779,0.0001739928434034,0.00148,6.65847e-07,0.0154111111111111,0.01157,6.76e-06,0.0805555555555555,0.023,9e-06,0.0031111111111111,0.03605,0.0990777777777777,10000000.0,9.75961466705558e-10,32.0,4.0,,0.14278998827114364,3.470435114950472,0.02905884620880099,0.18745547908511806,0.2267801765391031,341.11928060483723,1.0
80.0,0.01,0.011,600000.0,0.000127,1.0,20.0,350.0,0.0010601539080965,1712.5144656793036,319.92671377973846,129.18965865679138,0.0,0.0013166515952285,0.6077265963857496,0.0658737232334896,76.2,4.423725632386357e-09,6.954638690170875e-10,1343.0276551420466,6.354976499953754,0.0001346684901959,0.00148,6.65847e-07,0.0154111111111111,0.01157,6.76e-06,0.0805555555555555,0.023,9e-06,0.0031111111111111,0.03605,0.0990777777777777,10000000.0,8.521083943003516e-10,36.0,4.0,,0.1402530947696452,3.4798623309072947,0.02786552773325384,0.3655497783826146,0.21951159709506926,671.4568795909137,1.0
81.0,0.01,0.011,600000.0,0.000127,1.0,25.0,300.0,0.0010741750592948,2140.643082099129,265.6087782946687,138.04891546313004,0.0,0.0011255534020534,0.5074139978889175,0.066744941484343,76.2,4.4798102371792855e-09,7.05897554448589e-10,1334.6149644231073,6.305864052805658,0.0001147042390569,0.00148,6.65847e-07,0.0154111111111111,0.01157,6.76e-06,0.0805555555555555,0.023,9e-06,0.0031111111111111,0.03605,0.0990777777777777,10000000.0,6.940704611965149e-10,36.0,4.0,,0.1142407830061744,3.516781597716744,0.023192202820665336,0.2903782733984,0.18968026908283211,553.7652266984736,1.0
84.0,0.01,0.011,600000.0,0.000127,1.0,30.0,275.0,0.0012381727565736,2568.7716985189554,242.0128264794384,125.67683931389506,0.0,0.0008539001892585,0.3280329849714517,0.0769351024024594,76.2,5.1358010262945454e-09,8.27934636903949e-10,1236.216346055818,5.731422758639261,0.000119716237594,0.00148,6.65847e-07,0.0154111111111111,0.01157,6.76e-06,0.0805555555555555,0.023,9e-06,0.0031111111111111,0.03605,0.0990777777777777,10000000.0,7.322565149289529e-10,36.0,4.0,,0.12052603057425157,3.5077142374758283,0.024339969939768606,0.09452185199474053,0.19721612482730627,178.58131288412335,1.0
99.0,0.01,0.0115,400000.0,0.000127,1.0,20.0,275.0,0.0014997118511171,2568.7716985189545,242.0128264794384,117.8607396621624,0.0,0.0008007943902241,0.2995223927265873,0.0931860955810131,50.8,6.181957404468467e-09,1.02255607717844e-09,1079.29288932973,4.815319310618031,9.50923618628539e-05,0.00148,6.65847e-07,0.0154111111111111,0.01157,6.76e-06,0.0805555555555555,0.023,9e-06,0.0031111111111111,0.03605,0.0990777777777777,10000000.0,9.711343087194945e-10,22.0,2.0,,0.028506023643401664,3.5592234594942185,0.017819815253896365,0.14178027350217245,0.15243953952985145,282.8079714034988,1.0
100.0,0.01,0.0115,400000.0,0.000127,1.0,20.0,300.0,0.0018811185435938,2568.7716985189545,265.6087782946687,134.40447759337076,0.0,0.0009131993570233,0.4571795249595225,0.1168851818247467,50.8,7.707584174375354e-09,1.306375671911375e-09,850.4488738436969,3.4793508326121185,0.0001282179586516,0.00148,6.65847e-07,0.0154111111111111,0.01157,6.76e-06,0.0805555555555555,0.023,9e-06,0.0031111111111111,0.03605,0.0990777777777777,10000000.0,5.391744664924465e-10,24.0,3.0,,0.05916374649998115,3.591185810071644,0.013773948092197015,0.24508059663479445,0.12205349972287581,506.38651206020063,1.0
101.0,0.01,0.0115,400000.0,0.000127,1.0,20.0,325.0,0.002339203218574,2568.7716985189545,291.5053062825179,142.58095260080592,0.0,0.000968753694596,0.8209334636590373,0.1453487311893184,50.8,9.426855134771592e-09,1.4911239642696451e-09,733.892904190124,2.933763499625228,0.0001683705311031,0.00148,6.65847e-07,0.0154111111111111,0.01157,6.76e-06,0.0805555555555555,0.023,9e-06,0.0031111111111111,0.03605,0.0990777777777777,1000000.0,4.225148264411591e-09,24.0,4.0,,0.46362655573561884,3.5961211593429545,0.013149220336334873,0.17590817673409997,0.11716628402521047,365.48544513259594,1.0
102.0,0.01,0.0115,400000.0,0.000127,1.0,20.0,350.0,0.0029030542952868,2568.7716985189545,319.92671377973846,126.87048648270584,0.0,0.0008620103195651,0.6886357005709624,0.1803841816919424,50.8,1.1494309082718378e-08,1.651174971898151e-09,658.7127606284226,2.719035853087885,0.0002204998591724,0.00148,6.65847e-07,0.0154111111111111,0.01157,6.76e-06,0.0805555555555555,0.023,9e-06,0.0031111111111111,0.03605,0.0990777777777777,10000000.0,5.764949127617782e-10,24.0,4.0,,0.06325892822605396,3.561949264797386,0.017474776607925797,0.40894259065296584,0.14993044725641191,818.1293134402141,1.0
103.0,0.01,0.0115,400000.0,0.000127,1.0,25.0,250.0,0.0018527166795928,3210.964623148693,220.5130739903045,110.2662147349798,0.0,0.0005993552488751,0.1979770622203113,0.1151204036031808,50.8,7.593976718371366e-09,1.2852407372355376e-09,867.4899922442951,3.5788351777229703,0.0001059647584076,0.00148,6.65847e-07,0.0154111111111111,0.01157,6.76e-06,0.0805555555555555,0.023,9e-06,0.0031111111111111,0.03605,0.0990777777777777,10000000.0,4.854209538926845e-10,20.0,4.0,,0.04438780031121302,3.6270289910318074,0.00923683657825226,0.0024188583059174817,0.08527784208224011,5.207206211352606,1.0
104.0,0.01,0.0115,400000.0,0.000127,1.0,25.0,275.0,0.0023599006757357,3210.964623148693,242.0128264794384,121.95172097234916,0.0,0.000662872161249,0.3280076857320979,0.1466347883875195,50.8,9.502745811031262e-09,1.4969990064765252e-09,731.1332432352269,2.925881424997374,0.000141787435189,0.00148,6.65847e-07,0.0154111111111111,0.01157,6.76e-06,0.0805555555555555,0.023,9e-06,0.0031111111111111,0.03605,0.0990777777777777,10000000.0,6.041390859570614e-10,24.0,3.0,,0.06629233013354249,3.578972975731725,0.015319876489655073,0.0790305672110358,0.1339177502175095,161.08658897386226,1.0
105.0,0.01,0.0115,400000.0,0.000127,1.0,25.0,300.0,0.0029589847821962,3210.964623148693,265.6087782946687,135.8653749716762,0.0,0.0007385002362271,0.6075079727686719,0.1838594784265463,50.8,1.1699387534719592e-08,1.6670510270423462e-09,651.2553623738331,2.697736218628083,0.0001869993829513,0.00148,6.65847e-07,0.0154111111111111,0.01157,6.76e-06,0.0805555555555555,0.023,9e-06,0.0031111111111111,0.03605,0.0990777777777777,10000000.0,8.347825641278669e-10,24.0,3.0,,0.0916008955838737,3.5370300537207555,0.020629107123955027,0.2959975987582518,0.17233016414126423,576.5679060401519,1.0
106.0,0.01,0.0115,400000.0,0.000127,1.0,25.0,325.0,0.0036783651925106,3210.964623148693,291.5053062825179,144.45669386130692,0.0,0.0007851986023916,0.7926505666361221,0.2285588996018431,50.8,1.4337115705872466e-08,1.8712495544447963e-09,555.3379743319103,2.423779372837444,0.0002468080695226,0.00148,6.65847e-07,0.0154111111111111,0.01157,6.76e-06,0.0805555555555555,0.023,9e-06,0.0031111111111111,0.03605,0.0990777777777777,10000000.0,6.595909307929686e-10,24.0,4.0,,0.0723770746730428,3.5442363050333663,0.019716923413497962,0.45566459236123613,0.16597477173456604,894.3955280894477,1.0
107.0,0.01,0.0115,400000.0,0.000127,1.0,25.0,350.0,0.0045636859515592,3210.964623148693,319.92671377973846,136.27270334865804,0.0,0.0007407142815841,0.9438866146624058,0.283569190286087,50.8,1.7583291822384003e-08,2.1225508029699383e-09,437.2952064587636,2.086628570307359,0.0003272500869689,0.00148,6.65847e-07,0.0154111111111111,0.01157,6.76e-06,0.0805555555555555,0.023,9e-06,0.0031111111111111,0.03605,0.0990777777777777,10000000.0,9.412278224811341e-10,24.0,4.0,,0.10328115990037005,3.487684909248538,0.026875327943223053,0.5209862644759485,0.21337566699430743,964.4923749670158,1.0
109.0,0.01,0.0115,400000.0,0.000127,1.0,30.0,275.0,0.0034273914454467,3853.1575477784313,242.0128264794384,124.81969560545052,0.0,0.0005653842680033,0.3321117881222475,0.2129643948542775,50.8,1.3416878633304652e-08,1.800009819761537e-09,588.8011406071037,2.519356031773494,0.0001936760044408,0.00148,6.65847e-07,0.0154111111111111,0.01157,6.76e-06,0.0805555555555555,0.023,9e-06,0.0031111111111111,0.03605,0.0990777777777777,10000000.0,4.956004017975758e-10,24.0,4.0,,0.05438235368968712,3.5796770767639696,0.01523074977671278,0.02871503957828278,0.1332424632051387,58.57498613496388,1.0
110.0,0.01,0.0115,400000.0,0.000127,1.0,30.0,300.0,0.0042955681021345,3853.1575477784313,265.6087782946687,137.19478958714004,0.0,0.000621438590347,0.6177761195401609,0.2669094195942293,50.8,1.6600193041159837e-08,2.046444657684552e-09,473.0442530487332,2.188734103451466,0.00025830492089,0.00148,6.65847e-07,0.0154111111111111,0.01157,6.76e-06,0.0805555555555555,0.023,9e-06,0.0031111111111111,0.03605,0.0990777777777777,10000000.0,6.971700569142834e-10,24.0,4.0,,0.07650064140274333,3.5363858184944186,0.020710655886782475,0.23831605854318816,0.17289361963591476,463.89514479096664,1.0
111.0,0.01,0.0115,400000.0,0.000127,1.0,30.0,325.0,0.005337823922083,3853.1575477784313,291.5053062825179,146.03117525354008,0.0,0.0006614639518699,0.9209782314032352,0.3316710272225497,50.8,2.0534405688332028e-08,2.278273011400688e-09,373.1797041540924,1.9052091421438224,0.0003446756636155,0.00148,6.65847e-07,0.0154111111111111,0.01157,6.76e-06,0.0805555555555555,0.023,9e-06,0.0031111111111111,0.03605,0.0990777777777777,10000000.0,1.0087728845826141e-09,24.0,4.0,,0.11069289613761162,3.4748674884564057,0.02849778627134105,0.44256430804307384,0.2233796611737411,808.8915424886086,1.0
113.0,0.01,0.0115,400000.0,0.000127,1.0,35.0,300.0,0.0059022459780085,4495.35047240817,265.6087782946687,138.54767538443423,0.0,0.0005379142563599,0.6403539072338588,0.3667419560895372,50.8,2.2792093912034067e-08,2.3315251035331475e-09,363.2549067226983,1.8797119401894435,0.0003457360959462,0.00148,6.65847e-07,0.0154111111111111,0.01157,6.76e-06,0.0805555555555555,0.023,9e-06,0.0031111111111111,0.03605,0.0990777777777777,10000000.0,1.0129705978038008e-09,24.0,4.0,,0.11115351223932271,3.474079913858804,0.028597479258379317,0.1264084389049987,0.2239860715555924,230.8610852524922,1.0
116.0,0.01,0.0115,450000.0,0.000127,1.0,20.0,275.0,0.0011849575119937,2283.3526209057377,242.0128264794384,117.86073966216242,0.0,0.0009008936890021,0.3015473053231043,0.0736285199652449,57.15,4.922940047975084e-09,7.883350980175324e-10,1268.1454928037374,5.917821924438939,8.628862177643534e-05,0.00148,6.65847e-07,0.0154111111111111,0.01157,6.76e-06,0.0805555555555555,0.023,9e-06,0.0031111111111111,0.03605,0.0990777777777777,10000000.0,5.209185098669483e-10,24.0,3.0,,0.05716051590018651,3.607651157711349,0.011689726871981174,0.1347082694576729,0.10553390102037133,283.5719636776094,1.0
117.0,0.01,0.0115,450000.0,0.000127,1.0,20.0,300.0,0.0014863158862963,2283.3526209057377,265.6087782946687,134.40447759337064,0.0,0.0010273492766512,0.4966763130321679,0.092353723910911,57.15,6.128373545185464e-09,1.0125876173126915e-09,1087.3304682221803,4.862241892434267,0.0001157783251298,0.00148,6.65847e-07,0.0154111111111111,0.01157,6.76e-06,0.0805555555555555,0.023,9e-06,0.0031111111111111,0.03605,0.0990777777777777,10000000.0,6.355119828872957e-10,27.0,3.0,,0.0784517465377646,3.5682770294016093,0.016673793746631787,0.2898208425834922,0.14404809824215342,583.8269310537034,1.0
118.0,0.01,0.0115,450000.0,0.000127,1.0,20.0,325.0,0.0018482593331943,2283.3526209057377,291.5053062825179,142.58095260080577,0.0,0.0010898479064205,0.8084361897568361,0.1148434419273627,57.15,7.57614733277731e-09,1.2819238519438935e-09,870.1644000834034,3.594448103246901,0.0001550684245018,0.00148,6.65847e-07,0.0154111111111111,0.01157,6.76e-06,0.0805555555555555,0.023,9e-06,0.0031111111111111,0.03605,0.0990777777777777,1000000.0,4.859723463751093e-09,28.0,4.0,,0.6221350894014861,3.572906201820097,0.016087822554418124,0.0354076584279871,0.13969295091600883,71.68954714008981,1.0
119.0,0.01,0.0115,450000.0,0.000127,1.0,20.0,350.0,0.0022937712950414,2283.3526209057377,319.92671377973846,126.87048648270594,0.0,0.0009697616095107,0.7083916281212397,0.1425257731886953,57.15,9.26027141515197e-09,1.4782279613351642e-09,739.9504939944737,2.951065036184666,0.0002039831361305,0.00148,6.65847e-07,0.0154111111111111,0.01157,6.76e-06,0.0805555555555555,0.023,9e-06,0.0031111111111111,0.03605,0.0990777777777777,10000000.0,6.69616611365335e-10,28.0,4.0,,0.08572339423917272,3.5297985050430762,0.021544493032521976,0.4440924606933716,0.17861123727644448,858.4743149879944,1.0
120.0,0.01,0.0115,450000.0,0.000127,1.0,25.0,250.0,0.0014638749073326,2854.1907761321727,220.5130739903045,110.26621473497978,0.0,0.0006742746549845,0.1946488288683767,0.0909593312420194,57.15,6.0386096293304654e-09,9.958884096675856e-10,1100.7950556004305,4.940846807089752,9.594403040292702e-05,0.00148,6.65847e-07,0.0154111111111111,0.01157,6.76e-06,0.0805555555555555,0.023,9e-06,0.0031111111111111,0.03605,0.0990777777777777,10000000.0,5.133282119171324e-10,27.0,3.0,,0.06336858447427372,3.5921788882397996,0.013648241994962073,0.004270913152083472,0.12107446020428543,8.834418592954677,1.0
121.0,0.01,0.0115,450000.0,0.000127,1.0,25.0,275.0,0.0018646128795937,2854.1907761321727,242.0128264794384,121.95172097234918,0.0,0.0007457311814052,0.3723479931027407,0.1158595858864352,57.15,7.641561518374872e-09,1.294093163607989e-09,860.3522722437692,3.5371658821319008,0.0001309459586058,0.00148,6.65847e-07,0.0154111111111111,0.01157,6.76e-06,0.0805555555555555,0.023,9e-06,0.0031111111111111,0.03605,0.0990777777777777,10000000.0,7.336979061600412e-10,27.0,3.0,,0.09057245767081637,3.5495221633038185,0.019047827429896427,0.12986594954548913,0.161250622982281,256.3496061123038,1.0
122.0,0.01,0.0115,450000.0,0.000127,1.0,25.0,300.0,0.0023379632846982,2854.1907761321727,265.6087782946687,135.86537497167618,0.0,0.0008308127657555,0.6369623847251067,0.1452716866580119,57.15,9.422308710560334e-09,1.490772004905887e-09,734.0582287068969,2.934235695376921,0.0001730944908633,0.00148,6.65847e-07,0.0154111111111111,0.01157,6.76e-06,0.0805555555555555,0.023,9e-06,0.0031111111111111,0.03605,0.0990777777777777,10000000.0,1.0324219063267038e-09,27.0,3.0,,0.12744889773312482,3.4948079081816226,0.025973682508655456,0.32819180033397,0.2077039520303254,611.9562356459738,1.0
123.0,0.01,0.0115,450000.0,0.000127,1.0,25.0,325.0,0.002906362621243,2854.1907761321727,291.5053062825179,144.45669386130692,0.0,0.0008833484276905,0.8216648424829348,0.1805897478335552,57.15,1.1506439611224345e-08,1.652114051248563e-09,658.271650500933,2.717775965369502,0.0002267922163493,0.00148,6.65847e-07,0.0154111111111111,0.01157,6.76e-06,0.0805555555555555,0.023,9e-06,0.0031111111111111,0.03605,0.0990777777777777,10000000.0,7.619152776377203e-10,28.0,4.0,,0.09753934208503748,3.509034651308378,0.02417282894830662,0.5074857525643421,0.19612746411893137,960.0993905946056,1.0
125.0,0.01,0.0115,450000.0,0.000127,1.0,30.0,250.0,0.0021271672562717,3425.0289313586068,220.5130739903045,114.04794297492444,0.0,0.0005811665098109,0.2213185001167067,0.1321736646357004,57.15,8.649389939663021e-09,1.4309368495835855e-09,762.1643658304356,3.0145117415757445,0.0001343506311378,0.00148,6.65847e-07,0.0154111111111111,0.01157,6.76e-06,0.0805555555555555,0.023,9e-06,0.0031111111111111,0.03605,0.0990777777777777,10000000.0,4.1333193177377134e-10,28.0,4.0,,0.052914183336695064,3.5906532290821715,0.013841363407320065,0.00018065214431113585,0.1225776539039667,0.37304133810122375,1.0
126.0,0.01,0.0115,450000.0,0.000127,1.0,30.0,275.0,0.0027080623766492,3425.0289313586068,242.0128264794384,124.81969560545048,0.0,0.0006360573015037,0.3255983275924189,0.1682681638354786,57.15,1.0779338714380636e-08,1.5958258658198155e-09,684.7116831134315,2.7932933255165056,0.0001785504498464,0.00148,6.65847e-07,0.0154111111111111,0.01157,6.76e-06,0.0805555555555555,0.023,9e-06,0.0031111111111111,0.03605,0.0990777777777777,10000000.0,5.718707495229424e-10,28.0,4.0,,0.07321010393581792,3.552436777154659,0.018678888967764644,0.04807005982112228,0.15862277256987434,95.18544934738827,1.0
127.0,0.01,0.0115,450000.0,0.000127,1.0,30.0,300.0,0.0033940291177359,3425.0289313586068,265.6087782946687,137.19478958713998,0.0,0.0006991184141404,0.629000142707161,0.210891393259638,57.15,1.3294550098364981e-08,1.790539811833062e-09,593.2494509685461,2.532061184620088,0.0002364877683662,0.00148,6.65847e-07,0.0154111111111111,0.01157,6.76e-06,0.0805555555555555,0.023,9e-06,0.0031111111111111,0.03605,0.0990777777777777,10000000.0,8.026027302166389e-10,28.0,4.0,,0.10274809359868138,3.5000639508173443,0.025308360656032418,0.27931065584884146,0.20346608532670074,523.596729242106,1.0
131.0,0.01,0.0115,450000.0,0.000127,1.0,35.0,275.0,0.0037228775633296,3995.867086585041,242.0128264794384,127.13547183438348,0.0,0.0005553069037345,0.4154041661516045,0.2313247202750504,57.15,1.4500327732208677e-08,1.883884539276329e-09,549.4029915560482,2.406828023407596,0.0002340421546196,0.00148,6.65847e-07,0.0154111111111111,0.01157,6.76e-06,0.0805555555555555,0.023,9e-06,0.0031111111111111,0.03605,0.0990777777777777,10000000.0,7.92253829926651e-10,28.0,4.0,,0.10142324166931892,3.5023352639970113,0.025020852658606246,0.04660620420723509,0.20162069936325816,87.57056481962786,1.0
138.0,0.01,0.0115,500000.0,0.000127,1.0,20.0,300.0,0.0012039158679,2055.017358815164,265.6087782946687,134.40447759337064,0.0,0.0011414991962791,0.4943108191728154,0.0748065163678379,63.5,4.998773471600231e-09,8.02442750023281e-10,1256.7704792599652,5.851415732871751,0.0001059941835105,0.00148,6.65847e-07,0.0154111111111111,0.01157,6.76e-06,0.0805555555555555,0.023,9e-06,0.0031111111111111,0.03605,0.0990777777777777,10000000.0,7.471647349044208e-10,30.0,3.0,,0.10248321210660961,3.5402655796445064,0.0202195468804422,0.2809710906983678,0.16948868667734218,549.1769980085769,1.0
139.0,0.01,0.0115,500000.0,0.000127,1.0,20.0,325.0,0.0014970900598874,2055.017358815164,291.5053062825179,142.58095260080586,0.0,0.001210942118245,0.8084361897568361,0.0930231879611638,63.5,6.171470239549624e-09,1.0206051000745544e-09,1080.8659640675564,4.824502763629988,0.0001414089271232,0.00148,6.65847e-07,0.0154111111111111,0.01157,6.76e-06,0.0805555555555555,0.023,9e-06,0.0031111111111111,0.03605,0.0990777777777777,10000000.0,1.0701152376216474e-09,30.0,3.0,,0.14678000948441894,3.4786370280239796,0.028020629364053248,0.5325829923112534,0.22046404824558205,977.0765524736946,1.0
140.0,0.01,0.0115,500000.0,0.000127,1.0,20.0,350.0,0.0018579547489835,2055.017358815164,319.92671377973846,126.8704864827059,0.0,0.0010775128994564,0.7101941996268704,0.1154458762828432,63.5,7.614928995934291e-09,1.2891385889538867e-09,864.3471506098565,3.560487582545281,0.0001893399398357,0.00148,6.65847e-07,0.0154111111111111,0.01157,6.76e-06,0.0805555555555555,0.023,9e-06,0.0031111111111111,0.03605,0.0990777777777777,10000000.0,9.10514076546206e-10,28.0,4.0,,0.11656275519351211,3.5042215397166,0.024782083580177243,0.442135568150515,0.20008163507108273,832.3505481617836,1.0
141.0,0.01,0.0115,500000.0,0.000127,1.0,25.0,250.0,0.0011857386749394,2568.7716985189554,220.5130739903045,110.26621473497988,0.0,0.0007491940610938,0.1951439121264255,0.0736770583060357,63.5,4.926064699757676e-09,7.889163918307442e-10,1267.6767950363485,5.915085713742699,8.810213235593386e-05,0.00148,6.65847e-07,0.0154111111111111,0.01157,6.76e-06,0.0805555555555555,0.023,9e-06,0.0031111111111111,0.03605,0.0990777777777777,100000000.0,9.707270866481308e-11,24.0,4.0,,0.010651812139534958,3.561518226580896,0.017529338407481585,0.07476504168085474,0.15032820449510037,149.50472917043098,1.0
142.0,0.01,0.0115,500000.0,0.000127,1.0,25.0,275.0,0.0015103364324709,2568.7716985189554,242.0128264794384,121.95172097234918,0.0,0.0008285902015613,0.3410538609234362,0.0938462645680126,63.5,6.2244557298836505e-09,1.0304622425224722e-09,1072.9181405174525,4.778104164526836,0.0001196412491857,0.00148,6.65847e-07,0.0154111111111111,0.01157,6.76e-06,0.0805555555555555,0.023,9e-06,0.0031111111111111,0.03605,0.0990777777777777,10000000.0,8.655572531971858e-10,30.0,3.0,,0.11872226220790384,3.517199280101735,0.023139331632691877,0.09243533414751985,0.18932972432671258,176.3548522374157,1.0
143.0,0.01,0.0115,500000.0,0.000127,1.0,25.0,300.0,0.0018937502606056,2568.7716985189554,265.6087782946687,135.86537497167623,0.0,0.0009231252952839,0.6243076305747194,0.1176700661929897,63.5,7.75811104242241e-09,1.3157754251767927e-09,842.8698436366382,3.435105212166331,0.0001612834560584,0.00148,6.65847e-07,0.0154111111111111,0.01157,6.76e-06,0.0805555555555555,0.023,9e-06,0.0031111111111111,0.03605,0.0990777777777777,10000000.0,7.360041845841781e-10,28.0,4.0,,0.09422223972034598,3.5375622248770084,0.02056174368645469,0.3763653246613836,0.17186414183879745,733.5274027072419,1.0
144.0,0.01,0.0115,500000.0,0.000127,1.0,25.0,325.0,0.0023541537232068,2568.7716985189554,291.5053062825179,144.4566938613069,0.0,0.0009814982529895,0.8167564359897096,0.1462776957451797,63.5,9.481673651758384e-09,1.4953677148446702e-09,731.8995035724224,2.9280699986159635,0.0002115579007944,0.00148,6.65847e-07,0.0154111111111111,0.01157,6.76e-06,0.0805555555555555,0.023,9e-06,0.0031111111111111,0.03605,0.0990777777777777,10000000.0,9.038842068887548e-10,32.0,4.0,,0.1322445810650593,3.4645252959554047,0.029806924562607005,0.5021841591794705,0.23126813362137325,908.5378861440613,1.0
146.0,0.01,0.0115,500000.0,0.000127,1.0,30.0,250.0,0.0017230054775801,3082.526038222746,220.5130739903045,114.0479429749244,0.0,0.0006457405664565,0.2204742282624422,0.1070606683549173,63.5,7.0751319103204185e-09,1.1887175730809814e-09,945.3167134519372,4.0331797934610645,0.0001238354123698,0.00148,6.65847e-07,0.0154111111111111,0.01157,6.76e-06,0.0805555555555555,0.023,9e-06,0.0031111111111111,0.03605,0.0990777777777777,10000000.0,5.314293503791033e-10,28.0,4.0,,0.06803285184327743,3.578962472697991,0.015321205987595996,0.009330708064247378,0.1339278154692264,19.018394021082063,1.0
147.0,0.01,0.0115,500000.0,0.000127,1.0,30.0,275.0,0.0021935305250859,3082.526038222746,242.0128264794384,124.8196956054505,0.0,0.0007067303350041,0.3774280287752992,0.1362972127067377,63.5,8.892721925314984e-09,1.4497742846473843e-09,753.315929988546,2.989239060335036,0.0001671251747777,0.00148,6.65847e-07,0.0154111111111111,0.01157,6.76e-06,0.0805555555555555,0.023,9e-06,0.0031111111111111,0.03605,0.0990777777777777,10000000.0,7.706324377121533e-10,28.0,4.0,,0.09865530088448086,3.5308069659026127,0.021416839759162996,0.10642551518408054,0.17774104932610055,205.94892026907755,1.0
148.0,0.01,0.0115,500000.0,0.000127,1.0,30.0,300.0,0.002749163585366,3082.526038222746,265.6087782946687,137.19478958713998,0.0,0.0007767982379337,0.6247083539963539,0.1708220285403068,63.5,1.09300431463423e-08,1.6074925809181135e-09,679.231521951189,2.7776410262089373,0.0002197545420247,0.00148,6.65847e-07,0.0154111111111111,0.01157,6.76e-06,0.0805555555555555,0.023,9e-06,0.0031111111111111,0.03605,0.0990777777777777,10000000.0,9.494243499285928e-10,32.0,4.0,,0.1389074224910379,3.454222378567255,0.031111091320600675,0.27892890296500905,0.23896890368631518,499.57542904822105,1.0
152.0,0.01,0.0115,500000.0,0.000127,1.0,35.0,275.0,0.003015530826297,3596.2803779265373,242.0128264794384,127.13547183438348,0.0,0.0006170076708162,0.4236901875645123,0.187373023422791,63.5,1.19067230297557e-08,1.6831018101471603e-09,643.7158898270653,2.6762021656268185,0.0002170713569865,0.00148,6.65847e-07,0.0154111111111111,0.01157,6.76e-06,0.0805555555555555,0.023,9e-06,0.0031111111111111,0.03605,0.0990777777777777,10000000.0,9.343904242381096e-10,32.0,4.0,,0.1367078540180533,3.4576092170624757,0.030682377587028384,0.063559310123668,0.23645453799564536,114.21396895446904,1.0
160.0,0.01,0.0115,550000.0,0.000127,1.0,20.0,325.0,0.0012372645123036,1868.197598922876,291.5053062825179,142.58095260080572,0.0,0.0013320363300695,0.8209334636590373,0.0768786677364989,69.85,5.1321680492145604e-09,8.272587769211181e-10,1236.7612926178158,5.734604102173548,0.0001303798340107,0.00148,6.65847e-07,0.0154111111111111,0.01157,6.76e-06,0.0805555555555555,0.023,9e-06,0.0031111111111111,0.03605,0.0990777777777777,10000000.0,6.697988220005418e-10,32.0,4.0,,0.09799625210647525,3.5354964822494375,0.020823230095007902,0.6100085438160631,0.17367018396627035,1186.2998891613852,1.0
161.0,0.01,0.0115,550000.0,0.000127,1.0,20.0,350.0,0.0015354997925484,1868.197598922876,319.92671377973846,126.87048648270604,0.0,0.001185264189402,0.7155048869663289,0.0954098151097878,69.85,6.325109170193627e-09,1.0491872801271787e-09,1057.8201244709558,4.689963456648994,0.0001740235791195,0.00148,6.65847e-07,0.0154111111111111,0.01157,6.76e-06,0.0805555555555555,0.023,9e-06,0.0031111111111111,0.03605,0.0990777777777777,10000000.0,9.762010843420105e-10,32.0,4.0,,0.1428250460071977,3.4703863489235727,0.029065019123598452,0.4412200258493433,0.2268174242050301,802.8648093625486,1.0
162.0,0.01,0.0115,550000.0,0.000127,1.0,25.0,275.0,0.0012482119276619,2335.246998653596,242.0128264794384,121.95172097234912,0.0,0.0009114492217174,0.376861718981501,0.0775588963372004,69.85,5.17595771064764e-09,8.35405175638406e-10,1230.192843402854,5.696258152501521,0.0001105465526373,0.00148,6.65847e-07,0.0154111111111111,0.01157,6.76e-06,0.0805555555555555,0.023,9e-06,0.0031111111111111,0.03605,0.0990777777777777,10000000.0,1.0248301923239808e-09,33.0,3.0,,0.15462544412684925,3.4769544520670843,0.028233613662394387,0.10862737851745136,0.2217681649930149,198.9543503602246,1.0
164.0,0.01,0.0115,550000.0,0.000127,1.0,25.0,325.0,0.0019455815894271,2335.246998653596,291.5053062825179,144.45669386130692,0.0,0.0010796480782884,0.8268319969483455,0.1208906576406443,69.85,7.965436357708532e-09,1.3543451383747171e-09,811.7710463437202,3.253553543450004,0.0001989321338513,0.00148,6.65847e-07,0.0154111111111111,0.01157,6.76e-06,0.0805555555555555,0.023,9e-06,0.0031111111111111,0.03605,0.0990777777777777,10000000.0,1.1850571622751582e-09,32.0,4.0,,0.17338215090919734,3.42907350364146,0.03429449320994178,0.49650918839850383,0.2571336077279475,868.0468182601704,1.0
166.0,0.01,0.0115,550000.0,0.000127,1.0,30.0,250.0,0.0014239714690744,2802.296398384314,220.5130739903045,114.04794297492442,0.0,0.0007103146231022,0.2259120386931181,0.088479891202411,69.85,5.878995876297865e-09,9.661947050256043e-10,1124.7371185553202,5.080618176414104,0.0001143453314724,0.00148,6.65847e-07,0.0154111111111111,0.01157,6.76e-06,0.0805555555555555,0.023,9e-06,0.0031111111111111,0.03605,0.0990777777777777,10000000.0,5.710051281699535e-10,32.0,4.0,,0.08354204375442706,3.5577340986012325,0.0180083419492111,0.017840103736279936,0.15380424247725843,35.52821330134192,1.0
168.0,0.01,0.0115,550000.0,0.000127,1.0,30.0,300.0,0.0022720360209637,2802.296398384314,265.6087782946687,137.19478958713995,0.0,0.0008544780617271,0.6215686546973075,0.1411752301986006,69.85,9.180575410200249e-09,1.4720583313372839e-09,742.8485305381729,2.959342335709866,0.000206722712607,0.00148,6.65847e-07,0.0154111111111111,0.01157,6.76e-06,0.0805555555555555,0.023,9e-06,0.0031111111111111,0.03605,0.0990777777777777,10000000.0,1.2574615223578586e-09,32.0,4.0,,0.18397541517186067,3.4152869085211783,0.036039631832762264,0.2603680093268461,0.2667282620103676,449.32203566359664,1.0
172.0,0.01,0.0115,550000.0,0.000127,1.0,35.0,275.0,0.002492174236609,3269.345798115033,242.0128264794384,127.1354718343835,0.0,0.0006787084378978,0.4075319717679361,0.1548537383659428,69.85,9.987748867566687e-09,1.5345452976422807e-09,713.4967684521205,2.8755085666337354,0.0002037987406597,0.00148,6.65847e-07,0.0154111111111111,0.01157,6.76e-06,0.0805555555555555,0.023,9e-06,0.0031111111111111,0.03605,0.0990777777777777,10000000.0,1.2298259094652357e-09,32.0,4.0,,0.1799321317273576,3.4205176111397364,0.03537751757724858,0.03669610167463569,0.263117324489415,63.63901149724184,1.0
181.0,0.01,0.0115,600000.0,0.000127,1.0,20.0,325.0,0.0010396458749218,1712.5144656793036,291.5053062825179,142.5809526008059,0.0,0.001453130541894,0.8128316942835617,0.0645994360841415,76.2,4.341693499687239e-09,6.802030417184403e-10,1355.332475046914,6.42681080807638,0.0001213415623322,0.00148,6.65847e-07,0.0154111111111111,0.01157,6.76e-06,0.0805555555555555,0.023,9e-06,0.0031111111111111,0.03605,0.0990777777777777,10000000.0,7.448428121868587e-10,36.0,4.0,,0.12259767680367453,3.5047463802237,0.024715648072949417,0.5895845813957455,0.19965234747402583,1110.5290957440602,1.0
183.0,0.01,0.0115,600000.0,0.000127,1.0,25.0,275.0,0.0010488447447714,2140.643082099129,242.0128264794384,121.9517209723492,0.0,0.0009943082418736,0.3491836969892945,0.0651710170611198,76.2,4.378488979085865e-09,6.87048279529494e-10,1349.8131531371205,6.394589558699194,0.0001031202036658,0.00148,6.65847e-07,0.0154111111111111,0.01157,6.76e-06,0.0805555555555555,0.023,9e-06,0.0031111111111111,0.03605,0.0990777777777777,10000000.0,6.091944781933582e-10,36.0,4.0,,0.10027058934603243,3.5372817601934265,0.020597245545135878,0.14769209058214228,0.1721098101611335,287.76311295957913,1.0
184.0,0.01,0.0115,600000.0,0.000127,1.0,25.0,300.0,0.0013151043476427,2140.643082099129,265.6087782946687,135.8653749716762,0.0,0.0011077503543407,0.6112672470042291,0.0817153237451317,76.2,5.443527390571116e-09,8.851824341505501e-10,1190.0573914143324,5.4619513973377325,0.0001378952759019,0.00148,6.65847e-07,0.0154111111111111,0.01157,6.76e-06,0.0805555555555555,0.023,9e-06,0.0031111111111111,0.03605,0.0990777777777777,10000000.0,8.792551777250073e-10,36.0,4.0,,0.1447213295785224,3.473678531508339,0.028648287150843207,0.3487805936805749,0.2242947605631878,636.7283484781248,1.0
187.0,0.01,0.0115,600000.0,0.000127,1.0,30.0,250.0,0.0011965315816528,2568.7716985189554,220.5130739903045,114.0479429749245,0.0,0.0007748886797479,0.2313284620592394,0.0743476863575814,76.2,4.969236326611401e-09,7.969478146395701e-10,1261.2010510082896,5.877280967681295,0.0001065841820808,0.00148,6.65847e-07,0.0154111111111111,0.01157,6.76e-06,0.0805555555555555,0.023,9e-06,0.0031111111111111,0.03605,0.0990777777777777,10000000.0,6.341035132515943e-10,36.0,4.0,,0.10437050113895836,3.5312152793603393,0.021365154511349446,0.016560274562699442,0.1773881962626226,32.060302698312086,1.0
188.0,0.01,0.0115,600000.0,0.000127,1.0,30.0,275.0,0.0015232850868652,2568.7716985189554,242.0128264794384,124.81969560545052,0.0,0.0008480764020049,0.3222024180688699,0.0946508421574567,76.2,6.276250347460844e-09,1.0400978412547915e-09,1065.148947880873,4.732748394833751,0.0001447040652051,0.00148,6.65847e-07,0.0154111111111111,0.01157,6.76e-06,0.0805555555555555,0.023,9e-06,0.0031111111111111,0.03605,0.0990777777777777,10000000.0,9.382013403480103e-10,36.0,4.0,,0.1544235949099878,3.4604053802082384,0.030328432885033146,0.037077981001425286,0.23436613072659135,66.81013713215143,1.0
202.0,0.01,0.012,400000.0,0.000127,1.0,20.0,250.0,0.0014341713932929,2568.7716985189545,220.5130739903045,105.05364433841363,0.0,0.0007137777117295,0.2106354636821664,0.0891136736936507,50.8,5.9197955731718e-09,9.737848664336223e-10,1118.61716402423,5.044890493857053,8.370301109559609e-05,0.00148,6.65847e-07,0.0154111111111111,0.01157,6.76e-06,0.0805555555555555,0.023,9e-06,0.0031111111111111,0.03605,0.0990777777777777,10000000.0,8.339753700331144e-10,22.0,2.0,,0.024479952363669788,3.5779357750605194,0.015451167713858292,0.06099183762484581,0.13491059092119803,124.17605605710986,1.0
203.0,0.01,0.012,400000.0,0.000127,1.0,20.0,275.0,0.001818879477364,2568.7716985189545,242.0128264794384,116.96812437248498,0.0,0.0007947295944435,0.335412915642147,0.1130178952054942,50.8,7.458627909456302e-09,1.2600611554062259e-09,887.7923135815546,3.6973580994577575,0.0001137279474749,0.00148,6.65847e-07,0.0154111111111111,0.01157,6.76e-06,0.0805555555555555,0.023,9e-06,0.0031111111111111,0.03605,0.0990777777777777,10000000.0,4.71738487099029e-10,24.0,3.0,,0.051763979935059816,3.604056453886504,0.012144752672594425,0.13458104050159286,0.10919327786750414,282.14510230880734,1.0
204.0,0.01,0.012,400000.0,0.000127,1.0,20.0,300.0,0.0022737009662681,2568.7716985189545,265.6087782946687,131.83667397138507,0.0,0.0008957526420139,0.6124873594027542,0.1412786832400371,50.8,9.186680209649851e-09,1.472530931611766e-09,742.6265378309145,2.9587082856892124,0.0001504326351214,0.00148,6.65847e-07,0.0154111111111111,0.01157,6.76e-06,0.0805555555555555,0.023,9e-06,0.0031111111111111,0.03605,0.0990777777777777,1000000.0,3.724622863132795e-09,24.0,4.0,,0.4087037806444603,3.6076253925673902,0.011692988282608771,0.026454895518256694,0.10556023668044653,55.68808674197776,1.0
205.0,0.01,0.012,400000.0,0.000127,1.0,20.0,325.0,0.002820360006075,2568.7716985189545,291.5053062825179,138.91130560180872,0.0,0.0009438206020384,0.7946384109271074,0.1752458893374791,50.8,1.1191096688941844e-08,1.627701922257756e-09,669.7386658566603,2.750527767953147,0.0001965554989647,0.00148,6.65847e-07,0.0154111111111111,0.01157,6.76e-06,0.0805555555555555,0.023,9e-06,0.0031111111111111,0.03605,0.0990777777777777,1000000.0,5.0410997036385655e-09,24.0,4.0,,0.5531611073637156,3.5777891512603963,0.015469727688557425,0.030181414225912584,0.1350507601678318,61.43775754905755,1.0
206.0,0.01,0.012,400000.0,0.000127,1.0,20.0,350.0,0.0034937929321915,2568.7716985189545,319.92671377973846,124.48033233120836,0.0,0.000845770628199,0.7485273856565425,0.2170903176346534,50.8,1.3660350751368977e-08,1.8188581031123422e-09,579.9476090411281,2.4940687962530443,0.00025848285255,0.00148,6.65847e-07,0.0154111111111111,0.01157,6.76e-06,0.0805555555555555,0.023,9e-06,0.0031111111111111,0.03605,0.0990777777777777,10000000.0,6.977580034868939e-10,24.0,4.0,,0.07656515692441437,3.5362637689515477,0.02072610519600668,0.4188219110974746,0.1730002791357104,815.1544536376277,1.0
207.0,0.01,0.012,400000.0,0.000127,1.0,25.0,250.0,0.0022586857758858,3210.964623148693,220.5130739903045,110.02891212023135,0.0,0.0005980653835427,0.2461001232685213,0.1403456993704452,50.8,9.131624511581574e-09,1.4682688197711275e-09,744.6285632152155,2.9644264205412183,0.0001252468491041,0.00148,6.65847e-07,0.0154111111111111,0.01157,6.76e-06,0.0805555555555555,0.023,9e-06,0.0031111111111111,0.03605,0.0990777777777777,10000000.0,5.251880554978507e-10,24.0,3.0,,0.0576290141898405,3.5938388942237154,0.013438114655225973,0.012075409708235507,0.11943303621066285,25.024730636468792,1.0
208.0,0.01,0.012,400000.0,0.000127,1.0,25.0,275.0,0.0028633569159044,3210.964623148693,242.0128264794384,120.62226976064608,0.0,0.0006556458901399,0.3862042822142704,0.1779175453266386,50.8,1.1348752024982969e-08,1.639906738435863e-09,664.005744546074,2.734153541428883,0.0001662602065758,0.00148,6.65847e-07,0.0154111111111111,0.01157,6.76e-06,0.0805555555555555,0.023,9e-06,0.0031111111111111,0.03605,0.0990777777777777,10000000.0,7.261062525447689e-10,24.0,3.0,,0.07967581724905708,3.55652345831522,0.01816158755503547,0.09256091963857462,0.15491031961388801,184.0922932966201,1.0
209.0,0.01,0.012,400000.0,0.000127,1.0,25.0,300.0,0.0035780559158059,3210.964623148693,265.6087782946687,133.16370124262642,0.0,0.0007238152093207,0.5990503151234278,0.2223260823845191,50.8,1.3969315024621854e-08,1.842776431887908e-09,568.7125445592053,2.4619794859563884,0.0002200294888172,0.00148,6.65847e-07,0.0154111111111111,0.01157,6.76e-06,0.0805555555555555,0.023,9e-06,0.0031111111111111,0.03605,0.0990777777777777,10000000.0,5.75044159275968e-10,24.0,4.0,,0.06309973669009936,3.5622629273213513,0.01743507249096822,0.27757449604880924,0.14964076881436575,555.5039343444626,1.0
210.0,0.01,0.012,400000.0,0.000127,1.0,25.0,325.0,0.0044368791005907,3210.964623148693,291.5053062825179,140.83470417272434,0.0,0.000765511171056,0.8339603967724983,0.2756899197943059,50.8,1.7118333368832697e-08,2.0865562556330155e-09,454.202786587902,2.134919577982701,0.0002912212469707,0.00148,6.65847e-07,0.0154111111111111,0.01157,6.76e-06,0.0805555555555555,0.023,9e-06,0.0031111111111111,0.03605,0.0990777777777777,10000000.0,8.094366876970945e-10,24.0,4.0,,0.08881968634426464,3.513503692458414,0.0236071275369096,0.4334007906339278,0.19242079925282754,823.7206868150433,1.0
211.0,0.01,0.012,400000.0,0.000127,1.0,25.0,350.0,0.0054946636603809,3210.964623148693,319.92671377973846,133.46135839832908,0.0,0.0007254331335332,0.9925286825465448,0.3414164212014325,50.8,2.1161764641523923e-08,2.293070527029624e-09,370.4218341958608,1.8981240638059496,0.0003882172451832,0.00148,6.65847e-07,0.0154111111111111,0.01157,6.76e-06,0.0805555555555555,0.023,9e-06,0.0031111111111111,0.03605,0.0990777777777777,10000000.0,1.190293673739199e-09,24.0,4.0,,0.1306112168696769,3.4417345908852592,0.03269182393857478,0.4844510444754352,0.24809837407680166,857.2669268729338,1.0
213.0,0.01,0.012,400000.0,0.000127,1.0,30.0,275.0,0.0041607079519174,3853.1575477784313,242.0128264794384,123.2400280929478,0.0,0.0005582289937021,0.4041282533178015,0.2585297493003422,50.8,1.6105705823697293e-08,2.008164154511606e-09,491.0256064110077,2.24009199539096,0.0002293154292031,0.00148,6.65847e-07,0.0154111111111111,0.01157,6.76e-06,0.0805555555555555,0.023,9e-06,0.0031111111111111,0.03605,0.0990777777777777,10000000.0,6.039067179307349e-10,24.0,4.0,,0.0662668323329999,3.5560514033066717,0.018221341353585864,0.04328167168445919,0.15534082002081992,86.03807427623089,1.0
214.0,0.01,0.012,400000.0,0.000127,1.0,30.0,300.0,0.0051969520713657,3853.1575477784313,265.6087782946687,134.43828447059585,0.0,0.0006089527032439,0.6731073312956225,0.3229178139063794,50.8,1.9970918285462823e-08,2.264982034029212e-09,375.6567947771055,1.9115728871281257,0.0003067574214967,0.00148,6.65847e-07,0.0154111111111111,0.01157,6.76e-06,0.0805555555555555,0.023,9e-06,0.0031111111111111,0.03605,0.0990777777777777,10000000.0,8.650425892680682e-10,24.0,4.0,,0.09492133556710312,3.502476481690907,0.02500297700115106,0.21921818182213976,0.20150568108405023,411.95857818261965,1.0
215.0,0.01,0.012,400000.0,0.000127,1.0,30.0,325.0,0.0064418339383553,3853.1575477784313,291.5053062825179,142.4562499023225,0.0,0.0006452709420804,0.8824897147597822,0.4002697935936499,50.8,2.4950445753421534e-08,2.382434148415953e-09,353.766792027959,1.855336593668734,0.0004116443816878,0.00148,6.65847e-07,0.0154111111111111,0.01157,6.76e-06,0.0805555555555555,0.023,9e-06,0.0031111111111111,0.03605,0.0990777777777777,10000000.0,1.2967572817956776e-09,24.0,4.0,,0.14229349470360897,3.4231443917885875,0.03504501369764715,0.30387642646252333,0.2612905182790533,528.2941876225464,1.0
219.0,0.01,0.012,450000.0,0.000127,1.0,20.0,250.0,0.0011331724588981,2283.3526209057377,220.5130739903045,105.0536443384136,0.0,0.0008029999256957,0.2388618962626017,0.0704108039060944,57.15,4.7157998355925334e-09,7.497998203919981e-10,1299.2165246611198,6.099211501319153,7.614457805304766e-05,0.00148,6.65847e-07,0.0154111111111111,0.01157,6.76e-06,0.0805555555555555,0.023,9e-06,0.0031111111111111,0.03605,0.0990777777777777,10000000.0,4.5158939419754643e-10,24.0,3.0,,0.04955301502720176,3.619301486333109,0.010215001729986179,0.08284807732930553,0.09346456166631331,176.75526904203173,1.0
220.0,0.01,0.012,450000.0,0.000127,1.0,20.0,275.0,0.0014371393401395,2283.3526209057377,242.0128264794384,116.96812437248498,0.0,0.000894070793749,0.3567362119389732,0.089298090038909,57.15,5.931667360558066e-09,9.759934314320792e-10,1116.8363959162898,5.034494547719709,0.0001028664883561,0.00148,6.65847e-07,0.0154111111111111,0.01157,6.76e-06,0.0805555555555555,0.023,9e-06,0.0031111111111111,0.03605,0.0990777777777777,10000000.0,5.55219392546149e-10,27.0,3.0,,0.06853990519421388,3.583912335769565,0.014694641041827213,0.1628482167058503,0.12915820191119184,333.7547240420027,1.0
221.0,0.01,0.012,450000.0,0.000127,1.0,20.0,300.0,0.0017965044671748,2283.3526209057377,265.6087782946687,131.8366739713851,0.0,0.0010077217222656,0.5944009758252078,0.1116276015723751,57.15,7.369127868699311e-09,1.243411037699009e-09,901.2173196951034,3.775731942648045,0.0001381485084575,0.00148,6.65847e-07,0.0154111111111111,0.01157,6.76e-06,0.0805555555555555,0.023,9e-06,0.0031111111111111,0.03605,0.0990777777777777,10000000.0,7.819042084796246e-10,27.0,3.0,,0.09652335822491259,3.540457456800341,0.020195258632868227,0.3502000160279201,0.16931956492947692,684.6290008291753,1.0
222.0,0.01,0.012,450000.0,0.000127,1.0,20.0,325.0,0.0022284325973926,2283.3526209057377,291.5053062825179,138.91130560180883,0.0,0.0010617981772933,0.7840790268786828,0.1384658878715884,57.15,9.020696190439646e-09,1.459681354211889e-09,748.6623203476493,2.975947536818947,0.00018211683937,0.00148,6.65847e-07,0.0154111111111111,0.01157,6.76e-06,0.0805555555555555,0.023,9e-06,0.0031111111111111,0.03605,0.0990777777777777,10000000.0,5.85270610006551e-10,28.0,4.0,,0.07492553557758105,3.5492927562002707,0.019076866303763193,0.5346376034295132,0.1614567624662968,1055.0914672219194,1.0
223.0,0.01,0.012,450000.0,0.000127,1.0,20.0,350.0,0.002760527748892,2283.3526209057377,319.92671377973846,124.48033233120812,0.0,0.0009514919567239,0.7450214292151219,0.1715281522051581,57.15,1.0971711745937622e-08,1.6107183366155122e-09,677.7163001477229,2.7733132875744224,0.0002377516121983,0.00148,6.65847e-07,0.0154111111111111,0.01157,6.76e-06,0.0805555555555555,0.023,9e-06,0.0031111111111111,0.03605,0.0990777777777777,10000000.0,8.079739572952174e-10,28.0,4.0,,0.10343571067476656,3.498887883023593,0.02545722999701352,0.4340075663351972,0.2044182632007404,812.6195277231366,1.0
224.0,0.01,0.012,450000.0,0.000127,1.0,25.0,250.0,0.0017846406130456,2854.1907761321727,220.5130739903045,110.02891212023138,0.0,0.0006728235564855,0.2624897254870493,0.1108904291322036,57.15,7.321672452182545e-09,1.234582681151166e-09,908.3356321726184,3.817287939060528,0.0001151389022917,0.00148,6.65847e-07,0.0154111111111111,0.01157,6.76e-06,0.0805555555555555,0.023,9e-06,0.0031111111111111,0.03605,0.0990777777777777,10000000.0,6.314669287450433e-10,27.0,3.0,,0.07795239865630098,3.569058227940815,0.016574907855593065,0.037596897698544726,0.14331623831146462,75.80148157797728,1.0
225.0,0.01,0.012,450000.0,0.000127,1.0,25.0,275.0,0.0022624054644183,2854.1907761321727,242.0128264794384,120.62226976064608,0.0,0.0007376016264073,0.3880927548177182,0.1405768259370972,57.15,9.145263369533872e-09,1.469324665760024e-09,744.1326047442228,2.963009876355331,0.0001541791902946,0.00148,6.65847e-07,0.0154111111111111,0.01157,6.76e-06,0.0805555555555555,0.023,9e-06,0.0031111111111111,0.03605,0.0990777777777777,10000000.0,8.93198245328953e-10,27.0,3.0,,0.11026222044179795,3.519880591538169,0.02279992512175078,0.10120370843882295,0.18707215987280468,193.62149643394898,1.0
226.0,0.01,0.012,450000.0,0.000127,1.0,25.0,300.0,0.0028271059087849,2854.1907761321727,265.6087782946687,133.16370124262642,0.0,0.0008142921104858,0.6032531732802074,0.1756650527482621,57.15,1.1215831665544844e-08,1.629616769228306e-09,668.8392121620057,2.7479587707968167,0.0002024578823077,0.00148,6.65847e-07,0.0154111111111111,0.01157,6.76e-06,0.0805555555555555,0.023,9e-06,0.0031111111111111,0.03605,0.0990777777777777,10000000.0,6.636066654790202e-10,28.0,4.0,,0.08495400926301717,3.531170876995975,0.021370775063800647,0.30658411126892804,0.17742658221812643,593.5119438107056,1.0
230.0,0.01,0.012,450000.0,0.000127,1.0,30.0,275.0,0.0032874729496631,3425.0289313586068,242.0128264794384,123.24002809294782,0.0,0.0006280076179149,0.3710499925155809,0.2042704192002705,57.15,1.2903844148764945e-08,1.7602934883383883e-09,607.4569400449111,2.572640259732774,0.0002102346820765,0.00148,6.65847e-07,0.0154111111111111,0.01157,6.76e-06,0.0805555555555555,0.023,9e-06,0.0031111111111111,0.03605,0.0990777777777777,10000000.0,6.944563656001842e-10,28.0,4.0,,0.08890334528718574,3.524153011515705,0.022259112466366478,0.04182622802812466,0.18344884578448079,80.37800938488256,1.0
239.0,0.01,0.012,500000.0,0.000127,1.0,20.0,275.0,0.001164082865513,2055.017358815164,242.0128264794384,116.96812437248497,0.0,0.0009934119930544,0.3245582216011978,0.0723314529315163,63.5,4.8394414620520385e-09,7.728014594599851e-10,1280.6702806921942,5.990940383652961,9.435137563873392e-05,0.00148,6.65847e-07,0.0154111111111111,0.01157,6.76e-06,0.0805555555555555,0.023,9e-06,0.0031111111111111,0.03605,0.0990777777777777,10000000.0,7.319680418065979e-10,27.0,3.0,,0.09035891192588093,3.5638131945281253,0.017238836135680384,0.12581785674380047,0.14820613802002894,252.22140329374437,1.0
240.0,0.01,0.012,500000.0,0.000127,1.0,20.0,300.0,0.0014551686184116,2055.017358815164,265.6087782946687,131.8366739713851,0.0,0.0011196908025174,0.6158629462826903,0.0904183572736238,63.5,6.003784473646443e-09,9.894097205361975e-10,1106.0188289530336,4.971342673544915,0.0001261452156636,0.00148,6.65847e-07,0.0154111111111111,0.01157,6.76e-06,0.0805555555555555,0.023,9e-06,0.0031111111111111,0.03605,0.0990777777777777,10000000.0,9.245050950152184e-10,30.0,3.0,,0.12680771364056156,3.505921943047949,0.02456684265215841,0.362586875368505,0.19868913476975203,683.7829379171291,1.0
241.0,0.01,0.012,500000.0,0.000127,1.0,20.0,325.0,0.001805030403888,2055.017358815164,291.5053062825179,138.9113056018089,0.0,0.0011797757525481,0.7806122798120058,0.1121573691759867,63.5,7.403231615552129e-09,1.2497555197188363e-09,896.1017576671807,3.7458678030852335,0.0001684990323438,0.00148,6.65847e-07,0.0154111111111111,0.01157,6.76e-06,0.0805555555555555,0.023,9e-06,0.0031111111111111,0.03605,0.0990777777777777,10000000.0,7.788977450271183e-10,28.0,4.0,,0.09971341411740078,3.529204980954949,0.02161962266393056,0.5326914965186181,0.17912252115464514,1029.103969557395,1.0
242.0,0.01,0.012,500000.0,0.000127,1.0,20.0,350.0,0.0022360274766025,2055.017358815164,319.92671377973846,124.48033233120826,0.0,0.0010572132852488,0.7336148560418316,0.1389378032861782,63.5,9.048544080876147e-09,1.4618371859918991e-09,747.649669786322,2.973055229601948,0.0002220059643704,0.00148,6.65847e-07,0.0154111111111111,0.01157,6.76e-06,0.0805555555555555,0.023,9e-06,0.0031111111111111,0.03605,0.0990777777777777,10000000.0,9.621362495987572e-10,32.0,4.0,,0.14076726231743383,3.451369637143167,0.03147219782997892,0.4178597904382194,0.24107394645969588,746.3373786957172,1.0
243.0,0.01,0.012,500000.0,0.000127,1.0,25.0,250.0,0.0014455588965669,2568.7716985189554,220.5130739903045,110.02891212023134,0.0,0.0007475817294284,0.2452733730404808,0.089821247597085,63.5,5.965345586267865e-09,9.82258751732446e-10,1111.78466205982,5.005003030639024,0.0001053862083177,0.00148,6.65847e-07,0.0154111111111111,0.01157,6.76e-06,0.0805555555555555,0.023,9e-06,0.0031111111111111,0.03605,0.0990777777777777,10000000.0,7.420458954969177e-10,30.0,3.0,,0.10178109772643092,3.5412756597920394,0.020091688633919042,0.01762102771696479,0.1685976218480995,34.4784429886765,1.0
244.0,0.01,0.012,500000.0,0.000127,1.0,25.0,275.0,0.0018325484261788,2568.7716985189554,242.0128264794384,120.622269760646,0.0,0.0008195573626748,0.3825211175366801,0.1138672290090488,63.5,7.513303704715388e-09,1.2702327533083011e-09,879.5909442926918,3.649479325686306,0.0001431569527112,0.00148,6.65847e-07,0.0154111111111111,0.01157,6.76e-06,0.0805555555555555,0.023,9e-06,0.0031111111111111,0.03605,0.0990777777777777,10000000.0,1.0875026035332125e-09,30.0,3.0,,0.14916490939396582,3.475432124425265,0.02842631336389057,0.08343897913366538,0.22294432366335942,152.59006841555257,1.0
245.0,0.01,0.012,500000.0,0.000127,1.0,25.0,300.0,0.0022899557861158,2568.7716985189554,265.6087782946687,133.16370124262642,0.0,0.0009047690116509,0.6246010856022454,0.1422886927260923,63.5,9.24628121575799e-09,1.4771449164082611e-09,740.4592285178913,2.952518071012088,0.0001891250223506,0.00148,6.65847e-07,0.0154111111111111,0.01157,6.76e-06,0.0805555555555555,0.023,9e-06,0.0031111111111111,0.03605,0.0990777777777777,10000000.0,9.090923548616695e-10,28.0,4.0,,0.1163807483460216,3.5044862261381766,0.02474857896985115,0.32988164453013136,0.19986519526122667,621.192868899424,1.0
248.0,0.01,0.012,500000.0,0.000127,1.0,30.0,250.0,0.0021015909408877,3082.526038222746,220.5130739903045,113.49048775738964,0.0,0.000642584249573,0.2701464668273273,0.1305844547029997,63.5,8.55561011658833e-09,1.42367692720745e-09,765.5745412149698,3.0242517992546665,0.0001478627323047,0.00148,6.65847e-07,0.0154111111111111,0.01157,6.76e-06,0.0805555555555555,0.023,9e-06,0.0031111111111111,0.03605,0.0990777777777777,10000000.0,6.594198984036192e-10,28.0,4.0,,0.08441802512149418,3.5527568169304113,0.018638377603745485,0.01909398700283331,0.15833321724904872,37.82177953643138,1.0
249.0,0.01,0.012,500000.0,0.000127,1.0,30.0,275.0,0.0026628530892271,3082.526038222746,242.0128264794384,123.24002809294775,0.0,0.0006977862421277,0.3912324242140501,0.1654590395522191,63.5,1.0613571327166273e-08,1.582993058887428e-09,690.7395881030448,2.810510077050214,0.0001956423965029,0.00148,6.65847e-07,0.0154111111111111,0.01157,6.76e-06,0.0805555555555555,0.023,9e-06,0.0031111111111111,0.03605,0.0990777777777777,10000000.0,9.528650189819017e-10,28.0,4.0,,0.12198446438231675,3.496387535931275,0.025773729628952545,0.06773892027951425,0.2064350696623082,126.51029996911764,1.0
262.0,0.01,0.012,550000.0,0.000127,1.0,20.0,300.0,0.0012026186929021,1868.197598922876,265.6087782946687,131.83667397138515,0.0,0.0012316598827691,0.6247921838978925,0.0747259151021684,69.85,4.9935847716086285e-09,8.014774715175184e-10,1257.5487842587056,5.855959399623898,0.0001164791435402,0.00148,6.65847e-07,0.0154111111111111,0.01157,6.76e-06,0.0805555555555555,0.023,9e-06,0.0031111111111111,0.03605,0.0990777777777777,10000000.0,1.0985776777623447e-09,33.0,3.0,,0.16575239742560655,3.462639914848071,0.030045580398978377,0.3482638713701175,0.23268896366410477,628.9049554034028,1.0
264.0,0.01,0.012,550000.0,0.000127,1.0,20.0,350.0,0.0018479565922335,1868.197598922876,319.92671377973846,124.4803323312084,0.0,0.0011629346137737,0.7532995296183871,0.1148246308150233,69.85,7.574936368934165e-09,1.281698570588075e-09,870.3460446598752,3.595508526119886,0.0002072131354115,0.00148,6.65847e-07,0.0154111111111111,0.01157,6.76e-06,0.0805555555555555,0.023,9e-06,0.0031111111111111,0.03605,0.0990777777777777,10000000.0,1.2621535527591572e-09,32.0,4.0,,0.1846618920347545,3.4144026425169267,0.03615156423836376,0.4177630067686092,0.2673352077247302,720.3448425432429,1.0
265.0,0.01,0.012,550000.0,0.000127,1.0,25.0,250.0,0.0011946767740222,2335.246998653596,220.5130739903045,110.02891212023142,0.0,0.0008223399023712,0.2560899202806446,0.0742324360306486,69.85,4.9618170960891385e-09,7.955675799441688e-10,1262.3139355866292,5.883777876561183,9.75664326500898e-05,0.00148,6.65847e-07,0.0154111111111111,0.01157,6.76e-06,0.0805555555555555,0.023,9e-06,0.0031111111111111,0.03605,0.0990777777777777,10000000.0,8.731528083196148e-10,33.0,3.0,,0.1317404988536332,3.5070635673940562,0.024422333241258726,0.014066985396362697,0.1977515083973831,26.559206421994148,1.0
266.0,0.01,0.012,550000.0,0.000127,1.0,25.0,275.0,0.0015145028315527,2335.246998653596,242.0128264794384,120.622269760646,0.0,0.0009015130989423,0.3694208542768058,0.0941051479413626,69.85,6.241121326211062e-09,1.033562622568843e-09,1070.4183010683407,4.763510351806866,0.0001319400173947,0.00148,6.65847e-07,0.0154111111111111,0.01157,6.76e-06,0.0805555555555555,0.023,9e-06,0.0031111111111111,0.03605,0.0990777777777777,10000000.0,6.79752502582923e-10,32.0,4.0,,0.09945254518985958,3.5332910691517316,0.021102396309907373,0.13981316114558354,0.17558966335421333,271.26679240733296,1.0
267.0,0.01,0.012,550000.0,0.000127,1.0,25.0,300.0,0.0018925254430709,2335.246998653596,265.6087782946687,133.1637012426264,0.0,0.000995245912816,0.6291505401441196,0.1175939609306547,69.85,7.753211772283684e-09,1.314863990681352e-09,843.6047341574474,3.439395429537762,0.0001773039711049,0.00148,6.65847e-07,0.0154111111111111,0.01157,6.76e-06,0.0805555555555555,0.023,9e-06,0.0031111111111111,0.03605,0.0990777777777777,10000000.0,1.002006653957562e-09,32.0,4.0,,0.14660058132128442,3.465153320724147,0.02972742775643713,0.32890599789218034,0.23079368285733268,595.4150173837486,1.0
270.0,0.01,0.012,550000.0,0.000127,1.0,30.0,250.0,0.0017368520172625,2802.296398384314,220.5130739903045,113.4904877573897,0.0,0.0007068426745303,0.2624601275266903,0.1079210369446278,69.85,7.130518069050332e-09,1.199021323273761e-09,937.00878964245,3.98467896505366,0.0001372314006883,0.00148,6.65847e-07,0.0154111111111111,0.01157,6.76e-06,0.0805555555555555,0.023,9e-06,0.0031111111111111,0.03605,0.0990777777777777,10000000.0,7.13993924085983e-10,32.0,4.0,,0.10446230463386057,3.525752312359981,0.02205666932152134,0.01402678594820174,0.18208420354154548,27.000506678328268,1.0
271.0,0.01,0.012,550000.0,0.000127,1.0,30.0,275.0,0.0022007050324191,2802.296398384314,242.0128264794384,123.2400280929478,0.0,0.0007675648663404,0.3958509668208529,0.1367430078943959,69.85,8.91902845220353e-09,1.451810792468949e-09,752.3593290107808,2.9865068405373667,0.0001843172299353,0.00148,6.65847e-07,0.0154111111111111,0.01157,6.76e-06,0.0805555555555555,0.023,9e-06,0.0031111111111111,0.03605,0.0990777777777777,10000000.0,1.0587880811539736e-09,32.0,4.0,,0.15490810123881052,3.453768613194,0.031168529975442977,0.06814985768764628,0.23930451859332846,122.00592961126088,1.0
285.0,0.01,0.012,600000.0,0.000127,1.0,20.0,300.0,0.0010105337627858,1712.5144656793036,265.6087782946687,131.8366739713851,0.0,0.0013436289630209,0.6038459933390721,0.062790525884461,76.2,4.225245051143362e-09,6.585395837056924e-10,1372.7997423284955,6.528782967739525,0.0001085783665202,0.00148,6.65847e-07,0.0154111111111111,0.01157,6.76e-06,0.0805555555555555,0.023,9e-06,0.0031111111111111,0.03605,0.0990777777777777,10000000.0,6.486218794980733e-10,36.0,4.0,,0.10676015697463379,3.5276987501622705,0.021810284789586038,0.39824531047997724,0.18041719195749756,768.1546411792126,1.0
286.0,0.01,0.012,600000.0,0.000127,1.0,20.0,325.0,0.0012534933360333,1712.5144656793036,291.5053062825179,138.91130560180886,0.0,0.0014157309030577,0.8040582124279763,0.0778870619277685,76.2,5.197083344133423e-09,8.393352775825254e-10,1227.0239983799866,5.677758752142524,0.0001439480346038,0.00148,6.65847e-07,0.0154111111111111,0.01157,6.76e-06,0.0805555555555555,0.023,9e-06,0.0031111111111111,0.03605,0.0990777777777777,10000000.0,9.315398231693387e-10,36.0,4.0,,0.1533271400382611,3.461894906254874,0.030139885284193195,0.5367940104619465,0.2332489581531787,968.6506732573565,1.0
288.0,0.01,0.012,600000.0,0.000127,1.0,25.0,250.0,0.0010038603448381,2140.643082099129,220.5130739903045,110.0289121202314,0.0,0.000897098075314,0.2588552861520385,0.0623758663868645,76.2,4.198551379352683e-09,6.535736331475312e-10,1376.8037930970977,6.552158215721546,9.12035439090796e-05,0.00148,6.65847e-07,0.0154111111111111,0.01157,6.76e-06,0.0805555555555555,0.023,9e-06,0.0031111111111111,0.03605,0.0990777777777777,10000000.0,5.263348979333145e-10,36.0,4.0,,0.08663228623750953,3.5577689311918754,0.01800393276052209,0.07379713352766436,0.1537723755294183,146.97106459353884,1.0
289.0,0.01,0.012,600000.0,0.000127,1.0,25.0,275.0,0.0012726030737353,2140.643082099129,242.0128264794384,120.62226976064603,0.0,0.0009834688352098,0.3504232054221484,0.0790744645896172,76.2,5.273522294941239e-09,8.535555786863195e-10,1215.558155758814,5.610822309504381,0.0001227342654409,0.00148,6.65847e-07,0.0154111111111111,0.01157,6.76e-06,0.0805555555555555,0.023,9e-06,0.0031111111111111,0.03605,0.0990777777777777,10000000.0,7.55709336365915e-10,36.0,4.0,,0.12438625635023935,3.5021922662703773,0.025038953636661167,0.11091248448229164,0.20173713367501966,208.36823331442866,1.0
293.0,0.01,0.012,600000.0,0.000127,1.0,30.0,250.0,0.0014594381533942,2568.7716985189554,220.5130739903045,113.49048775738969,0.0,0.0007711010994876,0.258971662631727,0.0906836490993054,76.2,6.020862613577019e-09,9.92586848028647e-10,1103.4571079634472,4.956387602579809,0.0001275712505204,0.00148,6.65847e-07,0.0154111111111111,0.01157,6.76e-06,0.0805555555555555,0.023,9e-06,0.0031111111111111,0.03605,0.0990777777777777,10000000.0,7.940535279209853e-10,36.0,4.0,,0.1306975326714337,3.49324003243698,0.026172147792787363,0.0015404808609879028,0.208959387988156,2.867875119899905,1.0
294.0,0.01,0.012,600000.0,0.000127,1.0,30.0,275.0,0.0018492035341855,2568.7716985189554,242.0128264794384,123.24002809294784,0.0,0.0008373434905532,0.3798759182137252,0.1149021108001522,76.2,7.579924136742127e-09,1.2826264687252871e-09,869.5978794886811,3.591140812666972,0.0001732460420742,0.00148,6.65847e-07,0.0154111111111111,0.01157,6.76e-06,0.0805555555555555,0.023,9e-06,0.0031111111111111,0.03605,0.0990777777777777,10000000.0,1.2152424286860733e-09,36.0,4.0,,0.2000232748071302,3.4007202265675684,0.03788351562435849,0.028900532606442708,0.27660015967524165,49.202753043050926,1.0
308.0,0.01,0.0124999999999999,400000.0,0.000127,1.0,20.0,250.0,0.0017262088956925,2568.7716985189545,220.5130739903045,104.57590117855638,0.0,0.0007105317280077,0.2246499868008587,0.1072597159427526,50.8,7.08794558277022e-09,1.1911013614317624e-09,943.3946625844668,4.02195905270186,9.923868258723912e-05,0.00148,6.65847e-07,0.0154111111111111,0.01157,6.76e-06,0.0805555555555555,0.023,9e-06,0.0031111111111111,0.03605,0.0990777777777777,10000000.0,1.0230251784628188e-09,22.0,2.0,,0.030029193349691112,3.5522373136273324,0.018704137515527585,0.051311077508414994,0.15880313602431906,101.58133783573807,1.0
309.0,0.01,0.0124999999999999,400000.0,0.000127,1.0,20.0,275.0,0.0021811366643545,2568.7716985189545,242.0128264794384,115.47318912340508,0.0,0.000784572388875,0.3628788871739802,0.1355271077763326,50.8,8.847277769299922e-09,1.4462562459659127e-09,754.9684447527302,2.9939589316916293,0.0001330976710788,0.00148,6.65847e-07,0.0154111111111111,0.01157,6.76e-06,0.0805555555555555,0.023,9e-06,0.0031111111111111,0.03605,0.0990777777777777,10000000.0,5.623286404908388e-10,24.0,3.0,,0.06170445969392937,3.586812275495326,0.014327560063882784,0.12959731970371813,0.12633937993189792,266.467304468582,1.0
310.0,0.01,0.0124999999999999,400000.0,0.000127,1.0,20.0,300.0,0.0027192610121119,2568.7716985189545,265.6087782946687,128.92514795001426,0.0,0.0008759705355076,0.6200093861841531,0.1689640022485881,50.8,1.0820400377743818e-08,1.599004635824684e-09,683.2185317184067,2.78902862383082,0.0001742080489729,0.00148,6.65847e-07,0.0154111111111111,0.01157,6.76e-06,0.0805555555555555,0.023,9e-06,0.0031111111111111,0.03605,0.0990777777777777,10000000.0,7.671462861263719e-10,24.0,3.0,,0.08417915020354275,3.549106628091995,0.01910042682379811,0.3308162337320223,0.16162393808734019,652.7258778364527,1.0
311.0,0.01,0.0124999999999999,400000.0,0.000127,1.0,20.0,325.0,0.0033664204709494,2568.7716985189545,291.5053062825179,135.20701339164142,0.0,0.0009186521156523,0.9070623797016464,0.2091759023829134,50.8,1.319331839348122e-08,1.782703005413897e-09,596.9306038734101,2.542575201518137,0.0002285391489925,0.00148,6.65847e-07,0.0154111111111111,0.01157,6.76e-06,0.0805555555555555,0.023,9e-06,0.0031111111111111,0.03605,0.0990777777777777,1000000.0,6.014757808267833e-09,24.0,4.0,,0.6600008500812897,3.556572241085831,0.01815541252078085,0.001835627237443238,0.15486580613002462,3.651029275019467,1.0
312.0,0.01,0.0124999999999999,400000.0,0.000127,1.0,20.0,350.0,0.0041641868130613,2568.7716985189545,319.92671377973846,122.054280244463,0.0,0.0008292870314812,0.7848017905839157,0.2587459118163815,50.8,1.6118461647891703e-08,2.0091516408435142e-09,490.5617582584835,2.238767163893924,0.0003015767155588,0.00148,6.65847e-07,0.0154111111111111,0.01157,6.76e-06,0.0805555555555555,0.023,9e-06,0.0031111111111111,0.03605,0.0990777777777777,10000000.0,8.463018237372154e-10,24.0,4.0,,0.09286490676717127,3.5061708365413367,0.024535337146666284,0.3971409720003629,0.19848490317279857,749.1375215292269,1.0
313.0,0.01,0.0124999999999999,400000.0,0.000127,1.0,25.0,250.0,0.0027198629950459,3210.964623148693,220.5130739903045,109.11339978394106,0.0,0.0005930890893488,0.2786962383926449,0.1690014070601742,50.8,1.0822607648501766e-08,1.5991755106871055e-09,683.1382673272085,2.78879937468329,0.0001456693288258,0.00148,6.65847e-07,0.0154111111111111,0.01157,6.76e-06,0.0805555555555555,0.023,9e-06,0.0031111111111111,0.03605,0.0990777777777777,10000000.0,6.230621314683433e-10,24.0,3.0,,0.06836876056045102,3.575449356226744,0.015765904275095752,0.005276070772019581,0.13728142457011444,10.712353855169402,1.0
314.0,0.01,0.0124999999999999,400000.0,0.000127,1.0,25.0,275.0,0.0034352327762939,3210.964623148693,242.0128264794384,118.7737798765626,0.0,0.000645598369082,0.4052633616201523,0.2134516237877999,50.8,1.3445630179744433e-08,1.802235607660288e-09,587.7556298274752,2.516369870022489,0.0001940571266946,0.00148,6.65847e-07,0.0154111111111111,0.01157,6.76e-06,0.0805555555555555,0.023,9e-06,0.0031111111111111,0.03605,0.0990777777777777,10000000.0,8.729803560092438e-10,24.0,3.0,,0.09579234865922158,3.530289192761702,0.02148238066307573,0.05996938917313073,0.17818805931326762,115.98644060244662,1.0
315.0,0.01,0.0124999999999999,400000.0,0.000127,1.0,25.0,300.0,0.0042812044361651,3210.964623148693,265.6087782946687,130.16698362466542,0.0,0.0007075264626902,0.6225554638810127,0.2660169188455547,50.8,1.6547526265938704e-08,2.042367483220251e-09,474.9594085113199,2.194204122604819,0.0002575387866743,0.00148,6.65847e-07,0.0154111111111111,0.01157,6.76e-06,0.0805555555555555,0.023,9e-06,0.0031111111111111,0.03605,0.0990777777777777,10000000.0,6.946407323481454e-10,24.0,4.0,,0.07622309799750633,3.5369111421273107,0.020644159224391122,0.24426544703795167,0.17243422334552727,475.7400441048315,1.0
316.0,0.01,0.0124999999999999,400000.0,0.000127,1.0,25.0,325.0,0.0052983449213911,3210.964623148693,291.5053062825179,137.14844679591346,0.0,0.0007454744108135,0.8958870925013857,0.3292179600355583,50.8,2.037648968556448e-08,2.274548246643409e-09,373.8739029022586,1.9069925665210776,0.0003422808874678,0.00148,6.65847e-07,0.0154111111111111,0.01157,6.76e-06,0.0805555555555555,0.023,9e-06,0.0031111111111111,0.03605,0.0990777777777777,10000000.0,9.993309415650306e-10,24.0,4.0,,0.10965682941361848,3.476642793308714,0.028273064138137502,0.4209623030522088,0.2220092440127338,770.7664316962808,1.0
319.0,0.01,0.0124999999999999,400000.0,0.000127,1.0,30.0,300.0,0.0062216813470314,3853.1575477784313,265.6087782946687,131.4141984394942,0.0,0.0005952547795406,0.6506486432610423,0.3865903921791468,50.8,2.406983538812584e-08,2.361663191729724e-09,357.6379551937988,1.8652817668292008,0.000363389987204,0.00148,6.65847e-07,0.0154111111111111,0.01157,6.76e-06,0.0805555555555555,0.023,9e-06,0.0031111111111111,0.03605,0.0990777777777777,10000000.0,1.0844170309691038e-09,24.0,4.0,,0.11899334688063738,3.460832842260406,0.030274323764505576,0.10901490420125813,0.23404585935242306,196.51413510152744,1.0
322.0,0.01,0.0124999999999999,450000.0,0.000127,1.0,20.0,250.0,0.0013639181398064,2283.3526209057377,220.5130739903045,104.57590117855652,0.0,0.0007993481940086,0.2104800727740545,0.0847484175350143,57.15,5.638782559225851e-09,9.215066806374412e-10,1160.7691161161224,5.290969374974312,8.99600323424107e-05,0.00148,6.65847e-07,0.0154111111111111,0.01157,6.76e-06,0.0805555555555555,0.023,9e-06,0.0031111111111111,0.03605,0.0990777777777777,10000000.0,4.777329822509249e-10,27.0,3.0,,0.0589744770287465,3.599262856179867,0.012751537192421926,0.030707178210293493,0.11402678444216498,64.02736817283785,1.0
323.0,0.01,0.0124999999999999,450000.0,0.000127,1.0,20.0,275.0,0.0017233672409714,2283.3526209057377,242.0128264794384,115.47318912340508,0.0,0.0008826439374843,0.3635198033133319,0.1070831468850036,57.15,7.0765789638859025e-09,1.1889867753292727e-09,945.0996554171146,4.031912630359575,0.0001216724940468,0.00148,6.65847e-07,0.0154111111111111,0.01157,6.76e-06,0.0805555555555555,0.023,9e-06,0.0031111111111111,0.03605,0.0990777777777777,10000000.0,6.73150540527576e-10,27.0,3.0,,0.08309809572323067,3.5610407080266544,0.017589783794094455,0.13728856070509765,0.15076841889129913,274.38833024745907,1.0
324.0,0.01,0.0124999999999999,450000.0,0.000127,1.0,20.0,300.0,0.0021485519108045,2283.3526209057377,265.6087782946687,128.9251479500142,0.0,0.0009854668524461,0.5911173415617168,0.1335024215297486,57.15,8.727800339616516e-09,1.4370069550548944e-09,759.3130785593994,3.006367966154393,0.0001617237775,0.00148,6.65847e-07,0.0154111111111111,0.01157,6.76e-06,0.0805555555555555,0.023,9e-06,0.0031111111111111,0.03605,0.0990777777777777,10000000.0,9.476396243697716e-10,27.0,3.0,,0.11698281955666011,3.5099894124537077,0.024051973107125632,0.3045821004753081,0.1953384371711142,576.7967203057815,1.0
325.0,0.01,0.0124999999999999,450000.0,0.000127,1.0,20.0,325.0,0.0026598877795155,2283.3526209057377,291.5053062825179,135.20701339164137,0.0,0.0010334836301088,0.8925697974203508,0.165274787067981,57.15,1.0602698524890514e-08,1.582151345841433e-09,691.1349627312541,2.81163933617894,0.0002105501178007,0.00148,6.65847e-07,0.0154111111111111,0.01157,6.76e-06,0.0805555555555555,0.023,9e-06,0.0031111111111111,0.03605,0.0990777777777777,10000000.0,6.957186348305923e-10,28.0,4.0,,0.08906493925160908,3.52386726831964,0.02229528249118483,0.6021800711007608,0.18369218376613816,1156.8724587627034,1.0
327.0,0.01,0.0124999999999999,450000.0,0.000127,1.0,25.0,250.0,0.0021490275516412,2854.1907761321727,220.5130739903045,109.113399783941,0.0,0.0006672252255174,0.2749151060144243,0.1335319759487798,57.15,8.729544356017864e-09,1.4371419672918702e-09,759.2496597811686,3.006186831025479,0.0001354396784653,0.00148,6.65847e-07,0.0154111111111111,0.01157,6.76e-06,0.0805555555555555,0.023,9e-06,0.0031111111111111,0.03605,0.0990777777777777,10000000.0,7.636491949477299e-10,27.0,3.0,,0.09426984022177269,3.5438791713489803,0.01976213020898985,0.01106328984387181,0.16629203559456052,21.7071790932104,1.0
328.0,0.01,0.0124999999999999,450000.0,0.000127,1.0,25.0,275.0,0.002714257996084,2854.1907761321727,242.0128264794384,118.77377987656256,0.0,0.0007262981652173,0.4095678980779551,0.1686531348446815,57.15,1.0802055985641694e-08,1.597584513048458e-09,683.8856005221202,2.790933889071267,0.0001788892597276,0.00148,6.65847e-07,0.0154111111111111,0.01157,6.76e-06,0.0805555555555555,0.023,9e-06,0.0031111111111111,0.03605,0.0990777777777777,10000000.0,5.731395997646587e-10,28.0,4.0,,0.07337254039222442,3.552138504947578,0.01871664494334458,0.13149222284104917,0.15889245442168468,260.28955724751773,1.0
329.0,0.01,0.0124999999999999,450000.0,0.000127,1.0,25.0,300.0,0.0033826800483279,2854.1907761321727,265.6087782946687,130.1669836246654,0.0,0.0007959672705265,0.6212905388091771,0.2101862074829076,57.15,1.3252936843869277e-08,1.7873183406513922e-09,594.7626602229354,2.5363831750622428,0.000235806573473,0.00148,6.65847e-07,0.0154111111111111,0.01157,6.76e-06,0.0805555555555555,0.023,9e-06,0.0031111111111111,0.03605,0.0990777777777777,10000000.0,7.997142655369679e-10,28.0,4.0,,0.10237831633766559,3.5006971839381738,0.025228204564788154,0.27267601498860383,0.2029524572298023,511.48901871922857,1.0
332.0,0.01,0.0124999999999999,450000.0,0.000127,1.0,30.0,250.0,0.0031260185631093,3425.0289313586068,220.5130739903045,112.30856125616327,0.0,0.0005723029531666,0.3098849006979963,0.1942382894373618,57.15,1.2311844731400907e-08,1.714464122533796e-09,628.9841915854215,2.634125857401492,0.0001841117517001,0.00148,6.65847e-07,0.0154111111111111,0.01157,6.76e-06,0.0805555555555555,0.023,9e-06,0.0031111111111111,0.03605,0.0990777777777777,10000000.0,5.928084130164118e-10,28.0,4.0,,0.07589051471361831,3.5475298871473937,0.019300014285140055,0.003706096547016091,0.16303745786103277,7.300084701980786,1.0
333.0,0.01,0.0124999999999999,450000.0,0.000127,1.0,30.0,275.0,0.0039462401795577,3425.0289313586068,242.0128264794384,121.19645641707942,0.0,0.0006175939674146,0.4325185118893541,0.2452035797969983,57.15,1.531932399171163e-08,1.9472867624347233e-09,519.6213093923043,2.3217663273535645,0.0002462545003752,0.00148,6.65847e-07,0.0154111111111111,0.01157,6.76e-06,0.0805555555555555,0.023,9e-06,0.0031111111111111,0.03605,0.0990777777777777,10000000.0,8.445287551725147e-10,28.0,4.0,,0.1081154054382813,3.4909339518983056,0.026464056721733485,0.04314952665407429,0.2107987096670674,80.14362294560638,1.0
334.0,0.01,0.0124999999999999,450000.0,0.000127,1.0,30.0,300.0,0.0049158963729631,3425.0289313586068,265.6087782946687,131.41419843949416,0.0,0.0006696616269832,0.6254376399966058,0.3054541370304372,57.15,1.8874730034198163e-08,2.222526905120162e-09,390.3338169382489,1.952498623593603,0.0003278115217668,0.00148,6.65847e-07,0.0154111111111111,0.01157,6.76e-06,0.0805555555555555,0.023,9e-06,0.0031111111111111,0.03605,0.0990777777777777,10000000.0,1.2392615043151382e-09,28.0,4.0,,0.1586485470890998,3.410256939409995,0.036676336783544976,0.12528495587706867,0.27016740451706595,215.19259794286944,1.0
341.0,0.01,0.0124999999999999,500000.0,0.000127,1.0,20.0,250.0,0.0011047736932432,2055.017358815164,220.5130739903045,104.57590117855648,0.0,0.0008881646600096,0.2239347137706479,0.0686462182033616,63.5,4.60220477297294e-09,7.286671913163276e-10,1316.255784054059,6.198684993729192,8.271585078629277e-05,0.00148,6.65847e-07,0.0154111111111111,0.01157,6.76e-06,0.0805555555555555,0.023,9e-06,0.0031111111111111,0.03605,0.0990777777777777,10000000.0,6.237399112525614e-10,27.0,3.0,,0.07699852519028237,3.582591017220522,0.01486189655436433,0.04223997037700393,0.13043653706645567,86.44304105604843,1.0
342.0,0.01,0.0124999999999999,500000.0,0.000127,1.0,20.0,275.0,0.0013959274651868,2055.017358815164,242.0128264794384,115.47318912340504,0.0,0.0009807154860937,0.3622557308346634,0.0867373489768529,63.5,5.7668198607475834e-09,9.453260680167114e-10,1141.5635208878623,5.178849030591254,0.0001112862979581,0.00148,6.65847e-07,0.0154111111111111,0.01157,6.76e-06,0.0805555555555555,0.023,9e-06,0.0031111111111111,0.03605,0.0990777777777777,10000000.0,7.9226649804081e-10,30.0,3.0,,0.10866949652550678,3.531411966526613,0.02134025740169463,0.1307988853323036,0.1772181166208939,253.2759260939548,1.0
343.0,0.01,0.0124999999999999,500000.0,0.000127,1.0,20.0,300.0,0.0017403270477516,2055.017358815164,265.6087782946687,128.92514795001432,0.0,0.0010949631693845,0.6317273535838539,0.1081369614390964,63.5,7.144418191006595e-09,1.201607228986864e-09,934.9237713490108,3.972506836758391,0.0001489992008833,0.00148,6.65847e-07,0.0154111111111111,0.01157,6.76e-06,0.0805555555555555,0.023,9e-06,0.0031111111111111,0.03605,0.0990777777777777,10000000.0,6.657532893788662e-10,28.0,4.0,,0.08522881709144683,3.5514867376147246,0.018799147137376626,0.4023115750533106,0.15948114655101422,795.8205252481665,1.0
344.0,0.01,0.0124999999999999,500000.0,0.000127,1.0,20.0,325.0,0.0021545091014076,2055.017358815164,291.5053062825179,135.20701339164134,0.0,0.0011483151445653,0.8712142129224288,0.1338725775250646,63.5,8.749643371827985e-09,1.438697923464894e-09,758.5187864789823,3.004099328971608,0.0001969389998433,0.00148,6.65847e-07,0.0154111111111111,0.01157,6.76e-06,0.0805555555555555,0.023,9e-06,0.0031111111111111,0.03605,0.0990777777777777,10000000.0,9.617407759618062e-10,28.0,4.0,,0.12312072653866928,3.494758029789831,0.02597999622913536,0.5781709088586949,0.2077439522288252,1078.0203213923674,1.0
346.0,0.01,0.0124999999999999,500000.0,0.000127,1.0,25.0,250.0,0.0017407123168294,2568.7716985189554,220.5130739903045,109.11339978394103,0.0,0.000741361361686,0.2807446664861932,0.1081609005185116,63.5,7.145959267317601e-09,1.201893922733113e-09,934.6926099023598,3.971157339348987,0.0001250124135009,0.00148,6.65847e-07,0.0154111111111111,0.01157,6.76e-06,0.0805555555555555,0.023,9e-06,0.0031111111111111,0.03605,0.0990777777777777,10000000.0,9.141129815796371e-10,30.0,3.0,,0.12538230219419447,3.5079002214783874,0.02431642766096358,0.011151463773487025,0.1970629623530856,21.07261913506729,1.0
347.0,0.01,0.0124999999999999,500000.0,0.000127,1.0,25.0,275.0,0.0021985489768281,2568.7716985189554,242.0128264794384,118.7737798765626,0.0,0.0008069979613525,0.3948217469682558,0.136609039224192,63.5,8.91112291503644e-09,1.4511987889025843e-09,752.6468030895841,2.9873279168143925,0.0001674301100877,0.00148,6.65847e-07,0.0154111111111111,0.01157,6.76e-06,0.0805555555555555,0.023,9e-06,0.0031111111111111,0.03605,0.0990777777777777,10000000.0,7.724628967885695e-10,28.0,4.0,,0.09888963372865325,3.5304518418055357,0.021461792176514498,0.12327307401541043,0.17804769159747846,238.46244579979353,1.0
348.0,0.01,0.0124999999999999,500000.0,0.000127,1.0,25.0,300.0,0.0027399708391456,2568.7716985189554,265.6087782946687,130.16698362466542,0.0,0.0008844080783628,0.6327969229476281,0.1702508280611551,63.5,1.0896336410200777e-08,1.6048831892609612e-09,680.4572214472445,2.781141838467083,0.0002191413930861,0.00148,6.65847e-07,0.0154111111111111,0.01157,6.76e-06,0.0805555555555555,0.023,9e-06,0.0031111111111111,0.03605,0.0990777777777777,10000000.0,9.459778428260218e-10,32.0,4.0,,0.1384031743977052,3.4549975593361926,0.03101296717263392,0.28809292048876767,0.23839487724092545,516.3778337705246,1.0
351.0,0.01,0.0124999999999999,500000.0,0.000127,1.0,30.0,250.0,0.0025320750361185,3082.526038222746,220.5130739903045,112.30856125616332,0.0,0.0006358921701851,0.3167025374563683,0.1573330144442631,63.5,1.0134051799101404e-08,1.5458712725857083e-09,708.176661850858,2.8603134111618744,0.0001716918298487,0.00148,6.65847e-07,0.0154111111111111,0.01157,6.76e-06,0.0805555555555555,0.023,9e-06,0.0031111111111111,0.03605,0.0990777777777777,10000000.0,7.982907333016462e-10,28.0,4.0,,0.10219607770596283,3.5254618215843636,0.022093440305776788,0.021123445306142172,0.18233241074247597,40.64870241347696,1.0
352.0,0.01,0.0124999999999999,500000.0,0.000127,1.0,30.0,275.0,0.0031964545454417,3082.526038222746,242.0128264794384,121.19645641707952,0.0,0.0006862155193496,0.4250434328034501,0.1986148996355686,63.5,1.2570109999953089e-08,1.7344576109054591e-09,619.5927272744332,2.607302191823054,0.0002280640480771,0.00148,6.65847e-07,0.0154111111111111,0.01157,6.76e-06,0.0805555555555555,0.023,9e-06,0.0031111111111111,0.03605,0.0990777777777777,10000000.0,9.967929162838967e-10,32.0,4.0,,0.14583777503572026,3.443642880935078,0.032450268236066115,0.04454075813216124,0.24671748132448199,78.96245500250092,1.0
364.0,0.01,0.0124999999999999,550000.0,0.000127,1.0,20.0,275.0,0.0011536590621379,1868.197598922876,242.0128264794384,115.47318912340502,0.0,0.0010787870347031,0.3605701560258968,0.0716837594850024,69.85,4.797746248551721e-09,7.650447008402571e-10,1286.9245627172418,6.027452256686987,0.0001029489204909,0.00148,6.65847e-07,0.0154111111111111,0.01157,6.76e-06,0.0805555555555555,0.023,9e-06,0.0031111111111111,0.03605,0.0990777777777777,10000000.0,9.345501882191261e-10,33.0,3.0,,0.14100407949976787,3.4947656136824508,0.025979036242727786,0.11183231704112642,0.20773787055272352,208.51695227048444,1.0
365.0,0.01,0.0124999999999999,550000.0,0.000127,1.0,20.0,300.0,0.0014382868163236,1868.197598922876,265.6087782946687,128.92514795001438,0.0,0.001204459486323,0.590773615201967,0.0893693896190879,69.85,5.9362572652947055e-09,9.768473132122842e-10,1116.1479102057942,5.030475236990407,0.0001372707140394,0.00148,6.65847e-07,0.0154111111111111,0.01157,6.76e-06,0.0805555555555555,0.023,9e-06,0.0031111111111111,0.03605,0.0990777777777777,10000000.0,7.142511844918772e-10,32.0,4.0,,0.10449994363047409,3.5256959525722302,0.022063803471869627,0.3608542819524049,0.18213237143075395,694.576412299515,1.0
366.0,0.01,0.0124999999999999,550000.0,0.000127,1.0,20.0,325.0,0.0017805860342211,1868.197598922876,291.5053062825179,135.20701339164137,0.0,0.0012631466590219,0.89225465019667,0.1106384938223674,69.85,7.305454136884733e-09,1.231565510919317e-09,910.76837946729,3.831490074492093,0.0001829852757894,0.00148,6.65847e-07,0.0154111111111111,0.01157,6.76e-06,0.0805555555555555,0.023,9e-06,0.0031111111111111,0.03605,0.0990777777777777,10000000.0,1.0478283799117317e-09,32.0,4.0,,0.1533046202969681,3.455952273504913,0.03089211727785915,0.5922615360773343,0.23768671402431318,1062.5568273689396,1.0
368.0,0.01,0.0124999999999999,550000.0,0.000127,1.0,25.0,250.0,0.0014386052205201,2335.246998653596,220.5130739903045,109.11339978394098,0.0,0.0008154974978546,0.2769935661605662,0.0893891739822409,69.85,5.937530882080661e-09,9.770842501926551e-10,1115.956867687901,5.029359949875197,0.0001154160515076,0.00148,6.65847e-07,0.0154111111111111,0.01157,6.76e-06,0.0805555555555555,0.023,9e-06,0.0031111111111111,0.03605,0.0990777777777777,10000000.0,5.774129522434942e-10,32.0,4.0,,0.08447955323151021,3.5562722823452604,0.01819338198161264,0.06707483894681499,0.15513943938936642,133.36744283626933,1.0
370.0,0.01,0.0124999999999999,550000.0,0.000127,1.0,25.0,300.0,0.0022644387100377,2335.246998653596,265.6087782946687,130.16698362466542,0.0,0.0009728488861991,0.6225602119202145,0.140703163686905,69.85,9.152718603471714e-09,1.469901809306579e-09,743.8615053283014,2.962235568981061,0.000206165281154,0.00148,6.65847e-07,0.0154111111111111,0.01157,6.76e-06,0.0805555555555555,0.023,9e-06,0.0031111111111111,0.03605,0.0990777777777777,10000000.0,1.2521485068347333e-09,32.0,4.0,,0.1831980838425897,3.4162895385686363,0.03591271663688149,0.2626089643907198,0.26603885549575096,453.615373474111,1.0
373.0,0.01,0.0124999999999999,550000.0,0.000127,1.0,30.0,250.0,0.0020926239967922,2802.296398384314,220.5130739903045,112.30856125616332,0.0,0.0006994813872036,0.3113351851429083,0.1300272846646802,69.85,8.522731321571411e-09,1.4211316302361223e-09,766.7701337610397,3.0276666207949376,0.0001621030160903,0.00148,6.65847e-07,0.0154111111111111,0.01157,6.76e-06,0.0805555555555555,0.023,9e-06,0.0031111111111111,0.03605,0.0990777777777777,10000000.0,8.861005641496757e-10,32.0,4.0,,0.1296427097568579,3.4889536169202615,0.02671473203540993,0.015615190721370187,0.21237140490386539,28.945024166445783,1.0
388.0,0.01,0.0124999999999999,600000.0,0.000127,1.0,20.0,300.0,0.0012085604498275,1712.5144656793036,265.6087782946687,128.9251479500143,0.0,0.0013139558032614,0.608905362193746,0.0750951121104836,76.2,5.0173517993101355e-09,8.058989645742112e-10,1253.9837301034795,5.835146969971104,0.0001276400981279,0.00148,6.65847e-07,0.0154111111111111,0.01157,6.76e-06,0.0805555555555555,0.023,9e-06,0.0031111111111111,0.03605,0.0990777777777777,10000000.0,7.946062446830291e-10,36.0,4.0,,0.13078850729030403,3.4931116723498876,0.026188395905077558,0.3669717427929583,0.20906199283599475,683.0936029773942,1.0
391.0,0.01,0.0124999999999999,600000.0,0.000127,1.0,25.0,250.0,0.0012088279977981,2140.643082099129,220.5130739903045,109.113399783941,0.0,0.0008896336340232,0.2786962383926449,0.0751117364711886,76.2,5.018421991192777e-09,8.060980574535502e-10,1253.8232013210834,5.8342098189923535,0.0001075658346766,0.00148,6.65847e-07,0.0154111111111111,0.01157,6.76e-06,0.0805555555555555,0.023,9e-06,0.0031111111111111,0.03605,0.0990777777777777,10000000.0,6.412337389797568e-10,36.0,4.0,,0.10554410326689193,3.529486476834931,0.02158399027405945,0.06199039865456438,0.17888010943770372,119.794298941826,1.0
392.0,0.01,0.0124999999999999,600000.0,0.000127,1.0,25.0,275.0,0.0015267701227973,2140.643082099129,242.0128264794384,118.77377987656264,0.0,0.000968397553623,0.3890993807422483,0.0948673883501333,76.2,6.290190491189221e-09,1.042691192408264e-09,1063.0579263216168,4.720541220072967,0.0001450094192761,0.00148,6.65847e-07,0.0154111111111111,0.01157,6.76e-06,0.0805555555555555,0.023,9e-06,0.0031111111111111,0.03605,0.0990777777777777,10000000.0,9.409003825600057e-10,36.0,4.0,,0.15486784475622606,3.4598026236002704,0.030404731189839274,0.10331414763588892,0.2348172848383975,186.05018092677207,1.0
411.0,0.01,0.013,400000.0,0.000127,1.0,20.0,250.0,0.0020560373560474,2568.7716985189545,220.5130739903045,103.57328303611366,0.0,0.0007037195275556,0.2887589797288904,0.1277539371553674,50.8,8.388580305507498e-09,1.410746390305269e-09,771.648352527,3.0415996672788044,0.0001162729388391,0.00148,6.65847e-07,0.0154111111111111,0.01157,6.76e-06,0.0805555555555555,0.023,9e-06,0.0031111111111111,0.03605,0.0990777777777777,10000000.0,4.834433949723629e-10,24.0,3.0,,0.053048362347915164,3.601808175503149,0.01242934487301911,0.07190668022560784,0.1114668245179609,150.36544198542416,1.0
412.0,0.01,0.013,400000.0,0.000127,1.0,20.0,275.0,0.0025902493482167,2568.7716985189545,242.0128264794384,113.58264299619606,0.0,0.0007717272401217,0.385854088991994,0.1609477335007974,50.8,1.0347357610128173e-08,1.5623842449891583e-09,700.4200869044303,2.8381592757142613,0.0001529846809306,0.00148,6.65847e-07,0.0154111111111111,0.01157,6.76e-06,0.0805555555555555,0.023,9e-06,0.0031111111111111,0.03605,0.0990777777777777,10000000.0,6.591470949455458e-10,24.0,3.0,,0.07232837245660559,3.5687717012385876,0.01661117705840661,0.11652798303459092,0.1435848139688707,234.8657762123401,1.0
413.0,0.01,0.013,400000.0,0.000127,1.0,20.0,300.0,0.0032224249356338,2568.7716985189545,265.6087782946687,125.83317538736856,0.0,0.0008549624009075,0.5841531646300177,0.2002285958005457,50.8,1.2665334763990832e-08,1.7418293927294575e-09,616.1300085821515,2.5974120612621268,0.0002010555885739,0.00148,6.65847e-07,0.0154111111111111,0.01157,6.76e-06,0.0805555555555555,0.023,9e-06,0.0031111111111111,0.03605,0.0990777777777777,10000000.0,9.115045519493854e-10,24.0,3.0,,0.10001961813202415,3.523547878330663,0.022335711603713594,0.24785495069744756,0.1839640036498163,476.0056010479067,1.0
414.0,0.01,0.013,400000.0,0.000127,1.0,20.0,325.0,0.0039830471960423,2568.7716985189545,291.5053062825179,131.53683938071157,0.0,0.0008937154423586,0.823126621882689,0.2474906205732874,50.8,1.545428305215528e-08,1.957734556753941e-09,514.7137071943533,2.3077493566458323,0.0002646497367662,0.00148,6.65847e-07,0.0154111111111111,0.01157,6.76e-06,0.0805555555555555,0.023,9e-06,0.0031111111111111,0.03605,0.0990777777777777,10000000.0,7.182579727489525e-10,24.0,4.0,,0.0788146235814094,3.532023059707817,0.021262903834453558,0.4607713777279922,0.1766892421547696,892.8005156302423,1.0
415.0,0.01,0.013,400000.0,0.000127,1.0,20.0,350.0,0.0049211786774819,2568.7716985189545,319.92671377973846,119.61925020036996,0.0,0.0008127424348248,0.7174370185690196,0.3057823583040166,50.8,1.889409848410037e-08,2.224026304865501e-09,389.62950966907727,1.9504869987790765,0.0003502187080746,0.00148,6.65847e-07,0.0154111111111111,0.01157,6.76e-06,0.0805555555555555,0.023,9e-06,0.0031111111111111,0.03605,0.0990777777777777,10000000.0,1.0308299118402989e-09,24.0,4.0,,0.11311321915050623,3.4707407420687617,0.029020159231802296,0.2624914411144966,0.22654665570166035,477.8091007150789,1.0
416.0,0.01,0.013,400000.0,0.000127,1.0,25.0,250.0,0.0032411576634165,3210.964623148693,220.5130739903045,107.73530041539942,0.0,0.0005855983897543,0.2908552920798924,0.2013925725740489,50.8,1.2734021432527245e-08,1.747146739952991e-09,613.6323115444638,2.590278201425509,0.0001687534028844,0.00148,6.65847e-07,0.0154111111111111,0.01157,6.76e-06,0.0805555555555555,0.023,9e-06,0.0031111111111111,0.03605,0.0990777777777777,10000000.0,4.235985947426075e-10,24.0,4.0,,0.04648157773519304,3.5958742706250675,0.013180472072776308,0.006931141770650462,0.11741205737950725,14.396864616421206,1.0
417.0,0.01,0.013,400000.0,0.000127,1.0,25.0,275.0,0.0040816046489033,3210.964623148693,242.0128264794384,116.59661011713108,0.0,0.0006337642989079,0.4211076092361272,0.253614586464259,50.8,1.5815660379312314e-08,1.985710418273381e-09,501.57271347955225,2.27021637892246,0.0002254712987141,0.00148,6.65847e-07,0.0154111111111111,0.01157,6.76e-06,0.0805555555555555,0.023,9e-06,0.0031111111111111,0.03605,0.0990777777777777,10000000.0,5.919012816131536e-10,24.0,4.0,,0.0649494728602197,3.5586277629426926,0.017895219880671914,0.0664935499116484,0.15298590477200824,132.54864897082157,1.0
418.0,0.01,0.013,400000.0,0.000127,1.0,25.0,300.0,0.0050758874085969,3210.964623148693,265.6087782946687,127.02246574051668,0.0,0.0006904343433717,0.6094443378687686,0.315395340020577,50.8,1.94866596343876e-08,2.2535598252263e-09,377.7855958072321,1.9170418622040435,0.0003000666907332,0.00148,6.65847e-07,0.0154111111111111,0.01157,6.76e-06,0.0805555555555555,0.023,9e-06,0.0031111111111111,0.03605,0.0990777777777777,10000000.0,8.408772849480566e-10,24.0,4.0,,0.09226967079487286,3.5072443494581167,0.024399449435681418,0.16572932705331855,0.19760282917190303,312.96365433035805,1.0
419.0,0.01,0.013,400000.0,0.000127,1.0,25.0,325.0,0.0062718810808236,3210.964623148693,291.5053062825179,133.4772743691167,0.0,0.0007255196452598,0.8984929095198514,0.3897096028380599,50.8,2.4270634323294697e-08,2.3663994362135522e-09,356.75524307479645,1.863014044054872,0.0004013351262318,0.00148,6.65847e-07,0.0154111111111111,0.01157,6.76e-06,0.0805555555555555,0.023,9e-06,0.0031111111111111,0.03605,0.0990777777777777,10000000.0,1.2490624769851987e-09,24.0,4.0,,0.13705993206936506,3.4313984250025733,0.03400019936676289,0.3356733746124264,0.2554908039354558,588.1554283604362,1.0
424.0,0.01,0.013,450000.0,0.000127,1.0,20.0,250.0,0.0016245233430498,2283.3526209057377,220.5130739903045,103.57328303611376,0.0,0.0007916844685001,0.2854645122699267,0.100941382443747,57.15,6.681203372199501e-09,1.115433175973791e-09,1004.4059941700748,4.37813710536548,0.0001055592596355,0.00148,6.65847e-07,0.0154111111111111,0.01157,6.76e-06,0.0805555555555555,0.023,9e-06,0.0031111111111111,0.03605,0.0990777777777777,10000000.0,5.717280907598047e-10,27.0,3.0,,0.07057784663796451,3.580675305330453,0.015104391730322334,0.07789528318821509,0.13228327851355842,159.07219570372172,1.0
425.0,0.01,0.013,450000.0,0.000127,1.0,20.0,275.0,0.0020466167689614,2283.3526209057377,242.0128264794384,113.58264299619604,0.0,0.0008681931451369,0.4018652221937609,0.1271685795561856,57.15,8.354038152858474e-09,1.4080723252589239e-09,772.9044308051464,3.0451872466548893,0.0001423784649096,0.00148,6.65847e-07,0.0154111111111111,0.01157,6.76e-06,0.0805555555555555,0.023,9e-06,0.0031111111111111,0.03605,0.0990777777777777,10000000.0,8.107197674450701e-10,27.0,3.0,,0.10008053887480452,3.5350832327672332,0.020875540156046483,0.13856610376277068,0.1740305355085142,269.3556849876669,1.0
426.0,0.01,0.013,450000.0,0.000127,1.0,20.0,300.0,0.0025461135293897,2283.3526209057377,265.6087782946687,125.83317538736864,0.0,0.0009618327010209,0.5929760636395492,0.1582053102621596,57.15,1.0185526274428973e-08,1.549856145695703e-09,706.3048627480374,2.854967225359376,0.0001855899943115,0.00148,6.65847e-07,0.0154111111111111,0.01157,6.76e-06,0.0805555555555555,0.023,9e-06,0.0031111111111111,0.03605,0.0990777777777777,10000000.0,5.984137925542499e-10,28.0,4.0,,0.07660810766431068,3.546221619593727,0.019465617772945993,0.3221126457130788,0.16420668298316818,633.5951114213154,1.0
427.0,0.01,0.013,450000.0,0.000127,1.0,20.0,325.0,0.0031470990190951,2283.3526209057377,291.5053062825179,131.53683938071137,0.0,0.0010054298726535,0.8590569636369186,0.1955481446504987,57.15,1.238913973668236e-08,1.7204478802335663e-09,626.1734641206415,2.626097927884773,0.000242655360113,0.00148,6.65847e-07,0.0154111111111111,0.01157,6.76e-06,0.0805555555555555,0.023,9e-06,0.0031111111111111,0.03605,0.0990777777777777,10000000.0,8.289658435572706e-10,28.0,4.0,,0.10612306297655123,3.4943096583863027,0.026036752102999695,0.5213357560098686,0.2081033444141965,971.6081958410905,1.0
429.0,0.01,0.013,450000.0,0.000127,1.0,25.0,250.0,0.0025609146970204,2854.1907761321727,220.5130739903045,107.73530041539944,0.0,0.0006587981884736,0.2917934555266906,0.1591249956140634,57.15,1.0239797222408363e-08,1.554057506464915e-09,704.3313737306049,2.8493305953650108,0.0001559594045073,0.00148,6.65847e-07,0.0154111111111111,0.01157,6.76e-06,0.0805555555555555,0.023,9e-06,0.0031111111111111,0.03605,0.0990777777777777,10000000.0,4.891604146393973e-10,28.0,4.0,,0.06262164103849026,3.5721366057629784,0.016185239776838223,0.033996818874136844,0.14042005944507788,68.77485795741542,1.0
430.0,0.01,0.013,450000.0,0.000127,1.0,25.0,275.0,0.0032249715744421,2854.1907761321727,242.0128264794384,116.59661011713104,0.0,0.0007129848362714,0.3933683805392104,0.2003868337495382,57.15,1.267467243962126e-08,1.7425522646439891e-09,615.7904567410451,2.5964422417823547,0.0002068170102699,0.00148,6.65847e-07,0.0154111111111111,0.01157,6.76e-06,0.0805555555555555,0.023,9e-06,0.0031111111111111,0.03605,0.0990777777777777,10000000.0,6.808351813915246e-10,28.0,4.0,,0.08715958008765985,3.5272434833028026,0.021867913505974376,0.06977196670201234,0.18080771025294165,134.5153882519783,1.0
441.0,0.01,0.013,500000.0,0.000127,1.0,20.0,250.0,0.0013158639078704,2055.017358815164,220.5130739903045,103.57328303611368,0.0,0.0008796494094446,0.2816673832376951,0.0817625197794351,63.5,5.4465656314816e-09,8.857476525387715e-10,1189.6016552777598,5.459290855346035,9.675887665842196e-05,0.00148,6.65847e-07,0.0154111111111111,0.01157,6.76e-06,0.0805555555555555,0.023,9e-06,0.0031111111111111,0.03605,0.0990777777777777,10000000.0,6.707359169275181e-10,30.0,3.0,,0.09200002092014876,3.5554594004304794,0.018296278426521657,0.07185484253811113,0.15588008984434734,142.7464559638161,1.0
442.0,0.01,0.013,500000.0,0.000127,1.0,20.0,275.0,0.0016577595828587,2055.017358815164,242.0128264794384,113.582642996196,0.0,0.0009646590501521,0.3862713968748076,0.1030065494405104,63.5,6.814148331434944e-09,1.140165558228917e-09,984.4642502847582,4.26171919873739,0.0001304036703863,0.00148,6.65847e-07,0.0154111111111111,0.01157,6.76e-06,0.0805555555555555,0.023,9e-06,0.0031111111111111,0.03605,0.0990777777777777,10000000.0,9.640622672167792e-10,30.0,3.0,,0.13223348640483534,3.4984298543214907,0.025515208313735434,0.11498136102946185,0.2047884805890646,215.18661614238425,1.0
443.0,0.01,0.013,500000.0,0.000127,1.0,20.0,300.0,0.0020623519588056,2055.017358815164,265.6087782946687,125.83317538736856,0.0,0.0010687030011344,0.6100090190243521,0.1281463013123492,63.5,8.411733848954134e-09,1.412538811346853e-09,770.8064054925769,3.039194919207761,0.000173943356407,0.00148,6.65847e-07,0.0154111111111111,0.01157,6.76e-06,0.0805555555555555,0.023,9e-06,0.0031111111111111,0.03605,0.0990777777777777,10000000.0,8.121252820308263e-10,28.0,4.0,,0.10396715753687448,3.5228048144941138,0.02242977031720081,0.34184556017512835,0.18459569523753527,656.0064238814148,1.0
444.0,0.01,0.013,500000.0,0.000127,1.0,20.0,325.0,0.0025491502054671,2055.017358815164,291.5053062825179,131.53683938071148,0.0,0.0011171443029483,0.8724619832379737,0.158393997166904,63.5,1.0196660753379389e-08,1.550718116322522e-09,705.8999726043859,2.853810788253332,0.0002258361748979,0.00148,6.65847e-07,0.0154111111111111,0.01157,6.76e-06,0.0805555555555555,0.023,9e-06,0.0031111111111111,0.03605,0.0990777777777777,10000000.0,9.839701675846264e-10,32.0,4.0,,0.1439617172211088,3.4464931232165847,0.03208947807385004,0.5340562688499608,0.24464549376674197,949.3863652547733,1.0
446.0,0.01,0.013,500000.0,0.000127,1.0,25.0,250.0,0.0020743409045865,2568.7716985189554,220.5130739903045,107.73530041539932,0.0,0.0007319979871928,0.2811233897478192,0.1288912464473914,63.5,8.455693316817438e-09,1.415941913569914e-09,769.2078793884567,3.0346292489123257,0.000146354341391,0.00148,6.65847e-07,0.0154111111111111,0.01157,6.76e-06,0.0805555555555555,0.023,9e-06,0.0031111111111111,0.03605,0.0990777777777777,10000000.0,6.510553238903493e-10,28.0,4.0,,0.08334720383887703,3.554438006095877,0.01842556884862321,0.032834939461550666,0.15680888568397006,65.15794664121012,1.0
447.0,0.01,0.013,500000.0,0.000127,1.0,25.0,275.0,0.0026122269752981,2568.7716985189554,242.0128264794384,116.59661011713104,0.0,0.0007922053736349,0.4212413991307412,0.1623133353371259,63.5,1.0427942242759893e-08,1.5686226676949647e-09,697.4897366269131,2.829789682510373,0.000192566257215,0.00148,6.65847e-07,0.0154111111111111,0.01157,6.76e-06,0.0805555555555555,0.023,9e-06,0.0031111111111111,0.03605,0.0990777777777777,10000000.0,9.32032811463352e-10,28.0,4.0,,0.11931755393285273,3.500228845643353,0.025287487893246467,0.10356050986076257,0.2033323995796215,194.16747534044524,1.0
464.0,0.01,0.013,550000.0,0.000127,1.0,20.0,275.0,0.001370049242032,1868.197598922876,242.0128264794384,113.582642996196,0.0,0.0010611249551674,0.3891836708082037,0.0851293797029011,69.85,5.663306968128048e-09,9.260690729164591e-10,1157.0904547807927,5.269493717964791,0.0001203358691175,0.00148,6.65847e-07,0.0154111111111111,0.01157,6.76e-06,0.0805555555555555,0.023,9e-06,0.0031111111111111,0.03605,0.0990777777777777,10000000.0,6.071937099813507e-10,32.0,4.0,,0.08883668636961314,3.549514168750715,0.019048839398643658,0.17916760473568935,0.16125780839211146,353.665850001172,1.0
465.0,0.01,0.013,550000.0,0.000127,1.0,20.0,300.0,0.0017044231064509,1868.197598922876,265.6087782946687,125.83317538736856,0.0,0.0011755733012478,0.6183197095956984,0.1059060341424373,69.85,7.000802425803875e-09,1.1748897060113171e-09,956.4661361294188,4.098269008109934,0.0001607354018032,0.00148,6.65847e-07,0.0154111111111111,0.01157,6.76e-06,0.0805555555555555,0.023,9e-06,0.0031111111111111,0.03605,0.0990777777777777,10000000.0,8.761076261628655e-10,32.0,4.0,,0.12818067304064665,3.491041746999151,0.026450411772259378,0.34818300241261424,0.21071292326506405,646.766782128498,1.0
468.0,0.01,0.013,550000.0,0.000127,1.0,25.0,250.0,0.0017143313261046,2335.246998653596,220.5130739903045,107.73530041539937,0.0,0.0008051977859121,0.2891481297095172,0.1065216912788358,69.85,7.040435304418428e-09,1.182262798676156e-09,950.521204337236,4.06356309080035,0.0001355846856446,0.00148,6.65847e-07,0.0154111111111111,0.01157,6.76e-06,0.0805555555555555,0.023,9e-06,0.0031111111111111,0.03605,0.0990777777777777,10000000.0,7.032563823387168e-10,32.0,4.0,,0.10289132717987506,3.5281083694532014,0.021758434246430203,0.04368511125080635,0.18006551084265365,84.29809284024499,1.0
469.0,0.01,0.013,550000.0,0.000127,1.0,25.0,275.0,0.0021588652688414,2335.246998653596,242.0128264794384,116.59661011713104,0.0,0.0008714259109984,0.4029932013233179,0.134143252344732,69.85,8.765615985751968e-09,1.4399344361115403e-09,757.9379641544739,3.002440398768905,0.0001815206980218,0.00148,6.65847e-07,0.0154111111111111,0.01157,6.76e-06,0.0805555555555555,0.023,9e-06,0.0031111111111111,0.03605,0.0990777777777777,10000000.0,1.0358744133052519e-09,32.0,4.0,,0.1515556713786315,3.4583415091706353,0.030589682383463858,0.0812442775999542,0.23590870327394067,146.0976340552391,1.0
488.0,0.01,0.013,600000.0,0.000127,1.0,20.0,275.0,0.0011512219325407,1712.5144656793036,242.0128264794384,113.582642996196,0.0,0.0011575908601826,0.4000544801975647,0.0715323260003544,76.2,4.787997730163154e-09,7.632311376589701e-10,1288.3868404755267,6.035988888012079,0.0001120942776471,0.00148,6.65847e-07,0.0154111111111111,0.01157,6.76e-06,0.0805555555555555,0.023,9e-06,0.0031111111111111,0.03605,0.0990777777777777,10000000.0,6.745468657907321e-10,36.0,4.0,,0.11102728963490001,3.5214545218750093,0.02260069343354309,0.18144486456231018,0.18574110283069,347.7061258379849,1.0
492.0,0.01,0.013,600000.0,0.000127,1.0,25.0,250.0,0.001440514517074,2140.643082099129,220.5130739903045,107.7353004153994,0.0,0.0008783975846314,0.2692031229947635,0.0895078100329106,76.2,5.94516806829604e-09,9.785050322209367e-10,1114.811289755594,5.022672180464182,0.00012606081707,0.00148,6.65847e-07,0.0154111111111111,0.01157,6.76e-06,0.0805555555555555,0.023,9e-06,0.0031111111111111,0.03605,0.0990777777777777,10000000.0,7.819772801066486e-10,36.0,4.0,,0.12870983821789342,3.4960493850516663,0.02581653353776383,0.01493547474395937,0.20670704106401752,27.884173733252812,1.0
512.0,0.0105,0.011,400000.0,0.000127,1.0,20.0,275.0,0.0012018160984823,2329.9516539854462,242.0128264794384,130.57688701910058,0.0,0.0009781304266934,0.4015726896031795,0.0784098473500661,50.8,5.171954393929516e-09,8.121247297085791e-10,1222.5303409105725,7.422400679201831,8.008901666385359e-05,0.00148,6.65847e-07,0.0154111111111111,0.01157,6.76e-06,0.0805555555555555,0.023,9e-06,0.0031111111111111,0.03605,0.0990777777777777,1000000.0,7.919791251467825e-09,22.0,2.0,,0.23247222823671987,3.583737903020543,0.01471672113664015,0.05464061401639342,0.12932717554042966,111.96330480719875,1.0
513.0,0.0105,0.011,400000.0,0.000127,1.0,20.0,300.0,0.0015390452893619,2329.9516539854462,265.6087782946687,147.79402167209489,0.0,0.0011071012089584,0.5625562289374781,0.1004116240047824,50.8,6.520871157447714e-09,1.063070122580496e-09,1020.1928263828428,6.2411745031404,0.0001089699988846,0.00148,6.65847e-07,0.0154111111111111,0.01157,6.76e-06,0.0805555555555555,0.023,9e-06,0.0031111111111111,0.03605,0.0990777777777777,1000000.0,2.6185874647304573e-09,24.0,4.0,,0.2873382450010948,3.633775222310234,0.008382883251869084,0.1387563599316009,0.07800885618558007,301.08200276783685,1.0
514.0,0.0105,0.011,400000.0,0.000127,1.0,20.0,325.0,0.0019653546460965,2329.9516539854462,291.5053062825179,148.4342282393241,0.0,0.0011118968932258,0.715762527489091,0.1282252401043503,50.8,8.441463230482934e-09,1.3115132370983275e-09,807.4781415613653,4.351608665266554,0.0001511703355772,0.00148,6.65847e-07,0.0154111111111111,0.01157,6.76e-06,0.0805555555555555,0.023,9e-06,0.0031111111111111,0.03605,0.0990777777777777,1000000.0,3.744933176631367e-09,24.0,4.0,,0.4109324363279939,3.6071546547338653,0.011752575350143646,0.1405548510567466,0.10604112518326747,295.7117136682836,1.0
515.0,0.0105,0.011,400000.0,0.000127,1.0,20.0,350.0,0.002531125583006,2329.9516539854462,291.5053062825179,143.88497306145598,0.0,0.0010778191555048,0.6660742681934229,0.1651377201869446,50.8,1.1128684426228461e-08,1.8126482426843963e-09,722.8032555991983,3.2501182049419666,0.0001985437130272,0.00148,6.65847e-07,0.0154111111111111,0.01157,6.76e-06,0.0805555555555555,0.023,9e-06,0.0031111111111111,0.03605,0.0990777777777777,10000000.0,8.976017999864927e-10,24.0,3.0,,0.09849406574795883,3.5259741355059266,0.022028590442287735,0.3663924822585193,0.1818945672803847,705.4414583891843,1.0
516.0,0.0105,0.011,400000.0,0.000127,1.0,25.0,250.0,0.0014576611452236,2912.4395674818074,220.5130739903045,118.24799019885027,0.0,0.0007086213172898,0.2209613789262301,0.0951018945655964,50.8,6.1953345808945335e-09,1.002509006945569e-09,1069.02331286582,6.52624200017937,8.714923745293545e-05,0.00148,6.65847e-07,0.0154111111111111,0.01157,6.76e-06,0.0805555555555555,0.023,9e-06,0.0031111111111111,0.03605,0.0990777777777777,10000000.0,8.74685559349338e-10,22.0,2.0,,0.025674931893026335,3.5723440655701797,0.01615897904174945,0.06413455246760727,0.14022417401989287,129.77243306402113,1.0
517.0,0.0105,0.011,400000.0,0.000127,1.0,25.0,275.0,0.0018900375358896,2912.4395674818074,242.0128264794384,133.16542141229442,0.0,0.0007980165766872,0.3007054979453677,0.1233113409465408,50.8,8.064877679448218e-09,1.2795252319052264e-09,837.6049856441425,4.754030244615557,0.000121475022129,0.00148,6.65847e-07,0.0154111111111111,0.01157,6.76e-06,0.0805555555555555,0.023,9e-06,0.0031111111111111,0.03605,0.0990777777777777,10000000.0,5.075517627777123e-10,24.0,3.0,,0.05569377946242161,3.5971964526756124,0.01301310725625161,0.08565037753640531,0.11609425023543175,178.1723832299723,1.0
518.0,0.0105,0.011,400000.0,0.000127,1.0,25.0,300.0,0.0024194344099017,2912.4395674818074,265.6087782946687,148.58504334967887,0.0,0.0008904212999388,0.5799125944929846,0.1578506753183406,50.8,1.060001287353515e-08,1.710358115620358e-09,737.6954120130944,3.442824942761243,0.0001728504909164,0.00148,6.65847e-07,0.0154111111111111,0.01157,6.76e-06,0.0805555555555555,0.023,9e-06,0.0031111111111111,0.03605,0.0990777777777777,10000000.0,7.600840965314042e-10,24.0,3.0,,0.08340421440650916,3.5503780884746847,0.018939482471558935,0.3026077047681346,0.16048061471301095,597.8825235298809,1.0
519.0,0.0105,0.011,400000.0,0.000127,1.0,25.0,325.0,0.0030885626031909,2912.4395674818074,291.5053062825179,153.71015152903817,0.0,0.0009211343877739,0.7900150865211385,0.2015064722074659,50.8,1.3406086211700116e-08,2.1092021234577594e-09,648.4783195745413,2.743549960910816,0.0002367354001596,0.00148,6.65847e-07,0.0154111111111111,0.01157,6.76e-06,0.0805555555555555,0.023,9e-06,0.0031111111111111,0.03605,0.0990777777777777,10000000.0,6.273126632527455e-10,24.0,4.0,,0.06883517245606333,3.551058281268927,0.018853382117857313,0.4836234418576093,0.15986769005360335,956.2251879453205,1.0
520.0,0.0105,0.011,400000.0,0.000127,1.0,25.0,350.0,0.0039764659069639,2912.4395674818074,291.5053062825179,155.5023285987052,0.0,0.0009318743155629,0.824032423166145,0.2594357698748664,50.8,1.6661731658867752e-08,2.361236435911402e-09,530.0912124048091,2.4054156650903056,0.0002887378747471,0.00148,6.65847e-07,0.0154111111111111,0.01157,6.76e-06,0.0805555555555555,0.023,9e-06,0.0031111111111111,0.03605,0.0990777777777777,10000000.0,8.007107682914936e-10,24.0,4.0,,0.0878621890668978,3.515252242915357,0.02338579203603081,0.4406844642243808,0.19096121460109453,839.0778004137871,1.0
522.0,0.0105,0.011,400000.0,0.000127,1.0,30.0,275.0,0.0027430636420024,3494.9274809781687,242.0128264794384,135.1218608167243,0.0,0.0006747840621898,0.3451667082011044,0.1789651525824383,50.8,1.2131857905478333e-08,2.006747475255116e-09,694.5448477330049,2.8844501683922426,0.0001805205039869,0.00148,6.65847e-07,0.0154111111111111,0.01157,6.76e-06,0.0805555555555555,0.023,9e-06,0.0031111111111111,0.03605,0.0990777777777777,10000000.0,8.00273909852693e-10,24.0,3.0,,0.08781425248322067,3.5431689935637904,0.019852026131165726,0.04233730313544534,0.1669222135972333,83.00684233382675,1.0
523.0,0.0105,0.011,400000.0,0.000127,1.0,30.0,300.0,0.0035097351920896,3494.9274809781687,265.6087782946687,149.54705480500502,0.0,0.0007468219318465,0.5672165269890229,0.2289849511904655,50.8,1.4950385704328653e-08,2.2287533667252822e-09,592.321974388049,2.583157611697786,0.0002386461535324,0.00148,6.65847e-07,0.0154111111111111,0.01157,6.76e-06,0.0805555555555555,0.023,9e-06,0.0031111111111111,0.03605,0.0990777777777777,10000000.0,6.333905640858469e-10,24.0,4.0,,0.06950210200575234,3.5497680944022294,0.01901669691111028,0.23267947379280496,0.16102952285624286,459.4200027321609,1.0
524.0,0.0105,0.011,400000.0,0.000127,1.0,30.0,325.0,0.0044785722174754,3494.9274809781687,291.5053062825179,157.30827066696352,0.0,0.0007855806103846,0.8092649527132169,0.2921945914703041,50.8,1.8502788130743138e-08,2.503760985837784e-09,463.1437043366132,2.2142018662336262,0.0003181343760943,0.00148,6.65847e-07,0.0154111111111111,0.01157,6.76e-06,0.0805555555555555,0.023,9e-06,0.0031111111111111,0.03605,0.0990777777777777,10000000.0,9.069230565477324e-10,24.0,4.0,,0.09951688951748576,3.4943006600232245,0.026037891136300687,0.38150347172542703,0.2081105537163525,710.9977036080566,1.0
525.0,0.0105,0.011,400000.0,0.000127,1.0,30.0,350.0,0.0057639637544647,3494.9274809781687,291.5053062825179,163.52802222480042,0.0,0.0008166413817257,0.9202015784639308,0.3760571344397936,50.8,2.3470545017859057e-08,2.723848452306241e-09,380.1864613414916,1.981118701355809,0.0003949980598676,0.00148,6.65847e-07,0.0154111111111111,0.01157,6.76e-06,0.0805555555555555,0.023,9e-06,0.0031111111111111,0.03605,0.0990777777777777,10000000.0,1.220412701075621e-09,24.0,4.0,,0.13391618512930245,3.43641418844896,0.033365292601397534,0.37417825889483447,0.2519217691486239,658.7653005293449,1.0
527.0,0.0105,0.011,400000.0,0.000127,1.0,35.0,300.0,0.0048184065121434,4077.4153944745294,265.6087782946687,150.6779438704689,0.0,0.0006449738317657,0.5883114543159845,0.3143663323904752,50.8,1.974884721119279e-08,2.600224083160303e-09,417.8324650475348,2.0847850373571424,0.0003084492752713,0.00148,6.65847e-07,0.0154111111111111,0.01157,6.76e-06,0.0805555555555555,0.023,9e-06,0.0031111111111111,0.03605,0.0990777777777777,10000000.0,8.71206836891058e-10,24.0,4.0,,0.09559773997123266,3.5012661957632103,0.02515617775149242,0.14229738195427644,0.2024903549462007,267.0779305726968,1.0
530.0,0.0105,0.011,450000.0,0.000127,1.0,20.0,300.0,0.0012160357841872,2071.0681368759524,265.6087782946687,147.7940216720948,0.0,0.0012454888600781,0.5691194847773516,0.0793375794605688,57.15,5.228833136748809e-09,8.227061524092803e-10,1213.9985294876783,7.372592817296119,9.924650690344156e-05,0.00148,6.65847e-07,0.0154111111111111,0.01157,6.76e-06,0.0805555555555555,0.023,9e-06,0.0031111111111111,0.03605,0.0990777777777777,1000000.0,2.9632118117073977e-09,28.0,4.0,,0.37934628567716033,3.6201201526106486,0.010111373087259692,0.07438561963962237,0.09260419196553508,158.85134714240314,1.0
531.0,0.0105,0.011,450000.0,0.000127,1.0,20.0,325.0,0.0015528728067923,2071.0681368759524,291.5053062825179,148.43422823932391,0.0,0.0012508840048791,0.6857403523976163,0.1013137699589929,57.15,6.576181227169459e-09,1.0733597175736635e-09,1011.8963159245812,6.1927403047361125,0.0001350101392783,0.00148,6.65847e-07,0.0154111111111111,0.01157,6.76e-06,0.0805555555555555,0.023,9e-06,0.0031111111111111,0.03605,0.0990777777777777,1000000.0,4.1560142820359116e-09,28.0,4.0,,0.5320472113679707,3.590092550323076,0.013912335402142248,0.016329371070652687,0.1231287854361994,33.69848838991216,1.0
532.0,0.0105,0.011,450000.0,0.000127,1.0,20.0,350.0,0.0019999016952146,2071.0681368759524,291.5053062825179,143.8849730614561,0.0,0.0012125465499429,0.692697793156971,0.1304791863205489,57.15,8.614198476073138e-09,1.3261857488762996e-09,793.6593219141489,4.167022745417388,0.0001731792857674,0.00148,6.65847e-07,0.0154111111111111,0.01157,6.76e-06,0.0805555555555555,0.023,9e-06,0.0031111111111111,0.03605,0.0990777777777777,10000000.0,1.0330671444144374e-09,27.0,3.0,,0.12752855013351766,3.4946933913059683,0.02598817831570022,0.3986400567029043,0.20779578334071908,743.2300048342577,1.0
534.0,0.0105,0.011,450000.0,0.000127,1.0,25.0,275.0,0.0014933629913202,2588.8351710949405,242.0128264794384,133.16542141229442,0.0,0.0008977686487731,0.3415674421876872,0.0974311829701063,57.15,6.3381419652808516e-09,1.0290761429980319e-09,1047.6022052078722,6.4011877157830375,0.0001092859470919,0.00148,6.65847e-07,0.0154111111111111,0.01157,6.76e-06,0.0805555555555555,0.023,9e-06,0.0031111111111111,0.03605,0.0990777777777777,10000000.0,5.947781529829924e-10,27.0,3.0,,0.07342329674418843,3.576175043452306,0.015674045132619486,0.13466296247339246,0.13659081603312226,273.6339481749292,1.0
535.0,0.0105,0.011,450000.0,0.000127,1.0,25.0,300.0,0.0019116518794285,2588.8351710949405,265.6087782946687,148.5850433496788,0.0,0.0010017239624311,0.5735450479653432,0.1247215212391827,57.15,8.172949397142884e-09,1.28870508136399e-09,828.9592482285693,4.638544158656732,0.0001511169904212,0.00148,6.65847e-07,0.0154111111111111,0.01157,6.76e-06,0.0805555555555555,0.023,9e-06,0.0031111111111111,0.03605,0.0990777777777777,10000000.0,8.714906055729015e-10,27.0,3.0,,0.10758248772560638,3.5238561821782617,0.02229668580022006,0.305191039000554,0.18370162176569987,586.3080539000873,1.0
536.0,0.0105,0.011,450000.0,0.000127,1.0,25.0,325.0,0.0024403457605459,2588.8351710949405,291.5053062825179,153.71015152903826,0.0,0.0010362761862457,0.7287386120307767,0.159214990386146,57.15,1.0698993266584069e-08,1.729509357880779e-09,734.9072319272094,3.4067454742228778,0.000214790795452,0.00148,6.65847e-07,0.0154111111111111,0.01157,6.76e-06,0.0805555555555555,0.023,9e-06,0.0031111111111111,0.03605,0.0990777777777777,10000000.0,7.127730733974133e-10,28.0,4.0,,0.09124822493475611,3.5200173572581566,0.02278261300529666,0.44222539670987454,0.18695667114552714,846.1795385710313,1.0
538.0,0.0105,0.011,450000.0,0.000127,1.0,30.0,250.0,0.001672494628661,3106.602205313928,220.5130739903045,121.29356702760536,0.0,0.0006814429290299,0.2263748014480061,0.1091182325588073,57.15,7.054668514644213e-09,1.1623749804772076e-09,940.123222803368,5.773736164403783,0.0001109141510117,0.00148,6.65847e-07,0.0154111111111111,0.01157,6.76e-06,0.0805555555555555,0.023,9e-06,0.0031111111111111,0.03605,0.0990777777777777,10000000.0,6.049239349269275e-10,27.0,3.0,,0.07467575827902337,3.5742013226681273,0.01592388320656627,0.006530810610175325,0.13846654970256567,13.241719453377325,1.0
539.0,0.0105,0.011,450000.0,0.000127,1.0,30.0,275.0,0.0021673589270142,3106.602205313928,242.0128264794384,135.1218608167243,0.0,0.0007591320699635,0.3253173549086516,0.1414045650034081,57.15,9.406855587867656e-09,1.4794998261275e-09,771.3054763980942,3.877744217412799,0.0001580060255364,0.00148,6.65847e-07,0.0154111111111111,0.01157,6.76e-06,0.0805555555555555,0.023,9e-06,0.0031111111111111,0.03605,0.0990777777777777,10000000.0,9.20639023381379e-10,27.0,3.0,,0.11364968916392548,3.5148809068698585,0.02343279659875211,0.03421310074131792,0.19127162465774294,65.11788192755482,1.0
540.0,0.0105,0.011,450000.0,0.000127,1.0,30.0,300.0,0.0027731241023918,3106.602205313928,265.6087782946687,149.547054805005,0.0,0.0008401746733273,0.5562648356370768,0.1809263811875283,57.15,1.2249478375436636e-08,2.0196638535442564e-09,690.5367863477587,2.86367630224681,0.0002242572317051,0.00148,6.65847e-07,0.0154111111111111,0.01157,6.76e-06,0.0805555555555555,0.023,9e-06,0.0031111111111111,0.03605,0.0990777777777777,10000000.0,7.5142492682028e-10,28.0,4.0,,0.09619638185441079,3.511365430241967,0.023877793640257387,0.24309207259513763,0.19419854964583572,461.00325276437627,1.0
544.0,0.0105,0.011,450000.0,0.000127,1.0,35.0,275.0,0.0029771335403603,3624.369239532916,242.0128264794384,136.84871267146204,0.0,0.0006590003543735,0.3406058459559634,0.1942365281470217,57.15,1.2997512981321253e-08,2.077572612543084e-09,663.3355279519544,2.7859847480481736,0.0002160504769765,0.00148,6.65847e-07,0.0154111111111111,0.01157,6.76e-06,0.0805555555555555,0.023,9e-06,0.0031111111111111,0.03605,0.0990777777777777,10000000.0,7.17869683751397e-10,28.0,4.0,,0.0919006859568433,3.518870706008741,0.02292775873307084,0.0184186318520983,0.18792392041185885,35.201343090313166,1.0
552.0,0.0105,0.011,500000.0,0.000127,1.0,20.0,325.0,0.0012578269735018,1863.961323188357,291.5053062825179,148.43422823932386,0.0,0.0013898711165323,0.6604933332183796,0.0820641536667842,63.5,5.395997894007258e-09,8.538046062346669e-10,1188.923815898911,7.226209146836253,0.0001239871613832,0.00148,6.65847e-07,0.0154111111111111,0.01157,6.76e-06,0.0805555555555555,0.023,9e-06,0.0031111111111111,0.03605,0.0990777777777777,10000000.0,9.047537190189565e-10,30.0,3.0,,0.12409855947273105,3.5096854737842658,0.02409044635642206,0.41828062007886424,0.1955897840190824,791.8637626706095,1.0
553.0,0.0105,0.011,500000.0,0.000127,1.0,20.0,350.0,0.0016199203731238,1863.961323188357,291.5053062825179,143.8849730614563,0.0,0.001347273944381,0.692697793156971,0.1056881409196445,63.5,6.844371492495392e-09,1.1232524265360072e-09,971.6677761256911,5.957890112244172,0.0001559226341891,0.00148,6.65847e-07,0.0154111111111111,0.01157,6.76e-06,0.0805555555555555,0.023,9e-06,0.0031111111111111,0.03605,0.0990777777777777,10000000.0,7.049335599875251e-10,28.0,4.0,,0.09024462124979242,3.543684055407947,0.01978682842937382,0.460715030987534,0.166465267170366,903.7768885870597,1.0
554.0,0.0105,0.011,500000.0,0.000127,1.0,25.0,275.0,0.0012096240229693,2329.9516539854462,242.0128264794384,133.16542141229445,0.0,0.000997520720859,0.3415674421876872,0.0789192582057861,63.5,5.2031860918774885e-09,8.179349108284053e-10,1217.8455862183766,7.395051549784261,0.0001006821947814,0.00148,6.65847e-07,0.0154111111111111,0.01157,6.76e-06,0.0805555555555555,0.023,9e-06,0.0031111111111111,0.03605,0.0990777777777777,10000000.0,7.028620006906354e-10,30.0,3.0,,0.09640652473737113,3.5490433513016093,0.01910843654410009,0.13019165924452977,0.16168075653949493,256.86074978076,1.0
555.0,0.0105,0.011,500000.0,0.000127,1.0,25.0,300.0,0.0015484380223371,2329.9516539854462,265.6087782946687,148.58504334967884,0.0,0.0011130266249235,0.5748506845584508,0.101024432203738,63.5,6.558442089348588e-09,1.070059621503942e-09,1014.5571865977116,6.2082742016387815,0.0001369665756437,0.00148,6.65847e-07,0.0154111111111111,0.01157,6.76e-06,0.0805555555555555,0.023,9e-06,0.0031111111111111,0.03605,0.0990777777777777,10000000.0,1.0266143321957301e-09,30.0,3.0,,0.14081330320221716,3.4867044830450498,0.026999432525943026,0.29696294915249555,0.21414998365605675,549.2209343568206,1.0
556.0,0.0105,0.011,500000.0,0.000127,1.0,25.0,325.0,0.0019766800660422,2329.9516539854462,291.5053062825179,153.7101515290384,0.0,0.0011514179847174,0.7386162381301382,0.1289641422127783,63.5,8.498090330211017e-09,1.31632326752885e-09,802.9479735831187,4.291096606734525,0.0001900967935223,0.00148,6.65847e-07,0.0154111111111111,0.01157,6.76e-06,0.0805555555555555,0.023,9e-06,0.0031111111111111,0.03605,0.0990777777777777,10000000.0,9.155323641357291e-10,28.0,4.0,,0.11720518944341086,3.5032881563099165,0.024900233378491562,0.45639690647394904,0.2008439492314958,858.3796886963502,1.0
558.0,0.0105,0.011,500000.0,0.000127,1.0,30.0,250.0,0.0013547206492154,2795.941984782535,220.5130739903045,121.2935670276053,0.0,0.0007571588100333,0.2288555104110173,0.0883857683726339,63.5,5.7835725968618125e-09,9.259069691865379e-10,1130.787610470728,6.886815793167063,0.0001020825975753,0.00148,6.65847e-07,0.0154111111111111,0.01157,6.76e-06,0.0805555555555555,0.023,9e-06,0.0031111111111111,0.03605,0.0990777777777777,10000000.0,7.14450117653896e-10,30.0,3.0,,0.09799598338441765,3.546739562713618,0.01940005535270655,0.006423758653965661,0.16374417762469132,12.642516201375008,1.0
559.0,0.0105,0.011,500000.0,0.000127,1.0,30.0,275.0,0.0017555607308815,2795.941984782535,242.0128264794384,135.1218608167243,0.0,0.0008434800777372,0.3251141090640769,0.1145376976527606,63.5,7.39249365440789e-09,1.2224114535734459e-09,891.3957076473688,5.472543848077801,0.0001406495277924,0.00148,6.65847e-07,0.0154111111111111,0.01157,6.76e-06,0.0805555555555555,0.023,9e-06,0.0031111111111111,0.03605,0.0990777777777777,10000000.0,1.062609850062025e-09,30.0,3.0,,0.1457505494613713,3.4800239071810553,0.02784507504037279,0.028775861949944886,0.2193858270761373,52.86520516370949,1.0
560.0,0.0105,0.011,500000.0,0.000127,1.0,30.0,300.0,0.0022462305229373,2795.941984782535,265.6087782946687,149.54705480500493,0.0,0.0009335274148081,0.5471855673754173,0.1465503687618979,63.5,9.780181141903533e-09,1.5517327998217271e-09,760.7892636083513,3.7416628464816073,0.0001995107789474,0.00148,6.65847e-07,0.0154111111111111,0.01157,6.76e-06,0.0805555555555555,0.023,9e-06,0.0031111111111111,0.03605,0.0990777777777777,10000000.0,8.389525595229151e-10,32.0,4.0,,0.12274462693562903,3.479443699242383,0.027918519083242756,0.24184057167789036,0.21983726906459042,444.0373571999307,1.0
564.0,0.0105,0.011,500000.0,0.000127,1.0,35.0,275.0,0.0024114781676918,3261.9323155796246,242.0128264794384,136.84871267146195,0.0,0.0007322226159705,0.3237508501615799,0.1573315877990874,63.5,1.0562353327074873e-08,1.7030715503172487e-09,738.7562443077501,3.456552271778933,0.0001968089382107,0.00148,6.65847e-07,0.0154111111111111,0.01157,6.76e-06,0.0805555555555555,0.023,9e-06,0.0031111111111111,0.03605,0.0990777777777777,10000000.0,9.608478707962863e-10,28.0,4.0,,0.12300641805195774,3.4949217671908737,0.025959269975838736,0.007362844310534758,0.20761262715504186,13.730561952609882,1.0
573.0,0.0105,0.011,550000.0,0.000127,1.0,20.0,325.0,0.0010395264243816,1694.5102938075972,291.5053062825179,148.43422823932372,0.0,0.0015288582281856,0.7137589781073027,0.067821614600648,69.85,4.522795697526659e-09,6.913586539129478e-10,1319.904145371001,7.990859212261367,0.0001152027135089,0.00148,6.65847e-07,0.0154111111111111,0.01157,6.76e-06,0.0805555555555555,0.023,9e-06,0.0031111111111111,0.03605,0.0990777777777777,10000000.0,1.082452945704548e-09,33.0,3.0,,0.1633195125686438,3.4657519741741987,0.029651648838709087,0.44656785093801094,0.23034087557189126,808.8929034560323,1.0
575.0,0.0105,0.011,550000.0,0.000127,1.0,25.0,300.0,0.0012797008449067,2118.137867259497,265.6087782946687,148.58504334967876,0.0,0.0012243292874158,0.5893564324325757,0.083491266284081,69.85,5.483493379626932e-09,8.700818070280513e-10,1175.79949305596,7.14959066251139,0.0001269256013838,0.00148,6.65847e-07,0.0154111111111111,0.01157,6.76e-06,0.0805555555555555,0.023,9e-06,0.0031111111111111,0.03605,0.0990777777777777,10000000.0,6.479849209261192e-10,32.0,4.0,,0.09480472581693947,3.540351941129094,0.020208615046950148,0.3750104403315552,0.1694125756375537,733.0504396872434,1.0
576.0,0.0105,0.011,550000.0,0.000127,1.0,25.0,325.0,0.001633619889291,2118.137867259497,291.5053062825179,153.71015152903814,0.0,0.0012665597831892,0.7404825404603065,0.1065819357130399,69.85,6.899169557164308e-09,1.1334467707971727e-09,963.4480664253538,5.909904268984573,0.0001728433396002,0.00148,6.65847e-07,0.0154111111111111,0.01157,6.76e-06,0.0805555555555555,0.023,9e-06,0.0031111111111111,0.03605,0.0990777777777777,10000000.0,9.670282117090364e-10,32.0,4.0,,0.14148299058763647,3.4722554808696646,0.028828420143080437,0.4563676141596301,0.2253872025882436,831.9641903598731,1.0
578.0,0.0105,0.011,550000.0,0.000127,1.0,30.0,250.0,0.0011196038423268,2541.765440711396,220.5130739903045,121.29356702760536,0.0,0.0008328746910366,0.2215427893932566,0.0730460895641603,69.85,4.8431053693072835e-09,7.50947383625238e-10,1271.8576946039077,7.710368837328152,9.507077746214598e-05,0.00148,6.65847e-07,0.0154111111111111,0.01157,6.76e-06,0.0805555555555555,0.023,9e-06,0.0031111111111111,0.03605,0.0990777777777777,10000000.0,4.598393333854539e-10,32.0,4.0,,0.06727771050465958,3.583537617235923,0.01474207376760467,0.04516898932443651,0.1295211122439981,92.5345173505906,1.0
579.0,0.0105,0.011,550000.0,0.000127,1.0,30.0,275.0,0.0014508766370922,2541.765440711396,242.0128264794384,135.1218608167242,0.0,0.000927828085511,0.3384041719010463,0.0946592542584798,69.85,6.168196548368853e-09,9.97460389849162e-10,1073.094017744672,6.550006368191621,0.0001301548341443,0.00148,6.65847e-07,0.0154111111111111,0.01157,6.76e-06,0.0805555555555555,0.023,9e-06,0.0031111111111111,0.03605,0.0990777777777777,10000000.0,6.683685994279863e-10,32.0,4.0,,0.09778700054140099,3.5358138934097783,0.02078305146711673,0.10990791710116551,0.1733931894017995,213.81250675970648,1.0
580.0,0.0105,0.011,550000.0,0.000127,1.0,30.0,300.0,0.0018563888619317,2541.765440711396,265.6087782946687,149.54705480500496,0.0,0.001026880156289,0.5662414751822586,0.1211160072412379,69.85,7.896634309658537e-09,1.2652342699398772e-09,851.0644552273171,4.93381611903303,0.0001791479538938,0.00148,6.65847e-07,0.0154111111111111,0.01157,6.76e-06,0.0805555555555555,0.023,9e-06,0.0031111111111111,0.03605,0.0990777777777777,10000000.0,1.0167184925793612e-09,32.0,4.0,,0.1487530262035038,3.462186550935775,0.030102968235977773,0.26032244173751673,0.2330298373781828,469.8889440139672,1.0
584.0,0.0105,0.011,550000.0,0.000127,1.0,35.0,275.0,0.0019929571633817,2965.393014163295,242.0128264794384,136.84871267146198,0.0,0.0008054448775676,0.3241053079927044,0.1300261056190805,69.85,8.57947581690857e-09,1.3232363298170114e-09,796.4371346473142,4.204127587336598,0.0001764476645435,0.00148,6.65847e-07,0.0154111111111111,0.01157,6.76e-06,0.0805555555555555,0.023,9e-06,0.0031111111111111,0.03605,0.0990777777777777,10000000.0,9.952257209218263e-10,32.0,4.0,,0.1456084833935778,3.466524801812381,0.02955382255539486,0.012420718980045903,0.22975553813251656,22.51544157842401,1.0
593.0,0.0105,0.011,600000.0,0.000127,1.0,20.0,350.0,0.0011249447035582,1553.3011026569643,291.5053062825179,143.88497306145587,0.0,0.0016167287332572,0.692697793156971,0.0733945423053087,76.2,4.864468814232913e-09,7.549217267611164e-10,1268.6531778650628,7.691661189058451,0.0001347174052624,0.00148,6.65847e-07,0.0154111111111111,0.01157,6.76e-06,0.0805555555555555,0.023,9e-06,0.0031111111111111,0.03605,0.0990777777777777,10000000.0,8.52516296269888e-10,36.0,4.0,,0.1403202335444452,3.4797690790255285,0.027877331768920464,0.442933017307217,0.21958416536725753,813.5219513750113,1.0
594.0,0.0105,0.011,600000.0,0.000127,1.0,25.0,300.0,0.0010753041821785,1941.6263783212053,265.6087782946687,148.58504334967878,0.0,0.0013356319499082,0.5862704012068156,0.0701558556970403,76.2,4.665906728714298e-09,7.17982278822182e-10,1298.4374906928551,7.86553902891582,0.0001187665300836,0.00148,6.65847e-07,0.0154111111111111,0.01157,6.76e-06,0.0805555555555555,0.023,9e-06,0.0031111111111111,0.03605,0.0990777777777777,10000000.0,7.249488621231181e-10,36.0,4.0,,0.1193232247711683,3.5094420955321106,0.02412125373011264,0.360741320738607,0.19579093629942848,682.7630392809775,1.0
597.0,0.0105,0.011,600000.0,0.000127,1.0,30.0,275.0,0.0012191393964455,2329.9516539854467,242.0128264794384,135.1218608167243,0.0,0.0010121760932847,0.3351527325163751,0.0795400678144171,76.2,5.2412475857821615e-09,8.250156713315879e-10,1212.1363621326757,7.361721670494348,0.0001216535661452,0.00148,6.65847e-07,0.0154111111111111,0.01157,6.76e-06,0.0805555555555555,0.023,9e-06,0.0031111111111111,0.03605,0.0990777777777777,10000000.0,7.472706152244609e-10,36.0,4.0,,0.12299728193817672,3.504175079671979,0.024787964598483703,0.09656538276378118,0.2001196143739761,181.7823285090491,1.0
612.0,0.0105,0.0115,400000.0,0.000127,1.0,20.0,275.0,0.001478350945804,2329.9516539854462,242.0128264794384,129.87626327278733,0.0,0.0009728821670697,0.4165731623782672,0.0964517550869052,50.8,6.278093783216244e-09,1.0179050944596883e-09,1056.6094325175632,6.453771008094283,9.626503469620148e-05,0.00148,6.65847e-07,0.0154111111111111,0.01157,6.76e-06,0.0805555555555555,0.023,9e-06,0.0031111111111111,0.03605,0.0990777777777777,1000000.0,2.292890650056921e-09,24.0,4.0,,0.25159945361404673,3.641673391459113,0.007383115005175533,0.032471953677315146,0.06935048929401552,71.12130562174745,1.0
613.0,0.0105,0.0115,400000.0,0.000127,1.0,20.0,300.0,0.001885112407737,2329.9516539854462,265.6087782946687,145.03988792131346,0.0,0.0010864704366806,0.7072925102241089,0.1229900117955079,50.8,8.040252038685334e-09,1.2774334758024172e-09,839.5750369051733,4.78034535208862,0.0001323877268867,0.00148,6.65847e-07,0.0154111111111111,0.01157,6.76e-06,0.0805555555555555,0.023,9e-06,0.0031111111111111,0.03605,0.0990777777777777,1000000.0,3.2348554702818134e-09,24.0,4.0,,0.3549614844576692,3.6190790080351753,0.010243163539851267,0.19329101397093174,0.09369809129332357,412.2775698873139,1.0
614.0,0.0105,0.0115,400000.0,0.000127,1.0,20.0,325.0,0.0024000790193612,2329.9516539854462,291.5053062825179,145.3290473090505,0.0,0.001088636483075,0.8785872387924972,0.1565878754443826,50.8,1.0508397358309956e-08,1.692631868301621e-09,740.2761307518322,3.4762198303483216,0.0001875451049088,0.00148,6.65847e-07,0.0154111111111111,0.01157,6.76e-06,0.0805555555555555,0.023,9e-06,0.0031111111111111,0.03605,0.0990777777777777,1000000.0,4.7761655667045e-09,24.0,4.0,,0.524089819513741,3.583685110167957,0.014723403776207927,0.1618595438343735,0.12937830324040492,331.644612492225,1.0
615.0,0.0105,0.0115,400000.0,0.000127,1.0,20.0,350.0,0.0030847338398881,2329.9516539854462,291.5053062825179,142.79559860204984,0.0,0.0010696588269112,0.6444547833058167,0.2012566729690547,50.8,1.3392047412923228e-08,2.108115316231718e-09,648.9888213482463,2.745008043314328,0.0002365111136675,0.00148,6.65847e-07,0.0154111111111111,0.01157,6.76e-06,0.0805555555555555,0.023,9e-06,0.0031111111111111,0.03605,0.0990777777777777,10000000.0,6.266006013152158e-10,24.0,4.0,,0.06875703772494676,3.551209606127887,0.01883422707241942,0.3383910726118152,0.15973120884805256,669.178962211728,1.0
616.0,0.0105,0.0115,400000.0,0.000127,1.0,25.0,250.0,0.00180471829663,2912.4395674818074,220.5130739903045,118.68155374866151,0.0,0.0007112195210586,0.2493223935335377,0.1177448748833764,50.8,7.638281483150361e-09,1.2432892124800543e-09,871.732681347971,5.209893499556625,0.0001060381842714,0.00148,6.65847e-07,0.0154111111111111,0.01157,6.76e-06,0.0805555555555555,0.023,9e-06,0.0031111111111111,0.03605,0.0990777777777777,10000000.0,4.3672134827966366e-10,24.0,3.0,,0.04792154070061102,3.6108188656914386,0.011288751178298924,0.047605977949550175,0.10228419145800617,100.57858298938066,1.0
617.0,0.0105,0.0115,400000.0,0.000127,1.0,25.0,275.0,0.0023257821593466,2912.4395674818074,242.0128264794384,132.09834712802652,0.0,0.0007916219514281,0.4345740911518948,0.1517405402658191,50.8,1.0156725554240636e-08,1.6245885749944087e-09,750.182378753785,3.604408165430789,0.0001514811238808,0.00148,6.65847e-07,0.0154111111111111,0.01157,6.76e-06,0.0805555555555555,0.023,9e-06,0.0031111111111111,0.03605,0.0990777777777777,10000000.0,6.516843758855959e-10,24.0,3.0,,0.07150948646310568,3.57014824710551,0.016436930746138036,0.17527406442297003,0.1422929681957774,353.8032164309068,1.0
618.0,0.0105,0.0115,400000.0,0.000127,1.0,25.0,300.0,0.0029645729662831,2912.4395674818074,265.6087782946687,145.87672023468545,0.0,0.0008741912101912,0.7516477498685854,0.1934170411246168,50.8,1.2951457543038133e-08,2.0740072517226867e-09,665.0102711622496,2.7907681077368385,0.0002095565682006,0.00148,6.65847e-07,0.0154111111111111,0.01157,6.76e-06,0.0805555555555555,0.023,9e-06,0.0031111111111111,0.03605,0.0990777777777777,10000000.0,9.592032032251329e-10,24.0,3.0,,0.10525360283984572,3.5152795755945347,0.02338233220322349,0.41692710590412274,0.1909383570441925,793.8654323682149,1.0
619.0,0.0105,0.0115,400000.0,0.000127,1.0,25.0,325.0,0.0037731431588544,2912.4395674818074,291.5053062825179,150.51359890924329,0.0,0.0009019784991672,0.9842111992524912,0.2461704244845094,50.8,1.5916214915799668e-08,2.303522596118033e-09,557.2009121527393,2.48284571176785,0.0002768317012954,0.00148,6.65847e-07,0.0154111111111111,0.01157,6.76e-06,0.0805555555555555,0.023,9e-06,0.0031111111111111,0.03605,0.0990777777777777,10000000.0,7.594708740040542e-10,24.0,4.0,,0.0833369253481229,3.5235837693697736,0.022331168434205847,0.6186538494198589,0.18393346726867207,1188.1695978269713,1.0
620.0,0.0105,0.0115,400000.0,0.000127,1.0,25.0,350.0,0.0048479808095694,2912.4395674818074,291.5053062825179,153.69299652751474,0.0,0.0009210315834915,0.9911508866518474,0.3162958423625779,50.8,1.9857286301754666e-08,2.608618846065654e-09,413.8892253907396,2.073522454830396,0.0003397560435057,0.00148,6.65847e-07,0.0154111111111111,0.01157,6.76e-06,0.0805555555555555,0.023,9e-06,0.0031111111111111,0.03605,0.0990777777777777,10000000.0,9.89432293320146e-10,24.0,4.0,,0.10857064831297647,3.4785096516544702,0.028036752955130383,0.530234395976293,0.22056292694059468,972.6444297338342,1.0
621.0,0.0105,0.0115,400000.0,0.000127,1.0,30.0,250.0,0.0026218130760961,3494.9274809781687,220.5130739903045,121.40097263365278,0.0,0.0006062634200889,0.2678321579227325,0.1710544261611281,50.8,1.1557938560188605e-08,1.895702569481168e-09,710.7115898538422,3.0936502364471954,0.0001573143543694,0.00148,6.65847e-07,0.0154111111111111,0.01157,6.76e-06,0.0805555555555555,0.023,9e-06,0.0031111111111111,0.03605,0.0990777777777777,10000000.0,3.9149918009446285e-10,24.0,4.0,,0.04295930108994463,3.603226237501648,0.012249843354221805,0.017768430671659764,0.11003417866710138,37.21581625137418,1.0
622.0,0.0105,0.0115,400000.0,0.000127,1.0,30.0,275.0,0.0033769502429855,3494.9274809781687,242.0128264794384,133.86208281484207,0.0,0.0006684928661359,0.4878688680005326,0.2203216893130546,50.8,1.4463507557613517e-08,2.191061916305578e-09,610.0266342685994,2.633725218632117,0.0002114801660284,0.00148,6.65847e-07,0.0154111111111111,0.01157,6.76e-06,0.0805555555555555,0.023,9e-06,0.0031111111111111,0.03605,0.0990777777777777,10000000.0,9.701385063869846e-10,24.0,3.0,,0.10645353633888004,3.513396099862495,0.02362074685284872,0.12504364234859794,0.19251043909416996,237.63132013822607,1.0
623.0,0.0105,0.0115,400000.0,0.000127,1.0,30.0,300.0,0.0043024611004986,3494.9274809781687,265.6087782946687,146.88374658936596,0.0,0.0007335216566301,0.7101577578053239,0.2807046090876121,50.8,1.7857047368494978e-08,2.4537712582468715e-09,486.6251866001825,2.281269088837776,0.0002809345307054,0.00148,6.65847e-07,0.0154111111111111,0.01157,6.76e-06,0.0805555555555555,0.023,9e-06,0.0031111111111111,0.03605,0.0990777777777777,10000000.0,7.735723888940754e-10,24.0,4.0,,0.08488428803695044,3.5207222631100206,0.022693384416453098,0.3085188606807613,0.18636090850686035,590.770327077877,1.0
624.0,0.0105,0.0115,400000.0,0.000127,1.0,30.0,325.0,0.0054736957340602,3494.9274809781687,291.5053062825179,154.07753741003714,0.0,0.0007694466754478,0.985695766333158,0.3571192360381491,50.8,2.2309472936241183e-08,2.69646224511712e-09,385.2905342122837,1.99423126890956,0.0003773889759658,0.00148,6.65847e-07,0.0154111111111111,0.01157,6.76e-06,0.0805555555555555,0.023,9e-06,0.0031111111111111,0.03605,0.0990777777777777,10000000.0,1.1432944616516505e-09,24.0,4.0,,0.12545398179559064,3.450135480897207,0.03162842013959412,0.46707254849941804,0.24198102801206545,833.238957781038,1.0
626.0,0.0105,0.0115,400000.0,0.000127,1.0,35.0,300.0,0.0059097604435302,4077.4153944745294,265.6087782946687,148.06229006964105,0.0,0.0006337775796059,0.7475513995282629,0.3855693186651569,50.8,2.405373177412109e-08,2.737604078326194e-09,377.6227723609637,1.974532481723964,0.0003684140145134,0.00148,6.65847e-07,0.0154111111111111,0.01157,6.76e-06,0.0805555555555555,0.023,9e-06,0.0031111111111111,0.03605,0.0990777777777777,10000000.0,1.1053117721630304e-09,24.0,4.0,,0.12128613195857743,3.4570141513432167,0.030757702361618185,0.20464594890452828,0.23689751313428076,367.528624626414,1.0
629.0,0.0105,0.0115,450000.0,0.000127,1.0,20.0,275.0,0.0011680797596476,2071.0681368759524,242.0128264794384,129.87626327278738,0.0,0.0010944924379534,0.4163828967849785,0.0762087941427399,57.15,5.037009038590614e-09,7.870202042644453e-10,1242.7721442114075,7.540570302691778,8.788001467972078e-05,0.00148,6.65847e-07,0.0154111111111111,0.01157,6.76e-06,0.0805555555555555,0.023,9e-06,0.0031111111111111,0.03605,0.0990777777777777,10000000.0,4.6549022713978145e-10,27.0,3.0,,0.057463151441241915,3.601712170132455,0.012441497451587983,0.24666095120099657,0.11156365055277763,515.7412510894959,1.0
630.0,0.0105,0.0115,450000.0,0.000127,1.0,20.0,300.0,0.0014894715320391,2071.0681368759524,265.6087782946687,145.03988792131338,0.0,0.0012222792412657,0.6932057235562602,0.0971772932705247,57.15,6.322576128156655e-09,1.0261803563800914e-09,1049.9370807765015,6.41481848586514,0.0001190090790483,0.00148,6.65847e-07,0.0154111111111111,0.01157,6.76e-06,0.0805555555555555,0.023,9e-06,0.0031111111111111,0.03605,0.0990777777777777,1000000.0,3.612978218346886e-09,28.0,4.0,,0.4625284841088209,3.603620325564731,0.012199958789274594,0.09744994617691455,0.10963521694138074,204.19952428237283,1.0
631.0,0.0105,0.0115,450000.0,0.000127,1.0,20.0,325.0,0.0018963587313471,2071.0681368759524,291.5053062825179,145.32904730905042,0.0,0.0012247160434593,0.8800418123231085,0.123723753437537,57.15,8.096483656735842e-09,1.282209913149187e-09,835.0765074611327,4.720255907650139,0.0001638481100932,0.00148,6.65847e-07,0.0154111111111111,0.01157,6.76e-06,0.0805555555555555,0.023,9e-06,0.0031111111111111,0.03605,0.0990777777777777,1000000.0,5.1762742066378225e-09,28.0,4.0,,0.6626594785349227,3.5652987727359675,0.017050788261269927,0.05760858035064875,0.14682682171014397,115.6723384415431,1.0
632.0,0.0105,0.0115,450000.0,0.000127,1.0,20.0,350.0,0.0024373205648499,2071.0681368759524,291.5053062825179,142.79559860204972,0.0,0.0012033661802751,0.6509358659320783,0.159017618148389,57.15,1.0684674006956197e-08,1.7267387929064843e-09,735.3105913533467,3.411965005701009,0.0002145051302946,0.00148,6.65847e-07,0.0154111111111111,0.01157,6.76e-06,0.0805555555555555,0.023,9e-06,0.0031111111111111,0.03605,0.0990777777777777,10000000.0,7.116192502152993e-10,28.0,4.0,,0.09110051408373497,3.5202771946192284,0.02274972220009777,0.3647677336999543,0.18673716693053086,698.156022190048,1.0
633.0,0.0105,0.0115,450000.0,0.000127,1.0,25.0,250.0,0.0014259502590657,2588.8351710949405,220.5130739903045,118.68155374866151,0.0,0.000800121961191,0.2458869142389214,0.093032987562174,57.15,6.068491036262946e-09,9.789116998309183e-10,1088.049844560558,6.637316989560082,9.614271027804068e-05,0.00148,6.65847e-07,0.0154111111111111,0.01157,6.76e-06,0.0805555555555555,0.023,9e-06,0.0031111111111111,0.03605,0.0990777777777777,10000000.0,5.145197188703409e-10,27.0,3.0,,0.0635156718683877,3.591942715925622,0.01367813722460485,0.053288254808359595,0.12130749171177253,110.19796371338671,1.0
634.0,0.0105,0.0115,450000.0,0.000127,1.0,25.0,275.0,0.0018376550394837,2588.8351710949405,242.0128264794384,132.0983471280265,0.0,0.0008905746953566,0.4503864331707218,0.11989376021003,57.15,7.802965197418721e-09,1.2572778094741803e-09,858.5579842065025,5.033911494387173,0.0001327356070727,0.00148,6.65847e-07,0.0154111111111111,0.01157,6.76e-06,0.0805555555555555,0.023,9e-06,0.0031111111111111,0.03605,0.0990777777777777,10000000.0,7.45577123514638e-10,27.0,3.0,,0.09203890578519458,3.5472797333013224,0.019331679328946545,0.20240376717549724,0.16326127829065723,398.5782602987303,1.0
635.0,0.0105,0.0115,450000.0,0.000127,1.0,25.0,300.0,0.0023423786400261,2588.8351710949405,265.6087782946687,145.87672023468545,0.0,0.0009834651114651,0.760115104377711,0.1528233411354998,57.15,1.0235282229457233e-08,1.639788129895173e-09,747.9695146631765,3.575773372168704,0.0001878299828024,0.00148,6.65847e-07,0.0154111111111111,0.01157,6.76e-06,0.0805555555555555,0.023,9e-06,0.0031111111111111,0.03605,0.0990777777777777,10000000.0,6.069400739622616e-10,28.0,4.0,,0.0776996304403703,3.5442359718700374,0.019716965586071243,0.4935421328018408,0.16597506781660692,968.7426392028087,1.0
638.0,0.0105,0.0115,450000.0,0.000127,1.0,30.0,250.0,0.0020715560107426,3106.602205313928,220.5130739903045,121.40097263365278,0.0,0.0006820463476,0.2382342105383793,0.1351541144976815,57.15,8.953388450848614e-09,1.391760641318455e-09,784.0791985676447,4.043038098345107,0.0001377284133271,0.00148,6.65847e-07,0.0154111111111111,0.01157,6.76e-06,0.0805555555555555,0.023,9e-06,0.0031111111111111,0.03605,0.0990777777777777,10000000.0,4.2498461964196554e-10,28.0,4.0,,0.05440594435205353,3.5877787272432498,0.014205224399588639,0.012624151688644177,0.12539590341495033,25.98476898011973,1.0
639.0,0.0105,0.0115,450000.0,0.000127,1.0,30.0,275.0,0.0026682075993959,3106.602205313928,242.0128264794384,133.86208281484207,0.0,0.0007520544744029,0.4829856779363134,0.1740813347658703,57.15,1.1777539303807516e-08,1.938192065754797e-09,704.5256534138729,3.013603291023526,0.0001972276664697,0.00148,6.65847e-07,0.0154111111111111,0.01157,6.76e-06,0.0805555555555555,0.023,9e-06,0.0031111111111111,0.03605,0.0990777777777777,10000000.0,6.431454336119154e-10,28.0,4.0,,0.08233459060435135,3.535862199783165,0.020776936736308316,0.19051975256609166,0.17335101769289596,370.6519529812718,1.0
644.0,0.0105,0.0115,450000.0,0.000127,1.0,35.0,275.0,0.0036669585315123,3624.369239532916,242.0128264794384,135.48755313330415,0.0,0.0006524456371204,0.4855964229937681,0.2392426420797554,57.15,1.5526871282212034e-08,2.273381735698226e-09,571.3588624650168,2.52328329550102,0.0002537732587142,0.00148,6.65847e-07,0.0154111111111111,0.01157,6.76e-06,0.0805555555555555,0.023,9e-06,0.0031111111111111,0.03605,0.0990777777777777,10000000.0,8.774778765422471e-10,28.0,4.0,,0.11233350647262215,3.483838457567085,0.027362220561128484,0.09797027444139046,0.2164047842502146,180.67216507,1.0
645.0,0.0105,0.0115,450000.0,0.000127,1.0,35.0,300.0,0.0046694403504436,3624.369239532916,265.6087782946687,148.06229006964097,0.0,0.0007129997770567,0.7637564086990268,0.3046473628959265,57.15,1.92026379516268e-08,2.557939541607938e-09,437.6946199408436,2.141514827609539,0.0003380691001776,0.00148,6.65847e-07,0.0154111111111111,0.01157,6.76e-06,0.0805555555555555,0.023,9e-06,0.0031111111111111,0.03605,0.0990777777777777,10000000.0,1.2958503213977996e-09,28.0,4.0,,0.16589296933605446,3.399419824242773,0.038048123513573034,0.2571660764670458,0.2774685391692148,437.2960854007802,1.0
651.0,0.0105,0.0115,500000.0,0.000127,1.0,20.0,300.0,0.0012064719409517,1863.961323188357,265.6087782946687,145.0398879213133,0.0,0.0013580880458508,0.6797657059675959,0.078713607549125,63.5,5.190577763806887e-09,8.155893236678734e-10,1219.7368354289667,7.406092473550766,0.0001095058160039,0.00148,6.65847e-07,0.0154111111111111,0.01157,6.76e-06,0.0805555555555555,0.023,9e-06,0.0031111111111111,0.03605,0.0990777777777777,10000000.0,7.769818629000311e-10,30.0,3.0,,0.10657301307021501,3.5344031370768434,0.020961628218121073,0.4584290853482558,0.1746228919096554,890.491404978291,1.0
652.0,0.0105,0.0115,500000.0,0.000127,1.0,20.0,325.0,0.0015360505723912,1863.961323188357,291.5053062825179,145.32904730905048,0.0,0.0013607956038437,0.8747949047929418,0.100216240284405,63.5,6.508892289564825e-09,1.06084163688862e-09,1021.9896565652762,6.251664218062426,0.0001485279077328,0.00148,6.65847e-07,0.0154111111111111,0.01157,6.76e-06,0.0805555555555555,0.023,9e-06,0.0031111111111111,0.03605,0.0990777777777777,10000000.0,6.631235532990971e-10,28.0,4.0,,0.08489216190863802,3.552013797946094,0.01873243063973489,0.6536365025998986,0.15900515661043768,1293.7035772033303,1.0
653.0,0.0105,0.0115,500000.0,0.000127,1.0,20.0,350.0,0.0019742296575284,1863.961323188357,291.5053062825179,142.79559860204972,0.0,0.001337073533639,0.7184705516364794,0.128804270700195,63.5,8.48583828764209e-09,1.3152825520785519e-09,803.9281369886328,4.304189212935936,0.0001898514714538,0.00148,6.65847e-07,0.0154111111111111,0.01157,6.76e-06,0.0805555555555555,0.023,9e-06,0.0031111111111111,0.03605,0.0990777777777777,10000000.0,9.13903789942338e-10,28.0,4.0,,0.11699670162327876,3.503590913823966,0.02486190964253606,0.4366195793130057,0.20059683996315442,821.4369152864159,1.0
654.0,0.0105,0.0115,500000.0,0.000127,1.0,25.0,250.0,0.0011550197098432,2329.9516539854462,220.5130739903045,118.68155374866151,0.0,0.0008890244013233,0.2523446064676481,0.0753567199253609,63.5,4.984768839372985e-09,7.773017118630436e-10,1250.6081740940522,7.586316261543668,8.878591444493911e-05,0.00148,6.65847e-07,0.0154111111111111,0.01157,6.76e-06,0.0805555555555555,0.023,9e-06,0.0031111111111111,0.03605,0.0990777777777777,10000000.0,9.903162395359407e-10,24.0,4.0,,0.10866764394812056,3.5591604895389675,0.017827786134307952,0.032270242594166526,0.15249732808024993,64.36480456144038,1.0
655.0,0.0105,0.0115,500000.0,0.000127,1.0,25.0,275.0,0.0014885005819818,2329.9516539854462,242.0128264794384,132.0983471280265,0.0,0.0009895274392851,0.4267199385779446,0.0971139457701243,63.5,6.318692327927329e-09,1.0254578345753787e-09,1050.5196508109004,6.418219471468956,0.0001210733400278,0.00148,6.65847e-07,0.0154111111111111,0.01157,6.76e-06,0.0805555555555555,0.023,9e-06,0.0031111111111111,0.03605,0.0990777777777777,10000000.0,8.783895591335863e-10,30.0,3.0,,0.12048237730657116,3.5147327425173165,0.023451551580086497,0.17307361550124914,0.1913954128614622,329.3610324961668,1.0
656.0,0.0105,0.0115,500000.0,0.000127,1.0,25.0,300.0,0.0018973266984212,2329.9516539854462,265.6087782946687,145.8767202346855,0.0,0.0010927390127391,0.7520470507354554,0.1237869063197548,63.5,8.101323492106013e-09,1.2826210194131671e-09,834.6893206315189,4.715084030534562,0.0001665998889287,0.00148,6.65847e-07,0.0154111111111111,0.01157,6.76e-06,0.0805555555555555,0.023,9e-06,0.0031111111111111,0.03605,0.0990777777777777,10000000.0,7.674846774535411e-10,28.0,4.0,,0.09825232896138412,3.5314181154710056,0.021339479054303112,0.4939578154543164,0.17721279836211967,956.4946330196362,1.0
657.0,0.0105,0.0115,500000.0,0.000127,1.0,25.0,325.0,0.0024148116216668,2329.9516539854462,291.5053062825179,150.51359890924337,0.0,0.001127473123959,0.9842111992524912,0.1575490716700861,63.5,1.0578131675889767e-08,1.7061244274711535e-09,738.311783777753,3.4508008858516903,0.0002359772852348,0.00148,6.65847e-07,0.0154111111111111,0.01157,6.76e-06,0.0805555555555555,0.023,9e-06,0.0031111111111111,0.03605,0.0990777777777777,10000000.0,1.043094115211667e-09,32.0,4.0,,0.15261196426078605,3.4334342886184244,0.03374249511159187,0.6380001633216191,0.254046271533391,1120.0510756369388,1.0
659.0,0.0105,0.0115,500000.0,0.000127,1.0,30.0,250.0,0.0016779603687015,2795.941984782535,220.5130739903045,121.40097263365271,0.0,0.0007578292751112,0.2665687925963905,0.109474832743122,63.5,7.076531474806234e-09,1.166442250805209e-09,936.8437787790648,5.754591098134304,0.0001236017290468,0.00148,6.65847e-07,0.0154111111111111,0.01157,6.76e-06,0.0805555555555555,0.023,9e-06,0.0031111111111111,0.03605,0.0990777777777777,10000000.0,5.302362700016001e-10,28.0,4.0,,0.06788011534029374,3.5792116848290036,0.015289660148227394,0.053163844512974665,0.13368892777085462,108.39154153314894,1.0
660.0,0.0105,0.0115,500000.0,0.000127,1.0,30.0,275.0,0.0021612481555107,2795.941984782535,242.0128264794384,133.86208281484207,0.0,0.0008356160826699,0.4809901519639402,0.141005881160355,63.5,9.37793126941742e-09,1.4739033982613856e-09,772.1202459319036,3.888287457395722,0.0001750303136487,0.00148,6.65847e-07,0.0154111111111111,0.01157,6.76e-06,0.0805555555555555,0.023,9e-06,0.0031111111111111,0.03605,0.0990777777777777,10000000.0,8.188521653983421e-10,28.0,4.0,,0.10482832385970316,3.5215168497250002,0.02259280383227851,0.19910594694388195,0.18568830306644307,381.575123551148,1.0
665.0,0.0105,0.0115,500000.0,0.000127,1.0,35.0,275.0,0.002970236410525,3261.9323155796246,242.0128264794384,135.48755313330415,0.0,0.0007249395968005,0.4795394120141011,0.1937865400846019,63.5,1.2972223505258416e-08,2.075614839248896e-09,664.2551452633304,2.7886113360224924,0.0002396369724054,0.00148,6.65847e-07,0.0154111111111111,0.01157,6.76e-06,0.0805555555555555,0.023,9e-06,0.0031111111111111,0.03605,0.0990777777777777,10000000.0,1.064920051429816e-09,32.0,4.0,,0.15580525137602053,3.4286667739265853,0.03434597798397656,0.09389762055347858,0.2574202606416344,164.09782743382974,1.0
674.0,0.0105,0.0115,550000.0,0.000127,1.0,20.0,325.0,0.0012694632829679,1694.5102938075972,291.5053062825179,145.3290473090505,0.0,0.0014968751642281,0.9040905660815988,0.0828233390780206,69.85,5.442543131871755e-09,8.624636379244791e-10,1181.9420302192366,7.185450180216883,0.000137515075826,0.00148,6.65847e-07,0.0154111111111111,0.01157,6.76e-06,0.0805555555555555,0.023,9e-06,0.0031111111111111,0.03605,0.0990777777777777,10000000.0,7.158512121361806e-10,32.0,4.0,,0.10473403886513001,3.525345516866092,0.022108162422013675,0.680483188138448,0.18243174402546522,1309.3223136620031,1.0
675.0,0.0105,0.0115,550000.0,0.000127,1.0,20.0,350.0,0.0016315947582879,1694.5102938075972,291.5053062825179,142.7955986020497,0.0,0.0014707808870029,0.6509358659320783,0.106449810496029,69.85,6.891069033151795e-09,1.131939791837636e-09,964.6631450272308,5.91699777635447,0.0001726469668729,0.00148,6.65847e-07,0.0154111111111111,0.01157,6.76e-06,0.0805555555555555,0.023,9e-06,0.0031111111111111,0.03605,0.0990777777777777,10000000.0,9.655076110261335e-10,32.0,4.0,,0.14126051607293075,3.4725657877839895,0.028789140786836857,0.3671755393631184,0.22514924978260847,669.5714816242212,1.0
676.0,0.0105,0.0115,550000.0,0.000127,1.0,25.0,275.0,0.0012301657702329,2118.137867259497,242.0128264794384,132.09834712802646,0.0,0.0010884801832136,0.4306964211580309,0.0802594593141523,69.85,5.285353080931678e-09,8.332208260953542e-10,1205.5205378602482,7.323099149974343,0.0001124026618952,0.00148,6.65847e-07,0.0154111111111111,0.01157,6.76e-06,0.0805555555555555,0.023,9e-06,0.0031111111111111,0.03605,0.0990777777777777,10000000.0,1.0475806099520203e-09,33.0,3.0,,0.15805800637584946,3.472516266613833,0.028795409289388188,0.15632895546802902,0.22518723392937168,285.0633222855302,1.0
678.0,0.0105,0.0115,550000.0,0.000127,1.0,25.0,325.0,0.0019957120840221,2118.137867259497,291.5053062825179,150.51359890924329,0.0,0.0012402204363549,0.9335728656736312,0.130205844355443,69.85,8.593250420110961e-09,1.324406374917149e-09,795.3351663911233,4.189407963706909,0.000211202252102,0.00148,6.65847e-07,0.0154111111111111,0.01157,6.76e-06,0.0805555555555555,0.023,9e-06,0.0031111111111111,0.03605,0.0990777777777777,10000000.0,1.3009528918413621e-09,32.0,4.0,,0.19033850669780816,3.4071324932773623,0.03707183629400479,0.5769785146203801,0.27228748716437284,988.1539987414661,1.0
680.0,0.0105,0.0115,550000.0,0.000127,1.0,30.0,250.0,0.0013867441063649,2541.765440711396,220.5130739903045,121.40097263365276,0.0,0.0008336122026223,0.2500391104831828,0.0904750683827455,69.85,5.911666425459698e-09,9.497368725662888e-10,1111.5735361810453,6.774645948871324,0.0001146362991618,0.00148,6.65847e-07,0.0154111111111111,0.01157,6.76e-06,0.0805555555555555,0.023,9e-06,0.0031111111111111,0.03605,0.0990777777777777,10000000.0,5.727438951894803e-10,32.0,4.0,,0.08379643752999548,3.557337163065514,0.018058586953732452,0.039717604570441725,0.1541672135303566,79.06289481947651,1.0
681.0,0.0105,0.0115,550000.0,0.000127,1.0,30.0,275.0,0.001786155500422,2541.765440711396,242.0128264794384,133.86208281484207,0.0,0.0009191776909368,0.4818826354412027,0.1165337860829381,69.85,7.545467502110431e-09,1.235405388739764e-09,879.1577998311654,5.309075076579779,0.0001575165269018,0.00148,6.65847e-07,0.0154111111111111,0.01157,6.76e-06,0.0805555555555555,0.023,9e-06,0.0031111111111111,0.03605,0.0990777777777777,10000000.0,8.528494425718728e-10,32.0,4.0,,0.12477783811789467,3.495924488959175,0.02583234316972468,0.20452101124036992,0.20680744661660827,381.78750273110165,1.0
695.0,0.0105,0.0115,600000.0,0.000127,1.0,20.0,325.0,0.0010667017863827,1553.3011026569643,291.5053062825179,145.32904730905045,0.0,0.0016329547246125,0.8698521110049742,0.0695946113086146,76.2,4.631497145531129e-09,7.11580900617097e-10,1303.5989281703305,7.895670984765573,0.0001285521373008,0.00148,6.65847e-07,0.0154111111111111,0.01157,6.76e-06,0.0805555555555555,0.023,9e-06,0.0031111111111111,0.03605,0.0990777777777777,10000000.0,8.019470316870335e-10,36.0,4.0,,0.1319967668289297,3.4914087149253414,0.026403960136032755,0.6322107328674299,0.2104207399021587,1174.7967737989786,1.0
697.0,0.0105,0.0115,600000.0,0.000127,1.0,25.0,275.0,0.0010336809597096,1941.6263783212053,242.0128264794384,132.0983471280265,0.0,0.0011874329271421,0.4515028903048975,0.0674402401181419,76.2,4.499413838838424e-09,6.870088156773462e-10,1323.4114241742363,8.011334355186774,0.0001053815968506,0.00148,6.65847e-07,0.0154111111111111,0.01157,6.76e-06,0.0805555555555555,0.023,9e-06,0.0031111111111111,0.03605,0.0990777777777777,10000000.0,6.254117923908694e-10,36.0,4.0,,0.10293988414498839,3.533327327198735,0.021097806683704406,0.2450727660417671,0.17555817829591283,475.51061393418115,1.0
698.0,0.0105,0.0115,600000.0,0.000127,1.0,25.0,300.0,0.0013175879850147,1941.6263783212053,265.6087782946687,145.87672023468542,0.0,0.0013112868152869,0.7388711730925094,0.0859631293887186,76.2,5.635041940058893e-09,8.98275105580871e-10,1153.067208991166,7.016881861369528,0.0001421155654625,0.00148,6.65847e-07,0.0154111111111111,0.01157,6.76e-06,0.0805555555555555,0.023,9e-06,0.0031111111111111,0.03605,0.0990777777777777,10000000.0,9.155165324654104e-10,36.0,4.0,,0.15068978060763974,3.465488619181864,0.029684984913688026,0.4661682630961511,0.23054013670720594,844.1775975340552,1.0
701.0,0.0105,0.0115,600000.0,0.000127,1.0,30.0,250.0,0.0011652502560427,2329.9516539854467,220.5130739903045,121.40097263365271,0.0,0.0009093951301334,0.2659615599772572,0.0760241894049459,76.2,5.025691024170998e-09,7.849146602813955e-10,1244.4698463743505,7.55048131814882,0.000107360476949,0.00148,6.65847e-07,0.0154111111111111,0.01157,6.76e-06,0.0805555555555555,0.023,9e-06,0.0031111111111111,0.03605,0.0990777777777777,10000000.0,6.397394816309833e-10,36.0,4.0,,0.1052981554286244,3.529848492353048,0.02153816552493062,0.0485892151436869,0.17856814725460096,93.93264943550538,1.0
716.0,0.0105,0.012,400000.0,0.000127,1.0,20.0,250.0,0.0013979401628643,2329.9516539854462,220.5130739903045,114.68716438594906,0.0,0.0008591030740431,0.2590229462886502,0.0912055304577275,50.8,5.956450651457482e-09,9.580682948537298e-10,1104.8559022813777,6.735429073928455,8.396822195904415e-05,0.00148,6.65847e-07,0.0154111111111111,0.01157,6.76e-06,0.0805555555555555,0.023,9e-06,0.0031111111111111,0.03605,0.0990777777777777,10000000.0,8.370849522608917e-10,22.0,2.0,,0.024571228949936207,3.577507528054617,0.015505376195618176,0.1071961868809864,0.13531985861742157,218.14234157701594,1.0
717.0,0.0105,0.012,400000.0,0.000127,1.0,20.0,275.0,0.0017939658813019,2329.9516539854462,242.0128264794384,128.29042404655192,0.0,0.0009610029008808,0.4362936237899553,0.1170433572006059,50.8,7.584519406509677e-09,1.2387225434136263e-09,876.0336474792259,5.26734397722732,0.000115077668783,0.00148,6.65847e-07,0.0154111111111111,0.01157,6.76e-06,0.0805555555555555,0.023,9e-06,0.0031111111111111,0.03605,0.0990777777777777,10000000.0,4.779388588071582e-10,24.0,3.0,,0.052444348243915105,3.602864732562779,0.01229560347306597,0.2307559183454341,0.11039984002436695,483.1175891146496,1.0
718.0,0.0105,0.012,400000.0,0.000127,1.0,20.0,300.0,0.0022800642633866,2329.9516539854462,265.6087782946687,141.8383973233201,0.0,0.0010624885863229,0.7561288845419205,0.1487577767232803,50.8,9.940327513363318e-09,1.582718754337365e-09,756.2780982151178,3.683287689618357,0.0001621956609438,0.00148,6.65847e-07,0.0154111111111111,0.01157,6.76e-06,0.0805555555555555,0.023,9e-06,0.0031111111111111,0.03605,0.0990777777777777,1000000.0,4.051262731506386e-09,24.0,4.0,,0.4445460535454027,3.6000950974288752,0.012646190198876583,0.1267750542732375,0.11319138075653666,264.58721757735583,1.0
719.0,0.0105,0.012,400000.0,0.000127,1.0,20.0,325.0,0.0028961906278659,2329.9516539854462,291.5053062825179,142.08968743951618,0.0,0.0010643709601043,0.968771828969664,0.188955585895735,50.8,1.2700722302175293e-08,2.054596697021853e-09,674.1279162845349,2.8168096977939814,0.0002254659672941,0.00148,6.65847e-07,0.0154111111111111,0.01157,6.76e-06,0.0805555555555555,0.023,9e-06,0.0031111111111111,0.03605,0.0990777777777777,1000000.0,5.9188468769290525e-09,24.0,4.0,,0.6494765200527934,3.5586313311988635,0.01789476820267551,0.09428972302113536,0.15298263411027943,187.95843618810025,1.0
720.0,0.0105,0.012,400000.0,0.000127,1.0,20.0,350.0,0.0037165016776116,2329.9516539854462,291.5053062825179,141.15651512170115,0.0,0.0010573807165915,0.9087280199967198,0.2424749756520797,50.8,1.5708529484575963e-08,2.2874447228623188e-09,564.7531096517833,2.504416109459682,0.0002735146649502,0.00148,6.65847e-07,0.0154111111111111,0.01157,6.76e-06,0.0805555555555555,0.023,9e-06,0.0031111111111111,0.03605,0.0990777777777777,10000000.0,7.481526297162136e-10,24.0,4.0,,0.08209497162537543,3.5258900700449014,0.022039231639885908,0.5481080727192644,0.18196644505880383,1055.2186673181477,1.0
721.0,0.0105,0.012,400000.0,0.000127,1.0,25.0,250.0,0.0022011462417163,2912.4395674818074,220.5130739903045,118.08729573315304,0.0,0.0007076583282041,0.2836661916392392,0.1436089440190535,50.8,9.566782210790874e-09,1.510443262551114e-09,766.8005011044825,3.819449161367168,0.000130644120056,0.00148,6.65847e-07,0.0154111111111111,0.01157,6.76e-06,0.0805555555555555,0.023,9e-06,0.0031111111111111,0.03605,0.0990777777777777,10000000.0,5.506578973252482e-10,24.0,3.0,,0.06042382618283733,3.5890138454994407,0.014048880316526485,0.043583421437348266,0.1241871770384582,89.83338587271471,1.0
722.0,0.0105,0.012,400000.0,0.000127,1.0,25.0,275.0,0.0028234687061391,2912.4395674818074,242.0128264794384,130.2517455439373,0.0,0.0007805558754227,0.4800460768990149,0.184211004100898,50.8,1.2434075255843701e-08,2.0339543371332967e-09,683.8241725147745,2.844503902432386,0.0001845746259431,0.00148,6.65847e-07,0.0154111111111111,0.01157,6.76e-06,0.0805555555555555,0.023,9e-06,0.0031111111111111,0.03605,0.0990777777777777,10000000.0,8.218062008266738e-10,24.0,3.0,,0.09017699605495523,3.539332992380542,0.020337595901197172,0.1696080767431617,0.17030969526478948,331.1827387766527,1.0
723.0,0.0105,0.012,400000.0,0.000127,1.0,25.0,300.0,0.0035871535813658,2912.4395674818074,265.6087782946687,142.72738897644825,0.0,0.0008553183036747,0.7911480583248884,0.2340359436783336,50.8,1.5234253131674654e-08,2.250728834582624e-09,581.999522484558,2.553674882632333,0.0002427767009827,0.00148,6.65847e-07,0.0154111111111111,0.01157,6.76e-06,0.0805555555555555,0.023,9e-06,0.0031111111111111,0.03605,0.0990777777777777,10000000.0,6.466013154106361e-10,24.0,4.0,,0.0709517209900094,3.5469728084499836,0.01937053057595147,0.4501103936565453,0.16353573001738542,886.0772467805,1.0
724.0,0.0105,0.012,400000.0,0.000127,1.0,25.0,325.0,0.004554921057098,2912.4395674818074,291.5053062825179,147.12209763982065,0.0,0.0008816543474155,1.0023134852859192,0.2971758035440363,50.8,1.8782733876026165e-08,2.5254328584608038e-09,452.9638590535941,2.185126446632399,0.0003226035395902,0.00148,6.65847e-07,0.0154111111111111,0.01157,6.76e-06,0.0805555555555555,0.023,9e-06,0.0031111111111111,0.03605,0.0990777777777777,10000000.0,9.236564085852434e-10,24.0,4.0,,0.10135304434225456,3.491064550584127,0.026447525242515566,0.5677346373996283,0.21069477313462356,1054.6188233999628,1.0
725.0,0.0105,0.012,400000.0,0.000127,1.0,25.0,350.0,0.0058431832650628,2912.4395674818074,291.5053062825179,151.37076945458912,0.0,0.0009071152403495,1.1937303725802884,0.3812256371258408,50.8,2.3787423060251296e-08,2.7313226546921473e-09,378.7934654671353,1.977540039184052,0.0003998039004018,0.00148,6.65847e-07,0.0154111111111111,0.01157,6.76e-06,0.0805555555555555,0.023,9e-06,0.0031111111111111,0.03605,0.0990777777777777,10000000.0,1.2420943612918487e-09,24.0,4.0,,0.1362953190246379,3.432614329314075,0.033846287428598056,0.6401594164298097,0.25462874142502984,1122.9642462096695,1.0
726.0,0.0105,0.012,400000.0,0.000127,1.0,30.0,250.0,0.003199240417945,3494.9274809781687,220.5130739903045,120.55617524503351,0.0,0.0006020445926529,0.2999181000311079,0.2087274027399029,50.8,1.3811904865798386e-08,2.140618390101752e-09,633.7212776073314,2.70140126657012,0.0001853322209882,0.00148,6.65847e-07,0.0154111111111111,0.01157,6.76e-06,0.0805555555555555,0.023,9e-06,0.0031111111111111,0.03605,0.0990777777777777,10000000.0,4.711698152291817e-10,24.0,4.0,,0.05170157943125222,3.585127920779899,0.014540769521531782,0.00343911785995258,0.12797883679349026,7.057960655989246,1.0
727.0,0.0105,0.012,400000.0,0.000127,1.0,30.0,275.0,0.0041015720059996,3494.9274809781687,242.0128264794384,131.88595501850205,0.0,0.0006586242961372,0.437710584386439,0.2675980420730312,50.8,1.712045402199856e-08,2.3967482191430086e-09,513.4103992000524,2.35777234343521,0.0002466983885979,0.00148,6.65847e-07,0.0154111111111111,0.01157,6.76e-06,0.0805555555555555,0.023,9e-06,0.0031111111111111,0.03605,0.0990777777777777,10000000.0,6.592362550854781e-10,24.0,4.0,,0.07233815602063669,3.54431086682574,0.019707485211931663,0.06172438629277101,0.16590850342806387,121.16456369194918,1.0
728.0,0.0105,0.012,400000.0,0.000127,1.0,30.0,300.0,0.0052085572088418,3494.9274809781687,265.6087782946687,143.78316640381243,0.0,0.0007180376921546,0.8253470265675761,0.3398208562650252,50.8,2.1248918835367293e-08,2.671446955539808e-09,389.9527300397255,2.00620863664778,0.0003296585382693,0.00148,6.65847e-07,0.0154111111111111,0.01157,6.76e-06,0.0805555555555555,0.023,9e-06,0.0031111111111111,0.03605,0.0990777777777777,10000000.0,9.504066897895884e-10,24.0,4.0,,0.10428835926225223,3.4859269703205906,0.027097851858153166,0.34518781104029866,0.21476296124966235,637.9128888668854,1.0
733.0,0.0105,0.012,450000.0,0.000127,1.0,20.0,250.0,0.0011045453138681,2071.0681368759524,220.5130739903045,114.68716438594916,0.0,0.0009664909582985,0.2667290098536827,0.0720636290036366,57.15,4.782871255472579e-09,7.397417453165274e-10,1280.892811679113,7.763114947301495,7.688289062346999e-05,0.00148,6.65847e-07,0.0154111111111111,0.01157,6.76e-06,0.0805555555555555,0.023,9e-06,0.0031111111111111,0.03605,0.0990777777777777,10000000.0,4.565469233870042e-10,24.0,3.0,,0.050097005921539574,3.618462220410365,0.010321237922738612,0.10851837492850652,0.09434488835798456,231.2976779313886,1.0
734.0,0.0105,0.012,450000.0,0.000127,1.0,20.0,275.0,0.0014174545234978,2071.0681368759524,242.0128264794384,128.29042404655192,0.0,0.0010811282634909,0.4342904989427195,0.0924787019856639,57.15,6.034508093991302e-09,9.725896916611486e-10,1093.1472859013045,6.667075342363226,0.0001042910188267,0.00148,6.65847e-07,0.0154111111111111,0.01157,6.76e-06,0.0805555555555555,0.023,9e-06,0.0031111111111111,0.03605,0.0990777777777777,10000000.0,5.639376797695044e-10,27.0,3.0,,0.06961614746486736,3.58220140145271,0.014911215005986078,0.23614564949218816,0.13081276219601778,483.0570652430766,1.0
735.0,0.0105,0.012,450000.0,0.000127,1.0,20.0,300.0,0.0018015322574906,2071.0681368759524,265.6087782946687,141.83839732332007,0.0,0.0011952996596133,0.7105210752289522,0.1175370087690116,57.15,7.6223512874533e-09,1.2419360666111155e-09,873.007097003736,5.226916602259679,0.0001420663814881,0.00148,6.65847e-07,0.0154111111111111,0.01157,6.76e-06,0.0805555555555555,0.023,9e-06,0.0031111111111111,0.03605,0.0990777777777777,10000000.0,8.085806722946323e-10,27.0,3.0,,0.09981647500963574,3.5354810544249013,0.020825182984189748,0.45711759145030484,0.17368364260438998,888.9542963678125,1.0
736.0,0.0105,0.012,450000.0,0.000127,1.0,20.0,325.0,0.0022883481504126,2071.0681368759524,291.5053062825179,142.08968743951633,0.0,0.0011974173301173,0.9367994355451372,0.1492982407077413,57.15,9.979537911953133e-09,1.5903053865924018e-09,755.1735799449823,3.668995057525063,0.0002004347869354,0.00148,6.65847e-07,0.0154111111111111,0.01157,6.76e-06,0.0805555555555555,0.023,9e-06,0.0031111111111111,0.03605,0.0990777777777777,10000000.0,6.556651616289781e-10,28.0,4.0,,0.08393734890269398,3.532988199154788,0.021140734284204064,0.6675138459347018,0.1758525698047603,1294.7035411116244,1.0
738.0,0.0105,0.012,450000.0,0.000127,1.0,25.0,250.0,0.0017391772774055,2588.8351710949405,220.5130739903045,118.087295733153,0.0,0.0007961156192296,0.2883165758942739,0.1134687952743139,57.15,7.321399109622147e-09,1.211996140031279e-09,900.1136335566778,5.540164183340529,0.0001149082582751,0.00148,6.65847e-07,0.0154111111111111,0.01157,6.76e-06,0.0805555555555555,0.023,9e-06,0.0031111111111111,0.03605,0.0990777777777777,10000000.0,6.300096556873295e-10,27.0,3.0,,0.07777250335984932,3.5693398302807,0.016539261989784834,0.061025277260110575,0.1430521143166743,123.07485177516773,1.0
739.0,0.0105,0.012,450000.0,0.000127,1.0,25.0,275.0,0.0022308888542334,2588.8351710949405,242.0128264794384,130.2517455439372,0.0,0.0008781253598505,0.4683878750533901,0.1455494353389812,57.15,9.707563910038263e-09,1.5376824393726072e-09,762.8348194355419,3.768132645718827,0.0001629830252312,0.00148,6.65847e-07,0.0154111111111111,0.01157,6.76e-06,0.0805555555555555,0.023,9e-06,0.0031111111111111,0.03605,0.0990777777777777,10000000.0,9.568632703490862e-10,27.0,3.0,,0.11812144661013553,3.508324754283933,0.024262689331147738,0.1686669931042734,0.19671312992288795,318.86431553486744,1.0
740.0,0.0105,0.012,450000.0,0.000127,1.0,25.0,300.0,0.0028342941877458,2588.8351710949405,265.6087782946687,142.7273889764482,0.0,0.000962233091634,0.7749515600971416,0.1849172888322635,57.15,1.2473768688401376e-08,2.0370271861722797e-09,682.3807749672227,2.840381306442008,0.0002279297330337,0.00148,6.65847e-07,0.0154111111111111,0.01157,6.76e-06,0.0805555555555555,0.023,9e-06,0.0031111111111111,0.03605,0.0990777777777777,10000000.0,7.66642207932832e-10,28.0,4.0,,0.09814447717629923,3.507986816298974,0.02430546629126921,0.4558397940885788,0.1969916294117502,861.4646414626797,1.0
743.0,0.0105,0.012,450000.0,0.000127,1.0,30.0,250.0,0.0025277948981293,3106.602205313928,220.5130739903045,120.55617524503354,0.0,0.0006773001667345,0.3050038935780215,0.1649204169796764,57.15,1.1112919184479128e-08,1.8095979015538422e-09,723.2473469160809,3.255864813196124,0.0001702747258033,0.00148,6.65847e-07,0.0154111111111111,0.01157,6.76e-06,0.0805555555555555,0.023,9e-06,0.0031111111111111,0.03605,0.0990777777777777,10000000.0,5.411438344881656e-10,28.0,4.0,,0.06927648668891447,3.5596959032602737,0.017760012245534976,0.03475698990943053,0.15200571871473534,69.36497432046069,1.0
744.0,0.0105,0.012,450000.0,0.000127,1.0,30.0,275.0,0.003240748251654,3106.602205313928,242.0128264794384,131.88595501850205,0.0,0.0007409523331544,0.4503114384043534,0.2114354900330123,57.15,1.3964100256064714e-08,2.152400527059497e-09,628.186899779465,2.6855941149776137,0.0002304669937414,0.00148,6.65847e-07,0.0154111111111111,0.01157,6.76e-06,0.0805555555555555,0.023,9e-06,0.0031111111111111,0.03605,0.0990777777777777,10000000.0,7.772299985375357e-10,28.0,4.0,,0.09949991151398421,3.505645193746132,0.024601874209350443,0.10332603685735678,0.19891610150965544,194.80178104236938,1.0
756.0,0.0105,0.012,500000.0,0.000127,1.0,20.0,275.0,0.0011481381640332,1863.961323188357,242.0128264794384,128.2904240465519,0.0,0.001201253626101,0.4362936237899553,0.0749077486083877,63.5,4.957242656132952e-09,7.721808852455297e-10,1254.7371015800572,7.610420527314217,9.618635312046596e-05,0.00148,6.65847e-07,0.0154111111111111,0.01157,6.76e-06,0.0805555555555555,0.023,9e-06,0.0031111111111111,0.03605,0.0990777777777777,10000000.0,6.660888077900586e-10,30.0,3.0,,0.09136261038781449,3.5563910657018925,0.018178346113684477,0.233973264793753,0.15503110208991058,465.2775598202315,1.0
757.0,0.0105,0.012,500000.0,0.000127,1.0,20.0,300.0,0.0014592411285674,1863.961323188357,265.6087782946687,141.8383973233201,0.0,0.0013281107329037,0.6691746654633769,0.0952049771028993,63.5,6.201654514269735e-09,1.0036847341710415e-09,1068.0753228595397,6.520707729321707,0.0001298049744887,0.00148,6.65847e-07,0.0154111111111111,0.01157,6.76e-06,0.0805555555555555,0.023,9e-06,0.0031111111111111,0.03605,0.0990777777777777,10000000.0,9.584532378325286e-10,30.0,3.0,,0.13146413619162986,3.4994885387751387,0.02538119762340022,0.40645555216884754,0.2039322398532296,761.4970842343505,1.0
758.0,0.0105,0.012,500000.0,0.000127,1.0,20.0,325.0,0.0018535620018342,1863.961323188357,291.5053062825179,142.08968743951613,0.0,0.0013304637001304,0.9153554902219058,0.1209315749732704,63.5,7.882500009171161e-09,1.264033671361018e-09,852.1951992663072,4.948920117339643,0.0001777661755926,0.00148,6.65847e-07,0.0154111111111111,0.01157,6.76e-06,0.0805555555555555,0.023,9e-06,0.0031111111111111,0.03605,0.0990777777777777,10000000.0,8.359250582129527e-10,28.0,4.0,,0.1070139720301777,3.5182595893710626,0.023005115269485767,0.6513599432184576,0.18843848384703263,1244.0780869829014,1.0
759.0,0.0105,0.012,500000.0,0.000127,1.0,20.0,350.0,0.0023785610736714,1863.961323188357,291.5053062825179,141.15651512170106,0.0,0.0013217258957394,0.9468997357843516,0.1551839844173309,63.5,1.040654574871148e-08,1.6729250881005143e-09,743.1451901771414,3.5133458896707364,0.0002321733654739,0.00148,6.65847e-07,0.0154111111111111,0.01157,6.76e-06,0.0805555555555555,0.023,9e-06,0.0031111111111111,0.03605,0.0990777777777777,10000000.0,1.0206874663107331e-09,32.0,4.0,,0.14933371481866412,3.4383583581549026,0.03311919517026557,0.6063320365483567,0.25052914928152137,1069.474442258912,1.0
760.0,0.0105,0.012,500000.0,0.000127,1.0,25.0,250.0,0.0014087335946984,2329.9516539854462,220.5130739903045,118.08729573315304,0.0,0.0008845729102551,0.2901766608062573,0.0919097241721943,63.5,5.9996243787939406e-09,9.661001084253352e-10,1098.3798431809091,6.697622488505829,0.0001056789251651,0.00148,6.65847e-07,0.0154111111111111,0.01157,6.76e-06,0.0805555555555555,0.023,9e-06,0.0031111111111111,0.03605,0.0990777777777777,10000000.0,7.445088399098379e-10,30.0,3.0,,0.10211892209485263,3.5407895228984834,0.020153224949559116,0.060098014539210376,0.16902671694916865,117.53097361573984,1.0
761.0,0.0105,0.012,500000.0,0.000127,1.0,25.0,275.0,0.001807019971929,2329.9516539854462,242.0128264794384,130.25174554393718,0.0,0.0009756948442784,0.432138219010694,0.1178950426245747,63.5,7.649789859645415e-09,1.2442667592979726e-09,870.8120112283668,5.197595579383752,0.0001449338440271,0.00148,6.65847e-07,0.0154111111111111,0.01157,6.76e-06,0.0805555555555555,0.023,9e-06,0.0031111111111111,0.03605,0.0990777777777777,10000000.0,6.432209170051457e-10,28.0,4.0,,0.0823442538841544,3.5560165552252356,0.018225752503134785,0.19584892250196478,0.15537258307135932,389.3063698976839,1.0
762.0,0.0105,0.012,500000.0,0.000127,1.0,25.0,300.0,0.0022957782920741,2329.9516539854462,265.6087782946687,142.72738897644828,0.0,0.0010691478795934,0.7978989205403196,0.1497830039541335,63.5,1.0014707249150849e-08,1.5971101332302435e-09,754.1828943901171,3.656175437842272,0.0002042464401273,0.00148,6.65847e-07,0.0154111111111111,0.01157,6.76e-06,0.0805555555555555,0.023,9e-06,0.0031111111111111,0.03605,0.0990777777777777,10000000.0,8.642023871600854e-10,32.0,4.0,,0.12643885331152305,3.4736101293177994,0.028656945655974812,0.485627063274663,0.2243473417847674,886.4930090436258,1.0
765.0,0.0105,0.012,500000.0,0.000127,1.0,30.0,250.0,0.0020475138674848,2795.941984782535,220.5130739903045,120.55617524503349,0.0,0.0007525557408161,0.3212773140648721,0.1335855377535379,63.5,8.839588972761427e-09,1.3697421252586124e-09,787.2848176686922,4.084519290355527,0.0001511254764923,0.00148,6.65847e-07,0.0154111111111111,0.01157,6.76e-06,0.0805555555555555,0.023,9e-06,0.0031111111111111,0.03605,0.0990777777777777,10000000.0,6.776759034846376e-10,28.0,4.0,,0.0867551336911301,3.5491024813216003,0.019100951731443085,0.06488664262020409,0.16162766185392735,128.02576877384124,1.0
766.0,0.0105,0.012,500000.0,0.000127,1.0,30.0,275.0,0.0026250060838397,2795.941984782535,242.0128264794384,131.88595501850205,0.0,0.0008232803701715,0.4647820595890282,0.17126274692674,63.5,1.1573052130174816e-08,1.898626821762958e-09,710.2858554880335,3.088141169893474,0.0002153847879291,0.00148,6.65847e-07,0.0154111111111111,0.01157,6.76e-06,0.0805555555555555,0.023,9e-06,0.0031111111111111,0.03605,0.0990777777777777,10000000.0,9.250040138798962e-10,32.0,4.0,,0.1353345565358467,3.4597309652523998,0.03041380186678481,0.12213475612644142,0.2348708846572629,219.9273020349849,1.0
780.0,0.0105,0.012,550000.0,0.000127,1.0,20.0,300.0,0.0012059844037747,1694.5102938075972,265.6087782946687,141.83839732332012,0.0,0.001460921806194,0.7111527893134492,0.0786817992585945,69.85,5.188627615098956e-09,8.152265282405303e-10,1220.0293577351565,7.40780018952207,0.0001204133276807,0.00148,6.65847e-07,0.0154111111111111,0.01157,6.76e-06,0.0805555555555555,0.023,9e-06,0.0031111111111111,0.03605,0.0990777777777777,10000000.0,6.07667098318427e-10,32.0,4.0,,0.08890594639411697,3.5494072160564225,0.019062377714376955,0.5075150436607376,0.161353924370303,1001.6887302833559,1.0
781.0,0.0105,0.012,550000.0,0.000127,1.0,20.0,325.0,0.0015318694230034,1694.5102938075972,291.5053062825179,142.0896874395163,0.0,0.0014635100701434,0.9591672811666588,0.0999434503911326,69.85,6.4921676920139914e-09,1.0577302805643992e-09,1024.4983461979011,6.266309697268728,0.000162975130339,0.00148,6.65847e-07,0.0154111111111111,0.01157,6.76e-06,0.0805555555555555,0.023,9e-06,0.0031111111111111,0.03605,0.0990777777777777,10000000.0,8.925083171739626e-10,32.0,4.0,,0.1305802088389383,3.487617716559364,0.026883833346915978,0.6925936219365879,0.21342878284005717,1282.0993697639115,1.0
782.0,0.0105,0.012,550000.0,0.000127,1.0,20.0,350.0,0.0019657529534474,1694.5102938075972,291.5053062825179,141.156515121701,0.0,0.0014538984853134,0.9072585590338726,0.1282512267911826,69.85,8.44345476723735e-09,1.3116824026116283e-09,807.318818621012,4.349480497141563,0.0002079030782964,0.00148,6.65847e-07,0.0154111111111111,0.01157,6.76e-06,0.0805555555555555,0.023,9e-06,0.0031111111111111,0.03605,0.0990777777777777,10000000.0,1.2687827822033215e-09,32.0,4.0,,0.18563179466602758,3.4131551665567135,0.036309472587757824,0.5573255375766624,0.2681897482201976,959.8703601391483,1.0
783.0,0.0105,0.012,550000.0,0.000127,1.0,25.0,250.0,0.0011642426402466,2118.137867259497,220.5130739903045,118.08729573315304,0.0,0.0009730302012806,0.2959365267535979,0.0759584497290861,69.85,5.021660560986726e-09,7.84164854070525e-10,1245.074415851991,7.55401073430234,9.833997447841506e-05,0.00148,6.65847e-07,0.0154111111111111,0.01157,6.76e-06,0.0805555555555555,0.023,9e-06,0.0031111111111111,0.03605,0.0990777777777777,10000000.0,8.818537291518854e-10,33.0,3.0,,0.13305328584808307,3.5053115257649,0.024644110662670905,0.05087479117642854,0.1991895773118022,95.88209287950683,1.0
784.0,0.0105,0.012,550000.0,0.000127,1.0,25.0,275.0,0.0014934049354785,2118.137867259497,242.0128264794384,130.25174554393715,0.0,0.0010732643287062,0.4576635146265944,0.0974339195244419,69.85,6.338309741914322e-09,1.0291073552820956e-09,1047.5770387128514,6.401040796301756,0.0001335750862848,0.00148,6.65847e-07,0.0154111111111111,0.01157,6.76e-06,0.0805555555555555,0.023,9e-06,0.0031111111111111,0.03605,0.0990777777777777,10000000.0,6.902527751789579e-10,32.0,4.0,,0.10098880850760383,3.530971389172236,0.021396026687058763,0.22319078659454866,0.17759899574935206,431.98139571616576,1.0
785.0,0.0105,0.012,550000.0,0.000127,1.0,25.0,300.0,0.0018973374314662,2118.137867259497,265.6087782946687,142.72738897644828,0.0,0.0011760626675527,0.770809916924449,0.1237876065736641,69.85,8.101377157331085e-09,1.2826255778554483e-09,834.6850274135132,4.7150266835530585,0.0001832609557714,0.00148,6.65847e-07,0.0154111111111111,0.01157,6.76e-06,0.0805555555555555,0.023,9e-06,0.0031111111111111,0.03605,0.0990777777777777,10000000.0,1.0500898015753218e-09,32.0,4.0,,0.1536354821023119,3.4555011619984204,0.030949220000200006,0.4573368282484729,0.23802149191390304,820.1325448645607,1.0
788.0,0.0105,0.012,550000.0,0.000127,1.0,30.0,250.0,0.0016921602210618,2541.765440711396,220.5130739903045,120.55617524503349,0.0,0.0008278113148978,0.2956323593941221,0.1104012708706925,69.85,7.133330884247304e-09,1.1770089147407263e-09,928.323867362904,5.704852707277899,0.0001370014901706,0.00148,6.65847e-07,0.0154111111111111,0.01157,6.76e-06,0.0805555555555555,0.023,9e-06,0.0031111111111111,0.03605,0.0990777777777777,10000000.0,7.124902836269543e-10,32.0,4.0,,0.1042423115185243,3.526081808221413,0.022014960984631304,0.0449387770049053,0.18180248633921758,86.53355641968172,1.0
789.0,0.0105,0.012,550000.0,0.000127,1.0,30.0,275.0,0.00216942651557,2541.765440711396,242.0128264794384,131.88595501850196,0.0,0.0009056084071887,0.4535928031208712,0.141539460270033,69.85,9.416642173698197e-09,1.481393385754511e-09,771.0297979239946,3.874176896606177,0.0001933164546058,0.00148,6.65847e-07,0.0154111111111111,0.01157,6.76e-06,0.0805555555555555,0.023,9e-06,0.0031111111111111,0.03605,0.0990777777777777,10000000.0,1.135166943825978e-09,32.0,4.0,,0.16608286302721748,3.4387301115776023,0.033072137774987104,0.10992047982362052,0.25026226945852315,193.95149489757125,1.0
803.0,0.0105,0.012,600000.0,0.000127,1.0,20.0,300.0,0.0010133618948384,1553.3011026569643,265.6087782946687,141.83839732332007,0.0,0.0015937328794844,0.7105210752289522,0.066114567432569,76.2,4.418137579353984e-09,6.718886070632234e-10,1335.6028630969022,8.082506756473407,0.0001127979555694,0.00148,6.65847e-07,0.0154111111111111,0.01157,6.76e-06,0.0805555555555555,0.023,9e-06,0.0031111111111111,0.03605,0.0990777777777777,10000000.0,6.797869193661933e-10,36.0,4.0,,0.11188977818170115,3.5201978520035757,0.02275976556916761,0.496466729614682,0.18680420619083535,950.1461699015985,1.0
806.0,0.0105,0.012,600000.0,0.000127,1.0,25.0,275.0,0.0012548749805063,1941.6263783212053,242.0128264794384,130.25174554393723,0.0,0.001170833813134,0.4901368636089545,0.0818715573781769,76.2,5.384189922025232e-09,8.516079131189836e-10,1190.6950116962153,7.236549210781336,0.0001247892280319,0.00148,6.65847e-07,0.0154111111111111,0.01157,6.76e-06,0.0805555555555555,0.023,9e-06,0.0031111111111111,0.03605,0.0990777777777777,10000000.0,7.718834845387193e-10,36.0,4.0,,0.12704844622147188,3.498404655672297,0.02551839801616499,0.2451668600093056,0.2048088382613552,458.8158979559409,1.0
810.0,0.0105,0.012,600000.0,0.000127,1.0,30.0,250.0,0.0014218846301977,2329.9516539854467,220.5130739903045,120.55617524503349,0.0,0.0009030668889794,0.2963793227982373,0.092767734551068,76.2,6.0522285207911394e-09,9.75886306830749e-10,1090.489221881329,6.651557830421012,0.0001278654478844,0.00148,6.65847e-07,0.0154111111111111,0.01157,6.76e-06,0.0805555555555555,0.023,9e-06,0.0031111111111111,0.03605,0.0990777777777777,10000000.0,7.96416770623507e-10,36.0,4.0,,0.13108651147382253,3.4926913403146673,0.02624160249181421,0.03647507677334677,0.2093977997286793,67.86711405769186,1.0
811.0,0.0105,0.012,600000.0,0.000127,1.0,30.0,275.0,0.0018229208915553,2329.9516539854467,242.0128264794384,131.88595501850202,0.0,0.0009879364442058,0.4579306354907766,0.1189324631435695,76.2,7.729294457776912e-09,1.251020054773378e-09,864.4516433778471,5.112636488792846,0.0001755090326289,0.00148,6.65847e-07,0.0154111111111111,0.01157,6.76e-06,0.0805555555555555,0.023,9e-06,0.0031111111111111,0.03605,0.0990777777777777,10000000.0,1.2397501429409662e-09,36.0,4.0,,0.20405713105472786,3.395644586810867,0.03852600166951054,0.09889104129247925,0.279977787123708,167.57452351881503,1.0
825.0,0.0105,0.0124999999999999,400000.0,0.000127,1.0,20.0,250.0,0.0016832114271023,2329.9516539854462,220.5130739903045,113.74929325138206,0.0,0.0008520776324509,0.3223782166027497,0.1098174264961555,50.8,7.097535708409541e-09,1.170349768152542e-09,933.6931437385688,5.736198005831391,9.916097596925914e-05,0.00148,6.65847e-07,0.0154111111111111,0.01157,6.76e-06,0.0805555555555555,0.023,9e-06,0.0031111111111111,0.03605,0.0990777777777777,10000000.0,1.0220424462767239e-09,22.0,2.0,,0.030000346889752026,3.552369151161731,0.0186874492200341,0.14651044321684206,0.15868393155121532,290.09010443218364,1.0
826.0,0.0105,0.0124999999999999,400000.0,0.000127,1.0,20.0,275.0,0.0021522029729648,2329.9516539854462,242.0128264794384,126.14016147206688,0.0,0.0009448956303101,0.4817688437814912,0.140415748124548,50.8,9.335117405366733e-09,1.4656195487303551e-09,773.3262702713596,3.9038935932519343,0.0001393943461703,0.00148,6.65847e-07,0.0154111111111111,0.01157,6.76e-06,0.0805555555555555,0.023,9e-06,0.0031111111111111,0.03605,0.0990777777777777,10000000.0,5.925497678866924e-10,24.0,3.0,,0.0650206314181276,3.581138473324821,0.015045762870275856,0.2402824642388156,0.1318375050829837,490.93980520598575,1.0
827.0,0.0105,0.0124999999999999,400000.0,0.000127,1.0,20.0,300.0,0.0027283278236968,2329.9516539854462,265.6087782946687,138.40256722311787,0.0,0.0010367513365027,0.7313915095479425,0.1780037465358862,50.8,1.2062108365498233e-08,1.9932519707762484e-09,696.5096235070921,2.909874661625297,0.0001964508189636,0.00148,6.65847e-07,0.0154111111111111,0.01157,6.76e-06,0.0805555555555555,0.023,9e-06,0.0031111111111111,0.03605,0.0990777777777777,10000000.0,8.860830621268603e-10,24.0,3.0,,0.0972301118163856,3.527989957953946,0.021773423043804314,0.4201076511956706,0.18016720475909365,810.5709347564919,1.0
828.0,0.0105,0.0124999999999999,400000.0,0.000127,1.0,20.0,325.0,0.0034592426549913,2329.9516539854462,291.5053062825179,138.79415117491797,0.0,0.0010396846288074,0.9799860606620706,0.2256906766910714,50.8,1.4765246401635053e-08,2.2144208917614856e-09,599.0543126678164,2.6023863479840004,0.0002584479093109,0.00148,6.65847e-07,0.0154111111111111,0.01157,6.76e-06,0.0805555555555555,0.023,9e-06,0.0031111111111111,0.03605,0.0990777777777777,10000000.0,6.976425236572193e-10,24.0,4.0,,0.07655248529437007,3.536287739086141,0.02072307100175435,0.641692898676629,0.1729793337265143,1248.9606163691801,1.0
829.0,0.0105,0.0124999999999999,400000.0,0.000127,1.0,20.0,350.0,0.0044334893879403,2329.9516539854462,291.5053062825179,139.1471228933512,0.0,0.0010423286830917,0.8468823008239603,0.2892532614395114,50.8,1.833748442244777e-08,2.4909640743981474e-09,469.1547482746267,2.2313704596532817,0.0003154953017995,0.00148,6.65847e-07,0.0154111111111111,0.01157,6.76e-06,0.0805555555555555,0.023,9e-06,0.0031111111111111,0.03605,0.0990777777777777,10000000.0,8.971174949753744e-10,24.0,4.0,,0.09844092284025982,3.496205046718465,0.025796829529308327,0.4231381165441891,0.20658186708743695,790.1133846068717,1.0
830.0,0.0105,0.0124999999999999,400000.0,0.000127,1.0,25.0,250.0,0.0026514905480708,2912.4395674818074,220.5130739903045,116.79978600041946,0.0,0.0006999427057965,0.3156272373511407,0.1729906675296757,50.8,1.1698411927535276e-08,1.9228820886397113e-09,706.7545935905557,3.0424461112508285,0.0001591951084276,0.00148,6.65847e-07,0.0154111111111111,0.01157,6.76e-06,0.0805555555555555,0.023,9e-06,0.0031111111111111,0.03605,0.0990777777777777,10000000.0,6.902295222496293e-10,24.0,3.0,,0.07573905483106232,3.5630631649208118,0.017333776592302286,0.03084751499040249,0.14890082591971127,61.788194016129985,1.0
831.0,0.0105,0.0124999999999999,400000.0,0.000127,1.0,25.0,275.0,0.0033887934248608,2912.4395674818074,242.0128264794384,127.91543815414256,0.0,0.0007665551535722,0.5021299121291211,0.2210943716595118,50.8,1.4506932557823131e-08,2.1944236429581704e-09,608.447543351886,2.629215058633073,0.000212055836787,0.00148,6.65847e-07,0.0154111111111111,0.01157,6.76e-06,0.0805555555555555,0.023,9e-06,0.0031111111111111,0.03605,0.0990777777777777,10000000.0,9.734214984199231e-10,24.0,3.0,,0.10681377986016882,3.512831518527904,0.0236922128445691,0.13817176060944036,0.19298048916081456,262.4269751365348,1.0
832.0,0.0105,0.0124999999999999,400000.0,0.000127,1.0,25.0,300.0,0.0042942882777103,2912.4395674818074,265.6087782946687,139.34224926228438,0.0,0.0008350322746316,0.7824278587054491,0.2801713912449979,50.8,1.7827080351604455e-08,2.4514513752556628e-09,487.7148963052925,2.284381490454769,0.0002804986250453,0.00148,6.65847e-07,0.0154111111111111,0.01157,6.76e-06,0.0805555555555555,0.023,9e-06,0.0031111111111111,0.03605,0.0990777777777777,10000000.0,7.720687621669604e-10,24.0,4.0,,0.0847192947072545,3.5210267535669804,0.022654841320635437,0.38148717275319655,0.18610329333603207,730.7256956626027,1.0
833.0,0.0105,0.0124999999999999,400000.0,0.000127,1.0,25.0,325.0,0.0054428084494099,2912.4395674818074,291.5053062825179,143.64216822518117,0.0,0.0008608002748708,1.02958826782696,0.3551040631031628,50.8,2.218592379763976e-08,2.693548091584929e-09,385.8336562255756,1.9956265711063552,0.0003755152003468,0.00148,6.65847e-07,0.0154111111111111,0.01157,6.76e-06,0.0805555555555555,0.023,9e-06,0.0031111111111111,0.03605,0.0990777777777777,10000000.0,1.1352934474609989e-09,24.0,4.0,,0.12457602854532283,3.451577762232026,0.03144585288202207,0.5138581761784743,0.24092076448580693,917.984886685749,1.0
836.0,0.0105,0.0124999999999999,400000.0,0.000127,1.0,30.0,275.0,0.0049254137577282,3494.9274809781687,242.0128264794384,129.4638974667555,0.0,0.0006465288008284,0.5224538075144949,0.3213477847127135,50.8,2.0141207111670294e-08,2.6305984465103602e-09,403.5648323028984,2.044034181402731,0.0002867270599461,0.00148,6.65847e-07,0.0154111111111111,0.01157,6.76e-06,0.0805555555555555,0.023,9e-06,0.0031111111111111,0.03605,0.0990777777777777,10000000.0,7.936771358792611e-10,24.0,4.0,,0.08709038685653255,3.5166653012353617,0.023206923894258047,0.07796563594524884,0.18977781829568827,148.66628979355508,1.0
837.0,0.0105,0.0124999999999999,400000.0,0.000127,1.0,30.0,300.0,0.0062386046078288,3494.9274809781687,265.6087782946687,140.44619427931872,0.0,0.0007013732117221,0.8221654245103024,0.4070240327076562,50.8,2.5369108431315405e-08,2.768629867539436e-09,371.8403765759375,1.9596772754459395,0.0003865891958685,0.00148,6.65847e-07,0.0154111111111111,0.01157,6.76e-06,0.0805555555555555,0.023,9e-06,0.0031111111111111,0.03605,0.0990777777777777,10000000.0,1.1831424376132754e-09,24.0,4.0,,0.12982650997495307,3.44300503897573,0.032531007724591145,0.24926488182769294,0.24717960583266393,441.62903729396396,1.0
841.0,0.0105,0.0124999999999999,450000.0,0.000127,1.0,20.0,250.0,0.0013299448312907,2071.0681368759524,220.5130739903045,113.74929325138204,0.0,0.0009585873365073,0.3131190780411587,0.0867693246389376,57.15,5.6844693251630945e-09,9.074703168118847e-10,1145.653101225536,6.973599041644556,9.0389638447444e-05,0.00148,6.65847e-07,0.0154111111111111,0.01157,6.76e-06,0.0805555555555555,0.023,9e-06,0.0031111111111111,0.03605,0.0990777777777777,10000000.0,4.802698632347255e-10,27.0,3.0,,0.05928764617314782,3.5987561461030744,0.012815677708471647,0.13101210722907317,0.11453464952690261,273.01603293203414,1.0
842.0,0.0105,0.0124999999999999,450000.0,0.000127,1.0,20.0,275.0,0.0017005060527129,2071.0681368759524,242.0128264794384,126.14016147206684,0.0,0.0010630075840989,0.4800161745466217,0.1109457762959392,57.15,7.166714210851723e-09,1.183219373559747e-09,923.3163683722414,5.675619428920308,0.0001229129245281,0.00148,6.65847e-07,0.0154111111111111,0.01157,6.76e-06,0.0805555555555555,0.023,9e-06,0.0031111111111111,0.03605,0.0990777777777777,10000000.0,6.81153746357117e-10,27.0,3.0,,0.08408606367998919,3.5595095759262523,0.017783597984018757,0.24893433457069333,0.15217686654885723,496.7012035300793,1.0
843.0,0.0105,0.0124999999999999,450000.0,0.000127,1.0,20.0,300.0,0.0021557158113159,2071.0681368759524,265.6087782946687,138.40256722311784,0.0,0.0011663452535655,0.7737573347264696,0.1406449355345274,57.15,9.351744840229057e-09,1.4688367114775302e-09,772.8578918245337,3.897832705893239,0.0001717727366924,0.00148,6.65847e-07,0.0154111111111111,0.01157,6.76e-06,0.0805555555555555,0.023,9e-06,0.0031111111111111,0.03605,0.0990777777777777,10000000.0,1.0223897179232305e-09,27.0,3.0,,0.1262104589262393,3.4965903927682263,0.025748051548325844,0.47085194026570276,0.2062718244079106,879.551573738813,1.0
844.0,0.0105,0.0124999999999999,450000.0,0.000127,1.0,20.0,325.0,0.0027332287644376,2071.0681368759524,291.5053062825179,138.7941511749181,0.0,0.0011696452074083,0.978811871062776,0.1783234976324516,57.15,1.208530615167146e-08,1.997740399334916e-09,695.8561647416491,2.9014188071816496,0.0002424322712999,0.00148,6.65847e-07,0.0154111111111111,0.01157,6.76e-06,0.0805555555555555,0.023,9e-06,0.0031111111111111,0.03605,0.0990777777777777,10000000.0,8.280055685777686e-10,28.0,4.0,,0.10600012989925194,3.4945184629181103,0.026010321149606296,0.6584382435310726,0.2079360176758764,1227.3840103453988,1.0
846.0,0.0105,0.0124999999999999,450000.0,0.000127,1.0,25.0,250.0,0.002095004877488,2588.8351710949405,220.5130739903045,116.79978600041946,0.0,0.000787435544021,0.3291727214556265,0.1366839842209784,57.15,9.064379753443512e-09,1.4132358169498955e-09,780.9526830015913,4.0025805179430405,0.0001394015445359,0.00148,6.65847e-07,0.0154111111111111,0.01157,6.76e-06,0.0805555555555555,0.023,9e-06,0.0031111111111111,0.03605,0.0990777777777777,10000000.0,7.904004996252082e-10,27.0,3.0,,0.09757219585097288,3.538869441213423,0.020396273264123663,0.05886654138367503,0.1707171815658145,114.8884410150566,1.0
847.0,0.0105,0.0124999999999999,450000.0,0.000127,1.0,25.0,275.0,0.0026775651751987,2588.8351710949405,242.0128264794384,127.91543815414254,0.0,0.0008623745477688,0.4782802223899221,0.1746918492124538,57.15,1.1821831829273852e-08,1.9467620144022263e-09,703.2779766401734,2.997458166420338,0.0001979600222268,0.00148,6.65847e-07,0.0154111111111111,0.01157,6.76e-06,0.0805555555555555,0.023,9e-06,0.0031111111111111,0.03605,0.0990777777777777,10000000.0,6.459968854820322e-10,28.0,4.0,,0.082699629536581,3.535206655244241,0.020859917057691035,0.18483874364088732,0.17392294462809876,359.35088280430375,1.0
851.0,0.0105,0.0124999999999999,450000.0,0.000127,1.0,30.0,250.0,0.003046567491733,3106.602205313928,220.5130739903045,119.07701419238867,0.0,0.0006689900488534,0.3452316274971691,0.1987665935496385,57.15,1.3252104136354381e-08,2.0972816710867216e-09,654.0776677689316,2.7595426792399285,0.0002008924595247,0.00148,6.65847e-07,0.0154111111111111,0.01157,6.76e-06,0.0805555555555555,0.023,9e-06,0.0031111111111111,0.03605,0.0990777777777777,10000000.0,6.574587316046991e-10,28.0,4.0,,0.08416695925511758,3.5325773744779863,0.021192737407849823,0.026248074692412915,0.17620891849627981,50.888504449349554,1.0
862.0,0.0105,0.0124999999999999,500000.0,0.000127,1.0,20.0,250.0,0.0010772553133455,1863.961323188357,220.5130739903045,113.749293251382,0.0,0.0010650970405637,0.320698463813119,0.0702831529575395,63.5,4.673711253382106e-09,7.194341916176268e-10,1297.266811992684,7.858704723732091,8.360860937877393e-05,0.00148,6.65847e-07,0.0154111111111111,0.01157,6.76e-06,0.0805555555555555,0.023,9e-06,0.0031111111111111,0.03605,0.0990777777777777,10000000.0,6.318038571064265e-10,27.0,3.0,,0.07799399129203469,3.5811767584184513,0.015040916655892297,0.1363713195635448,0.13180063731481464,278.64268999786594,1.0
863.0,0.0105,0.0124999999999999,500000.0,0.000127,1.0,20.0,275.0,0.0013774099026974,1863.961323188357,242.0128264794384,126.14016147206684,0.0,0.0011811195378877,0.4711652885747391,0.0898660787997107,63.5,5.874329610789894e-09,9.427909275833954e-10,1117.1740583815158,6.807341237425452,0.0001129509296602,0.00148,6.65847e-07,0.0154111111111111,0.01157,6.76e-06,0.0805555555555555,0.023,9e-06,0.0031111111111111,0.03605,0.0990777777777777,10000000.0,8.066603705629286e-10,30.0,3.0,,0.11064380047991984,3.5286037333584788,0.021695729954622895,0.23460540929510837,0.17963980977263988,452.9473749886138,1.0
864.0,0.0105,0.0124999999999999,500000.0,0.000127,1.0,20.0,300.0,0.0017461298071659,1863.961323188357,265.6087782946687,138.4025672231178,0.0,0.0012959391706284,0.7541282625298238,0.1139223977829671,63.5,7.34920922866383e-09,1.2171697885746687e-09,895.9421157004253,5.515811279247513,0.0001528332109465,0.00148,6.65847e-07,0.0154111111111111,0.01157,6.76e-06,0.0805555555555555,0.023,9e-06,0.0031111111111111,0.03605,0.0990777777777777,10000000.0,6.873217002163125e-10,28.0,4.0,,0.08798997527353097,3.5471798850104332,0.01934431835310968,0.5161658894733256,0.16335058224040513,1016.3375295883521,1.0
865.0,0.0105,0.0124999999999999,500000.0,0.000127,1.0,20.0,325.0,0.0022139152991944,1863.961323188357,291.5053062825179,138.7941511749181,0.0,0.0012996057860092,0.9700501168782903,0.1444420330822857,63.5,9.62722241618721e-09,1.522137548461281e-09,765.0979601074025,3.797418025483804,0.0002148919082043,0.00148,6.65847e-07,0.0154111111111111,0.01157,6.76e-06,0.0805555555555555,0.023,9e-06,0.0031111111111111,0.03605,0.0990777777777777,10000000.0,9.222700939946588e-10,32.0,4.0,,0.13493456493611167,3.460349995229497,0.030335443641835862,0.6546235188598929,0.23440760773178848,1179.4902684255765,1.0
867.0,0.0105,0.0124999999999999,500000.0,0.000127,1.0,25.0,250.0,0.0016969539507653,2329.9516539854462,220.5130739903045,116.7997860004194,0.0,0.0008749283822456,0.3257860030973777,0.1107140272189925,63.5,7.152505803061334e-09,1.180576115968564e-09,925.4476295408,5.688061518496236,0.0001248658523404,0.00148,6.65847e-07,0.0154111111111111,0.01157,6.76e-06,0.0805555555555555,0.023,9e-06,0.0031111111111111,0.03605,0.0990777777777777,10000000.0,9.127723854798363e-10,30.0,3.0,,0.12519842227049494,3.5081557272459176,0.024284085158744632,0.05382355360789026,0.19685245164658682,101.7355774477756,1.0
868.0,0.0105,0.0124999999999999,500000.0,0.000127,1.0,25.0,275.0,0.0021688277919109,2329.9516539854462,242.0128264794384,127.9154381541425,0.0,0.0009581939419653,0.4581480284506267,0.1415003978620875,63.5,9.413808215045149e-09,1.4808450566658023e-09,771.109627745207,3.875209906467141,0.0001756901133942,0.00148,6.65847e-07,0.0154111111111111,0.01157,6.76e-06,0.0805555555555555,0.023,9e-06,0.0031111111111111,0.03605,0.0990777777777777,10000000.0,8.22950956508431e-10,28.0,4.0,,0.10535304543959012,3.520733343324103,0.022691981857708543,0.17524458514894886,0.18635153691389592,335.5726554985076,1.0
872.0,0.0105,0.0124999999999999,500000.0,0.000127,1.0,30.0,250.0,0.0024677196683037,2795.941984782535,220.5130739903045,119.07701419238862,0.0,0.0007433222765038,0.3413204481261024,0.1610009407752072,63.5,1.0828563096637698e-08,1.7545792038226135e-09,731.2573775595015,3.359515811226583,0.0001844338004849,0.00148,6.65847e-07,0.0154111111111111,0.01157,6.76e-06,0.0805555555555555,0.023,9e-06,0.0031111111111111,0.03605,0.0990777777777777,10000000.0,8.784129244992836e-10,28.0,4.0,,0.11245321002132912,3.5102250935526924,0.02402214005662128,0.03181629732956599,0.19514342884401623,60.26612655855543,1.0
886.0,0.0105,0.0124999999999999,550000.0,0.000127,1.0,20.0,275.0,0.0011383552914855,1694.5102938075972,242.0128264794384,126.14016147206688,0.0,0.0012992314916765,0.4591321615525037,0.0742694866113311,69.85,4.9181111659420605e-09,7.649010682507398e-10,1260.6068251086908,7.644687386302026,0.0001050181541667,0.00148,6.65847e-07,0.0154111111111111,0.01157,6.76e-06,0.0805555555555555,0.023,9e-06,0.0031111111111111,0.03605,0.0990777777777777,10000000.0,9.587027247228277e-10,33.0,3.0,,0.1446481921651119,3.48996915291796,0.026586183174941803,0.2041644827760606,0.21156569451877086,378.8356611375338,1.0
887.0,0.0105,0.0124999999999999,550000.0,0.000127,1.0,20.0,300.0,0.0014430824852611,1694.5102938075972,265.6087782946687,138.40256722311787,0.0,0.0014255330876912,0.7724292536196437,0.0941507419693943,69.85,6.137019941044489e-09,9.916604574997263e-10,1077.7705088433263,6.577307255576457,0.0001413582195031,0.00148,6.65847e-07,0.0154111111111111,0.01157,6.76e-06,0.0805555555555555,0.023,9e-06,0.0031111111111111,0.03605,0.0990777777777777,10000000.0,7.41236402265073e-10,32.0,4.0,,0.10844806972026302,3.519807098995539,0.022809227975248297,0.5337804419299862,0.18713420544160042,1021.1432108636487,1.0
888.0,0.0105,0.0124999999999999,550000.0,0.000127,1.0,20.0,325.0,0.0018296820654499,1694.5102938075972,291.5053062825179,138.79415117491806,0.0,0.0014295663646101,1.001708901897154,0.1193735810597402,69.85,7.76310032724992e-09,1.2538915996993283e-09,861.7471738200063,5.076511333838772,0.0001929108016768,0.00148,6.65847e-07,0.0154111111111111,0.01157,6.76e-06,0.0805555555555555,0.023,9e-06,0.0031111111111111,0.03605,0.0990777777777777,10000000.0,1.1316323193950687e-09,32.0,4.0,,0.16556572275247267,3.4394192038053903,0.03298491091071011,0.6807195980849412,0.24976707076224686,1201.9032930322858,1.0
890.0,0.0105,0.0124999999999999,550000.0,0.000127,1.0,25.0,250.0,0.0014024412816242,2118.137867259497,220.5130739903045,116.79978600041936,0.0,0.0009624212204702,0.3140162183666567,0.091499196048754,69.85,5.974455126496968e-09,9.614177528665819e-10,1102.155231025455,6.719662825203503,0.0001157859684101,0.00148,6.65847e-07,0.0154111111111111,0.01157,6.76e-06,0.0805555555555555,0.023,9e-06,0.0031111111111111,0.03605,0.0990777777777777,10000000.0,1.0898029673227637e-09,33.0,3.0,,0.16442847712254838,3.464332199842779,0.029831367108508946,0.022038545195354226,0.2314138933651588,39.86397490533492,1.0
891.0,0.0105,0.0124999999999999,550000.0,0.000127,1.0,25.0,275.0,0.0017924196627363,2118.137867259497,242.0128264794384,127.9154381541425,0.0,0.0010540133361618,0.4834846808257209,0.1169424775719732,69.85,7.576788313681605e-09,1.238065847380405e-09,876.6521349054717,5.275605469409955,0.0001580901949704,0.00148,6.65847e-07,0.0154111111111111,0.01157,6.76e-06,0.0805555555555555,0.023,9e-06,0.0031111111111111,0.03605,0.0990777777777777,10000000.0,8.569680395306327e-10,32.0,4.0,,0.1253804176576587,3.4950575219659075,0.025942085827100326,0.20511178559608897,0.2075037124427651,382.55422290388174,1.0
895.0,0.0105,0.0124999999999999,550000.0,0.000127,1.0,30.0,250.0,0.0020394377423997,2541.765440711396,220.5130739903045,119.07701419238865,0.0,0.0008176545041542,0.3326180527200576,0.1330586287398406,69.85,8.801361980692314e-09,1.3623457676219942e-09,788.3616343466954,4.09845345969139,0.0001655337040124,0.00148,6.65847e-07,0.0154111111111111,0.01157,6.76e-06,0.0805555555555555,0.023,9e-06,0.0031111111111111,0.03605,0.0990777777777777,10000000.0,9.114690377609036e-10,32.0,4.0,,0.1333542948685444,3.4836787203432795,0.02738244046287598,0.030155129111672507,0.21653007438882654,55.601776931755104,1.0
910.0,0.0105,0.0124999999999999,600000.0,0.000127,1.0,20.0,300.0,0.0012125901438652,1553.3011026569643,265.6087782946687,138.4025672231178,0.0,0.0015551270047541,0.7601200319595497,0.0791127762381716,76.2,5.2150505754609934e-09,8.201421170657421e-10,1216.0659136808508,7.38466199947744,0.0001319966087506,0.00148,6.65847e-07,0.0154111111111111,0.01157,6.76e-06,0.0805555555555555,0.023,9e-06,0.0031111111111111,0.03605,0.0990777777777777,10000000.0,8.29992496427964e-10,36.0,4.0,,0.13661292041980955,3.4849337427844964,0.02722357686272201,0.5083443353015684,0.21554461502182906,938.4937517736972,1.0
911.0,0.0105,0.0124999999999999,600000.0,0.000127,1.0,20.0,325.0,0.0015374411799961,1553.3011026569643,291.5053062825179,138.79415117491826,0.0,0.0015595269432111,0.9753554635072909,0.100306967418254,76.2,6.514454719984673e-09,1.0618764422411687e-09,1021.1552920022988,6.246793281180221,0.0001783806384786,0.00148,6.65847e-07,0.0154111111111111,0.01157,6.76e-06,0.0805555555555555,0.023,9e-06,0.0031111111111111,0.03605,0.0990777777777777,10000000.0,1.271505538045317e-09,36.0,4.0,,0.20928392199917684,3.3891152016028485,0.0393525061262218,0.62971457408986,0.2842767132769337,1060.7035952305598,1.0
913.0,0.0105,0.0124999999999999,600000.0,0.000127,1.0,25.0,250.0,0.001178440243587,1941.6263783212053,220.5130739903045,116.7997860004194,0.0,0.0010499140586947,0.3238046726779597,0.0768847411243003,76.2,5.078450974348148e-09,7.94729844422614e-10,1236.5558538477776,7.504280221177941,0.0001084143146132,0.00148,6.65847e-07,0.0154111111111111,0.01157,6.76e-06,0.0805555555555555,0.023,9e-06,0.0031111111111111,0.03605,0.0990777777777777,10000000.0,6.474225089799163e-10,36.0,4.0,,0.10656274614278168,3.527988715458667,0.021773580321687726,0.10430718541087773,0.1801682717025589,201.2538036550414,1.0
933.0,0.0105,0.013,400000.0,0.000127,1.0,20.0,250.0,0.0020054013118804,2329.9516539854462,220.5130739903045,112.28179225628934,0.0,0.000841084818889,0.3314565133281096,0.1308379967107553,50.8,8.640256209567574e-09,1.331174183459494e-09,792.8998250826036,4.157178328542653,0.0001182293504159,0.00148,6.65847e-07,0.0154111111111111,0.01157,6.76e-06,0.0805555555555555,0.023,9e-06,0.0031111111111111,0.03605,0.0990777777777777,10000000.0,4.92481108797034e-10,24.0,3.0,,0.054040072903388414,3.600076346765749,0.01264856370053812,0.11052844371396578,0.11321022001774748,230.67465668301378,1.0
934.0,0.0105,0.013,400000.0,0.000127,1.0,20.0,275.0,0.0025567774556324,2329.9516539854462,242.0128264794384,123.64309268465456,0.0,0.0009261904902638,0.4602479563392767,0.1668113201823377,50.8,1.1250103289993662e-08,1.8361409971918791e-09,719.3830059156716,3.205859660999677,0.000167560239663,0.00148,6.65847e-07,0.0154111111111111,0.01157,6.76e-06,0.0805555555555555,0.023,9e-06,0.0031111111111111,0.03605,0.0990777777777777,10000000.0,7.327692065327711e-10,24.0,3.0,,0.08040694482498192,3.555314691041371,0.018314596070712497,0.1769796913319571,0.1560118044324567,351.5320722431012,1.0
935.0,0.0105,0.013,400000.0,0.000127,1.0,20.0,300.0,0.0032345455674248,2329.9516539854462,265.6087782946687,134.86839742412874,0.0,0.0010102774398399,0.7276488525161235,0.2110308095463872,50.8,1.3941357080557856e-08,2.1506398744654406e-09,629.0139243433507,2.68795624186137,0.0002239628454252,0.00148,6.65847e-07,0.0154111111111111,0.01157,6.76e-06,0.0805555555555555,0.023,9e-06,0.0031111111111111,0.03605,0.0990777777777777,10000000.0,5.872124465152416e-10,24.0,4.0,,0.06443496583447393,3.559636815720742,0.017767491680918804,0.41613307713526226,0.15206000006016002,830.4290040699918,1.0
936.0,0.0105,0.013,400000.0,0.000127,1.0,20.0,325.0,0.0040950577490096,2329.9516539854462,291.5053062825179,135.49624993636755,0.0,0.0010149805818715,0.91782578493476,0.2671730337070848,50.8,1.709656841303527e-08,2.394899125582211e-09,514.2789667987174,2.3602531244963267,0.0002956817701159,0.00148,6.65847e-07,0.0154111111111111,0.01157,6.76e-06,0.0805555555555555,0.023,9e-06,0.0031111111111111,0.03605,0.0990777777777777,10000000.0,8.252203637719639e-10,24.0,4.0,,0.09055163299264044,3.510353430415374,0.024005894884129943,0.5240511182350346,0.1950372000197827,992.7836385607778,1.0
937.0,0.0105,0.013,400000.0,0.000127,1.0,20.0,350.0,0.0052430992504483,2329.9516539854462,291.5053062825179,136.89404971885597,0.0,0.0010254512748777,0.9179366540416796,0.3420744757771526,50.8,2.1387087001793456e-08,2.674705928081302e-09,389.3453427801159,2.004648234460245,0.0003633998469898,0.00148,6.65847e-07,0.0154111111111111,0.01157,6.76e-06,0.0805555555555555,0.023,9e-06,0.0031111111111111,0.03605,0.0990777777777777,10000000.0,1.0844577857966437e-09,24.0,4.0,,0.11899781891786296,3.460825369813363,0.0302752696438782,0.420814359346664,0.23405146030451854,758.5693512863005,1.0
938.0,0.0105,0.013,400000.0,0.000127,1.0,25.0,250.0,0.0031605311342092,2912.4395674818074,220.5130739903045,115.05387620380829,0.0,0.0006894800425591,0.345164867700005,0.2062019006829855,50.8,1.3669970825433817e-08,2.129630630882402e-09,638.8825154387703,2.71614266503333,0.0001836179938625,0.00148,6.65847e-07,0.0154111111111111,0.01157,6.76e-06,0.0805555555555555,0.023,9e-06,0.0031111111111111,0.03605,0.0990777777777777,10000000.0,8.167069574929887e-10,24.0,3.0,,0.0896174548328004,3.540239775371952,0.02022281324405669,0.013295512184218997,0.16951142547445983,25.986266195381383,1.0
939.0,0.0105,0.013,400000.0,0.000127,1.0,25.0,275.0,0.0040277443705369,2912.4395674818074,242.0128264794384,125.28540568375011,0.0,0.0007507942339105,0.491354763130266,0.2627813204180705,50.8,1.684975269196895e-08,2.375791998724825e-09,523.2540839284019,2.385887629664204,0.0002431106074079,0.00148,6.65847e-07,0.0154111111111111,0.01157,6.76e-06,0.0805555555555555,0.023,9e-06,0.0031111111111111,0.03605,0.0990777777777777,10000000.0,6.476735818044413e-10,24.0,4.0,,0.07106938104449277,3.5467464664514083,0.019399181461847118,0.12145406166770263,0.1637380093678082,239.03392871213347,1.0
940.0,0.0105,0.013,400000.0,0.000127,1.0,25.0,300.0,0.0050934513659678,2912.4395674818074,265.6087782946687,135.8547709407245,0.0,0.0008141329639703,0.8139065027897574,0.3323110287795644,50.8,2.0788495463871224e-08,2.6605869494763302e-09,391.9767511808221,2.0114084279937705,0.0003232966407189,0.00148,6.65847e-07,0.0154111111111111,0.01157,6.76e-06,0.0805555555555555,0.023,9e-06,0.0031111111111111,0.03605,0.0990777777777777,10000000.0,9.26266102085708e-10,24.0,4.0,,0.10163940665037452,3.490561411293532,0.026511213760312395,0.3439060673598184,0.2110950445228455,638.5128922510547,1.0
944.0,0.0105,0.013,400000.0,0.000127,1.0,30.0,275.0,0.0058574173381804,3494.9274809781687,242.0128264794384,126.77878432067943,0.0,0.000633119634131,0.5449300428507478,0.382154307911442,50.8,2.3844359352721963e-08,2.732665611022652e-09,378.5431735254343,1.9768970291650343,0.0003335260944248,0.00148,6.65847e-07,0.0154111111111111,0.01157,6.76e-06,0.0805555555555555,0.023,9e-06,0.0031111111111111,0.03605,0.0990777777777777,10000000.0,9.652496603569407e-10,24.0,4.0,,0.10591708206447681,3.483095061981873,0.027456321268117364,0.020808652874828887,0.21698752727641193,38.34579922997043,1.0
948.0,0.0105,0.013,450000.0,0.000127,1.0,20.0,250.0,0.0015845146167944,2071.0681368759524,220.5130739903045,112.2817922562894,0.0,0.0009462204212501,0.3209054197059374,0.1033781702405968,57.15,6.702748467177792e-09,1.0969056224268038e-09,992.911229923331,6.081907271169415,0.0001056435494623,0.00148,6.65847e-07,0.0154111111111111,0.01157,6.76e-06,0.0805555555555555,0.023,9e-06,0.0031111111111111,0.03605,0.0990777777777777,10000000.0,5.722468184846409e-10,27.0,3.0,,0.07064188177355088,3.5805737814372485,0.01511724285604453,0.11083536769178962,0.13238092845150826,226.31461706929764,1.0
949.0,0.0105,0.013,450000.0,0.000127,1.0,20.0,275.0,0.0020201698414873,2071.0681368759524,242.0128264794384,123.64309268465452,0.0,0.0010419643015467,0.4581769213393545,0.1318015369341927,57.15,8.710160583040258e-09,1.3446996459293861e-09,790.9306878016829,4.131697396756946,0.000146473906732,0.00148,6.65847e-07,0.0154111111111111,0.01157,6.76e-06,0.0805555555555555,0.023,9e-06,0.0031111111111111,0.03605,0.0990777777777777,10000000.0,8.38988296267481e-10,27.0,3.0,,0.10357019055390523,3.5298428468144025,0.021538880150075698,0.18675519385125658,0.1785730140438739,361.03291991415836,1.0
950.0,0.0105,0.013,450000.0,0.000127,1.0,20.0,300.0,0.0025556903248789,2071.0681368759524,265.6087782946687,134.86839742412863,0.0,0.0011365621198199,0.7480022096435482,0.1667403927280096,57.15,1.1244957537760168e-08,1.8351453702338502e-09,719.5279566828123,3.2077353456690925,0.0002061716255668,0.00148,6.65847e-07,0.0154111111111111,0.01157,6.76e-06,0.0805555555555555,0.023,9e-06,0.0031111111111111,0.03605,0.0990777777777777,10000000.0,6.782742598844087e-10,28.0,4.0,,0.08683173445144951,3.527825959988024,0.021794182279997028,0.458380082464089,0.18030800749470582,884.2632568769052,1.0
952.0,0.0105,0.013,450000.0,0.000127,1.0,20.0,350.0,0.0041426957040579,2071.0681368759524,291.5053062825179,136.894049718856,0.0,0.0011536326842374,0.9521416349789452,0.2702810672807133,57.15,1.727124091487922e-08,2.4084213179158683e-09,507.9272394589374,2.3421114796616305,0.0003357798522416,0.00148,6.65847e-07,0.0154111111111111,0.01157,6.76e-06,0.0805555555555555,0.023,9e-06,0.0031111111111111,0.03605,0.0990777777777777,10000000.0,1.2830580946022665e-09,28.0,4.0,,0.16425532612025304,3.401854610914801,0.03773992266901254,0.4815552415779789,0.275840936850784,820.7015116656701,1.0
953.0,0.0105,0.013,450000.0,0.000127,1.0,25.0,250.0,0.0024972097850542,2588.8351710949405,220.5130739903045,115.05387620380824,0.0,0.000775665047879,0.3364219207333047,0.1629249585643343,57.15,1.0968149649256558e-08,1.7815871374461902e-09,727.3253619927732,3.308634939990782,0.0001680935889133,0.00148,6.65847e-07,0.0154111111111111,0.01157,6.76e-06,0.0805555555555555,0.023,9e-06,0.0031111111111111,0.03605,0.0990777777777777,10000000.0,9.947141890577627e-10,27.0,3.0,,0.12279401103175909,3.501526968619895,0.0251231685291272,0.014652951137211198,0.20227839864478142,27.509430664898222,1.0
954.0,0.0105,0.013,450000.0,0.000127,1.0,25.0,275.0,0.0031824153051156,2588.8351710949405,242.0128264794384,125.28540568375014,0.0,0.0008446435131493,0.507334815322229,0.2076296852685989,57.15,1.3750212785424033e-08,2.135842525741426e-09,635.9646259845808,2.70780866212151,0.000227276976269,0.00148,6.65847e-07,0.0154111111111111,0.01157,6.76e-06,0.0805555555555555,0.023,9e-06,0.0031111111111111,0.03605,0.0990777777777777,10000000.0,7.639281950228606e-10,28.0,4.0,,0.09779703299002479,3.5085882583137873,0.024229334390659857,0.1658580970636051,0.19649583843600665,313.63892546235843,1.0
967.0,0.0105,0.013,500000.0,0.000127,1.0,20.0,250.0,0.0012834568396035,1863.961323188357,220.5130739903045,112.28179225628936,0.0,0.0010513560236112,0.3184193218883255,0.0837363178948834,63.5,5.498517358414012e-09,8.728767891657111e-10,1173.545896237898,7.136434389647226,9.733757319005554e-05,0.00148,6.65847e-07,0.0154111111111111,0.01157,6.76e-06,0.0805555555555555,0.023,9e-06,0.0031111111111111,0.03605,0.0990777777777777,10000000.0,6.754436350024735e-10,30.0,3.0,,0.09264574474446109,3.55451650666049,0.018415632068292408,0.1059872592489809,0.15673757440880307,210.33984987820696,1.0
968.0,0.0105,0.013,500000.0,0.000127,1.0,20.0,275.0,0.0016363375716047,1863.961323188357,242.0128264794384,123.64309268465452,0.0,0.0011577381128297,0.4701288636520044,0.1067592449166961,63.5,6.910040286419106e-09,1.1354691041964067e-09,961.817457037134,5.900384934437085,0.0001318802879344,0.00148,6.65847e-07,0.0154111111111111,0.01157,6.76e-06,0.0805555555555555,0.023,9e-06,0.0031111111111111,0.03605,0.0990777777777777,10000000.0,9.779644655995136e-10,30.0,3.0,,0.13414035095430873,3.4958110491387178,0.025846702640668632,0.19317926778099956,0.20689862030318368,360.5739682909745,1.0
969.0,0.0105,0.013,500000.0,0.000127,1.0,20.0,300.0,0.0020701091631519,1863.961323188357,265.6087782946687,134.86839742412866,0.0,0.0012628467997999,0.7315783680756877,0.1350597181096877,63.5,8.946540038919064e-09,1.390435574889418e-09,784.2721115797447,4.045534421658632,0.0001826746331919,0.00148,6.65847e-07,0.0154111111111111,0.01157,6.76e-06,0.0805555555555555,0.023,9e-06,0.0031111111111111,0.03605,0.0990777777777777,10000000.0,8.670786779185507e-10,28.0,4.0,,0.1110022154200108,3.512358495090654,0.02375208922903114,0.44946643454598906,0.1933738903072694,853.2468408590518,1.0
972.0,0.0105,0.013,500000.0,0.000127,1.0,25.0,250.0,0.0020227399258939,2329.9516539854462,220.5130739903045,115.0538762038082,0.0,0.0008618500531989,0.3445253356784644,0.1319692164371107,63.5,8.722325649231141e-09,1.3470534063314136e-09,790.5880098808128,4.1272630930592005,0.0001491613430298,0.00148,6.65847e-07,0.0154111111111111,0.01157,6.76e-06,0.0805555555555555,0.023,9e-06,0.0031111111111111,0.03605,0.0990777777777777,10000000.0,6.666590940866365e-10,28.0,4.0,,0.08534477695975054,3.5513052914993755,0.01882211500007905,0.09116134228160305,0.15964488649318015,180.29293422845447,1.0
973.0,0.0105,0.013,500000.0,0.000127,1.0,25.0,275.0,0.0025777563971436,2329.9516539854462,242.0128264794384,125.28540568375011,0.0,0.0009384927923881,0.4828733695732478,0.1681800450675651,63.5,1.1349403613146712e-08,1.8553541411960883e-09,716.5858137141772,3.16966357433351,0.0002112751509618,0.00148,6.65847e-07,0.0154111111111111,0.01157,6.76e-06,0.0805555555555555,0.023,9e-06,0.0031111111111111,0.03605,0.0990777777777777,10000000.0,9.023334594482815e-10,32.0,4.0,,0.1320176958688802,3.4648784387295293,0.029762222945629226,0.14662562863680237,0.2310014186473238,265.36312582085776,1.0
991.0,0.0105,0.013,550000.0,0.000127,1.0,20.0,250.0,0.0010607081319037,1694.5102938075972,220.5130739903045,112.28179225628936,0.0,0.0011564916259724,0.3234217371545901,0.0692035685081681,69.85,4.607522527614886e-09,7.071207885667035e-10,1307.195120857767,7.916665198055559,9.07577223155333e-05,0.00148,6.65847e-07,0.0154111111111111,0.01157,6.76e-06,0.0805555555555555,0.023,9e-06,0.0031111111111111,0.03605,0.0990777777777777,10000000.0,7.982439836654152e-10,33.0,3.0,,0.12043832375386393,3.522275363046752,0.02249678948775298,0.09772984489255807,0.18504519484422927,187.44155688702884,1.0
992.0,0.0105,0.013,550000.0,0.000127,1.0,20.0,275.0,0.0013523451004998,1694.5102938075972,242.0128264794384,123.6430926846545,0.0,0.0012735119241127,0.4699926558374666,0.0882307809228893,69.85,5.774070401999258e-09,9.241392307408315e-10,1132.212939700111,6.895136722675279,0.0001222300162935,0.00148,6.65847e-07,0.0154111111111111,0.01157,6.76e-06,0.0805555555555555,0.023,9e-06,0.0031111111111111,0.03605,0.0990777777777777,10000000.0,6.188107484778442e-10,32.0,4.0,,0.09053634034904652,3.5468937773968165,0.01938053450673206,0.2551755345655307,0.1636063703168795,502.2904235752617,1.0
993.0,0.0105,0.013,550000.0,0.000127,1.0,20.0,300.0,0.0017108340191338,1694.5102938075972,265.6087782946687,134.86839742412866,0.0,0.0013891314797799,0.7482639827642258,0.1116196017435436,69.85,7.208026076535256e-09,1.1909048161642171e-09,917.1195885197116,5.639443247819225,0.0001650012548622,0.00148,6.65847e-07,0.0154111111111111,0.01157,6.76e-06,0.0805555555555555,0.023,9e-06,0.0031111111111111,0.03605,0.0990777777777777,10000000.0,9.075031079112134e-10,32.0,4.0,,0.13277405159456243,3.4845009006645022,0.027278367004493362,0.4678203294261196,0.21588476802214665,863.3047478696766,1.0
996.0,0.0105,0.013,550000.0,0.000127,1.0,25.0,250.0,0.0016716858891685,2118.137867259497,220.5130739903045,115.0538762038082,0.0,0.0009480350585188,0.3532133668890549,0.1090654681298436,69.85,7.051433556674061e-09,1.1617731658799702e-09,940.6084664988908,5.776568968573875,0.0001355025296962,0.00148,6.65847e-07,0.0154111111111111,0.01157,6.76e-06,0.0805555555555555,0.023,9e-06,0.0031111111111111,0.03605,0.0990777777777777,10000000.0,7.027226258724228e-10,32.0,4.0,,0.10281323487586326,3.5282256769845763,0.021743585191825808,0.10528466388334805,0.17996474015357783,203.1902151208671,1.0
997.0,0.0105,0.013,550000.0,0.000127,1.0,25.0,275.0,0.002130377187722,2118.137867259497,242.0128264794384,125.28540568375008,0.0,0.0010323420716269,0.5003022568792754,0.1389917727831117,69.85,9.231808688551e-09,1.445630839831478e-09,776.2363749703943,3.941550784573148,0.0001895772715111,0.00148,6.65847e-07,0.0154111111111111,0.01157,6.76e-06,0.0805555555555555,0.023,9e-06,0.0031111111111111,0.03605,0.0990777777777777,10000000.0,1.1029224659476376e-09,32.0,4.0,,0.1613652704017635,3.4450408188256336,0.032273314072704645,0.16389521369440022,0.24570267074324387,290.947070978106,1.0
1001.0,0.0105,0.013,550000.0,0.000127,1.0,30.0,250.0,0.0024323568462213,2541.765440711396,220.5130739903045,117.18479166040962,0.0,0.0008046613644905,0.3781385117028739,0.1586937712466529,69.85,1.066117907211458e-08,1.7221928704749363e-09,735.9724205038148,3.4205291741824366,0.0001997945607263,0.00148,6.65847e-07,0.0154111111111111,0.01157,6.76e-06,0.0805555555555555,0.023,9e-06,0.0031111111111111,0.03605,0.0990777777777777,10000000.0,1.1928832903952555e-09,32.0,4.0,,0.17452716818764524,3.4275704211116564,0.0344847568213093,0.008867572268575652,0.2581918419324833,15.48108839095466,1.0
1016.0,0.0105,0.013,600000.0,0.000127,1.0,20.0,275.0,0.0011363455358366,1553.3011026569643,242.0128264794384,123.64309268465456,0.0,0.0013892857353957,0.4634194830952827,0.0741383645254834,76.2,4.910072143346603e-09,7.634055306919491e-10,1261.8126784980095,7.65172703780353,0.0001143889209313,0.00148,6.65847e-07,0.0154111111111111,0.01157,6.76e-06,0.0805555555555555,0.023,9e-06,0.0031111111111111,0.03605,0.0990777777777777,10000000.0,6.916988644423658e-10,36.0,4.0,,0.1138504291655833,3.5173478900533057,0.023120520246416986,0.23938068940421597,0.18920492854850757,456.7781929149707,1.0
1020.0,0.0105,0.013,600000.0,0.000127,1.0,25.0,250.0,0.0014046805040929,1941.6263783212053,220.5130739903045,115.05387620380824,0.0,0.0010342200638387,0.3382714763160072,0.091645289192438,76.2,5.983412016371955e-09,9.630840456352527e-10,1100.8116975442067,6.711819411093325,0.000126490875671,0.00148,6.65847e-07,0.0154111111111111,0.01157,6.76e-06,0.0805555555555555,0.023,9e-06,0.0031111111111111,0.03605,0.0990777777777777,10000000.0,7.854060601061275e-10,36.0,4.0,,0.12927419952383506,3.495250792671084,0.02591762118087554,0.08130198759973414,0.20734860160291765,151.66610781423825,1.0
1021.0,0.0105,0.013,600000.0,0.000127,1.0,25.0,275.0,0.0017901086091275,1941.6263783212053,242.0128264794384,125.28540568375014,0.0,0.0011261913508658,0.4866929466836521,0.1167916979635869,76.2,7.565233045637751e-09,1.237084317491171e-09,877.5765563489799,5.287953498173226,0.0001722311473425,0.00148,6.65847e-07,0.0154111111111111,0.01157,6.76e-06,0.0805555555555555,0.023,9e-06,0.0031111111111111,0.03605,0.0990777777777777,10000000.0,1.2043934966707636e-09,36.0,4.0,,0.19823759084923182,3.402977318866372,0.03759780773843392,0.1356136578708334,0.2750879580755431,231.3629924995089,1.0
1040.0,0.011,0.011,400000.0,0.000127,1.0,20.0,275.0,0.0012041143544794,2122.951816957814,242.0128264794384,143.47036031403033,0.0,0.0011795040031057,0.436334361187603,0.0823007344829302,50.8,5.3627274179178965e-09,8.25079451628001e-10,1185.6513873123156,8.977980485990567,8.262840282994446e-05,0.00148,6.65847e-07,0.0154111111111111,0.01157,6.76e-06,0.0805555555555555,0.023,9e-06,0.0031111111111111,0.03605,0.0990777777777777,1000000.0,8.21414806132752e-09,22.0,2.0,,0.24111258014903234,3.579667512045544,0.015231960500564074,0.07687104655564034,0.13325164356053879,156.8053835640638,1.0
1041.0,0.011,0.011,400000.0,0.000127,1.0,20.0,300.0,0.0015820065626833,2122.951816957814,265.6087782946687,157.21082760822154,0.0,0.0012924676573586,0.689895460388375,0.1081295157567803,50.8,6.956302813416635e-09,1.0800885892437986e-09,975.3173749266692,7.503406475386104,0.0001151402110003,0.00148,6.65847e-07,0.0154111111111111,0.01157,6.76e-06,0.0805555555555555,0.023,9e-06,0.0031111111111111,0.03605,0.0990777777777777,1000000.0,4.782265629815637e-09,24.0,3.0,,0.5247591809356367,3.6028094766297016,0.01230259789497452,0.020956763695957892,0.11045570479238555,43.872960769465074,1.0
1042.0,0.011,0.011,400000.0,0.000127,1.0,20.0,325.0,0.0021027327926925,2122.951816957814,291.5053062825179,152.12547450448048,0.0,0.0012506597582919,0.7669818320956786,0.1437209452874195,50.8,9.532538552078129e-09,1.3517007735316291e-09,794.4222943076585,5.092804633685247,0.0001680151827526,0.00148,6.65847e-07,0.0154111111111111,0.01157,6.76e-06,0.0805555555555555,0.023,9e-06,0.0031111111111111,0.03605,0.0990777777777777,1000000.0,4.215095549591912e-09,24.0,4.0,,0.4625234688719228,3.596350248986177,0.01312022164731936,0.12468741793633625,0.11693810686952906,259.1307333419751,1.0
1043.0,0.011,0.011,400000.0,0.000127,1.0,20.0,350.0,0.0029003172764473,2122.951816957814,291.5053062825179,164.64005237517063,0.0,0.0013535450836187,0.9574185041608828,0.198235525718268,50.8,1.330777177518428e-08,2.0821525712888073e-09,688.0776964736822,3.716689586023919,0.0002350825002639,0.00148,6.65847e-07,0.0154111111111111,0.01157,6.76e-06,0.0805555555555555,0.023,9e-06,0.0031111111111111,0.03605,0.0990777777777777,1000000.0,6.22071779105007e-09,24.0,4.0,,0.6826008895262943,3.5521729005097242,0.018712291074718508,0.04053208891632021,0.15886136460410055,80.23645210696512,1.0
1044.0,0.011,0.011,400000.0,0.000127,1.0,25.0,250.0,0.0014352671849026,2653.689771197268,220.5130739903045,127.8754958376472,0.0,0.0008410359263586,0.2291025385111436,0.0980999379812196,50.8,6.287338739610449e-09,9.970892877062452e-10,1046.9596890584326,8.168312220754224,8.815340179409177e-05,0.00148,6.65847e-07,0.0154111111111111,0.01157,6.76e-06,0.0805555555555555,0.023,9e-06,0.0031111111111111,0.03605,0.0990777777777777,10000000.0,8.866734359049909e-10,22.0,2.0,,0.026026815962471084,3.5707035839974086,0.016366634937036845,0.06892578456745281,0.14177069770771658,139.21633786014192,1.0
1045.0,0.011,0.011,400000.0,0.000127,1.0,25.0,275.0,0.0018932661791796,2653.689771197268,242.0128264794384,144.53160606884353,0.0,0.0009505830057741,0.3720163709695847,0.129403986040456,50.8,8.512600895898147e-09,1.212283972225559e-09,850.8135283281481,5.840337006657864,0.000126175660133,0.00148,6.65847e-07,0.0154111111111111,0.01157,6.76e-06,0.0805555555555555,0.023,9e-06,0.0031111111111111,0.03605,0.0990777777777777,10000000.0,5.295514339140743e-10,24.0,3.0,,0.05810780877405058,3.593010293611569,0.01354300080866215,0.148454576155078,0.12025312716398501,307.36645604436245,1.0
1046.0,0.011,0.011,400000.0,0.000127,1.0,25.0,300.0,0.0024864280842801,2653.689771197268,265.6087782946687,159.2965470200624,0.0,0.0010476918827266,0.691244480232112,0.1699463649893154,50.8,1.1348696265592773e-08,1.703100432426302e-09,743.2629220959783,4.430794683360273,0.0001829623007465,0.00148,6.65847e-07,0.0154111111111111,0.01157,6.76e-06,0.0805555555555555,0.023,9e-06,0.0031111111111111,0.03605,0.0990777777777777,10000000.0,8.132184248058475e-10,24.0,3.0,,0.08923465728509453,3.540860720624977,0.020144212579116878,0.39601345795770204,0.16896390102878317,774.5241840922429,1.0
1047.0,0.011,0.011,400000.0,0.000127,1.0,25.0,325.0,0.0033036794858594,2653.689771197268,291.5053062825179,162.2079442689294,0.0,0.0010668401148891,0.9022027029353092,0.2258051713866992,50.8,1.5217019566401405e-08,2.451563783534662e-09,634.296068552073,3.0207472534741084,0.0002689278886218,0.00148,6.65847e-07,0.0154111111111111,0.01157,6.76e-06,0.0805555555555555,0.023,9e-06,0.0031111111111111,0.03605,0.0990777777777777,10000000.0,7.326213216685558e-10,24.0,4.0,,0.08039071738254658,3.5290688404849444,0.021636855634817195,0.5599568141660634,0.1792397079222683,1081.6232645145694,1.0
1048.0,0.011,0.011,400000.0,0.000127,1.0,25.0,350.0,0.0045553298446993,2653.689771197268,291.5053062825179,179.90379424628424,0.0,0.0011832255527787,1.1260298399196516,0.31135497275326,50.8,2.001581276389748e-08,2.930918894184049e-09,467.4093540400918,2.2801307707754592,0.0003471577273262,0.00148,6.65847e-07,0.0154111111111111,0.01157,6.76e-06,0.0805555555555555,0.023,9e-06,0.0031111111111111,0.03605,0.0990777777777777,10000000.0,1.0186143505788726e-09,24.0,4.0,,0.11177280261608165,3.4730226709264373,0.02873130747766614,0.6668520645503098,0.22479863164846783,1216.6038298037001,1.0
1049.0,0.011,0.011,400000.0,0.000127,1.0,30.0,250.0,0.0020837538740975,3184.427725436721,220.5130739903045,129.80087506317136,0.0,0.0007114159394248,0.2826471316795996,0.1424237437930144,50.8,9.4427050040615e-09,1.3343193105147134e-09,796.9528167870001,5.125549974146298,0.0001272910060933,0.00148,6.65847e-07,0.0154111111111111,0.01157,6.76e-06,0.0805555555555555,0.023,9e-06,0.0031111111111111,0.03605,0.0990777777777777,10000000.0,5.348018873547514e-10,24.0,3.0,,0.05868394231834652,3.5920143339030077,0.013669071657847122,0.04548944556823868,0.12123683922229476,94.077904311076,1.0
1050.0,0.011,0.011,400000.0,0.000127,1.0,30.0,275.0,0.0027470716141513,3184.427725436721,242.0128264794384,145.64631051929047,0.0,0.0007982620053325,0.4221310465728366,0.1877612459985995,50.8,1.2582408973649756e-08,1.9418055963882372e-09,708.5104514464857,3.981092500285242,0.0001853607374185,0.00148,6.65847e-07,0.0154111111111111,0.01157,6.76e-06,0.0805555555555555,0.023,9e-06,0.0031111111111111,0.03605,0.0990777777777777,10000000.0,8.260050642958579e-10,24.0,3.0,,0.0906377383736613,3.5385870890704494,0.020432014041715345,0.1076820622005757,0.17096518812931874,210.09769122002552,1.0
1051.0,0.011,0.011,400000.0,0.000127,1.0,30.0,300.0,0.0036059659087828,3184.427725436721,265.6087782946687,161.0067423202123,0.0,0.0008824498508636,0.6929933374112952,0.2464663274789459,50.8,1.6534811665537214e-08,2.6614387764277153e-09,593.9912121622833,2.641670709397609,0.000266089188054,0.00148,6.65847e-07,0.0154111111111111,0.01157,6.76e-06,0.0805555555555555,0.023,9e-06,0.0031111111111111,0.03605,0.0990777777777777,10000000.0,7.230776365207492e-10,24.0,4.0,,0.07934348646964061,3.531030203817085,0.02138858179530575,0.33113352346270847,0.17754817088441952,640.9420567495368,1.0
1052.0,0.011,0.011,400000.0,0.000127,1.0,30.0,325.0,0.0047891462423964,3184.427725436721,291.5053062825179,169.0564365805669,0.0,0.0009265688200272,0.9697646042535364,0.3273362300093005,50.8,2.0873139555453656e-08,2.997288458058374e-09,436.2338343471397,2.191088030816442,0.0003608405441209,0.00148,6.65847e-07,0.0154111111111111,0.01157,6.76e-06,0.0805555555555555,0.023,9e-06,0.0031111111111111,0.03605,0.0990777777777777,10000000.0,1.0739118242295233e-09,24.0,4.0,,0.11784060796754726,3.462762149024596,0.030030107718405592,0.48853776627668843,0.23259700678231113,882.321332774845,1.0
1054.0,0.011,0.011,400000.0,0.000127,1.0,35.0,275.0,0.0037723518351158,3715.165679676175,242.0128264794384,146.8749021243728,0.0,0.0006899963155447,0.4272017640254236,0.2578387389894359,50.8,1.7144893395424872e-08,2.708667976237091e-09,571.8064219845503,2.578307066311723,0.0002509900992793,0.00148,6.65847e-07,0.0154111111111111,0.01157,6.76e-06,0.0805555555555555,0.023,9e-06,0.0031111111111111,0.03605,0.0990777777777777,10000000.0,6.731678935887986e-10,24.0,4.0,,0.07386687813187075,3.541388691420396,0.020077380832861237,0.059446146904116856,0.16849778949535635,116.33014436318885,1.0
1055.0,0.011,0.011,400000.0,0.000127,1.0,35.0,300.0,0.0049489904164282,3715.165679676175,265.6087782946687,162.62641961815817,0.0,0.0007639945880728,0.7315458556837805,0.338261515366706,50.8,2.145923486023701e-08,3.042660759671221e-09,414.9212778095632,2.130215639647729,0.0003377135266329,0.00148,6.65847e-07,0.0154111111111111,0.01157,6.76e-06,0.0805555555555555,0.023,9e-06,0.0031111111111111,0.03605,0.0990777777777777,10000000.0,9.81466265721089e-10,24.0,4.0,,0.10769653414998863,3.4800162651030493,0.02784604239201917,0.24953780616708565,0.21939177653782507,458.43168138883357,1.0
1058.0,0.011,0.011,450000.0,0.000127,1.0,20.0,300.0,0.001249980493972,1887.06828174028,265.6087782946687,157.21082760822162,0.0,0.0014540261145284,0.6953559028286093,0.0854356667707894,57.15,5.546191975888047e-09,8.59210234803839e-10,1158.131703616793,8.817323324544475,0.0001046829464381,0.00148,6.65847e-07,0.0154111111111111,0.01157,6.76e-06,0.0805555555555555,0.023,9e-06,0.0031111111111111,0.03605,0.0990777777777777,1000000.0,3.139733466007536e-09,28.0,4.0,,0.4019443441877875,3.615603335393896,0.01068312210203845,0.17192589187003243,0.09733085382623545,365.2372235628953,1.0
1059.0,0.011,0.011,450000.0,0.000127,1.0,20.0,325.0,0.0016614185028681,1887.06828174028,291.5053062825179,152.1254745044805,0.0,0.0014069922280784,0.7734008282866445,0.1135572901036401,57.15,7.353362514340988e-09,1.113815713771655e-09,943.552598852721,7.079106096620135,0.0001487258959191,0.00148,6.65847e-07,0.0154111111111111,0.01157,6.76e-06,0.0805555555555555,0.023,9e-06,0.0031111111111111,0.03605,0.0990777777777777,1000000.0,4.6343350187786266e-09,28.0,4.0,,0.5932811718053657,3.578369164198677,0.015396308329281495,0.030512366377638656,0.1344960143633072,62.15128485072015,1.0
1060.0,0.011,0.011,450000.0,0.000127,1.0,20.0,350.0,0.0022916087122547,1887.06828174028,291.5053062825179,164.64005237517034,0.0,0.001522738219071,0.899034045737717,0.1566305388391255,57.15,1.0426551238005696e-08,1.5246790069442444e-09,769.2388383660367,4.766926936282271,0.0002068938772172,0.00148,6.65847e-07,0.0154111111111111,0.01157,6.76e-06,0.0805555555555555,0.023,9e-06,0.0031111111111111,0.03605,0.0990777777777777,10000000.0,6.811404309620122e-10,28.0,4.0,,0.08719865771630304,3.5271740852618225,0.021876698068123736,0.6191548491822884,0.18086720574106835,1193.5998089140414,1.0
1062.0,0.011,0.011,450000.0,0.000127,1.0,25.0,275.0,0.0014959140181172,2358.8353521753497,242.0128264794384,144.5316060688435,0.0,0.0010694058814958,0.3741976331899929,0.1022451247727059,57.15,6.529926072468953e-09,1.0422189615277435e-09,1010.5715891296568,7.955882132180024,0.0001121812145401,0.00148,6.65847e-07,0.0154111111111111,0.01157,6.76e-06,0.0805555555555555,0.023,9e-06,0.0031111111111111,0.03605,0.0990777777777777,10000000.0,6.128514050154737e-10,27.0,3.0,,0.07565437692165979,3.572662162161128,0.016118713650490127,0.1602481314956271,0.13992365089111375,324.3658528465955,1.0
1063.0,0.011,0.011,450000.0,0.000127,1.0,25.0,300.0,0.0019645851530114,2358.8353521753497,265.6087782946687,159.29654702006226,0.0,0.0011786533680674,0.6924801666271344,0.1342786093742739,57.15,8.869195765057437e-09,1.2425739249206618e-09,822.2859387954052,5.459277589905033,0.0001610162391095,0.00148,6.65847e-07,0.0154111111111111,0.01157,6.76e-06,0.0805555555555555,0.023,9e-06,0.0031111111111111,0.03605,0.0990777777777777,10000000.0,9.42474604627363e-10,27.0,3.0,,0.11634521581258431,3.5109229834838365,0.023933799559008047,0.40580634144027616,0.1945654228421215,769.226518461332,1.0
1064.0,0.011,0.011,450000.0,0.000127,1.0,25.0,325.0,0.0026103146554938,2358.8353521753497,291.5053062825179,162.2079442689294,0.0,0.0012001951292503,0.8698871514020462,0.1784139625771451,57.15,1.1935092702671076e-08,1.8165594709409687e-09,726.7447126008148,4.217046574761433,0.0002370498506813,0.00148,6.65847e-07,0.0154111111111111,0.01157,6.76e-06,0.0805555555555555,0.023,9e-06,0.0031111111111111,0.03605,0.0990777777777777,10000000.0,8.049895759736512e-10,28.0,4.0,,0.10305365429765999,3.4995411004600663,0.02537454424556123,0.552369534527241,0.20388968106840674,1034.923191500453,1.0
1065.0,0.011,0.011,450000.0,0.000127,1.0,25.0,350.0,0.003599272963713,2358.8353521753497,291.5053062825179,179.90379424628455,0.0,0.001331128746876,1.07593443687889,0.2460088673606007,57.15,1.6510270866947814e-08,2.659538961659825e-09,594.8836048382614,2.644219539048921,0.0003275829092946,0.00148,6.65847e-07,0.0154111111111111,0.01157,6.76e-06,0.0805555555555555,0.023,9e-06,0.0031111111111111,0.03605,0.0990777777777777,10000000.0,1.2380212908744531e-09,28.0,4.0,,0.15848977667643074,3.410496381170333,0.03664602769995791,0.6353857928418583,0.27000442237061645,1091.5983675206685,1.0
1066.0,0.011,0.011,450000.0,0.000127,1.0,30.0,250.0,0.0016464228141017,2830.602422610419,220.5130739903045,129.80087506317142,0.0,0.0008003429318529,0.2908345253142564,0.1125323407747275,57.15,7.278384070508647e-09,1.1074468797999595e-09,949.5508743593084,7.159228511570038,0.0001130652266948,0.00148,6.65847e-07,0.0154111111111111,0.01157,6.76e-06,0.0805555555555555,0.023,9e-06,0.0031111111111111,0.03605,0.0990777777777777,10000000.0,6.183990363116755e-10,27.0,3.0,,0.07633921273287025,3.5715866309480946,0.016254856842013436,0.06591297180665853,0.14093891894171726,133.260084948419,1.0
1067.0,0.011,0.011,450000.0,0.000127,1.0,30.0,275.0,0.0021705257198232,2830.602422610419,242.0128264794384,145.64631051929047,0.0,0.0008980447559991,0.4047906553687077,0.1483545647396342,57.15,9.853425073830262e-09,1.413787569985768e-09,785.3832373568941,4.975837880883812,0.0001633212687033,0.00148,6.65847e-07,0.0154111111111111,0.01157,6.76e-06,0.0805555555555555,0.023,9e-06,0.0031111111111111,0.03605,0.0990777777777777,10000000.0,9.593476510271812e-10,27.0,3.0,,0.11842813477418197,3.5078769280816715,0.02431937619219346,0.10195795585489144,0.19708214824882922,192.66258466236457,1.0
1068.0,0.011,0.011,450000.0,0.000127,1.0,30.0,300.0,0.0028491582489148,2830.602422610419,265.6087782946687,161.00674232021228,0.0,0.0009927560822216,0.7162040583318232,0.1947388266500314,57.15,1.3065619044863693e-08,2.0352995991037007e-09,694.8989001446848,3.804956984707242,0.0002370616517541,0.00148,6.65847e-07,0.0154111111111111,0.01157,6.76e-06,0.0805555555555555,0.023,9e-06,0.0031111111111111,0.03605,0.0990777777777777,10000000.0,8.05039721992531e-10,28.0,4.0,,0.10306007392177473,3.4995301197389397,0.025375934210260798,0.38235515776001694,0.2038985724483632,716.3751364676668,1.0
1069.0,0.011,0.011,450000.0,0.000127,1.0,30.0,325.0,0.0037840167841157,2830.602422610419,291.5053062825179,169.05643658056698,0.0,0.0010423899225306,0.9697646042535364,0.2586360335875957,57.15,1.7187664875090963e-08,2.71197911089386e-09,570.2510954512376,2.5738647815504385,0.0003397540987491,0.00148,6.65847e-07,0.0154111111111111,0.01157,6.76e-06,0.0805555555555555,0.023,9e-06,0.0031111111111111,0.03605,0.0990777777777777,10000000.0,1.305327629915284e-09,28.0,4.0,,0.16710624128985807,3.3976215775359453,0.03827574967899432,0.5079723293760824,0.27866593882010404,862.346180676324,1.0
1070.0,0.011,0.011,450000.0,0.000127,1.0,35.0,250.0,0.0022624567862178,3302.369493045489,220.5130739903045,131.51278921930174,0.0,0.0006950558334528,0.2724461309810446,0.1546380163552734,57.15,1.028856545476434e-08,1.4979807985218647e-09,773.1257618376242,4.817224309043132,0.000155964588735,0.00148,6.65847e-07,0.0154111111111111,0.01157,6.76e-06,0.0805555555555555,0.023,9e-06,0.0031111111111111,0.03605,0.0990777777777777,10000000.0,4.891789805555805e-10,28.0,4.0,,0.06262401782145137,3.5721321262328525,0.01618580680596804,0.019134096804319725,0.14042428807346438,38.70768971229406,1.0
1071.0,0.011,0.011,450000.0,0.000127,1.0,35.0,275.0,0.0029806236721903,3302.369493045489,242.0128264794384,146.87490212437282,0.0,0.0007762458549877,0.4375083477958706,0.2037244357447396,57.15,1.3687888715034189e-08,2.155699577702062e-09,677.3701770412905,3.5781326784408547,0.0002268307045283,0.00148,6.65847e-07,0.0154111111111111,0.01157,6.76e-06,0.0805555555555555,0.023,9e-06,0.0031111111111111,0.03605,0.0990777777777777,10000000.0,7.62075015036126e-10,28.0,4.0,,0.09755979144627772,3.50899921737092,0.024177314256845557,0.10017412060485328,0.19615671740404828,189.50997487416436,1.0
1077.0,0.011,0.011,500000.0,0.000127,1.0,20.0,300.0,0.0010124842001173,1698.3614535662512,265.6087782946687,157.2108276082217,0.0,0.0016155845716982,0.6918974618524973,0.0692028900843394,63.5,4.596206800469319e-09,6.824799801911097e-10,1300.629479929602,9.649211092881025,9.72199610276202e-05,0.00148,6.65847e-07,0.0154111111111111,0.01157,6.76e-06,0.0805555555555555,0.023,9e-06,0.0031111111111111,0.03605,0.0990777777777777,1000000.0,4.0117290035452674e-09,28.0,4.0,,0.5135760091889463,3.6067308081607203,0.011806226815098748,0.07306856257921157,0.10647366911437486,153.65371588672332,1.0
1078.0,0.011,0.011,500000.0,0.000127,1.0,20.0,325.0,0.0013457489873232,1698.3614535662512,291.5053062825179,152.1254745044804,0.0,0.0015633246978649,0.738495025625735,0.0919814049839485,63.5,5.929265949292959e-09,9.304753056777284e-10,1100.670607606056,8.481871192143394,0.0001354094048827,0.00148,6.65847e-07,0.0154111111111111,0.01157,6.76e-06,0.0805555555555555,0.023,9e-06,0.0031111111111111,0.03605,0.0990777777777777,10000000.0,1.0115920799633805e-09,30.0,3.0,,0.1387528089230756,3.4895068908879887,0.02664469735595082,0.47171081171871077,0.21193265028873617,874.8715899347192,1.0
1079.0,0.011,0.011,500000.0,0.000127,1.0,20.0,350.0,0.0018562030569263,1698.3614535662512,291.5053062825179,164.64005237517088,0.0,0.0016919313545233,0.9431611997305932,0.1268707364596916,63.5,8.32728528463163e-09,1.1965428565102367e-09,865.6387772294695,6.038366380750931,0.0001847979274057,0.00148,6.65847e-07,0.0154111111111111,0.01157,6.76e-06,0.0805555555555555,0.023,9e-06,0.0031111111111111,0.03605,0.0990777777777777,10000000.0,8.807703986068717e-10,28.0,4.0,,0.11275501060229343,3.509782255639774,0.02407819548863621,0.6674854526686079,0.1955097657874027,1263.769093409283,1.0
1080.0,0.011,0.011,500000.0,0.000127,1.0,25.0,275.0,0.0012116903546749,2122.951816957814,242.0128264794384,144.53160606884353,0.0,0.0011882287572176,0.3775697566709194,0.0828185510658918,63.5,5.393031418699853e-09,8.307170488374721e-10,1181.105787195022,8.95144372706582,0.0001038400383164,0.00148,6.65847e-07,0.0154111111111111,0.01157,6.76e-06,0.0805555555555555,0.023,9e-06,0.0031111111111111,0.03605,0.0990777777777777,10000000.0,7.290846791372509e-10,30.0,3.0,,0.10000330091229553,3.5438380496037905,0.019767335493191103,0.15869790469273198,0.16632855107909447,311.3660588669812,1.0
1081.0,0.011,0.011,500000.0,0.000127,1.0,25.0,300.0,0.0015913139739393,2122.951816957814,265.6087782946687,159.2965470200625,0.0,0.0013096148534082,0.6986702282612749,0.1087656735931619,63.5,7.002839869696526e-09,1.084041549185736e-09,971.5944104242778,7.453676697823074,0.0001447769354471,0.00148,6.65847e-07,0.0154111111111111,0.01157,6.76e-06,0.0805555555555555,0.023,9e-06,0.0031111111111111,0.03605,0.0990777777777777,10000000.0,6.423580477597413e-10,28.0,4.0,,0.08223379055447408,3.556190646430975,0.018203715641648695,0.47162076411363885,0.15521387996440236,937.658804319685,1.0
1082.0,0.011,0.011,500000.0,0.000127,1.0,25.0,325.0,0.00211435487095,2122.951816957814,291.5053062825179,162.20794426892954,0.0,0.0013335501436114,0.8685480488885409,0.1445153096874875,63.5,9.587549722496904e-09,1.362344621462184e-09,792.8726838733267,5.072752442223427,0.0002112412408939,0.00148,6.65847e-07,0.0154111111111111,0.01157,6.76e-06,0.0805555555555555,0.023,9e-06,0.0031111111111111,0.03605,0.0990777777777777,10000000.0,9.021475676815717e-10,32.0,4.0,,0.1319904986033183,3.4649207810447855,0.02975686315888796,0.5559922405977349,0.2309694267205375,1006.2768578076098,1.0
1084.0,0.011,0.011,500000.0,0.000127,1.0,30.0,250.0,0.0013336024794224,2547.542180349377,220.5130739903045,129.8008750631714,0.0,0.000889269924281,0.2826471316795996,0.0911511960275293,63.5,5.880679917689602e-09,9.214366154349055e-10,1107.9585123465597,8.52441725122798,0.0001034161194632,0.00148,6.65847e-07,0.0154111111111111,0.01157,6.76e-06,0.0805555555555555,0.023,9e-06,0.0031111111111111,0.03605,0.0990777777777777,10000000.0,7.25545168879711e-10,30.0,3.0,,0.09951781175102854,3.544538999304803,0.019678607682936354,0.05592812390104175,0.1657056806385056,109.81323516527436,1.0
1085.0,0.011,0.011,500000.0,0.000127,1.0,30.0,275.0,0.0017581258330568,2547.542180349377,242.0128264794384,145.6463105192904,0.0,0.0009978275066656,0.4166304534140672,0.1201671974391037,63.5,7.836899165284342e-09,1.1548883806834155e-09,904.8696667772526,6.562395930202161,0.000146461724785,0.00148,6.65847e-07,0.0154111111111111,0.01157,6.76e-06,0.0805555555555555,0.023,9e-06,0.0031111111111111,0.03605,0.0990777777777777,10000000.0,6.516492505231083e-10,28.0,4.0,,0.08342323750653849,3.5543184909597207,0.018440697346870774,0.1769900184684249,0.1569174321510831,351.1753571304841,1.0
1086.0,0.011,0.011,500000.0,0.000127,1.0,30.0,300.0,0.002307818181621,2547.542180349377,265.6087782946687,161.00674232021214,0.0,0.0011030623135795,0.7332126586962581,0.1577384495865254,63.5,1.0503276059672924e-08,1.5395241252739971e-09,767.0775757838613,4.738959874279533,0.0002116080547882,0.00148,6.65847e-07,0.0154111111111111,0.01157,6.76e-06,0.0805555555555555,0.023,9e-06,0.0031111111111111,0.03605,0.0990777777777777,10000000.0,9.041594155910871e-10,32.0,4.0,,0.13228484602296875,3.4644626402228513,0.029814855667993467,0.4071393630867639,0.2313154357307583,736.5401088860087,1.0
1088.0,0.011,0.011,500000.0,0.000127,1.0,35.0,250.0,0.0018325899968364,2972.13254374094,220.5130739903045,131.51278921930182,0.0,0.000772284259392,0.2700207132357879,0.1252567932477714,63.5,8.209219984182164e-09,1.186514130146398e-09,875.0840012654269,6.164531669203034,0.0001397632776222,0.00148,6.65847e-07,0.0154111111111111,0.01157,6.76e-06,0.0805555555555555,0.023,9e-06,0.0031111111111111,0.03605,0.0990777777777777,10000000.0,6.150462713209635e-10,28.0,4.0,,0.07873737463632696,3.56172497999292,0.017503167089503818,0.029976545351689532,0.15013746122430072,59.956381728268326,1.0
1089.0,0.011,0.011,500000.0,0.000127,1.0,35.0,275.0,0.0024143051744741,2972.13254374094,242.0128264794384,146.87490212437282,0.0,0.0008624953944308,0.4284708185365233,0.165016792953239,63.5,1.1007314492511024e-08,1.6370481079386695e-09,752.8793100701121,4.555232186203761,0.0002027120564598,0.00148,6.65847e-07,0.0154111111111111,0.01157,6.76e-06,0.0805555555555555,0.023,9e-06,0.0031111111111111,0.03605,0.0990777777777777,10000000.0,8.559830988259317e-10,32.0,4.0,,0.12523631394406975,3.475504524338293,0.028417148817937575,0.10216771163921454,0.2228884676176016,186.8539007760152,1.0
1096.0,0.011,0.011,550000.0,0.000127,1.0,20.0,325.0,0.0011121892457216,1543.9649577875011,291.5053062825179,152.12547450448042,0.0,0.0017196571676514,0.7623976576994765,0.0760176900693789,69.85,4.995026982886741e-09,7.56674393122089e-10,1240.8064525669888,9.299970241440825,0.0001262513471806,0.00148,6.65847e-07,0.0154111111111111,0.01157,6.76e-06,0.0805555555555555,0.023,9e-06,0.0031111111111111,0.03605,0.0990777777777777,10000000.0,6.437622004050323e-10,32.0,4.0,,0.09418691227178623,3.5412953990061165,0.02008918999922581,0.5561430553583113,0.16858018940969113,1088.208303546375,1.0
1097.0,0.011,0.011,550000.0,0.000127,1.0,20.0,350.0,0.0015340521131622,1543.9649577875011,291.5053062825179,164.64005237517063,0.0,0.0018611244899757,0.9472439777964844,0.1048518483137946,69.85,6.716530565811262e-09,1.0597218070332534e-09,994.4991547350988,7.7596285378106895,0.0001677056530896,0.00148,6.65847e-07,0.0154111111111111,0.01157,6.76e-06,0.0805555555555555,0.023,9e-06,0.0031111111111111,0.03605,0.0990777777777777,10000000.0,9.27758435363552e-10,32.0,4.0,,0.1357375476628147,3.4803112589630554,0.027808701397081623,0.6706045818198751,0.21916205397077096,1232.3457603108288,1.0
1098.0,0.011,0.011,550000.0,0.000127,1.0,25.0,275.0,0.0010013969873346,1929.9561972343763,242.0128264794384,144.53160606884353,0.0,0.0013070516329394,0.3759110948047323,0.0684450835255304,69.85,4.551857949338719e-09,6.74229552758241e-10,1307.2818075991922,9.688046716583324,9.729502509662596e-05,0.00148,6.65847e-07,0.0154111111111111,0.01157,6.76e-06,0.0805555555555555,0.023,9e-06,0.0031111111111111,0.03605,0.0990777777777777,10000000.0,8.701094719916858e-10,33.0,3.0,,0.13128132304591594,3.5076771069322827,0.024344670008571847,0.14013468823328584,0.19724669576083675,264.74813050937104,1.0
1099.0,0.011,0.011,550000.0,0.000127,1.0,25.0,300.0,0.0013151355156523,1929.9561972343763,265.6087782946687,159.29654702006238,0.0,0.0014405763387491,0.6783778911065707,0.0898889864406296,69.85,5.8068120626092716e-09,9.076946274819999e-10,1119.0386906086092,8.589102223904,0.0001337092697441,0.00148,6.65847e-07,0.0154111111111111,0.01157,6.76e-06,0.0805555555555555,0.023,9e-06,0.0031111111111111,0.03605,0.0990777777777777,10000000.0,6.911176513788398e-10,32.0,4.0,,0.10111534594442909,3.530780636132058,0.021420172641511654,0.45132355872151186,0.17776379238797996,873.3528659378823,1.0
1100.0,0.011,0.011,550000.0,0.000127,1.0,25.0,325.0,0.0017474007197934,1929.9561972343763,291.5053062825179,162.20794426892957,0.0,0.0014669051579725,0.899687035778347,0.119434140237593,69.85,7.783273598967151e-09,1.1503333071041875e-09,909.159712082628,6.619700532122109,0.0001912700099486,0.00148,6.65847e-07,0.0154111111111111,0.01157,6.76e-06,0.0805555555555555,0.023,9e-06,0.0031111111111111,0.03605,0.0990777777777777,10000000.0,1.1174268606382507e-09,32.0,4.0,,0.16348736478602624,3.4421952805819727,0.03263350878709209,0.5807155307547277,0.24776546974977426,1028.0680318120976,1.0
1102.0,0.011,0.011,550000.0,0.000127,1.0,30.0,250.0,0.0011021508094399,2315.9474366812515,220.5130739903045,129.8008750631714,0.0,0.0009781969167091,0.2735241855320248,0.0753315669649002,69.85,4.954873237759999e-09,7.49204401185872e-10,1246.829514336,9.335132273742136,9.679161285414244e-05,0.00148,6.65847e-07,0.0154111111111111,0.01157,6.76e-06,0.0805555555555555,0.023,9e-06,0.0031111111111111,0.03605,0.0990777777777777,10000000.0,8.644775967050322e-10,33.0,3.0,,0.1304315908424852,3.508813491024122,0.02420082392099719,0.031711027724639296,0.196310013153221,59.97966328542227,1.0
1103.0,0.011,0.011,550000.0,0.000127,1.0,30.0,275.0,0.0014529965562453,2315.9474366812515,242.0128264794384,145.64631051929044,0.0,0.0010976102573322,0.3501398065011428,0.0993117334207467,69.85,6.3582562249813785e-09,1.0102824043678543e-09,1036.322066252793,8.106210842577182,0.0001336545695166,0.00148,6.65847e-07,0.0154111111111111,0.01157,6.76e-06,0.0805555555555555,0.023,9e-06,0.0031111111111111,0.03605,0.0990777777777777,10000000.0,6.907650241836514e-10,32.0,4.0,,0.10106375411956432,3.530858404206935,0.02141032858140069,0.11371431896083169,0.1776966144490304,220.06571215466565,1.0
1104.0,0.011,0.011,550000.0,0.000127,1.0,30.0,300.0,0.0019072877534058,2315.9474366812515,265.6087782946687,161.00674232021203,0.0,0.0012133685449375,0.7345495901905,0.1303623550301861,69.85,8.582708767029082e-09,1.2182390890367372e-09,845.2048986376733,5.76541931492012,0.000191038698573,0.00148,6.65847e-07,0.0154111111111111,0.01157,6.76e-06,0.0805555555555555,0.023,9e-06,0.0031111111111111,0.03605,0.0990777777777777,10000000.0,1.1154358974670253e-09,32.0,4.0,,0.16319607294965155,3.4425852147058214,0.03258415003723776,0.40494116221066234,0.24748346449110464,717.1551490593538,1.0
1106.0,0.011,0.011,550000.0,0.000127,1.0,35.0,250.0,0.0015145371874681,2701.938676128126,220.5130739903045,131.5127892193018,0.0,0.0008495126853313,0.2724224225931098,0.1035180109485714,69.85,6.618955937340632e-09,1.0514336034267755e-09,1002.3051250127496,7.863897371242177,0.0001271713747894,0.00148,6.65847e-07,0.0154111111111111,0.01157,6.76e-06,0.0805555555555555,0.023,9e-06,0.0031111111111111,0.03605,0.0990777777777777,10000000.0,6.49526988095524e-10,32.0,4.0,,0.095030341028753,3.5400076932116464,0.02025219073270297,0.037824070615785285,0.16971588097690846,73.90947977147,1.0
1107.0,0.011,0.011,550000.0,0.000127,1.0,35.0,275.0,0.0019952935326232,2701.938676128126,242.0128264794384,146.87490212437274,0.0,0.0009487449338739,0.4242487475392918,0.1363775148373875,69.85,9.022737663116356e-09,1.2556161115339623e-09,810.0025869506915,5.295201796387882,0.000182836752355,0.00148,6.65847e-07,0.0154111111111111,0.01157,6.76e-06,0.0805555555555555,0.023,9e-06,0.0031111111111111,0.03605,0.0990777777777777,10000000.0,1.0466115259328358e-09,32.0,4.0,,0.1531265860494063,3.456195128661796,0.030861376118759994,0.0986946466524978,0.2375063650432336,177.10669052484386,1.0
1115.0,0.011,0.011,600000.0,0.000127,1.0,25.0,300.0,0.0011050791485689,1769.126514131512,265.6087782946687,159.29654702006243,0.0,0.0015715378240899,0.6840144584569958,0.0755317177730291,76.2,4.9665865942758494e-09,7.51383492536959e-10,1245.0725108586223,9.324875063141551,0.0001255961023267,0.00148,6.65847e-07,0.0154111111111111,0.01157,6.76e-06,0.0805555555555555,0.023,9e-06,0.0031111111111111,0.03605,0.0990777777777777,10000000.0,7.782807446272386e-10,36.0,4.0,,0.12810140560018785,3.4969111764947476,0.02570744601332313,0.4443313350837787,0.2060135425678219,830.2811632669834,1.0
1116.0,0.011,0.011,600000.0,0.000127,1.0,25.0,325.0,0.0014683019937153,1769.126514131512,291.5053062825179,162.2079442689296,0.0,0.0016002601723337,0.8894486713520433,0.1003578539496442,76.2,6.4194779748612545e-09,1.021671777301319e-09,1027.1388037708116,8.052599874533623,0.0001754856359444,0.00148,6.65847e-07,0.0154111111111111,0.01157,6.76e-06,0.0805555555555555,0.023,9e-06,0.0031111111111111,0.03605,0.0990777777777777,10000000.0,1.2394944740238675e-09,36.0,4.0,,0.20401504913522167,3.3956973720605204,0.038519319992339256,0.5490257682671775,0.2799428230433564,930.3896282384915,1.0
1118.0,0.011,0.011,600000.0,0.000127,1.0,30.0,275.0,0.0012209207174006,2122.951816957814,242.0128264794384,145.64631051929044,0.0,0.0011973930079988,0.4383443836461633,0.0834494426660442,76.2,5.429952869602412e-09,8.37585721725767e-10,1175.567569559638,8.919112166332212,0.0001254188074796,0.00148,6.65847e-07,0.0154111111111111,0.01157,6.76e-06,0.0805555555555555,0.023,9e-06,0.0031111111111111,0.03605,0.0990777777777777,10000000.0,7.768727979835237e-10,36.0,4.0,,0.12786966410418524,3.497239646514151,0.02566586752985429,0.19097527687593377,0.2057488978020431,356.97690762535206,1.0
1119.0,0.011,0.011,600000.0,0.000127,1.0,30.0,300.0,0.0016026515150146,2122.951816957814,265.6087782946687,161.0067423202122,0.0,0.0013236747762955,0.71472349541111,0.1095405899906426,76.2,7.059527575073055e-09,1.0888567275933703e-09,967.0593939941556,7.393099875731483,0.0001749772020723,0.00148,6.65847e-07,0.0154111111111111,0.01157,6.76e-06,0.0805555555555555,0.023,9e-06,0.0031111111111111,0.03605,0.0990777777777777,10000000.0,1.2339504686985048e-09,36.0,4.0,,0.20310253153827912,3.3968428362892276,0.038374324520351,0.36603037388218823,0.27918324913735015,620.9364359106743,1.0
1121.0,0.011,0.011,600000.0,0.000127,1.0,35.0,250.0,0.0012726319422475,2476.7771197841166,220.5130739903045,131.5127892193018,0.0,0.0009267411112705,0.282289104118689,0.0869838841998413,76.2,5.636797768990092e-09,8.760660608721292e-10,1144.5408346514862,8.737981190611912,0.0001192232884215,0.00148,6.65847e-07,0.0154111111111111,0.01157,6.76e-06,0.0805555555555555,0.023,9e-06,0.0031111111111111,0.03605,0.0990777777777777,10000000.0,7.284591815492468e-10,36.0,4.0,,0.1199010070890491,3.508611665299168,0.024226371481118017,0.03935421282979859,0.19647653081204175,74.42090459592588,1.0
1129.0,0.011,0.0115,400000.0,0.000127,1.0,20.0,250.0,0.0011301627900425,2122.951816957814,220.5130739903045,125.75405288844212,0.0,0.0010338540201894,0.2679982452085439,0.0772461746342911,50.8,5.066921160170133e-09,7.700492084194608e-10,1230.0223259744798,9.237013588806416,7.188705509540384e-05,0.00148,6.65847e-07,0.0154111111111111,0.01157,6.76e-06,0.0805555555555555,0.023,9e-06,0.0031111111111111,0.03605,0.0990777777777777,10000000.0,6.991650884133757e-10,22.0,2.0,,0.020522821984563892,3.596684114563604,0.013077960181822345,0.1341792485896888,0.11660535983039225,278.9621387024105,1.0
1130.0,0.011,0.0115,400000.0,0.000127,1.0,20.0,275.0,0.0014827008680387,2122.951816957814,242.0128264794384,141.95056202154856,0.0,0.0011670093793662,0.5173374972898787,0.1013420112500996,50.8,6.477073472154898e-09,1.0323865412414683e-09,1018.4994791767652,8.002164361486038,9.894286004518937e-05,0.00148,6.65847e-07,0.0154111111111111,0.01157,6.76e-06,0.0805555555555555,0.023,9e-06,0.0031111111111111,0.03605,0.0990777777777777,1000000.0,1.0192861244355714e-08,22.0,2.0,,0.29919439671391757,3.552739019315331,0.018640630466413777,0.08075108932586134,0.15834932483750733,159.95043088023627,1.0
1131.0,0.011,0.0115,400000.0,0.000127,1.0,20.0,300.0,0.001940274540321,2122.951816957814,265.6087782946687,154.2160407367739,0.0,0.0012678468012069,0.7879448787270211,0.1326169887211296,50.8,8.747642701605396e-09,1.2322489402943059e-09,832.0101838715684,5.589169922828265,0.0001413486328073,0.00148,6.65847e-07,0.0154111111111111,0.01157,6.76e-06,0.0805555555555555,0.023,9e-06,0.0031111111111111,0.03605,0.0990777777777777,1000000.0,3.4763942731610273e-09,24.0,4.0,,0.3814655965615292,3.6134057942913134,0.01096129186185908,0.23781229344436233,0.099612727531738,503.92835645167526,1.0
1132.0,0.011,0.0115,400000.0,0.000127,1.0,20.0,325.0,0.0025723834156842,2122.951816957814,291.5053062825179,150.0961031900981,0.0,0.0012339758133721,0.967464466670093,0.175821377508655,50.8,1.1755551500905644e-08,1.781820903586144e-09,731.8022112420945,4.28249136580439,0.0002075216223977,0.00148,6.65847e-07,0.0154111111111111,0.01157,6.76e-06,0.0805555555555555,0.023,9e-06,0.0031111111111111,0.03605,0.0990777777777777,10000000.0,9.476926802369459e-10,24.0,3.0,,0.10399055032813181,3.5172669824509333,0.02313076171507173,0.6516025388333062,0.18927287578316193,1243.2618851602952,1.0
1133.0,0.011,0.0115,400000.0,0.000127,1.0,20.0,350.0,0.0035439723665633,2122.951816957814,291.5053062825179,162.8876386401231,0.0,0.0013391380729228,1.1328572140801811,0.2422290936656552,50.8,1.6307502010732122e-08,2.6438417028235496e-09,602.2570177915594,2.665279296790807,0.0002879460860415,0.00148,6.65847e-07,0.0154111111111111,0.01157,6.76e-06,0.0805555555555555,0.023,9e-06,0.0031111111111111,0.03605,0.0990777777777777,10000000.0,7.979377841230524e-10,24.0,4.0,,0.08755790883371578,3.515808949685724,0.023315322824591894,0.76702021158081,0.19049540137347004,1461.2727207130793,1.0
1134.0,0.011,0.0115,400000.0,0.000127,1.0,25.0,250.0,0.0017784396243535,2653.689771197268,220.5130739903045,127.88398421681435,0.0,0.000841091754348,0.2901443164101805,0.1215556369487155,50.8,7.938468121767762e-09,1.1635158712988218e-09,896.7441502585789,6.453858733890238,0.0001085219935089,0.00148,6.65847e-07,0.0154111111111111,0.01157,6.76e-06,0.0805555555555555,0.023,9e-06,0.0031111111111111,0.03605,0.0990777777777777,10000000.0,4.479751490463847e-10,24.0,3.0,,0.04915642301997417,3.608639602003315,0.01156460734135251,0.08338225644149072,0.10452239735161832,175.72498707020804,1.0
1135.0,0.011,0.0115,400000.0,0.000127,1.0,25.0,275.0,0.0023321039297515,2653.689771197268,242.0128264794384,142.9198546883576,0.0,0.0009399825321926,0.5509248332707228,0.159398370756946,50.8,1.0618228600823967e-08,1.5617657419843555e-09,763.8394760331277,4.697058377790077,0.0001564392524624,0.00148,6.65847e-07,0.0154111111111111,0.01157,6.76e-06,0.0805555555555555,0.023,9e-06,0.0031111111111111,0.03605,0.0990777777777777,10000000.0,6.763851755952697e-10,24.0,3.0,,0.07421991127583266,3.565600860701647,0.01701254927827258,0.281256551237944,0.14654579506920198,564.9213889031673,1.0
1136.0,0.011,0.0115,400000.0,0.000127,1.0,25.0,300.0,0.0030505874981596,2653.689771197268,265.6087782946687,156.41148669171278,0.0,0.0010287168682411,0.8450114132747701,0.2085064352642159,50.8,1.401905082462256e-08,2.2197745484395944e-09,668.0416669120406,3.457420358091841,0.0002261232835121,0.00148,6.65847e-07,0.0154111111111111,0.01157,6.76e-06,0.0805555555555555,0.023,9e-06,0.0031111111111111,0.03605,0.0990777777777777,10000000.0,5.939317422674052e-10,24.0,4.0,,0.06517227580600424,3.5581912954590127,0.017950468929238947,0.5352827022045499,0.1533857802226024,1066.5320638499036,1.0
1137.0,0.011,0.0115,400000.0,0.000127,1.0,25.0,325.0,0.004042970711193,2653.689771197268,291.5053062825179,159.7883618965033,0.0,0.0010509265445161,1.0979300372240577,0.2763354309217575,50.8,1.813716260770769e-08,2.785484046274505e-09,535.7239051742658,2.475249083861109,0.0003171660750084,0.00148,6.65847e-07,0.0154111111111111,0.01157,6.76e-06,0.0805555555555555,0.023,9e-06,0.0031111111111111,0.03605,0.0990777777777777,10000000.0,9.033188389572089e-10,24.0,4.0,,0.09912139783694733,3.494999958290688,0.025949372368267352,0.6864232084653529,0.20754989886561215,1280.1740886657942,1.0
1138.0,0.011,0.0115,400000.0,0.000127,1.0,25.0,350.0,0.0055681497165851,2653.689771197268,291.5053062825179,177.52484329823324,0.0,0.0011675792148994,1.3457981604294276,0.3805808058687114,50.8,2.3918868866340787e-08,3.11074378946038e-09,398.12965538356593,2.0851244047029804,0.0004076472532792,0.00148,6.65847e-07,0.0154111111111111,0.01157,6.76e-06,0.0805555555555555,0.023,9e-06,0.0031111111111111,0.03605,0.0990777777777777,10000000.0,1.2781009118706664e-09,24.0,4.0,,0.14024632665421338,3.426358896570701,0.03463811435813913,0.7889210279065026,0.2590426149416173,1375.7258932038344,1.0
1139.0,0.011,0.0115,400000.0,0.000127,1.0,30.0,250.0,0.0025829893477426,3184.427725436721,220.5130739903045,129.59910159172787,0.0,0.0007103100542475,0.3161865276935284,0.1765462887224737,50.8,1.1805752912648732e-08,1.791534134343187e-09,730.3880869676414,4.264192385574326,0.0001589801943525,0.00148,6.65847e-07,0.0154111111111111,0.01157,6.76e-06,0.0805555555555555,0.023,9e-06,0.0031111111111111,0.03605,0.0990777777777777,10000000.0,6.891468877923526e-10,24.0,3.0,,0.07562025708643032,3.5632613295251643,0.01730869246516905,0.02796998188462438,0.14871739325918762,56.036511865734056,1.0
1140.0,0.011,0.0115,400000.0,0.000127,1.0,30.0,275.0,0.0033852127931473,3184.427725436721,242.0128264794384,144.00390087008475,0.0,0.0007892602447285,0.577063765587475,0.231377940326501,50.8,1.5602943887563913e-08,2.526234432348097e-09,623.4249609136926,2.8800734899673195,0.0002297757888789,0.00148,6.65847e-07,0.0154111111111111,0.01157,6.76e-06,0.0805555555555555,0.023,9e-06,0.0031111111111111,0.03605,0.0990777777777777,10000000.0,6.05349922537849e-10,24.0,4.0,,0.06642519552864298,3.5557423923852602,0.018260456660093655,0.2432106297323309,0.15562239152117346,483.30847284744397,1.0
1141.0,0.011,0.0115,400000.0,0.000127,1.0,30.0,300.0,0.0044260039909064,3184.427725436721,265.6087782946687,158.2045043443925,0.0,0.00086709127365,0.8510074850865793,0.3025156023768616,50.8,1.95416179666571e-08,2.894209319498774e-09,484.6528012124691,2.329381073503024,0.0003098293875956,0.00148,6.65847e-07,0.0154111111111111,0.01157,6.76e-06,0.0805555555555555,0.023,9e-06,0.0031111111111111,0.03605,0.0990777777777777,10000000.0,8.76251543658881e-10,24.0,4.0,,0.09615129688263437,3.5002775044929146,0.025281328545200692,0.4162905858270832,0.20329294164869172,780.5494157779495,1.0
1143.0,0.011,0.0115,400000.0,0.000127,1.0,35.0,275.0,0.0046508790763801,3715.165679676175,242.0128264794384,145.23395222296193,0.0,0.000682287378418,0.5618114567904792,0.3178857245189537,50.8,2.0366159946727272e-08,2.9580408620940983e-09,454.6694564826447,2.243743393869318,0.0002936779019709,0.00148,6.65847e-07,0.0154111111111111,0.01157,6.76e-06,0.0805555555555555,0.023,9e-06,0.0031111111111111,0.03605,0.0990777777777777,10000000.0,8.181119252850465e-10,24.0,4.0,,0.08977162229334561,3.5117702058628972,0.023826556219886434,0.11810410997817979,0.19386262017691963,224.06768085857396,1.0
1144.0,0.011,0.0115,400000.0,0.000127,1.0,35.0,300.0,0.0060773898683151,3715.165679676175,265.6087782946687,159.89649087463667,0.0,0.0007511697912731,0.8658833740072731,0.4153871665433954,50.8,2.5955829473260733e-08,3.158789579295801e-09,389.1751765555458,2.06211999008873,0.0003999843869088,0.00148,6.65847e-07,0.0154111111111111,0.01157,6.76e-06,0.0805555555555555,0.023,9e-06,0.0031111111111111,0.03605,0.0990777777777777,10000000.0,1.242914175573984e-09,24.0,4.0,,0.13638527744696613,3.432471141972118,0.03386441240859267,0.27806093001691146,0.25473036333400617,487.70650403908473,1.0
1147.0,0.011,0.0115,450000.0,0.000127,1.0,20.0,275.0,0.0011715167352404,1887.06828174028,242.0128264794384,141.95056202154862,0.0,0.001312885551787,0.5276194853368844,0.0800727002469923,57.15,5.232336940961899e-09,8.008222918451116e-10,1205.209958855715,9.09216147080378,9.080958793509136e-05,0.00148,6.65847e-07,0.0154111111111111,0.01157,6.76e-06,0.0805555555555555,0.023,9e-06,0.0031111111111111,0.03605,0.0990777777777777,1000000.0,2.6924911679403936e-09,28.0,4.0,,0.34468900256854285,3.6270978106782756,0.009228125230598024,0.06680778252134906,0.085204268412631,143.83227011603813,1.0
1148.0,0.011,0.0115,450000.0,0.000127,1.0,20.0,300.0,0.0015330564269203,1887.06828174028,265.6087782946687,154.21604073677392,0.0,0.0014263276513577,0.7927117804275686,0.1047837935574357,57.15,6.711552134601798e-09,1.0592989281337722e-09,994.897429231856,7.764948519271711,0.0001255010750976,0.00148,6.65847e-07,0.0154111111111111,0.01157,6.76e-06,0.0805555555555555,0.023,9e-06,0.0031111111111111,0.03605,0.0990777777777777,1000000.0,3.831412562836726e-09,28.0,4.0,,0.4904921473606899,3.5981505660599384,0.01289233341013446,0.16138583950944296,0.11514084672558819,336.0815890942682,1.0
1149.0,0.011,0.0115,450000.0,0.000127,1.0,20.0,325.0,0.00203250047659,1887.06828174028,291.5053062825179,150.0961031900986,0.0,0.0013882227900436,0.9533459217112646,0.1389205945747399,57.15,9.200105589192948e-09,1.2873799114754743e-09,803.7866031213255,5.213980194380419,0.0001823696119884,0.00148,6.65847e-07,0.0154111111111111,0.01157,6.76e-06,0.0805555555555555,0.023,9e-06,0.0031111111111111,0.03605,0.0990777777777777,1000000.0,5.86224022684124e-09,28.0,4.0,,0.750475901524602,3.5490695536901273,0.01910511978605988,0.027899425611922712,0.16165722942898803,55.04552704284485,1.0
1151.0,0.011,0.0115,450000.0,0.000127,1.0,25.0,250.0,0.0014051868636867,2358.8353521753497,220.5130739903045,127.88398421681438,0.0,0.0009462282236415,0.2984805207660778,0.0960439600582444,57.15,6.167017454747032e-09,9.74705347557e-10,1065.007881787945,8.273675765089845,9.73682882011516e-05,0.00148,6.65847e-07,0.0154111111111111,0.01157,6.76e-06,0.0805555555555555,0.023,9e-06,0.0031111111111111,0.03605,0.0990777777777777,10000000.0,5.218836144689913e-10,27.0,3.0,,0.06442471919808744,3.5904844610485855,0.013862726449546146,0.10196184150974587,0.12274362102761285,210.5083629903243,1.0
1152.0,0.011,0.0115,450000.0,0.000127,1.0,25.0,275.0,0.0018426500185691,2358.8353521753497,242.0128264794384,142.91985468835753,0.0,0.0010574803487167,0.5585004502324125,0.1259443917091919,57.15,8.259520092845602e-09,1.1907867320365095e-09,871.0599925723518,6.110780671284632,0.0001381532723637,0.00148,6.65847e-07,0.0154111111111111,0.01157,6.76e-06,0.0805555555555555,0.023,9e-06,0.0031111111111111,0.03605,0.0990777777777777,10000000.0,7.819364477761781e-10,27.0,3.0,,0.09652733805407378,3.5404514256285964,0.020196022072329622,0.29997872046914675,0.16932488189116288,586.4443395797625,1.0
1153.0,0.011,0.0115,450000.0,0.000127,1.0,25.0,300.0,0.0024103407392866,2358.8353521753497,265.6087782946687,156.4114866917128,0.0,0.0011573064767713,0.8385315372207424,0.1647458253939485,57.15,1.0988549499290264e-08,1.633417359260916e-09,753.4079014284432,4.562072237669271,0.0001992788972224,0.00148,6.65847e-07,0.0154111111111111,0.01157,6.76e-06,0.0805555555555555,0.023,9e-06,0.0031111111111111,0.03605,0.0990777777777777,10000000.0,6.511430949356469e-10,28.0,4.0,,0.08335844016693572,3.5340250009604843,0.02100949354930574,0.5543772716598581,0.17495187722337263,1076.4400452315654,1.0
1156.0,0.011,0.0115,450000.0,0.000127,1.0,30.0,250.0,0.0020408804722905,2830.602422610419,220.5130739903045,129.59910159172787,0.0,0.0007990988110284,0.2965056838601762,0.1394933639288681,57.15,9.239770902175128e-09,1.2950545629378271e-09,802.669270361264,5.19952174086531,0.000140140566646,0.00148,6.65847e-07,0.0154111111111111,0.01157,6.76e-06,0.0805555555555555,0.023,9e-06,0.0031111111111111,0.03605,0.0990777777777777,10000000.0,7.954270759980535e-10,27.0,3.0,,0.09819270924202425,3.537931288564131,0.020515026764034043,0.022769610689283654,0.171540644461278,44.39478533990347,1.0
1157.0,0.011,0.0115,450000.0,0.000127,1.0,30.0,275.0,0.0026747360340916,2830.602422610419,242.0128264794384,144.0039008700847,0.0,0.0008879177753195,0.5696055185080116,0.1828171380357539,57.15,1.2240020561367372e-08,1.8755585021022e-09,718.1551954544402,4.105896934459775,0.0002028608206541,0.00148,6.65847e-07,0.0154111111111111,0.01157,6.76e-06,0.0805555555555555,0.023,9e-06,0.0031111111111111,0.03605,0.0990777777777777,10000000.0,6.651924581876464e-10,28.0,4.0,,0.08515702025652581,3.5308085157695155,0.021416643573479076,0.2655813602157316,0.17773971054682108,513.939569287002,1.0
1160.0,0.011,0.0115,450000.0,0.000127,1.0,35.0,250.0,0.0028057674777603,3302.369493045489,220.5130739903045,131.19812151837647,0.0,0.0006933927889503,0.3168552548925374,0.1917730847979286,57.15,1.286023606139898e-08,1.9955610291572596e-09,700.6843362986203,3.879821396354592,0.000194755012035,0.00148,6.65847e-07,0.0154111111111111,0.01157,6.76e-06,0.0805555555555555,0.023,9e-06,0.0031111111111111,0.03605,0.0990777777777777,10000000.0,6.335504382524796e-10,28.0,4.0,,0.08110625254349761,3.538072298329906,0.020497177426594175,0.007925917551111092,0.1714169776736388,15.455772950267363,1.0
1167.0,0.011,0.0115,500000.0,0.000127,1.0,20.0,300.0,0.0012417757058054,1698.3614535662512,265.6087782946687,154.21604073677386,0.0,0.0015848085015086,0.7865420291602901,0.0848748727815229,63.5,5.513372823221963e-09,8.53104731942392e-10,1163.0545765167053,8.846062564246875,0.0001156546086081,0.00148,6.65847e-07,0.0154111111111111,0.01157,6.76e-06,0.0805555555555555,0.023,9e-06,0.0031111111111111,0.03605,0.0990777777777777,1000000.0,4.902067649851555e-09,28.0,4.0,,0.6275559336535805,3.5876273150903026,0.014224390494898423,0.03806122272518675,0.12554385067605778,78.32960214580496,1.0
1168.0,0.011,0.0115,500000.0,0.000127,1.0,20.0,325.0,0.0016463253860379,1698.3614535662512,291.5053062825179,150.09610319009855,0.0,0.0015424697667151,0.9799591580215444,0.1125256816055393,63.5,7.277896930189744e-09,1.1074055010295632e-09,949.5898455848204,7.159749072637659,0.000163735591004,0.00148,6.65847e-07,0.0154111111111111,0.01157,6.76e-06,0.0805555555555555,0.023,9e-06,0.0031111111111111,0.03605,0.0990777777777777,10000000.0,7.504395676651922e-10,28.0,4.0,,0.09607023753557957,3.5347375861622568,0.020919292890853647,0.7353132388804254,0.17433169638467014,1428.8385097002483,1.0
1169.0,0.011,0.0115,500000.0,0.000127,1.0,20.0,350.0,0.0022681423146005,1698.3614535662512,291.5053062825179,162.887638640123,0.0,0.0016739225911535,1.12411384499425,0.1550266199460195,63.5,1.031547695577578e-08,1.5031877759805916e-09,772.3676913865977,4.807414763696283,0.0002274143572027,0.00148,6.65847e-07,0.0154111111111111,0.01157,6.76e-06,0.0805555555555555,0.023,9e-06,0.0031111111111111,0.03605,0.0990777777777777,10000000.0,9.930440990176198e-10,32.0,4.0,,0.14528929685113653,3.444475127002309,0.03234492063261921,0.7877479281970938,0.24611365482403144,1397.6495704798729,1.0
1170.0,0.011,0.0115,500000.0,0.000127,1.0,25.0,250.0,0.0011382013595862,2122.951816957814,220.5130739903045,127.88398421681428,0.0,0.0010513646929351,0.3025253307492772,0.0777956076471779,63.5,5.099075438345091e-09,7.760310215211694e-10,1225.1991842482362,9.208856569722778,9.039444713397622e-05,0.00148,6.65847e-07,0.0154111111111111,0.01157,6.76e-06,0.0805555555555555,0.023,9e-06,0.0031111111111111,0.03605,0.0990777777777777,10000000.0,1.0412563996640525e-09,24.0,4.0,,0.11425732021764816,3.553097074315571,0.01859530704866184,0.07442240288445114,0.15802515142769274,147.47145156860893,1.0
1171.0,0.011,0.0115,500000.0,0.000127,1.0,25.0,275.0,0.0014925465150409,2122.951816957814,242.0128264794384,142.9198546883575,0.0,0.0011749781652407,0.569556722514539,0.1020149572844454,63.5,6.516456060163949e-09,1.0397130711560854e-09,1012.5920909754076,7.967677619905332,0.0001243992894069,0.00148,6.65847e-07,0.0154111111111111,0.01157,6.76e-06,0.0805555555555555,0.023,9e-06,0.0031111111111111,0.03605,0.0990777777777777,10000000.0,9.085106858700459e-10,30.0,3.0,,0.12461387559070464,3.508968433684179,0.02418121092605327,0.3068778896393888,0.19618212984171357,580.534995124996,1.0
1172.0,0.011,0.0115,500000.0,0.000127,1.0,25.0,300.0,0.0019523759988222,2122.951816957814,265.6087782946687,156.41148669171284,0.0,0.0012858960853014,0.8632896015937636,0.1334441185690982,63.5,8.80814999411103e-09,1.237388562835778e-09,827.1696004711175,5.524511467012987,0.0001777914739118,0.00148,6.65847e-07,0.0154111111111111,0.01157,6.76e-06,0.0805555555555555,0.023,9e-06,0.0031111111111111,0.03605,0.0990777777777777,10000000.0,8.360838868692876e-10,28.0,4.0,,0.10703430505551247,3.51822936506274,0.02300894113129874,0.5867611779691528,0.1884639159516978,1120.6612502683524,1.0
1175.0,0.011,0.0115,500000.0,0.000127,1.0,30.0,250.0,0.0016531131825553,2547.542180349377,220.5130739903045,129.59910159172787,0.0,0.0008878875678094,0.3079944554639469,0.1129896247823832,63.5,7.311835912776609e-09,1.1102883528762532e-09,946.8747269778712,7.123481672211439,0.000126136131564,0.00148,6.65847e-07,0.0154111111111111,0.01157,6.76e-06,0.0805555555555555,0.023,9e-06,0.0031111111111111,0.03605,0.0990777777777777,10000000.0,9.24421544342902e-10,30.0,3.0,,0.126796253595845,3.5059378313438816,0.024564831475458026,0.03215857708571859,0.1986761006082146,60.647104169485345,1.0
1176.0,0.011,0.0115,500000.0,0.000127,1.0,30.0,275.0,0.0021665361876142,2547.542180349377,242.0128264794384,144.00390087008466,0.0,0.0009865753059106,0.597664421408155,0.1480818818089606,63.5,9.834541288040903e-09,1.4101338367027819e-09,785.9151749847633,4.982721233579085,0.0001811203926393,0.00148,6.65847e-07,0.0154111111111111,0.01157,6.76e-06,0.0805555555555555,0.023,9e-06,0.0031111111111111,0.03605,0.0990777777777777,10000000.0,8.57139823923382e-10,28.0,4.0,,0.10972985705127764,3.5142351655610535,0.023514536004929924,0.30380268254791676,0.19181085077331161,577.8428823474343,1.0
1179.0,0.011,0.0115,500000.0,0.000127,1.0,35.0,250.0,0.0022726716569858,2972.13254374094,220.5130739903045,131.19812151837652,0.0,0.000770436432167,0.3168552548925374,0.1553361986863222,63.5,1.0336915843066508e-08,1.5073358836173803e-09,771.7637790685491,4.799600047713885,0.0001741045320648,0.00148,6.65847e-07,0.0154111111111111,0.01157,6.76e-06,0.0805555555555555,0.023,9e-06,0.0031111111111111,0.03605,0.0990777777777777,10000000.0,8.131207623878554e-10,28.0,4.0,,0.1040945975580068,3.522614051019234,0.022453917592502072,0.021374458648208403,0.18475770887660237,41.0097360008402,1.0
1187.0,0.011,0.0115,550000.0,0.000127,1.0,20.0,300.0,0.0010262609138888,1543.9649577875011,265.6087782946687,154.2160407367739,0.0,0.0017432893516595,0.855317385928474,0.0701445229599363,69.85,4.651313655555343e-09,6.92731770200324e-10,1292.3634516666984,9.60095484648502,0.0001081600514797,0.00148,6.65847e-07,0.0154111111111111,0.01157,6.76e-06,0.0805555555555555,0.023,9e-06,0.0031111111111111,0.03605,0.0990777777777777,10000000.0,9.959909364884554e-10,33.0,3.0,,0.1502742035259613,3.4826093237334086,0.027517807122353386,0.5988486594425761,0.21736782640612368,1103.0112139733105,1.0
1189.0,0.011,0.0115,550000.0,0.000127,1.0,20.0,350.0,0.0018744977806615,1543.9649577875011,291.5053062825179,162.88763864012304,0.0,0.0018413148502688,1.1543806846035054,0.1281211735091069,69.85,8.418758903307915e-09,1.2043128269225615e-09,858.3208877353668,5.940617122991743,0.000205296088545,0.00148,6.65847e-07,0.0154111111111111,0.01157,6.76e-06,0.0805555555555555,0.023,9e-06,0.0031111111111111,0.03605,0.0990777777777777,10000000.0,1.2439062255923361e-09,32.0,4.0,,0.18199218045185228,3.417847763624782,0.03571547295888838,0.8082173306425461,0.2649648462641695,1398.110242902606,1.0
1190.0,0.011,0.0115,550000.0,0.000127,1.0,25.0,275.0,0.0012335095165627,1929.9561972343763,242.0128264794384,142.91985468835753,0.0,0.0012924759817648,0.5586241826344158,0.0843098820532607,69.85,5.480308066251199e-09,8.46953538145525e-10,1168.01429006232,8.87501687595482,0.0001159808605759,0.00148,6.65847e-07,0.0154111111111111,0.01157,6.76e-06,0.0805555555555555,0.023,9e-06,0.0031111111111111,0.03605,0.0990777777777777,10000000.0,1.0922656973806222e-09,33.0,3.0,,0.16480005158611621,3.4638569439763724,0.029891526078940182,0.27346424899503896,0.23177240773625502,494.4195187662384,1.0
1191.0,0.011,0.0115,550000.0,0.000127,1.0,25.0,300.0,0.0016135338833241,1929.9561972343763,265.6087782946687,156.41148669171287,0.0,0.0014144856938316,0.8236359375993682,0.1102843955116514,69.85,7.1139394166206846e-09,1.093478589120477e-09,962.7064466703451,7.334955055382638,0.0001614910502094,0.00148,6.65847e-07,0.0154111111111111,0.01157,6.76e-06,0.0805555555555555,0.023,9e-06,0.0031111111111111,0.03605,0.0990777777777777,10000000.0,8.816207063866303e-10,32.0,4.0,,0.12898727523483633,3.489889008603978,0.026596328024812908,0.5483142668528804,0.21162933967153524,1017.3377220684597,1.0
1194.0,0.011,0.0115,550000.0,0.000127,1.0,30.0,250.0,0.0013662092417812,2315.9474366812515,220.5130739903045,129.59910159172787,0.0,0.0009766763245903,0.2894734609208603,0.0933798551920522,69.85,6.011106967125029e-09,9.45700578969863e-10,1088.3944549312455,8.410204240443118,0.0001161481695985,0.00148,6.65847e-07,0.0154111111111111,0.01157,6.76e-06,0.0805555555555555,0.023,9e-06,0.0031111111111111,0.03605,0.0990777777777777,10000000.0,5.818093179520509e-10,32.0,4.0,,0.0851227722820323,3.5552709221348358,0.018320136438628357,0.07492083344677569,0.15605163482596324,148.80709029421567,1.0
1195.0,0.011,0.0115,550000.0,0.000127,1.0,30.0,275.0,0.0017905257748878,2315.9474366812515,242.0128264794384,144.0039008700847,0.0,0.0010852328365017,0.5776001109765179,0.1223817205032732,69.85,7.998898874439156e-09,1.1686489923783855e-09,891.9096900448675,6.389282069001071,0.0001640774133162,0.00148,6.65847e-07,0.0154111111111111,0.01157,6.76e-06,0.0805555555555555,0.023,9e-06,0.0031111111111111,0.03605,0.0990777777777777,10000000.0,9.006471192319607e-10,32.0,4.0,,0.13177097250128414,3.4859243676204765,0.02709818131386371,0.2873974179719604,0.21476501156755498,531.1138823166923,1.0
1198.0,0.011,0.0115,550000.0,0.000127,1.0,35.0,250.0,0.0018782410388313,2701.938676128126,220.5130739903045,131.19812151837647,0.0,0.0008474800753837,0.3364918169028388,0.1283770237077042,69.85,8.437475194156532e-09,1.2059026298430827e-09,856.8235844674775,5.920616782293166,0.0001575511812013,0.00148,6.65847e-07,0.0154111111111111,0.01157,6.76e-06,0.0805555555555555,0.023,9e-06,0.0031111111111111,0.03605,0.0990777777777777,10000000.0,8.530979179385336e-10,32.0,4.0,,0.12481419180182741,3.495872156322391,0.025838967554127776,0.0472506013933071,0.20684950993138101,88.19989861797443,1.0
1206.0,0.011,0.0115,600000.0,0.000127,1.0,20.0,325.0,0.0011432815180819,1415.3012113052096,291.5053062825179,150.0961031900986,0.0,0.0018509637200582,0.9585283921796656,0.0781428344482912,76.2,5.119396072327637e-09,7.798113655839534e-10,1222.1510891508544,9.191062095353772,0.0001410247319997,0.00148,6.65847e-07,0.0154111111111111,0.01157,6.76e-06,0.0805555555555555,0.023,9e-06,0.0031111111111111,0.03605,0.0990777777777777,10000000.0,9.060593907409772e-10,36.0,4.0,,0.14913317888490238,3.4676169157861203,0.029415580280237982,0.6952023788464717,0.22892685446789113,1261.5718101534706,1.0
1208.0,0.011,0.0115,600000.0,0.000127,1.0,25.0,275.0,0.0010364906354451,1769.126514131512,242.0128264794384,142.9198546883576,0.0,0.0014099737982889,0.5509248332707228,0.0708437203364204,76.2,4.692232541780522e-09,7.00344104969504e-10,1286.2256187329217,9.565122791600924,0.0001092213850446,0.00148,6.65847e-07,0.0154111111111111,0.01157,6.76e-06,0.0805555555555555,0.023,9e-06,0.0031111111111111,0.03605,0.0990777777777777,10000000.0,6.533316872213465e-10,36.0,4.0,,0.10753536951024248,3.5265610189343453,0.021954301400715803,0.33649574342405986,0.18139241719824079,648.2768103882537,1.0
1212.0,0.011,0.0115,600000.0,0.000127,1.0,30.0,250.0,0.0011479952656634,2122.951816957814,220.5130739903045,129.59910159172787,0.0,0.0010654650813712,0.2805333726494051,0.0784650172099883,76.2,5.1382510626536706e-09,7.833190489955101e-10,1219.322840601949,9.17455106315012,0.0001092564564569,0.00148,6.65847e-07,0.0154111111111111,0.01157,6.76e-06,0.0805555555555555,0.023,9e-06,0.0031111111111111,0.03605,0.0990777777777777,10000000.0,6.535889709858666e-10,36.0,4.0,,0.10757771722615433,3.526498910648933,0.02196216320899582,0.05844063821326237,0.18144558754697102,112.58166119099764,1.0
1216.0,0.011,0.0115,600000.0,0.000127,1.0,35.0,250.0,0.0015782442062401,2476.7771197841166,220.5130739903045,131.19812151837652,0.0,0.0009245237186004,0.3168552548925374,0.1078723601988349,76.2,6.93749103120098e-09,1.0784906750764795e-09,976.8223175039216,7.523508858732446,0.0001445396744831,0.00148,6.65847e-07,0.0154111111111111,0.01157,6.76e-06,0.0805555555555555,0.023,9e-06,0.0031111111111111,0.03605,0.0990777777777777,10000000.0,9.367503157119878e-10,36.0,4.0,,0.1541847629759869,3.4607296060240866,0.030287391642520672,0.018748131717715583,0.23412323253811124,33.79263365742104,1.0
1224.0,0.011,0.012,400000.0,0.000127,1.0,20.0,250.0,0.0013787697748876,2122.951816957814,220.5130739903045,125.0009657986652,0.0,0.0010276627118583,0.3443708446976558,0.0942383626056622,50.8,6.061349099550676e-09,9.55047361515135e-10,1080.8581350673985,8.366207958709966,8.514109239893886e-05,0.00148,6.65847e-07,0.0154111111111111,0.01157,6.76e-06,0.0805555555555555,0.023,9e-06,0.0031111111111111,0.03605,0.0990777777777777,10000000.0,8.508831067105962e-10,22.0,2.0,,0.02497625069970552,3.5756095319393424,0.015745628868437708,0.18910623139228797,0.1371290865542064,384.02263037493833,1.0
1225.0,0.011,0.012,400000.0,0.000127,1.0,20.0,275.0,0.0018007006006513,2122.951816957814,242.0128264794384,139.64911711930816,0.0,0.0011480886526797,0.56747757440054,0.12307716577428,50.8,8.049773003256787e-09,1.172970352803238e-09,887.839759739457,6.3349176697017775,0.000120007190808,0.00148,6.65847e-07,0.0154111111111111,0.01157,6.76e-06,0.0805555555555555,0.023,9e-06,0.0031111111111111,0.03605,0.0990777777777777,1000000.0,2.906408934336192e-09,24.0,4.0,,0.318920965480764,3.626871511315111,0.00925677071960626,0.089429443145496,0.0854461558939325,192.48414159039072,1.0
1226.0,0.011,0.012,400000.0,0.000127,1.0,20.0,300.0,0.0023492120167294,2122.951816957814,265.6087782946687,150.87314968083473,0.0,0.001240364097645,0.974470425086126,0.1605677016586503,50.8,1.0699206879186e-08,1.5774338412813199e-09,761.5583977694084,4.6675408828958105,0.0001724561526677,0.00148,6.65847e-07,0.0154111111111111,0.01157,6.76e-06,0.0805555555555555,0.023,9e-06,0.0031111111111111,0.03605,0.0990777777777777,1000000.0,4.341137939808291e-09,24.0,4.0,,0.4763541312761078,3.5934836545418105,0.01348308170356836,0.301498592151368,0.11978481477216173,624.5673737093672,1.0
1227.0,0.011,0.012,400000.0,0.000127,1.0,20.0,325.0,0.0031084538421291,2122.951816957814,291.5053062825179,147.777770139143,0.0,0.0012149162451926,0.990556253725442,0.2124615767279887,50.8,1.4292951519411185e-08,2.272770282237115e-09,660.3261543827834,3.357580468636376,0.0002525560538036,0.00148,6.65847e-07,0.0154111111111111,0.01157,6.76e-06,0.0805555555555555,0.023,9e-06,0.0031111111111111,0.03605,0.0990777777777777,10000000.0,6.782788095828673e-10,24.0,4.0,,0.07442770019791348,3.5403200605398775,0.020212650564572533,0.6676169767995398,0.16944067387003153,1304.977968009049,1.0
1228.0,0.011,0.012,400000.0,0.000127,1.0,20.0,350.0,0.0042787073628616,2122.951816957814,291.5053062825179,160.74028228794768,0.0,0.0013214841449063,1.329492635814319,0.2924479367686494,50.8,1.900153033049276e-08,2.852398680639492e-09,504.2923516184452,2.3854750663838127,0.0003309666708347,0.00148,6.65847e-07,0.0154111111111111,0.01157,6.76e-06,0.0805555555555555,0.023,9e-06,0.0031111111111111,0.03605,0.0990777777777777,10000000.0,9.554127283335994e-10,24.0,4.0,,0.10483767309996743,3.48497037102618,0.027218940376432917,0.8961570259457028,0.2155158168338,1654.5254592961683,1.0
1229.0,0.011,0.012,400000.0,0.000127,1.0,25.0,250.0,0.0021704722259684,2653.689771197268,220.5130739903045,126.85557407128572,0.0,0.0008343279105502,0.3307376294164232,0.1483509084560551,50.8,9.853171869584133e-09,1.4137385787087115e-09,785.3903698708696,4.975930176684534,0.0001327959658973,0.00148,6.65847e-07,0.0154111111111111,0.01157,6.76e-06,0.0805555555555555,0.023,9e-06,0.0031111111111111,0.03605,0.0990777777777777,10000000.0,5.608903784603308e-10,24.0,3.0,,0.06154663884842998,3.5870832730437274,0.014293256576743317,0.08479008211193811,0.12607503017082008,174.39111426994907,1.0
1230.0,0.011,0.012,400000.0,0.000127,1.0,25.0,275.0,0.0028333761711096,2653.689771197268,242.0128264794384,140.5822150338784,0.0,0.0009246078983003,0.6236017462930477,0.1936601279448792,50.8,1.2990917209919224e-08,2.020845898787392e-09,697.0031771853739,3.8321866452553177,0.0001913729247107,0.00148,6.65847e-07,0.0154111111111111,0.01157,6.76e-06,0.0805555555555555,0.023,9e-06,0.0031111111111111,0.03605,0.0990777777777777,10000000.0,8.583770718219057e-10,24.0,3.0,,0.09418992670228536,3.532859570203062,0.02115701642999218,0.299701691645883,0.17596417550673496,581.2198468262094,1.0
1231.0,0.011,0.012,400000.0,0.000127,1.0,25.0,300.0,0.0036949662779602,2653.689771197268,265.6087782946687,153.12138508868503,0.0,0.001007077901124,0.9891606896241184,0.2525494671120736,50.8,1.6861146352521012e-08,2.686701827886617e-09,582.1244962719633,2.6077772921395748,0.000270837370244,0.00148,6.65847e-07,0.0154111111111111,0.01157,6.76e-06,0.0805555555555555,0.023,9e-06,0.0031111111111111,0.03605,0.0990777777777777,10000000.0,7.390703172246779e-10,24.0,4.0,,0.0810983672472444,3.5277469636203174,0.02180418182021305,0.6194628552648005,0.18037581366752983,1194.909968036249,1.0
1232.0,0.011,0.012,400000.0,0.000127,1.0,25.0,325.0,0.0048873546123962,2653.689771197268,291.5053062825179,157.03248645066842,0.0,0.0010328011777808,1.2966984130618693,0.3340487328154393,50.8,2.123323691211961e-08,3.025165231244052e-09,423.1393850138322,2.153687991991882,0.0003665868666562,0.00148,6.65847e-07,0.0154111111111111,0.01157,6.76e-06,0.0805555555555555,0.023,9e-06,0.0031111111111111,0.03605,0.0990777777777777,10000000.0,1.0976828281733233e-09,24.0,4.0,,0.12044900606275037,3.4584055348016736,0.030581577873205902,0.8061506741836797,0.23586094285031958,1449.7521725965835,1.0
1234.0,0.011,0.012,400000.0,0.000127,1.0,30.0,250.0,0.0031537974618676,3184.427725436721,220.5130739903045,128.43272273904472,0.0,0.0007039173353478,0.332704940594806,0.2155607949996671,50.8,1.4507577986173407e-08,2.314297329502224e-09,654.2803384176506,3.27934670317516,0.0001951843218972,0.00148,6.65847e-07,0.0154111111111111,0.01157,6.76e-06,0.0805555555555555,0.023,9e-06,0.0031111111111111,0.03605,0.0990777777777777,10000000.0,5.000527517390781e-10,24.0,4.0,,0.05487091114119607,3.5786885966546778,0.015355873841180125,0.026223234453942625,0.1341901933909463,53.43353502897538,1.0
1235.0,0.011,0.012,400000.0,0.000127,1.0,30.0,275.0,0.0041147487995523,3184.427725436721,242.0128264794384,141.66654441742847,0.0,0.000776449601998,0.6132785446674919,0.2812414345498858,50.8,1.8400348931692088e-08,2.80585849591561e-09,526.153493393015,2.447914312991794,0.0002676294133542,0.00148,6.65847e-07,0.0154111111111111,0.01157,6.76e-06,0.0805555555555555,0.023,9e-06,0.0031111111111111,0.03605,0.0990777777777777,10000000.0,7.282494170472361e-10,24.0,4.0,,0.0799109872157593,3.5299665641254268,0.021523219730958706,0.2160761229018467,0.17846634916431398,417.7700329889519,1.0
1236.0,0.011,0.012,400000.0,0.000127,1.0,30.0,300.0,0.0053633908275708,3184.427725436721,265.6087782946687,154.9654518862621,0.0,0.0008493385925049,0.9933533928258494,0.3665856177081362,50.8,2.3099833310283387e-08,3.091425197799654e-09,401.7301356879942,2.0943741827553146,0.0003605188069211,0.00148,6.65847e-07,0.0154111111111111,0.01157,6.76e-06,0.0805555555555555,0.023,9e-06,0.0031111111111111,0.03605,0.0990777777777777,10000000.0,1.072590692008926e-09,24.0,4.0,,0.11769563980482836,3.4630052252602197,0.029999338574655747,0.47302213531288484,0.23241407479808623,854.5030466946815,1.0
1238.0,0.011,0.012,400000.0,0.000127,1.0,35.0,275.0,0.0056561828448567,3715.165679676175,242.0128264794384,142.91713640374587,0.0,0.0006714033243288,0.646635460856353,0.3865978349728212,50.8,2.4271001379427012e-08,3.119049539046544e-09,396.5816808560389,2.081147596166441,0.0003436808685844,0.00148,6.65847e-07,0.0154111111111111,0.01157,6.76e-06,0.0805555555555555,0.023,9e-06,0.0031111111111111,0.03605,0.0990777777777777,10000000.0,1.0048443482285199e-09,24.0,4.0,,0.11026181687957179,3.47560550332825,0.02840436666731013,0.11372580900396001,0.22281054959461513,208.01328872179843,1.0
1241.0,0.011,0.012,450000.0,0.000127,1.0,20.0,250.0,0.0010893983406519,1887.06828174028,220.5130739903045,125.0009657986652,0.0,0.0011561205508406,0.3359096907235916,0.0744599408242269,57.15,4.903863362607944e-09,7.397147918144281e-10,1254.4809956088084,9.379800856264662,7.842843728188906e-05,0.00148,6.65847e-07,0.0154111111111111,0.01157,6.76e-06,0.0805555555555555,0.023,9e-06,0.0031111111111111,0.03605,0.0990777777777777,10000000.0,4.669686799979492e-10,24.0,3.0,,0.0512405878315392,3.616701034142004,0.01054417289341726,0.1741591620678254,0.09618669280064109,370.4505180078311,1.0
1242.0,0.011,0.012,450000.0,0.000127,1.0,20.0,275.0,0.0014227757832307,1887.06828174028,242.0128264794384,139.64911711930816,0.0,0.0012915997342647,0.5763634739760676,0.0972461556735052,57.15,6.23737313292281e-09,9.877939485575118e-10,1054.4545300615785,8.212066353046488,0.0001073627071519,0.00148,6.65847e-07,0.0154111111111111,0.01157,6.76e-06,0.0805555555555555,0.023,9e-06,0.0031111111111111,0.03605,0.0990777777777777,1000000.0,3.2273570392365127e-09,28.0,4.0,,0.41316179307579676,3.613370800559984,0.01096572144810329,0.02990552522676565,0.09964897086373528,63.36777352804825,1.0
1243.0,0.011,0.012,450000.0,0.000127,1.0,20.0,300.0,0.0018561675193911,1887.06828174028,265.6087782946687,150.87314968083464,0.0,0.0013954096098506,0.9685225679824482,0.126868307483378,57.15,8.3271075969558e-09,1.196527763328139e-09,865.6529922435359,6.03855625886745,0.0001520994670342,0.00148,6.65847e-07,0.0154111111111111,0.01157,6.76e-06,0.0805555555555555,0.023,9e-06,0.0031111111111111,0.03605,0.0990777777777777,1000000.0,4.753880202444914e-09,28.0,4.0,,0.6085851811965369,3.5754667941800142,0.015763696939238743,0.19701907930253315,0.13726484249773382,400.02849676763776,1.0
1244.0,0.011,0.012,450000.0,0.000127,1.0,20.0,325.0,0.0024560622950156,1887.06828174028,291.5053062825179,147.77777013914312,0.0,0.0013667807758417,1.0501744089761311,0.1678708754393985,57.15,1.1204964863073864e-08,1.675290531644141e-09,747.3116939979193,4.483186399087176,0.0002224566815525,0.00148,6.65847e-07,0.0154111111111111,0.01157,6.76e-06,0.0805555555555555,0.023,9e-06,0.0031111111111111,0.03605,0.0990777777777777,10000000.0,7.44010178948764e-10,28.0,4.0,,0.09524715606731746,3.51301732382414,0.023668693186817833,0.7510063774694151,0.19282585479500042,1426.6453198425972,1.0
1246.0,0.011,0.012,450000.0,0.000127,1.0,25.0,250.0,0.0017149410180491,2358.8353521753497,220.5130739903045,126.85557407128567,0.0,0.0009386188993689,0.3376224847755636,0.1172155326072534,57.15,7.620975090245841e-09,1.1365473147166802e-09,922.1435927803328,6.793133692332753,0.0001177481384905,0.00148,6.65847e-07,0.0154111111111111,0.01157,6.76e-06,0.0805555555555555,0.023,9e-06,0.0031111111111111,0.03605,0.0990777777777777,10000000.0,6.480197265360996e-10,27.0,3.0,,0.07999578403968112,3.5658657931138555,0.01697901352989175,0.10436116812862907,0.14629918110418855,209.67650943661147,1.0
1247.0,0.011,0.012,450000.0,0.000127,1.0,25.0,275.0,0.0022387169747039,2358.8353521753497,242.0128264794384,140.58221503387833,0.0,0.0010401838855878,0.6397043893841721,0.1530154097342255,57.15,1.0176197013598725e-08,1.4762391669431244e-09,776.2910700394725,4.85818387197128,0.000168669746464,0.00148,6.65847e-07,0.0154111111111111,0.01157,6.76e-06,0.0805555555555555,0.023,9e-06,0.0031111111111111,0.03605,0.0990777777777777,10000000.0,9.990242633433338e-10,27.0,3.0,,0.12332607472924335,3.500756299039239,0.02522072164060262,0.32731290492070314,0.20290447397688513,614.0145302766557,1.0
1248.0,0.011,0.012,450000.0,0.000127,1.0,25.0,300.0,0.0029194795282649,2358.8353521753497,265.6087782946687,153.12138508868497,0.0,0.0011329626387645,1.0162725640288928,0.1995452579650952,57.15,1.3398473100453904e-08,2.0997019363708514e-09,685.5227295646789,3.683627930976379,0.0002431121892458,0.00148,6.65847e-07,0.0154111111111111,0.01157,6.76e-06,0.0805555555555555,0.023,9e-06,0.0031111111111111,0.03605,0.0990777777777777,10000000.0,8.309338274886783e-10,28.0,4.0,,0.1063750015628184,3.4938819222414055,0.02609089591880945,0.674302304500979,0.2084458926364804,1256.1468084926119,1.0
1251.0,0.011,0.012,450000.0,0.000127,1.0,30.0,250.0,0.0024918893525867,2830.602422610419,220.5130739903045,128.43272273904472,0.0,0.0007919070022663,0.3334290009280794,0.1703196404935642,57.15,1.1374546268910682e-08,1.7081020257795352e-09,742.5347529884316,4.4213720658832525,0.0001723482896618,0.00148,6.65847e-07,0.0154111111111111,0.01157,6.76e-06,0.0805555555555555,0.023,9e-06,0.0031111111111111,0.03605,0.0990777777777777,10000000.0,1.0267523056168964e-09,27.0,3.0,,0.12674900522152285,3.495814807730511,0.025846226869555552,0.0003103552129922471,0.20689559978901373,0.5792880271580532,1.0
1252.0,0.011,0.012,450000.0,0.000127,1.0,30.0,275.0,0.0032511595453253,2830.602422610419,242.0128264794384,141.6665444174285,0.0,0.0008735058022478,0.6032500242033716,0.222215454459169,57.15,1.4968425181206627e-08,2.4034644463953103e-09,641.2987272899542,3.1113627079411,0.0002480111602972,0.00148,6.65847e-07,0.0154111111111111,0.01157,6.76e-06,0.0805555555555555,0.023,9e-06,0.0031111111111111,0.03605,0.0990777777777777,10000000.0,8.521734101817294e-10,28.0,4.0,,0.10909406361977589,3.4892814987873066,0.026673228001606854,0.2358905061244266,0.21211144862254158,437.4016335524809,1.0
1253.0,0.011,0.012,450000.0,0.000127,1.0,30.0,300.0,0.0042377409007967,2830.602422610419,265.6087782946687,154.96545188626206,0.0,0.000955505916568,1.016699172912528,0.2896478954730953,57.15,1.8851319969587964e-08,2.840770213827484e-09,509.7545465604376,2.4010760510222577,0.0003372631129647,0.00148,6.65847e-07,0.0154111111111111,0.01157,6.76e-06,0.0805555555555555,0.023,9e-06,0.0031111111111111,0.03605,0.0990777777777777,10000000.0,1.2913355676032294e-09,28.0,4.0,,0.16531499678750075,3.4002781385832916,0.03793947612869728,0.525686280651932,0.276895610202449,894.608024796826,1.0
1262.0,0.011,0.012,500000.0,0.000127,1.0,20.0,275.0,0.0011524483844168,1698.3614535662512,242.0128264794384,139.64911711930816,0.0,0.0014351108158496,0.5827480593788015,0.0787693860955392,63.5,5.156063537667474e-09,7.866327883315843e-10,1216.6509693498788,9.158952945967656,9.950389846238048e-05,0.00148,6.65847e-07,0.0154111111111111,0.01157,6.76e-06,0.0805555555555555,0.023,9e-06,0.0031111111111111,0.03605,0.0990777777777777,10000000.0,6.931614795884381e-10,30.0,3.0,,0.09507597403654301,3.550976156166768,0.018863777700409142,0.3728526992467192,0.15994174083873242,737.1431701954613,1.0
1263.0,0.011,0.012,500000.0,0.000127,1.0,20.0,300.0,0.0015034956907068,1698.3614535662512,265.6087782946687,150.87314968083476,0.0,0.0015504551220563,0.9943125133332013,0.1027633290615362,63.5,6.563748453534201e-09,1.0467441582957922e-09,1006.7217237172638,7.922892419682632,0.000136740054506,0.00148,6.65847e-07,0.0154111111111111,0.01157,6.76e-06,0.0805555555555555,0.023,9e-06,0.0031111111111111,0.03605,0.0990777777777777,1000000.0,5.988148380167998e-09,28.0,4.0,,0.7665944895081775,3.5650361925298975,0.01708402626203833,0.08890469476348728,0.14707094473311166,178.46076602202024,1.0
1264.0,0.011,0.012,500000.0,0.000127,1.0,20.0,325.0,0.0019894104589626,1698.3614535662512,291.5053062825179,147.77777013914312,0.0,0.0015186453064908,1.0392980642592553,0.1359754091059128,63.5,8.993322294813202e-09,1.253117505436482e-09,812.3558164149438,5.326635235448843,0.000198153721775,0.00148,6.65847e-07,0.0154111111111111,0.01157,6.76e-06,0.0805555555555555,0.023,9e-06,0.0031111111111111,0.03605,0.0990777777777777,10000000.0,9.701082245682253e-10,28.0,4.0,,0.12419191575872393,3.493225718468011,0.026173959687593513,0.7430807393946185,0.2089708312016823,1383.355022802497,1.0
1266.0,0.011,0.012,500000.0,0.000127,1.0,25.0,250.0,0.0013891022246198,2122.951816957814,220.5130739903045,126.8555740712857,0.0,0.0010429098881877,0.3359630810923347,0.0949445814118752,63.5,6.102678898479302e-09,9.627361403263723e-10,1074.6586652281044,8.330016073735152,0.0001071149924152,0.00148,6.65847e-07,0.0154111111111111,0.01157,6.76e-06,0.0805555555555555,0.023,9e-06,0.0031111111111111,0.03605,0.0990777777777777,10000000.0,7.566347284851323e-10,30.0,3.0,,0.10378214300556919,3.538399728178602,0.020455730610303525,0.10118635667489022,0.17112967640748325,197.38479647550403,1.0
1267.0,0.011,0.012,500000.0,0.000127,1.0,25.0,275.0,0.0018133607495102,2122.951816957814,242.0128264794384,140.58221503387836,0.0,0.0011557598728754,0.6251915354923941,0.1239424818847226,63.5,8.11307374755102e-09,1.178347257285228e-09,882.7757001959183,6.267274114544495,0.0001510637120954,0.00148,6.65847e-07,0.0154111111111111,0.01157,6.76e-06,0.0805555555555555,0.023,9e-06,0.0031111111111111,0.03605,0.0990777777777777,10000000.0,6.773282161737718e-10,28.0,4.0,,0.0867106232415453,3.549171888038298,0.019092166071101573,0.3784884303661261,0.1615653308214942,746.8389937257004,1.0
1268.0,0.011,0.012,500000.0,0.000127,1.0,25.0,300.0,0.0023647784178945,2122.951816957814,265.6087782946687,153.12138508868512,0.0,0.001258847376405,0.9891606896241184,0.1616316589517271,63.5,1.0772887844700996e-08,1.5916900184603902e-09,759.4828776140564,4.6406833407575325,0.0002170601344499,0.00148,6.65847e-07,0.0154111111111111,0.01157,6.76e-06,0.0805555555555555,0.023,9e-06,0.0031111111111111,0.03605,0.0990777777777777,10000000.0,9.343278055804443e-10,32.0,4.0,,0.13669869247049368,3.457623353349989,0.03068058818354568,0.6547803382018976,0.23644400849414623,1176.634742894431,1.0
1271.0,0.011,0.012,500000.0,0.000127,1.0,30.0,250.0,0.0020184303755952,2547.542180349377,220.5130739903045,128.4327227390447,0.0,0.0008798966691848,0.3677323458464593,0.137958908799787,63.5,9.133507111150986e-09,1.2744940908814243e-09,805.6626165872963,5.238256090032101,0.0001539303382382,0.00148,6.65847e-07,0.0154111111111111,0.01157,6.76e-06,0.0805555555555555,0.023,9e-06,0.0031111111111111,0.03605,0.0990777777777777,10000000.0,6.935520146845666e-10,28.0,4.0,,0.0887875715313466,3.545941066283549,0.01950113085018374,0.1049358655153257,0.16445699387711588,206.34687960278734,1.0
1272.0,0.011,0.012,500000.0,0.000127,1.0,30.0,275.0,0.0026334392317135,2547.542180349377,242.0128264794384,141.66654441742853,0.0,0.0009705620024975,0.6132785446674919,0.179994518111927,63.5,1.2044549030110704e-08,1.837737651580201e-09,723.6614357715296,4.177148510098958,0.0002218037732474,0.00148,6.65847e-07,0.0154111111111111,0.01157,6.76e-06,0.0805555555555555,0.023,9e-06,0.0031111111111111,0.03605,0.0990777777777777,10000000.0,9.609909821377886e-10,32.0,4.0,,0.14059970167810742,3.4516262410714003,0.0314397163200759,0.25663432487745735,0.24088507473568585,458.48741767515793,1.0
1283.0,0.011,0.012,550000.0,0.000127,1.0,20.0,300.0,0.0012425584220717,1543.9649577875011,265.6087782946687,150.8731496808348,0.0,0.0017055006342619,0.9639171575766576,0.0849283711252365,69.85,5.516503688287074e-09,8.536871816420638e-10,1162.5849467569387,8.843320912672334,0.0001272893043322,0.00148,6.65847e-07,0.0154111111111111,0.01157,6.76e-06,0.0805555555555555,0.023,9e-06,0.0031111111111111,0.03605,0.0990777777777777,10000000.0,6.502674586202544e-10,32.0,4.0,,0.09513867704523356,3.53984244663621,0.0202731080207329,0.7478001094061874,0.1698613955405255,1460.9699509516595,1.0
1284.0,0.011,0.012,550000.0,0.000127,1.0,20.0,325.0,0.0016441408751757,1543.9649577875011,291.5053062825179,147.77777013914294,0.0,0.0016705098371399,1.060484685727607,0.1123763711619114,69.85,7.266974375878674e-09,1.1064777152367614e-09,950.463649929706,7.171420979709794,0.0001798678741297,0.00148,6.65847e-07,0.0154111111111111,0.01157,6.76e-06,0.0805555555555555,0.023,9e-06,0.0031111111111111,0.03605,0.0990777777777777,10000000.0,1.022503512779058e-09,32.0,4.0,,0.14959941511806973,3.461023231907626,0.030250223809161265,0.7624588994476257,0.23390312568021837,1374.6915934303165,1.0
1286.0,0.011,0.012,550000.0,0.000127,1.0,25.0,250.0,0.0011480183674544,1929.9561972343763,220.5130739903045,126.8555740712857,0.0,0.0011472008770065,0.3364091578426779,0.0784665962081613,69.85,5.138343469817604e-09,7.833362399391503e-10,1219.3089795273593,9.17447014358277,0.0001001534450479,0.00148,6.65847e-07,0.0154111111111111,0.01157,6.76e-06,0.0805555555555555,0.023,9e-06,0.0031111111111111,0.03605,0.0990777777777777,10000000.0,9.024112650508076e-10,33.0,3.0,,0.13615498810308413,3.501184162048065,0.02516656176606768,0.08573757353143238,0.20255700870128163,160.9073869865677,1.0
1287.0,0.011,0.012,550000.0,0.000127,1.0,25.0,275.0,0.001498645247529,1929.9561972343763,242.0128264794384,140.58221503387833,0.0,0.0012713358601629,0.6199286324228935,0.1024318032105146,69.85,6.540850990116377e-09,1.044251375851052e-09,1008.9328514825434,7.94631534566994,0.0001373302943714,0.00148,6.65847e-07,0.0154111111111111,0.01157,6.76e-06,0.0805555555555555,0.023,9e-06,0.0031111111111111,0.03605,0.0990777777777777,10000000.0,7.146411505990268e-10,32.0,4.0,,0.10455699839930017,3.5256105279638037,0.022074616713442533,0.37688983081307875,0.18220536875185123,725.3770704948179,1.0
1288.0,0.011,0.012,550000.0,0.000127,1.0,25.0,300.0,0.0019543623288384,1929.9561972343763,265.6087782946687,153.12138508868492,0.0,0.0013847321140455,1.0273081956578118,0.1335798834311793,69.85,8.818081644192461e-09,1.238232179043324e-09,826.3750684646031,5.513898446146072,0.0001957702497714,0.00148,6.65847e-07,0.0154111111111111,0.01157,6.76e-06,0.0805555555555555,0.023,9e-06,0.0031111111111111,0.03605,0.0990777777777777,10000000.0,1.1567434657152049e-09,32.0,4.0,,0.1692396590817734,3.4345378928572576,0.03360279837249905,0.688438653144859,0.2532608716926269,1209.8716582354225,1.0
1291.0,0.011,0.012,550000.0,0.000127,1.0,30.0,250.0,0.0016681242773514,2315.9474366812515,220.5130739903045,128.43272273904472,0.0,0.0009678863361033,0.345724027765135,0.1140156271072619,69.85,7.3868913867573475e-09,1.1166637299582202e-09,940.8702890594122,7.043276942382779,0.0001400037355025,0.00148,6.65847e-07,0.0154111111111111,0.01157,6.76e-06,0.0805555555555555,0.023,9e-06,0.0031111111111111,0.03605,0.0990777777777777,10000000.0,7.322417193585561e-10,32.0,4.0,,0.1071320847039082,3.521764919628068,0.022561402578725583,0.08852631595396479,0.18547808783816233,169.69940203313078,1.0
1292.0,0.011,0.012,550000.0,0.000127,1.0,30.0,275.0,0.0021763960592673,2315.9474366812515,242.0128264794384,141.66654441742847,0.0,0.0010676182027473,0.6261989121675358,0.1487558000925015,69.85,9.881211347198925e-09,1.4191638029588431e-09,784.6005254310163,4.965709471156165,0.0002001776371603,0.00148,6.65847e-07,0.0154111111111111,0.01157,6.76e-06,0.0805555555555555,0.023,9e-06,0.0031111111111111,0.03605,0.0990777777777777,10000000.0,1.196374085827185e-09,32.0,4.0,,0.1750378959733074,3.426900997219843,0.03456949402280469,0.26635521610172663,0.2586621751200913,464.71053078278095,1.0
1295.0,0.011,0.012,550000.0,0.000127,1.0,35.0,250.0,0.0022944979015284,2701.938676128126,220.5130739903045,129.9651596591975,0.0,0.0008395157036589,0.3657292147736641,0.1568280137703117,69.85,1.0440226733901528e-08,1.5273250131568383e-09,768.8536131295344,4.761942063938145,0.0001934200637371,0.00148,6.65847e-07,0.0154111111111111,0.01157,6.76e-06,0.0805555555555555,0.023,9e-06,0.0031111111111111,0.03605,0.0990777777777777,10000000.0,1.1360711866067743e-09,32.0,4.0,,0.16621516007015294,3.438553930754769,0.033094439144965966,0.006636040933199361,0.2503887724324854,11.707125864065471,1.0
1303.0,0.011,0.012,600000.0,0.000127,1.0,20.0,300.0,0.0010440942296575,1415.3012113052096,265.6087782946687,150.87314968083473,0.0,0.0018605461464675,1.018536559565604,0.0713634229594001,76.2,4.722646918630113e-09,7.060022359631234e-10,1281.663462205483,9.53848937800939,0.0001197129684254,0.00148,6.65847e-07,0.0154111111111111,0.01157,6.76e-06,0.0805555555555555,0.023,9e-06,0.0031111111111111,0.03605,0.0990777777777777,10000000.0,7.322313010896849e-10,36.0,4.0,,0.12052188049309755,3.50772019320483,0.02433921605002157,0.790601256113106,0.197211221041257,1493.7019296595527,1.0
1306.0,0.011,0.012,600000.0,0.000127,1.0,25.0,275.0,0.0012592782982709,1769.126514131512,242.0128264794384,140.5822150338784,0.0,0.0013869118474505,0.6381466724162695,0.0860711679755019,76.2,5.583383193083904e-09,8.661290935970656e-10,1152.5530210374145,8.784755533514321,0.0001287880817802,0.00148,6.65847e-07,0.0154111111111111,0.01157,6.76e-06,0.0805555555555555,0.023,9e-06,0.0031111111111111,0.03605,0.0990777777777777,10000000.0,8.038518223470009e-10,36.0,4.0,,0.13231028654864574,3.4909673859357193,0.026459824565098794,0.38371521789212193,0.2107721039058082,712.7161490863415,1.0
1307.0,0.011,0.012,600000.0,0.000127,1.0,25.0,300.0,0.001642207234649,1769.126514131512,265.6087782946687,153.1213850886849,0.0,0.001510616851686,0.969650617510086,0.112244207605366,76.2,7.257306173245055e-09,1.105656476835016e-09,951.2371061403956,7.181752479053295,0.0001793200766947,0.00148,6.65847e-07,0.0154111111111111,0.01157,6.76e-06,0.0805555555555555,0.023,9e-06,0.0031111111111111,0.03605,0.0990777777777777,10000000.0,1.2820603606162907e-09,36.0,4.0,,0.21102119690484072,3.3869566879434254,0.039625735703363835,0.6103352129998794,0.2856866038130422,1026.0354605540665,1.0
1310.0,0.011,0.012,600000.0,0.000127,1.0,30.0,250.0,0.00140168776083,2122.951816957814,220.5130739903045,128.4327227390447,0.0,0.0010558760030218,0.3375508354417673,0.0958047977776298,76.2,6.153021043320217e-09,9.721015286563156e-10,1067.1073435019675,8.285932212630136,0.0001295445381311,0.00148,6.65847e-07,0.0154111111111111,0.01157,6.76e-06,0.0805555555555555,0.023,9e-06,0.0031111111111111,0.03605,0.0990777777777777,10000000.0,8.099747354652317e-10,36.0,4.0,,0.1333180896868165,3.489550288583774,0.026639203976737497,0.0723779479773208,0.21189821458452837,134.24364201008711,1.0
1322.0,0.011,0.0124999999999999,400000.0,0.000127,1.0,20.0,250.0,0.0016609875868229,2122.951816957814,220.5130739903045,123.48519266548038,0.0,0.0010152011799121,0.3768690071370907,0.113527837164313,50.8,7.351207934114684e-09,1.1136326989871563e-09,943.7249652708252,7.081408493977444,0.0001013873158421,0.00148,6.65847e-07,0.0154111111111111,0.01157,6.76e-06,0.0805555555555555,0.023,9e-06,0.0031111111111111,0.03605,0.0990777777777777,10000000.0,4.1579217943317894e-10,24.0,3.0,,0.04562497786790857,3.6148868460665615,0.010773816953599854,0.18166619210486923,0.09807610877152306,385.61076793844205,1.0
1323.0,0.011,0.0124999999999999,400000.0,0.000127,1.0,20.0,275.0,0.0021616704081006,2122.951816957814,242.0128264794384,136.87673155960954,0.0,0.0011252962106822,0.5703696178798944,0.1477493077255137,50.8,9.811509931676244e-09,1.4056776098507863e-09,786.5639455865847,4.991116422482244,0.0001445570757274,0.00148,6.65847e-07,0.0154111111111111,0.01157,6.76e-06,0.0805555555555555,0.023,9e-06,0.0031111111111111,0.03605,0.0990777777777777,10000000.0,6.176244684714248e-10,24.0,3.0,,0.06777208446561499,3.5764603459163884,0.015637930896659696,0.3187982256887657,0.1363190017946022,647.9991093946179,1.0
1324.0,0.011,0.0124999999999999,400000.0,0.000127,1.0,20.0,300.0,0.0028133858944744,2122.951816957814,265.6087782946687,147.3462568730679,0.0,0.0012113686718568,0.9469125009907844,0.1922938005329695,50.8,1.2896296567178973e-08,2.002538203736517e-09,699.6685474034092,3.866676935682226,0.0002079850704881,0.00148,6.65847e-07,0.0154111111111111,0.01157,6.76e-06,0.0805555555555555,0.023,9e-06,0.0031111111111111,0.03605,0.0990777777777777,10000000.0,9.503089520488886e-10,24.0,3.0,,0.10427763447598433,3.5168148186296806,0.02318799764181269,0.6142910659818303,0.1896523991463381,1171.5226737114856,1.0
1325.0,0.011,0.0124999999999999,400000.0,0.000127,1.0,20.0,325.0,0.0037169189382363,2122.951816957814,291.5053062825179,145.26094843729786,0.0,0.0011942248545393,1.1166432140313538,0.2540499226608802,50.8,1.6941639440200003e-08,2.6929331636815197e-09,579.197474901818,2.5994172068777,0.0002980744573119,0.00148,6.65847e-07,0.0154111111111111,0.01157,6.76e-06,0.0805555555555555,0.023,9e-06,0.0031111111111111,0.03605,0.0990777777777777,10000000.0,8.337462856387161e-10,24.0,4.0,,0.09148718449099803,3.5086584373684166,0.024220450966023238,0.7350561068794755,0.1964379473475686,1390.096846438974,1.0
1326.0,0.011,0.0124999999999999,400000.0,0.000127,1.0,20.0,350.0,0.0051126880909919,2122.951816957814,291.5053062825179,158.34096656165494,0.0,0.0013017587988649,1.4485209804541177,0.3494501859440655,50.8,2.2097022363967933e-08,3.0677718960089117e-09,406.138492607997,2.105699428177528,0.0003800141889159,0.00148,6.65847e-07,0.0154111111111111,0.01157,6.76e-06,0.0805555555555555,0.023,9e-06,0.0031111111111111,0.03605,0.0990777777777777,10000000.0,1.1545685673243087e-09,24.0,4.0,,0.1266910921772643,3.448109211142104,0.03188490998201216,0.9363297023327882,0.2434656048026066,1667.1037427520216,1.0
1327.0,0.011,0.0124999999999999,400000.0,0.000127,1.0,25.0,250.0,0.0026158430473007,2653.689771197268,220.5130739903045,125.1488416075276,0.0,0.0008231027472826,0.3804098567847617,0.1787918259457868,50.8,1.1961260423890186e-08,1.8216225380094398e-09,726.0075936932343,4.207508145529506,0.0001610651028503,0.00148,6.65847e-07,0.0154111111111111,0.01157,6.76e-06,0.0805555555555555,0.023,9e-06,0.0031111111111111,0.03605,0.0990777777777777,10000000.0,6.99671167357681e-10,24.0,3.0,,0.07677508886536943,3.561337013339888,0.017552276792419275,0.08879294197360527,0.15049531492635082,177.52085159991339,1.0
1328.0,0.011,0.0124999999999999,400000.0,0.000127,1.0,25.0,275.0,0.00340279704081,2653.689771197268,242.0128264794384,137.80441090660534,0.0,0.0009063383068346,0.6361106585042269,0.2325798166205512,50.8,1.5686175993167623e-08,2.542338613885077e-09,621.0803945586587,2.849734449648228,0.0002309980936547,0.00148,6.65847e-07,0.0154111111111111,0.01157,6.76e-06,0.0805555555555555,0.023,9e-06,0.0031111111111111,0.03605,0.0990777777777777,10000000.0,6.091875090732684e-10,24.0,4.0,,0.06684629484076421,3.5549214384661787,0.01836437487769889,0.30063454704291137,0.1563695356604358,596.8927285004006,1.0
1329.0,0.011,0.0124999999999999,400000.0,0.000127,1.0,25.0,300.0,0.0044268929240499,2653.689771197268,265.6087782946687,149.60942994630952,0.0,0.0009839798053774,1.0737427425849768,0.302576360601643,50.8,1.954487738818307e-08,2.894461646134652e-09,484.5342767933429,2.329042547020226,0.0003098767910597,0.00148,6.65847e-07,0.0154111111111111,0.01157,6.76e-06,0.0805555555555555,0.023,9e-06,0.0031111111111111,0.03605,0.0990777777777777,10000000.0,8.764250780909738e-10,24.0,4.0,,0.09617033885844628,3.500243522719896,0.02528563003545624,0.6389460431248876,0.2033204982081997,1197.9894035117827,1.0
1332.0,0.011,0.0124999999999999,400000.0,0.000127,1.0,30.0,250.0,0.0038028492445015,3184.427725436721,220.5130739903045,126.63739950518828,0.0,0.0006940774820775,0.3705790622087422,0.2599232247219843,50.8,1.7256717229839084e-08,2.717324767549252e-09,567.7401007331242,2.566692941211431,0.0002305231635883,0.00148,6.65847e-07,0.0154111111111111,0.01157,6.76e-06,0.0805555555555555,0.023,9e-06,0.0031111111111111,0.03605,0.0990777777777777,10000000.0,6.076954146893092e-10,24.0,4.0,,0.06668256695791233,3.5552405083029788,0.018323986290762238,0.007923270528845575,0.15607930967770273,15.736613110052193,1.0
1333.0,0.011,0.0124999999999999,400000.0,0.000127,1.0,30.0,275.0,0.0049441809183413,3184.427725436721,242.0128264794384,138.90609628751258,0.0,0.0007613200676353,0.6151298239001377,0.3379327880962652,50.8,2.1441600033918355e-08,3.041295567607592e-09,415.5625442211506,2.1320472087408446,0.0003079251453013,0.00148,6.65847e-07,0.0154111111111111,0.01157,6.76e-06,0.0805555555555555,0.023,9e-06,0.0031111111111111,0.03605,0.0990777777777777,10000000.0,8.692948318994774e-10,24.0,4.0,,0.09538793519437726,3.5016413412031087,0.02510869098694827,0.14575910060949526,0.20218540100787669,273.6798401445728,1.0
1338.0,0.011,0.0124999999999999,450000.0,0.000127,1.0,20.0,250.0,0.001312385253786,1887.06828174028,220.5130739903045,123.48519266548038,0.0,0.0011421013274011,0.3712606503082855,0.0897010071421732,57.15,5.7958110151440975e-09,9.056480503670779e-10,1120.6888477283856,8.598735676153542,9.180187351388568e-05,0.00148,6.65847e-07,0.0154111111111111,0.01157,6.76e-06,0.0805555555555555,0.023,9e-06,0.0031111111111111,0.03605,0.0990777777777777,10000000.0,4.886293962231715e-10,27.0,3.0,,0.060319601479803225,3.5970884317680074,0.013026780788859833,0.18519004168630898,0.11620206132042717,385.1906727537448,1.0
1339.0,0.011,0.0124999999999999,450000.0,0.000127,1.0,20.0,275.0,0.0017079864952893,1887.06828174028,242.0128264794384,136.87673155960962,0.0,0.0012659582370175,0.5645582232530428,0.1167401937584307,57.15,7.586202476446882e-09,1.1335936524008462e-09,924.9254018842494,6.830291916074003,0.0001280551896432,0.00148,6.65847e-07,0.0154111111111111,0.01157,6.76e-06,0.0805555555555555,0.023,9e-06,0.0031111111111111,0.03605,0.0990777777777777,10000000.0,7.146445391226551e-10,27.0,3.0,,0.08822038570087981,3.5531307690959326,0.018591041886590824,0.3235476437937322,0.15799463221963808,641.1479384109535,1.0
1340.0,0.011,0.0124999999999999,450000.0,0.000127,1.0,20.0,300.0,0.0022229221882267,1887.06828174028,265.6087782946687,147.34625687306786,0.0,0.001362789755839,0.9567766293283928,0.1519358423964203,57.15,1.0101435024273098e-08,1.461773827643668e-09,778.3970415697719,4.885435459469084,0.0001831334286797,0.00148,6.65847e-07,0.0154111111111111,0.01157,6.76e-06,0.0805555555555555,0.023,9e-06,0.0031111111111111,0.03605,0.0990777777777777,1000000.0,5.89107980666111e-09,28.0,4.0,,0.7541679047225961,3.5483947943934844,0.019190532355255172,0.014622882209376353,0.16226267487604165,28.830089854329835,1.0
1343.0,0.011,0.0124999999999999,450000.0,0.000127,1.0,25.0,250.0,0.0020668389509536,2358.8353521753497,220.5130739903045,125.1488416075276,0.0,0.0009259905906929,0.3678415417596404,0.1412676155621033,57.15,9.362641034514062e-09,1.3188281164519043e-09,799.2081398728433,5.154734193175574,0.0001419943938441,0.00148,6.65847e-07,0.0154111111111111,0.01157,6.76e-06,0.0805555555555555,0.023,9e-06,0.0031111111111111,0.03605,0.0990777777777777,10000000.0,8.080875506266961e-10,27.0,3.0,,0.09975560085281897,3.535572789121502,0.020813570997278236,0.09076832534471803,0.17360361035164712,176.53380521985514,1.0
1344.0,0.011,0.0124999999999999,450000.0,0.000127,1.0,25.0,275.0,0.00268862976064,2358.8353521753497,242.0128264794384,137.8044109066053,0.0,0.001019630595189,0.6523928490530555,0.1837667686878429,57.15,1.2305784200362896e-08,1.888282793686975e-09,716.3026985813269,4.081925347047159,0.0002039499460253,0.00148,6.65847e-07,0.0154111111111111,0.01157,6.76e-06,0.0805555555555555,0.023,9e-06,0.0031111111111111,0.03605,0.0990777777777777,10000000.0,6.694856240019434e-10,28.0,4.0,,0.08570662541772804,3.5298283891238738,0.021540710237484384,0.34686945494748445,0.1785854771679678,670.5537312828577,1.0
1348.0,0.011,0.0124999999999999,450000.0,0.000127,1.0,30.0,250.0,0.0030047203907172,2830.602422610419,220.5130739903045,126.63739950518828,0.0,0.0007808371673372,0.3801388896282897,0.2053714368173704,57.15,1.3801946516061834e-08,2.1777680754306147e-09,674.1572812376947,3.5365573248079567,0.0002089504728924,0.00148,6.65847e-07,0.0154111111111111,0.01157,6.76e-06,0.0805555555555555,0.023,9e-06,0.0031111111111111,0.03605,0.0990777777777777,10000000.0,6.893263043909733e-10,28.0,4.0,,0.08824660193278837,3.5253154491469623,0.022111968462409825,0.05047085087813093,0.1824574202720569,97.10825635375691,1.0
1358.0,0.011,0.0124999999999999,500000.0,0.000127,1.0,20.0,250.0,0.0010630320555666,1698.3614535662512,220.5130739903045,123.48519266548035,0.0,0.0012690014748901,0.3501529684722876,0.0726578157851603,63.5,4.798398222266718e-09,7.200946107973335e-10,1270.300766659992,9.472155097684368,8.538605321972004e-05,0.00148,6.65847e-07,0.0154111111111111,0.01157,6.76e-06,0.0805555555555555,0.023,9e-06,0.0031111111111111,0.03605,0.0990777777777777,10000000.0,6.479729423021895e-10,27.0,3.0,,0.07999000868853193,3.578348430298496,0.015398932873608103,0.16145514399859529,0.13451585729522086,328.86386005997593,1.0
1359.0,0.011,0.0124999999999999,500000.0,0.000127,1.0,20.0,275.0,0.0013834690611843,1698.3614535662512,242.0128264794384,136.87673155960957,0.0,0.0014066202633528,0.5803419840353514,0.0945595569443289,63.5,6.0801462447375795e-09,9.585442837206943e-10,1078.038563289363,8.349747580626973,0.0001164144951643,0.00148,6.65847e-07,0.0154111111111111,0.01157,6.76e-06,0.0805555555555555,0.023,9e-06,0.0031111111111111,0.03605,0.0990777777777777,10000000.0,8.369382810948733e-10,30.0,3.0,,0.11479680366948708,3.522723652151147,0.022440044031500433,0.3349356234215353,0.1846646335277472,642.6918174277276,1.0
1360.0,0.011,0.0124999999999999,500000.0,0.000127,1.0,20.0,300.0,0.0018005669724636,1698.3614535662512,265.6087782946687,147.34625687306803,0.0,0.0015142108398211,0.958330632054773,0.1230680323411005,63.5,8.049104862318181e-09,1.1729135994420031e-09,887.8932110145454,6.335631649117618,0.0001639165866976,0.00148,6.65847e-07,0.0154111111111111,0.01157,6.76e-06,0.0805555555555555,0.023,9e-06,0.0031111111111111,0.03605,0.0990777777777777,10000000.0,7.515107548951484e-10,28.0,4.0,,0.0962073694460772,3.534528473030631,0.020945762907515098,0.7030052302675952,0.17451378944432114,1365.7572908916425,1.0
1361.0,0.011,0.0124999999999999,500000.0,0.000127,1.0,20.0,325.0,0.0023788281204712,1698.3614535662512,291.5053062825179,145.26094843729797,0.0,0.0014927810681742,1.1440087768963705,0.1625919505029633,63.5,1.0839389770230692e-08,1.604557157571206e-09,757.6095839371636,4.616442639584488,0.0002390535503978,0.00148,6.65847e-07,0.0154111111111111,0.01157,6.76e-06,0.0805555555555555,0.023,9e-06,0.0031111111111111,0.03605,0.0990777777777777,10000000.0,1.061422617092896e-09,32.0,4.0,,0.15529355227212696,3.429428819836847,0.03424951647634855,0.7900732741212803,0.25688300859888324,1381.750757242601,1.0
1363.0,0.011,0.0124999999999999,500000.0,0.000127,1.0,25.0,250.0,0.0016741395502724,2122.951816957814,220.5130739903045,125.14884160752752,0.0,0.0010288784341032,0.3894527749866528,0.1144267686053036,63.5,7.4169677513623805e-09,1.1192184825357735e-09,938.4641798910096,7.011137158707651,0.0001277329308482,0.00148,6.65847e-07,0.0154111111111111,0.01157,6.76e-06,0.0805555555555555,0.023,9e-06,0.0031111111111111,0.03605,0.0990777777777777,10000000.0,9.391619433877668e-10,30.0,3.0,,0.12881808810071385,3.5031389218258906,0.02491912381950758,0.11015791828063534,0.2009656975175027,207.1506463426402,1.0
1364.0,0.011,0.0124999999999999,500000.0,0.000127,1.0,25.0,275.0,0.0021777901061184,2122.951816957814,242.0128264794384,137.80441090660534,0.0,0.0011329228835433,0.6058715372097964,0.1488510826371528,63.5,9.887809835627276e-09,1.4204405128864491e-09,784.4146525175415,4.9633042477748655,0.0001821011597735,0.00148,6.65847e-07,0.0154111111111111,0.01157,6.76e-06,0.0805555555555555,0.023,9e-06,0.0031111111111111,0.03605,0.0990777777777777,10000000.0,8.634033761130475e-10,28.0,4.0,,0.11053170835630655,3.5130518256968712,0.023664325861155563,0.31043874621633694,0.19279713447610608,589.7443166144772,1.0
1368.0,0.011,0.0124999999999999,500000.0,0.000127,1.0,30.0,250.0,0.002433823516481,2547.542180349377,220.5130739903045,126.63739950518824,0.0,0.0008675968525969,0.3686004349437238,0.1663508638220699,63.5,1.1099701311343416e-08,1.6549235910987975e-09,750.2768644691996,4.521556149761113,0.0001868912331181,0.00148,6.65847e-07,0.0154111111111111,0.01157,6.76e-06,0.0805555555555555,0.023,9e-06,0.0031111111111111,0.03605,0.0990777777777777,10000000.0,8.944002766983436e-10,28.0,4.0,,0.1144998887806958,3.5072280152965702,0.02440151705106709,0.051699682340957995,0.19761626501746823,97.62816799319155,1.0
1380.0,0.011,0.0124999999999999,550000.0,0.000127,1.0,20.0,275.0,0.0011433628604829,1543.9649577875011,242.0128264794384,136.87673155960957,0.0,0.001547282289688,0.5745551509655004,0.0781483941688668,69.85,5.119721441931884e-09,7.798718956369372e-10,1222.1022837102173,9.19077717407188,0.0001087228218646,0.00148,6.65847e-07,0.0154111111111111,0.01157,6.76e-06,0.0805555555555555,0.023,9e-06,0.0031111111111111,0.03605,0.0990777777777777,10000000.0,1.0027506872842197e-09,33.0,3.0,,0.1512941085568734,3.4812809465998606,0.027685956126600016,0.30906264823975993,0.218405968914457,568.503187728169,1.0
1384.0,0.011,0.0124999999999999,550000.0,0.000127,1.0,25.0,250.0,0.0013835864051838,1929.9561972343763,220.5130739903045,125.14884160752752,0.0,0.0011317662775135,0.381866496784099,0.094567577359755,69.85,6.080615620735456e-09,9.586316039671151e-10,1077.9681568896815,8.349336555106273,0.0001174221173442,0.00148,6.65847e-07,0.0154111111111111,0.01157,6.76e-06,0.0805555555555555,0.023,9e-06,0.0031111111111111,0.03605,0.0990777777777777,10000000.0,1.1105843049621188e-09,33.0,3.0,,0.16756394637989777,3.4603290564824682,0.030338094116143237,0.08368497304444625,0.2344232872843498,150.7791684172213,1.0
1385.0,0.011,0.0124999999999999,550000.0,0.000127,1.0,25.0,275.0,0.0017998265339821,1929.9561972343763,242.0128264794384,137.8044109066053,0.0,0.0012462151718976,0.6364818304800227,0.1230174236670684,69.85,8.045402669910903e-09,1.172599127074106e-09,888.1893864071277,6.339587834137189,0.0001649297846281,0.00148,6.65847e-07,0.0154111111111111,0.01157,6.76e-06,0.0805555555555555,0.023,9e-06,0.0031111111111111,0.03605,0.0990777777777777,10000000.0,9.069715759291101e-10,32.0,4.0,,0.13269628474814538,3.484611162100499,0.027264409860696358,0.3447181220648089,0.2157981460532644,636.2050739138865,1.0
1389.0,0.011,0.0124999999999999,550000.0,0.000127,1.0,30.0,250.0,0.0020114243937859,2315.9474366812515,220.5130739903045,126.6373995051883,0.0,0.0009543565378565,0.3817547153584425,0.1374800527455123,69.85,9.100345463920178e-09,1.2680778025609894e-09,806.5967474952063,5.250343884100094,0.0001687118629869,0.00148,6.65847e-07,0.0154111111111111,0.01157,6.76e-06,0.0805555555555555,0.023,9e-06,0.0031111111111111,0.03605,0.0990777777777777,10000000.0,9.353666490461807e-10,32.0,4.0,,0.13685068253500804,3.478743653259904,0.028007132498746357,0.07137398007792206,0.2203812587804928,130.95658292203447,1.0
1401.0,0.011,0.0124999999999999,600000.0,0.000127,1.0,20.0,300.0,0.0012503937308775,1415.3012113052096,265.6087782946687,147.34625687306786,0.0,0.0018170530077853,0.9839005224497216,0.0854639113479865,76.2,5.5478449235101005e-09,8.595177405014705e-10,1157.8837614734848,8.815875863106058,0.0001396171379069,0.00148,6.65847e-07,0.0154111111111111,0.01157,6.76e-06,0.0805555555555555,0.023,9e-06,0.0031111111111111,0.03605,0.0990777777777777,10000000.0,8.939438234271841e-10,36.0,4.0,,0.147139012623878,3.470351377790064,0.029069445849359055,0.715247598477857,0.22684413307260481,1301.4533709449481,1.0
1404.0,0.011,0.0124999999999999,600000.0,0.000127,1.0,25.0,250.0,0.0011625969099114,1769.126514131512,220.5130739903045,125.14884160752756,0.0,0.0012346541209239,0.3757375113144007,0.0794630337536831,76.2,5.196657639645771e-09,7.941847019445911e-10,1210.5618540531343,9.123405299776794,0.00011042402507,0.00148,6.65847e-07,0.0154111111111111,0.01157,6.76e-06,0.0805555555555555,0.023,9e-06,0.0031111111111111,0.03605,0.0990777777777777,10000000.0,6.621781564036714e-10,36.0,4.0,,0.10899145736115973,3.5244280232087712,0.022224300859649247,0.15123302019955787,0.18321450967116476,290.7098774605825,1.0
1421.0,0.011,0.013,400000.0,0.000127,1.0,20.0,250.0,0.0019797389309566,2122.951816957814,220.5130739903045,121.47719856260558,0.0,0.0009986929821396,0.4125815804152886,0.1353143640353123,50.8,8.944964654783084e-09,1.2490099011055155e-09,816.2244276173533,5.378310499730867,0.0001207445319668,0.00148,6.65847e-07,0.0154111111111111,0.01157,6.76e-06,0.0805555555555555,0.023,9e-06,0.0031111111111111,0.03605,0.0990777777777777,10000000.0,5.041514215042158e-10,24.0,3.0,,0.05532065918017363,3.5978453638940553,0.01293096659568927,0.18589655719980258,0.11544604546743231,386.99096316520286,1.0
1422.0,0.011,0.013,400000.0,0.000127,1.0,20.0,275.0,0.0025693430561045,2122.951816957814,242.0128264794384,133.8364671299041,0.0,0.0011003014726925,0.5989139562795023,0.1756135701475239,50.8,1.1741160465561565e-08,1.7790364510722351e-09,732.2075925193926,4.287737060339818,0.0001729761261281,0.00148,6.65847e-07,0.0154111111111111,0.01157,6.76e-06,0.0805555555555555,0.023,9e-06,0.0031111111111111,0.03605,0.0990777777777777,10000000.0,7.607367534815577e-10,24.0,3.0,,0.08347583061378533,3.5502605017143147,0.018954366871605805,0.3037745555181929,0.16058648199530795,600.1122630521397,1.0
1423.0,0.011,0.013,400000.0,0.000127,1.0,20.0,300.0,0.0033375881993559,2122.951816957814,265.6087782946687,143.7433661718056,0.0,0.0011817484492855,0.8868932921219503,0.2281228183907009,50.8,1.5377520810284932e-08,2.482618400616179e-09,629.7749067525372,2.962242741613845,0.0002480449768446,0.00148,6.65847e-07,0.0154111111111111,0.01157,6.76e-06,0.0805555555555555,0.023,9e-06,0.0031111111111111,0.03605,0.0990777777777777,10000000.0,6.635956708246472e-10,24.0,4.0,,0.07281651577932129,3.5433950183071814,0.01982341540415427,0.5499039579519281,0.1667217533622413,1078.4053617633476,1.0
1424.0,0.011,0.013,400000.0,0.000127,1.0,20.0,325.0,0.0044040479711329,2122.951816957814,291.5053062825179,142.61574211658024,0.0,0.0011724779833563,0.9872741870386036,0.3010149172077467,50.8,1.946111256082071e-08,2.8879770300993167e-09,487.58027051561055,2.337742438139924,0.000338303436796,0.00148,6.65847e-07,0.0154111111111111,0.01157,6.76e-06,0.0805555555555555,0.023,9e-06,0.0031111111111111,0.03605,0.0990777777777777,10000000.0,9.83763175331318e-10,24.0,4.0,,0.10794857460508843,3.4795814618662035,0.027901080776429943,0.5422606952257685,0.21973012747251064,995.7678804155917,1.0
1426.0,0.011,0.013,400000.0,0.000127,1.0,25.0,250.0,0.0031192631638853,2653.689771197268,220.5130739903045,123.0087432181006,0.0,0.0008090273404217,0.3737595471426337,0.213200389546295,50.8,1.4344115642390444e-08,2.2826697833810794e-09,658.8849114819593,3.338930569313276,0.0001929954314468,0.00148,6.65847e-07,0.0154111111111111,0.01157,6.76e-06,0.0805555555555555,0.023,9e-06,0.0031111111111111,0.03605,0.0990777777777777,10000000.0,8.671929924576048e-10,24.0,3.0,,0.09515729983671357,3.531306859049161,0.02135356214567581,0.029351857759625025,0.17730901407597222,56.8299771653999,1.0
1427.0,0.011,0.013,400000.0,0.000127,1.0,25.0,275.0,0.0040463760551969,2653.689771197268,242.0128264794384,134.77578754313183,0.0,0.0008864190796253,0.5799518787892329,0.2765681848222866,50.8,1.814964886905533e-08,2.78645066452116e-09,535.2698593070787,2.473952249406396,0.0002643069453771,0.00148,6.65847e-07,0.0154111111111111,0.01157,6.76e-06,0.0805555555555555,0.023,9e-06,0.0031111111111111,0.03605,0.0990777777777777,10000000.0,7.171121643700056e-10,24.0,4.0,,0.0786888937468522,3.532259329719458,0.021232996238043263,0.18864480022009408,0.1764845784738373,365.6130794499131,1.0
1428.0,0.011,0.013,400000.0,0.000127,1.0,25.0,300.0,0.0052540729228263,2653.689771197268,265.6087782946687,145.99759112969969,0.0,0.0009602247756504,0.9999361443325452,0.3591137826460111,50.8,2.266256169130536e-08,3.0811112721228197e-09,403.65238172502166,2.0993125097842427,0.0003544763541987,0.00148,6.65847e-07,0.0154111111111111,0.01157,6.76e-06,0.0805555555555555,0.023,9e-06,0.0031111111111111,0.03605,0.0990777777777777,10000000.0,1.0479679753673793e-09,24.0,4.0,,0.11499378306632542,3.467553963662726,0.02942354890345243,0.4897785786202086,0.22897467024945709,888.737654188244,1.0
1432.0,0.011,0.013,400000.0,0.000127,1.0,30.0,275.0,0.0058824713102709,3184.427725436721,242.0128264794384,135.90431927600912,0.0,0.0007448678517967,0.6102001627402561,0.4020645610684978,50.8,2.5176155241083956e-08,3.140399403181447e-09,392.602624480195,2.0709252410298182,0.000355076461601,0.00148,6.65847e-07,0.0154111111111111,0.01157,6.76e-06,0.0805555555555555,0.023,9e-06,0.0031111111111111,0.03605,0.0990777777777777,10000000.0,1.0503974892042121e-09,24.0,4.0,,0.11526037421574623,3.4671035840177526,0.02948055898509469,0.056825227456011984,0.22931658675292277,103.06764275146111,1.0
1438.0,0.011,0.013,450000.0,0.000127,1.0,20.0,250.0,0.0015642381676694,1887.06828174028,220.5130739903045,121.47719856260564,0.0,0.0011235296049071,0.4055027472274758,0.1069150530649382,57.15,6.867460838347129e-09,1.0725421564290495e-09,982.4247329322296,7.5983435429972275,0.0001074472582878,0.00148,6.65847e-07,0.0154111111111111,0.01157,6.76e-06,0.0805555555555555,0.023,9e-06,0.0031111111111111,0.03605,0.0990777777777777,10000000.0,5.833759232331079e-10,27.0,3.0,,0.07201573109257121,3.578398381629093,0.015392609920367912,0.19052196306996638,0.13446805090725894,388.09075723023375,1.0
1439.0,0.011,0.013,450000.0,0.000127,1.0,20.0,275.0,0.002030098217169,1887.06828174028,242.0128264794384,133.8364671299041,0.0,0.0012378391567791,0.5885168337993142,0.1387564011042165,57.15,9.188734894600086e-09,1.2851798502299147e-09,804.1069043774623,5.2181249406800205,0.0001523070062203,0.00148,6.65847e-07,0.0154111111111111,0.01157,6.76e-06,0.0805555555555555,0.023,9e-06,0.0031111111111111,0.03605,0.0990777777777777,10000000.0,8.799004714537603e-10,27.0,3.0,,0.10862065645297518,3.5223138228439645,0.022491921158991804,0.3050897762421224,0.1850125595086835,585.1722447581499,1.0
1440.0,0.011,0.013,450000.0,0.000127,1.0,20.0,300.0,0.002637106725417,1887.06828174028,265.6087782946687,143.74336617180575,0.0,0.0013294670054462,0.909666437673888,0.1802451898395662,57.15,1.2061908500307445e-08,1.841096452338711e-09,723.172436611058,4.170820787612582,0.0002188085218603,0.00148,6.65847e-07,0.0154111111111111,0.01157,6.76e-06,0.0805555555555555,0.023,9e-06,0.0031111111111111,0.03605,0.0990777777777777,10000000.0,7.290782426057585e-10,28.0,4.0,,0.09333559018893256,3.516355202983702,0.023246176837506072,0.600035657645389,0.19003781320360924,1143.7917304169782,1.0
1443.0,0.011,0.013,450000.0,0.000127,1.0,25.0,250.0,0.0024646029936871,2358.8353521753497,220.5130739903045,123.00874321810063,0.0,0.0009101557579744,0.3871363541210373,0.1684546287773196,57.15,1.1245390836785873e-08,1.6831123597085081e-09,746.172934175046,4.4684506761652205,0.0001703999426302,0.00148,6.65847e-07,0.0154111111111111,0.01157,6.76e-06,0.0805555555555555,0.023,9e-06,0.0031111111111111,0.03605,0.0990777777777777,10000000.0,1.0120206006481508e-09,27.0,3.0,,0.12493042742063487,3.49843664362763,0.025514348907894967,0.05770129792308282,0.20478299541562414,107.98822158834359,1.0
1444.0,0.011,0.013,450000.0,0.000127,1.0,25.0,275.0,0.0031971366362049,2358.8353521753497,242.0128264794384,134.77578754313177,0.0,0.0009972214645785,0.6051096870015537,0.2185230102299549,57.15,1.4712716744703509e-08,2.353988645535594e-09,648.5017818393378,3.2045713142683074,0.0002437834006357,0.00148,6.65847e-07,0.0154111111111111,0.01157,6.76e-06,0.0805555555555555,0.023,9e-06,0.0031111111111111,0.03605,0.0990777777777777,10000000.0,8.338292262259853e-10,28.0,4.0,,0.10674566651232094,3.4932530716509995,0.026170497259367237,0.2437910102592778,0.2089489635813814,453.8656753928284,1.0
1445.0,0.011,0.013,450000.0,0.000127,1.0,25.0,300.0,0.0041513662600109,2358.8353521753497,265.6087782946687,145.99759112969952,0.0,0.0010802528726067,0.991277366200232,0.2837442233252433,57.15,1.8534612953373423e-08,2.816252484124971e-09,521.2711653318754,2.433969529641769,0.0003320805848736,0.00148,6.65847e-07,0.0154111111111111,0.01157,6.76e-06,0.0805555555555555,0.023,9e-06,0.0031111111111111,0.03605,0.0990777777777777,10000000.0,1.2625866846689939e-09,28.0,4.0,,0.16163460447960634,3.4057691801973826,0.03724440756995161,0.5098485383953822,0.2732087038874042,872.0794341409535,1.0
1448.0,0.011,0.013,450000.0,0.000127,1.0,30.0,250.0,0.0035849325856037,2830.602422610419,220.5130739903045,124.44263418282056,0.0,0.0007673044009981,0.4110414089955855,0.2450287082529842,57.15,1.6457689480547206e-08,2.6554683975322527e-09,596.795655252829,2.6496806896417486,0.0002484833975565,0.00148,6.65847e-07,0.0154111111111111,0.01157,6.76e-06,0.0805555555555555,0.023,9e-06,0.0031111111111111,0.03605,0.0990777777777777,10000000.0,8.542340075286704e-10,28.0,4.0,,0.10935785844765487,3.4888367273919014,0.02672952817824034,0.020604842294946316,0.2124640375622138,38.18957613564268,1.0
1449.0,0.011,0.013,450000.0,0.000127,1.0,30.0,275.0,0.00464787856614,2830.602422610419,242.0128264794384,135.90431927600903,0.0,0.0008379763332713,0.5920711952326735,0.3176806408442451,57.15,2.0355158075846804e-08,2.957189157260737e-09,455.0695245146617,2.244886058180664,0.0003302236565291,0.00148,6.65847e-07,0.0154111111111111,0.01157,6.76e-06,0.0805555555555555,0.023,9e-06,0.0031111111111111,0.03605,0.0990777777777777,10000000.0,1.25240195799169e-09,28.0,4.0,,0.16033076982951217,3.407725102550462,0.03699682246196683,0.07800978455891625,0.27188632115606864,133.67599245778874,1.0
1458.0,0.011,0.013,500000.0,0.000127,1.0,20.0,250.0,0.0012670329158122,1698.3614535662512,220.5130739903045,121.47719856260566,0.0,0.0012483662276745,0.4125815804152886,0.0866011929825999,63.5,5.6144016632489424e-09,8.71899606939601e-10,1147.9002505126589,8.75759312446785,9.897960190935236e-05,0.00148,6.65847e-07,0.0154111111111111,0.01157,6.76e-06,0.0805555555555555,0.023,9e-06,0.0031111111111111,0.03605,0.0990777777777777,10000000.0,6.888595820042967e-10,30.0,3.0,,0.09448591368976705,3.5518345509481746,0.018755120133142456,0.19544447374292157,0.15916709565541734,386.7570529478536,1.0
1459.0,0.011,0.013,500000.0,0.000127,1.0,20.0,275.0,0.0016443795559069,1698.3614535662512,242.0128264794384,133.8364671299041,0.0,0.0013753768408656,0.6148600078304362,0.1123926848944153,63.5,7.26816777953458e-09,1.1065790855687823e-09,950.3681776372335,7.170145701402669,0.0001369821239068,0.00148,6.65847e-07,0.0154111111111111,0.01157,6.76e-06,0.0805555555555555,0.023,9e-06,0.0031111111111111,0.03605,0.0990777777777777,10000000.0,1.0267649098239195e-09,30.0,3.0,,0.14083395685232583,3.4866764356783233,0.027002982825528772,0.325583366083695,0.21417211235336264,602.136279089423,1.0
1460.0,0.011,0.013,500000.0,0.000127,1.0,20.0,300.0,0.0021360564475878,1698.3614535662512,265.6087782946687,143.74336617180572,0.0,0.0014771855616069,0.9234228819291712,0.1459986037700486,63.5,9.690270518582362e-09,1.3822195763943555e-09,789.9791403216236,5.035309554632859,0.000195166260225,0.00148,6.65847e-07,0.0154111111111111,0.01157,6.76e-06,0.0805555555555555,0.023,9e-06,0.0031111111111111,0.03605,0.0990777777777777,10000000.0,9.49619953556135e-10,28.0,4.0,,0.12156903558604223,3.4969843589681924,0.02569818240908954,0.6198052425730802,0.2059545955054433,1158.2591255318703,1.0
1463.0,0.011,0.013,500000.0,0.000127,1.0,25.0,250.0,0.0019963284248865,2122.951816957814,220.5130739903045,123.0087432181006,0.0,0.0010112841755271,0.3643291083170163,0.1364482493096288,63.5,9.027912124432971e-09,1.2560556416620103e-09,809.5886300453622,5.289672335978177,0.0001521893490545,0.00148,6.65847e-07,0.0154111111111111,0.01157,6.76e-06,0.0805555555555555,0.023,9e-06,0.0031111111111111,0.03605,0.0990777777777777,10000000.0,6.836775764851929e-10,28.0,4.0,,0.08752345958387067,3.5479055648315554,0.01925246014790436,0.10430739942351683,0.1627011023166874,205.54209830965513,1.0
1464.0,0.011,0.013,500000.0,0.000127,1.0,25.0,275.0,0.002589680675326,2122.951816957814,242.0128264794384,134.77578754313177,0.0,0.0011080238495317,0.6200148484682237,0.1770036382862633,63.5,1.1837425196543165e-08,1.797662252883829e-09,729.4959099565306,4.252647481223999,0.0002179918985062,0.00148,6.65847e-07,0.0154111111111111,0.01157,6.76e-06,0.0805555555555555,0.023,9e-06,0.0031111111111111,0.03605,0.0990777777777777,10000000.0,9.395341759892851e-10,32.0,4.0,,0.13746042087368882,3.4564488437529173,0.030829260284440885,0.2695007893082716,0.2373178600968125,483.736398019123,1.0
1468.0,0.011,0.013,500000.0,0.000127,1.0,30.0,250.0,0.002903795394339,2547.542180349377,220.5130739903045,124.44263418282053,0.0,0.0008525604455535,0.4154708392677897,0.1984732536849173,63.5,1.3324234866538234e-08,2.085337935997545e-09,687.6139474214581,3.7106886037257816,0.0002241669217314,0.00148,6.65847e-07,0.0154111111111111,0.01157,6.76e-06,0.0805555555555555,0.023,9e-06,0.0031111111111111,0.03605,0.0990777777777777,10000000.0,9.74422141178199e-10,32.0,4.0,,0.14256477418073596,3.4486220166071715,0.03181999789782638,0.03838281140213634,0.24309044010559758,68.37320234451214,1.0
1480.0,0.011,0.013,550000.0,0.000127,1.0,20.0,250.0,0.0010471346411671,1543.9649577875011,220.5130739903045,121.47719856260564,0.0,0.001373202850442,0.4020133612681019,0.0715712338699173,69.85,4.734808564668547e-09,7.082647247434716e-10,1279.8392152997178,9.527839606998224,9.2759628800111e-05,0.00148,6.65847e-07,0.0154111111111111,0.01157,6.76e-06,0.0805555555555555,0.023,9e-06,0.0031111111111111,0.03605,0.0990777777777777,10000000.0,8.199643904703811e-10,33.0,3.0,,0.12371547890989776,3.5178408340116984,0.023058122277000197,0.17067664848828684,0.18879070172372445,325.8458354446681,1.0
1481.0,0.011,0.013,550000.0,0.000127,1.0,20.0,275.0,0.0013589913685181,1543.9649577875011,242.0128264794384,133.8364671299041,0.0,0.0015129145249522,0.6060031951295827,0.0928865164416655,69.85,5.982235474072448e-09,9.403294779776995e-10,1092.7251788891326,8.435486573836869,0.0001260848964293,0.00148,6.65847e-07,0.0154111111111111,0.01157,6.76e-06,0.0805555555555555,0.023,9e-06,0.0031111111111111,0.03605,0.0990777777777777,10000000.0,6.42721502145525e-10,32.0,4.0,,0.09403465083797119,3.54152809329021,0.020059735026555742,0.3830320278499459,0.16837463326518348,749.6662619487331,1.0
1482.0,0.011,0.013,550000.0,0.000127,1.0,20.0,300.0,0.0017653359070973,1543.9649577875011,265.6087782946687,143.74336617180558,0.0,0.0016249041177676,0.9034627036831108,0.1206600031157426,69.85,7.872949535486863e-09,1.157950578439232e-09,901.9856371610508,6.523872288301524,0.0001767647731176,0.00148,6.65847e-07,0.0154111111111111,0.01157,6.76e-06,0.0805555555555555,0.023,9e-06,0.0031111111111111,0.03605,0.0990777777777777,10000000.0,9.977331183670227e-10,32.0,4.0,,0.14597533317607922,3.466017368515593,0.02961805461827942,0.600777367391289,0.23013996698145475,1088.5051446647408,1.0
1485.0,0.011,0.013,550000.0,0.000127,1.0,25.0,250.0,0.0016498582023856,1929.9561972343763,220.5130739903045,123.00874321810066,0.0,0.0011124125930798,0.3710873806315771,0.1127671481897758,69.85,7.295561011928079e-09,1.1089059269933971e-09,948.1767190457535,7.140873128907584,0.0001384778254352,0.00148,6.65847e-07,0.0154111111111111,0.01157,6.76e-06,0.0805555555555555,0.023,9e-06,0.0031111111111111,0.03605,0.0990777777777777,10000000.0,7.221712883538078e-10,32.0,4.0,,0.10565871021720091,3.5239628717160305,0.022283180795439242,0.11661152222460028,0.18361078436930622,224.04944490464692,1.0
1486.0,0.011,0.013,550000.0,0.000127,1.0,25.0,275.0,0.0021402319630793,1929.9561972343763,242.0128264794384,134.77578754313177,0.0,0.0012188262344849,0.6189921613361322,0.1462839985836887,69.85,9.710034625242288e-09,1.386043638746967e-09,789.4224049227525,5.028105315061156,0.0001967108033399,0.00148,6.65847e-07,0.0154111111111111,0.01157,6.76e-06,0.0805555555555555,0.023,9e-06,0.0031111111111111,0.03605,0.0990777777777777,10000000.0,1.1651046384592241e-09,32.0,4.0,,0.17046295713070317,3.4329198997528927,0.03380760762621619,0.26619520562174037,0.2544117814267941,467.0941355480569,1.0
1490.0,0.011,0.013,550000.0,0.000127,1.0,30.0,250.0,0.0023998309044124,2315.9474366812515,220.5130739903045,124.4426341828205,0.0,0.0009378164901088,0.4139785634288702,0.164027482384229,69.85,1.0938802947552256e-08,1.6237921371880531e-09,754.8092127450069,4.580205416302301,0.0002026136066516,0.00148,6.65847e-07,0.0154111111111111,0.01157,6.76e-06,0.0805555555555555,0.023,9e-06,0.0031111111111111,0.03605,0.0990777777777777,10000000.0,1.2187857039961008e-09,32.0,4.0,,0.17831687245408923,3.4226180315382995,0.035111641577430464,0.03558420859055178,0.26165730313272806,61.83301785646732,1.0
1503.0,0.011,0.013,600000.0,0.000127,1.0,20.0,275.0,0.0011419302471575,1415.3012113052096,242.0128264794384,133.83646712990412,0.0,0.0016504522090388,0.6057745823207178,0.0780504756211217,76.2,5.113990988630322e-09,7.78805832189595e-10,1222.9618517054514,9.195795246071256,0.0001184808922939,0.00148,6.65847e-07,0.0154111111111111,0.01157,6.76e-06,0.0805555555555555,0.023,9e-06,0.0031111111111111,0.03605,0.0990777777777777,10000000.0,7.227576551512805e-10,36.0,4.0,,0.11896256225318735,3.5099608716834254,0.024055585862857602,0.37271154444640864,0.1953620460906422,705.7948861852084,1.0
1507.0,0.011,0.013,600000.0,0.000127,1.0,25.0,250.0,0.001386339183949,1769.126514131512,220.5130739903045,123.0087432181006,0.0,0.0012135410106326,0.3790958171719065,0.0947557286872421,76.2,6.091626735796096e-09,9.606800540046428e-10,1076.3164896305857,8.339694286814396,0.0001283170126996,0.00148,6.65847e-07,0.0154111111111111,0.01157,6.76e-06,0.0805555555555555,0.023,9e-06,0.0031111111111111,0.03605,0.0990777777777777,10000000.0,8.000512094309976e-10,36.0,4.0,,0.13168472326695946,3.491848192955113,0.02634833000568196,0.11660536521770484,0.2100705385131675,216.7763970655883,1.0
1508.0,0.011,0.013,600000.0,0.000127,1.0,25.0,275.0,0.0017983893578652,1769.126514131512,242.0128264794384,134.77578754313174,0.0,0.001329628619438,0.5981292440591579,0.1229191932543496,76.2,8.038216789326462e-09,1.1719887425683263e-09,888.764256853883,6.347266709245006,0.0001797797191795,0.00148,6.65847e-07,0.0154111111111111,0.01157,6.76e-06,0.0805555555555555,0.023,9e-06,0.0031111111111111,0.03605,0.0990777777777777,10000000.0,1.287255295132651e-09,36.0,4.0,,0.21187625906350352,3.3858964315630278,0.039759945371768635,0.22728379174130467,0.2863771060905543,381.71777956982623,1.0
1525.0,0.0115,0.011,400000.0,0.000127,1.0,20.0,275.0,0.0012359202048036,1942.3604525663168,242.0128264794384,155.67255109678104,0.0,0.0013988127528173,0.5181628597049709,0.0883144085225335,50.8,5.671530819214715e-09,8.599919252824047e-10,1131.0678771177927,10.43020286182596,8.689986965166197e-05,0.00148,6.65847e-07,0.0154111111111111,0.01157,6.76e-06,0.0805555555555555,0.023,9e-06,0.0031111111111111,0.03605,0.0990777777777777,1000000.0,8.717174691754395e-09,22.0,2.0,,0.25587808569390025,3.572750661643087,0.01610751118441936,0.13792036548853703,0.13984000326383453,279.1983124515443,1.0
1526.0,0.0115,0.011,400000.0,0.000127,1.0,20.0,300.0,0.0016956279698911,1942.3604525663168,265.6087782946687,168.23316808607706,0.0,0.0015116775520648,0.7819702517637145,0.1211634704677282,50.8,7.955989849455632e-09,1.05973235072043e-09,944.3688120435494,7.999881388032614,0.0001283613735281,0.00148,6.65847e-07,0.0154111111111111,0.01157,6.76e-06,0.0805555555555555,0.023,9e-06,0.0031111111111111,0.03605,0.0990777777777777,1000000.0,5.398517073476224e-09,24.0,3.0,,0.5923806030518732,3.5910575593205754,0.013790182364484153,0.032376178244112874,0.12217977845176463,66.88616748310719,1.0
1527.0,0.0115,0.011,400000.0,0.000127,1.0,20.0,325.0,0.002440594597909,1942.3604525663168,291.5053062825179,171.57594217252304,0.0,0.0015417144146264,1.0370157280898686,0.1743961038260269,50.8,1.1563331096769417e-08,1.5925122506030287e-09,763.874053612129,5.613431141848992,0.0002019078971796,0.00148,6.65847e-07,0.0154111111111111,0.01157,6.76e-06,0.0805555555555555,0.023,9e-06,0.0031111111111111,0.03605,0.0990777777777777,10000000.0,9.162414615342774e-10,24.0,3.0,,0.10053940038302174,3.5227228976616174,0.02244013953650413,0.72603022388082,0.1846652743271364,1393.1432930286812,1.0
1528.0,0.0115,0.011,400000.0,0.000127,1.0,25.0,250.0,0.0014344351769401,2427.9505657078967,220.5130739903045,138.05842993449696,0.0,0.0009924313108032,0.3100391134139039,0.1024995737775035,50.8,6.650025884700571e-09,9.488008984334127e-10,1048.8459292239545,9.395442316553662,9.168187749784823e-05,0.00148,6.65847e-07,0.0154111111111111,0.01157,6.76e-06,0.0805555555555555,0.023,9e-06,0.0031111111111111,0.03605,0.0990777777777777,10000000.0,9.292612247239743e-10,22.0,2.0,,0.027276909285396608,3.564897955536592,0.017101524615621328,0.14421263035100368,0.14719940870115766,289.43826056531566,1.0
1529.0,0.0115,0.011,400000.0,0.000127,1.0,25.0,275.0,0.0019428745963978,2427.9505657078967,242.0128264794384,156.73409870981746,0.0,0.0011266811241004,0.5252499603764448,0.1388308243100464,50.8,9.192222981989473e-09,1.164740712710746e-09,845.4701614408423,6.678835245208159,0.0001339597358838,0.00148,6.65847e-07,0.0154111111111111,0.01157,6.76e-06,0.0805555555555555,0.023,9e-06,0.0031111111111111,0.03605,0.0990777777777777,10000000.0,5.664430888910668e-10,24.0,3.0,,0.06215593912640681,3.586037520683041,0.014425630293286052,0.2882131969399915,0.12709424799169253,592.0881464025426,1.0
1530.0,0.0115,0.011,400000.0,0.000127,1.0,25.0,300.0,0.0026644182451829,2427.9505657078967,265.6087782946687,173.57699915289086,0.0,0.001247756104979,0.8015194722431844,0.1903897358950926,50.8,1.2622763027199413e-08,1.7974966614859231e-09,734.0309006422701,5.227256265946073,0.0002015841672955,0.00148,6.65847e-07,0.0154111111111111,0.01157,6.76e-06,0.0805555555555555,0.023,9e-06,0.0031111111111111,0.03605,0.0990777777777777,10000000.0,9.144410820911273e-10,24.0,3.0,,0.10034184430498408,3.5230363510835896,0.02240046188815327,0.4747378920431078,0.1843989668417591,911.2484715592575,1.0
1531.0,0.0115,0.011,400000.0,0.000127,1.0,30.0,250.0,0.0020820606159317,2913.540678849476,220.5130739903045,139.19593044389836,0.0,0.0008338401825858,0.2763929050959251,0.1487765561962665,50.8,9.866270248743684e-09,1.2641560738887876e-09,811.6785845424315,6.232028942766744,0.0001312678694695,0.00148,6.65847e-07,0.0154111111111111,0.01157,6.76e-06,0.0805555555555555,0.023,9e-06,0.0031111111111111,0.03605,0.0990777777777777,10000000.0,5.536193472771937e-10,24.0,3.0,,0.06074878681268521,3.588454642489369,0.014119665507674874,0.030817562086973296,0.12473484469140343,63.4808988581323,1.0
1532.0,0.0115,0.011,400000.0,0.000127,1.0,30.0,275.0,0.0028183480703369,2913.540678849476,242.0128264794384,157.88027047606684,0.0,0.000945766971352,0.5339728650659743,0.2013890070532285,50.8,1.3351364199595112e-08,1.93847021325673e-09,713.5069239550674,4.961672929017164,0.0001948804294976,0.00148,6.65847e-07,0.0154111111111111,0.01157,6.76e-06,0.0805555555555555,0.023,9e-06,0.0031111111111111,0.03605,0.0990777777777777,10000000.0,8.774784340172785e-10,24.0,3.0,,0.09628592386269094,3.5294991327480187,0.02158238825974451,0.20024793415005473,0.178869207365693,386.9773368889016,1.0
1533.0,0.0115,0.011,400000.0,0.000127,1.0,30.0,300.0,0.0038630670380609,2913.540678849476,265.6087782946687,177.25230830179672,0.0,0.0010618133493327,0.9027566647919572,0.2760408634985017,50.8,1.8296367313488722e-08,2.895255185467403e-09,574.2110615918671,3.159163575657999,0.000293315795374,0.00148,6.65847e-07,0.0154111111111111,0.01157,6.76e-06,0.0805555555555555,0.023,9e-06,0.0031111111111111,0.03605,0.0990777777777777,10000000.0,8.168304931048694e-10,24.0,4.0,,0.08963101042580274,3.5120259545010026,0.023794182974556616,0.5010347908676527,0.19365022604723572,950.8160422192403,1.0
1534.0,0.0115,0.011,400000.0,0.000127,1.0,35.0,250.0,0.0028603156166496,3399.1307919910555,220.5130739903045,140.44134143988543,0.0,0.0007211148861405,0.3208725379597886,0.2043878568295618,50.8,1.3550010585474861e-08,1.9769053511962203e-09,707.9112511133842,4.889264083094859,0.0001807143325323,0.00148,6.65847e-07,0.0154111111111111,0.01157,6.76e-06,0.0805555555555555,0.023,9e-06,0.0031111111111111,0.03605,0.0990777777777777,10000000.0,4.577912739403898e-10,24.0,4.0,,0.05023354881307626,3.5881323292908522,0.01416046464672763,0.030201132317150436,0.1250501980915878,62.18870478471469,1.0
1535.0,0.0115,0.011,400000.0,0.000127,1.0,35.0,275.0,0.0038691018935465,3399.1307919910555,242.0128264794384,159.1603025133659,0.0,0.0008172299000302,0.5698886266059683,0.2764720925460217,50.8,1.8324932296120467e-08,2.900782087166762e-09,573.4064141937897,3.1487513176297672,0.0002680820233857,0.00148,6.65847e-07,0.0154111111111111,0.01157,6.76e-06,0.0805555555555555,0.023,9e-06,0.0031111111111111,0.03605,0.0990777777777777,10000000.0,7.297720968716035e-10,24.0,4.0,,0.08007807124649165,3.5296537515445703,0.021562816260181014,0.17728846281345495,0.17873599207739665,342.6639471419385,1.0
1536.0,0.0115,0.011,450000.0,0.000127,1.0,20.0,300.0,0.0013397554330003,1726.5426245033934,265.6087782946687,168.2331680860772,0.0,0.0017006372460729,0.7904300870249407,0.0957341001226496,57.15,6.176627165001987e-09,9.085893697050319e-10,1086.7178267998409,9.901319028815884,0.0001150729601405,0.00148,6.65847e-07,0.0154111111111111,0.01157,6.76e-06,0.0805555555555555,0.023,9e-06,0.0031111111111111,0.03605,0.0990777777777777,1000000.0,3.481764917092611e-09,28.0,4.0,,0.44573073841086247,3.606924488507432,0.011781710315514945,0.21291524849142857,0.10627606638053541,447.8321851807891,1.0
1537.0,0.0115,0.011,450000.0,0.000127,1.0,20.0,325.0,0.0019283710403231,1726.5426245033934,291.5053062825179,171.57594217252375,0.0,0.0017344287164548,1.016249129524831,0.1377944524057499,57.15,9.11970520161594e-09,1.1585808929067015e-09,851.2715838707247,6.756328180421996,0.0001789111403175,0.00148,6.65847e-07,0.0154111111111111,0.01157,6.76e-06,0.0805555555555555,0.023,9e-06,0.0031111111111111,0.03605,0.0990777777777777,1000000.0,5.732215728348284e-09,28.0,4.0,,0.7338303447151082,3.552119239348279,0.018719083626800158,0.10857433240397285,0.15890986740732205,214.9190213097745,1.0
1538.0,0.0115,0.011,450000.0,0.000127,1.0,25.0,250.0,0.0011333808805452,2158.178280629242,220.5130739903045,138.05842993449698,0.0,0.0011164852246536,0.3136178427730211,0.0809873175525954,57.15,5.2613735221811044e-09,7.836884150680811e-10,1192.5914716728344,10.78937145447884,8.352275778184262e-05,0.00148,6.65847e-07,0.0154111111111111,0.01157,6.76e-06,0.0805555555555555,0.023,9e-06,0.0031111111111111,0.03605,0.0990777777777777,10000000.0,5.017502191052322e-10,24.0,3.0,,0.05505717465177451,3.6108537354511605,0.011284337284663253,0.1415233505686511,0.10224828763275128,299.01260231835727,1.0
1539.0,0.0115,0.011,450000.0,0.000127,1.0,25.0,275.0,0.0015351107922156,2158.178280629242,242.0128264794384,156.73409870981754,0.0,0.001267516264613,0.5274694376067953,0.1096934908128763,57.15,7.153403961078109e-09,9.915589396726882e-10,1008.5756831137512,8.857529483868166,0.0001201045796644,0.00148,6.65847e-07,0.0154111111111111,0.01157,6.76e-06,0.0805555555555555,0.023,9e-06,0.0031111111111111,0.03605,0.0990777777777777,10000000.0,6.630756875587587e-10,27.0,3.0,,0.08185439012396888,3.562971930265839,0.017345325282805177,0.29987155666995013,0.14898525143913421,600.5891877006123,1.0
1540.0,0.0115,0.011,450000.0,0.000127,1.0,25.0,300.0,0.0021052193542186,2158.178280629242,265.6087782946687,173.5769991528908,0.0,0.0014037256181014,0.8477106825583698,0.1504313962627894,57.15,9.975888276634936e-09,1.285365541174065e-09,808.5907527708468,6.1920719364676735,0.0001785422279369,0.00148,6.65847e-07,0.0154111111111111,0.01157,6.76e-06,0.0805555555555555,0.023,9e-06,0.0031111111111111,0.03605,0.0990777777777777,10000000.0,5.718399690619034e-10,28.0,4.0,,0.07320616346368548,3.5524440142649083,0.018677972877859668,0.5880231228318948,0.1586162270111221,1164.3771781081514,1.0
1541.0,0.0115,0.011,450000.0,0.000127,1.0,30.0,250.0,0.0016450849311065,2589.8139367550903,220.5130739903045,139.1959304438984,0.0,0.000938070205409,0.2850538783820314,0.1175518468711242,57.15,7.703274655532899e-09,1.0382661661752067e-09,964.586027557368,8.26993436054961,0.0001175505337018,0.00148,6.65847e-07,0.0154111111111111,0.01157,6.76e-06,0.0805555555555555,0.023,9e-06,0.0031111111111111,0.03605,0.0990777777777777,10000000.0,6.467618082652289e-10,27.0,3.0,,0.07984049839911268,3.5661079995701495,0.01694835448479122,0.05161153311179452,0.14607359699310526,103.7223506073764,1.0
1542.0,0.0115,0.011,450000.0,0.000127,1.0,30.0,275.0,0.0022268429197724,2589.8139367550903,242.0128264794384,157.88027047606698,0.0,0.001063987842771,0.526424348471577,0.1591221784124276,57.15,1.0551573153589566e-08,1.396752051215197e-09,792.3742773636742,5.982228312227549,0.000172798045141,0.00148,6.65847e-07,0.0154111111111111,0.01157,6.76e-06,0.0805555555555555,0.023,9e-06,0.0031111111111111,0.03605,0.0990777777777777,10000000.0,1.0301676917035694e-09,27.0,3.0,,0.12717062276897326,3.495208106458615,0.025923024498909566,0.20408154729017605,0.20738286496377334,380.6907668259882,1.0
1544.0,0.0115,0.011,450000.0,0.000127,1.0,35.0,250.0,0.0022600024625379,3021.449592880939,220.5130739903045,140.44134143988538,0.0,0.0008112542469081,0.3246030880973286,0.1614916399640983,57.15,1.0708528322679733e-08,1.4271205552661506e-09,787.9530049949371,5.925016384585236,0.0001603951190885,0.00148,6.65847e-07,0.0154111111111111,0.01157,6.76e-06,0.0805555555555555,0.023,9e-06,0.0031111111111111,0.03605,0.0990777777777777,10000000.0,9.37950747793406e-10,27.0,3.0,,0.11578676140217602,3.5117414939144456,0.023830190643741096,0.011274686731054293,0.19388645789029976,21.38975693136849,1.0
1545.0,0.0115,0.011,450000.0,0.000127,1.0,35.0,275.0,0.0030570681628022,3021.449592880939,242.0128264794384,159.16030251336588,0.0,0.0009193836375339,0.5552485569634155,0.2184470854684617,57.15,1.448130597059725e-08,2.1570972355391717e-09,681.6775782930353,4.54979642174862,0.0002379745679008,0.00148,6.65847e-07,0.0154111111111111,0.01157,6.76e-06,0.0805555555555555,0.023,9e-06,0.0031111111111111,0.03605,0.0990777777777777,10000000.0,8.089231457439073e-10,28.0,4.0,,0.10355722446969531,3.4986802483216506,0.02548351287067724,0.19719424702525837,0.20458613376605486,369.14122306764716,1.0
1548.0,0.0115,0.011,500000.0,0.000127,1.0,20.0,300.0,0.0010852019007303,1553.888362053054,265.6087782946687,168.2331680860772,0.0,0.0018895969400811,0.7872124465424023,0.0775446210993461,63.5,5.068657602921287e-09,7.478365572075606e-10,1221.498859561807,10.958129894235872,0.0001063669300013,0.00148,6.65847e-07,0.0154111111111111,0.01157,6.76e-06,0.0805555555555555,0.023,9e-06,0.0031111111111111,0.03605,0.0990777777777777,1000000.0,4.447099092458732e-09,28.0,4.0,,0.5693114869808951,3.597321983973332,0.012997217218565631,0.10430633846216109,0.11596892972415203,217.01181434971326,1.0
1549.0,0.0115,0.011,500000.0,0.000127,1.0,20.0,325.0,0.0015619805426617,1553.888362053054,291.5053062825179,171.57594217252353,0.0,0.0019271430182831,0.9981991941459268,0.1116135064486573,63.5,7.287752713308908e-09,1.0029708182544279e-09,997.8277829352874,8.71396360114182,0.0001619856835953,0.00148,6.65847e-07,0.0154111111111111,0.01157,6.76e-06,0.0805555555555555,0.023,9e-06,0.0031111111111111,0.03605,0.0990777777777777,10000000.0,7.40123519127094e-10,28.0,4.0,,0.09474959124214498,3.536754916992228,0.020663934557945837,0.7557860964551244,0.17257089576278756,1471.7526948472419,1.0
1550.0,0.0115,0.011,500000.0,0.000127,1.0,25.0,275.0,0.0012434397416946,1942.3604525663168,242.0128264794384,156.73409870981757,0.0,0.0014083514051255,0.5416057284143958,0.0888517275584298,63.5,5.701608966778613e-09,8.655875059449173e-10,1126.556154983208,10.40386387917647,0.0001091758553568,0.00148,6.65847e-07,0.0154111111111111,0.01157,6.76e-06,0.0805555555555555,0.023,9e-06,0.0031111111111111,0.03605,0.0990777777777777,10000000.0,7.741617424804741e-10,30.0,3.0,,0.10618619743823711,3.534956062007411,0.02089163772058089,0.3105178034177288,0.17414136456192644,603.5279230787454,1.0
1551.0,0.0115,0.011,500000.0,0.000127,1.0,25.0,300.0,0.0017052276769171,1942.3604525663168,265.6087782946687,173.57699915289086,0.0,0.0015596951312238,0.8118718066758077,0.1218494309728593,63.5,8.003988384585522e-09,1.0638094518911403e-09,940.5289292331582,7.948589865401604,0.0001613304240513,0.00148,6.65847e-07,0.0154111111111111,0.01157,6.76e-06,0.0805555555555555,0.023,9e-06,0.0031111111111111,0.03605,0.0990777777777777,10000000.0,7.362793408869505e-10,28.0,4.0,,0.09425746485039743,3.537508268305759,0.02056857363218245,0.5597149108525509,0.17191141551576128,1090.809277496327,1.0
1552.0,0.0115,0.011,500000.0,0.000127,1.0,30.0,250.0,0.0013325187941963,2330.832543079581,220.5130739903045,139.19593044389836,0.0,0.0010423002282322,0.2867650802903089,0.0952169959656105,63.5,6.140443970981645e-09,9.055158896019171e-10,1089.6124823214682,9.939984607045186,0.0001068547640007,0.00148,6.65847e-07,0.0154111111111111,0.01157,6.76e-06,0.0805555555555555,0.023,9e-06,0.0031111111111111,0.03605,0.0990777777777777,10000000.0,7.544321202405934e-10,30.0,3.0,,0.1034800270766881,3.538833376267807,0.02040083844711306,0.0520180572480102,0.17074886780336676,101.51853689252633,1.0
1553.0,0.0115,0.011,500000.0,0.000127,1.0,30.0,275.0,0.0018037427650156,2330.832543079581,242.0128264794384,157.88027047606693,0.0,0.0011822087141901,0.5334872829171116,0.1288889645140663,63.5,8.496563825078392e-09,1.1056498934725732e-09,901.1228939937286,7.422220794238279,0.0001558531904279,0.00148,6.65847e-07,0.0154111111111111,0.01157,6.76e-06,0.0805555555555555,0.023,9e-06,0.0031111111111111,0.03605,0.0990777777777777,10000000.0,7.045353591193278e-10,28.0,4.0,,0.09019364412432769,3.5437628884308126,0.019776849565719876,0.2783546742787175,0.16639528479243387,546.0895044021909,1.0
1554.0,0.0115,0.011,500000.0,0.000127,1.0,30.0,300.0,0.002472362904359,2330.832543079581,265.6087782946687,177.25230830179666,0.0,0.0013272666866659,0.8733348650234595,0.1766661526390412,63.5,1.1713701080632782e-08,1.6216066186991383e-09,759.6382794187948,5.558619588421118,0.0002335718958319,0.00148,6.65847e-07,0.0154111111111111,0.01157,6.76e-06,0.0805555555555555,0.023,9e-06,0.0031111111111111,0.03605,0.0990777777777777,10000000.0,1.028892770435249e-09,32.0,4.0,,0.1505342081984445,3.436551656184667,0.03334789162219404,0.5100845041859736,0.2518234702780453,898.1551390119859,1.0
1555.0,0.0115,0.011,500000.0,0.000127,1.0,35.0,250.0,0.0018306019946557,2719.3046335928443,220.5130739903045,140.44134143988543,0.0,0.0009013936076757,0.3144589320837547,0.1308082283709196,63.5,8.630859973278782e-09,1.117057303752241e-09,890.3792021376973,7.278711124494452,0.0001447052273179,0.00148,6.65847e-07,0.0154111111111111,0.01157,6.76e-06,0.0805555555555555,0.023,9e-06,0.0031111111111111,0.03605,0.0990777777777777,10000000.0,6.419638777656413e-10,28.0,4.0,,0.08218332945594696,3.5562701889363657,0.01819364697008031,0.06541737425688814,0.15514134845038302,130.07154910186512,1.0
1556.0,0.0115,0.011,500000.0,0.000127,1.0,35.0,275.0,0.0024762252118698,2719.3046335928443,242.0128264794384,159.1603025133659,0.0,0.0010215373750377,0.5613378334307335,0.1769421392294539,63.5,1.1731982669517106e-08,1.625143835786729e-09,759.1233050840253,5.55195574328305,0.0002137555135841,0.00148,6.65847e-07,0.0154111111111111,0.01157,6.76e-06,0.0805555555555555,0.023,9e-06,0.0031111111111111,0.03605,0.0990777777777777,10000000.0,9.159823528310912e-10,32.0,4.0,,0.13401462442859505,3.4617754902387574,0.03015500123560045,0.21433106977268454,0.2333386426092316,386.7175252981027,1.0
1560.0,0.0115,0.011,550000.0,0.000127,1.0,25.0,275.0,0.0010276361501608,1765.7822296057432,242.0128264794384,156.73409870981754,0.0,0.0015491865456381,0.5625858250628961,0.0734311798003552,69.85,4.83839460064348e-09,7.049996371445595e-10,1256.0383099034775,11.159767751385514,0.0001027024932975,0.00148,6.65847e-07,0.0154111111111111,0.01157,6.76e-06,0.0805555555555555,0.023,9e-06,0.0031111111111111,0.03605,0.0990777777777777,10000000.0,9.31694683967371e-10,33.0,3.0,,0.14057324362428247,3.4953342223171946,0.025907060466177932,0.31253140163825843,0.20728162575696113,583.066020894694,1.0
1562.0,0.0115,0.011,550000.0,0.000127,1.0,30.0,250.0,0.0011012552018151,2118.9386755268915,220.5130739903045,139.1959304438984,0.0,0.0011465302510554,0.2848573769914384,0.0786917322029839,69.85,5.132870807260592e-09,7.597824446235225e-10,1211.866878910911,10.901899354394008,9.97268307417592e-05,0.00148,6.65847e-07,0.0154111111111111,0.01157,6.76e-06,0.0805555555555555,0.023,9e-06,0.0031111111111111,0.03605,0.0990777777777777,10000000.0,8.975548506301496e-10,33.0,3.0,,0.13542225672740577,3.502157653171043,0.025043335041640094,0.03469338806104874,0.20176531190205585,65.17521298084463,1.0
1564.0,0.0115,0.011,550000.0,0.000127,1.0,30.0,300.0,0.0020432751275694,2118.9386755268915,265.6087782946687,177.25230830179655,0.0,0.0014599933553325,0.8927471315754982,0.1460050848256538,69.85,9.682685603828742e-09,1.2286351600819316e-09,816.8499829907397,6.29894761439762,0.0002116881675735,0.00148,6.65847e-07,0.0154111111111111,0.01157,6.76e-06,0.0805555555555555,0.023,9e-06,0.0031111111111111,0.03605,0.0990777777777777,10000000.0,1.305758605978387e-09,32.0,4.0,,0.19104161628632157,3.406237192721422,0.037185165478301085,0.5196504304635228,0.2728927218929878,889.2316905522425,1.0
1565.0,0.0115,0.011,550000.0,0.000127,1.0,35.0,250.0,0.0015128942104593,2472.09512144804,220.5130739903045,140.4413414398854,0.0,0.0009915329684432,0.3133500609618442,0.108105973860264,69.85,7.0423210522965115e-09,9.821233130183808e-10,1017.462315816279,8.976233346689634,0.0001326225194073,0.00148,6.65847e-07,0.0154111111111111,0.01157,6.76e-06,0.0805555555555555,0.023,9e-06,0.0031111111111111,0.03605,0.0990777777777777,10000000.0,6.841268446402992e-10,32.0,4.0,,0.10009254202618463,3.532323854583202,0.021224828533771924,0.06910154507539547,0.1764286675452869,133.93501404766766,1.0
1566.0,0.0115,0.011,550000.0,0.000127,1.0,35.0,275.0,0.0020464671172477,2472.09512144804,242.0128264794384,159.1603025133659,0.0,0.0011236911125415,0.5828587618437852,0.146233172916904,69.85,9.697794354972806e-09,1.2315584799890302e-09,816.4243843669632,6.293440304366159,0.0001938887711351,0.00148,6.65847e-07,0.0154111111111111,0.01157,6.76e-06,0.0805555555555555,0.023,9e-06,0.0031111111111111,0.03605,0.0990777777777777,10000000.0,1.1401692272859066e-09,32.0,4.0,,0.16681473208244074,3.437756016096304,0.0331954410004678,0.23376085684444026,0.2509611643768915,412.07975086858715,1.0
1567.0,0.0115,0.011,550000.0,0.000127,1.0,40.0,250.0,0.0019969771435608,2825.2515673691887,220.5130739903045,141.8214251976239,0.0,0.000876116961816,0.3274263850841472,0.1426967975611381,69.85,9.462735717804014e-09,1.1877186596188523e-09,823.8291425756788,6.389763712640323,0.0001730728440235,0.00148,6.65847e-07,0.0154111111111111,0.01157,6.76e-06,0.0805555555555555,0.023,9e-06,0.0031111111111111,0.03605,0.0990777777777777,10000000.0,9.688073882400143e-10,32.0,4.0,,0.14174329655734672,3.4718925723160186,0.028874357934681162,0.006936290965662173,0.22566530659221837,12.64041024491931,1.0
1569.0,0.0115,0.011,600000.0,0.000127,1.0,20.0,325.0,0.0010847087101817,1294.9069683775454,291.5053062825179,171.5759421725231,0.0,0.0023125716219397,1.0274151268699387,0.0775093794782342,76.2,5.066684840727171e-09,7.47469554885969e-10,1221.7947738909245,10.959857412497827,0.0001391783767906,0.00148,6.65847e-07,0.0154111111111111,0.01157,6.76e-06,0.0805555555555555,0.023,9e-06,0.0031111111111111,0.03605,0.0990777777777777,10000000.0,8.901872285199727e-10,36.0,4.0,,0.1465206945025492,3.47120104203156,0.028961893413726583,0.7673350528891552,0.22619468750750954,1397.4037145894415,1.0
1570.0,0.0115,0.011,600000.0,0.000127,1.0,25.0,300.0,0.0011841858867479,1618.633710471932,265.6087782946687,173.57699915289095,0.0,0.0018716341574685,0.8138803040347389,0.084617660397819,76.2,5.464593546991959e-09,8.214944015787624e-10,1162.108467951206,10.611414727052344,0.0001372019135551,0.00148,6.65847e-07,0.0154111111111111,0.01157,6.76e-06,0.0805555555555555,0.023,9e-06,0.0031111111111111,0.03605,0.0990777777777777,10000000.0,8.733806190964875e-10,36.0,4.0,,0.14375440443898993,3.475012872590161,0.028479383216435374,0.5494582391979299,0.22326761582383764,1004.4105161726366,1.0
1571.0,0.0115,0.011,600000.0,0.000127,1.0,30.0,275.0,0.0012525991423719,1942.360452566318,242.0128264794384,157.880270476067,0.0,0.0014186504570281,0.541765952299507,0.0895062253569905,76.2,5.740845711859999e-09,8.715731343559541e-10,1121.5803430512,10.366997704332134,0.0001318482472667,0.00148,6.65847e-07,0.0154111111111111,0.01157,6.76e-06,0.0805555555555555,0.023,9e-06,0.0031111111111111,0.03605,0.0990777777777777,10000000.0,8.287738404045145e-10,36.0,4.0,,0.13641233528311603,3.4852140767416815,0.0271880915516859,0.27979739165940026,0.21532415446920522,516.7007526626513,1.0
1573.0,0.0115,0.011,600000.0,0.000127,1.0,35.0,250.0,0.0012712513851776,2266.0871946607044,220.5130739903045,140.44134143988543,0.0,0.0010816723292108,0.3164500938532602,0.0908390474798053,76.2,5.8341069258880455e-09,8.794949470501671e-10,1114.1194459289563,10.26733821145448,0.0001226361679187,0.00148,6.65847e-07,0.0154111111111111,0.01157,6.76e-06,0.0805555555555555,0.023,9e-06,0.0031111111111111,0.03605,0.0990777777777777,10000000.0,7.549414388658562e-10,36.0,4.0,,0.12425986397860038,3.502372506821723,0.025016138376997125,0.06530118239485451,0.20159036923128454,122.70209010148805,1.0
1574.0,0.0115,0.011,600000.0,0.000127,1.0,35.0,275.0,0.0017196008415762,2266.0871946607044,242.0128264794384,159.1603025133659,0.0,0.0012258448500453,0.5643864078904501,0.1228764855760096,76.2,8.075854207881288e-09,1.0699138930266936e-09,934.7796633694968,7.871793615432809,0.0001786051311501,0.00148,6.65847e-07,0.0154111111111111,0.01157,6.76e-06,0.0805555555555555,0.023,9e-06,0.0031111111111111,0.03605,0.0990777777777777,10000000.0,1.2740201610957064e-09,36.0,4.0,,0.20969781730563694,3.3886004205898095,0.039417668279770966,0.19576210500880345,0.28461346132198345,329.59038876217,1.0
1577.0,0.0115,0.0115,400000.0,0.000127,1.0,20.0,250.0,0.0011310672573753,1942.3604525663168,220.5130739903045,136.62647909396586,0.0,0.0012276721874389,0.3702721029957176,0.0808219943699167,50.8,5.252119029501446e-09,7.81966757836044e-10,1193.9796455747833,10.797475474901027,7.411901935937497e-05,0.00148,6.65847e-07,0.0154111111111111,0.01157,6.76e-06,0.0805555555555555,0.023,9e-06,0.0031111111111111,0.03605,0.0990777777777777,1000000.0,7.240908220441876e-09,22.0,2.0,,0.21254475212989052,3.59319054640687,0.013520183999130365,0.040855356495910294,0.12007485558147223,84.60575027364915,1.0
1578.0,0.0115,0.0115,400000.0,0.000127,1.0,20.0,275.0,0.0015242185902402,1942.3604525663168,242.0128264794384,153.6133240292256,0.0,0.0013803093425324,0.6240185474037362,0.1089151732716425,50.8,7.098942951201192e-09,9.869329016795221e-10,1012.9325639039046,8.915726845788699,0.0001060326470807,0.00148,6.65847e-07,0.0154111111111111,0.01157,6.76e-06,0.0805555555555555,0.023,9e-06,0.0031111111111111,0.03605,0.0990777777777777,1000000.0,2.542760417292791e-09,24.0,4.0,,0.27901772448084683,3.635605827987005,0.008151161014303136,0.20003564965124676,0.07601642901743538,434.9875217946115,1.0
1579.0,0.0115,0.0115,400000.0,0.000127,1.0,20.0,300.0,0.0020841084903331,1942.3604525663168,265.6087782946687,165.87313778160555,0.0,0.001490471241359,0.888532054306467,0.1489228899286408,50.8,9.875963520910185e-09,1.2660315787017975e-09,811.4055346222483,6.228495635842087,0.0001570856172215,0.00148,6.65847e-07,0.0154111111111111,0.01157,6.76e-06,0.0805555555555555,0.023,9e-06,0.0031111111111111,0.03605,0.0990777777777777,1000000.0,3.908631579092355e-09,24.0,4.0,,0.4288951021950534,3.603372741699256,0.012231298519081524,0.2746640621827728,0.10988590442041654,575.3772230063087,1.0
1580.0,0.0115,0.0115,400000.0,0.000127,1.0,20.0,325.0,0.002995912073462,1942.3604525663168,291.5053062825179,171.3791756974524,0.0,0.0015399463479203,1.2329890065942812,0.2140770914861328,50.8,1.4191833814386988e-08,2.10108865423874e-09,689.8317235383947,4.655312284345358,0.0002486877632794,0.00148,6.65847e-07,0.0154111111111111,0.01157,6.76e-06,0.0805555555555555,0.023,9e-06,0.0031111111111111,0.03605,0.0990777777777777,1000000.0,6.6568042115752695e-09,24.0,4.0,,0.7304527594486222,3.5429575127482438,0.0198787958546527,0.25240915565952615,0.16710968757453576,494.7639673519569,1.0
1581.0,0.0115,0.0115,400000.0,0.000127,1.0,25.0,250.0,0.0017794862684043,2427.9505657078967,220.5130739903045,137.60197107907803,0.0,0.0009891500619839,0.3771928179930883,0.127155682589609,50.8,8.375281342021784e-09,1.0953478925402827e-09,910.8254926382572,7.55182398332747,0.0001126581092543,0.00148,6.65847e-07,0.0154111111111111,0.01157,6.76e-06,0.0805555555555555,0.023,9e-06,0.0031111111111111,0.03605,0.0990777777777777,10000000.0,4.668354323505995e-10,24.0,3.0,,0.0512259665345019,3.6050000339753003,0.012025312155025298,0.1627611688689773,0.10823562299030934,341.59072369104683,1.0
1582.0,0.0115,0.0115,400000.0,0.000127,1.0,25.0,275.0,0.0023968588545453,2427.9505657078967,242.0128264794384,154.7957582434487,0.0,0.0011127473877054,0.6350548524821742,0.1712709050539358,50.8,1.1356315244848089e-08,1.5524577447582875e-09,769.7054860606172,5.688890752447296,0.000165464830945,0.00148,6.65847e-07,0.0154111111111111,0.01157,6.76e-06,0.0805555555555555,0.023,9e-06,0.0031111111111111,0.03605,0.0990777777777777,10000000.0,7.220392786709753e-10,24.0,3.0,,0.0792295472080136,3.5572621587198103,0.018068081174707554,0.3485044002202246,0.15423576502209974,693.6856819532479,1.0
1583.0,0.0115,0.0115,400000.0,0.000127,1.0,25.0,300.0,0.0032759225682194,2427.9505657078967,265.6087782946687,171.1135959138291,0.0,0.0012300479613565,0.9885006989868634,0.2340856334037189,50.8,1.5517216822905566e-08,2.357530665652452e-09,652.4969909040685,4.172195243847283,0.0002484375604895,0.00148,6.65847e-07,0.0154111111111111,0.01157,6.76e-06,0.0805555555555555,0.023,9e-06,0.0031111111111111,0.03605,0.0990777777777777,10000000.0,6.648686449022061e-10,24.0,4.0,,0.07295619953718857,3.54312783597417,0.019857235952636727,0.6454088660459559,0.16695870568146054,1265.3381602928569,1.0
1584.0,0.0115,0.0115,400000.0,0.000127,1.0,30.0,250.0,0.0025838476319078,2913.540678849476,220.5130739903045,138.6917357308058,0.0,0.0008308198513858,0.4041461719370851,0.1846324499246584,50.8,1.2241395457697053e-08,1.723707676730145e-09,744.7736490789564,5.3662690421290575,0.0001631504737667,0.00148,6.65847e-07,0.0154111111111111,0.01157,6.76e-06,0.0805555555555555,0.023,9e-06,0.0031111111111111,0.03605,0.0990777777777777,10000000.0,7.102460628507579e-10,24.0,3.0,,0.0779354747424795,3.559408012924246,0.017796454060222115,0.10552824726994711,0.15227012644574986,210.53842088525155,1.0
1585.0,0.0115,0.0115,400000.0,0.000127,1.0,30.0,275.0,0.0034782486793931,2913.540678849476,242.0128264794384,156.02883401921432,0.0,0.0009346761146847,0.6678167020022037,0.2485431289341858,50.8,1.6474893749127393e-08,2.542826988048593e-09,625.5201760809185,3.8231112135134975,0.0002408867435563,0.00148,6.65847e-07,0.0154111111111111,0.01157,6.76e-06,0.0805555555555555,0.023,9e-06,0.0031111111111111,0.03605,0.0990777777777777,10000000.0,6.405443846897815e-10,24.0,4.0,,0.07028709249588241,3.548252873357777,0.019208497043319422,0.3129364805721353,0.16238990594954017,616.8836289059356,1.0
1586.0,0.0115,0.0115,400000.0,0.000127,1.0,30.0,300.0,0.0047515208466333,2913.540678849476,265.6087782946687,174.74866205406187,0.0,0.0010468154910068,1.0247102842798306,0.3395265742253703,50.8,2.19667597709889e-08,3.391978364053028e-09,455.75055378222186,2.3005766594489376,0.000349536753644,0.00148,6.65847e-07,0.0154111111111111,0.01157,6.76e-06,0.0805555555555555,0.023,9e-06,0.0031111111111111,0.03605,0.0990777777777777,10000000.0,1.0281008278031175e-09,24.0,4.0,,0.11281375608949867,3.4712497900101043,0.028955722783531142,0.5363199539649615,0.22615739362422332,976.7462249905013,1.0
1587.0,0.0115,0.0115,400000.0,0.000127,1.0,35.0,250.0,0.0035511669703742,3399.1307919910555,220.5130739903045,139.9276141610878,0.0,0.0007184770845904,0.4468102169549021,0.2537536075018528,50.8,1.6820040326438273e-08,2.609607746477879e-09,615.797737283429,3.697301397108164,0.0002245636812397,0.00148,6.65847e-07,0.0154111111111111,0.01157,6.76e-06,0.0805555555555555,0.023,9e-06,0.0031111111111111,0.03605,0.0990777777777777,10000000.0,5.890785809580282e-10,24.0,4.0,,0.06463973722475537,3.5592350264151147,0.017818351086694304,0.09236687222829383,0.15242892352194737,184.24576496651946,1.0
1588.0,0.0115,0.0115,400000.0,0.000127,1.0,35.0,275.0,0.004777159955766,3399.1307919910555,242.0128264794384,157.3826252332407,0.0,0.0008081021778345,0.6825505598859111,0.3413586526632018,50.8,2.206076983780888e-08,3.3992561106440486e-09,452.3320058978589,2.290812688445317,0.0003201351814421,0.00148,6.65847e-07,0.0154111111111111,0.01157,6.76e-06,0.0805555555555555,0.023,9e-06,0.0031111111111111,0.03605,0.0990777777777777,10000000.0,9.143943818057232e-10,24.0,4.0,,0.10033671987120833,3.492853621785432,0.026221060533489687,0.20480518735150083,0.2092681854587616,381.1319120135893,1.0
1590.0,0.0115,0.0115,450000.0,0.000127,1.0,20.0,275.0,0.0012043208614243,1726.5426245033934,242.0128264794384,153.6133240292255,0.0,0.001552848010349,0.629483007782646,0.0860564332022854,57.15,5.545133445697544e-09,8.36477621499481e-10,1150.0274831453685,10.540887145854349,9.567843986023451e-05,0.00148,6.65847e-07,0.0154111111111111,0.01157,6.76e-06,0.0805555555555555,0.023,9e-06,0.0031111111111111,0.03605,0.0990777777777777,1000000.0,2.8482471986653626e-09,28.0,4.0,,0.36462867461422405,3.623075792765301,0.009737241422113832,0.1427478999661364,0.08948435145911861,305.8878948104866,1.0
1591.0,0.0115,0.0115,450000.0,0.000127,1.0,20.0,300.0,0.0016467030047076,1726.5426245033934,265.6087782946687,165.87313778160586,0.0,0.0016767801465289,0.9644391496288164,0.1176674685855928,57.15,7.711365023538327e-09,1.0389533798323975e-09,963.9387981169336,8.261288944756801,0.0001403756416317,0.00148,6.65847e-07,0.0154111111111111,0.01157,6.76e-06,0.0805555555555555,0.023,9e-06,0.0031111111111111,0.03605,0.0990777777777777,1000000.0,4.341679045437619e-09,28.0,4.0,,0.5558157580845093,3.5855208718246825,0.014491028882951614,0.25490592295871406,0.1275969107101874,523.3621009019745,1.0
1592.0,0.0115,0.0115,450000.0,0.000127,1.0,20.0,325.0,0.002367140403723,1726.5426245033934,291.5053062825179,171.3791756974524,0.0,0.0017324396414103,1.2486384959989931,0.1691473315445989,57.15,1.121564791095598e-08,1.525240695941721e-09,773.6679461702541,5.740165580635013,0.0002201824683615,0.00148,6.65847e-07,0.0154111111111111,0.01157,6.76e-06,0.0805555555555555,0.023,9e-06,0.0031111111111111,0.03605,0.0990777777777777,1000000.0,7.346875471642397e-09,28.0,4.0,,0.9405368561534954,3.515099530602669,0.023405122708522897,0.10290430830089903,0.1910888998839532,195.90228485469552,1.0
1593.0,0.0115,0.0115,450000.0,0.000127,1.0,25.0,250.0,0.0014060138417022,2158.178280629242,220.5130739903045,137.60197107907806,0.0,0.0011127938197319,0.3800761254171778,0.1004686874782097,57.15,6.507919208511045e-09,9.36730044723187e-10,1060.2144633191162,9.547298363369846,0.0001011977049565,0.00148,6.65847e-07,0.0154111111111111,0.01157,6.76e-06,0.0805555555555555,0.023,9e-06,0.0031111111111111,0.03605,0.0990777777777777,10000000.0,5.450491444663366e-10,27.0,3.0,,0.0672844233998995,3.585912325502236,0.014441477784527167,0.17627301453906852,0.1272161071969062,362.0743027221192,1.0
1594.0,0.0115,0.0115,450000.0,0.000127,1.0,25.0,275.0,0.0018938144035914,2158.178280629242,242.0128264794384,154.79575824344877,0.0,0.0012518408111685,0.6586404110368305,0.1353251595487889,57.15,8.946922017957033e-09,1.1439043091637102e-09,865.0942385634373,6.940965327179007,0.0001470250470923,0.00148,6.65847e-07,0.0154111111111111,0.01157,6.76e-06,0.0805555555555555,0.023,9e-06,0.0031111111111111,0.03605,0.0990777777777777,10000000.0,8.428208542300167e-10,27.0,3.0,,0.10404330652018823,3.529134781793467,0.02162850863373836,0.3832219449678533,0.1791829512507882,740.290008112025,1.0
1595.0,0.0115,0.0115,450000.0,0.000127,1.0,25.0,300.0,0.0025883832637783,2158.178280629242,265.6087782946687,171.1135959138292,0.0,0.001383803956526,0.9655673912568544,0.1849565498498522,57.15,1.2262864115217582e-08,1.7278615444661375e-09,744.168898162885,5.358443474562456,0.0002202234310795,0.00148,6.65847e-07,0.0154111111111111,0.01157,6.76e-06,0.0805555555555555,0.023,9e-06,0.0031111111111111,0.03605,0.0990777777777777,10000000.0,7.348550461248198e-10,28.0,4.0,,0.09407512860106516,3.5150620678863667,0.023409864824510553,0.6504857128059369,0.19112021692279038,1238.3029047568064,1.0
1596.0,0.0115,0.0115,450000.0,0.000127,1.0,30.0,250.0,0.0020415586227419,2589.8139367550903,220.5130739903045,138.69173573080585,0.0,0.0009346723328091,0.4285926984454167,0.1458824295701006,57.15,9.67456081431208e-09,1.2270631334657958e-09,817.0788503010681,6.301909191723367,0.0001447816617122,0.00148,6.65847e-07,0.0154111111111111,0.01157,6.76e-06,0.0805555555555555,0.023,9e-06,0.0031111111111111,0.03605,0.0990777777777777,10000000.0,8.272629156971722e-10,27.0,3.0,,0.10212273305612297,3.532012677838546,0.021264217995120842,0.14453753581919304,0.17669823288662478,280.05597475267285,1.0
1597.0,0.0115,0.0115,450000.0,0.000127,1.0,30.0,275.0,0.0027482458701377,2589.8139367550903,242.0128264794384,156.02883401921432,0.0,0.0010515106290203,0.6593090766047615,0.1963797561949123,57.15,1.3019547118652102e-08,1.8742685152482726e-09,722.8538839816309,5.082623993804901,0.0002137374948542,0.00148,6.65847e-07,0.0154111111111111,0.01157,6.76e-06,0.0805555555555555,0.023,9e-06,0.0031111111111111,0.03605,0.0990777777777777,10000000.0,7.085222969876067e-10,28.0,4.0,,0.09070404640660183,3.5209750696097792,0.022661383593698892,0.33617527400324715,0.18614703221545634,643.8976908001026,1.0
1599.0,0.0115,0.0115,450000.0,0.000127,1.0,35.0,250.0,0.002805860322271,3021.449592880939,220.5130739903045,139.92761416108783,0.0,0.0008082867201642,0.4357921371127534,0.2004966775323283,57.15,1.3292255525416255e-08,1.9270335589454873e-09,715.1719570305279,4.983218706768587,0.0001994121506515,0.00148,6.65847e-07,0.0154111111111111,0.01157,6.76e-06,0.0805555555555555,0.023,9e-06,0.0031111111111111,0.03605,0.0990777777777777,10000000.0,6.51663844067202e-10,28.0,4.0,,0.08342510575190824,3.5339055323461563,0.021024616158714433,0.11582035382851676,0.1750557625839819,224.861254399193,1.0
1604.0,0.0115,0.0115,500000.0,0.000127,1.0,20.0,300.0,0.0013338294338132,1553.888362053054,265.6087782946687,165.873137781606,0.0,0.0018630890516988,0.9357042715726844,0.0953106495543302,63.5,6.146997169066048e-09,9.06072532664242e-10,1089.088226474716,9.932981820253008,0.0001273158508267,0.00148,6.65847e-07,0.0154111111111111,0.01157,6.76e-06,0.0805555555555555,0.023,9e-06,0.0031111111111111,0.03605,0.0990777777777777,1000000.0,5.49310462563718e-09,28.0,4.0,,0.7032196714182297,3.5752385464882437,0.01579258905212104,0.10112395060012458,0.1374818370303185,205.27091850451325,1.0
1605.0,0.0115,0.0115,500000.0,0.000127,1.0,20.0,325.0,0.0019173837270157,1553.888362053054,291.5053062825179,171.3791756974523,0.0,0.0019249329349004,1.2455155179417283,0.137009338551125,63.5,9.06476863507853e-09,1.1539144600845679e-09,855.6665091937175,6.81503372504327,0.0001976873760186,0.00148,6.65847e-07,0.0154111111111111,0.01157,6.76e-06,0.0805555555555555,0.023,9e-06,0.0031111111111111,0.03605,0.0990777777777777,10000000.0,9.668898435867706e-10,28.0,4.0,,0.1237799030681747,3.493814649003749,0.026099411518512732,0.9486762763224291,0.20849974076935257,1767.1533984438552,1.0
1606.0,0.0115,0.0115,500000.0,0.000127,1.0,25.0,250.0,0.0011388712117787,1942.3604525663168,220.5130739903045,137.601971079078,0.0,0.0012364375774799,0.3862589935788584,0.0813796368573498,63.5,5.283334847115155e-09,7.87773984661856e-10,1189.2972729327266,10.770140251653968,9.31692045517228e-05,0.00148,6.65847e-07,0.0154111111111111,0.01157,6.76e-06,0.0805555555555555,0.023,9e-06,0.0031111111111111,0.03605,0.0990777777777777,10000000.0,3.82274709671365e-10,28.0,4.0,,0.048938280634954014,3.610855716126905,0.011284086566214626,0.2198910760865546,0.1022462481337095,464.59013295948586,1.0
1607.0,0.0115,0.0115,500000.0,0.000127,1.0,25.0,275.0,0.001533989666909,1942.3604525663168,242.0128264794384,154.79575824344883,0.0,0.0013909342346317,0.6399321042308221,0.109613379234519,63.5,7.147798334545194e-09,9.910827854226047e-10,1009.0241332363844,8.863519690015,0.0001333559997883,0.00148,6.65847e-07,0.0154111111111111,0.01157,6.76e-06,0.0805555555555555,0.023,9e-06,0.0031111111111111,0.03605,0.0990777777777777,10000000.0,9.919563369123161e-10,30.0,3.0,,0.1360595152945553,3.4931827880162034,0.026179393921999607,0.3582092097017477,0.2090051496991142,666.830648116927,1.0
1608.0,0.0115,0.0115,500000.0,0.000127,1.0,25.0,300.0,0.0020965904436604,1942.3604525663168,265.6087782946687,171.11359591382913,0.0,0.0015375599516956,0.953529813572578,0.1498148053783801,63.5,9.935044766659568e-09,1.27746292601757e-09,809.7412741786036,6.206959856062259,0.0001975532652525,0.00148,6.65847e-07,0.0154111111111111,0.01157,6.76e-06,0.0805555555555555,0.023,9e-06,0.0031111111111111,0.03605,0.0990777777777777,10000000.0,9.659657007910202e-10,28.0,4.0,,0.1236615955831619,3.49398386012671,0.026077992389024092,0.6440034126110358,0.20836428359849934,1199.8271841613873,1.0
1609.0,0.0115,0.0115,500000.0,0.000127,1.0,30.0,250.0,0.001653662484421,2330.832543079581,220.5130739903045,138.69173573080585,0.0,0.0010385248142323,0.4067157224044904,0.1181647679517814,63.5,7.746162422105053e-09,1.0419091474209314e-09,961.1550062315956,8.224104235864008,0.0001312634608362,0.00148,6.65847e-07,0.0154111111111111,0.01157,6.76e-06,0.0805555555555555,0.023,9e-06,0.0031111111111111,0.03605,0.0990777777777777,10000000.0,9.72145245035815e-10,30.0,3.0,,0.13334217032898663,3.4969063378675966,0.025708058497772582,0.11915878412372219,0.20601743967964778,222.6599847486548,1.0
1610.0,0.0115,0.0115,500000.0,0.000127,1.0,30.0,275.0,0.0022260791548115,2330.832543079581,242.0128264794384,156.02883401921437,0.0,0.0011683451433559,0.6586831547236879,0.159067602517879,63.5,1.0547957999441532e-08,1.3960525723511e-09,792.4761126917876,5.983546076648637,0.0001919311948187,0.00148,6.65847e-07,0.0154111111111111,0.01157,6.76e-06,0.0805555555555555,0.023,9e-06,0.0031111111111111,0.03605,0.0990777777777777,10000000.0,9.277707361461353e-10,28.0,4.0,,0.11877192893416902,3.5010176441393472,0.0251876399823611,0.34479362327163965,0.2026922730101718,646.9792420492003,1.0
1612.0,0.0115,0.0115,500000.0,0.000127,1.0,35.0,250.0,0.0022727468610395,2719.3046335928443,220.5130739903045,139.92761416108786,0.0,0.000898096355738,0.4394523831649247,0.1624023088011858,63.5,1.0768851808920495e-08,1.438792257745843e-09,786.2537518613944,5.903027794149224,0.0001792290057175,0.00148,6.65847e-07,0.0154111111111111,0.01157,6.76e-06,0.0805555555555555,0.023,9e-06,0.0031111111111111,0.03605,0.0990777777777777,10000000.0,8.451382677776778e-10,28.0,4.0,,0.10819343440061485,3.5165087260804397,0.023226743534121616,0.13280663996312395,0.18990911607338778,253.1970740532668,1.0
1615.0,0.0115,0.0115,500000.0,0.000127,1.0,40.0,250.0,0.0030013776008364,3107.776724106108,220.5130739903045,141.32094987194918,0.0,0.0007936592928891,0.4387422288580252,0.2144676383964105,63.5,1.4217703977292586e-08,2.106094148174057e-09,689.1029865551384,4.645882318471474,0.0002370918235441,0.00148,6.65847e-07,0.0154111111111111,0.01157,6.76e-06,0.0805555555555555,0.023,9e-06,0.0031111111111111,0.03605,0.0990777777777777,10000000.0,1.0497128188026683e-09,32.0,4.0,,0.1535803268861256,3.431985537293637,0.03392588135523577,0.034644263575489,0.25507479701221897,60.73641454266295,1.0
1617.0,0.0115,0.0115,550000.0,0.000127,1.0,20.0,300.0,0.0011023383750522,1412.6257836845944,265.6087782946687,165.87313778160583,0.0,0.0020493979568686,0.9497428371513458,0.0787691318630827,69.85,5.137203500208954e-09,7.605884760729975e-10,1211.2169749686568,10.898105280169522,0.0001185208346813,0.00148,6.65847e-07,0.0154111111111111,0.01157,6.76e-06,0.0805555555555555,0.023,9e-06,0.0031111111111111,0.03605,0.0990777777777777,10000000.0,1.1246770906176555e-09,33.0,3.0,,0.16969025301810323,3.457623636798759,0.030680552303954594,0.6652334522701596,0.23644379736260093,1195.4192312209705,1.0
1618.0,0.0115,0.0115,550000.0,0.000127,1.0,20.0,325.0,0.0015846146504262,1412.6257836845944,291.5053062825179,171.3791756974521,0.0,0.0021174262283904,1.178407229055994,0.1132308583067149,69.85,7.400923252131011e-09,1.0125837727971628e-09,988.774139829519,8.593028884333288,0.0001806870626443,0.00148,6.65847e-07,0.0154111111111111,0.01157,6.76e-06,0.0805555555555555,0.023,9e-06,0.0031111111111111,0.03605,0.0990777777777777,10000000.0,1.0291148503089065e-09,32.0,4.0,,0.15056670003714573,3.4596960063490547,0.030418227044423485,0.8785596707121333,0.2348970308866895,1581.9629189583611,1.0
1619.0,0.0115,0.0115,550000.0,0.000127,1.0,25.0,275.0,0.0012677600552967,1765.7822296057432,242.0128264794384,154.7957582434487,0.0,0.0015300276580949,0.6439193211036953,0.0905895696153049,69.85,5.8166502764836285e-09,8.780121408451274e-10,1115.5159778813097,10.285992491747937,0.0001222529292182,0.00148,6.65847e-07,0.0154111111111111,0.01157,6.76e-06,0.0805555555555555,0.023,9e-06,0.0031111111111111,0.03605,0.0990777777777777,10000000.0,6.189518018951464e-10,32.0,4.0,,0.09055697745049905,3.546862015086064,0.01938455505239703,0.4267227740378913,0.1636347570513097,839.937452261137,1.0
1620.0,0.0115,0.0115,550000.0,0.000127,1.0,25.0,300.0,0.001732719374926,1765.7822296057432,265.6087782946687,171.11359591382893,0.0,0.0016913159468652,0.991563128396072,0.1238138887424629,69.85,8.141446874630048e-09,1.0754854784442006e-09,929.532250029596,7.801700898189082,0.0001802313785022,0.00148,6.65847e-07,0.0154111111111111,0.01157,6.76e-06,0.0805555555555555,0.023,9e-06,0.0031111111111111,0.03605,0.0990777777777777,10000000.0,1.0254334285571065e-09,32.0,4.0,,0.15002808228768158,3.4604347545705614,0.030324714611321378,0.6816711573659274,0.2343441308698931,1228.3261089178895,1.0
1621.0,0.0115,0.0115,550000.0,0.000127,1.0,30.0,250.0,0.0013666632102652,2118.9386755268915,220.5130739903045,138.69173573080576,0.0,0.0011423772956555,0.4302520456604263,0.0976568330180012,69.85,6.3111660513264886e-09,9.200173986949847e-10,1075.9547158938808,9.757549967656203,0.0001203955570835,0.00148,6.65847e-07,0.0154111111111111,0.01157,6.76e-06,0.0805555555555555,0.023,9e-06,0.0031111111111111,0.03605,0.0990777777777777,10000000.0,6.075584806849622e-10,32.0,4.0,,0.08889005487468961,3.549431754751608,0.01905927155042934,0.2076551577677354,0.16133187394480358,409.86233411787083,1.0
1622.0,0.0115,0.0115,550000.0,0.000127,1.0,30.0,275.0,0.0018397348386872,2118.9386755268915,242.0128264794384,156.0288340192144,0.0,0.0012851796576915,0.6571181056840915,0.1314608285271727,69.85,8.676524193436325e-09,1.1209361230737071e-09,886.7260645250939,7.229914064848782,0.0001747389481384,0.00148,6.65847e-07,0.0154111111111111,0.01157,6.76e-06,0.0805555555555555,0.023,9e-06,0.0031111111111111,0.03605,0.0990777777777777,10000000.0,9.817893927789339e-10,32.0,4.0,,0.1436426546151045,3.4692499530773007,0.029208866699075804,0.3459646225418141,0.22768439238697136,628.8276812814047,1.0
1624.0,0.0115,0.0115,550000.0,0.000127,1.0,35.0,250.0,0.0018783031909417,2472.09512144804,220.5130739903045,139.92761416108775,0.0,0.0009879059913118,0.4531235038198489,0.1342167841332114,69.85,8.869365954708846e-09,1.1373165265280699e-09,871.2987236232923,7.023842201702399,0.0001631608073032,0.00148,6.65847e-07,0.0154111111111111,0.01157,6.76e-06,0.0805555555555555,0.023,9e-06,0.0031111111111111,0.03605,0.0990777777777777,10000000.0,8.938761449150255e-10,32.0,4.0,,0.13078033160378744,3.487332858930253,0.026919891274651588,0.15207638808284996,0.21365388325914084,281.4366704303708,1.0
1630.0,0.0115,0.0115,600000.0,0.000127,1.0,25.0,275.0,0.0010652706020201,1618.633710471932,242.0128264794384,154.7957582434488,0.0,0.0016691210815581,0.6337356935965646,0.0761204022461938,76.2,4.988932408080665e-09,7.330049005166846e-10,1233.4576387879,11.027944051479883,0.0001153468490245,0.00148,6.65847e-07,0.0154111111111111,0.01157,6.76e-06,0.0805555555555555,0.023,9e-06,0.0031111111111111,0.03605,0.0990777777777777,10000000.0,6.989148093422764e-10,36.0,4.0,,0.11503814027213882,3.5156260098720535,0.023338479763031234,0.40652715107823184,0.19064853175446136,774.3403027706798,1.0
1632.0,0.0115,0.0115,600000.0,0.000127,1.0,30.0,250.0,0.0011483767252923,1942.360452566318,220.5130739903045,138.6917357308058,0.0,0.0012462297770788,0.4285926984454167,0.0820588666331815,76.2,5.3213569011694735e-09,7.948474079823376e-10,1183.593964824579,10.73684490924941,0.0001125637451114,0.00148,6.65847e-07,0.0154111111111111,0.01157,6.76e-06,0.0805555555555555,0.023,9e-06,0.0031111111111111,0.03605,0.0990777777777777,10000000.0,6.780409012716565e-10,36.0,4.0,,0.11160239169082675,3.5206163798711234,0.02270678735808567,0.19888144012140835,0.18645045316501221,380.78813887626575,1.0
1640.0,0.0115,0.012,400000.0,0.000127,1.0,20.0,250.0,0.0013811632636236,1942.3604525663168,220.5130739903045,135.2213232741674,0.0,0.0012150460059664,0.4393582711845555,0.0986929546307995,50.8,6.383666318118426e-09,9.26175730856879e-10,1070.1546945505258,9.68007574756074,8.844224141576092e-05,0.00148,6.65847e-07,0.0154111111111111,0.01157,6.76e-06,0.0805555555555555,0.023,9e-06,0.0031111111111111,0.03605,0.0990777777777777,1000000.0,8.901323520200042e-09,22.0,2.0,,0.2612834666082023,3.5702307624732486,0.016426485762879903,0.043331849945553724,0.14221540624859935,87.47634342707832,1.0
1641.0,0.0115,0.012,400000.0,0.000127,1.0,20.0,275.0,0.0018533817330431,1942.3604525663168,242.0128264794384,150.90088542567727,0.0,0.0013559364284693,0.7358026099677902,0.1324359864690266,50.8,8.744758665215896e-09,1.1267321092225021e-09,881.2673067827282,7.156998298898301,0.0001279929143968,0.00148,6.65847e-07,0.0154111111111111,0.01157,6.76e-06,0.0805555555555555,0.023,9e-06,0.0031111111111111,0.03605,0.0990777777777777,1000000.0,3.117574141555844e-09,24.0,4.0,,0.3420921754804394,3.6218511601157055,0.009892258213201905,0.22522444801832414,0.0907796177475868,481.9365258707546,1.0
1642.0,0.0115,0.012,400000.0,0.000127,1.0,20.0,300.0,0.0025276647856743,1942.3604525663168,265.6087782946687,163.0550700244476,0.0,0.0014651491849705,1.1103182878019586,0.180617825991061,50.8,1.1975463318858621e-08,1.6722537406641452e-09,752.2646952434192,5.46320430315413,0.0001910982472183,0.00148,6.65847e-07,0.0154111111111111,0.01157,6.76e-06,0.0805555555555555,0.023,9e-06,0.0031111111111111,0.03605,0.0990777777777777,1000000.0,4.8801689418918174e-09,24.0,4.0,,0.5355021353912975,3.5813641887568712,0.015017191296598549,0.35814832641960004,0.1316201005042487,731.9439693353222,1.0
1643.0,0.0115,0.012,400000.0,0.000127,1.0,20.0,325.0,0.0036300675503523,1942.3604525663168,291.5053062825179,170.4426567605716,0.0,0.0015315311544714,1.5160420111654052,0.2593915589049946,50.8,1.7193503071667582e-08,2.681867264639153e-09,605.2776599530257,3.561170018441146,0.0003019957632175,0.00148,6.65847e-07,0.0154111111111111,0.01157,6.76e-06,0.0805555555555555,0.023,9e-06,0.0031111111111111,0.03605,0.0990777777777777,1000000.0,8.47810196688525e-09,24.0,4.0,,0.9303042090121263,3.505872664614518,0.024573080428542032,0.2902962432482843,0.1987295582497309,547.426335342106,1.0
1644.0,0.0115,0.012,400000.0,0.000127,1.0,25.0,250.0,0.0021737370744738,2427.9505657078967,220.5130739903045,136.14865480784164,0.0,0.0009787029159983,0.4330617304838282,0.1553274258884303,50.8,1.0300205485842697e-08,1.348116124915349e-09,799.4550567368254,6.073854659433032,0.0001370923696227,0.00148,6.65847e-07,0.0154111111111111,0.01157,6.76e-06,0.0805555555555555,0.023,9e-06,0.0031111111111111,0.03605,0.0990777777777777,10000000.0,5.814558609652512e-10,24.0,3.0,,0.06380329428963855,3.583216746995562,0.014782690253726326,0.17788101030575934,0.129831630848699,364.2822652390364,1.0
1645.0,0.0115,0.012,400000.0,0.000127,1.0,25.0,275.0,0.0029155378521213,2427.9505657078967,242.0128264794384,152.17718663101329,0.0,0.0010939238181559,0.8092699648830467,0.2083338389763208,50.8,1.3811395833374178e-08,2.027479531108255e-09,700.5482863838258,4.7939862150496655,0.0002016611311618,0.00148,6.65847e-07,0.0154111111111111,0.01157,6.76e-06,0.0805555555555555,0.023,9e-06,0.0031111111111111,0.03605,0.0990777777777777,10000000.0,9.148689757706565e-10,24.0,3.0,,0.10038879718342675,3.522961841845963,0.02240989343721983,0.4644973287232991,0.18446228504587017,891.522727987051,1.0
1646.0,0.0115,0.012,400000.0,0.000127,1.0,25.0,300.0,0.0039745628364056,2427.9505657078967,265.6087782946687,168.12757681122216,0.0,0.0012085830000826,1.1912202916274277,0.2840079518633344,50.8,1.8824114092319924e-08,2.997366382465357e-09,559.3449551459175,2.966793928331445,0.0003018201220865,0.00148,6.65847e-07,0.0154111111111111,0.01157,6.76e-06,0.0805555555555555,0.023,9e-06,0.0031111111111111,0.03605,0.0990777777777777,10000000.0,8.471778124327065e-10,24.0,4.0,,0.09296102922165995,3.505997655293128,0.02455725882365472,0.7782013105424332,0.19862701948171063,1467.681438629404,1.0
1647.0,0.0115,0.012,400000.0,0.000127,1.0,30.0,250.0,0.0031576578396436,2913.540678849476,220.5130739903045,137.23164116776965,0.0,0.0008220732916757,0.4435199534620524,0.2256348616527133,50.8,1.4957430440979998e-08,2.2492202792808544e-09,668.2656213808452,4.376243687511344,0.0001995963010932,0.00148,6.65847e-07,0.0154111111111111,0.01157,6.76e-06,0.0805555555555555,0.023,9e-06,0.0031111111111111,0.03605,0.0990777777777777,10000000.0,9.034172490681726e-10,24.0,3.0,,0.09913219640256929,3.5249583446332426,0.022157171565412345,0.0827028954067697,0.18276224542058547,159.0648736286004,1.0
1648.0,0.0115,0.012,400000.0,0.000127,1.0,30.0,275.0,0.0042327846049107,2913.540678849476,242.0128264794384,153.48280857539174,0.0,0.0009194243877544,0.7905000419711087,0.3024595498423469,50.8,2.0046363796577705e-08,3.2338536247154427e-09,524.9153860118956,2.5212701393018304,0.0002933344075382,0.00148,6.65847e-07,0.0154111111111111,0.01157,6.76e-06,0.0805555555555555,0.023,9e-06,0.0031111111111111,0.03605,0.0990777777777777,10000000.0,8.168963353351981e-10,24.0,4.0,,0.08963823530989175,3.512012811095739,0.02379584669674191,0.36235225681886996,0.19366114411052043,687.6282446234896,1.0
1649.0,0.0115,0.012,400000.0,0.000127,1.0,30.0,300.0,0.0057673380312408,2913.540678849476,265.6087782946687,171.6837254028727,0.0,0.0010284552750961,1.1502417983744244,0.4121132132955599,50.8,2.594720212496348e-08,3.534906808571513e-09,409.12712805866056,2.171286271776725,0.0004051972219779,0.00148,6.65847e-07,0.0154111111111111,0.01157,6.76e-06,0.0805555555555555,0.023,9e-06,0.0031111111111111,0.03605,0.0990777777777777,10000000.0,1.2667690547509944e-09,24.0,4.0,,0.13900287919208903,3.428320238144077,0.034389843272901705,0.5630757058867752,0.2576643159005841,983.7217554273518,1.0
1650.0,0.0115,0.012,400000.0,0.000127,1.0,35.0,275.0,0.0058163811889853,3399.1307919910555,242.0128264794384,154.902009157379,0.0,0.0007953651222014,0.7945305910018894,0.4156176607926132,50.8,2.614337475594144e-08,3.5395339324183903e-09,408.2647531728815,2.1690707961687754,0.0003720715446971,0.00148,6.65847e-07,0.0154111111111111,0.01157,6.76e-06,0.0805555555555555,0.023,9e-06,0.0031111111111111,0.03605,0.0990777777777777,10000000.0,1.1206875059890583e-09,24.0,4.0,,0.1229733150038952,3.4542198683099126,0.031111409074694556,0.21988961520538092,0.23897076114277735,393.83219012513166,1.0
1653.0,0.0115,0.012,450000.0,0.000127,1.0,20.0,275.0,0.0014644003816637,1726.5426245033934,242.0128264794384,150.9008854256773,0.0,0.0015254284820279,0.7643305139936597,0.1046407794323174,57.15,6.799851908318739e-09,9.61527450496792e-10,1036.8598473345007,9.235337328759146,0.0001147948668516,0.00148,6.65847e-07,0.0154111111111111,0.01157,6.76e-06,0.0805555555555555,0.023,9e-06,0.0031111111111111,0.03605,0.0990777777777777,1000000.0,3.4725289718181822e-09,28.0,4.0,,0.4445483654462538,3.6071575901640376,0.011752203776704068,0.17909136911508844,0.10603812805767657,376.78950829588763,1.0
1654.0,0.0115,0.012,450000.0,0.000127,1.0,20.0,300.0,0.0019971672380636,1726.5426245033934,265.6087782946687,163.0550700244475,0.0,0.0016482928330918,1.1532350427889393,0.1427103810299742,57.15,9.46368619031845e-09,1.1877993948452679e-09,823.753104774524,6.388748032008563,0.0001692340513462,0.00148,6.65847e-07,0.0154111111111111,0.01157,6.76e-06,0.0805555555555555,0.023,9e-06,0.0031111111111111,0.03605,0.0990777777777777,1000000.0,5.373155798653322e-09,28.0,4.0,,0.6878639881667374,3.5606051947049924,0.01764491206265925,0.28661067359222736,0.15116951200131115,572.5566700327835,1.0
1656.0,0.0115,0.012,450000.0,0.000127,1.0,25.0,250.0,0.001717520651436,2158.178280629242,220.5130739903045,136.1486548078417,0.0,0.001101040780498,0.4099820986739733,0.1227278426772784,57.15,8.065453257180491e-09,1.0690304133920766e-09,935.6117394255608,7.882908133757386,0.0001225037524361,0.00148,6.65847e-07,0.0154111111111111,0.01157,6.76e-06,0.0805555555555555,0.023,9e-06,0.0031111111111111,0.03605,0.0990777777777777,10000000.0,6.785105805091948e-10,27.0,3.0,,0.0837597740383425,3.560014961327965,0.01771962514835887,0.16744448195835232,0.15171249278175197,334.2866706648003,1.0
1657.0,0.0115,0.012,450000.0,0.000127,1.0,25.0,275.0,0.0023036348461205,2158.178280629242,242.0128264794384,152.17718663101329,0.0,0.0012306642954254,0.8164998001342536,0.1646094530183277,57.15,1.0915054938303892e-08,1.467080401122574e-09,782.1353538505947,5.849735106129773,0.0001788277679068,0.00148,6.65847e-07,0.0154111111111111,0.01157,6.76e-06,0.0805555555555555,0.023,9e-06,0.0031111111111111,0.03605,0.0990777777777777,10000000.0,5.72909247213836e-10,28.0,4.0,,0.07334305097664988,3.5521926458398965,0.018709791665835966,0.542497296139276,0.15884351595176238,1073.9387762393658,1.0
1659.0,0.0115,0.012,450000.0,0.000127,1.0,30.0,250.0,0.0024949395276196,2589.8139367550903,220.5130739903045,137.23164116776968,0.0,0.0009248324531352,0.45475047959846,0.1782793968614032,57.15,1.1820563764066509e-08,1.6422829675799361e-09,756.6280629840421,5.519666936222952,0.0001771890514637,0.00148,6.65847e-07,0.0154111111111111,0.01157,6.76e-06,0.0805555555555555,0.023,9e-06,0.0031111111111111,0.03605,0.0990777777777777,10000000.0,5.667810000849881e-10,28.0,4.0,,0.07255852123872993,3.553634421361073,0.018527288435307245,0.16786256149832668,0.15753818293625405,332.8198503129795,1.0
1662.0,0.0115,0.012,450000.0,0.000127,1.0,35.0,250.0,0.003430658549402,3021.449592880939,220.5130739903045,138.48324013043438,0.0,0.000799943346664,0.50597198302364,0.2451425095694932,57.15,1.6249633800503074e-08,2.4992425192988873e-09,631.8655267463922,3.905221002927327,0.000244035971328,0.00148,6.65847e-07,0.0154111111111111,0.01157,6.76e-06,0.0805555555555555,0.023,9e-06,0.0031111111111111,0.03605,0.0990777777777777,10000000.0,8.349199345391426e-10,28.0,4.0,,0.10688529748494283,3.4930163220035224,0.026200465569174422,0.11789417596920398,0.2091381940646588,219.43106045147417,1.0
1667.0,0.0115,0.012,500000.0,0.000127,1.0,20.0,275.0,0.0011861643091476,1553.888362053054,242.0128264794384,150.90088542567725,0.0,0.0016949205355866,0.780001876219024,0.084759031340177,63.5,5.472507236590539e-09,8.229666228448115e-10,1160.921414511419,10.604484827776211,0.0001049790121392,0.00148,6.65847e-07,0.0154111111111111,0.01157,6.76e-06,0.0805555555555555,0.023,9e-06,0.0031111111111111,0.03605,0.0990777777777777,1000000.0,4.3802469708772755e-09,28.0,4.0,,0.560753170659609,3.5987582874727537,0.01281540664901857,0.09843967421923805,0.11453250450122612,205.13886092375412,1.0
1668.0,0.0115,0.012,500000.0,0.000127,1.0,20.0,300.0,0.0016177054628315,1553.888362053054,265.6087782946687,163.0550700244472,0.0,0.0018314364812131,1.131094241539112,0.115595408634279,63.5,7.566377314157938e-09,1.0266378048246664e-09,975.5378148673648,8.416223680926944,0.000153318045767,0.00148,6.65847e-07,0.0154111111111111,0.01157,6.76e-06,0.0805555555555555,0.023,9e-06,0.0031111111111111,0.03605,0.0990777777777777,1000000.0,6.900717131441259e-09,28.0,4.0,,0.8834202813239467,3.5466327897254812,0.019413570920825168,0.09602855158088652,0.16383956410358655,188.97099133053132,1.0
1669.0,0.0115,0.012,500000.0,0.000127,1.0,20.0,325.0,0.0023232432322254,1553.888362053054,291.5053062825179,170.4426567605716,0.0,0.0019144139430892,1.489027960162283,0.1660105976991966,63.5,1.1007867965867268e-08,1.4850383493690603e-09,779.5209023699362,5.81590371180233,0.0002400230558441,0.00148,6.65847e-07,0.0154111111111111,0.01157,6.76e-06,0.0805555555555555,0.023,9e-06,0.0031111111111111,0.03605,0.0990777777777777,10000000.0,1.0672382897301118e-09,32.0,4.0,,0.15614442585267926,3.428162060198912,0.034409865797606125,1.1308229366104072,0.25777566279514114,1975.3085696382918,1.0
1670.0,0.0115,0.012,500000.0,0.000127,1.0,25.0,250.0,0.0013911917276632,1942.3604525663168,220.5130739903045,136.14865480784167,0.0,0.0012233786449978,0.4357743501636664,0.0994095525685954,63.5,6.433808638316192e-09,9.304349298475815e-10,1066.1433089347045,9.626493363343483,0.000111315153926,0.00148,6.65847e-07,0.0154111111111111,0.01157,6.76e-06,0.0805555555555555,0.023,9e-06,0.0031111111111111,0.03605,0.0990777777777777,10000000.0,7.925151530333365e-10,30.0,3.0,,0.10870360274218163,3.5313633832988134,0.02134640717736545,0.19161119485288927,0.17726013412768193,371.0125232803771,1.0
1671.0,0.0115,0.012,500000.0,0.000127,1.0,25.0,275.0,0.0018659442253576,1942.3604525663168,242.0128264794384,152.1771866310133,0.0,0.0013674047726949,0.8036595120427487,0.1333336569448454,63.5,8.807571126788182e-09,1.1320675378958672e-09,876.2423098569454,7.089876525587386,0.0001610382610385,0.00148,6.65847e-07,0.0154111111111111,0.01157,6.76e-06,0.0805555555555555,0.023,9e-06,0.0031111111111111,0.03605,0.0990777777777777,10000000.0,7.345685804664733e-10,28.0,4.0,,0.09403845566292472,3.537843811552867,0.020526099803434537,0.5402373994349786,0.17161734400707124,1053.2241096303742,1.0
1672.0,0.0115,0.012,500000.0,0.000127,1.0,25.0,300.0,0.0025437202152995,1942.3604525663168,265.6087782946687,168.12757681122227,0.0,0.0015107287501032,1.1789218708724156,0.1817650891925341,63.5,1.205145901908476e-08,1.68695778477783e-09,750.1239712933871,5.435503014132123,0.0002404117554194,0.00148,6.65847e-07,0.0154111111111111,0.01157,6.76e-06,0.0805555555555555,0.023,9e-06,0.0031111111111111,0.03605,0.0990777777777777,10000000.0,1.0695752946074662e-09,32.0,4.0,,0.1564863460108116,3.427653583580193,0.03447422992655789,0.8046204356690698,0.25813337080546733,1404.8244042759652,1.0
1673.0,0.0115,0.012,500000.0,0.000127,1.0,30.0,250.0,0.0020209010173719,2330.832543079581,220.5130739903045,137.23164116776968,0.0,0.0010275916145946,0.4516643452539754,0.1444063114577365,63.5,9.576781482227202e-09,1.2081442787397475e-09,819.8331976837408,6.3375508600072585,0.0001592281180052,0.00148,6.65847e-07,0.0154111111111111,0.01157,6.76e-06,0.0805555555555555,0.023,9e-06,0.0031111111111111,0.03605,0.0990777777777777,10000000.0,7.240136916871426e-10,28.0,4.0,,0.09268723337150589,3.5399178671832416,0.020263561116045353,0.17852080042473292,0.1697949872514307,348.80228815428427,1.0
1674.0,0.0115,0.012,500000.0,0.000127,1.0,30.0,275.0,0.0027089821471429,2330.832543079581,242.0128264794384,153.48280857539177,0.0,0.001149280484693,0.7905000419711087,0.1935741118991021,63.5,1.2833698829809744e-08,1.838309619817885e-09,728.0890470476129,5.150367789153169,0.0002340611951265,0.00148,6.65847e-07,0.0154111111111111,0.01157,6.76e-06,0.0805555555555555,0.023,9e-06,0.0031111111111111,0.03605,0.0990777777777777,10000000.0,1.0317724462904843e-09,32.0,4.0,,0.15095552491598024,3.4359185517961435,0.03342803141820976,0.4099204051560263,0.25227596903896365,721.3499805908639,1.0
1676.0,0.0115,0.012,500000.0,0.000127,1.0,35.0,250.0,0.0027788334250156,2719.3046335928443,220.5130739903045,138.48324013043444,0.0,0.0008888259407378,0.5001088389039527,0.1985654327512895,63.5,1.3164328211740825e-08,1.9022815156320983e-09,718.7755433312444,5.029849654037802,0.0002194229513924,0.00148,6.65847e-07,0.0154111111111111,0.01157,6.76e-06,0.0805555555555555,0.023,9e-06,0.0031111111111111,0.03605,0.0990777777777777,10000000.0,9.475596652837445e-10,32.0,4.0,,0.13863460608624062,3.4546416873611228,0.031058014258085784,0.12685880006642258,0.23865851025463203,227.3030406174053,1.0
1682.0,0.0115,0.012,550000.0,0.000127,1.0,20.0,300.0,0.0013369466634971,1412.6257836845944,265.6087782946687,163.0550700244473,0.0,0.0020145801293344,1.1231813231866314,0.0955333955655198,69.85,6.162583317485896e-09,9.073964544005503e-10,1087.8413346011282,9.916326368534666,0.0001403616285971,0.00148,6.65847e-07,0.0154111111111111,0.01157,6.76e-06,0.0805555555555555,0.023,9e-06,0.0031111111111111,0.03605,0.0990777777777777,10000000.0,7.346132545773283e-10,32.0,4.0,,0.10747905689248871,3.5212482329454464,0.022626805956272637,0.8841188707286229,0.18591580745813882,1693.8897138509262,1.0
1684.0,0.0115,0.012,550000.0,0.000127,1.0,25.0,250.0,0.0011497452294737,1765.7822296057432,220.5130739903045,136.14865480784175,0.0,0.0013457165094976,0.4397061979864948,0.0821566550153681,69.85,5.3268309178950055e-09,7.958657653153676e-10,1182.772862315749,10.732051394913112,0.0001032838253271,0.00148,6.65847e-07,0.0154111111111111,0.01157,6.76e-06,0.0805555555555555,0.023,9e-06,0.0031111111111111,0.03605,0.0990777777777777,10000000.0,9.384379870455717e-10,33.0,3.0,,0.14159066703857928,3.4939919692892034,0.02607696591275912,0.1799088759325473,0.20835779087397746,335.18662509356966,1.0
1690.0,0.0115,0.012,550000.0,0.000127,1.0,35.0,250.0,0.0022965565495997,2472.09512144804,220.5130739903045,138.48324013043435,0.0,0.0009777085348116,0.4921126170044045,0.1641036634308177,69.85,1.0881551001438694e-08,1.460597884819915e-09,783.0791267200368,5.861947668626284,0.000199232078767,0.00148,6.65847e-07,0.0154111111111111,0.01157,6.76e-06,0.0805555555555555,0.023,9e-06,0.0031111111111111,0.03605,0.0990777777777777,10000000.0,1.187773905500079e-09,32.0,4.0,,0.17377962944339773,3.428551369565644,0.034360586130931126,0.11817932413018897,0.25750155445879674,206.51052902344057,1.0
1696.0,0.0115,0.012,600000.0,0.000127,1.0,20.0,300.0,0.0011234065714108,1294.9069683775454,265.6087782946687,163.05507002444745,0.0,0.0021977237774557,1.1049434510452312,0.0802745893293604,76.2,5.2214762856433e-09,7.762661426430796e-10,1198.576057153505,10.824308866056446,0.000131330465359,0.00148,6.65847e-07,0.0154111111111111,0.01157,6.76e-06,0.0805555555555555,0.023,9e-06,0.0031111111111111,0.03605,0.0990777777777777,10000000.0,8.245283442791743e-10,36.0,4.0,,0.13571354628585425,3.4861914140050443,0.027064377974045054,0.8529053154300166,0.2145545857587262,1576.6016546031904,1.0
1698.0,0.0115,0.012,600000.0,0.000127,1.0,25.0,275.0,0.0012957946009428,1618.633710471932,242.0128264794384,152.17718663101334,0.0,0.0016408857272339,0.7821668550901527,0.0925928173228093,76.2,5.956823004714018e-09,8.89918720761019e-10,1104.302159622879,10.136203073324571,0.0001361748107517,0.00148,6.65847e-07,0.0154111111111111,0.01157,6.76e-06,0.0805555555555555,0.023,9e-06,0.0031111111111111,0.03605,0.0990777777777777,10000000.0,8.6472028434191e-10,36.0,4.0,,0.14232895345271265,3.4769838252456036,0.02822989553853124,0.5111950843146307,0.221745436101021,936.2967021506932,1.0
1700.0,0.0115,0.012,600000.0,0.000127,1.0,30.0,250.0,0.001403403484286,1942.360452566318,220.5130739903045,137.23164116776965,0.0,0.0012331099375136,0.4527320906840751,0.1002821607345392,76.2,6.494867421430361e-09,9.356213972146219e-10,1061.2586062855712,9.561245581354989,0.0001346921558188,0.00148,6.65847e-07,0.0154111111111111,0.01157,6.76e-06,0.0805555555555555,0.023,9e-06,0.0031111111111111,0.03605,0.0990777777777777,10000000.0,8.52305727845069e-10,36.0,4.0,,0.14028557495706456,3.4798172165199106,0.02787123841520115,0.17611435499247124,0.2195467066308988,323.47954434269167,1.0
1709.0,0.0115,0.0124999999999999,400000.0,0.000127,1.0,20.0,250.0,0.001665106505835,1942.3604525663168,220.5130739903045,133.1402440347978,0.0,0.001196346240599,0.4467118992482694,0.118982516523554,50.8,7.803382529175415e-09,1.0467695491997238e-09,956.5773976659668,8.162958486127977,0.0001057064038954,0.00148,6.65847e-07,0.0154111111111111,0.01157,6.76e-06,0.0805555555555555,0.023,9e-06,0.0031111111111111,0.03605,0.0990777777777777,1000000.0,2.534358257792157e-09,24.0,4.0,,0.2780957534572896,3.6358089768739332,0.008125445965324923,0.01358362926742579,0.0757947912536325,29.54536641878592,1.0
1710.0,0.0115,0.0124999999999999,400000.0,0.000127,1.0,20.0,275.0,0.0022270748602528,1942.3604525663168,242.0128264794384,147.79926158815894,0.0,0.0013280664478735,0.8349701294090667,0.1591387520441712,50.8,1.0552671005196792e-08,1.396964469265361e-09,792.3433519662875,5.981828132946556,0.0001536144504918,0.00148,6.65847e-07,0.0154111111111111,0.01157,6.76e-06,0.0805555555555555,0.023,9e-06,0.0031111111111111,0.03605,0.0990777777777777,1000000.0,3.812389607968767e-09,24.0,4.0,,0.41833444708974654,3.6055935942708532,0.011950177940398383,0.22144693027514883,0.10763215320951867,465.0704294375479,1.0
1711.0,0.0115,0.0124999999999999,400000.0,0.000127,1.0,20.0,300.0,0.0030312238881134,1942.3604525663168,265.6087782946687,159.93856734776102,0.0,0.0014371455089362,1.1994581123390575,0.2166003466385933,50.8,1.4358976403737224e-08,2.1334282734509848e-09,685.123481584867,4.594386927230417,0.0002296983343497,0.00148,6.65847e-07,0.0154111111111111,0.01157,6.76e-06,0.0805555555555555,0.023,9e-06,0.0031111111111111,0.03605,0.0990777777777777,1000000.0,6.051070240767206e-09,24.0,4.0,,0.6639854222090587,3.555794389958222,0.01825387468883267,0.28282234349140534,0.15557502434415355,562.0564488245756,1.0
1712.0,0.0115,0.0124999999999999,400000.0,0.000127,1.0,20.0,325.0,0.0043500766932473,1942.3604525663168,291.5053062825179,168.9414842889091,0.0,0.0015180422048605,1.7620815962483936,0.3108408202233567,50.8,2.049479787524012e-08,3.2780271029672247e-09,509.2764409003594,2.453455960088584,0.0003597413724958,0.00148,6.65847e-07,0.0154111111111111,0.01157,6.76e-06,0.0805555555555555,0.023,9e-06,0.0031111111111111,0.03605,0.0990777777777777,1000000.0,1.069402595637377e-08,24.0,4.0,,1.173458092077474,3.463592218143241,0.029925035678070807,0.2417326839475631,0.23197196151317054,436.9357677900246,1.0
1713.0,0.0115,0.0124999999999999,400000.0,0.000127,1.0,25.0,250.0,0.0026216698298293,2427.9505657078967,220.5130739903045,134.0590105708713,0.0,0.0009636815343253,0.4423981050711149,0.1873350880282209,50.8,1.2420420527859117e-08,1.758346380252651e-09,739.7306893560813,5.301012386871095,0.0001655535608932,0.00148,6.65847e-07,0.0154111111111111,0.01157,6.76e-06,0.0805555555555555,0.023,9e-06,0.0031111111111111,0.03605,0.0990777777777777,10000000.0,7.224926230213556e-10,24.0,3.0,,0.07927929279481336,3.5571797827176552,0.018078508516752502,0.13973372424808053,0.1543110411617456,278.1102806549996,1.0
1714.0,0.0115,0.0124999999999999,400000.0,0.000127,1.0,25.0,275.0,0.0035047935831002,2427.9505657078967,242.0128264794384,149.14532169488535,0.0,0.0010721292946765,0.8870937616522632,0.2504399321914465,50.8,1.6600539626674642e-08,2.567137607210726e-09,621.9808555866299,3.777311875419328,0.0002427352708329,0.00148,6.65847e-07,0.0154111111111111,0.01157,6.76e-06,0.0805555555555555,0.023,9e-06,0.0031111111111111,0.03605,0.0990777777777777,10000000.0,6.464683171007109e-10,24.0,4.0,,0.07093712705282887,3.5470008883736956,0.019366976155228477,0.5296667024079877,0.16351062847564088,1042.721305785686,1.0
1715.0,0.0115,0.0124999999999999,400000.0,0.000127,1.0,25.0,300.0,0.004768236067848,2427.9505657078967,265.6087782946687,164.8115241532604,0.0,0.0011847455966904,1.2966950769824042,0.3407209837585796,50.8,2.2028048915442964e-08,3.396723035312237e-09,453.5218576202559,2.2942111131885343,0.0003504277201442,0.00148,6.65847e-07,0.0154111111111111,0.01157,6.76e-06,0.0805555555555555,0.023,9e-06,0.0031111111111111,0.03605,0.0990777777777777,10000000.0,1.0316672237593209e-09,24.0,4.0,,0.11320509759282324,3.470584648108115,0.029039917960998075,0.8067189956310011,0.22666594020086586,1468.2316103516512,1.0
1716.0,0.0115,0.0124999999999999,400000.0,0.000127,1.0,30.0,250.0,0.0038101611065337,2913.540678849476,220.5130739903045,135.15717471904398,0.0,0.0008096463947337,0.4610201790285047,0.2722603960929151,50.8,1.8045945904259546e-08,2.8468023461967642e-09,581.2651857955059,3.250445000971716,0.0002409778249153,0.00148,6.65847e-07,0.0154111111111111,0.01157,6.76e-06,0.0805555555555555,0.023,9e-06,0.0031111111111111,0.03605,0.0990777777777777,10000000.0,6.408358058326095e-10,24.0,4.0,,0.07031907020938798,3.5481912254242074,0.019216300579214265,0.08239071272620162,0.16244516079006635,162.40397713981352,1.0
1717.0,0.0115,0.0124999999999999,400000.0,0.000127,1.0,30.0,275.0,0.0050906960930406,2913.540678849476,242.0128264794384,150.51056966813357,0.0,0.0009016194689955,0.8855412635578246,0.3637628163027523,50.8,2.3240634372162737e-08,3.4710669949862027e-09,421.0251998999726,2.2018528946929803,0.0003355246870532,0.00148,6.65847e-07,0.0154111111111111,0.01157,6.76e-06,0.0805555555555555,0.023,9e-06,0.0031111111111111,0.03605,0.0990777777777777,10000000.0,9.729704607600855e-10,24.0,4.0,,0.10676428738708828,3.481627261637712,0.02764211878003648,0.3789641598679838,0.21813558510462602,697.3241963698848,1.0
1721.0,0.0115,0.0124999999999999,450000.0,0.000127,1.0,20.0,250.0,0.0013156397083141,1726.5426245033934,220.5130739903045,133.14024403479775,0.0,0.0013458895206739,0.4252827918635584,0.0940108772531785,57.15,6.056048541570699e-09,8.983471561578064e-10,1096.364116674344,10.0301700692863,9.501438125997146e-05,0.00148,6.65847e-07,0.0154111111111111,0.01157,6.76e-06,0.0805555555555555,0.023,9e-06,0.0031111111111111,0.03605,0.0990777777777777,10000000.0,5.077613434489487e-10,27.0,3.0,,0.06268137390101144,3.5932831315536684,0.013508464360295227,0.23254054070936833,0.11998325997708306,481.6091839998976,1.0
1722.0,0.0115,0.0124999999999999,450000.0,0.000127,1.0,20.0,275.0,0.0017596640871133,1726.5426245033934,242.0128264794384,147.79926158815897,0.0,0.0014940747538577,0.800425566806053,0.1257392608744069,57.15,8.27617043556679e-09,1.0869291941020015e-09,918.7543651546569,7.657734492630714,0.0001369603965636,0.00148,6.65847e-07,0.0154111111111111,0.01157,6.76e-06,0.0805555555555555,0.023,9e-06,0.0031111111111111,0.03605,0.0990777777777777,1000000.0,4.22328748175877e-09,28.0,4.0,,0.5406594335316572,3.5884329442844756,0.014122412115889146,0.09797687239998887,0.12475608149734424,201.81703537546986,1.0
1723.0,0.0115,0.0124999999999999,450000.0,0.000127,1.0,20.0,300.0,0.002395041096781,1726.5426245033934,265.6087782946687,159.9385673477609,0.0,0.0016167886975533,1.1962003149490197,0.1711410146280243,57.15,1.1347711191430233e-08,1.5507929876649755e-09,769.9478537625287,5.692027026865185,0.0002035440914049,0.00148,6.65847e-07,0.0154111111111111,0.01157,6.76e-06,0.0805555555555555,0.023,9e-06,0.0031111111111111,0.03605,0.0990777777777777,1000000.0,6.678846387910935e-09,28.0,4.0,,0.8550166950105664,3.5301937423157925,0.021494462998000976,0.13399260531042878,0.17827041166111365,259.1283353397011,1.0
1724.0,0.0115,0.0124999999999999,450000.0,0.000127,1.0,20.0,325.0,0.0034370976341707,1726.5426245033934,291.5053062825179,168.94148428890924,0.0,0.0017077974804681,1.711726026973622,0.2456026233863559,57.15,1.6280112135074697e-08,2.505139626302562e-09,631.0069821105719,3.894111306558118,0.0003215179915973,0.00148,6.65847e-07,0.0154111111111111,0.01157,6.76e-06,0.0805555555555555,0.023,9e-06,0.0031111111111111,0.03605,0.0990777777777777,10000000.0,1.2054405577111674e-09,28.0,4.0,,0.15431883619175116,3.416816658489879,0.03584599259621787,1.2757545673955148,0.2656758886655499,2204.7536425315757,1.0
1725.0,0.0115,0.0124999999999999,450000.0,0.000127,1.0,25.0,250.0,0.0020714428285071,2158.178280629242,220.5130739903045,134.0590105708713,0.0,0.001084141726116,0.4465213706502148,0.1480178473309401,57.15,9.816012721600633e-09,1.2544319856317268e-09,813.0942895323766,6.250348377692383,0.0001469174841115,0.00148,6.65847e-07,0.0154111111111111,0.01157,6.76e-06,0.0805555555555555,0.023,9e-06,0.0031111111111111,0.03605,0.0990777777777777,10000000.0,8.420723412709008e-10,27.0,3.0,,0.10395090519569707,3.5292730244809163,0.021611009559377618,0.15850261812357752,0.1790639382182643,306.23224795979286,1.0
1726.0,0.0115,0.0124999999999999,450000.0,0.000127,1.0,25.0,275.0,0.002769219621215,2158.178280629242,242.0128264794384,149.1453216948854,0.0,0.001206145456511,0.8669239829706288,0.19787846494139,57.15,1.3118822873751168e-08,1.8934769056973663e-09,720.0573838379953,5.046436862471234,0.0002153839837917,0.00148,6.65847e-07,0.0154111111111111,0.01157,6.76e-06,0.0805555555555555,0.023,9e-06,0.0031111111111111,0.03605,0.0990777777777777,10000000.0,7.151713231040336e-10,28.0,4.0,,0.09155524555162131,3.519477570391948,0.02285094045671546,0.5414402724776174,0.1874122912763551,1035.442419548383,1.0
1727.0,0.0115,0.0124999999999999,450000.0,0.000127,1.0,25.0,300.0,0.0037674951647194,2158.178280629242,265.6087782946687,164.81152415326062,0.0,0.0013328387962767,1.3074143693205629,0.2692116414882607,57.15,1.7843993779672184e-08,2.807727596705038e-09,586.9539780374032,3.324058825900704,0.0003217736191292,0.00148,6.65847e-07,0.0154111111111111,0.01157,6.76e-06,0.0805555555555555,0.023,9e-06,0.0031111111111111,0.03605,0.0990777777777777,10000000.0,1.2068014684174024e-09,28.0,4.0,,0.15449305810174382,3.416551492773342,0.03587955787679218,0.8476596697305581,0.26585852264176085,1464.5575115389324,1.0
1728.0,0.0115,0.0124999999999999,450000.0,0.000127,1.0,30.0,250.0,0.0030104976644216,2589.8139367550903,220.5130739903045,135.1571747190439,0.0,0.0009108521940754,0.4556227965027636,0.2151193253079823,57.15,1.4260872278262685e-08,2.1144465760073203e-09,687.8869780771075,4.630146986364482,0.00021403419245,0.00148,6.65847e-07,0.0154111111111111,0.01157,6.76e-06,0.0805555555555555,0.023,9e-06,0.0031111111111111,0.03605,0.0990777777777777,10000000.0,7.097186769470396e-10,28.0,4.0,,0.09085720531750939,3.5207053965264885,0.022695519427026793,0.1135962658772718,0.18637517376947033,217.5170956940921,1.0
1736.0,0.0115,0.0124999999999999,500000.0,0.000127,1.0,20.0,250.0,0.0010656681637344,1553.888362053054,220.5130739903045,133.14024403479783,0.0,0.0014954328007487,0.4335203333775968,0.0761488105750745,63.5,4.990522654937812e-09,7.33300741693192e-10,1233.219101759328,11.02655149616078,8.828782691839785e-05,0.00148,6.65847e-07,0.0154111111111111,0.01157,6.76e-06,0.0805555555555555,0.023,9e-06,0.0031111111111111,0.03605,0.0990777777777777,10000000.0,9.759444613374862e-10,24.0,4.0,,0.10709062520014684,3.5608888392414375,0.017609007690957315,0.21423089760237535,0.15090832796722697,428.0966578362004,1.0
1737.0,0.0115,0.0124999999999999,500000.0,0.000127,1.0,20.0,275.0,0.0014253279105618,1553.888362053054,242.0128264794384,147.79926158815906,0.0,0.0016600830598419,0.8510984775209653,0.1018488013082696,63.5,6.6044895528091025e-09,9.44932942222621e-10,1052.4888357752718,9.444102714030878,0.000124289485552,0.00148,6.65847e-07,0.0154111111111111,0.01157,6.76e-06,0.0805555555555555,0.023,9e-06,0.0031111111111111,0.03605,0.0990777777777777,1000000.0,5.337503155338084e-09,28.0,4.0,,0.6832997859849111,3.5784779327275036,0.015382540161075563,0.029899890227784498,0.13439190488089672,60.9110451865987,1.0
1738.0,0.0115,0.0124999999999999,500000.0,0.000127,1.0,20.0,300.0,0.0019399832883926,1553.888362053054,265.6087782946687,159.938567347761,0.0,0.0017964318861703,1.185729819598454,0.1386242218486997,63.5,9.177766441963196e-09,1.163512742396526e-09,846.6266846429444,6.694283590619479,0.0001828089726056,0.00148,6.65847e-07,0.0154111111111111,0.01157,6.76e-06,0.0805555555555555,0.023,9e-06,0.0031111111111111,0.03605,0.0990777777777777,10000000.0,8.679410209128201e-10,28.0,4.0,,0.11111261137974723,3.512195927222936,0.023772667440134676,0.8999429863700071,0.1935090051807844,1708.1250734020186,1.0
1740.0,0.0115,0.0124999999999999,500000.0,0.000127,1.0,25.0,250.0,0.0016778686910908,1942.3604525663168,220.5130739903045,134.0590105708713,0.0,0.0012046019179067,0.4428815475844987,0.1198944563380614,63.5,7.867193455454055e-09,1.0521897896618692e-09,951.4725235636756,8.094769747441063,0.000133102681037,0.00148,6.65847e-07,0.0154111111111111,0.01157,6.76e-06,0.0805555555555555,0.023,9e-06,0.0031111111111111,0.03605,0.0990777777777777,10000000.0,9.89547458981561e-10,30.0,3.0,,0.1357291068365757,3.4936347462333535,0.026122184021094487,0.15120798440986158,0.20864370600255086,281.6125036888586,1.0
1741.0,0.0115,0.0124999999999999,500000.0,0.000127,1.0,25.0,275.0,0.0022430678931841,1942.3604525663168,242.0128264794384,149.14532169488535,0.0,0.0013401616183456,0.8585679941329067,0.1602815566025258,63.5,1.0628371361071772e-08,1.411611368614865e-09,790.210947575443,5.954234500268369,0.0001934133499085,0.00148,6.65847e-07,0.0154111111111111,0.01157,6.76e-06,0.0805555555555555,0.023,9e-06,0.0031111111111111,0.03605,0.0990777777777777,10000000.0,9.37738311830535e-10,28.0,4.0,,0.12004796421390972,3.4991744536722305,0.025420955231363236,0.542188473316471,0.20418645729910184,1015.4691976633173,1.0
1743.0,0.0115,0.0124999999999999,500000.0,0.000127,1.0,30.0,250.0,0.0024385031081815,2330.832543079581,220.5130739903045,135.1571747190439,0.0,0.0010120579934171,0.4600911772021549,0.1742466534994656,63.5,1.1553431378726104e-08,1.5905968015659287e-09,764.1529189091239,5.617039700621898,0.0001923942497179,0.00148,6.65847e-07,0.0154111111111111,0.01157,6.76e-06,0.0805555555555555,0.023,9e-06,0.0031111111111111,0.03605,0.0990777777777777,10000000.0,9.3087713155059e-10,28.0,4.0,,0.1191696053857371,3.500442633986546,0.025260426077652384,0.1306249183169521,0.20315900740389548,244.96432897848004,1.0
1752.0,0.0115,0.0124999999999999,550000.0,0.000127,1.0,20.0,275.0,0.0011779569508775,1412.6257836845944,242.0128264794384,147.799261588159,0.0,0.001826091365826,0.82173089541868,0.0841725630646856,69.85,5.4396778035101485e-09,8.168592074690597e-10,1165.8458294734776,10.633233069883214,0.0001148154261084,0.00148,6.65847e-07,0.0154111111111111,0.01157,6.76e-06,0.0805555555555555,0.023,9e-06,0.0031111111111111,0.03605,0.0990777777777777,10000000.0,1.0775890744753292e-09,33.0,3.0,,0.162585656116495,3.466692640871122,0.029532577104921284,0.5389226762374995,0.22962829961753017,977.0840568478167,1.0
1753.0,0.0115,0.0124999999999999,550000.0,0.000127,1.0,20.0,300.0,0.0016032919738782,1412.6257836845944,265.6087782946687,159.938567347761,0.0,0.0019760750747873,1.199382614068703,0.1145654726022311,69.85,7.494309869391064e-09,1.0205162375177895e-09,981.3032104487148,8.493235384809491,0.000167198149263,0.00148,6.65847e-07,0.0154111111111111,0.01157,6.76e-06,0.0805555555555555,0.023,9e-06,0.0031111111111111,0.03605,0.0990777777777777,10000000.0,9.239360001125236e-10,32.0,4.0,,0.1351782986521914,3.481100090214163,0.027708849339979386,0.9135888428142807,0.21854709735470695,1680.1913492565918,1.0
1755.0,0.0115,0.0124999999999999,550000.0,0.000127,1.0,25.0,250.0,0.0013866683397444,1765.7822296057432,220.5130739903045,134.0590105708713,0.0,0.0013250621096974,0.4305296494923172,0.0990863275521168,69.85,6.41119169872236e-09,9.285137972412143e-10,1067.9526641022112,9.650661960695093,0.0001220684217895,0.00148,6.65847e-07,0.0154111111111111,0.01157,6.76e-06,0.0805555555555555,0.023,9e-06,0.0031111111111111,0.03605,0.0990777777777777,10000000.0,6.178163211026394e-10,32.0,4.0,,0.0903908486692148,3.5471177387967368,0.019352184962438356,0.20500247327098547,0.16340615596484356,403.6257953266813,1.0
1756.0,0.0115,0.0124999999999999,550000.0,0.000127,1.0,25.0,275.0,0.001853775118334,1765.7822296057432,242.0128264794384,149.14532169488527,0.0,0.0014741777801802,0.8775849057046962,0.1324640963657237,69.85,8.746725591670151e-09,1.1268991842827642e-09,881.1099526663879,7.154896429487727,0.0001760263267152,0.00148,6.65847e-07,0.0154111111111111,0.01157,6.76e-06,0.0805555555555555,0.023,9e-06,0.0031111111111111,0.03605,0.0990777777777777,10000000.0,9.9190091932657e-10,32.0,4.0,,0.1451220416671508,3.4671981974982153,0.029468582595162676,0.5639487676718216,0.2292447838248243,1022.9661734582334,1.0
1758.0,0.0115,0.0124999999999999,550000.0,0.000127,1.0,30.0,250.0,0.0020152918249434,2118.9386755268915,220.5130739903045,135.15717471904392,0.0,0.0011132637927588,0.4710898114018064,0.1440054987598889,69.85,9.55023130473232e-09,1.2030072120379581e-09,820.5810900075403,6.347228698861073,0.0001746609765252,0.00148,6.65847e-07,0.0154111111111111,0.01157,6.76e-06,0.0805555555555555,0.023,9e-06,0.0031111111111111,0.03605,0.0990777777777777,10000000.0,9.811792452430939e-10,32.0,4.0,,0.14355338576335322,3.4693739428128443,0.029193171795842517,0.1474809268785641,0.22758989383708664,268.09514810922786,1.0
1769.0,0.0115,0.0124999999999999,600000.0,0.000127,1.0,25.0,250.0,0.0011651865910352,1618.633710471932,220.5130739903045,134.0590105708713,0.0,0.001445522301488,0.4485752947065665,0.0832600391236538,76.2,5.3885963641411454e-09,8.073562846664066e-10,1173.5080453788282,10.67796432011706,0.0001139090303279,0.00148,6.65847e-07,0.0154111111111111,0.01157,6.76e-06,0.0805555555555555,0.023,9e-06,0.0031111111111111,0.03605,0.0990777777777777,10000000.0,6.880963139637046e-10,36.0,4.0,,0.11325746604366621,3.5182088202856208,0.02301154173599743,0.21600778953924638,0.18848120234957225,412.546726427496,1.0
1781.0,0.0115,0.013,400000.0,0.000127,1.0,20.0,250.0,0.0019858276911157,1942.3604525663168,220.5130739903045,130.64258090573765,0.0,0.0011739032150781,0.45757605898733,0.1419000978274452,50.8,9.406988455578877e-09,1.182983364521472e-09,828.2889235536899,6.449335571537679,0.0001251939976213,0.00148,6.65847e-07,0.0154111111111111,0.01157,6.76e-06,0.0805555555555555,0.023,9e-06,0.0031111111111111,0.03605,0.0990777777777777,10000000.0,5.249400135445847e-10,24.0,3.0,,0.05760179648544908,3.5938860219604623,0.013432149118928798,0.22202416467443561,0.11938634651554465,460.14086867512015,1.0
1782.0,0.0115,0.013,400000.0,0.000127,1.0,20.0,275.0,0.0026491480040187,1942.3604525663168,242.0128264794384,144.48114004610446,0.0,0.0012982511034488,0.7874142611882968,0.1892985794343681,50.8,1.2550483885688932e-08,1.783511716520527e-09,736.0669327974949,5.253602827439504,0.0001830733229077,0.00148,6.65847e-07,0.0154111111111111,0.01157,6.76e-06,0.0805555555555555,0.023,9e-06,0.0031111111111111,0.03605,0.0990777777777777,1000000.0,4.646129881394654e-09,24.0,4.0,,0.5098209718591558,3.586598653422322,0.014354600832617512,0.05224470989477281,0.12654764899113227,107.39564944947179,1.0
1783.0,0.0115,0.013,400000.0,0.000127,1.0,20.0,300.0,0.003599961602564,1942.3604525663168,265.6087782946687,156.6405880759057,0.0,0.0014075111550858,1.2281380508890456,0.2572402962574607,50.8,1.7051001585470035e-08,2.654295334476272e-09,609.2917863247876,3.6131134158107017,0.0002732231288963,0.00148,6.65847e-07,0.0154111111111111,0.01157,6.76e-06,0.0805555555555555,0.023,9e-06,0.0031111111111111,0.03605,0.0990777777777777,1000000.0,7.471613513013683e-09,24.0,4.0,,0.8198619840169454,3.52609246938231,0.022013611470593664,0.11498577061463933,0.18179336786236217,221.4176535770467,1.0
1784.0,0.0115,0.013,400000.0,0.000127,1.0,20.0,325.0,0.0051633137892425,1942.3604525663168,291.5053062825179,167.0182569612573,0.0,0.0015007608351294,1.847975445206714,0.3689518154496329,50.8,2.353110515697029e-08,3.477918329387458e-09,419.74829032995865,2.1985724628847563,0.0004076736522106,0.00148,6.65847e-07,0.0154111111111111,0.01157,6.76e-06,0.0805555555555555,0.023,9e-06,0.0031111111111111,0.03605,0.0990777777777777,1000000.0,1.2782234367770668e-08,24.0,4.0,,1.4025977134225538,3.4263377263768056,0.03464079412951833,0.04037591633452742,0.25905746401131163,70.40638851223177,1.0
1785.0,0.0115,0.013,400000.0,0.000127,1.0,25.0,250.0,0.0031280035338442,2427.9505657078967,220.5130739903045,131.5737864683015,0.0,0.0009458165316962,0.4642154430813329,0.22351587171579,50.8,1.4817066726862898e-08,2.222061976400602e-09,672.2195288207633,4.427407842870002,0.0001977136948855,0.00148,6.65847e-07,0.0154111111111111,0.01157,6.76e-06,0.0805555555555555,0.023,9e-06,0.0031111111111111,0.03605,0.0990777777777777,10000000.0,8.930265688475127e-10,24.0,3.0,,0.09799202451250054,3.5267742077988338,0.02192731546850209,0.10665754685304225,0.18120985555437544,205.52721893735122,1.0
1786.0,0.0115,0.013,400000.0,0.000127,1.0,25.0,275.0,0.0041708170942214,2427.9505657078967,242.0128264794384,145.87820222596213,0.0,0.0010486436469067,0.8033665862638523,0.2980315746115254,50.8,1.9753050912648183e-08,3.177101919400828e-09,533.1777207704737,2.6281859904280447,0.0002890357827882,0.00148,6.65847e-07,0.0154111111111111,0.01157,6.76e-06,0.0805555555555555,0.023,9e-06,0.0031111111111111,0.03605,0.0990777777777777,10000000.0,8.017552372797471e-10,24.0,4.0,,0.08797679890524959,3.515042684610781,0.023412318403698625,0.38130821274707716,0.19113641946212445,725.8662259523604,1.0
1787.0,0.0115,0.013,400000.0,0.000127,1.0,25.0,300.0,0.0056652539379619,2427.9505657078967,265.6087782946687,161.30281472566026,0.0,0.0011595232824999,1.4024836581196294,0.4048186514925823,50.8,2.5538865751847694e-08,3.525275378538831e-09,410.9221747548776,2.1758978186065083,0.0003995542122845,0.00148,6.65847e-07,0.0154111111111111,0.01157,6.76e-06,0.0805555555555555,0.023,9e-06,0.0031111111111111,0.03605,0.0990777777777777,10000000.0,1.2409608841902412e-09,24.0,4.0,,0.13617094230416882,3.432812359172278,0.03382122035793947,0.8254440643228782,0.25448815139600267,1448.2627069687157,1.0
1789.0,0.0115,0.013,400000.0,0.000127,1.0,30.0,250.0,0.0045483962828339,2913.540678849476,220.5130739903045,132.69881844849235,0.0,0.0007949198417737,0.4712553406368553,0.3250120241446965,50.8,2.122196970372452e-08,3.3343207795366956e-09,482.833828955472,2.377931232916896,0.0002820163006838,0.00148,6.65847e-07,0.0154111111111111,0.01157,6.76e-06,0.0805555555555555,0.023,9e-06,0.0031111111111111,0.03605,0.0990777777777777,10000000.0,7.773094770678232e-10,24.0,4.0,,0.08529435963918719,3.519966135493095,0.022789096773025937,0.02489895685297161,0.18699992805284968,47.64056300144673,1.0
1790.0,0.0115,0.013,400000.0,0.000127,1.0,30.0,275.0,0.006061203526551,2913.540678849476,242.0128264794384,147.29298307169435,0.0,0.0008823448178868,0.7856176064023179,0.4331117836746403,50.8,2.7122664106204084e-08,3.562632430323036e-09,403.9597971891269,2.1580111918915845,0.0003844012100643,0.00148,6.65847e-07,0.0154111111111111,0.01157,6.76e-06,0.0805555555555555,0.023,9e-06,0.0031111111111111,0.03605,0.0990777777777777,10000000.0,1.1735795939864673e-09,24.0,4.0,,0.12877717679744555,3.444708275381197,0.032315408179595356,0.18767864593023204,0.2459443230951049,333.06072559412854,1.0
1793.0,0.0115,0.013,450000.0,0.000127,1.0,20.0,250.0,0.0015690490398939,1726.5426245033934,220.5130739903045,130.6425809057377,0.0,0.0013206411169628,0.4621415086542133,0.1121185958142778,57.15,7.323095199469735e-09,1.0059728867823982e-09,995.000384042421,8.676196408375445,0.0001123503281929,0.00148,6.65847e-07,0.0154111111111111,0.01157,6.76e-06,0.0805555555555555,0.023,9e-06,0.0031111111111111,0.03605,0.0990777777777777,10000000.0,6.139116121303993e-10,27.0,3.0,,0.07578525580686944,3.5724565176464704,0.016144744601712665,0.23818765703306594,0.14011795843645264,482.0180260767337,1.0
1794.0,0.0115,0.013,450000.0,0.000127,1.0,20.0,275.0,0.0020931539784839,1726.5426245033934,242.0128264794384,144.48114004610449,0.0,0.0014605324913799,0.7711904979395108,0.1495692479481428,57.15,9.918778831490852e-09,1.274315708114986e-09,810.199469535469,6.2128889727094,0.0001623015237939,0.00148,6.65847e-07,0.0154111111111111,0.01157,6.76e-06,0.0805555555555555,0.023,9e-06,0.0031111111111111,0.03605,0.0990777777777777,10000000.0,9.518664881051782e-10,27.0,3.0,,0.11750461120079753,3.5092261615541163,0.02414858714504859,0.46806663879057037,0.1959693216640146,885.6975769007856,1.0
1795.0,0.0115,0.013,450000.0,0.000127,1.0,20.0,300.0,0.0028444141057296,1726.5426245033934,265.6087782946687,156.64058807590573,0.0,0.0015834500494716,1.295650519385644,0.2032515921046606,57.15,1.3474743433787032e-08,1.96234227045039e-09,710.0314525693793,4.916699807965653,0.0002423057126172,0.00148,6.65847e-07,0.0154111111111111,0.01157,6.76e-06,0.0805555555555555,0.023,9e-06,0.0031111111111111,0.03605,0.0990777777777777,10000000.0,8.274610283703153e-10,28.0,4.0,,0.10593041861358442,3.4946368956830214,0.025995329660377053,0.9504185086673987,0.20784107945211994,1771.872023464119,1.0
1797.0,0.0115,0.013,450000.0,0.000127,1.0,25.0,250.0,0.0024715089650127,2158.178280629242,220.5130739903045,131.57378646830165,0.0,0.0010640435981582,0.4792768649036842,0.1766051332075381,57.15,1.1709659101060417e-08,1.6208245554276395e-09,759.7521379982982,5.560092935518678,0.000175514178169,0.00148,6.65847e-07,0.0154111111111111,0.01157,6.76e-06,0.0805555555555555,0.023,9e-06,0.0031111111111111,0.03605,0.0990777777777777,10000000.0,1.0509127857968447e-09,27.0,3.0,,0.12973153256695,3.4915322016460757,0.026388328905560088,0.13689019912919612,0.21032236994618184,254.40599394569256,1.0
1808.0,0.0115,0.013,500000.0,0.000127,1.0,20.0,250.0,0.001270929722314,1553.888362053054,220.5130739903045,130.64258090573767,0.0,0.0014673790188476,0.4535220267010451,0.0908160626095649,63.5,5.832498611570482e-09,8.793583332937423e-10,1114.2481110743613,10.269056865784112,0.0001021723508459,0.00148,6.65847e-07,0.0154111111111111,0.01157,6.76e-06,0.0805555555555555,0.023,9e-06,0.0031111111111111,0.03605,0.0990777777777777,10000000.0,7.151950179640727e-10,30.0,3.0,,0.09809815600167301,3.5465916620200257,0.019418776959490472,0.2285578080898071,0.16387630005400575,449.7505930437019,1.0
1809.0,0.0115,0.013,500000.0,0.000127,1.0,20.0,275.0,0.001695454722572,1553.888362053054,242.0128264794384,144.48114004610449,0.0,0.001622813879311,0.7829725799310794,0.1211510908379957,63.5,7.955123612860131e-09,1.0596587706782872e-09,944.4381109711896,8.000807053655988,0.0001468240393924,0.00148,6.65847e-07,0.0154111111111111,0.01157,6.76e-06,0.0805555555555555,0.023,9e-06,0.0031111111111111,0.03605,0.0990777777777777,10000000.0,6.536549274785515e-10,28.0,4.0,,0.08368000150171076,3.55391505191687,0.01849176558014314,0.5420914875913729,0.15728363870435433,1075.1254984279174,1.0
1810.0,0.0115,0.013,500000.0,0.000127,1.0,20.0,300.0,0.002303975425641,1553.888362053054,265.6087782946687,156.6405880759059,0.0,0.0017593889438573,1.2419420124800549,0.1646337896047751,63.5,1.0916667014700837e-08,1.467392314064817e-09,782.0899432478639,5.849147486118845,0.0002174308519,0.00148,6.65847e-07,0.0154111111111111,0.01157,6.76e-06,0.0805555555555555,0.023,9e-06,0.0031111111111111,0.03605,0.0990777777777777,10000000.0,9.363974524907422e-10,32.0,4.0,,0.13700149628819402,3.4571562565969014,0.030739714354822707,0.904256726587086,0.2367917747434531,1624.2016181647439,1.0
1812.0,0.0115,0.013,500000.0,0.000127,1.0,25.0,250.0,0.0020019222616603,1942.3604525663168,220.5130739903045,131.5737864683016,0.0,0.0011822706646203,0.4567265083725644,0.1430501578981057,63.5,9.486948705192263e-09,1.1907629648963872e-09,822.3636984452883,6.370295919436797,0.0001577210745112,0.00148,6.65847e-07,0.0154111111111111,0.01157,6.76e-06,0.0805555555555555,0.023,9e-06,0.0031111111111111,0.03605,0.0990777777777777,10000000.0,7.152838502382897e-10,28.0,4.0,,0.0915696511200148,3.5416383232553925,0.020045781866406067,0.1860566993544438,0.16827722346680904,364.1908711816959,1.0
1813.0,0.0115,0.013,500000.0,0.000127,1.0,25.0,275.0,0.0026693229403017,1942.3604525663168,242.0128264794384,145.8782022259622,0.0,0.0013108045586333,0.8103635282503227,0.1907402077513763,63.5,1.2645978584094845e-08,1.801988528416531e-09,733.3769412931031,5.218793933873948,0.0002306016218249,0.00148,6.65847e-07,0.0154111111111111,0.01157,6.76e-06,0.0805555555555555,0.023,9e-06,0.0031111111111111,0.03605,0.0990777777777777,10000000.0,1.0115105658788596e-09,32.0,4.0,,0.14799107010395424,3.440383818905712,0.03286280773345422,0.43558225039499204,0.2490727747350845,769.7916094199197,1.0
1816.0,0.0115,0.013,500000.0,0.000127,1.0,30.0,250.0,0.0029109736210137,2330.832543079581,220.5130739903045,132.69881844849232,0.0,0.0009936498022171,0.4630303500506048,0.2080076954526058,63.5,1.3789791806131673e-08,2.023299471333008e-09,701.1568505315022,4.801861126405218,0.0002299149550709,0.00148,6.65847e-07,0.0154111111111111,0.01157,6.76e-06,0.0805555555555555,0.023,9e-06,0.0031111111111111,0.03605,0.0990777777777777,10000000.0,1.0075160445664332e-09,32.0,4.0,,0.14740664369901071,3.4412670578845534,0.03275100533106923,0.07156601089898829,0.24843592240419712,126.58375450469391,1.0
1825.0,0.0115,0.013,550000.0,0.000127,1.0,20.0,250.0,0.0010503551424083,1412.6257836845944,220.5130739903045,130.64258090573762,0.0,0.0016141169207324,0.4609549715533163,0.0750545971979875,69.85,4.929270569633373e-09,7.219057253166023e-10,1242.4069145549938,11.0801890284806,9.59935147175724e-05,0.00148,6.65847e-07,0.0154111111111111,0.01157,6.76e-06,0.0805555555555555,0.023,9e-06,0.0031111111111111,0.03605,0.0990777777777777,10000000.0,8.555832235608645e-10,33.0,3.0,,0.1290896159397668,3.5106108023810148,0.02397331615430194,0.22076075841556186,0.19482407988615252,418.3288379706567,1.0
1826.0,0.0115,0.013,550000.0,0.000127,1.0,20.0,275.0,0.0014012022500595,1412.6257836845944,242.0128264794384,144.48114004610443,0.0,0.0017850952672421,0.7829725799310794,0.1001248684611534,69.85,6.4838612502976245e-09,9.346865088250302e-10,1062.13909997619,9.573006841864458,0.0001345038382688,0.00148,6.65847e-07,0.0154111111111111,0.01157,6.76e-06,0.0805555555555555,0.023,9e-06,0.0031111111111111,0.03605,0.0990777777777777,10000000.0,6.962489321840504e-10,32.0,4.0,,0.10186608821345046,3.529649879493381,0.02156330639324304,0.5449316232564755,0.17873932865751527,1053.242040433496,1.0
1827.0,0.0115,0.013,550000.0,0.000127,1.0,20.0,300.0,0.0019041119220173,1412.6257836845944,265.6087782946687,156.64058807590567,0.0,0.001935327838243,1.252626121524366,0.136060983144442,69.85,8.998409610086854e-09,1.1482777785119196e-09,860.9752311930516,6.885945377303527,0.0001974810981461,0.00148,6.65847e-07,0.0154111111111111,0.01157,6.76e-06,0.0805555555555555,0.023,9e-06,0.0031111111111111,0.03605,0.0990777777777777,10000000.0,1.1719905732635223e-09,32.0,4.0,,0.17147041755151324,3.431590115207148,0.03397593478390535,0.9090447208284108,0.25535503015862315,1593.0876017956543,1.0
1830.0,0.0115,0.013,550000.0,0.000127,1.0,25.0,275.0,0.0022060520167782,1765.7822296057432,242.0128264794384,145.87820222596216,0.0,0.0014418850144967,0.7928067299268289,0.1576365353317159,69.85,1.0453162879417223e-08,1.3777111185260583e-09,795.146397762895,6.018099966011526,0.0002092023778514,0.00148,6.65847e-07,0.0154111111111111,0.01157,6.76e-06,0.0805555555555555,0.023,9e-06,0.0031111111111111,0.03605,0.0990777777777777,10000000.0,1.2813581936151569e-09,32.0,4.0,,0.18747166530565665,3.4107947701875063,0.03660825693829033,0.4116485292894563,0.2698012143614892,707.4126523007579,1.0
1833.0,0.0115,0.013,550000.0,0.000127,1.0,30.0,250.0,0.0024057633231518,2118.9386755268915,220.5130739903045,132.6988184484923,0.0,0.0010930147824388,0.4416015719383039,0.1719071863244675,69.85,1.1398463062918738e-08,1.560612724242155e-09,768.5182235797539,5.673527397855552,0.0002087732544296,0.00148,6.65847e-07,0.0154111111111111,0.01157,6.76e-06,0.0805555555555555,0.023,9e-06,0.0031111111111111,0.03605,0.0990777777777777,10000000.0,1.2771915672029756e-09,32.0,4.0,,0.18686205872094797,3.411575971454552,0.03650937070195549,0.04678232689288833,0.2692686667675787,80.4534547365234,1.0
1842.0,0.0115,0.013,600000.0,0.000127,1.0,20.0,275.0,0.0011773991128972,1294.9069683775454,242.0128264794384,144.4811400461044,0.0,0.0019473766551732,0.7882110834538173,0.0841327019708303,76.2,5.4374464515889595e-09,8.164440984722392e-10,1166.180532261656,10.635187031290322,0.0001252041453325,0.00148,6.65847e-07,0.0154111111111111,0.01157,6.76e-06,0.0805555555555555,0.023,9e-06,0.0031111111111111,0.03605,0.0990777777777777,10000000.0,7.751698243093971e-10,36.0,4.0,,0.12758936252553033,3.497637114122553,0.0256155551743604,0.5404390189574566,0.20542842642751874,1010.6129739236793,1.0
1845.0,0.0115,0.013,600000.0,0.000127,1.0,25.0,250.0,0.0013902237928196,1618.633710471932,220.5130739903045,131.5737864683016,0.0,0.0014187247975443,0.4711329248439435,0.0993403874292401,76.2,6.428968964098397e-09,9.300238372722388e-10,1066.5304828721282,9.631665068250667,0.000133489887723,0.00148,6.65847e-07,0.0154111111111111,0.01157,6.76e-06,0.0805555555555555,0.023,9e-06,0.0031111111111111,0.03605,0.0990777777777777,10000000.0,8.423130725654103e-10,36.0,4.0,,0.1386408301836146,3.4821047619667005,0.027581675700417634,0.1971017072310887,0.21776247206976834,362.85589410871063,1.0
1858.0,0.012,0.011,400000.0,0.000127,1.0,20.0,275.0,0.0013173461468187,1783.869235082607,242.0128264794384,169.38221770948235,0.0,0.0016572276348627,0.631745892858889,0.0982255442144743,50.8,6.496160734093649e-09,8.304593993615293e-10,1110.181541272508,11.12461001716312,9.667110810606784e-05,0.00148,6.65847e-07,0.0154111111111111,0.01157,6.76e-06,0.0805555555555555,0.023,9e-06,0.0031111111111111,0.03605,0.0990777777777777,1000000.0,9.907622907700817e-09,22.0,2.0,,0.2908217023340738,3.556574963028183,0.018155067971116136,0.2066486463103408,0.15486332226382415,411.0216166794085,1.0
1859.0,0.012,0.011,400000.0,0.000127,1.0,25.0,250.0,0.0014636451144974,2229.8365438532587,220.5130739903045,148.74912786294843,0.0,0.0011642835650151,0.3687366969097682,0.1091340634012986,50.8,7.227655572487411e-09,8.9259418022334e-10,1051.6619542010071,10.34293024388652,9.751665351489229e-05,0.00148,6.65847e-07,0.0154111111111111,0.01157,6.76e-06,0.0805555555555555,0.023,9e-06,0.0031111111111111,0.03605,0.0990777777777777,10000000.0,1.0013398585954502e-09,22.0,2.0,,0.029392657048477502,3.555150689170952,0.018335355801145314,0.194159976459992,0.15616102936917714,385.5888238578621,1.0
1860.0,0.012,0.011,400000.0,0.000127,1.0,25.0,275.0,0.0020704520528528,2229.8365438532587,242.0128264794384,172.31027747648187,0.0,0.0013487005068957,0.6750972139616712,0.1543795305072801,50.8,1.0242903050170314e-08,1.1849121035642564e-09,827.7263929529489,7.355615315770102,0.000147160855272,0.00148,6.65847e-07,0.0154111111111111,0.01157,6.76e-06,0.0805555555555555,0.023,9e-06,0.0031111111111111,0.03605,0.0990777777777777,1000000.0,3.6348213114496017e-09,24.0,4.0,,0.3988498343445684,3.6097107628167673,0.011429017364966154,0.08581784910982271,0.10342366141559949,181.07981713731547,1.0
1861.0,0.012,0.011,400000.0,0.000127,1.0,30.0,250.0,0.002123962131148,2675.80385262391,220.5130739903045,149.85842667300076,0.0,0.0009774718556958,0.3751310913482283,0.1583694131772162,50.8,1.0496184087433976e-08,1.2339182385692942e-09,820.5917158469302,7.263291523816655,0.000138009130959,0.00148,6.65847e-07,0.0154111111111111,0.01157,6.76e-06,0.0805555555555555,0.023,9e-06,0.0031111111111111,0.03605,0.0990777777777777,10000000.0,5.858676772639395e-10,24.0,3.0,,0.06428740397457618,3.5823896332605614,0.01488738819486568,0.11642427419643582,0.1306310403517449,238.20606646817015,1.0
1862.0,0.012,0.011,400000.0,0.000127,1.0,30.0,275.0,0.0030026680015296,2675.80385262391,242.0128264794384,174.5533745687223,0.0,0.0011385479932333,0.7290920959070165,0.2238885347316582,50.8,1.4655391873907182e-08,2.0386634358409323e-09,703.4309331293753,5.747213421334086,0.0002122992156678,0.00148,6.65847e-07,0.0154111111111111,0.01157,6.76e-06,0.0805555555555555,0.023,9e-06,0.0031111111111111,0.03605,0.0990777777777777,10000000.0,9.748109132709157e-10,24.0,3.0,,0.10696624069267485,3.512592700135306,0.023722443020847327,0.3621873204826834,0.19317915608432637,687.7260902288917,1.0
1863.0,0.012,0.011,400000.0,0.000127,1.0,35.0,250.0,0.0029170834350621,3121.771161394562,220.5130739903045,151.11655741879972,0.0,0.0008448670145504,0.3990120737446401,0.2175070755852242,50.8,1.4250291592627393e-08,1.960282522332945e-09,714.8422086583834,5.89487703837078,0.0001884516951754,0.00148,6.65847e-07,0.0154111111111111,0.01157,6.76e-06,0.0805555555555555,0.023,9e-06,0.0031111111111111,0.03605,0.0990777777777777,10000000.0,8.425903855085429e-10,24.0,3.0,,0.09245764973970112,3.535647565001991,0.02080410569595055,0.052997348419714777,0.17353836203707715,103.08179906080366,1.0
1864.0,0.012,0.011,400000.0,0.000127,1.0,35.0,275.0,0.0041209479777871,3121.771161394562,242.0128264794384,176.5600439831226,0.0,0.0009871172278992,0.7191835671606178,0.3072710682573382,50.8,1.9948583761525803e-08,3.062817786496798e-09,554.3269362950477,3.8177853366983614,0.0002903120276927,0.00148,6.65847e-07,0.0154111111111111,0.01157,6.76e-06,0.0805555555555555,0.023,9e-06,0.0031111111111111,0.03605,0.0990777777777777,10000000.0,8.062368598940072e-10,24.0,4.0,,0.08846856845432263,3.514144316555353,0.023526035879069238,0.287393930448957,0.19188665651882358,546.5816134697416,1.0
1865.0,0.012,0.011,400000.0,0.000127,1.0,40.0,275.0,0.0054334239492251,3567.738470165214,242.0128264794384,178.5243610275269,0.0,0.0008733369671026,0.7073518401729969,0.4051334766108647,50.8,2.58431257969006e-08,4.12657515203032e-09,419.783042030994,2.225978558945516,0.0003759119224938,0.00148,6.65847e-07,0.0154111111111111,0.01157,6.76e-06,0.0805555555555555,0.023,9e-06,0.0031111111111111,0.03605,0.0990777777777777,10000000.0,1.1369842761044127e-09,24.0,4.0,,0.12476156358722613,3.4512726728506293,0.03148447179105966,0.14140679997490607,0.24114529195868256,252.54226763588306,1.0
1866.0,0.012,0.011,450000.0,0.000127,1.0,20.0,275.0,0.0010408660913135,1585.661542295651,242.0128264794384,169.38221770948255,0.0,0.0018643810892205,0.6152739227410505,0.0776103065398316,57.15,5.113760456567827e-09,7.130352785078756e-10,1220.7735634745736,12.60185124812888,8.797596108873625e-05,0.00148,6.65847e-07,0.0154111111111111,0.01157,6.76e-06,0.0805555555555555,0.023,9e-06,0.0031111111111111,0.03605,0.0990777777777777,1000000.0,2.602430084620121e-09,28.0,4.0,,0.3331595070034177,3.629432747237955,0.008932563640765216,0.16845410919780113,0.0827010036580784,363.6617935647012,1.0
1867.0,0.012,0.011,450000.0,0.000127,1.0,25.0,250.0,0.0011564603373807,1982.0769278695643,220.5130739903045,148.74912786294846,0.0,0.001309819010642,0.3750206148045033,0.0862293834281866,57.15,5.6917316869036384e-09,7.621294263493062e-10,1174.535865047709,11.984227723564652,8.868083785153773e-05,0.00148,6.65847e-07,0.0154111111111111,0.01157,6.76e-06,0.0805555555555555,0.023,9e-06,0.0031111111111111,0.03605,0.0990777777777777,10000000.0,4.7019595574548e-10,27.0,3.0,,0.0580440572900546,3.6007699506482553,0.012560765740727259,0.194697174086262,0.1125128055674178,406.6557260660605,1.0
1868.0,0.012,0.011,450000.0,0.000127,1.0,25.0,275.0,0.0016359127331183,1982.0769278695643,242.0128264794384,172.31027747648176,0.0,0.0015172880702577,0.6928561896584297,0.1219788883020485,57.15,8.08899366559164e-09,9.657581327954183e-10,982.7549067526686,9.422499189566778,0.0001326883501262,0.00148,6.65847e-07,0.0154111111111111,0.01157,6.76e-06,0.0805555555555555,0.023,9e-06,0.0031111111111111,0.03605,0.0990777777777777,1000000.0,4.076238419988746e-09,28.0,4.0,,0.5218344156323704,3.592065204674983,0.013662632319622437,0.012992885724010694,0.12118664734161283,26.872459327320644,1.0
1869.0,0.012,0.011,450000.0,0.000127,1.0,30.0,250.0,0.0016781923011539,2378.492313443477,220.5130739903045,149.85842667300076,0.0,0.0010996558376578,0.3680722784754335,0.1251313881894055,57.15,8.300391505769974e-09,9.837147304154143e-10,965.843079538402,9.196598189165172,0.0001243865133428,0.00148,6.65847e-07,0.0154111111111111,0.01157,6.76e-06,0.0805555555555555,0.023,9e-06,0.0031111111111111,0.03605,0.0990777777777777,10000000.0,6.906991190478252e-10,27.0,3.0,,0.0852644067783171,3.557686846047531,0.018014323285122712,0.12162648350771078,0.15384746811781644,242.20436033136588,1.0
1870.0,0.012,0.011,450000.0,0.000127,1.0,30.0,275.0,0.0023724784209617,2378.492313443477,242.0128264794384,174.5533745687224,0.0,0.0012808664923875,0.6894487195985419,0.1768995829978537,57.15,1.1672494525885524e-08,1.461516912269381e-09,787.4562105384359,6.834513114798942,0.0001892932099696,0.00148,6.65847e-07,0.0154111111111111,0.01157,6.76e-06,0.0805555555555555,0.023,9e-06,0.0031111111111111,0.03605,0.0990777777777777,10000000.0,6.125309486705991e-10,28.0,4.0,,0.0784153665028127,3.5429367746372566,0.019881420931992855,0.39808377009787554,0.16712806699798255,780.2932451018573,1.0
1871.0,0.012,0.011,450000.0,0.000127,1.0,35.0,250.0,0.0023048560474564,2774.90769901739,220.5130739903045,151.11655741879974,0.0,0.0009504753913692,0.3983752670311559,0.1718574424377081,57.15,1.1352415291294076e-08,1.3995863139420812e-09,796.4725270058007,6.951185602334111,0.0001682006729379,0.00148,6.65847e-07,0.0154111111111111,0.01157,6.76e-06,0.0805555555555555,0.023,9e-06,0.0031111111111111,0.03605,0.0990777777777777,10000000.0,9.955145889932364e-10,27.0,3.0,,0.12289281762322782,3.5013837996226846,0.025141291187001976,0.06757500697021998,0.20239478041918335,126.84671806073507,1.0
1873.0,0.012,0.011,450000.0,0.000127,1.0,40.0,250.0,0.0030413993473707,3171.323084591302,220.5130739903045,152.53531806785412,0.0,0.0008394740790668,0.4036628097182533,0.2267764678178713,57.15,1.4838720244221332e-08,2.074134764302512e-09,698.2667536839061,5.680388164682798,0.0002209024474,0.00148,6.65847e-07,0.0154111111111111,0.01157,6.76e-06,0.0805555555555555,0.023,9e-06,0.0031111111111111,0.03605,0.0990777777777777,10000000.0,7.376338151908079e-10,28.0,4.0,,0.09443086278104262,3.514440847312157,0.023488500340233354,0.04640547911933929,0.19163917433813088,88.28352559045678,1.0
1874.0,0.012,0.011,450000.0,0.000127,1.0,40.0,275.0,0.004293075712968,3171.323084591302,242.0128264794384,178.52436102752694,0.0,0.0009825040879904,0.7361005604590594,0.3201054630011772,57.15,2.0763321708048643e-08,3.220457530207504e-09,531.3765716042637,3.520804175044913,0.0003400717297853,0.00148,6.65847e-07,0.0154111111111111,0.01157,6.76e-06,0.0805555555555555,0.023,9e-06,0.0031111111111111,0.03605,0.0990777777777777,10000000.0,1.3071200668760863e-09,28.0,4.0,,0.1673357065952758,3.3972820105961956,0.03831873283592463,0.21260939086260627,0.2788916011386912,360.8179590733439,1.0
1875.0,0.012,0.011,500000.0,0.000127,1.0,25.0,275.0,0.0013250893138258,1783.8692350826077,242.0128264794384,172.31027747648173,0.0,0.0016858756336197,0.657108225878703,0.0988028995246593,63.5,6.5348765691292314e-09,8.337480075642886e-10,1107.0842744696615,11.08323804354909,0.0001214854080271,0.00148,6.65847e-07,0.0154111111111111,0.01157,6.76e-06,0.0805555555555555,0.023,9e-06,0.0031111111111111,0.03605,0.0990777777777777,10000000.0,8.820970625506574e-10,30.0,3.0,,0.12099090888110578,3.51402131725584,0.02354160541065315,0.40126441747293795,0.19198926628489438,763.0498802456112,1.0
1876.0,0.012,0.011,500000.0,0.000127,1.0,30.0,250.0,0.0013593357639347,2140.643082099129,220.5130739903045,149.8584266730007,0.0,0.0012218398196197,0.3844886809730315,0.1013564244334185,63.5,6.706108819673679e-09,8.482928516364854e-10,1093.3856944261056,10.900258233223788,0.0001139637371753,0.00148,6.65847e-07,0.0154111111111111,0.01157,6.76e-06,0.0805555555555555,0.023,9e-06,0.0031111111111111,0.03605,0.0990777777777777,10000000.0,8.154677919182779e-10,30.0,3.0,,0.11185185111280739,3.5268895179827493,0.021912719242690008,0.1352304054268056,0.18111107716982996,260.6180524406263,1.0
1877.0,0.012,0.011,500000.0,0.000127,1.0,30.0,275.0,0.001921707520979,2140.643082099129,242.0128264794384,174.55337456872232,0.0,0.0014231849915417,0.6864381621617469,0.1432886622282614,63.5,9.517967604895004e-09,1.087138322942512e-09,868.4369916083997,7.895489064183571,0.0001712729958388,0.00148,6.65847e-07,0.0154111111111111,0.01157,6.76e-06,0.0805555555555555,0.023,9e-06,0.0031111111111111,0.03605,0.0990777777777777,10000000.0,7.957318242880542e-10,28.0,4.0,,0.10186848970639535,3.5259544843985813,0.022031077924230216,0.4052310102270901,0.1819113705313042,780.2040085419875,1.0
1878.0,0.012,0.011,500000.0,0.000127,1.0,35.0,250.0,0.0018669333984397,2497.4169291156504,220.5130739903045,151.1165574187997,0.0,0.001056083768188,0.3898984781553666,0.1392045283745435,63.5,9.244096992198804e-09,1.063875150584749e-09,890.3466406240957,8.188148844134405,0.0001525514611982,0.00148,6.65847e-07,0.0154111111111111,0.01157,6.76e-06,0.0805555555555555,0.023,9e-06,0.0031111111111111,0.03605,0.0990777777777777,10000000.0,6.857259489006345e-10,28.0,4.0,,0.08778568939289454,3.54749755878764,0.019304106482577226,0.12685826038792847,0.1630663897874956,249.8704558417585,1.0
1879.0,0.012,0.011,500000.0,0.000127,1.0,35.0,275.0,0.0026374067057837,2497.4169291156504,242.0128264794384,176.56004398312257,0.0,0.001233896534874,0.6802920455197156,0.1966534836846965,63.5,1.2926488407376518e-08,1.7041461833579512e-09,752.1324392288304,6.377418215486951,0.0002334681197943,0.00148,6.65847e-07,0.0154111111111111,0.01157,6.76e-06,0.0805555555555555,0.023,9e-06,0.0031111111111111,0.03605,0.0990777777777777,10000000.0,1.0282826125007026e-09,32.0,4.0,,0.1504449378252898,3.4366858652016887,0.03333090313902685,0.29714362400972916,0.2517274766899115,523.2766580557409,1.0
1880.0,0.012,0.011,500000.0,0.000127,1.0,40.0,250.0,0.0024635334713702,2854.190776132172,220.5130739903045,152.53531806785404,0.0,0.0009327489767409,0.3776704735370718,0.1836889389324757,63.5,1.210348843115261e-08,1.544907859085034e-09,775.3155371506307,6.677410980059735,0.0001995044146948,0.00148,6.65847e-07,0.0154111111111111,0.01157,6.76e-06,0.0805555555555555,0.023,9e-06,0.0031111111111111,0.03605,0.0990777777777777,10000000.0,8.389188592987095e-10,32.0,4.0,,0.12273969635713465,3.479451512846003,0.02791753001949325,0.035191838247461346,0.219831193008008,64.61534739226168,1.0
1882.0,0.012,0.011,550000.0,0.000127,1.0,25.0,275.0,0.0010951151353932,1621.6993046205523,242.0128264794384,172.31027747648173,0.0,0.0018544631969817,0.6635449365114477,0.0816552888633547,69.85,5.385005676966302e-09,7.360754442680071e-10,1199.0739458426956,12.311996978139748,0.0001125096437668,0.00148,6.65847e-07,0.0154111111111111,0.01157,6.76e-06,0.0805555555555555,0.023,9e-06,0.0031111111111111,0.03605,0.0990777777777777,10000000.0,1.0489006486841438e-09,33.0,3.0,,0.15825717261504502,3.472259364739475,0.028827928513990568,0.387582475033048,0.22538422522159102,706.5706887338696,1.0
1883.0,0.012,0.011,550000.0,0.000127,1.0,30.0,250.0,0.0011234179867229,1946.0391655446624,220.5130739903045,149.8584266730007,0.0,0.0013440238015817,0.3840445979580912,0.0837656400276185,69.85,5.5265199336146105e-09,7.480959765590786e-10,1187.752805310831,12.160773994399824,0.0001056232287148,0.00148,6.65847e-07,0.0154111111111111,0.01157,6.76e-06,0.0805555555555555,0.023,9e-06,0.0031111111111111,0.03605,0.0990777777777777,10000000.0,9.658252920502849e-10,33.0,3.0,,0.1457228386232085,3.4885590927193317,0.026764671807679552,0.11850611930726418,0.21268397028066563,219.58113162562262,1.0
1884.0,0.012,0.011,550000.0,0.000127,1.0,30.0,275.0,0.0015881880338669,1946.0391655446624,242.0128264794384,174.55337456872238,0.0,0.0015655034906959,0.713451673939784,0.1184203820068276,69.85,7.850370169334714e-09,9.454889280516631e-10,1001.8447864532228,9.677493689407909,0.0001577934851113,0.00148,6.65847e-07,0.0154111111111111,0.01157,6.76e-06,0.0805555555555555,0.023,9e-06,0.0031111111111111,0.03605,0.0990777777777777,10000000.0,8.548364206762373e-10,32.0,4.0,,0.1250685469111167,3.495506103747812,0.025885303323061833,0.43391274502183963,0.20714360669591342,809.6588879004325,1.0
1885.0,0.012,0.011,550000.0,0.000127,1.0,35.0,250.0,0.0015429201639998,2270.379026468773,220.5130739903045,151.1165574187997,0.0,0.0011616921450068,0.3898984781553666,0.1150450647723499,69.85,7.624030819999008e-09,9.262631657725195e-10,1019.9519344000792,9.91936127614414,0.0001407158524296,0.00148,6.65847e-07,0.0154111111111111,0.01157,6.76e-06,0.0805555555555555,0.023,9e-06,0.0031111111111111,0.03605,0.0990777777777777,10000000.0,7.369640856046142e-10,32.0,4.0,,0.10782299991305355,3.520736402435781,0.022691594628382203,0.13098041346996306,0.18634894949359462,250.81279916288366,1.0
1887.0,0.012,0.011,550000.0,0.000127,1.0,40.0,250.0,0.0020359780755126,2594.7188873928835,220.5130739903045,152.53531806785412,0.0,0.001026023874415,0.3784596429801502,0.1518090404400625,69.85,1.0079726224093062e-08,1.1533398008967221e-09,832.3229232649842,7.415095107487385,0.000182071507872,0.00148,6.65847e-07,0.0154111111111111,0.01157,6.76e-06,0.0805555555555555,0.023,9e-06,0.0031111111111111,0.03605,0.0990777777777777,10000000.0,1.0403583585738412e-09,32.0,4.0,,0.1522117039313014,3.4574443881957913,0.030703242000532788,0.03838889860878619,0.23657729036941988,68.97248534894513,1.0
1890.0,0.012,0.011,600000.0,0.000127,1.0,35.0,250.0,0.0012964815266942,2081.1807742630426,220.5130739903045,151.11655741879974,0.0,0.0012673005218256,0.3959946822135184,0.0966698113712108,76.2,6.391837633471395e-09,8.215979656838541e-10,1118.5273893222884,11.236090308426665,0.0001310203888563,0.00148,6.65847e-07,0.0154111111111111,0.01157,6.76e-06,0.0805555555555555,0.023,9e-06,0.0031111111111111,0.03605,0.0990777777777777,10000000.0,8.219915505324089e-10,36.0,4.0,,0.1352960017854644,3.4867759351841694,0.026990387951371,0.12797886905684322,0.21409360400593544,236.70871062928288,1.0
1894.0,0.012,0.0115,400000.0,0.000127,1.0,20.0,250.0,0.0011563367259514,1783.869235082607,220.5130739903045,146.85644927502753,0.0,0.0014368365781691,0.4607556692240715,0.0862201665644637,50.8,5.691113629757291e-09,7.620769272155694e-10,1174.5853096194166,11.98488818313958,7.881989010803088e-05,0.00148,6.65847e-07,0.0154111111111111,0.01157,6.76e-06,0.0805555555555555,0.023,9e-06,0.0031111111111111,0.03605,0.0990777777777777,1000000.0,7.773950283759164e-09,22.0,2.0,,0.22819131051364874,3.585760895363348,0.014460646156538262,0.11029419214595884,0.12736345684086658,226.51198629791244,1.0
1895.0,0.012,0.0115,400000.0,0.000127,1.0,20.0,275.0,0.0016286792494676,1783.869235082607,242.0128264794384,167.58908998370262,0.0,0.0016396837577061,0.7907245901795424,0.1214395366139049,50.8,8.052826247338157e-09,9.626859927206471e-10,985.6483002129472,9.46114790971696,0.000117462283141,0.00148,6.65847e-07,0.0154111111111111,0.01157,6.76e-06,0.0805555555555555,0.023,9e-06,0.0031111111111111,0.03605,0.0990777777777777,1000000.0,4.8893346892274374e-09,24.0,3.0,,0.5365078950953418,3.6007557253929545,0.012562566405955194,0.09672715847029578,0.11252711999239505,202.02665296836184,1.0
1896.0,0.012,0.0115,400000.0,0.000127,1.0,25.0,250.0,0.0018188524857269,2229.8365438532587,220.5130739903045,147.9918071308121,0.0,0.0011583558927353,0.4763868116233278,0.1356194616637559,50.8,9.003692428634766e-09,1.0434546580655803e-09,909.5790057092186,8.445046603186317,0.0001191183012326,0.00148,6.65847e-07,0.0154111111111111,0.01157,6.76e-06,0.0805555555555555,0.023,9e-06,0.0031111111111111,0.03605,0.0990777777777777,10000000.0,4.965991684756887e-10,24.0,3.0,,0.054491948602333695,3.5992884257387114,0.012748300539403661,0.2502254013572381,0.11400114115818874,521.7587074609164,1.0
1897.0,0.012,0.0115,400000.0,0.000127,1.0,25.0,275.0,0.0025605346516895,2229.8365438532587,242.0128264794384,170.59667869506478,0.0,0.0013352878911252,0.8277397385532251,0.1909216573408581,50.8,1.2562627351330526e-08,1.633744450056838e-09,762.3820464413936,6.5100496702586,0.0001814022383139,0.00148,6.65847e-07,0.0154111111111111,0.01157,6.76e-06,0.0805555555555555,0.023,9e-06,0.0031111111111111,0.03605,0.0990777777777777,1000000.0,4.597778612462707e-09,24.0,4.0,,0.5045153752557933,3.5876853274681104,0.014217047155935459,0.09625270595657376,0.12548717175964222,198.09991116173939,1.0
1898.0,0.012,0.0115,400000.0,0.000127,1.0,30.0,250.0,0.0026403239371038,2675.80385262391,220.5130739903045,149.19884257279963,0.0,0.0009731696291962,0.4730583827450064,0.1968710017870623,50.8,1.2940296635624924e-08,1.706817871317825e-09,751.7434750528191,6.372384960704738,0.0001708484345252,0.00148,6.65847e-07,0.0154111111111111,0.01157,6.76e-06,0.0805555555555555,0.023,9e-06,0.0031111111111111,0.03605,0.0990777777777777,10000000.0,7.497086969437687e-10,24.0,3.0,,0.08226571926405149,3.5522496847928444,0.018702571545209618,0.1578716616938926,0.15879195173654845,312.5451384061759,1.0
1899.0,0.012,0.0115,400000.0,0.000127,1.0,30.0,275.0,0.0037147351152834,2675.80385262391,242.0128264794384,172.90748278926242,0.0,0.0011278124415019,0.8321784215178152,0.2769825373479059,50.8,1.8025842879008522e-08,2.690795860630078e-09,608.4886512955346,4.518646053061913,0.0002620109984853,0.00148,6.65847e-07,0.0154111111111111,0.01157,6.76e-06,0.0805555555555555,0.023,9e-06,0.0031111111111111,0.03605,0.0990777777777777,10000000.0,7.09456983505854e-10,24.0,4.0,,0.07784888887235482,3.5338401513648354,0.021032892232299268,0.44129699529755445,0.17511260432178646,856.7039841165271,1.0
1900.0,0.012,0.0115,400000.0,0.000127,1.0,35.0,250.0,0.0036276894417478,3121.771161394562,220.5130739903045,150.53653943370614,0.0,0.0008416242324766,0.4697864289564541,0.2704921333829319,50.8,1.7613826690939736e-08,2.611076821435916e-09,620.0947411002892,4.668830596048907,0.0002336210227737,0.00148,6.65847e-07,0.0154111111111111,0.01157,6.76e-06,0.0805555555555555,0.023,9e-06,0.0031111111111111,0.03605,0.0990777777777777,10000000.0,6.17450751091975e-10,24.0,4.0,,0.06775302241494471,3.553157315600498,0.018587681569557292,0.0954912731585775,0.15797058603824066,189.23266030888576,1.0
1901.0,0.012,0.0115,400000.0,0.000127,1.0,35.0,275.0,0.0051003027576945,3121.771161394562,242.0128264794384,174.97875891794482,0.0,0.0009782765315851,0.8811695554199227,0.3802948945825275,50.8,2.451064103077805e-08,3.9277471051685794e-09,433.1078896922195,2.2837231187702023,0.0003570077093971,0.00148,6.65847e-07,0.0154111111111111,0.01157,6.76e-06,0.0805555555555555,0.023,9e-06,0.0031111111111111,0.03605,0.0990777777777777,10000000.0,1.0582397254995143e-09,24.0,4.0,,0.11612090472859965,3.465652133915308,0.029664286846163568,0.34870375610879534,0.23041642941499876,631.5642835170497,1.0
1903.0,0.012,0.0115,450000.0,0.000127,1.0,20.0,275.0,0.0012868576785917,1585.661542295651,242.0128264794384,167.5890899837027,0.0,0.0018446442274194,0.7714344265330337,0.0959522264603693,57.15,6.343718392958547e-09,8.175106115323633e-10,1122.376928563316,11.287510817554136,0.0001064638488092,0.00148,6.65847e-07,0.0154111111111111,0.01157,6.76e-06,0.0805555555555555,0.023,9e-06,0.0031111111111111,0.03605,0.0990777777777777,1000000.0,3.197920516022142e-09,28.0,4.0,,0.4093933700084674,3.6141200995783995,0.01087087347108868,0.2300388300641969,0.0988722767183628,487.85712235111254,1.0
1904.0,0.012,0.0115,450000.0,0.000127,1.0,25.0,250.0,0.0014371180134138,1982.0769278695643,220.5130739903045,147.99180713081216,0.0,0.0013031503793272,0.4474620735707987,0.1071561178577825,57.15,7.0950200670694516e-09,8.813278285950269e-10,1062.272794634444,10.48466534078918,0.0001078908169137,0.00148,6.65847e-07,0.0154111111111111,0.01157,6.76e-06,0.0805555555555555,0.023,9e-06,0.0031111111111111,0.03605,0.0990777777777777,10000000.0,5.861212369247257e-10,27.0,3.0,,0.07235463053066356,3.577862565387557,0.01546043476106881,0.23190132518235257,0.13498058349588166,472.10025480208606,1.0
1905.0,0.012,0.0115,450000.0,0.000127,1.0,25.0,275.0,0.0020231384902238,1982.0769278695643,242.0128264794384,170.59667869506455,0.0,0.0015021988775158,0.8477016946654984,0.1508516798742582,57.15,1.001895218705951e-08,1.141580923501699e-09,834.0348679701547,7.437247928763997,0.0001618386570521,0.00148,6.65847e-07,0.0154111111111111,0.01157,6.76e-06,0.0805555555555555,0.023,9e-06,0.0031111111111111,0.03605,0.0990777777777777,1000000.0,5.1033484264391264e-09,28.0,4.0,,0.6533236208216179,3.5670446489914127,0.016829791266909845,0.007476393969622297,0.14520010561537366,15.040483130982935,1.0
1906.0,0.012,0.0115,450000.0,0.000127,1.0,30.0,250.0,0.0020861818762302,2378.492313443477,220.5130739903045,149.19884257279966,0.0,0.0010948158328458,0.4760382878697003,0.1555523964737283,57.15,1.031735754748966e-08,1.199317947707913e-09,825.6290831693053,7.328475812573287,0.0001525580815315,0.00148,6.65847e-07,0.0154111111111111,0.01157,6.76e-06,0.0805555555555555,0.023,9e-06,0.0031111111111111,0.03605,0.0990777777777777,10000000.0,8.81679037489818e-10,27.0,3.0,,0.10884021425144116,3.5219879856966116,0.02253316636751752,0.17559567714453075,0.18528896824118002,336.6840678267828,1.0
1907.0,0.012,0.0115,450000.0,0.000127,1.0,30.0,275.0,0.0029350993503474,2378.492313443477,242.0128264794384,172.90748278926245,0.0,0.0012687889966896,0.8475233523827967,0.2188503998798271,57.15,1.433556692497794e-08,1.9767820380287073e-09,712.4400866203398,5.86379321888019,0.0002335252864545,0.00148,6.65847e-07,0.0154111111111111,0.01157,6.76e-06,0.0805555555555555,0.023,9e-06,0.0031111111111111,0.03605,0.0990777777777777,10000000.0,7.900741408581302e-10,28.0,4.0,,0.10114420088363912,3.502814549079047,0.02496018366088014,0.49147875161933047,0.20123019897601294,923.9139664621924,1.0
1908.0,0.012,0.0115,450000.0,0.000127,1.0,35.0,250.0,0.0028663225218748,2774.90769901739,220.5130739903045,150.5365394337061,0.0,0.0009468272615362,0.4841625922754792,0.2137221794630573,57.15,1.4010023270207529e-08,1.913794155208626e-09,721.6103304166893,5.982457549141522,0.0002083761340874,0.00148,6.65847e-07,0.0154111111111111,0.01157,6.76e-06,0.0805555555555555,0.023,9e-06,0.0031111111111111,0.03605,0.0990777777777777,10000000.0,6.87036597819757e-10,28.0,4.0,,0.08795347685828316,3.525834868721037,0.022046219149235782,0.14643693595413876,0.1820136365093725,281.90439410406236,1.0
1912.0,0.012,0.0115,500000.0,0.000127,1.0,20.0,275.0,0.0010423547196592,1427.095388066086,242.0128264794384,167.58908998370254,0.0,0.0020496046971326,0.7901741853904359,0.0777213034328991,63.5,5.121203598296422e-09,7.136675153412144e-10,1220.178112136286,12.593897462218854,9.787538631753728e-05,0.00148,6.65847e-07,0.0154111111111111,0.01157,6.76e-06,0.0805555555555555,0.023,9e-06,0.0031111111111111,0.03605,0.0990777777777777,1000000.0,4.042523184520126e-09,28.0,4.0,,0.5175182377286442,3.6060610190444966,0.011891010247532056,0.1588846442288926,0.10715634962887001,333.85853920975035,1.0
1913.0,0.012,0.0115,500000.0,0.000127,1.0,25.0,250.0,0.0011640655908652,1783.8692350826077,220.5130739903045,147.99180713081213,0.0,0.0014479448659192,0.4546341235175593,0.0867964554648039,63.5,5.729757954326256e-09,7.653594611619715e-10,1171.4937636538994,11.943592626039235,9.911270435952165e-05,0.00148,6.65847e-07,0.0154111111111111,0.01157,6.76e-06,0.0805555555555555,0.023,9e-06,0.0031111111111111,0.03605,0.0990777777777777,10000000.0,6.899508594204421e-10,30.0,3.0,,0.09463559636305367,3.551616726000816,0.018782692911289124,0.2371520716897017,0.15936380366951544,469.18072007956715,1.0
1914.0,0.012,0.0115,500000.0,0.000127,1.0,25.0,275.0,0.0016387421770813,1783.8692350826077,242.0128264794384,170.59667869506464,0.0,0.0016691098639065,0.8110176040701264,0.1221898606981492,63.5,8.103140885406555e-09,9.66959828770381e-10,981.6231291674752,9.40738138558924,0.0001476676193424,0.00148,6.65847e-07,0.0154111111111111,0.01157,6.76e-06,0.0805555555555555,0.023,9e-06,0.0031111111111111,0.03605,0.0990777777777777,10000000.0,6.583352716398386e-10,28.0,4.0,,0.08427917270042842,3.552974571998676,0.0186108136710537,0.5684985706715487,0.1581360898447434,1126.357921776461,1.0
1915.0,0.012,0.0115,500000.0,0.000127,1.0,30.0,250.0,0.0016898073197464,2140.643082099129,220.5130739903045,149.1988425727996,0.0,0.0012164620364953,0.4712561529295768,0.1259974411437199,63.5,8.358466598732345e-09,9.886477565768427e-10,961.1970721014123,9.134538796375022,0.0001390901283897,0.00148,6.65847e-07,0.0154111111111111,0.01157,6.76e-06,0.0805555555555555,0.023,9e-06,0.0031111111111111,0.03605,0.0990777777777777,10000000.0,1.0472879206744138e-09,30.0,3.0,,0.1436489506225103,3.482861662458545,0.027485865511576543,0.1655597611633465,0.21717030892305614,305.01923600149274,1.0
1916.0,0.012,0.0115,500000.0,0.000127,1.0,30.0,275.0,0.0023774304737814,2140.643082099129,242.0128264794384,172.90748278926245,0.0,0.0014097655518774,0.8660305607422746,0.1772688239026599,63.5,1.169593424256546e-08,1.466052150803252e-09,786.795936829142,6.825969073959621,0.0002107583264098,0.00148,6.65847e-07,0.0154111111111111,0.01157,6.76e-06,0.0805555555555555,0.023,9e-06,0.0031111111111111,0.03605,0.0990777777777777,10000000.0,8.995023347899104e-10,32.0,4.0,,0.13160348253100373,3.4655235486491525,0.029680563462132638,0.5211082543086109,0.23051371411216007,943.7000651179568,1.0
1917.0,0.012,0.0115,500000.0,0.000127,1.0,35.0,250.0,0.0023217212427186,2497.4169291156504,220.5130739903045,150.5365394337061,0.0,0.0010520302905958,0.4890325192604546,0.1731149653650764,63.5,1.1432243882201432e-08,1.4150319657189862e-09,794.2238343041851,6.9220871814713,0.0001882303240636,0.00148,6.65847e-07,0.0154111111111111,0.01157,6.76e-06,0.0805555555555555,0.023,9e-06,0.0031111111111111,0.03605,0.0990777777777777,10000000.0,9.031892310747026e-10,28.0,4.0,,0.11562503858756587,3.505586418363636,0.02460931413118531,0.16424251530781223,0.19896428763397897,309.6297018404925,1.0
1921.0,0.012,0.0115,550000.0,0.000127,1.0,25.0,275.0,0.0013543323777531,1621.6993046205523,242.0128264794384,170.5966786950647,0.0,0.0018360208502971,0.8249635009550441,0.1009833559488835,69.85,6.681091888765742e-09,8.461678584879172e-10,1095.3870488987404,10.926991475693594,0.0001363197312928,0.00148,6.65847e-07,0.0154111111111111,0.01157,6.76e-06,0.0805555555555555,0.023,9e-06,0.0031111111111111,0.03605,0.0990777777777777,10000000.0,7.080400922629839e-10,32.0,4.0,,0.10359121739816862,3.5270578203590177,0.021891415144428116,0.584338927607992,0.18096686119503405,1126.3450163493194,1.0
1922.0,0.012,0.0115,550000.0,0.000127,1.0,30.0,250.0,0.001396534974997,1946.0391655446624,220.5130739903045,149.1988425727996,0.0,0.0013381082401449,0.4678184614110934,0.1041301166477023,69.85,6.892104874985408e-09,8.640917657659852e-10,1078.5060100011672,10.701501732541342,0.0001284718733404,0.00148,6.65847e-07,0.0154111111111111,0.01157,6.76e-06,0.0805555555555555,0.023,9e-06,0.0031111111111111,0.03605,0.0990777777777777,10000000.0,6.577121696994861e-10,32.0,4.0,,0.09622789034304324,3.53818301691903,0.02048316241531266,0.23141045442034774,0.17131985063209143,451.3101067946251,1.0
1923.0,0.012,0.0115,550000.0,0.000127,1.0,30.0,275.0,0.001964818573373,1946.0391655446624,242.0128264794384,172.90748278926236,0.0,0.0015507421070651,0.8472305848429268,0.1465031602501321,69.85,9.733522866865427e-09,1.1054480611158567e-09,851.1925706507656,7.665145417910399,0.0001923545398232,0.00148,6.65847e-07,0.0154111111111111,0.01157,6.76e-06,0.0805555555555555,0.023,9e-06,0.0031111111111111,0.03605,0.0990777777777777,10000000.0,1.1268000294241866e-09,32.0,4.0,,0.16485872493359954,3.4403623483620946,0.03286552552378552,0.4998186996591951,0.24908824246024572,883.2965888904387,1.0
1924.0,0.012,0.0115,550000.0,0.000127,1.0,35.0,250.0,0.0019187778865443,2270.379026468773,220.5130739903045,150.53653943370622,0.0,0.0011572333196554,0.4734466580965041,0.1430702193099806,69.85,9.503319432721545e-09,1.08589407497212e-09,869.6088453822765,7.911142188857162,0.0001721396413871,0.00148,6.65847e-07,0.0154111111111111,0.01157,6.76e-06,0.0805555555555555,0.023,9e-06,0.0031111111111111,0.03605,0.0990777777777777,10000000.0,9.615865239173896e-10,32.0,4.0,,0.14068683360557105,3.473366561099507,0.028687777076011806,0.15363960518095243,0.22453451643395678,280.3953472547925,1.0
1928.0,0.012,0.0115,600000.0,0.000127,1.0,25.0,275.0,0.0011380154007509,1486.5576959021737,242.0128264794384,170.59667869506478,0.0,0.0020029318366878,0.8098319610215182,0.0848540699292702,76.2,5.5995070037545535e-09,7.5429565886832e-10,1181.9138396996357,12.082779573325862,0.0001270369281476,0.00148,6.65847e-07,0.0154111111111111,0.01157,6.76e-06,0.0805555555555555,0.023,9e-06,0.0031111111111111,0.03605,0.0990777777777777,10000000.0,7.897706651487782e-10,36.0,4.0,,0.12999259329717838,3.494235317183563,0.02604616238182745,0.5589352977950696,0.20816290110912092,1041.603740565456,1.0
1929.0,0.012,0.0115,600000.0,0.000127,1.0,30.0,250.0,0.0011734773053794,1783.869235082608,220.5130739903045,149.19884257279958,0.0,0.0014597544437944,0.4760382878697003,0.0874982230164722,76.2,5.776816526897464e-09,7.693567198450297e-10,1167.729077848203,11.893305553038209,0.000119794245838,0.00148,6.65847e-07,0.0154111111111111,0.01157,6.76e-06,0.0805555555555555,0.023,9e-06,0.0031111111111111,0.03605,0.0990777777777777,10000000.0,7.328582834243196e-10,36.0,4.0,,0.12062507888122115,3.5075721067308274,0.024357961173312983,0.23186498597200694,0.1973331336636986,438.00155772976655,1.0
1930.0,0.012,0.0115,600000.0,0.000127,1.0,30.0,275.0,0.0016509933845704,1783.869235082608,242.0128264794384,172.90748278926242,0.0,0.0016917186622529,0.858535831418686,0.1231033499324027,76.2,8.164396922852208e-09,9.72163051354297e-10,976.7226461718232,9.341922816438592,0.0001784279696777,0.00148,6.65847e-07,0.0154111111111111,0.01157,6.76e-06,0.0805555555555555,0.023,9e-06,0.0031111111111111,0.03605,0.0990777777777777,10000000.0,1.2720353168046432e-09,36.0,4.0,,0.20937112112904782,3.389006720451996,0.03936623791746881,0.4900113603572353,0.2843477034364907,825.3028913532065,1.0
1935.0,0.012,0.012,400000.0,0.000127,1.0,20.0,250.0,0.0014139629250816,1783.869235082607,220.5130739903045,145.03886950088,0.0,0.0014190534633237,0.586813589097152,0.1054296003754516,50.8,6.979244625408485e-09,8.714936078743724e-10,1071.534829967321,10.60838367240074,9.449432852179343e-05,0.00148,6.65847e-07,0.0154111111111111,0.01157,6.76e-06,0.0805555555555555,0.023,9e-06,0.0031111111111111,0.03605,0.0990777777777777,1000000.0,9.637400623806873e-09,22.0,2.0,,0.28288977907228363,3.560223085841196,0.017693280273266356,0.16244420964941675,0.15152110949900022,324.37727857640107,1.0
1936.0,0.012,0.012,400000.0,0.000127,1.0,20.0,275.0,0.0019842977233665,1783.869235082607,242.0128264794384,165.1065256782208,0.0,0.0016153944655478,0.924517825670809,0.147955588006923,50.8,9.830918616832632e-09,1.1137210703887207e-09,843.4009106533892,7.561067735120947,0.0001411934838564,0.00148,6.65847e-07,0.0154111111111111,0.01157,6.76e-06,0.0805555555555555,0.023,9e-06,0.0031111111111111,0.03605,0.0990777777777777,1000000.0,6.012572924802038e-09,24.0,3.0,,0.6597611022825052,3.579510915378403,0.015251782863493369,0.08075113538138068,0.13340191966055479,164.69162266139568,1.0
1937.0,0.012,0.012,400000.0,0.000127,1.0,25.0,250.0,0.0022248338047173,2229.8365438532587,220.5130739903045,146.2931608100042,0.0,0.0011450603123006,0.5758285883094513,0.1658907279479033,50.8,1.0973643342328958e-08,1.3262995433743231e-09,807.1421593710153,7.089252245584843,0.0001444229462598,0.00148,6.65847e-07,0.0154111111111111,0.01157,6.76e-06,0.0805555555555555,0.023,9e-06,0.0031111111111111,0.03605,0.0990777777777777,10000000.0,6.16969585926451e-10,24.0,3.0,,0.06770022404327315,3.57658218800084,0.015622507847994953,0.30618763631827484,0.13620286787223695,622.450122189816,1.0
1938.0,0.012,0.012,400000.0,0.000127,1.0,25.0,275.0,0.003120680967239,2229.8365438532587,242.0128264794384,168.12030265583428,0.0,0.0013159048939628,0.9980501729631984,0.2326879590964421,50.8,1.5213986578265054e-08,2.146743250226581e-09,687.6958710347873,5.543599357570802,0.0002205439809465,0.00148,6.65847e-07,0.0154111111111111,0.01157,6.76e-06,0.0805555555555555,0.023,9e-06,0.0031111111111111,0.03605,0.0990777777777777,1000000.0,5.766310575661984e-09,24.0,4.0,,0.6327386742884743,3.5619198372755503,0.017478501610689888,0.09657353957828207,0.14995761448798667,193.1985574049597,1.0
1939.0,0.012,0.012,400000.0,0.000127,1.0,30.0,250.0,0.0032309620433586,2675.80385262391,220.5130739903045,147.58582798616587,0.0,0.0009626485234015,0.5879706441457516,0.2409108690313589,50.8,1.5735983671897564e-08,2.247741968169144e-09,672.9917275521814,5.353325535284359,0.0002084107782137,0.00148,6.65847e-07,0.0154111111111111,0.01157,6.76e-06,0.0805555555555555,0.023,9e-06,0.0031111111111111,0.03605,0.0990777777777777,10000000.0,9.527148615383165e-10,24.0,3.0,,0.10454163551457285,3.516399238981746,0.023240602660538526,0.20646813959981974,0.19000090237671596,393.5887968682672,1.0
1940.0,0.012,0.012,400000.0,0.000127,1.0,30.0,275.0,0.0045292106804412,2675.80385262391,242.0128264794384,170.4571317932983,0.0,0.0011118296957311,1.0043190421660178,0.3377124418078792,50.8,2.1881027220755386e-08,3.4367170174685362e-09,499.8919092744962,3.113387921798372,0.0003186915822705,0.00148,6.65847e-07,0.0154111111111111,0.01157,6.76e-06,0.0805555555555555,0.023,9e-06,0.0031111111111111,0.03605,0.0990777777777777,10000000.0,9.090005074170042e-10,24.0,4.0,,0.09974484871109399,3.4938979545738102,0.026088866509644308,0.5308117516470444,0.20843305864888462,988.8566214191202,1.0
1941.0,0.012,0.012,400000.0,0.000127,1.0,35.0,250.0,0.0044412481245046,3121.771161394562,220.5130739903045,148.9962037117686,0.0,0.0008330124769878,0.610876298194894,0.3311536721570685,50.8,2.146467112265555e-08,3.356158269865134e-09,511.6202500660408,3.2651544108920776,0.0002852101973524,0.00148,6.65847e-07,0.0154111111111111,0.01157,6.76e-06,0.0805555555555555,0.023,9e-06,0.0031111111111111,0.03605,0.0990777777777777,10000000.0,7.883899931445804e-10,24.0,4.0,,0.0865102273870035,3.517729622984635,0.023072199622198176,0.157162398650822,0.18888419067527992,300.0106440573585,1.0
1943.0,0.012,0.012,450000.0,0.000127,1.0,20.0,250.0,0.0011172052741386,1585.661542295651,220.5130739903045,145.03886950088,0.0,0.0015964351462392,0.5847149011474516,0.0833024002966531,57.15,5.495456370693126e-09,7.454573691846893e-10,1190.23789034455,12.193968704119102,8.599372772253484e-05,0.00148,6.65847e-07,0.0154111111111111,0.01157,6.76e-06,0.0805555555555555,0.023,9e-06,0.0031111111111111,0.03605,0.0990777777777777,1000000.0,2.539682885100439e-09,28.0,4.0,,0.32512669713799003,3.6310636012357365,0.008726126425856132,0.14023580371280847,0.0809444378690878,303.3233362590178,1.0
1944.0,0.012,0.012,450000.0,0.000127,1.0,20.0,275.0,0.0015678401764871,1585.661542295651,242.0128264794384,165.10652567822058,0.0,0.0018173187737413,0.9299296370836116,0.1169031806474453,57.15,7.748630882435659e-09,9.36846969196026e-10,1009.9839294051473,9.78621290182396,0.0001275753304873,0.00148,6.65847e-07,0.0154111111111111,0.01157,6.76e-06,0.0805555555555555,0.023,9e-06,0.0031111111111111,0.03605,0.0990777777777777,1000000.0,3.901742707013686e-09,28.0,4.0,,0.4994957153335431,3.5963975737824527,0.013114231166778153,0.2774807411026232,0.11689095587243716,576.7031542999922,1.0
1945.0,0.012,0.012,450000.0,0.000127,1.0,25.0,250.0,0.0017578933765668,1982.0769278695643,220.5130739903045,146.2931608100042,0.0,0.0012881928513382,0.561473681744709,0.1310741554156274,57.15,8.69889688283412e-09,1.0175646538550723e-09,933.9626493732702,8.77075295220216,0.0001298386386541,0.00148,6.65847e-07,0.0154111111111111,0.01157,6.76e-06,0.0805555555555555,0.023,9e-06,0.0031111111111111,0.03605,0.0990777777777777,10000000.0,7.263798978239633e-10,27.0,3.0,,0.08966907496427019,3.5509064148210863,0.018872605718849942,0.3046804513648114,0.16000461515574077,602.319104986728,1.0
1946.0,0.012,0.012,450000.0,0.000127,1.0,25.0,275.0,0.0024657232333741,1982.0769278695643,242.0128264794384,168.12030265583434,0.0,0.0014803930057081,0.9704765511465588,0.1838522145947199,57.15,1.211385330463742e-08,1.546913308821004e-09,775.023568883453,6.673632866887214,0.000196623541024,0.00148,6.65847e-07,0.0154111111111111,0.01157,6.76e-06,0.0805555555555555,0.023,9e-06,0.0031111111111111,0.03605,0.0990777777777777,10000000.0,6.407965577955722e-10,28.0,4.0,,0.082033890764763,3.5364026343340282,0.02070852729949011,0.6685404457870759,0.17287892206151725,1301.3733938477371,1.0
1947.0,0.012,0.012,450000.0,0.000127,1.0,30.0,250.0,0.0025528588984562,2378.492313443477,220.5130739903045,147.5858279861659,0.0,0.0010829795888267,0.5863852651384498,0.1903493286173702,57.15,1.2526295452692736e-08,1.6267147649731531e-09,763.4054802058384,6.5232930566855805,0.0001859457030277,0.00148,6.65847e-07,0.0154111111111111,0.01157,6.76e-06,0.0805555555555555,0.023,9e-06,0.0031111111111111,0.03605,0.0990777777777777,10000000.0,5.997651444045571e-10,28.0,4.0,,0.07678110586276267,3.5459065601141315,0.01950549871973021,0.2832048306583169,0.1644877700789464,556.8761481100771,1.0
1949.0,0.012,0.012,450000.0,0.000127,1.0,35.0,250.0,0.0035091343205963,2774.90769901739,220.5130739903045,148.99620371176857,0.0,0.0009371390366113,0.595562950438819,0.2616522841734863,57.15,1.7052665784155842e-08,2.502500484831713e-09,635.9020905871595,4.873380069511431,0.0002543512732386,0.00148,6.65847e-07,0.0154111111111111,0.01157,6.76e-06,0.0805555555555555,0.023,9e-06,0.0031111111111111,0.03605,0.0990777777777777,10000000.0,8.800358897569702e-10,28.0,4.0,,0.11266097979325496,3.4832904959879154,0.02743158278633987,0.18519968647207763,0.2168344118096856,341.3492808785327,1.0
1951.0,0.012,0.012,450000.0,0.000127,1.0,40.0,250.0,0.0046349349861215,3171.323084591302,220.5130739903045,150.55535401291377,0.0,0.000828577399382,0.6299475347210273,0.3455955843571806,57.15,2.238145560097548e-08,3.533542508339726e-09,485.7953351837895,2.9309761385785125,0.0003346446191459,0.00148,6.65847e-07,0.0154111111111111,0.01157,6.76e-06,0.0805555555555555,0.023,9e-06,0.0031111111111111,0.03605,0.0990777777777777,10000000.0,1.2767497673251926e-09,28.0,4.0,,0.16344774277034219,3.403058505858936,0.03758753090393219,0.08485420759350451,0.27503344679426006,144.77597597433206,1.0
1953.0,0.012,0.012,500000.0,0.000127,1.0,20.0,275.0,0.0012699505429545,1427.095388066086,242.0128264794384,165.1065256782206,0.0,0.0020192430819348,0.920256367210275,0.0946915763244307,63.5,6.259182714772886e-09,8.103299650487812e-10,1129.1397828181691,11.377846150477406,0.0001168814198313,0.00148,6.65847e-07,0.0154111111111111,0.01157,6.76e-06,0.0805555555555555,0.023,9e-06,0.0031111111111111,0.03605,0.0990777777777777,1000000.0,4.9631829126832306e-09,28.0,4.0,,0.6353798252369571,3.5863356058113607,0.014387897998561995,0.15413496564888718,0.12680396869025845,316.7510561891209,1.0
1954.0,0.012,0.012,500000.0,0.000127,1.0,25.0,250.0,0.0014238936350191,1783.8692350826077,220.5130739903045,146.29316081000422,0.0,0.0014313253903758,0.588350251001249,0.1061700658866582,63.5,7.0288981750956384e-09,8.757112896226085e-10,1067.562545992349,10.55532359128375,0.0001188730741947,0.00148,6.65847e-07,0.0154111111111111,0.01157,6.76e-06,0.0805555555555555,0.023,9e-06,0.0031111111111111,0.03605,0.0990777777777777,10000000.0,8.587073840550302e-10,30.0,3.0,,0.11778271493083936,3.518518571682092,0.02297233269846932,0.32834747018375143,0.18822049901331403,627.3023340080565,1.0
1955.0,0.012,0.012,500000.0,0.000127,1.0,25.0,275.0,0.001997235819033,1783.8692350826077,242.0128264794384,168.12030265583422,0.0,0.0016448811174535,0.9600033737112124,0.1489202938217231,63.5,9.895609095165117e-09,1.1192160219373346e-09,838.2256723867906,7.491939101831986,0.0001775705251112,0.00148,6.65847e-07,0.0154111111111111,0.01157,6.76e-06,0.0805555555555555,0.023,9e-06,0.0031111111111111,0.03605,0.0990777777777777,10000000.0,8.346973169176476e-10,28.0,4.0,,0.10685679828434341,3.518493270808502,0.022975535340695942,0.6681762816051457,0.18824179986326345,1276.5060818453185,1.0
1956.0,0.012,0.012,500000.0,0.000127,1.0,30.0,250.0,0.0020678157077495,2140.643082099129,220.5130739903045,147.5858279861659,0.0,0.0012033106542519,0.5861373546606456,0.1541829561800698,63.5,1.0230424350014453e-08,1.1824976596282534e-09,828.0779056333959,7.360163942581988,0.0001680494749427,0.00148,6.65847e-07,0.0154111111111111,0.01157,6.76e-06,0.0805555555555555,0.023,9e-06,0.0031111111111111,0.03605,0.0990777777777777,10000000.0,7.761879475879559e-10,28.0,4.0,,0.09936650958988025,3.5297297556978244,0.02155319548128811,0.29653788889069554,0.17867049314938954,573.1954910233782,1.0
1958.0,0.012,0.012,500000.0,0.000127,1.0,35.0,250.0,0.002842398799683,2497.4169291156504,220.5130739903045,148.99620371176846,0.0,0.0010412655962348,0.6095255077595944,0.2119383501805238,63.5,1.3896784318499553e-08,1.891884092713686e-09,724.800160042266,6.0237344229709295,0.0002296270104971,0.00148,6.65847e-07,0.0154111111111111,0.01157,6.76e-06,0.0805555555555555,0.023,9e-06,0.0031111111111111,0.03605,0.0990777777777777,10000000.0,1.005843639274137e-09,32.0,4.0,,0.1471619591082577,3.4416371359117406,0.0327041600111721,0.21437519847081282,0.2481687593905939,379.31503377159675,1.0
1962.0,0.012,0.012,550000.0,0.000127,1.0,20.0,275.0,0.0010495459032682,1297.3594436964418,242.0128264794384,165.10652567822052,0.0,0.0022211673901282,0.9478047203754424,0.0782575010945708,69.85,5.1571595163412275e-09,7.167216901229594e-10,1217.3016386927018,12.555474752460668,0.0001083235303036,0.00148,6.65847e-07,0.0154111111111111,0.01157,6.76e-06,0.0805555555555555,0.023,9e-06,0.0031111111111111,0.03605,0.0990777777777777,1000000.0,5.354397213248923e-09,32.0,4.0,,0.7833857599518527,3.5658976969877734,0.01697497506483877,0.05011145932901884,0.14626947357172282,100.68459081341305,1.0
1963.0,0.012,0.012,550000.0,0.000127,1.0,25.0,250.0,0.0011767715991893,1621.6993046205523,220.5130739903045,146.29316081000417,0.0,0.0015744579294134,0.5740464573055551,0.0877438561046761,69.85,5.793287995946806e-09,7.707558426633125e-10,1166.4113603242554,11.875704042383266,0.0001100870036394,0.00148,6.65847e-07,0.0154111111111111,0.01157,6.76e-06,0.0805555555555555,0.023,9e-06,0.0031111111111111,0.03605,0.0990777777777777,10000000.0,1.019241258967276e-09,33.0,3.0,,0.15378219096261908,3.4780478154765913,0.028095213230811274,0.2964704102382598,0.22092122712529258,543.5855136206495,1.0
1964.0,0.012,0.012,550000.0,0.000127,1.0,25.0,275.0,0.0016506081149033,1621.6993046205523,242.0128264794384,168.1203026558343,0.0,0.0018093692291988,0.9671165876158686,0.1230746229931595,69.85,8.162470574516622e-09,9.719994230887061e-10,976.8767540386702,9.343981323828087,0.0001635236071131,0.00148,6.65847e-07,0.0154111111111111,0.01157,6.76e-06,0.0805555555555555,0.023,9e-06,0.0031111111111111,0.03605,0.0990777777777777,10000000.0,8.965524411935159e-10,32.0,4.0,,0.13117189246684663,3.486775820216704,0.026990402504214736,0.6768200721558624,0.21409369472805856,1251.8409429209473,1.0
1967.0,0.012,0.012,550000.0,0.000127,1.0,35.0,250.0,0.0023490899170933,2270.379026468773,220.5130739903045,148.99620371176846,0.0,0.0011453921558583,0.6112729757928497,0.175155661306218,69.85,1.1561788940908722e-08,1.4400970187716411e-09,790.574677720881,6.874866547909859,0.0002094466315226,0.00148,6.65847e-07,0.0154111111111111,0.01157,6.76e-06,0.0805555555555555,0.023,9e-06,0.0031111111111111,0.03605,0.0990777777777777,10000000.0,1.2837357219685597e-09,32.0,4.0,,0.18781951433174848,3.4103493934792164,0.03666463373680806,0.2122478001548832,0.27010448192065883,364.5936018853083,1.0
1972.0,0.012,0.012,600000.0,0.000127,1.0,30.0,250.0,0.0014359831303816,1783.869235082608,220.5130739903045,147.58582798616575,0.0,0.0014439727851023,0.6004261724010583,0.1070714973472706,76.2,7.089345651908093e-09,8.808458312875073e-10,1062.7267478473525,10.4907290548771,0.0001437508644456,0.00148,6.65847e-07,0.0154111111111111,0.01157,6.76e-06,0.0805555555555555,0.023,9e-06,0.0031111111111111,0.03605,0.0990777777777777,10000000.0,9.298074304820356e-10,36.0,4.0,,0.15304199622630504,3.4622827064682182,0.03009079664959265,0.30426267882748254,0.23295756559202624,549.2539942759447,1.0
1978.0,0.012,0.0124999999999999,400000.0,0.000127,1.0,20.0,250.0,0.0017065168692819,1783.869235082607,220.5130739903045,142.64620466899677,0.0,0.001395643743378,0.6176740471604854,0.1272433586276459,50.8,8.442014346409891e-09,9.957444860696183e-10,954.5132522872088,9.045259171920314,0.0001122881890209,0.00148,6.65847e-07,0.0154111111111111,0.01157,6.76e-06,0.0805555555555555,0.023,9e-06,0.0031111111111111,0.03605,0.0990777777777777,1000000.0,2.7046329279042974e-09,24.0,4.0,,0.296780034787262,3.631703912764383,0.008645074333622372,0.1576006537455773,0.08025292836363256,341.13916097093266,1.0
1979.0,0.012,0.0124999999999999,400000.0,0.000127,1.0,20.0,275.0,0.0023881349795433,1783.869235082607,242.0128264794384,162.17099245919428,0.0,0.0015866733468884,1.0425828574036462,0.1780669861066859,50.8,1.1746602236505141e-08,1.475855658315177e-09,785.3686693942213,6.807500019261634,0.0001693546560676,0.00148,6.65847e-07,0.0154111111111111,0.01157,6.76e-06,0.0805555555555555,0.023,9e-06,0.0031111111111111,0.03605,0.0990777777777777,1000000.0,7.419978400055209e-09,24.0,3.0,,0.8141960504028286,3.5536434383856697,0.018526147039788627,0.014269820894131646,0.1575300064902375,28.29294218639933,1.0
1980.0,0.012,0.0124999999999999,400000.0,0.000127,1.0,25.0,250.0,0.0026861763619811,2229.8365438532587,220.5130739903045,143.99241053557074,0.0,0.0011270519665025,0.6419684008719093,0.2002899053136764,50.8,1.3157331446711e-08,1.7488108975932402e-09,745.629818402507,6.293273326601201,0.0001737649739578,0.00148,6.65847e-07,0.0154111111111111,0.01157,6.76e-06,0.0805555555555555,0.023,9e-06,0.0031111111111111,0.03605,0.0990777777777777,10000000.0,7.648389591793457e-10,24.0,3.0,,0.08392596665152016,3.54952181398651,0.019047871647277264,0.3217025289067127,0.16125093694712106,635.0262404367238,1.0
1981.0,0.012,0.0124999999999999,400000.0,0.000127,1.0,25.0,275.0,0.0037571965036993,2229.8365438532587,242.0128264794384,165.14743550622174,0.0,0.0012926357803015,1.1000089640155126,0.2801485943446353,50.8,1.822682678417692e-08,2.729683273982975e-09,602.8271328400867,4.445385155020649,0.0002649717826542,0.00148,6.65847e-07,0.0154111111111111,0.01157,6.76e-06,0.0805555555555555,0.023,9e-06,0.0031111111111111,0.03605,0.0990777777777777,10000000.0,7.193351192076224e-10,24.0,4.0,,0.07893281912660773,3.5318010294558335,0.02129100892964126,0.7048775505442695,0.17688147826390763,1365.4669783028112,1.0
1982.0,0.012,0.0124999999999999,400000.0,0.000127,1.0,30.0,250.0,0.0039026949976459,2675.80385262391,220.5130739903045,145.35631018818702,0.0,0.0009481061920313,0.6465739091613331,0.2909974276484724,50.8,1.8915519655524043e-08,2.862935159694065e-09,583.4273336472103,4.194348843494948,0.0002510791984289,0.00148,6.65847e-07,0.0154111111111111,0.01157,6.76e-06,0.0805555555555555,0.023,9e-06,0.0031111111111111,0.03605,0.0990777777777777,10000000.0,6.734582951986426e-10,24.0,4.0,,0.07389874397177182,3.5413279233164485,0.02008507299791798,0.2456277375410887,0.1685514643798242,480.6378068414684,1.0
1983.0,0.012,0.0124999999999999,400000.0,0.000127,1.0,30.0,275.0,0.0054554524187413,2675.80385262391,242.0128264794384,167.48561850664828,0.0,0.0010924475984342,1.117643898654204,0.4067759897890948,50.8,2.59312396749654e-08,4.139723152459635e-09,418.90190325034615,2.2221600559257,0.0003771620029664,0.00148,6.65847e-07,0.0154111111111111,0.01157,6.76e-06,0.0805555555555555,0.023,9e-06,0.0031111111111111,0.03605,0.0990777777777777,10000000.0,1.1423232589590814e-09,24.0,4.0,,0.1253474114858409,3.45031036244216,0.031606283235169674,0.5494704973792683,0.24185262525655918,980.3996847070624,1.0
1984.0,0.012,0.0124999999999999,400000.0,0.000127,1.0,35.0,250.0,0.0053673786082975,3121.771161394562,220.5130739903045,146.83096251044165,0.0,0.000820906981066,0.668249181556078,0.4002089246462148,50.8,2.5578944433190363e-08,4.087155065662933e-09,422.4248556680964,2.2374271225232625,0.0003394962187221,0.00148,6.65847e-07,0.0154111111111111,0.01157,6.76e-06,0.0805555555555555,0.023,9e-06,0.0031111111111111,0.03605,0.0990777777777777,10000000.0,9.884168909719244e-10,24.0,4.0,,0.10845922796416715,3.4787014837830474,0.02801247040720924,0.12353102894569595,0.22041400349171975,226.6445273252981,1.0
1986.0,0.012,0.0124999999999999,450000.0,0.000127,1.0,20.0,250.0,0.0013483590078277,1585.661542295651,220.5130739903045,142.64620466899677,0.0,0.0015700992113003,0.6151366936237594,0.100537962372461,57.15,6.65122503913868e-09,8.436309025735258e-10,1097.7763968689055,10.958907370406171,0.0001018160745194,0.00148,6.65847e-07,0.0154111111111111,0.01157,6.76e-06,0.0805555555555555,0.023,9e-06,0.0031111111111111,0.03605,0.0990777777777777,1000000.0,3.0464401425778686e-09,28.0,4.0,,0.39000106170568555,3.6179872958319392,0.0103813549579824,0.08854766954561266,0.09484229135127097,188.6281644239627,1.0
1987.0,0.012,0.0124999999999999,450000.0,0.000127,1.0,20.0,275.0,0.0018869214653181,1585.661542295651,242.0128264794384,162.17099245919434,0.0,0.0017850075152494,1.046811861420587,0.1406949026028137,57.15,9.344037326590978e-09,1.072364302456756e-09,882.3514138727218,8.081352003160921,0.0001515348554405,0.00148,6.65847e-07,0.0154111111111111,0.01157,6.76e-06,0.0805555555555555,0.023,9e-06,0.0031111111111111,0.03605,0.0990777777777777,1000000.0,4.733819437687094e-09,28.0,4.0,,0.6060170297843915,3.5759530739847945,0.015702142533570343,0.26404992903338165,0.13680217315866097,536.4157759861321,1.0
1988.0,0.012,0.0124999999999999,450000.0,0.000127,1.0,25.0,250.0,0.0021224109526765,1982.0769278695643,220.5130739903045,143.99241053557068,0.0,0.0012679334623153,0.6319034943194679,0.1582537523466085,57.15,1.0488841842668778e-08,1.2324976227897212e-09,820.7985396431329,7.265967854763087,0.0001551493225455,0.00148,6.65847e-07,0.0154111111111111,0.01157,6.76e-06,0.0805555555555555,0.023,9e-06,0.0031111111111111,0.03605,0.0990777777777777,10000000.0,9.00121478599933e-10,27.0,3.0,,0.11111686953799454,3.5186164664321806,0.02295994095795183,0.3264828724348647,0.18813807071952213,623.8033860069974,1.0
1989.0,0.012,0.0124999999999999,450000.0,0.000127,1.0,25.0,275.0,0.0029686490893426,1982.0769278695643,242.0128264794384,165.14743550622168,0.0,0.0014542152528391,1.0873013619521128,0.2213519757784773,57.15,1.4494369022888762e-08,2.007507895492721e-09,707.9667880876405,5.805908064872281,0.0002361625668346,0.00148,6.65847e-07,0.0154111111111111,0.01157,6.76e-06,0.0805555555555555,0.023,9e-06,0.0031111111111111,0.03605,0.0990777777777777,10000000.0,8.012232098472767e-10,28.0,4.0,,0.1025714893053042,3.500366312249919,0.025270087056972347,0.7273278968683312,0.20322091650350887,1363.8710741802454,1.0
1990.0,0.012,0.0124999999999999,450000.0,0.000127,1.0,30.0,250.0,0.0030836108623375,2378.492313443477,220.5130739903045,145.35631018818708,0.0,0.0010666194660352,0.6348685816925674,0.2299238934506451,57.15,1.5038521415064272e-08,2.1127933360545727e-09,692.6385516883304,5.607558386629749,0.0002239222209453,0.00148,6.65847e-07,0.0154111111111111,0.01157,6.76e-06,0.0805555555555555,0.023,9e-06,0.0031111111111111,0.03605,0.0990777777777777,10000000.0,7.500430620844259e-10,28.0,4.0,,0.0960194774384715,3.5116730081149514,0.02383885973228467,0.2728752108034508,0.19394331162315714,517.6483317504575,1.0
1996.0,0.012,0.0124999999999999,500000.0,0.000127,1.0,20.0,250.0,0.0010921707963404,1427.095388066086,220.5130739903045,142.64620466899677,0.0,0.0017445546792226,0.6199588805480821,0.0814357495216934,63.5,5.370283981702331e-09,7.348249510845558e-10,1200.2516814638134,12.327728670028998,9.364449380379324e-05,0.00148,6.65847e-07,0.0154111111111111,0.01157,6.76e-06,0.0805555555555555,0.023,9e-06,0.0031111111111111,0.03605,0.0990777777777777,1000000.0,3.844802953575405e-09,28.0,4.0,,0.49220636669877915,3.6103730175332145,0.011345187654023575,0.010266764327609534,0.10274300830138924,21.6798160362585,1.0
1997.0,0.012,0.0124999999999999,500000.0,0.000127,1.0,20.0,275.0,0.0015284063869077,1427.095388066086,242.0128264794384,162.17099245919422,0.0,0.0019833416836105,1.074774545752482,0.113962871108279,63.5,7.55146193453869e-09,9.200990049899723e-10,1025.7574452369047,9.996908822560348,0.0001384589841343,0.00148,6.65847e-07,0.0154111111111111,0.01157,6.76e-06,0.0805555555555555,0.023,9e-06,0.0031111111111111,0.03605,0.0990777777777777,1000000.0,6.080220953927444e-09,28.0,4.0,,0.7783814933026371,3.5631558744297243,0.017322041211427296,0.14638018134156572,0.14881501845835132,293.2320129227576,1.0
1998.0,0.012,0.0124999999999999,500000.0,0.000127,1.0,25.0,250.0,0.0017191528716679,1783.8692350826077,220.5130739903045,143.99241053557066,0.0,0.0014088149581281,0.6391167927999711,0.128185539400753,63.5,8.505194358339837e-09,1.0011111352789742e-09,949.4588513328132,8.9777446320919,0.0001413206834082,0.00148,6.65847e-07,0.0154111111111111,0.01157,6.76e-06,0.0805555555555555,0.023,9e-06,0.0031111111111111,0.03605,0.0990777777777777,10000000.0,1.0692416071667863e-09,30.0,3.0,,0.14666017987921176,3.4787983539331693,0.028000208362890036,0.32822107352000623,0.2203387794633091,602.2510191516851,1.0
1999.0,0.012,0.0124999999999999,500000.0,0.000127,1.0,25.0,275.0,0.0024046057623675,1783.8692350826077,242.0128264794384,165.14743550622168,0.0,0.0016157947253768,1.093287189289292,0.1792951003805667,63.5,1.1824563941873236e-08,1.4909400953491055e-09,783.1725650176553,6.779082099213213,0.0002131319931996,0.00148,6.65847e-07,0.0154111111111111,0.01157,6.76e-06,0.0805555555555555,0.023,9e-06,0.0031111111111111,0.03605,0.0990777777777777,10000000.0,9.125416020304201e-10,32.0,4.0,,0.13351121852248873,3.462556600563021,0.030056126511009994,0.7444308703862367,0.23275162844758562,1344.2049744197077,1.0
2000.0,0.012,0.0124999999999999,500000.0,0.000127,1.0,30.0,250.0,0.0024977247984933,2140.643082099129,220.5130739903045,145.356310188187,0.0,0.0011851327400391,0.6645909985742088,0.1862383536950225,63.5,1.2265327379535389e-08,1.576221302204203e-09,770.7566935342144,6.618418859836765,0.0002022228006657,0.00148,6.65847e-07,0.0154111111111111,0.01157,6.76e-06,0.0805555555555555,0.023,9e-06,0.0031111111111111,0.03605,0.0990777777777777,10000000.0,8.533700269954714e-10,32.0,4.0,,0.1248540032599373,3.4761077056921708,0.028340796747826483,0.3174486416192489,0.22242280494302288,580.9277688502044,1.0
2006.0,0.012,0.0124999999999999,550000.0,0.000127,1.0,20.0,275.0,0.0012631457743039,1297.3594436964418,242.0128264794384,162.1709924591944,0.0,0.0021816758519716,1.039067713883041,0.0941841909985777,69.85,6.225158871519578e-09,8.074399049503901e-10,1131.8616902784338,11.414204233520948,0.000127944536222,0.00148,6.65847e-07,0.0154111111111111,0.01157,6.76e-06,0.0805555555555555,0.023,9e-06,0.0031111111111111,0.03605,0.0990777777777777,10000000.0,6.543880060340324e-10,32.0,4.0,,0.09574154195020788,3.5389235334741893,0.020389426142507685,0.8130919809342553,0.1706696522010555,1586.9834010696147,1.0
2007.0,0.012,0.0124999999999999,550000.0,0.000127,1.0,25.0,250.0,0.0014207874972462,1621.6993046205523,220.5130739903045,143.99241053557083,0.0,0.001549696453941,0.6466109964111126,0.1059384623146719,69.85,7.013367486231272e-09,8.74392078742954e-10,1068.8050011014982,10.571919778588343,0.0001305005617118,0.00148,6.65847e-07,0.0154111111111111,0.01157,6.76e-06,0.0805555555555555,0.023,9e-06,0.0031111111111111,0.03605,0.0990777777777777,10000000.0,6.705667749866437e-10,32.0,4.0,,0.09810860899926166,3.5353261034465353,0.02084479703208415,0.406513925097179,0.17381879154224075,790.4163008047163,1.0
2008.0,0.012,0.0124999999999999,550000.0,0.000127,1.0,25.0,275.0,0.0019872774895599,1621.6993046205523,242.0128264794384,165.1474355062218,0.0,0.0017773741979145,1.0444143530878889,0.1481777689095592,69.85,9.845817447799934e-09,1.1149866098685115e-09,842.2090041760052,7.545146754956304,0.0001944143154025,0.00148,6.65847e-07,0.0154111111111111,0.01157,6.76e-06,0.0805555555555555,0.023,9e-06,0.0031111111111111,0.03605,0.0990777777777777,10000000.0,1.1447787514834904e-09,32.0,4.0,,0.16748913771069815,3.4368595667979056,0.03330891559520178,0.6926974464676315,0.2516031992834729,1220.0585072026263,1.0
2009.0,0.012,0.0124999999999999,550000.0,0.000127,1.0,30.0,250.0,0.0020642353706556,1946.0391655446624,220.5130739903045,145.356310188187,0.0,0.001303646014043,0.6587038008742039,0.1539159947892747,69.85,1.0213477421103621e-08,1.179218679507605e-09,828.555283912574,7.366341289121295,0.0001845414582169,0.00148,6.65847e-07,0.0154111111111111,0.01157,6.76e-06,0.0805555555555555,0.023,9e-06,0.0031111111111111,0.03605,0.0990777777777777,10000000.0,1.0606414772503902e-09,32.0,4.0,,0.15517926605002225,3.4533999799477106,0.031215192411682163,0.31355854003490685,0.23957695005564725,561.1501132924855,1.0
2015.0,0.012,0.0124999999999999,600000.0,0.000127,1.0,20.0,275.0,0.0010613933242414,1189.2461567217388,242.0128264794384,162.17099245919437,0.0,0.0023800100203326,1.021516127234592,0.0791408827140827,76.2,5.216396621207425e-09,7.21753420131925e-10,1212.562670303406,12.492173626778015,0.0001193584047177,0.00148,6.65847e-07,0.0154111111111111,0.01157,6.76e-06,0.0805555555555555,0.023,9e-06,0.0031111111111111,0.03605,0.0990777777777777,10000000.0,7.294991034985534e-10,36.0,4.0,,0.12007217342502788,3.508365806416024,0.024257492858731203,0.7862530710954814,0.19667928511887223,1486.4710978378257,1.0
2016.0,0.012,0.0124999999999999,600000.0,0.000127,1.0,25.0,250.0,0.0011938561608805,1486.5576959021737,220.5130739903045,143.9924105355707,0.0,0.0016905779497538,0.6433603119139237,0.0890177356949673,76.2,5.878710804402666e-09,7.780118439437322e-10,1159.5775356477866,11.784420716730484,0.0001216541994309,0.00148,6.65847e-07,0.0154111111111111,0.01157,6.76e-06,0.0805555555555555,0.023,9e-06,0.0031111111111111,0.03605,0.0990777777777777,10000000.0,7.47275546883598e-10,36.0,4.0,,0.12299809366642743,3.504173919560986,0.024788111447976532,0.39529448255252897,0.20012056267402617,744.1327755109655,1.0
2017.0,0.012,0.0124999999999999,600000.0,0.000127,1.0,25.0,275.0,0.0016698651127552,1486.5576959021737,242.0128264794384,165.14743550622174,0.0,0.0019389536704522,1.0593314121082928,0.1245104863753935,76.2,8.258755563776338e-09,9.801780819034023e-10,969.173954897893,9.241090606595222,0.000180317704234,0.00148,6.65847e-07,0.0154111111111111,0.01157,6.76e-06,0.0805555555555555,0.023,9e-06,0.0031111111111111,0.03605,0.0990777777777777,10000000.0,1.293361673198222e-09,36.0,4.0,,0.21288134060859618,3.3846519492950335,0.03991747477278063,0.685889585124303,0.2871858861385283,1150.6298783985615,1.0
2024.0,0.012,0.013,400000.0,0.000127,1.0,20.0,250.0,0.0020370049107926,1783.869235082607,220.5130739903045,139.9012535154039,0.0,0.0013687872706644,0.5242492651192142,0.1518856045644176,50.8,1.0084586577752074e-08,1.154280207451271e-09,832.1860118943077,7.413323453814126,0.0001324809166989,0.00148,6.65847e-07,0.0154111111111111,0.01157,6.76e-06,0.0805555555555555,0.023,9e-06,0.0031111111111111,0.03605,0.0990777777777777,10000000.0,5.593894490084958e-10,24.0,3.0,,0.061381941491412295,3.587366173123621,0.014257446440048022,0.2749317190633843,0.12579889913700426,565.641604076293,1.0
2025.0,0.012,0.013,400000.0,0.000127,1.0,20.0,275.0,0.0028443296574987,1783.869235082607,242.0128264794384,158.9499228866293,0.0,0.0015551585540037,1.0879804259733563,0.2120823211180124,50.8,1.3905923712160856e-08,1.8936524302271006e-09,724.5427123334971,6.020403011002303,0.0002012352027978,0.00148,6.65847e-07,0.0154111111111111,0.01157,6.76e-06,0.0805555555555555,0.023,9e-06,0.0031111111111111,0.03605,0.0990777777777777,10000000.0,9.125019734244867e-10,24.0,3.0,,0.10012906543521419,3.52337409613796,0.022357709349625346,0.7397190394201297,0.1841118266044335,1420.3735734284978,1.0
2026.0,0.012,0.013,400000.0,0.000127,1.0,25.0,250.0,0.0032077157273671,2229.8365438532587,220.5130739903045,141.31585892455817,0.0,0.0011061021626523,0.5497378866961192,0.2391775493228203,50.8,1.5625951109537716e-08,2.226452294594633e-09,676.0912363510502,5.393433644068042,0.0002069328938805,0.00148,6.65847e-07,0.0154111111111111,0.01157,6.76e-06,0.0805555555555555,0.023,9e-06,0.0031111111111111,0.03605,0.0990777777777777,10000000.0,9.443735624994706e-10,24.0,3.0,,0.10362634272442042,3.5178409891050473,0.023058102644930738,0.17088399464887835,0.18879057133028698,326.2417409993977,1.0
2027.0,0.012,0.013,400000.0,0.000127,1.0,25.0,275.0,0.004476728275682,2229.8365438532587,242.0128264794384,161.86520869725817,0.0,0.0012669452583789,1.1187606431991153,0.3337991857653384,50.8,2.16326105048952e-08,3.388652056717924e-09,506.8895632423887,3.203938613790996,0.0003150475780342,0.00148,6.65847e-07,0.0154111111111111,0.01157,6.76e-06,0.0805555555555555,0.023,9e-06,0.0031111111111111,0.03605,0.0990777777777777,10000000.0,8.954594683858321e-10,24.0,4.0,,0.0982589871757762,3.496527651773056,0.025755993446448647,0.6506524702580007,0.20632232122656735,1215.3416960839875,1.0
2028.0,0.012,0.013,400000.0,0.000127,1.0,30.0,250.0,0.0046627265116802,2675.80385262391,220.5130739903045,142.73836028051795,0.0,0.0009310302596918,0.5928207213100166,0.3476678094357133,50.8,2.251300215528629e-08,3.5589948211920797e-09,482.0897984426397,2.883025937317524,0.000299218684288,0.00148,6.65847e-07,0.0154111111111111,0.01157,6.76e-06,0.0805555555555555,0.023,9e-06,0.0031111111111111,0.03605,0.0990777777777777,10000000.0,8.378383554548668e-10,24.0,4.0,,0.09193620831595388,3.5078465749383567,0.02432321836223336,0.11716670355834942,0.19710714761683265,221.3945631778685,1.0
2031.0,0.012,0.013,450000.0,0.000127,1.0,20.0,250.0,0.0016094853616139,1585.661542295651,220.5130739903045,139.90125351540377,0.0,0.0015398856794975,0.5565003547768927,0.1200083789150953,57.15,7.95685680806989e-09,9.545341374164344e-10,993.3258553544088,9.563701428335667,0.0001196858233621,0.00148,6.65847e-07,0.0154111111111111,0.01157,6.76e-06,0.0805555555555555,0.023,9e-06,0.0031111111111111,0.03605,0.0990777777777777,10000000.0,6.603926513952023e-10,27.0,3.0,,0.08152317863036543,3.5634869414197845,0.01728013399749568,0.3189187972314319,0.14850845751571654,639.0952720960222,1.0
2032.0,0.012,0.013,450000.0,0.000127,1.0,20.0,275.0,0.0022473715812335,1585.661542295651,242.0128264794384,158.94992288662934,0.0,0.0017495533732541,1.079708696995533,0.167571216685837,57.15,1.1080322151172366e-08,1.3469403152411663e-09,804.1371225021869,7.050366617746674,0.0001794592602651,0.00148,6.65847e-07,0.0154111111111111,0.01157,6.76e-06,0.0805555555555555,0.023,9e-06,0.0031111111111111,0.03605,0.0990777777777777,1000000.0,5.752762210845346e-09,28.0,4.0,,0.73646067704174,3.5516365088377806,0.018780188754711328,0.13962680326795596,0.15934594246995035,276.24298427574814,1.0
2033.0,0.012,0.013,450000.0,0.000127,1.0,25.0,250.0,0.0025344914389073,1982.0769278695643,220.5130739903045,141.31585892455823,0.0,0.0012443649329839,0.5526740757920088,0.1889797920575371,57.15,1.2439356144161494e-08,1.6098932944945259e-09,765.8544748123524,6.55498341424306,0.0001846313892747,0.00148,6.65847e-07,0.0154111111111111,0.01157,6.76e-06,0.0805555555555555,0.023,9e-06,0.0031111111111111,0.03605,0.0990777777777777,10000000.0,5.947769077510884e-10,28.0,4.0,,0.07614251869221488,3.547070191743308,0.019358203576796497,0.25150176504225663,0.16344866952925238,495.1522765082333,1.0
2040.0,0.012,0.013,500000.0,0.000127,1.0,20.0,250.0,0.0013036831429073,1427.095388066086,220.5130739903045,139.90125351540377,0.0,0.0017109840883306,0.5382673622159213,0.0972067869212272,63.5,6.427845714536614e-09,8.246565713073121e-10,1115.6467428370709,11.197611856951887,0.0001097313550018,0.00148,6.65847e-07,0.0154111111111111,0.01157,6.76e-06,0.0805555555555555,0.023,9e-06,0.0031111111111111,0.03605,0.0990777777777777,10000000.0,7.789117356082767e-10,30.0,3.0,,0.10683771982745133,3.5340249437262554,0.021009500794144903,0.29817285546724265,0.17495192699834483,578.9652625931495,1.0
2041.0,0.012,0.013,500000.0,0.000127,1.0,20.0,275.0,0.0018203709807992,1427.095388066086,242.0128264794384,158.94992288662925,0.0,0.0019439481925046,1.089975626369151,0.135732685515528,63.5,9.011284903996072e-09,1.044099579626215e-09,908.971607680314,8.436933238460371,0.0001628213742381,0.00148,6.65847e-07,0.0154111111111111,0.01157,6.76e-06,0.0805555555555555,0.023,9e-06,0.0031111111111111,0.03605,0.0990777777777777,10000000.0,7.45040969345536e-10,28.0,4.0,,0.09537911643099521,3.5357925113558757,0.02078575805621829,0.8228138244226274,0.17341185466950812,1600.648237918271,1.0
2042.0,0.012,0.013,500000.0,0.000127,1.0,25.0,250.0,0.0020529380655149,1783.8692350826077,220.5130739903045,141.31585892455814,0.0,0.0013826277033154,0.5609161224266384,0.153073631566605,63.5,1.0160003510104144e-08,1.168872268540565e-09,830.0615912646721,7.385833132203546,0.0001668672296859,0.00148,6.65847e-07,0.0154111111111111,0.01157,6.76e-06,0.0805555555555555,0.023,9e-06,0.0031111111111111,0.03605,0.0990777777777777,10000000.0,7.690858546331328e-10,28.0,4.0,,0.09845730945362885,3.5311071684120865,0.02137883944150808,0.27333518140640434,0.17748165219175033,529.1103745477012,1.0
2044.0,0.012,0.013,500000.0,0.000127,1.0,30.0,250.0,0.0029841449674753,2140.643082099129,220.5130739903045,142.73836028051804,0.0,0.0011637878246148,0.614085973583115,0.2225073980388566,63.5,1.4567716179383237e-08,2.021699485562933e-09,705.9006710032891,5.779172199883211,0.0002408958609021,0.00148,6.65847e-07,0.0154111111111111,0.01157,6.76e-06,0.0805555555555555,0.023,9e-06,0.0031111111111111,0.03605,0.0990777777777777,10000000.0,1.0724902191788715e-09,32.0,4.0,,0.15691281986204594,3.4270198192465036,0.03455445325993631,0.19861575568221237,0.2585787350222737,346.56434795622437,1.0
2050.0,0.012,0.013,550000.0,0.000127,1.0,20.0,250.0,0.0010774240850473,1297.3594436964418,220.5130739903045,139.90125351540374,0.0,0.0018820824971636,0.5579389476907509,0.0803361875382043,69.85,5.296550425236869e-09,7.28561860584555e-10,1206.1503659810503,12.40652079086933,0.0001017751628476,0.00148,6.65847e-07,0.0154111111111111,0.01157,6.76e-06,0.0805555555555555,0.023,9e-06,0.0031111111111111,0.03605,0.0990777777777777,10000000.0,9.209882440476171e-10,33.0,3.0,,0.13895786574021046,3.497469063197897,0.025636827443304172,0.3025948944123361,0.20556395458140372,565.7514627268586,1.0
2060.0,0.012,0.013,600000.0,0.000127,1.0,20.0,275.0,0.0012641465144438,1189.2461567217388,242.0128264794384,158.94992288662954,0.0,0.0023327378310055,1.117659152985253,0.0942588093857834,76.2,6.2301625722195e-09,8.07864930295983e-10,1131.46139422244,11.40885724893081,0.0001396761333725,0.00148,6.65847e-07,0.0154111111111111,0.01157,6.76e-06,0.0805555555555555,0.023,9e-06,0.0031111111111111,0.03605,0.0990777777777777,10000000.0,8.944496507832696e-10,36.0,4.0,,0.14722226946371747,3.4702370355403076,0.02908391955185986,0.8401280741357526,0.22693144798991488,1528.5112970030752,1.0
2061.0,0.012,0.013,600000.0,0.000127,1.0,25.0,250.0,0.0014256514343853,1486.5576959021737,220.5130739903045,141.3158589245581,0.0,0.0016591532439785,0.546376460928779,0.1063011330323646,76.2,7.037687171926946e-09,8.76457846349253e-10,1066.859426245844,10.545931616535832,0.000142808090502,0.00148,6.65847e-07,0.0154111111111111,0.01157,6.76e-06,0.0805555555555555,0.023,9e-06,0.0031111111111111,0.03605,0.0990777777777777,10000000.0,9.215517657962579e-10,36.0,4.0,,0.1516831520589365,3.4641332253430104,0.02985655375404936,0.2523421758374778,0.23156403263066794,456.3548561097724,1.0
