Unnamed: 0,length,wingLength,appliedElectricField,activeMaterialThickness,multiLayers,staticStrokeAmplitude,operatingFrequency,width,transmissionRatio,naturalFrequency,strokeAmplitude,netThrust,loadedDisplacement,liftableMass,totalMechanicalMass,appliedVoltage,intBulk,intCapacitance,intResistance,intInductance,averageCurrent,xt018-m0-mass,xt018-m0-area,xt018-m0-current,xt018-mem-mass,xt018-mem-area,xt018-mem-current,IMU-sensor-mass,IMU-sensor-area,IMU-sensor-current,total-additional-mass,total-additional-current,ccount,boost-frequency,inductance,boost-mass,vin,load,battery-mass,battery-alpha,runtime
34.0,0.006,0.008,400000.0,0.000127,1.0,25.0,400.0,0.0015616124577686,8919.346175413035,385.3528593710531,137.44796765153683,0.0,0.0002689568874798,0.2488574775685789,0.0582194110055465,50.8,3.4819429155372397e-09,5.746590310982851e-10,1248.5680000000002,1.7097676577866514,8.585307816137225e-05,0.00148,6.65847e-07,0.0154111111111111,0.0157,6.76e-06,0.0805555555555555,0.023,9e-06,0.0031111111111111,0.0401799999999999,0.0990777777777777,1.0,486384.01661442075,1.9e-06,0.12776,3.589454073967671,0.013993155193965733,0.022698066563032387,0.12375554730288323,46.80791488455848
49.0,0.006,0.008,450000.0,0.000127,1.0,25.0,400.0,0.0012338666332986,7928.307711478257,385.3528593710531,137.44796765153689,0.0,0.0003025764984147,0.2575205397498564,0.0460005222759875,57.15,2.82645126659733e-09,5.109108295097569e-10,1248.5680000000002,1.776018198745008,8.073802462335153e-05,0.00148,6.65847e-07,0.0154111111111111,0.0157,6.76e-06,0.0805555555555555,0.023,9e-06,0.0031111111111111,0.0401799999999999,0.0990777777777777,1.0,367601.01315528917,1.9e-06,0.12776,3.566841108856593,0.01685555584093765,0.04358001747386889,0.14539007302569815,87.65172788329947
52.0,0.006,0.008,450000.0,0.000127,1.0,30.0,400.0,0.0017867152689242,9513.969253773908,385.3528593710531,138.3285227630163,0.0,0.0002537624525827,0.2618705861084651,0.066611603969926,57.15,3.9321485378484855e-09,6.184426533821096e-10,1248.5680000000002,1.6642653755396537,0.0001074700294653,0.00148,6.65847e-07,0.0154111111111111,0.0157,6.76e-06,0.0805555555555555,0.023,9e-06,0.0031111111111111,0.0401799999999999,0.0990777777777777,1.0,804390.5021575341,1.9e-06,0.12776,3.4590192261341426,0.03050389542605791,0.02731898213853909,0.23540285189923751,49.15892039438551
65.0,0.006,0.008,500000.0,0.000127,1.0,30.0,400.0,0.0014472393678286,8562.572328396516,385.3528593710531,138.3285227630163,0.0,0.0002819582806475,0.2522871376772398,0.0539553992156401,63.5,3.253196735657276e-09,5.524128932395093e-10,1248.5680000000002,1.7328870341871192,0.000101171523259,0.00148,6.65847e-07,0.0154111111111111,0.0157,6.76e-06,0.0805555555555555,0.023,9e-06,0.0031111111111111,0.0401799999999999,0.0990777777777777,1.0,574098.5940385221,1.9e-06,0.12776,3.4062425075207994,0.037184492718886186,0.030391738461599788,0.272889131990477,52.00694316230529
76.0,0.006,0.008,550000.0,0.000127,1.0,30.0,400.0,0.0011960655932468,7784.156662178651,385.3528593710531,138.32852276301637,0.0,0.0003101541087122,0.2392404092194831,0.0445912390211901,69.85,2.7508491864936155e-09,5.035583382144704e-10,1248.5680000000002,1.7836593009810904,9.64462230247678e-05,0.00148,6.65847e-07,0.0154111111111111,0.0157,6.76e-06,0.0805555555555555,0.023,9e-06,0.0031111111111111,0.0401799999999999,0.0990777777777777,1.0,569069.8056007663,1.9e-06,0.12776,3.4119634951014377,0.036460317075767384,0.026709170198292886,0.26900420221461996,45.9494613300751
79.0,0.006,0.008,550000.0,0.000127,1.0,35.0,400.0,0.0016386821306835,9081.516105875093,385.3528593710531,139.23225921857292,0.0,0.0002675832228918,0.2479229296213599,0.0610926917232916,69.85,3.636082261367089e-09,5.89649467828603e-10,1248.5680000000002,1.6941887941036282,0.0001226029071149,0.00148,6.65847e-07,0.0154111111111111,0.0157,6.76e-06,0.0805555555555555,0.023,9e-06,0.0031111111111111,0.0401799999999999,0.0990777777777777,1.0,773705.6259460823,1.9e-06,0.12776,3.2696948799485996,0.054469002538151935,0.01889023789806829,0.3547388126672499,28.68653666044383
84.0,0.006,0.008,600000.0,0.000127,1.0,30.0,400.0,0.0010050273387698,7135.476940330432,385.3528593710531,138.32852276301628,0.0,0.000338349936777,0.2476232770821375,0.0374690272330834,76.2,2.368772677539774e-09,4.66400442527437e-10,1248.568,1.822275773741055,9.290111358807009e-05,0.00148,6.65847e-07,0.0154111111111111,0.0157,6.76e-06,0.0805555555555555,0.023,9e-06,0.0031111111111111,0.0401799999999999,0.0990777777777777,1.0,584391.3173111281,1.9e-06,0.12776,3.4843709355385375,0.0272948182862611,0.0422142498490542,0.21598684474622615,77.89105293934514
86.0,0.006,0.008,600000.0,0.000127,1.0,35.0,400.0,0.0013769481792549,8324.72309705217,385.3528593710531,139.23225921857295,0.0,0.0002919089704274,0.2236568969319851,0.0513348312397103,76.2,3.1126143585098482e-09,5.38740905605979e-10,1248.5680000000002,1.74709569504541,0.0001168742820667,0.00148,6.65847e-07,0.0154111111111111,0.0157,6.76e-06,0.0805555555555555,0.023,9e-06,0.0031111111111111,0.0401799999999999,0.0990777777777777,1.0,900226.9756907678,1.9e-06,0.12776,3.426977105014413,0.03455986012475785,0.0043820656922747,0.2586087322941386,7.6459507964371785
92.0,0.006,0.0085,400000.0,0.000127,1.0,20.0,400.0,0.0013537304389833,7135.476940330428,385.3528593710531,137.94972593203784,0.0,0.0003374234041917,0.2855217501264838,0.0504692367340019,50.8,3.066178877966714e-09,5.342249390344575e-10,1248.5680000000002,1.7517889290639044,7.691834528139005e-05,0.00148,6.65847e-07,0.0154111111111111,0.0157,6.76e-06,0.0805555555555555,0.023,9e-06,0.0031111111111111,0.0401799999999999,0.0990777777777777,1.0,508194.6714470867,1.9e-06,0.12776,3.5928032084705945,0.013569214117646273,0.06711251339248189,0.12045784702571798,138.92017140789778
96.0,0.006,0.0085,400000.0,0.000127,1.0,25.0,400.0,0.0021254636197495,8919.346175413035,385.3528593710531,138.7287537884801,0.0,0.0002714631177195,0.2986026084151628,0.0792406844860558,50.8,5.218751272415116e-09,8.054676666779832e-10,1111.8395173667232,0.9132525261149,0.0001243657818102,0.00148,6.65847e-07,0.0154111111111111,0.0157,6.76e-06,0.0805555555555555,0.023,9e-06,0.0031111111111111,0.0401799999999999,0.0990777777777777,1.0,377980.9132829774,1.9e-06,0.12776,3.569312598667334,0.016542709029451416,0.051421923929106994,0.14307766284562204,103.70386286287189
101.0,0.006,0.0085,400000.0,0.000127,1.0,30.0,400.0,0.003078713011036,10703.21541049564,385.3528593710531,139.5271408487878,0.0,0.0002275211616611,0.323336504393515,0.1147793469922434,50.8,7.916144022072197e-09,9.158166626936487e-10,904.9540966891705,0.7619260321765023,0.0001793296057185,0.00148,6.65847e-07,0.0154111111111111,0.0157,6.76e-06,0.0805555555555555,0.023,9e-06,0.0031111111111111,0.0401799999999999,0.0990777777777777,1.0,869019.4223022674,1.9e-06,0.12776,3.4712832458017036,0.028951487873202095,0.040617157401271586,0.22613179671065725,73.97443848096786
110.0,0.006,0.0085,450000.0,0.000127,1.0,20.0,400.0,0.0010696141740115,6342.646169182605,385.3528593710531,137.94972593203786,0.0,0.0003796013297156,0.2628204378646086,0.0398769277898287,57.15,2.497946348023085e-09,4.789629049161151e-10,1248.5680000000002,1.809220190865307,7.279773584552418e-05,0.00148,6.65847e-07,0.0154111111111111,0.0157,6.76e-06,0.0805555555555555,0.023,9e-06,0.0031111111111111,0.0401799999999999,0.0990777777777777,1.0,390731.7925573327,1.9e-06,0.12776,3.571864027390118,0.016219743368339524,0.05500351007477988,0.1406772947684118,111.23765901742925
113.0,0.006,0.0085,450000.0,0.000127,1.0,25.0,400.0,0.0016793786625181,7928.307711478257,385.3528593710531,138.7287537884801,0.0,0.0003053960074344,0.2958129592873128,0.062609923544538,57.15,3.717475325036374e-09,5.975651467530996e-10,1248.568,1.685962397158574,0.0001022794259465,0.00148,6.65847e-07,0.0154111111111111,0.0157,6.76e-06,0.0805555555555555,0.023,9e-06,0.0031111111111111,0.0401799999999999,0.0990777777777777,1.0,279732.6110964909,1.9e-06,0.12776,3.543910068075555,0.019758219230942457,0.06526303574277478,0.16626459766641757,128.05621554407296
118.0,0.006,0.0085,450000.0,0.000127,1.0,30.0,400.0,0.0024325633667445,9513.969253773908,385.3528593710531,139.52714084878787,0.0,0.0002559613068687,0.3355172681811641,0.0906898544136246,57.15,6.344783678063449e-09,8.926389535283373e-10,1070.8928844340564,0.7963017767984409,0.0001666319265928,0.00148,6.65847e-07,0.0154111111111111,0.0157,6.76e-06,0.0805555555555555,0.023,9e-06,0.0031111111111111,0.0401799999999999,0.0990777777777777,1.0,584152.0812084243,1.9e-06,0.12776,3.4094361264820523,0.03678023715417059,0.07688741376753949,0.27072555986184493,131.96276115445963
123.0,0.006,0.0085,450000.0,0.000127,1.0,35.0,400.0,0.0033339063362821,11099.63079606956,385.3528593710531,140.39775301264123,0.0,0.0002207643747339,0.2941237998440261,0.1242933624667377,57.15,8.426530672564362e-09,9.028362542050068e-10,828.3960991153458,0.7775922653489176,0.000212698699967,0.00148,6.65847e-07,0.0154111111111111,0.0157,6.76e-06,0.0805555555555555,0.023,9e-06,0.0031111111111111,0.0401799999999999,0.0990777777777777,1.0,821549.3025587759,1.9e-06,0.12776,3.269652722140317,0.05447433896958011,0.0018904373772882788,0.354761237575173,2.8707005570551383
130.0,0.006,0.0085,500000.0,0.000127,1.0,25.0,400.0,0.0013602967166397,7135.476940330431,385.3528593710531,138.7287537884801,0.0,0.0003393288971494,0.3083739701205671,0.0507140380710758,63.5,3.079311433279464e-09,5.35502112870011e-10,1248.5680000000002,1.7504616216984443,9.650068334448828e-05,0.00148,6.65847e-07,0.0154111111111111,0.0157,6.76e-06,0.0805555555555555,0.023,9e-06,0.0031111111111111,0.0401799999999999,0.0990777777777777,1.0,594297.5690948138,1.9e-06,0.12776,3.411638367463018,0.036501472473035666,0.08971993204949127,0.2692260976920153,154.30397493111604
134.0,0.006,0.0085,500000.0,0.000127,1.0,30.0,400.0,0.0019703763270631,8562.572328396516,385.3528593710531,139.52714084878784,0.0,0.0002844014520764,0.3131752432776575,0.0734587820750359,63.5,4.640223308252431e-09,7.47810269644414e-10,1146.3422037621351,1.0647960241429697,0.0001398928492949,0.00148,6.65847e-07,0.0154111111111111,0.0157,6.76e-06,0.0805555555555555,0.023,9e-06,0.0031111111111111,0.0401799999999999,0.0990777777777777,1.0,905098.9558046951,1.9e-06,0.12776,3.2941477713388387,0.05137369983052679,0.07177646120262149,0.3414635778073017,111.24153958345512
139.0,0.006,0.0085,500000.0,0.000127,1.0,35.0,400.0,0.0027004641323885,9989.667716462602,385.3528593710531,140.39775301264123,0.0,0.0002452937497044,0.3040747800717005,0.1006776235980575,63.5,7.1596462647771315e-09,9.350562919060552e-10,1018.4287602834304,0.7387054595992898,0.0002061238121342,0.00148,6.65847e-07,0.0154111111111111,0.0157,6.76e-06,0.0805555555555555,0.023,9e-06,0.0031111111111111,0.0401799999999999,0.0990777777777777,1.0,1160916.4533910227,1.9e-06,0.12776,3.19162968341712,0.0643506729851747,0.035457156473642976,0.3937544086403489,50.589180688704865
145.0,0.006,0.0085,550000.0,0.000127,1.0,25.0,400.0,0.0011242121625121,6486.797218482209,385.3528593710531,138.7287537884801,0.0,0.0003732617868643,0.2966698316010765,0.0419124281579138,69.85,2.607142325024348e-09,4.895824866694305e-10,1248.5680000000002,1.798183753469789,9.22007506062126e-05,0.00148,6.65847e-07,0.0154111111111111,0.0157,6.76e-06,0.0805555555555555,0.023,9e-06,0.0031111111111111,0.0401799999999999,0.0990777777777777,1.0,589491.0055125512,1.9e-06,0.12776,3.4174987895096027,0.03575964689751864,0.08681740344316269,0.2652056503128259,150.13354842849085
148.0,0.006,0.0085,550000.0,0.000127,1.0,30.0,400.0,0.0016284101876554,7784.156662178651,385.3528593710531,139.52714084878787,0.0,0.000312841597284,0.312967667565503,0.0607097372520957,69.85,3.6155383753109165e-09,5.87651523549925e-10,1248.568,1.6962651646673257,0.0001219958124166,0.00148,6.65847e-07,0.0154111111111111,0.0157,6.76e-06,0.0805555555555555,0.023,9e-06,0.0031111111111111,0.0401799999999999,0.0990777777777777,1.0,778251.3579664659,1.9e-06,0.12776,3.2709713325952205,0.05430742625376955,0.08431793031340717,0.35405909322648854,128.17929397091277
151.0,0.006,0.0085,550000.0,0.000127,1.0,35.0,350.0,0.0015890739637583,9081.516105875093,351.11917342151344,125.32108029127318,0.0,0.0002408480530936,0.2289779999190254,0.0592432198872527,69.85,3.5368659275166705e-09,5.800004313208146e-10,1248.5680000000002,1.7042165889658905,0.0001098077518171,0.00148,6.65847e-07,0.0154111111111111,0.0157,6.76e-06,0.0805555555555555,0.023,9e-06,0.0031111111111111,0.0401799999999999,0.0990777777777777,1.0,474836.95563652547,1.9e-06,0.12776,3.383735799148767,0.04003344314572575,0.0017947800317726914,0.28778011493220906,3.008364620312285
152.0,0.006,0.0085,550000.0,0.000127,1.0,35.0,375.0,0.0018992045332792,9081.516105875093,351.11917342151344,127.96214411170592,0.0,0.0002459237760109,0.2503996278786595,0.0708053837279032,69.85,4.355536133116947e-09,6.94848562189878e-10,1189.045280032458,1.3140923131014857,0.0001327032191577,0.00148,6.65847e-07,0.0154111111111111,0.0157,6.76e-06,0.0805555555555555,0.023,9e-06,0.0031111111111111,0.0401799999999999,0.0990777777777777,1.0,644252.4365571744,1.9e-06,0.12776,3.5044738633540207,0.024750143879237903,0.011654244150756193,0.1998753071846915,21.945573472515953
153.0,0.006,0.0085,550000.0,0.000127,1.0,35.0,400.0,0.0022317885391641,9081.516105875093,385.3528593710531,140.39775301264126,0.0,0.0002698231246748,0.305966698214247,0.0832046476017004,69.85,5.608609310268381e-09,8.356483494701945e-10,1097.662861444786,0.8727615158870619,0.000182310208183,0.00148,6.65847e-07,0.0154111111111111,0.0157,6.76e-06,0.0805555555555555,0.023,9e-06,0.0031111111111111,0.0401799999999999,0.0990777777777777,1.0,964191.6455738245,1.9e-06,0.12776,3.449846337352592,0.0316650205882795,0.054822050612546386,0.24219322963872106,97.77299208011372
158.0,0.006,0.0085,550000.0,0.000127,1.0,40.0,400.0,0.0029380882992491,10378.875549571534,385.3528593710531,141.36215271455757,0.0,0.0002377169849269,0.3040404099479064,0.1095366327372858,69.85,7.634894598498233e-09,9.229695386586935e-10,947.1415102252652,0.7532931279948034,0.0002392013653833,0.00148,6.65847e-07,0.0154111111111111,0.0157,6.76e-06,0.0805555555555555,0.023,9e-06,0.0031111111111111,0.0401799999999999,0.0990777777777777,1.0,1210902.648237848,1.9e-06,0.12776,3.394743769300726,0.0386400292024398,0.026563777210620476,0.2805739508180686,44.9760319263962
160.0,0.006,0.0085,600000.0,0.000127,1.0,30.0,400.0,0.0013683168937938,7135.476940330432,385.3528593710531,139.5271408487878,0.0,0.0003412817424916,0.3355172681811641,0.0510130431076638,76.2,3.0953517875876472e-09,5.370620774273677e-10,1248.5680000000002,1.7488404230885166,0.000116317851645,0.00148,6.65847e-07,0.0154111111111111,0.0157,6.76e-06,0.0805555555555555,0.023,9e-06,0.0031111111111111,0.0401799999999999,0.0990777777777777,1.0,902866.140776304,1.9e-06,0.12776,3.42758728787295,0.034482621788234205,0.11656422507350028,0.25817998373980044,203.5021382929018
162.0,0.006,0.0085,600000.0,0.000127,1.0,35.0,350.0,0.0013352635389913,8324.72309705217,351.11917342151344,125.32108029127308,0.0,0.0002627433306476,0.2275044978386391,0.0497807611552609,76.2,3.029245077982756e-09,5.30633034651518e-10,1248.5680000000002,1.7555218282282827,0.0001048840498247,0.00148,6.65847e-07,0.0154111111111111,0.0157,6.76e-06,0.0805555555555555,0.023,9e-06,0.0031111111111111,0.0401799999999999,0.0990777777777777,1.0,512795.42024412303,1.9e-06,0.12776,3.463888308587811,0.02988755587496063,0.009783736683378175,0.23174875781299561,17.68940296989182
163.0,0.006,0.0085,600000.0,0.000127,1.0,35.0,375.0,0.0015958593647693,8324.72309705217,351.11917342151344,127.96214411170584,0.0,0.0002682804829209,0.2514395981651359,0.0594961904935853,76.2,3.5504367295387204e-09,5.813202257444644e-10,1248.5680000000002,1.7028449880055216,0.000120188808669,0.00148,6.65847e-07,0.0154111111111111,0.0157,6.76e-06,0.0805555555555555,0.023,9e-06,0.0031111111111111,0.0401799999999999,0.0990777777777777,1.0,884039.5188779279,1.9e-06,0.12776,3.4231785709231235,0.035040687224921103,0.024003407671550486,0.2612666885519156,41.731666948771625
164.0,0.006,0.0085,600000.0,0.000127,1.0,35.0,400.0,0.0018753223141587,8324.72309705217,385.3528593710531,140.39775301264123,0.0,0.0002943524996453,0.3005696879548951,0.0699150163875399,76.2,4.2600072566349005e-09,6.770768715357596e-10,1203.374611504765,1.397745517303667,0.0001546403368869,0.00148,6.65847e-07,0.0154111111111111,0.0157,6.76e-06,0.0805555555555555,0.023,9e-06,0.0031111111111111,0.0401799999999999,0.0990777777777777,1.0,1109229.9407967643,1.9e-06,0.12776,3.3598623090533457,0.04305540391729805,0.06271467156735519,0.30292295862106716,102.8857149996552
171.0,0.006,0.009,400000.0,0.000127,1.0,20.0,350.0,0.0012896811002543,7135.476940330428,351.11917342151344,117.1079722512696,0.0,0.0002864447202633,0.2312370585266523,0.0480813749072428,50.8,2.938080200508716e-09,5.21767022404974e-10,1248.5680000000002,1.764735862394584,6.813817893870458e-05,0.00148,6.65847e-07,0.0154111111111111,0.0157,6.76e-06,0.0805555555555555,0.023,9e-06,0.0031111111111111,0.0401799999999999,0.0990777777777777,1.0,529052.7792156312,1.9e-06,0.12776,3.5958269274520536,0.013186464879486914,0.015215683619409393,0.11745917103582419,31.603226533777235
173.0,0.006,0.009,400000.0,0.000127,1.0,20.0,400.0,0.0017824147828915,7135.476940330428,385.3528593710531,136.91980218548818,0.0,0.000334904222843,0.354794725906665,0.066451274969848,50.8,3.923547565783018e-09,6.17606187346313e-10,1248.5680000000002,1.6651346757863106,9.534405517343796e-05,0.00148,6.65847e-07,0.0154111111111111,0.0157,6.76e-06,0.0805555555555555,0.023,9e-06,0.0031111111111111,0.0401799999999999,0.0990777777777777,1.0,462350.6817417175,1.9e-06,0.12776,3.585521660480998,0.014490929053038275,0.12040345093681698,0.12759614384467285,247.20750972843538
178.0,0.006,0.009,400000.0,0.000127,1.0,25.0,400.0,0.0027994402760015,8919.346175413035,385.3528593710531,137.61804872149483,0.0,0.0002692897005142,0.3903561247521427,0.1043676125937809,50.8,7.357598552003184e-09,9.30021870361179e-10,988.7359171995224,0.7447815720636457,0.0001686750758633,0.00148,6.65847e-07,0.0154111111111111,0.0157,6.76e-06,0.0805555555555555,0.023,9e-06,0.0031111111111111,0.0401799999999999,0.0990777777777777,1.0,899967.347807839,1.9e-06,0.12776,3.476484732914324,0.02829307178299699,0.11804851215836168,0.22213145221660013,216.1085144435503
183.0,0.006,0.009,400000.0,0.000127,1.0,30.0,400.0,0.0040565496435433,10703.21541049564,385.3528593710531,138.38940492864495,0.0,0.0002256659025578,0.4027654440539278,0.1512346611907268,50.8,9.871817287086758e-09,8.66079002381166e-10,611.6031069369864,0.8219550971005802,0.0002166352056825,0.00148,6.65847e-07,0.0154111111111111,0.0157,6.76e-06,0.0805555555555555,0.023,9e-06,0.0031111111111111,0.0401799999999999,0.0990777777777777,1.0,744961.907663598,1.9e-06,0.12776,3.447898569835978,0.031911573438483824,0.08359078286320087,0.24361960069409214,148.80030015400578
188.0,0.006,0.009,400000.0,0.000127,1.0,35.0,400.0,0.0055621657349457,12487.084645578248,385.3528593710531,139.2612892471342,0.0,0.0001946465557751,0.3847563231197728,0.2073664380639535,50.8,1.4007380939783005e-08,8.711296127606614e-10,318.6828777167139,0.8544779250895607,0.0002976924368135,0.00148,6.65847e-07,0.0154111111111111,0.0157,6.76e-06,0.0805555555555555,0.023,9e-06,0.0031111111111111,0.0401799999999999,0.0990777777777777,1.0,1027205.827590675,1.9e-06,0.12776,3.319544095645658,0.048158975234726856,0.009449885055819174,0.3270852844101826,14.965516161525988
192.0,0.006,0.009,450000.0,0.000127,1.0,20.0,350.0,0.0010190072890898,6342.646169182605,351.11917342151344,117.1079722512694,0.0,0.0003222503102963,0.2424015495863636,0.0379902221489326,57.15,2.396732578179727e-09,4.691196127644239e-10,1248.5680000000002,1.8194498665833752,6.473590857586539e-05,0.00148,6.65847e-07,0.0154111111111111,0.0157,6.76e-06,0.0805555555555555,0.023,9e-06,0.0031111111111111,0.0401799999999999,0.0990777777777777,1.0,412462.81607465656,1.9e-06,0.12776,3.576266161592156,0.015662511190866348,0.036471327437430895,0.136504024276482,74.11686427323178
193.0,0.006,0.009,450000.0,0.000127,1.0,20.0,375.0,0.0012068378417471,6342.646169182605,351.11917342151344,116.01869671243884,0.0,0.0003192529107714,0.231358800145657,0.0449928456808814,57.15,2.772393683494351e-09,5.056535944090345e-10,1248.5680000000002,1.7814817986692262,7.300697882542216e-05,0.00148,6.65847e-07,0.0154111111111111,0.0157,6.76e-06,0.0805555555555555,0.023,9e-06,0.0031111111111111,0.0401799999999999,0.0990777777777777,1.0,390147.35683758184,1.9e-06,0.12776,3.571741533222648,0.016235248959158465,0.01842595446477549,0.14079284377987902,37.25915726216791
194.0,0.006,0.009,450000.0,0.000127,1.0,20.0,400.0,0.001408327729692,6342.646169182605,385.3528593710531,136.91980218548818,0.0,0.0003767672506984,0.3351795863320695,0.0525047110872873,57.15,3.1753734593841153e-09,5.448443850637533e-10,1248.5680000000002,1.7407526327200475,8.917293167912734e-05,0.00148,6.65847e-07,0.0154111111111111,0.0157,6.76e-06,0.0805555555555555,0.023,9e-06,0.0031111111111111,0.0401799999999999,0.0990777777777777,1.0,339975.2900849637,1.9e-06,0.12776,3.56033664279724,0.01767890597503294,0.11473487524478199,0.15141665048025452,229.13693645684324
197.0,0.006,0.009,450000.0,0.000127,1.0,25.0,350.0,0.0016010477865842,7928.307711478257,351.11917342151344,121.37404524208576,0.0,0.0002671915360792,0.2358296890473216,0.0596896231603188,57.15,3.560813573168468e-09,5.823293997295662e-10,1248.5680000000002,1.701796200419863,9.03701598631315e-05,0.00148,6.65847e-07,0.0154111111111111,0.0157,6.76e-06,0.0805555555555555,0.023,9e-06,0.0031111111111111,0.0401799999999999,0.0990777777777777,1.0,335666.2824361377,1.9e-06,0.12776,3.559268430881624,0.017814122673212158,0.008200065887002783,0.15239826373326198,16.357402041525653
199.0,0.006,0.009,450000.0,0.000127,1.0,25.0,400.0,0.0022119034279518,7928.307711478257,385.3528593710531,137.6180487214948,0.0,0.0003029509130785,0.3772989648669281,0.0824632988395307,57.15,5.535697235823552e-09,8.300038943689001e-10,1100.3142096064164,0.8803342302226058,0.0001474326935513,0.00148,6.65847e-07,0.0154111111111111,0.0157,6.76e-06,0.0805555555555555,0.023,9e-06,0.0031111111111111,0.0401799999999999,0.0990777777777777,1.0,674408.8409466143,1.9e-06,0.12776,3.4318628780458758,0.033941407842294234,0.1268956660273973,0.255161747413169,222.44052460517892
203.0,0.006,0.009,450000.0,0.000127,1.0,30.0,375.0,0.0027476463936581,9513.969253773908,351.11917342151344,126.04768590116596,0.0,0.0002312333658869,0.2946795183872227,0.1024366537898069,57.15,7.254010787316369e-09,9.326563661865763e-10,1004.2740819025448,0.7416019628912114,0.0001715005935067,0.00148,6.65847e-07,0.0154111111111111,0.0157,6.76e-06,0.0805555555555555,0.023,9e-06,0.0031111111111111,0.0401799999999999,0.0990777777777777,1.0,549667.9938445044,1.9e-06,0.12776,3.3999508076667118,0.037980910421935216,0.02430286459741568,0.2771142123189734,41.34588593467121
204.0,0.006,0.009,450000.0,0.000127,1.0,30.0,400.0,0.0032051750269972,9513.969253773908,385.3528593710531,138.38940492864492,0.0,0.0002538741403775,0.3658816898666528,0.1194940532865003,57.15,8.169068053994481e-09,9.093841722517852e-10,867.0154919008279,0.7696894931823515,0.0002071735512379,0.00148,6.65847e-07,0.0154111111111111,0.0157,6.76e-06,0.0805555555555555,0.023,9e-06,0.0031111111111111,0.0401799999999999,0.0990777777777777,1.0,864812.4709882777,1.9e-06,0.12776,3.2807797170791186,0.05306585859757991,0.0784476365801525,0.3487878945305325,120.22851352779556
209.0,0.006,0.009,450000.0,0.000127,1.0,35.0,400.0,0.0043947976177349,11099.63079606956,385.3528593710531,139.2612892471342,0.0,0.000218977375247,0.4078339977064311,0.163845086865346,57.15,1.0548313235469832e-08,8.488740191739133e-10,510.12871467952544,0.842720027486874,0.0002582322335658,0.00148,6.65847e-07,0.0154111111111111,0.0157,6.76e-06,0.0805555555555555,0.023,9e-06,0.0031111111111111,0.0401799999999999,0.0990777777777777,1.0,1249342.510662701,1.9e-06,0.12776,3.1946782782024816,0.06396477491107828,0.0760489108410849,0.3923195132570462,108.76106160038707
214.0,0.006,0.009,450000.0,0.000127,1.0,40.0,400.0,0.0057886191198276,12685.29233836521,385.3528593710531,140.2444315262848,0.0,0.0001929578777083,0.407112750201997,0.2158089825777647,57.15,1.4913194479310416e-08,8.924950367174943e-10,314.7009213969514,0.8442481198809079,0.0003553258336545,0.00148,6.65847e-07,0.0154111111111111,0.0157,6.76e-06,0.0805555555555555,0.023,9e-06,0.0031111111111111,0.0401799999999999,0.0990777777777777,1.0,1428180.0924115242,1.9e-06,0.12776,3.096675925034676,0.07637013607156005,0.02336376762423209,0.4352866579943568,31.051034604461776
215.0,0.006,0.009,500000.0,0.000127,1.0,20.0,400.0,0.0011407454610505,5708.3815522643445,385.3528593710531,136.91980218548815,0.0,0.0004186302785538,0.3501736628767907,0.0425288159807027,63.5,2.6402089221011323e-09,4.927982959016404e-10,1248.5680000000002,1.7948417125032383,8.47069083429868e-05,0.00148,6.65847e-07,0.0154111111111111,0.0157,6.76e-06,0.0805555555555555,0.023,9e-06,0.0031111111111111,0.0401799999999999,0.0990777777777777,1.0,638914.361563787,1.9e-06,0.12776,3.422942401812998,0.03507058204898762,0.13970484689608778,0.2614313145108639,242.8328921529344
219.0,0.006,0.009,500000.0,0.000127,1.0,25.0,400.0,0.001791641776641,7135.476940330431,385.3528593710531,137.6180487214948,0.0,0.0003366121256428,0.3663256866677029,0.0667952720600199,63.5,3.942001553282041e-09,6.194008837655615e-10,1248.5680000000002,1.663269531269784,0.0001196758566992,0.00148,6.65847e-07,0.0154111111111111,0.0157,6.76e-06,0.0805555555555555,0.023,9e-06,0.0031111111111111,0.0401799999999999,0.0990777777777777,1.0,821897.886156511,1.9e-06,0.12776,3.2687743694334523,0.05458552285652502,0.13159041460768298,0.35522810346519224,199.68043016305384
223.0,0.006,0.009,500000.0,0.000127,1.0,30.0,375.0,0.0022255935788631,8562.572328396516,351.11917342151344,126.04768590116596,0.0,0.0002569259620965,0.2739966372551335,0.0829736895697436,63.5,5.58589445583147e-09,8.338898893388952e-10,1098.488856151583,0.8751207013187472,0.0001511625997601,0.00148,6.65847e-07,0.0154111111111111,0.0157,6.76e-06,0.0805555555555555,0.023,9e-06,0.0031111111111111,0.0401799999999999,0.0990777777777777,1.0,843918.4335904119,1.9e-06,0.12776,3.2788843616635295,0.05330577700461652,0.023082947685389793,0.3498131873924184,35.32112864845053
224.0,0.006,0.009,500000.0,0.000127,1.0,30.0,400.0,0.0025961917718677,8562.572328396516,385.3528593710531,138.38940492864495,0.0,0.0002820823781973,0.3751138053934184,0.0967901831620652,63.5,6.944754496848473e-09,9.390854217505714e-10,1049.0757637509646,0.7339882621314112,0.0002009646938575,0.00148,6.65847e-07,0.0154111111111111,0.0157,6.76e-06,0.0805555555555555,0.023,9e-06,0.0031111111111111,0.0401799999999999,0.0990777777777777,1.0,1196855.5349044022,1.9e-06,0.12776,3.200024888778605,0.06328798876220194,0.1103836222313532,0.389786530195812,158.52274347799138
229.0,0.006,0.009,500000.0,0.000127,1.0,35.0,400.0,0.0035597860703652,9989.667716462602,385.3528593710531,139.26128924713427,0.0,0.0002433081947189,0.3910961211725189,0.1327145203609304,63.5,8.87829014073057e-09,8.913468815308698e-10,760.6321788904145,0.7914589469310347,0.0002471038554609,0.00148,6.65847e-07,0.0154111111111111,0.0157,6.76e-06,0.0805555555555555,0.023,9e-06,0.0031111111111111,0.0401799999999999,0.0990777777777777,1.0,1098021.3735411798,1.9e-06,0.12776,3.484205438979298,0.02731576721781039,0.09044160081158839,0.2161167899734427,166.84943935714722
234.0,0.006,0.009,500000.0,0.000127,1.0,40.0,400.0,0.0046887814870603,11416.763104528687,385.3528593710531,140.24443152628467,0.0,0.0002143976418982,0.373878744266704,0.1748052758879893,63.5,1.1136280974120711e-08,8.33920529660675e-10,421.9335538818937,0.8607675992301396,0.0003009444761128,0.00148,6.65847e-07,0.0154111111111111,0.0157,6.76e-06,0.0805555555555555,0.023,9e-06,0.0031111111111111,0.0401799999999999,0.0990777777777777,1.0,1520991.9510498252,1.9e-06,0.12776,3.460133400321087,0.030362860718849766,0.031133468378714696,0.234569769366835,56.083907525290996
235.0,0.006,0.009,550000.0,0.000127,1.0,25.0,350.0,0.0010717757910191,6486.797218482209,351.11917342151344,121.37404524208571,0.0,0.0003265674329857,0.2368594888276889,0.0399575163304613,69.85,2.502269582038396e-09,4.793833502321892e-10,1248.5680000000002,1.80878324160338,8.196146088416541e-05,0.00148,6.65847e-07,0.0154111111111111,0.0157,6.76e-06,0.0805555555555555,0.023,9e-06,0.0031111111111111,0.0401799999999999,0.0990777777777777,1.0,632397.5331057415,1.9e-06,0.12776,3.428522379593324,0.03436425574768054,0.028961972497227484,0.2575219729480852,50.6077338955226
237.0,0.006,0.009,550000.0,0.000127,1.0,25.0,400.0,0.0014806956831743,6486.797218482209,385.3528593710531,137.61804872149483,0.0,0.0003702733382071,0.3592040097675382,0.0552027041818346,69.85,3.320109366348795e-09,5.589203138558362e-10,1248.5680000000002,1.7261241746031273,0.0001132658617105,0.00148,6.65847e-07,0.0154111111111111,0.0157,6.76e-06,0.0805555555555555,0.023,9e-06,0.0031111111111111,0.0401799999999999,0.0990777777777777,1.0,834181.5782363723,1.9e-06,0.12776,3.2861507830112133,0.05238597683402364,0.1360613055857036,0.34586477120079245,209.46300099689756
239.0,0.006,0.009,550000.0,0.000127,1.0,30.0,325.0,0.0012886249545255,7784.156662178651,319.92671377973846,124.22765403161044,0.0,0.0002785377631741,0.2334264538371636,0.0480420001046398,69.85,2.935967909051108e-09,5.215615967799929e-10,1248.5680000000002,1.7649493516922048,8.609023971153168e-05,0.00148,6.65847e-07,0.0154111111111111,0.0157,6.76e-06,0.0805555555555555,0.023,9e-06,0.0031111111111111,0.0401799999999999,0.0990777777777777,1.0,615936.1100550261,1.9e-06,0.12776,3.4243871103379644,0.03488770755215641,0.017444453732523596,0.2604231042513222,30.363082399786453
240.0,0.006,0.009,550000.0,0.000127,1.0,30.0,350.0,0.0015537765965619,7784.156662178651,351.11917342151344,124.24007264004004,0.0,0.0002785656076298,0.2265440258175432,0.0579272775623844,69.85,3.466271193123926e-09,5.731349169142847e-10,1248.5680000000002,1.7113515987709649,0.0001079073780074,0.00148,6.65847e-07,0.0154111111111111,0.0157,6.76e-06,0.0805555555555555,0.023,9e-06,0.0031111111111111,0.0401799999999999,0.0990777777777777,1.0,494894.69258300535,1.9e-06,0.12776,3.3901371021440667,0.03922315162733336,0.0006767482551586768,0.28360728880166025,1.1409942395133226
241.0,0.006,0.009,550000.0,0.000127,1.0,30.0,375.0,0.0018393335362505,7784.156662178651,351.11917342151344,126.047685901166,0.0,0.0002826185583062,0.2703752205424923,0.0685732971650772,69.85,4.1160521450020675e-09,6.502962183319231e-10,1224.96787824969,1.523804849233864,0.0001257400879614,0.00148,6.65847e-07,0.0154111111111111,0.0157,6.76e-06,0.0805555555555555,0.023,9e-06,0.0031111111111111,0.0401799999999999,0.0990777777777777,1.0,747915.1009653291,1.9e-06,0.12776,3.2623268490889488,0.05540166467228499,0.033861923377414976,0.3586345457596679,51.11193644519999
242.0,0.006,0.009,550000.0,0.000127,1.0,30.0,400.0,0.0021456130346014,7784.156662178651,385.3528593710531,138.389404928645,0.0,0.000310290616017,0.381189869807889,0.0799918869107977,69.85,5.292632460205351e-09,8.11187145248406e-10,1109.1529287198057,0.90557915878629,0.0001731457774137,0.00148,6.65847e-07,0.0154111111111111,0.0157,6.76e-06,0.0805555555555555,0.023,9e-06,0.0031111111111111,0.0401799999999999,0.0990777777777777,1.0,1006860.6041618616,1.9e-06,0.12776,3.458378451189397,0.030585006178557365,0.1332579828970912,0.23588114681277475,239.63999337140106
244.0,0.006,0.009,550000.0,0.000127,1.0,35.0,325.0,0.0017685074221946,9081.516105875093,319.92671377973846,125.1182917966141,0.0,0.0002404583244541,0.2430867737059374,0.0659327863112908,69.85,3.895732844389234e-09,6.149011361539636e-10,1248.568,1.6679459096775804,0.0001096258786659,0.00148,6.65847e-07,0.0154111111111111,0.0157,6.76e-06,0.0805555555555555,0.023,9e-06,0.0031111111111111,0.0401799999999999,0.0990777777777777,1.0,477044.2932222378,1.9e-06,0.12776,3.384451260654997,0.03994287839810168,0.0092139873946466,0.2873161406141595,15.454312345758582
247.0,0.006,0.009,550000.0,0.000127,1.0,35.0,400.0,0.0029419719589795,9081.516105875093,385.3528593710531,139.26128924713427,0.0,0.0002676390141908,0.4022844331092007,0.1096814217858928,69.85,7.642661917959146e-09,9.22771996306504e-10,945.976412306128,0.753531544571103,0.0002394050928853,0.00148,6.65847e-07,0.0154111111111111,0.0157,6.76e-06,0.0805555555555555,0.023,9e-06,0.0031111111111111,0.0401799999999999,0.0990777777777777,1.0,1209584.0562066857,1.9e-06,0.12776,3.394472512399967,0.03867436551899157,0.1246630113233079,0.2807532760900324,211.01855964235213
252.0,0.006,0.009,550000.0,0.000127,1.0,40.0,400.0,0.0038750260223639,10378.875549571534,385.3528593710531,140.2444315262848,0.0,0.000235837406088,0.3938271164379805,0.1444671701553631,69.85,9.50877004472786e-09,8.753122013724584e-10,666.0601932908211,0.8108114225042475,0.0002883510617527,0.00148,6.65847e-07,0.0154111111111111,0.0157,6.76e-06,0.0805555555555555,0.023,9e-06,0.0031111111111111,0.0401799999999999,0.0990777777777777,1.0,1467390.1136266673,1.9e-06,0.12776,3.3523564631199685,0.044005510997472345,0.0814199462826174,0.30755171602600345,132.68545052620786
253.0,0.006,0.009,600000.0,0.000127,1.0,25.0,375.0,0.0010663703063115,5946.230783608694,351.11917342151344,122.03933989510811,0.0,0.0003582081448977,0.2102084807547045,0.039755991211784,76.2,2.491458612623068e-09,4.78331956429125e-10,1248.5680000000002,1.8098759062821863,8.909514565549605e-05,0.00148,6.65847e-07,0.0154111111111111,0.0157,6.76e-06,0.0805555555555555,0.023,9e-06,0.0031111111111111,0.0401799999999999,0.0990777777777777,1.0,602057.6754170663,1.9e-06,0.12776,3.488932586099812,0.026717394164580775,0.002512489542920493,0.21238807302416304,4.65716575728773
254.0,0.006,0.009,600000.0,0.000127,1.0,25.0,400.0,0.0012441956782229,5946.230783608694,385.3528593710531,137.6180487214949,0.0,0.0004039345507714,0.3524419742296054,0.046385605597236,76.2,2.847109356445863e-09,5.129198803927514e-10,1248.5680000000002,1.7739302856040169,0.000108316517716,0.00148,6.65847e-07,0.0154111111111111,0.0157,6.76e-06,0.0805555555555555,0.023,9e-06,0.0031111111111111,0.0401799999999999,0.0990777777777777,1.0,479504.710446881,1.9e-06,0.12776,3.4531324662678506,0.03124905490280376,0.1381163686323694,0.23977452885233688,247.11136307963093
255.0,0.006,0.009,600000.0,0.000127,1.0,30.0,325.0,0.0010828029131777,7135.476940330432,319.92671377973846,124.22765403161053,0.0,0.0003038593780081,0.2197268738665735,0.0403686250879266,76.2,2.5243238263554473e-09,4.815281806276332e-10,1248.5680000000002,1.806554219130255,8.290755319398048e-05,0.00148,6.65847e-07,0.0154111111111111,0.0157,6.76e-06,0.0805555555555555,0.023,9e-06,0.0031111111111111,0.0401799999999999,0.0990777777777777,1.0,628256.1944129672,1.9e-06,0.12776,3.495377644071241,0.025901564041615047,0.011418248778646889,0.2072467630614131,21.303093507071928
256.0,0.006,0.009,600000.0,0.000127,1.0,30.0,350.0,0.0013056039457222,7135.476940330432,351.11917342151344,124.24007264004024,0.0,0.000303889753778,0.2336119058196395,0.048675004062837,76.2,2.969925891444413e-09,5.248640954626979e-10,1248.5680000000002,1.7615172184117134,0.0001031423103387,0.00148,6.65847e-07,0.0154111111111111,0.0157,6.76e-06,0.0805555555555555,0.023,9e-06,0.0031111111111111,0.0401799999999999,0.0990777777777777,1.0,525871.6715625698,1.9e-06,0.12776,3.4678868321318164,0.029381413654200456,0.01699690175680249,0.22872177013319078,30.85218918922395
257.0,0.006,0.009,600000.0,0.000127,1.0,30.0,375.0,0.0015455510964327,7135.476940330432,351.11917342151344,126.04768590116616,0.0,0.0003083111545159,0.2761111588402195,0.0576206177567663,76.2,3.449820192865452e-09,5.715350160116474e-10,1248.568,1.7130143013670889,0.0001172340332454,0.00148,6.65847e-07,0.0154111111111111,0.0157,6.76e-06,0.0805555555555555,0.023,9e-06,0.0031111111111111,0.0401799999999999,0.0990777777777777,1.0,898509.3278485008,1.9e-06,0.12776,3.4265786199062784,0.034610301277686314,0.05055054108345319,0.25888846277256566,88.16871906187332
258.0,0.006,0.009,600000.0,0.000127,1.0,30.0,400.0,0.0018029109526859,7135.476940330432,385.3528593710531,138.38940492864498,0.0,0.0003384988538367,0.398703215901144,0.0672154049736564,76.2,3.97036181074379e-09,6.23192753420768e-10,1246.8214283884315,1.6513836895888234,0.000144555458744,0.00148,6.65847e-07,0.0154111111111111,0.0157,6.76e-06,0.0805555555555555,0.023,9e-06,0.0031111111111111,0.0401799999999999,0.0990777777777777,1.0,691906.7240070138,1.9e-06,0.12776,3.369512539555628,0.041833855752452145,0.16354781092748757,0.29688007089547724,270.63209017047564
262.0,0.006,0.009,600000.0,0.000127,1.0,35.0,375.0,0.002119704300064,8324.72309705217,351.11917342151344,129.00967369008958,0.0,0.000270476692926,0.2503111003638377,0.0790259678332672,76.2,5.197633766901457e-09,8.038328645875094e-10,1112.607426658129,0.9154458094352812,0.0001702025654284,0.00148,6.65847e-07,0.0154111111111111,0.0157,6.76e-06,0.0805555555555555,0.023,9e-06,0.0031111111111111,0.0401799999999999,0.0990777777777777,1.0,970656.5284553583,1.9e-06,0.12776,3.323727255320293,0.047629461351861684,0.003345132530570477,0.3246565175272191,5.316712667549703
270.0,0.006,0.0095,400000.0,0.000127,1.0,20.0,325.0,0.0014025700730985,7135.476940330428,319.92671377973846,122.8513959770888,0.0,0.0003004930670229,0.2348184879889913,0.0522900564372307,50.8,3.1638581461970922e-09,5.437244920680326e-10,1248.5680000000002,1.74191648542386,6.66748732931896e-05,0.00148,6.65847e-07,0.0154111111111111,0.0157,6.76e-06,0.0805555555555555,0.023,9e-06,0.0031111111111111,0.0401799999999999,0.0990777777777777,1.0,532483.395129882,1.9e-06,0.12776,3.5963084469468627,0.013125513044700965,0.014588431551760594,0.11697975120415467,30.316873611751603
271.0,0.006,0.0095,400000.0,0.000127,1.0,20.0,350.0,0.0016769290218943,7135.476940330428,351.11917342151344,116.5776222136802,0.0,0.0002851474903204,0.2800198204949692,0.0625185970226575,50.8,3.712576043788761e-09,5.970886794035665e-10,1248.5680000000002,1.68645756751427,8.33003026196457e-05,0.00148,6.65847e-07,0.0154111111111111,0.0157,6.76e-06,0.0805555555555555,0.023,9e-06,0.0031111111111111,0.0401799999999999,0.0990777777777777,1.0,492685.7545610723,1.9e-06,0.12776,3.59044235060661,0.013868056885239276,0.049561223472311594,0.12278502280863872,102.3182739989668
272.0,0.006,0.0095,400000.0,0.000127,1.0,20.0,375.0,0.0019724612195541,7135.476940330428,351.11917342151344,116.54623779973193,0.0,0.0002850707244137,0.2675386622871519,0.0735365102029294,50.8,4.648562878216534e-09,7.49361719457793e-10,1145.09126826752,1.0574931878189542,0.000102705437411,0.00148,6.65847e-07,0.0154111111111111,0.0157,6.76e-06,0.0805555555555555,0.023,9e-06,0.0031111111111111,0.0401799999999999,0.0990777777777777,1.0,442880.33340296557,1.9e-06,0.12776,3.5821329428069744,0.014919880657345012,0.026062152084222495,0.13087883437391898,53.308412508387015
273.0,0.006,0.0095,400000.0,0.000127,1.0,20.0,400.0,0.0022895052282285,7135.476940330428,385.3528593710531,134.46100351272275,0.0,0.0003288900302611,0.4349160939928063,0.0853564181167244,50.8,5.820237170171243e-09,8.52031424050093e-10,1089.9673029028638,0.8507816539685871,0.0001370531496131,0.00148,6.65847e-07,0.0154111111111111,0.0157,6.76e-06,0.0805555555555555,0.023,9e-06,0.0031111111111111,0.0401799999999999,0.0990777777777777,1.0,326210.63210061233,1.9e-06,0.12776,3.5570435311756525,0.018095755547385767,0.18161967587608188,0.1544355199835869,361.4221590377206
276.0,0.006,0.0095,400000.0,0.000127,1.0,25.0,350.0,0.0026356584957211,8919.346175413035,351.11917342151344,120.75933760004048,0.0,0.0002363007335064,0.3079115446801936,0.0982615657740777,50.8,7.030034991442304e-09,9.383526306151435e-10,1037.8704512836543,0.7347270631661563,0.0001485521252796,0.00148,6.65847e-07,0.0154111111111111,0.0157,6.76e-06,0.0805555555555555,0.023,9e-06,0.0031111111111111,0.0401799999999999,0.0990777777777777,1.0,955439.444523842,1.9e-06,0.12776,3.485260391573241,0.027182228914779644,0.041709978906115885,0.2152877195782848,77.02923201655189
278.0,0.006,0.0095,400000.0,0.000127,1.0,25.0,400.0,0.0035972512537132,8919.346175413035,385.3528593710531,135.1301442765301,0.0,0.000264421392548,0.3898047686919278,0.1341112823404342,50.8,8.953220507426413e-09,8.894412149798776e-10,749.3926238860382,0.7937589220483693,0.0001991124252415,0.00148,6.65847e-07,0.0154111111111111,0.0157,6.76e-06,0.0805555555555555,0.023,9e-06,0.0031111111111111,0.0401799999999999,0.0990777777777777,1.0,807257.1719266032,1.9e-06,0.12776,3.460180553807629,0.030356891923084963,0.08775348635149358,0.23453447204866348,158.0866387310435
283.0,0.006,0.0095,400000.0,0.000127,1.0,30.0,400.0,0.0052150361757188,10703.21541049564,385.3528593710531,135.9033845594569,0.0,0.0002216120515373,0.4708727572832414,0.1944248926886786,50.8,1.2618862702875276e-08,8.38378633106719e-10,324.7868038861603,0.8701591557980782,0.0002698662712827,0.00148,6.65847e-07,0.0154111111111111,0.0157,6.76e-06,0.0805555555555555,0.023,9e-06,0.0031111111111111,0.0401799999999999,0.0990777777777777,1.0,1151447.4566997413,1.9e-06,0.12776,3.344284790046529,0.04502724176626215,0.10850786459456269,0.3124613001596478,175.5753382895204
290.0,0.006,0.0095,400000.0,0.000127,1.0,40.0,400.0,0.0094292836374668,14270.953880660856,385.3528593710531,137.8089229723923,0.0,0.0001685395009057,0.5253508404237646,0.3515387808585848,50.8,2.261728527493374e-08,1.341803229542494e-09,173.81265450132528,0.6422731789642767,0.000475509117911,0.00148,6.65847e-07,0.0154111111111111,0.0157,6.76e-06,0.0805555555555555,0.023,9e-06,0.0031111111111111,0.0401799999999999,0.0990777777777777,1.0,1965869.8181681593,1.9e-06,0.12776,3.2076678455155943,0.062320525884102036,0.005872059565179694,0.3861287539592733,8.483457573404252
291.0,0.006,0.0095,450000.0,0.000127,1.0,20.0,325.0,0.0011082035145469,6342.646169182605,319.92671377973846,122.8513959770888,0.0,0.0003380547004008,0.2325901085700299,0.0413156001479354,57.15,2.5751250290939994e-09,4.864687245969642e-10,1248.5680000000002,1.8014197415694695,6.319953343979147e-05,0.00148,6.65847e-07,0.0154111111111111,0.0157,6.76e-06,0.0805555555555555,0.023,9e-06,0.0031111111111111,0.0401799999999999,0.0990777777777777,1.0,416454.40331317653,1.9e-06,0.12776,3.577043625776536,0.015564098002970159,0.023334508422094474,0.1357627646701842,47.46098841988869
292.0,0.006,0.0095,450000.0,0.000127,1.0,20.0,350.0,0.0013249809555708,6342.646169182605,351.11917342151344,116.57762221367967,0.0,0.0003207909266105,0.2792714487411992,0.0493974099932108,57.15,3.008679911141732e-09,5.286330207633114e-10,1248.5680000000002,1.7576003496409052,7.821015576789954e-05,0.00148,6.65847e-07,0.0154111111111111,0.0157,6.76e-06,0.0805555555555555,0.023,9e-06,0.0031111111111111,0.0401799999999999,0.0990777777777777,1.0,375198.79239974293,1.9e-06,0.12776,3.5685314068646203,0.016641594067769595,0.06193403874798839,0.1438099239769589,124.797170766287
293.0,0.006,0.0095,450000.0,0.000127,1.0,20.0,375.0,0.0015584878771785,6342.646169182605,351.11917342151344,116.5462377997317,0.0,0.0003207045649654,0.2681404707166376,0.0581029216418207,57.15,3.475693754357151e-09,5.740512845506189e-10,1248.5680000000002,1.7103992605071228,8.849538534422144e-05,0.00148,6.65847e-07,0.0154111111111111,0.0157,6.76e-06,0.0805555555555555,0.023,9e-06,0.0031111111111111,0.0401799999999999,0.0990777777777777,1.0,342361.17496704083,1.9e-06,0.12776,3.5609216525631213,0.017604854105934046,0.042097549074816776,0.15087810260810192,84.12634121226965
294.0,0.006,0.0095,450000.0,0.000127,1.0,20.0,400.0,0.0018089917852669,6342.646169182605,385.3528593710531,134.46100351272273,0.0,0.0003700012840437,0.4048705633731595,0.0674421081416093,57.15,3.994685141067913e-09,6.27717738096784e-10,1243.172928839813,1.6300841140739442,0.0001090518823204,0.00148,6.65847e-07,0.0154111111111111,0.0157,6.76e-06,0.0805555555555555,0.023,9e-06,0.0031111111111111,0.0401799999999999,0.0990777777777777,1.0,799854.9297792552,1.9e-06,0.12776,3.4581594720451845,0.030612725057571587,0.16948845523155007,0.2360444626885014,304.728695889738
297.0,0.006,0.0095,450000.0,0.000127,1.0,25.0,350.0,0.0020824956015574,7928.307711478257,351.11917342151344,120.7593376000408,0.0,0.0002658383251947,0.2977266693659959,0.0776387680190245,57.15,5.0612018723773445e-09,7.932710514874229e-10,1117.5685864590057,0.9296157500295504,0.0001247021834738,0.00148,6.65847e-07,0.0154111111111111,0.0157,6.76e-06,0.0805555555555555,0.023,9e-06,0.0031111111111111,0.0401799999999999,0.0990777777777777,1.0,752921.1833043158,1.9e-06,0.12776,3.448910102871452,0.03178353128209469,0.05214790134697139,0.24287951504101885,92.91952490628704
298.0,0.006,0.0095,450000.0,0.000127,1.0,25.0,375.0,0.0024490570819342,7928.307711478257,351.11917342151344,121.945562973477,0.0,0.0002684496691524,0.2687988605517055,0.0913047665058387,57.15,6.405260633758796e-09,8.97320749563967e-10,1068.6937224087712,0.7900205852008715,0.000153761206946,0.00148,6.65847e-07,0.0154111111111111,0.0157,6.76e-06,0.0805555555555555,0.023,9e-06,0.0031111111111111,0.0401799999999999,0.0990777777777777,1.0,648654.2634717871,1.9e-06,0.12776,3.425794403232495,0.034709569211076555,0.009554094045866796,0.25943835491384837,16.65159640086122
299.0,0.006,0.0095,450000.0,0.000127,1.0,25.0,400.0,0.0028422725955264,7928.307711478257,385.3528593710531,135.1301442765301,0.0,0.0002974740666165,0.3984937033169164,0.1059644699973802,57.15,7.4432631910529725e-09,9.278432044285451e-10,975.886221342054,0.7474110338818392,0.0001915978142611,0.00148,6.65847e-07,0.0154111111111111,0.0157,6.76e-06,0.0805555555555555,0.023,9e-06,0.0031111111111111,0.0401799999999999,0.0990777777777777,1.0,952752.4629457565,1.9e-06,0.12776,3.3018753278542365,0.050395528119716926,0.12458923331953628,0.33715403440850517,194.35614626056613
301.0,0.006,0.0095,450000.0,0.000127,1.0,30.0,325.0,0.0025273814025861,9513.969253773908,319.92671377973846,124.48320436304016,0.0,0.0002283633383307,0.2724052238143748,0.094224822498654,57.15,6.692449809482375e-09,9.195533690620736e-10,1058.2504796551864,0.7601928563291518,0.0001463868553681,0.00148,6.65847e-07,0.0154111111111111,0.0157,6.76e-06,0.0805555555555555,0.023,9e-06,0.0031111111111111,0.0401799999999999,0.0990777777777777,1.0,678441.2644944891,1.9e-06,0.12776,3.432790610377495,0.03382397336993734,0.010240401315720682,0.2545035944059408,17.966673644453927
302.0,0.006,0.0095,450000.0,0.000127,1.0,30.0,350.0,0.0030202742275261,9513.969253773908,351.11917342151344,123.58805969024093,0.0,0.000226721203339,0.3114436290141902,0.1126006556409406,57.15,7.799266455052395e-09,9.187891514168799e-10,922.4857317421408,0.7583384947364241,0.0001821621676409,0.00148,6.65847e-07,0.0154111111111111,0.0157,6.76e-06,0.0805555555555555,0.023,9e-06,0.0031111111111111,0.0401799999999999,0.0990777777777777,1.0,995502.9365236508,1.9e-06,0.12776,3.3114463110964327,0.049184011253616135,0.030902973373249487,0.331737608017138,48.601809308883134
304.0,0.006,0.0095,450000.0,0.000127,1.0,30.0,400.0,0.0041205224104445,9513.969253773908,385.3528593710531,135.90338455945692,0.0,0.0002493135579795,0.4283306470578512,0.1536196682972278,57.15,9.999762820889013e-09,8.628250275927401e-10,592.4112768666487,0.8258823639363847,0.0002464603230026,0.00148,6.65847e-07,0.0154111111111111,0.0157,6.76e-06,0.0805555555555555,0.023,9e-06,0.0031111111111111,0.0401799999999999,0.0990777777777777,1.0,810857.6737997968,1.9e-06,0.12776,3.2716627919770795,0.05421989974973678,0.10677097876062328,0.35369028823026477,162.40487229456406
314.0,0.006,0.0095,450000.0,0.000127,1.0,40.0,400.0,0.0074502981826898,12685.29233836521,385.3528593710531,137.80892297239225,0.0,0.0001896069385189,0.5110609469412387,0.2777590367277707,57.15,1.8659314365379745e-08,1.0940235640829584e-09,252.9720726924052,0.7533191981939964,0.0004422928396294,0.00148,6.65847e-07,0.0154111111111111,0.0157,6.76e-06,0.0805555555555555,0.023,9e-06,0.0031111111111111,0.0401799999999999,0.0990777777777777,1.0,1567887.8356400214,1.9e-06,0.12776,3.479738487978834,0.027881204053312174,0.06536191021346788,0.21960796826809928,120.04462269200567
315.0,0.006,0.0095,500000.0,0.000127,1.0,20.0,350.0,0.0010732345740124,5708.3815522643445,351.11917342151344,116.57762221367996,0.0,0.0003564343629005,0.2670317474567716,0.0400119020945008,63.5,2.505187148024807e-09,4.796670908182822e-10,1248.5680000000002,1.8084883632091329,7.458179049022128e-05,0.00148,6.65847e-07,0.0154111111111111,0.0157,6.76e-06,0.0805555555555555,0.023,9e-06,0.0031111111111111,0.0401799999999999,0.0990777777777777,1.0,229485.57087863743,1.9e-06,0.12776,3.5272224296882646,0.021870578520472854,0.05907984536227079,0.18082576059604705,113.89922919505224
316.0,0.006,0.0095,500000.0,0.000127,1.0,20.0,375.0,0.0012623751805146,5708.3815522643445,351.11917342151344,116.5462377997318,0.0,0.0003563384055171,0.2765287212057634,0.0470633665298748,63.5,2.8834683610292942e-09,5.164558844860013e-10,1248.5680000000002,1.7702554810107691,8.383650219054218e-05,0.00148,6.65847e-07,0.0154111111111111,0.0157,6.76e-06,0.0805555555555555,0.023,9e-06,0.0031111111111111,0.0401799999999999,0.0990777777777777,1.0,641948.7228007384,1.9e-06,0.12776,3.4236818255200596,0.034976984111384855,0.06152535467588838,0.26091564088043423,107.0171266256217
317.0,0.006,0.0095,500000.0,0.000127,1.0,20.0,400.0,0.0014652833460662,5708.3815522643445,385.3528593710531,134.46100351272275,0.0,0.0004111125378263,0.4153532536164018,0.0546281075947036,63.5,3.2892846921325076e-09,5.559225372266167e-10,1248.5680000000002,1.7292396244261676,0.0001021409327803,0.00148,6.65847e-07,0.0154111111111111,0.0157,6.76e-06,0.0805555555555555,0.023,9e-06,0.0031111111111111,0.0401799999999999,0.0990777777777777,1.0,569644.6687280857,1.9e-06,0.12776,3.405028274355648,0.03733819311953823,0.1927851460216982,0.2737083706103864,329.5260527555297
319.0,0.006,0.0095,500000.0,0.000127,1.0,25.0,325.0,0.001411159688171,7135.476940330431,319.92671377973846,123.639374663797,0.0,0.000302420453606,0.2266798494456743,0.0526102910305165,63.5,3.1810373763420315e-09,5.453952151477031e-10,1248.5680000000002,1.740180180633111,8.372654022691636e-05,0.00148,6.65847e-07,0.0154111111111111,0.0157,6.76e-06,0.0805555555555555,0.023,9e-06,0.0031111111111111,0.0401799999999999,0.0990777777777777,1.0,642330.0377736735,1.9e-06,0.12776,3.4237744897993414,0.03496525445577956,0.0061295584151577764,0.2608509660901726,10.662679379307491
320.0,0.006,0.0095,500000.0,0.000127,1.0,25.0,350.0,0.0016868214372615,7135.476940330431,351.11917342151344,120.75933760004052,0.0,0.000295375916883,0.2993631388856983,0.0628874020954097,63.5,3.732360874523078e-09,5.990128036545553e-10,1248.5680000000002,1.6844579146719527,0.0001046095824804,0.00148,6.65847e-07,0.0154111111111111,0.0157,6.76e-06,0.0805555555555555,0.023,9e-06,0.0031111111111111,0.0401799999999999,0.0990777777777777,1.0,557793.2750757501,1.9e-06,0.12776,3.401753301728623,0.03775274661663003,0.0685357367902886,0.27590880604834533,116.79264671574775
321.0,0.006,0.0095,500000.0,0.000127,1.0,25.0,375.0,0.0019837362363667,7135.476940330431,351.11917342151344,121.945562973477,0.0,0.0002982774101694,0.2804054247671778,0.0739568608697294,63.5,4.693662945466869e-09,7.577518991936922e-10,1138.3262581799695,1.0179997354288446,0.0001295731421211,0.00148,6.65847e-07,0.0154111111111111,0.0157,6.76e-06,0.0805555555555555,0.023,9e-06,0.0031111111111111,0.0401799999999999,0.0990777777777777,1.0,548539.1190877988,1.9e-06,0.12776,3.4013154680650075,0.03780816859936615,0.03850856389744839,0.27620197397911306,65.59637887830712
322.0,0.006,0.0095,500000.0,0.000127,1.0,25.0,400.0,0.0023022408023764,7135.476940330431,385.3528593710531,135.13014427653007,0.0,0.000330526740685,0.3902762025111661,0.0858312206978779,63.5,5.866934275380331e-09,8.556464592238976e-10,1088.2692263498063,0.8459316501696577,0.0001725476673428,0.00148,6.65847e-07,0.0154111111111111,0.0157,6.76e-06,0.0805555555555555,0.023,9e-06,0.0031111111111111,0.0401799999999999,0.0990777777777777,1.0,958957.3294612888,1.9e-06,0.12776,3.319078813867822,0.04821787166230101,0.1365049818132881,0.32735435055681333,216.09264612037776
324.0,0.006,0.0095,500000.0,0.000127,1.0,30.0,325.0,0.0020471789360947,8562.572328396516,319.92671377973846,124.48320436304016,0.0,0.0002537370425897,0.2635514552407345,0.0763221062239097,63.5,4.9317074323473885e-09,7.832462982736129e-10,1122.2774751873678,0.94306516029328,0.0001241144443372,0.00148,6.65847e-07,0.0154111111111111,0.0157,6.76e-06,0.0805555555555555,0.023,9e-06,0.0031111111111111,0.0401799999999999,0.0990777777777777,1.0,796457.3254016046,1.9e-06,0.12776,3.2619956276408444,0.05544359143786784,0.019289349016824775,0.35880856945094997,29.107870169392164
325.0,0.006,0.0095,500000.0,0.000127,1.0,30.0,350.0,0.0024464221242962,8562.572328396516,351.11917342151344,123.58805969024102,0.0,0.0002519124481544,0.3250408854459105,0.0912065310691619,63.5,6.39559912241947e-09,8.965728080552294e-10,1069.0450500938375,0.7910240385517661,0.0001706136963227,0.00148,6.65847e-07,0.0154111111111111,0.0157,6.76e-06,0.0805555555555555,0.023,9e-06,0.0031111111111111,0.0401799999999999,0.0990777777777777,1.0,1001387.1403447711,1.9e-06,0.12776,3.132527460363484,0.07183196704259699,0.06589435437674859,0.4202918161166997,89.90064077084584
326.0,0.006,0.0095,500000.0,0.000127,1.0,30.0,375.0,0.0028764096654432,8562.572328396516,351.11917342151344,125.55369301366288,0.0,0.000255919044778,0.3106039311580639,0.1072371545831906,63.5,7.511537330886583e-09,9.26106822367227e-10,965.6451003670126,0.7495066972250085,0.0001961512114099,0.00148,6.65847e-07,0.0154111111111111,0.0157,6.76e-06,0.0805555555555555,0.023,9e-06,0.0031111111111111,0.0401799999999999,0.0990777777777777,1.0,796306.5063475346,1.9e-06,0.12776,3.278219387502212,0.05338995094908709,0.03542677657487328,0.35017214065496727,54.17951504137657
327.0,0.006,0.0095,500000.0,0.000127,1.0,30.0,400.0,0.00333762315246,8562.572328396516,385.3528593710531,135.9033845594569,0.0,0.0002770150644217,0.4419942555263139,0.1244319313207545,63.5,8.433964304920097e-09,9.026471983501195e-10,827.2810542619856,0.7778204394551381,0.0002365091397979,0.00148,6.65847e-07,0.0154111111111111,0.0157,6.76e-06,0.0805555555555555,0.023,9e-06,0.0031111111111111,0.0401799999999999,0.0990777777777777,1.0,1141743.455100724,1.9e-06,0.12776,3.491207276646782,0.02642945865230606,0.1496223242055593,0.2105811537570513,277.97711009863383
330.0,0.006,0.0095,500000.0,0.000127,1.0,35.0,350.0,0.0033578185797363,9989.667716462602,351.11917342151344,125.77606060732046,0.0,0.0002197476873197,0.2932527665712727,0.1251848491622993,63.5,8.474355159472737e-09,9.016199579417095e-10,821.2224260790895,0.7790602300038225,0.0002170694456943,0.00148,6.65847e-07,0.0154111111111111,0.0157,6.76e-06,0.0805555555555555,0.023,9e-06,0.0031111111111111,0.0401799999999999,0.0990777777777777,1.0,1059313.5801169253,1.9e-06,0.12776,3.1664875843538463,0.06753321717039922,0.0001279174089731938,0.4053346970973009,0.1790224110632462
332.0,0.006,0.0095,500000.0,0.000127,1.0,35.0,400.0,0.0045788674216627,9989.667716462602,385.3528593710531,136.79465888508074,0.0,0.0002389986598605,0.3728990069831534,0.1707075036674623,63.5,1.0916452843325522e-08,8.395113085971236e-10,454.9077735011721,0.8540200113934031,0.0002957027955168,0.00148,6.65847e-07,0.0154111111111111,0.0157,6.76e-06,0.0805555555555555,0.023,9e-06,0.0031111111111111,0.0401799999999999,0.0990777777777777,1.0,1542300.4375933143,1.9e-06,0.12776,3.4630547984757554,0.02999306348408161,0.0342515033156911,0.23237675675508765,61.87752049474849
336.0,0.006,0.0095,500000.0,0.000127,1.0,40.0,375.0,0.0052032227162166,11416.763104528687,351.11917342151344,130.4965959883092,0.0,0.0001994957101052,0.3659804306262866,0.1939844680169032,63.5,1.2571608864866664e-08,8.372640568296101e-10,324.9945317580461,0.8706928170176285,0.0003069798691004,0.00148,6.65847e-07,0.0154111111111111,0.0157,6.76e-06,0.0805555555555555,0.023,9e-06,0.0031111111111111,0.0401799999999999,0.0990777777777777,1.0,1495627.9068140616,1.9e-06,0.12776,3.456564939927063,0.030814564566194583,0.004055962609383401,0.2372315720090219,7.281012891361285
337.0,0.006,0.0095,500000.0,0.000127,1.0,40.0,400.0,0.0060347415279787,11416.763104528687,385.3528593710531,137.80892297239228,0.0,0.0002106743761321,0.4356147349944467,0.2249848197494943,63.5,1.5828201055957596e-08,9.167882269071963e-10,309.59433888084806,0.8327497625371371,0.0004177945543275,0.00148,6.65847e-07,0.0154111111111111,0.0157,6.76e-06,0.0805555555555555,0.023,9e-06,0.0031111111111111,0.0401799999999999,0.0990777777777777,1.0,1604522.167475457,1.9e-06,0.12776,3.3938142185141786,0.03875769385896473,0.04268991524495239,0.28118809620435326,72.21804070135373
338.0,0.006,0.0095,550000.0,0.000127,1.0,20.0,375.0,0.0010432852731525,5189.437774785767,351.11917342151344,116.54623779973213,0.0,0.0003919722460689,0.269132031923715,0.0388953442395659,69.85,2.4452885463051983e-09,4.738418020545463e-10,1248.568,1.8145423148849336,8.042818876766184e-05,0.00148,6.65847e-07,0.0154111111111111,0.0157,6.76e-06,0.0805555555555555,0.023,9e-06,0.0031111111111111,0.0401799999999999,0.0990777777777777,1.0,638282.4821929762,1.9e-06,0.12776,3.429973298495989,0.03418059512709,0.06229668768414909,0.25649866782848463,109.00636444336138
339.0,0.006,0.0095,550000.0,0.000127,1.0,20.0,400.0,0.0012109779719555,5189.437774785767,385.3528593710531,134.46100351272273,0.0,0.000452223791609,0.418581979406148,0.0451471963592591,69.85,2.7806739439111604e-09,5.064588704352201e-10,1248.5680000000002,1.780644912748899,9.732735636312693e-05,0.00148,6.65847e-07,0.0154111111111111,0.0157,6.76e-06,0.0805555555555555,0.023,9e-06,0.0031111111111111,0.0401799999999999,0.0990777777777777,1.0,564547.6574096492,1.9e-06,0.12776,3.4107113575382906,0.03661881550148222,0.20549478304688887,0.2698580311896386,353.11263844105656
340.0,0.006,0.0095,550000.0,0.000127,1.0,25.0,325.0,0.0011662476761743,6486.797218482209,319.92671377973846,123.639374663797,0.0,0.0003326624989666,0.2407849117735558,0.0434795793640632,69.85,2.691213352348784e-09,4.977586042543e-10,1248.5680000000002,1.7896866947381085,8.008968358669047e-05,0.00148,6.65847e-07,0.0154111111111111,0.0157,6.76e-06,0.0805555555555555,0.023,9e-06,0.0031111111111111,0.0401799999999999,0.0990777777777777,1.0,639566.7555484606,1.9e-06,0.12776,3.4302880437681558,0.034140753953398016,0.02936533240949249,0.25627631163426506,51.39864669094746
341.0,0.006,0.0095,550000.0,0.000127,1.0,25.0,350.0,0.0013940673035219,6486.797218482209,351.11917342151344,120.75933760004024,0.0,0.0003249135085713,0.2993631388856983,0.0519730595829832,69.85,3.146852607043862e-09,5.42070660871533e-10,1248.5680000000002,1.743635235266077,9.930925722747316e-05,0.00148,6.65847e-07,0.0154111111111111,0.0157,6.76e-06,0.0805555555555555,0.023,9e-06,0.0031111111111111,0.0401799999999999,0.0990777777777777,1.0,553927.5187812028,1.9e-06,0.12776,3.407732214952583,0.03699592215790089,0.07945007930271508,0.2718815037394345,136.1449532328473
342.0,0.006,0.0095,550000.0,0.000127,1.0,25.0,375.0,0.0016394514350138,6486.797218482209,351.11917342151344,121.945562973477,0.0,0.0003281051511863,0.2734340013047852,0.061121372619611,69.85,3.6376208700276275e-09,5.89799101367362e-10,1248.5680000000002,1.6940332869263075,0.0001125200792098,0.00148,6.65847e-07,0.0154111111111111,0.0157,6.76e-06,0.0805555555555555,0.023,9e-06,0.0031111111111111,0.0401799999999999,0.0990777777777777,1.0,838380.925464665,1.9e-06,0.12776,3.2872522781824696,0.052246547065510185,0.04437262868517408,0.34526205300844354,68.37350104932625
343.0,0.006,0.0095,550000.0,0.000127,1.0,25.0,400.0,0.0019026783490714,6486.797218482209,385.3528593710531,135.13014427653007,0.0,0.0003635794147535,0.3747906560549168,0.0709348931387421,69.85,4.369431396285794e-09,6.974335639996784e-10,1186.960990557131,1.3019244395734746,0.0001452449945229,0.00148,6.65847e-07,0.0154111111111111,0.0157,6.76e-06,0.0805555555555555,0.023,9e-06,0.0031111111111111,0.0401799999999999,0.0990777777777777,1.0,575624.0370848014,1.9e-06,0.12776,3.487530382597599,0.026894888278784973,0.1359157629161746,0.21349780964950735,251.57930453218938
345.0,0.006,0.0095,550000.0,0.000127,1.0,30.0,325.0,0.0016918834182601,7784.156662178651,319.92671377973846,124.48320436304016,0.0,0.0002791107468487,0.2682493413997566,0.0630761208462064,69.85,3.742484836520234e-09,5.999973842686842e-10,1248.5680000000002,1.6834346858329,0.0001058674526333,0.00148,6.65847e-07,0.0154111111111111,0.0157,6.76e-06,0.0805555555555555,0.023,9e-06,0.0031111111111111,0.0401799999999999,0.0990777777777777,1.0,511949.9703824412,1.9e-06,0.12776,3.395407033034269,0.03855607176781404,0.03723322055355019,0.2801350968174598,63.07928349784116
346.0,0.006,0.0095,550000.0,0.000127,1.0,30.0,350.0,0.0020218364663605,7784.156662178651,351.11917342151344,123.58805969024084,0.0,0.0002771036929699,0.3024266054598619,0.0753772984042659,69.85,4.83878504332187e-09,7.760527537646521e-10,1125.656471151932,0.9527161640923694,0.0001465363789855,0.00148,6.65847e-07,0.0154111111111111,0.0157,6.76e-06,0.0805555555555555,0.023,9e-06,0.0031111111111111,0.0401799999999999,0.0990777777777777,1.0,566455.8410289371,1.9e-06,0.12776,3.485060429525367,0.02720754056640923,0.05910930705559589,0.2154450012332857,109.14011586355844
347.0,0.006,0.0095,550000.0,0.000127,1.0,30.0,375.0,0.0023771980706142,7784.156662178651,351.11917342151344,125.5536930136629,0.0,0.0002815109492559,0.3046658818586958,0.0886257475894136,69.85,6.141777592252393e-09,8.769233296707676e-10,1078.2749239180948,0.8173861734217642,0.0001809679812828,0.00148,6.65847e-07,0.0154111111111111,0.0157,6.76e-06,0.0805555555555555,0.023,9e-06,0.0031111111111111,0.0401799999999999,0.0990777777777777,1.0,970766.94883651,1.9e-06,0.12776,3.451197736683236,0.03149395738186893,0.048100134269282085,0.2412004201626186,85.89710341370154
348.0,0.006,0.0095,550000.0,0.000127,1.0,30.0,400.0,0.0027583662417025,7784.156662178651,385.3528593710531,135.9033845594569,0.0,0.0003047165708639,0.4287372161438927,0.1028363068766565,69.85,7.275450483405032e-09,9.32111101115801e-10,1001.0581274892452,0.7422600507893702,0.0002297735891233,0.00148,6.65847e-07,0.0154111111111111,0.0157,6.76e-06,0.0805555555555555,0.023,9e-06,0.0031111111111111,0.0401799999999999,0.0990777777777777,1.0,1266684.5907369254,1.9e-06,0.12776,3.405821738571567,0.0372377546111941,0.1579609092672362,0.273173232415932,270.2002127733926
351.0,0.006,0.0095,550000.0,0.000127,1.0,35.0,350.0,0.002775056677468,9081.516105875093,351.11917342151344,125.77606060732026,0.0,0.0002417224560517,0.2766459593594556,0.1034585530266935,69.85,7.308831354936139e-09,9.312621421005867e-10,996.050996759579,0.743284671077539,0.0002109219634971,0.00148,6.65847e-07,0.0154111111111111,0.0157,6.76e-06,0.0805555555555555,0.023,9e-06,0.0031111111111111,0.0401799999999999,0.0990777777777777,1.0,1359192.4558499018,1.9e-06,0.12776,3.4226180145926275,0.03511164372245224,0.005247406332761995,0.26165731493515737,9.118172839550313
352.0,0.006,0.0095,550000.0,0.000127,1.0,35.0,375.0,0.0032619690722998,9081.516105875093,351.11917342151344,128.25858149447154,0.0,0.0002464934835679,0.3071409364667664,0.1216114261658543,69.85,8.282656144599716e-09,9.064953431374675e-10,849.9772783100425,0.773176060692131,0.0002341950235203,0.00148,6.65847e-07,0.0154111111111111,0.0157,6.76e-06,0.0805555555555555,0.023,9e-06,0.0031111111111111,0.0401799999999999,0.0990777777777777,1.0,1241661.3122918278,1.9e-06,0.12776,3.400946542171755,0.03785486807952474,0.017589510300911992,0.2764488179025863,29.952160526145956
353.0,0.006,0.0095,550000.0,0.000127,1.0,35.0,400.0,0.0037841879517874,9081.516105875093,385.3528593710531,136.79465888508085,0.0,0.0002628985258466,0.3707384409095427,0.1410805815433574,69.85,9.327093903574816e-09,8.799326798323333e-10,693.3116144637778,0.8052349036309117,0.0002835858881176,0.00148,6.65847e-07,0.0154111111111111,0.0157,6.76e-06,0.0805555555555555,0.023,9e-06,0.0031111111111111,0.0401799999999999,0.0990777777777777,1.0,1503000.2160368983,1.9e-06,0.12776,3.359271888747458,0.04313014066487878,0.06171785936618529,0.3032893044016424,101.19719637770623
356.0,0.006,0.0095,550000.0,0.000127,1.0,40.0,350.0,0.0036593641810434,10378.875549571534,351.11917342151344,127.65834021550953,0.0,0.0002146724222436,0.3167350473351012,0.1364269516519901,69.85,9.077446362086937e-09,8.86281840931224e-10,730.7587456869595,0.7975720139528648,0.0002531895554427,0.00148,6.65847e-07,0.0154111111111111,0.0157,6.76e-06,0.0805555555555555,0.023,9e-06,0.0031111111111111,0.0401799999999999,0.0990777777777777,1.0,1097541.253112258,1.9e-06,0.12776,3.369677052372873,0.04181303134520598,0.01236809568311098,0.29677614604872743,20.469233440476813
357.0,0.006,0.0095,550000.0,0.000127,1.0,40.0,375.0,0.0043001840629889,10378.875549571534,351.11917342151344,130.49659598830925,0.0,0.0002194452811157,0.3706086066418076,0.1603177421627299,69.85,1.0359086125977956e-08,8.536865376360654e-10,538.5127811033066,0.8369117328988724,0.0002838193548107,0.00148,6.65847e-07,0.0154111111111111,0.0157,6.76e-06,0.0805555555555555,0.023,9e-06,0.0031111111111111,0.0401799999999999,0.0990777777777777,1.0,1501346.3904817556,1.9e-06,0.12776,3.3589563846798356,0.0431700778886284,0.04235086447907768,0.30348491150452994,69.42213362500267
359.0,0.006,0.0095,600000.0,0.000127,1.0,20.0,400.0,0.0010175578792126,4756.984626886955,385.3528593710531,134.4610035127227,0.0,0.0004933350453916,0.4022578201529933,0.0379361858296553,76.2,2.393833758425352e-09,4.688376952962612e-10,1248.5680000000002,1.8197428502959496,9.370866602656588e-05,0.00148,6.65847e-07,0.0154111111111111,0.0157,6.76e-06,0.0805555555555555,0.023,9e-06,0.0031111111111111,0.0401799999999999,0.0990777777777777,1.0,580445.2769702142,1.9e-06,0.12776,3.4833271585796517,0.02742694195194286,0.19638163432333797,0.2168056813258903,361.97247470948315
360.0,0.006,0.0095,600000.0,0.000127,1.0,25.0,350.0,0.001171403775876,5946.230783608694,351.11917342151344,120.7593376000407,0.0,0.0003544511002596,0.2977266693659959,0.0436718070107012,76.2,2.701525551752139e-09,4.987614914267751e-10,1248.5680000000002,1.7886444407444115,9.52620290526334e-05,0.00148,6.65847e-07,0.0154111111111111,0.0157,6.76e-06,0.0805555555555555,0.023,9e-06,0.0031111111111111,0.0401799999999999,0.0990777777777777,1.0,572622.8909389362,1.9e-06,0.12776,3.4812304073511524,0.02769235349985415,0.08611486235529459,0.21844541155524044,158.3954045450656
361.0,0.006,0.0095,600000.0,0.000127,1.0,25.0,375.0,0.0013775946085879,5946.230783608694,351.11917342151344,121.94556297347712,0.0,0.0003579328922032,0.2547951847249237,0.0513589311595342,76.2,3.113907217175995e-09,5.388666393434085e-10,1248.5680000000002,1.7469650258200222,0.0001073699785041,0.00148,6.65847e-07,0.0154111111111111,0.0157,6.76e-06,0.0805555555555555,0.023,9e-06,0.0031111111111111,0.0401799999999999,0.0990777777777777,1.0,490263.78329324134,1.9e-06,0.12776,3.4567022661744438,0.030797181496905884,0.03549625356538938,0.23712947953092567,63.72920479625653
362.0,0.006,0.0095,600000.0,0.000127,1.0,25.0,400.0,0.0015987783349836,5946.230783608694,385.3528593710531,135.1301442765301,0.0,0.000396632088822,0.3923204963558042,0.0596050143735263,76.2,3.5562746699672967e-09,5.818879800459946e-10,1248.568,1.7022549473664057,0.0001311758383849,0.00148,6.65847e-07,0.0154111111111111,0.0157,6.76e-06,0.0805555555555555,0.023,9e-06,0.0031111111111111,0.0401799999999999,0.0990777777777777,1.0,822363.6075354512,1.9e-06,0.12776,3.407771914711268,0.036990896871991405,0.1647754819822778,0.2718546128798806,282.3682366762654
364.0,0.006,0.0095,600000.0,0.000127,1.0,30.0,325.0,0.0014216520389546,7135.476940330432,319.92671377973846,124.4832043630402,0.0,0.0003044844511076,0.2718857515453349,0.0530014626554929,76.2,3.202022077909366e-09,5.474360298368803e-10,1248.568,1.7380592568457005,0.0001010331855838,0.00148,6.65847e-07,0.0154111111111111,0.0157,6.76e-06,0.0805555555555555,0.023,9e-06,0.0031111111111111,0.0401799999999999,0.0990777777777777,1.0,539951.9164437284,1.9e-06,0.12776,3.472057972709973,0.02885342117595282,0.05094428888984198,0.22553858176837985,92.85396215716396
365.0,0.006,0.0095,600000.0,0.000127,1.0,30.0,350.0,0.0016989042529834,7135.476940330432,351.11917342151344,123.58805969024056,0.0,0.0003022949377853,0.3283728672799543,0.063337868798029,76.2,3.756526505966967e-09,6.013629717265525e-10,1248.568,1.6820154943019188,0.0001262412035775,0.00148,6.65847e-07,0.0154111111111111,0.0157,6.76e-06,0.0805555555555555,0.023,9e-06,0.0031111111111111,0.0401799999999999,0.0990777777777777,1.0,851948.0224466731,1.9e-06,0.12776,3.4153531086849744,0.036031252065193135,0.0970949984819253,0.2666827828389421,167.5690816388561
366.0,0.006,0.0095,600000.0,0.000127,1.0,30.0,375.0,0.0019975067121133,7135.476940330432,351.11917342151344,125.55369301366296,0.0,0.0003071028537337,0.2993674916818188,0.0744702462383267,76.2,4.748744848453584e-09,7.679990472453504e-10,1130.0639727319626,0.9697653392119232,0.0001572336515936,0.00148,6.65847e-07,0.0154111111111111,0.0157,6.76e-06,0.0805555555555555,0.023,9e-06,0.0031111111111111,0.0401799999999999,0.0990777777777777,1.0,1091727.0567249309,1.9e-06,0.12776,3.3556507614158746,0.043588511213180435,0.05695724544349198,0.3055277565672363,93.09128367516337
369.0,0.006,0.0095,600000.0,0.000127,1.0,35.0,325.0,0.001951892543376,8324.72309705217,319.92671377973846,125.42312129375831,0.0,0.0002629572658674,0.2477536898612611,0.0727696770451278,76.2,4.566288173504121e-09,7.340557653352955e-10,1157.4324739743818,1.1295399126150434,0.0001388353654135,0.00148,6.65847e-07,0.0154111111111111,0.0157,6.76e-06,0.0805555555555555,0.023,9e-06,0.0031111111111111,0.0401799999999999,0.0990777777777777,1.0,764987.7688379164,1.9e-06,0.12776,3.391975886803131,0.038990394075553055,0.007044012816133288,0.282399582410437,11.896192105889092
370.0,0.006,0.0095,600000.0,0.000127,1.0,35.0,350.0,0.0023318184581502,8324.72309705217,351.11917342151344,125.7760606073203,0.0,0.0002636972247837,0.3024807420819097,0.0869339230293745,76.2,5.975385679884264e-09,8.640421754074764e-10,1084.3255389132996,0.8346677887056929,0.0001926230527304,0.00148,6.65847e-07,0.0154111111111111,0.0157,6.76e-06,0.0805555555555555,0.023,9e-06,0.0031111111111111,0.0401799999999999,0.0990777777777777,1.0,1227980.0672514876,1.9e-06,0.12776,3.2819720823634824,0.05291492628310353,0.04760681905253519,0.34814122565980704,73.03446099188393
408.0,0.0065,0.008,400000.0,0.000127,1.0,25.0,400.0,0.0014477601877362,7599.916267807557,385.3528593710531,140.04193380260327,0.0,0.0003216078637693,0.2306643139779668,0.0584727175663655,50.8,3.482287375472441e-09,5.756739953156337e-10,1264.8870000000002,2.3255802556510017,8.590365690593481e-05,0.00148,6.65847e-07,0.0154111111111111,0.0157,6.76e-06,0.0805555555555555,0.023,9e-06,0.0031111111111111,0.0401799999999999,0.0990777777777777,1.0,486258.53559077333,1.9e-06,0.12776,3.5894342202437497,0.013995668323576021,0.004251596411601194,0.12377502239589445,8.767440139318813
422.0,0.0065,0.008,450000.0,0.000127,1.0,25.0,400.0,0.0011439092841372,6755.481126940053,385.3528593710531,140.04193380260327,0.0,0.0003618088467404,0.2322881558117966,0.0462006657314493,57.15,2.874585568274522e-09,5.16573475311118e-10,1264.887,2.387000677304496,8.194489624938218e-05,0.00148,6.65847e-07,0.0154111111111111,0.0157,6.76e-06,0.0805555555555555,0.023,9e-06,0.0031111111111111,0.0401799999999999,0.0990777777777777,1.0,363881.3300813872,1.9e-06,0.12776,3.5659986021865597,0.01696220225486588,0.01814749008034719,0.14617550132371782,36.466184759819754
434.0,0.0065,0.008,450000.0,0.000127,1.0,40.0,400.0,0.0029853519308294,10808.769803104084,385.3528593710531,142.38970747857832,0.0,0.0002299215601519,0.2951286117833391,0.1205735879231124,57.15,8.657470861658915e-09,1.09910417403836e-09,939.281420751163,0.886269226582977,0.0002221635295415,0.00148,6.65847e-07,0.0154111111111111,0.0157,6.76e-06,0.0805555555555555,0.023,9e-06,0.0031111111111111,0.0401799999999999,0.0990777777777777,1.0,1166039.3635841678,1.9e-06,0.12776,3.1679722731571847,0.06734528187883738,0.006615023860226693,0.4046631639737463,9.268283692058708
440.0,0.0065,0.008,500000.0,0.000127,1.0,35.0,400.0,0.0018378145291712,8511.906219944463,385.3528593710531,141.49878136714256,0.0,0.0002901370807668,0.246362556831385,0.0742263883299803,63.5,4.538025116685021e-09,7.272890659229685e-10,1182.198282497247,1.7918640360906783,0.000136941666129,0.00148,6.65847e-07,0.0154111111111111,0.0157,6.76e-06,0.0805555555555555,0.023,9e-06,0.0031111111111111,0.0401799999999999,0.0990777777777777,1.0,479845.50432939286,1.9e-06,0.12776,3.3806158589302466,0.040428372287310575,0.004196168501404585,0.2897963442360659,7.013599643273655
445.0,0.0065,0.008,500000.0,0.000127,1.0,40.0,400.0,0.0024181350639718,9727.892822793672,385.3528593710531,142.38970747857837,0.0,0.0002554684001688,0.2900361256539323,0.0976646062177211,63.5,6.719928901230162e-09,9.666666316919595e-10,1029.135658137085,1.0645349111546891,0.0001961889391547,0.00148,6.65847e-07,0.0154111111111111,0.0157,6.76e-06,0.0805555555555555,0.023,9e-06,0.0031111111111111,0.0401799999999999,0.0990777777777777,1.0,795859.4065441209,1.9e-06,0.12776,3.278096399924902,0.05340551899684786,0.02443151943621108,0.350238485962057,37.36023591538416
449.0,0.0065,0.008,550000.0,0.000127,1.0,35.0,400.0,0.0015188549827861,7738.096563585876,385.3528593710531,141.49878136714253,0.0,0.0003191507888435,0.244910420117907,0.0613441225867605,69.85,3.6244769655723195e-09,5.895022884268216e-10,1264.887,2.311209153779607,0.0001223209252373,0.00148,6.65847e-07,0.0154111111111111,0.0157,6.76e-06,0.0805555555555555,0.023,9e-06,0.0031111111111111,0.0401799999999999,0.0990777777777777,1.0,775831.8910537227,1.9e-06,0.12776,3.2702927595727704,0.05439332157306705,0.015626297531146388,0.35442061601917924,23.74164959282475
453.0,0.0065,0.008,550000.0,0.000127,1.0,40.0,400.0,0.0019984587305552,8843.53892981243,385.3528593710531,142.38970747857832,0.0,0.0002810152401856,0.2853868337136556,0.0807145505931579,69.85,5.180601922221026e-09,8.468306812966576e-10,1085.811761666846,1.2291691661348818,0.0001711355361959,0.00148,6.65847e-07,0.0154111111111111,0.0157,6.76e-06,0.0805555555555555,0.023,9e-06,0.0031111111111111,0.0401799999999999,0.0990777777777777,1.0,1015622.0599306612,1.9e-06,0.12776,3.4600630577441183,0.030371764842516684,0.0367322831204977,0.23462241911200982,66.1650749084904
455.0,0.0065,0.008,600000.0,0.000127,1.0,35.0,400.0,0.0012762600897022,7093.255183287054,385.3528593710531,141.49878136714247,0.0,0.0003481644969202,0.2407783739516039,0.0515461030069307,76.2,3.1392871794045206e-09,5.42316368747538e-10,1264.887,2.360247285467586,0.0001177947637134,0.00148,6.65847e-07,0.0154111111111111,0.0157,6.76e-06,0.0805555555555555,0.023,9e-06,0.0031111111111111,0.0401799999999999,0.0990777777777777,1.0,895813.8611647008,1.9e-06,0.12776,3.4259511138278054,0.034689732426860076,0.021292270944673092,0.25932853481231477,37.11528040764276
458.0,0.0065,0.008,600000.0,0.000127,1.0,40.0,400.0,0.0016792604610915,8106.577352328061,385.3528593710531,142.3897074785783,0.0,0.0003065620802025,0.2924737080981713,0.0678226432067507,76.2,3.945287922183138e-09,6.207019559846157e-10,1264.887,2.278784790394952,0.000143787582018,0.00148,6.65847e-07,0.0154111111111111,0.0157,6.76e-06,0.0805555555555555,0.023,9e-06,0.0031111111111111,0.0401799999999999,0.0990777777777777,1.0,706700.6666730896,1.9e-06,0.12776,3.374289729105865,0.04122914821444745,0.05671106489142058,0.29384970073916444,94.24755629285914
460.0,0.0065,0.0085,400000.0,0.000127,1.0,20.0,400.0,0.0012554697175384,6079.933014246046,385.3528593710531,140.12889072901902,0.0,0.0004022594516515,0.3265503394904382,0.0507064131398319,50.8,3.097706435076998e-09,5.382725374098258e-10,1264.887,2.364449851296769,7.763599842686194e-05,0.00148,6.65847e-07,0.0154111111111111,0.0157,6.76e-06,0.0805555555555555,0.023,9e-06,0.0031111111111111,0.0401799999999999,0.0990777777777777,1.0,506466.7281466558,1.9e-06,0.12776,3.592545063324214,0.013601890718453915,0.10790392635060628,0.12071291032338108,223.2919636645441
464.0,0.0065,0.0085,400000.0,0.000127,1.0,25.0,400.0,0.0019709916267368,7599.916267807557,385.3528593710531,140.85116170471434,0.0,0.000323466264677,0.3013704567623059,0.0796051982172982,50.8,5.070733506947366e-09,8.263913381283262e-10,1102.2920239578953,1.3253792893637972,0.0001219144568603,0.00148,6.65847e-07,0.0154111111111111,0.0157,6.76e-06,0.0805555555555555,0.023,9e-06,0.0031111111111111,0.0401799999999999,0.0990777777777777,1.0,386224.33462191024,1.9e-06,0.12776,3.5710855179732697,0.0163182888641431,0.05382525854500769,0.1414111359166122,108.76183456068327
469.0,0.0065,0.0085,400000.0,0.000127,1.0,30.0,400.0,0.0028546176168168,9119.899521369069,385.3528593710531,141.62030787635956,0.0,0.0002710271812029,0.2914516132915352,0.1152934381550449,50.8,8.320364928328387e-09,1.0905636592588474e-09,970.9379844244224,0.8983121704384249,0.0001907125066888,0.00148,6.65847e-07,0.0154111111111111,0.0157,6.76e-06,0.0805555555555555,0.023,9e-06,0.0031111111111111,0.0401799999999999,0.0990777777777777,1.0,834303.8986004714,1.9e-06,0.12776,3.4651663362596707,0.02972578022029487,0.008218175136490175,0.23078384388061463,14.877465028695443
474.0,0.0065,0.0085,400000.0,0.000127,1.0,35.0,400.0,0.0039117892644241,10639.88277493058,385.3528593710531,142.47505909921694,0.0,0.0002337111165466,0.3260233702412131,0.1579909095272703,50.8,1.0510345528848396e-08,1.0519809390650636e-09,661.3502206727408,0.9431429056799135,0.0002328229983353,0.00148,6.65847e-07,0.0154111111111111,0.0157,6.76e-06,0.0805555555555555,0.023,9e-06,0.0031111111111111,0.0401799999999999,0.0990777777777777,1.0,673951.8829015676,1.9e-06,0.12776,3.432380150243256,0.03387593034895497,9.246071394278244e-05,0.25479492694302386,0.1621579307609688
480.0,0.0065,0.0085,450000.0,0.000127,1.0,25.0,375.0,0.0013230272915943,6755.481126940053,351.11917342151344,126.84627754810656,0.0,0.0003277168784151,0.2256101252642651,0.0534349554638305,57.15,3.232821583188764e-09,5.514128233515654e-10,1264.8870000000002,2.350793763277113,8.318469130907045e-05,0.00148,6.65847e-07,0.0154111111111111,0.0157,6.76e-06,0.0805555555555555,0.023,9e-06,0.0031111111111111,0.0401799999999999,0.0990777777777777,1.0,359990.9228295108,1.9e-06,0.12776,3.5651066602142762,0.01707510630199036,0.004235169800434591,0.14700544405134203,8.502022209070969
481.0,0.0065,0.0085,450000.0,0.000127,1.0,25.0,400.0,0.0015573267174217,6755.481126940053,385.3528593710531,140.85116170471426,0.0,0.0003638995477617,0.2832026457561929,0.0628979343939146,57.15,3.701420434843403e-09,5.969852331721082e-10,1264.887,2.3034324773403783,0.0001019418459876,0.00148,6.65847e-07,0.0154111111111111,0.0157,6.76e-06,0.0805555555555555,0.023,9e-06,0.0031111111111111,0.0401799999999999,0.0990777777777777,1.0,282038.8462186741,1.9e-06,0.12776,3.5446027674513565,0.019670535765651104,0.0523647113622783,0.16564896947742475,102.82356784657405
486.0,0.0065,0.0085,450000.0,0.000127,1.0,30.0,400.0,0.0022555003392133,8106.577352328062,385.3528593710531,141.62030787635965,0.0,0.0003049055788532,0.291848747252683,0.0910960499002825,57.15,6.123601577115441e-09,9.205022229534931e-10,1050.820288104893,1.1264700091529936,0.0001624166901395,0.00148,6.65847e-07,0.0154111111111111,0.0157,6.76e-06,0.0805555555555555,0.023,9e-06,0.0031111111111111,0.0401799999999999,0.0990777777777777,1.0,607955.1339576818,1.9e-06,0.12776,3.415674632405962,0.03599055286000485,0.03281269735240039,0.26646181743758995,56.646072818403276
491.0,0.0065,0.0085,450000.0,0.000127,1.0,35.0,400.0,0.0030907964558413,9457.673577716074,385.3528593710531,142.47505909921705,0.0,0.000262925006115,0.3090639260458067,0.1248323235771025,57.15,8.868359911682691e-09,1.0937407382736302e-09,907.6480632475966,0.8927424308252818,0.0002266891796443,0.00148,6.65847e-07,0.0154111111111111,0.0157,6.76e-06,0.0805555555555555,0.023,9e-06,0.0031111111111111,0.0401799999999999,0.0990777777777777,1.0,1133177.4634803832,1.9e-06,0.12776,3.1602548736093863,0.06832216789754607,0.01629160246870409,0.4081373361378418,22.692894671135015
497.0,0.0065,0.0085,500000.0,0.000127,1.0,25.0,375.0,0.0010716521061914,6079.933014246046,351.11917342151344,126.8462775481067,0.0,0.0003641298649056,0.2256603435673493,0.0432823139257026,63.5,2.7300712123828953e-09,5.025190929147676e-10,1264.887,2.401606743254462,8.0122519201411e-05,0.00148,6.65847e-07,0.0154111111111111,0.0157,6.76e-06,0.0805555555555555,0.023,9e-06,0.0031111111111111,0.0401799999999999,0.0990777777777777,1.0,654591.8942069358,1.9e-06,0.12776,3.4267241407364164,0.03459188091944101,0.014438029641646588,0.25878633383658645,25.18584322664148
498.0,0.0065,0.0085,500000.0,0.000127,1.0,25.0,400.0,0.0012614346411115,6079.933014246046,385.3528593710531,140.85116170471417,0.0,0.0004043328308463,0.2902416526732747,0.0509473268590708,63.5,3.109636282223154e-09,5.394327448694072e-10,1264.8870000000002,2.363244101645708,9.736556002010895e-05,0.00148,6.65847e-07,0.0154111111111111,0.0157,6.76e-06,0.0805555555555555,0.023,9e-06,0.0031111111111111,0.0401799999999999,0.0990777777777777,1.0,590696.6106879661,1.9e-06,0.12776,3.4106895400999186,0.03662157720254196,0.0713543258142039,0.2698728907580522,122.60944583232906
502.0,0.0065,0.0085,500000.0,0.000127,1.0,30.0,400.0,0.0018269552747627,7295.919617095255,385.3528593710531,141.62030787635967,0.0,0.0003387839765036,0.2923668496733683,0.0737878004192288,63.5,4.494588099051094e-09,7.192082712066953e-10,1188.7138351423357,1.8299011808774432,0.0001356810977248,0.00148,6.65847e-07,0.0154111111111111,0.0157,6.76e-06,0.0805555555555555,0.023,9e-06,0.0031111111111111,0.0401799999999999,0.0990777777777777,1.0,497445.7214132977,1.9e-06,0.12776,3.386151235448729,0.03972769171535082,0.05063904925413948,0.2862112844718811,85.06685357885272
507.0,0.0065,0.0085,500000.0,0.000127,1.0,35.0,400.0,0.0025035451292314,8511.906219944463,385.3528593710531,142.47505909921702,0.0,0.0002921388956833,0.2962717931861245,0.1011141820974529,63.5,7.033099140515452e-09,9.909105634161218e-10,1017.7476494358016,1.0320087654023016,0.0002044473857093,0.00148,6.65847e-07,0.0154111111111111,0.0157,6.76e-06,0.0805555555555555,0.023,9e-06,0.0031111111111111,0.0401799999999999,0.0990777777777777,1.0,1173092.2242024625,1.9e-06,0.12776,3.194501976537625,0.06398709157751589,0.02721761108867149,0.3924026789491839,38.91983613446348
512.0,0.0065,0.0085,500000.0,0.000127,1.0,40.0,400.0,0.003295309645011,9727.892822793672,385.3528593710531,143.43098975062915,0.0,0.0002573366160734,0.3220320301486342,0.1330922840665658,63.5,9.277386290022177e-09,1.0833381749065114e-09,846.2941064966737,0.9052974273373492,0.0002616298050723,0.00148,6.65847e-07,0.0154111111111111,0.0157,6.76e-06,0.0805555555555555,0.023,9e-06,0.0031111111111111,0.0401799999999999,0.0990777777777777,1.0,1030123.4293830002,1.9e-06,0.12776,3.472402687473491,0.028809786395760695,0.020999746082068393,0.22527433829818627,38.288392530787696
513.0,0.0065,0.0085,550000.0,0.000127,1.0,25.0,400.0,0.0010425079678608,5527.2118311327695,385.3528593710531,140.8511617047143,0.0,0.0004447661139309,0.3132721247421499,0.0421052288091494,69.85,2.671782935721617e-09,4.968504122887662e-10,1264.887,2.4074979393766176,9.416133468374188e-05,0.00148,6.65847e-07,0.0154111111111111,0.0157,6.76e-06,0.0805555555555555,0.023,9e-06,0.0031111111111111,0.0401799999999999,0.0990777777777777,1.0,580315.5307626867,1.9e-06,0.12776,3.4150355918944406,0.03607144406399488,0.10322689593300038,0.2669008638926972,178.09868975636542
516.0,0.0065,0.0085,550000.0,0.000127,1.0,30.0,400.0,0.0015098803923659,6632.654197359322,385.3528593710531,141.62030787635973,0.0,0.000372662374154,0.291098198743836,0.060981653239032,69.85,3.606527784731858e-09,5.87756685717135e-10,1264.887,2.3130232774871526,0.0001217903038995,0.00148,6.65847e-07,0.0154111111111111,0.0157,6.76e-06,0.0805555555555555,0.023,9e-06,0.0031111111111111,0.0401799999999999,0.0990777777777777,1.0,779763.7125099605,1.9e-06,0.12776,3.2713945488201976,0.054253854579721816,0.06217654550480389,0.3538334115769833,94.5532009528078
520.0,0.0065,0.0085,550000.0,0.000127,1.0,35.0,400.0,0.0020690455613483,7738.096563585876,385.3528593710531,142.47505909921702,0.0,0.0003213527852516,0.3315651467615557,0.0835654397499611,69.85,5.4399340582772315e-09,8.67576412740596e-10,1075.680925153555,1.1974763391754562,0.0001786764480737,0.00148,6.65847e-07,0.0154111111111111,0.0157,6.76e-06,0.0805555555555555,0.023,9e-06,0.0031111111111111,0.0401799999999999,0.0990777777777777,1.0,981710.3311596176,1.9e-06,0.12776,3.4534168059895833,0.031213062532964173,0.0800597070115946,0.23956451933628983,143.27866195906637
525.0,0.0065,0.0085,550000.0,0.000127,1.0,40.0,400.0,0.0027233964008356,8843.53892981243,385.3528593710531,143.43098975062904,0.0,0.0002830702776807,0.3247470682844223,0.1099936231955088,69.85,7.83922046973056e-09,1.053316079698523e-09,988.4341465552524,0.9482842713124484,0.0002482745292089,0.00148,6.65847e-07,0.0154111111111111,0.0157,6.76e-06,0.0805555555555555,0.023,9e-06,0.0031111111111111,0.0401799999999999,0.0990777777777777,1.0,1144629.7192150275,1.9e-06,0.12776,3.3805346413010833,0.04043865299986292,0.046813445088913386,0.28984867785439183,78.23960538482346
526.0,0.0065,0.0085,600000.0,0.000127,1.0,30.0,375.0,0.0010781111050751,6079.933014246046,351.11917342151344,130.11307090211116,0.0,0.000373507649147,0.2149098618298572,0.0435431825562163,76.2,2.74298921015026e-09,5.03775400492638e-10,1264.8870000000002,2.400301121220114,9.652638444611752e-05,0.00148,6.65847e-07,0.0154111111111111,0.0157,6.76e-06,0.0805555555555555,0.023,9e-06,0.0031111111111111,0.0401799999999999,0.0990777777777777,1.0,566002.4394654594,1.9e-06,0.12776,3.4794265986898045,0.027920683710151363,0.0034266792736406815,0.21985056655828203,6.291531911299097
527.0,0.0065,0.0085,600000.0,0.000127,1.0,30.0,400.0,0.0012687189408074,6079.933014246046,385.3528593710531,141.62030787635956,0.0,0.0004065407718043,0.2958876496953653,0.0512415280689088,76.2,3.124204881614962e-09,5.40849577581759e-10,1264.887,2.361771653305177,0.0001173084344856,0.00148,6.65847e-07,0.0154111111111111,0.0157,6.76e-06,0.0805555555555555,0.023,9e-06,0.0031111111111111,0.0401799999999999,0.0990777777777777,1.0,898152.9647953588,1.9e-06,0.12776,3.4264958108394037,0.03462078343805021,0.07670612162645637,0.2589465669878251,133.77799936034936
530.0,0.0065,0.0085,600000.0,0.000127,1.0,35.0,375.0,0.0014778092952972,7093.255183287054,351.11917342151344,132.55580381951327,0.0,0.000326159874345,0.2544924545517068,0.0596863529421833,76.2,3.542385590594493e-09,5.81518696981791e-10,1264.887,2.319506129048616,0.0001200063073976,0.00148,6.65847e-07,0.0154111111111111,0.0157,6.76e-06,0.0805555555555555,0.023,9e-06,0.0031111111111111,0.0401799999999999,0.0990777777777777,1.0,884953.0975351008,1.9e-06,0.12776,3.4233955446270286,0.035013222199110315,0.02686610160952349,0.2611153784008264,46.718235245290984
531.0,0.0065,0.0085,600000.0,0.000127,1.0,35.0,400.0,0.0017385730064107,7093.255183287054,385.3528593710531,142.47505909921696,0.0,0.00035056667482,0.32597873392723,0.0702181820121201,76.2,4.1410590256430195e-09,6.534395784174924e-10,1241.7431961535472,2.1394812875247933,0.0001505020358976,0.00148,6.65847e-07,0.0154111111111111,0.0157,6.76e-06,0.0805555555555555,0.023,9e-06,0.0031111111111111,0.0401799999999999,0.0990777777777777,1.0,1135084.2740136785,1.9e-06,0.12776,3.365913662526247,0.04228940980680418,0.08782055191510979,0.29914586637370755,144.85348552289383
537.0,0.0065,0.009,400000.0,0.000127,1.0,20.0,350.0,0.0011937140407147,6079.933014246046,351.11917342151344,111.42545929185071,0.0,0.0003198622633889,0.2188559727052476,0.0482122001620042,50.8,2.974195081429533e-09,5.262607494892254e-10,1264.887,2.3769331438099184,6.887772883778963e-05,0.00148,6.65847e-07,0.0154111111111111,0.0157,6.76e-06,0.0805555555555555,0.023,9e-06,0.0031111111111111,0.0401799999999999,0.0990777777777777,1.0,527314.3817844527,1.9e-06,0.12776,3.5955812638573694,0.013217561537041855,0.002703772543243277,0.11770356292335936,5.6142251772478655
538.0,0.0065,0.009,400000.0,0.000127,1.0,20.0,375.0,0.0014151196819014,6079.933014246046,351.11917342151344,124.1963772787099,0.0,0.0003565229579805,0.2308218599712603,0.0571544197605094,50.8,3.4170063638029462e-09,5.69325253728246e-10,1264.8870000000002,2.3321782075004376,7.754880366511572e-05,0.00148,6.65847e-07,0.0154111111111111,0.0157,6.76e-06,0.0805555555555555,0.023,9e-06,0.0031111111111111,0.0401799999999999,0.0990777777777777,1.0,506676.8772399614,1.9e-06,0.12776,3.592576522782606,0.013597908508530938,0.005727440210750889,0.12068183435757993,11.85254896236259
539.0,0.0065,0.009,400000.0,0.000127,1.0,20.0,400.0,0.00165334280439,6079.933014246046,385.3528593710531,138.5575086235642,0.0,0.0003977485809753,0.4069850991860474,0.0667758705208288,50.8,3.893452608780184e-09,6.156608421678945e-10,1264.887,2.284023785520588,9.474384750086588e-05,0.00148,6.65847e-07,0.0154111111111111,0.0157,6.76e-06,0.0805555555555555,0.023,9e-06,0.0031111111111111,0.0401799999999999,0.0990777777777777,1.0,463902.70991791005,1.9e-06,0.12776,3.5857837308811336,0.014457755584666667,0.17226922866521868,0.1273412398434995,353.79957788189796
544.0,0.0065,0.009,400000.0,0.000127,1.0,25.0,400.0,0.0025964349073276,7599.916267807557,385.3528593710531,139.41005467577077,0.0,0.0003201567463031,0.3955210213248359,0.1048658516111128,50.8,7.373694993534783e-09,1.0172776365613166e-09,1005.3623456896444,0.9966341704751202,0.0001707430466492,0.00148,6.65847e-07,0.0154111111111111,0.0157,6.76e-06,0.0805555555555555,0.023,9e-06,0.0031111111111111,0.0401799999999999,0.0990777777777777,1.0,894059.8223564061,1.9e-06,0.12776,3.4755094319092583,0.028416527606423023,0.12271516971372318,0.22288468116901825,224.43411428314462
549.0,0.0065,0.009,400000.0,0.000127,1.0,30.0,400.0,0.003761877321378,9119.899521369069,385.3528593710531,140.26770761209008,0.0,0.0002684386298686,0.4003878510708246,0.1519362060067435,50.8,1.0210521642756016e-08,1.059606210048108e-09,706.3238035865978,0.9339398614669556,0.0002271037578323,0.00148,6.65847e-07,0.0154111111111111,0.0157,6.76e-06,0.0805555555555555,0.023,9e-06,0.0031111111111111,0.0401799999999999,0.0990777777777777,1.0,701416.9676511289,1.9e-06,0.12776,3.438588516337368,0.03309006122311796,0.0805116450640811,0.2503639423422344,142.04119490709834
554.0,0.0065,0.009,400000.0,0.000127,1.0,35.0,400.0,0.005157306578065,10639.88277493058,385.3528593710531,141.1937905426124,0.0,0.0002316093683048,0.4289363905796801,0.2082953609975217,50.8,1.3315993312260133e-08,1.01147066102728e-09,332.1209211313045,1.0028416326424905,0.0002869491966661,0.00148,6.65847e-07,0.0154111111111111,0.0157,6.76e-06,0.0805555555555555,0.023,9e-06,0.0031111111111111,0.0401799999999999,0.0990777777777777,1.0,1079780.5256670392,1.9e-06,0.12776,3.3303941319107637,0.046785552922688156,0.052701029582158276,0.3207492431306365,84.24698731020482
559.0,0.0065,0.009,450000.0,0.000127,1.0,20.0,375.0,0.0011181192548357,5404.384901552042,351.11917342151344,124.19637727870996,0.0,0.0004010883277281,0.2500128197817473,0.0451590477120074,57.15,2.823005509671464e-09,5.11557185661824e-10,1264.887,2.3922138738275063,7.415720300889287e-05,0.00148,6.65847e-07,0.0154111111111111,0.0157,6.76e-06,0.0805555555555555,0.023,9e-06,0.0031111111111111,0.0401799999999999,0.0990777777777777,1.0,386913.2495920024,1.9e-06,0.12776,3.571059656924847,0.016321562414576385,0.03691377206973978,0.1414354916360067,74.58757822400574
560.0,0.0065,0.009,450000.0,0.000127,1.0,20.0,400.0,0.0013063449318637,5404.384901552042,385.3528593710531,138.55750862356416,0.0,0.0004474671535972,0.3927586540506784,0.0527611816460869,57.15,3.199456863727552e-09,5.481680209721635e-10,1264.887,2.3541659354730573,8.980122259136671e-05,0.00148,6.65847e-07,0.0154111111111111,0.0157,6.76e-06,0.0805555555555555,0.023,9e-06,0.0031111111111111,0.0401799999999999,0.0990777777777777,1.0,337729.44508608617,1.9e-06,0.12776,3.559781778456542,0.01774914196752636,0.17205747240459138,0.15192681623568868,343.40927301282585
564.0,0.0065,0.009,450000.0,0.000127,1.0,25.0,400.0,0.0020515041243082,6755.481126940053,385.3528593710531,139.41005467577094,0.0,0.000360176339591,0.405273339804289,0.0828569691742127,57.15,5.375615455797043e-09,8.62597217365321e-10,1078.019783425562,1.204156527700505,0.0001446631959518,0.00148,6.65847e-07,0.0154111111111111,0.0157,6.76e-06,0.0805555555555555,0.023,9e-06,0.0031111111111111,0.0401799999999999,0.0990777777777777,1.0,684970.5977568463,1.9e-06,0.12776,3.4342802524195517,0.033635411086132695,0.15447637063007622,0.2534443740977684,271.4122081757583
569.0,0.0065,0.009,450000.0,0.000127,1.0,30.0,400.0,0.0029723475131875,8106.577352328062,385.3528593710531,140.26770761208994,0.0,0.0003019934586021,0.407705648187864,0.1200483603016244,57.15,8.63146202637512e-09,1.0997656437417151e-09,943.1827460437324,0.8854708897187467,0.0002216053834204,0.00148,6.65847e-07,0.0154111111111111,0.0157,6.76e-06,0.0805555555555555,0.023,9e-06,0.0031111111111111,0.0401799999999999,0.0990777777777777,1.0,1169820.67864852,1.9e-06,0.12776,3.1688477172440095,0.06723446617164436,0.11971728788623948,0.4042664843851865,167.84718118199388
574.0,0.0065,0.009,450000.0,0.000127,1.0,35.0,400.0,0.0040749089011871,9457.673577716074,385.3528593710531,141.19379054261245,0.0,0.000260560539343,0.4115423775721385,0.1645790506647086,57.15,1.0836584802374382e-08,1.043683858741114e-09,612.4143296438431,0.9531567658075814,0.0002689268753853,0.00148,6.65847e-07,0.0154111111111111,0.0157,6.76e-06,0.0805555555555555,0.023,9e-06,0.0031111111111111,0.0401799999999999,0.0990777777777777,1.0,1169520.383267696,1.9e-06,0.12776,3.176675606128887,0.06624359416090042,0.07902332690742978,0.4006958893703825,111.45709378607616
579.0,0.0065,0.009,450000.0,0.000127,1.0,40.0,400.0,0.0053662991624049,10808.769803104084,385.3528593710531,142.214173460108,0.0,0.0002296381193323,0.4287664380865792,0.216736237090875,57.15,1.41519636496197e-08,1.0311886933745803e-09,328.4459955282718,0.9934006016375204,0.0003416660835984,0.00148,6.65847e-07,0.0154111111111111,0.0157,6.76e-06,0.0805555555555555,0.023,9e-06,0.0031111111111111,0.0401799999999999,0.0990777777777777,1.0,1586806.8356780556,1.9e-06,0.12776,3.130936710963311,0.07203332772616317,0.04409020099570418,0.4209740069998214,60.08212538041774
580.0,0.0065,0.009,500000.0,0.000127,1.0,20.0,400.0,0.0010581393948096,4863.946411396836,385.3528593710531,138.55750862356425,0.0,0.0004971857262192,0.3813703623815015,0.0427365571333304,63.5,2.703045789619318e-09,4.998908029874528e-10,1264.887,2.404338202733177,8.644111378627297e-05,0.00148,6.65847e-07,0.0154111111111111,0.0157,6.76e-06,0.0805555555555555,0.023,9e-06,0.0031111111111111,0.0401799999999999,0.0990777777777777,1.0,632780.1067290828,1.9e-06,0.12776,3.421436463382134,0.0352612071668185,0.1706938052481711,0.2624793330198293,296.2764303280742
581.0,0.0065,0.009,500000.0,0.000127,1.0,25.0,350.0,0.0012002390717893,6079.933014246046,351.11917342151344,117.6158340742034,0.0,0.00033763259435,0.220245595958538,0.048475735727058,63.5,2.9872451435787513e-09,5.275299006583926e-10,1264.887,2.375614174028497,8.641656493939284e-05,0.00148,6.65847e-07,0.0154111111111111,0.0157,6.76e-06,0.0805555555555555,0.023,9e-06,0.0031111111111111,0.0401799999999999,0.0990777777777777,1.0,632867.7973840135,1.9e-06,0.12776,3.4214580966385415,0.03525846877993149,0.0038298602314799923,0.26246429897670903,6.647695542950309
583.0,0.0065,0.009,500000.0,0.000127,1.0,25.0,400.0,0.0016617183406897,6079.933014246046,385.3528593710531,139.41005467577094,0.0,0.0004001959328789,0.3812614955262957,0.0671141450311122,63.5,3.9102036813794195e-09,6.172899258558521e-10,1264.8870000000002,2.282330754612984,0.000118880025477,0.00148,6.65847e-07,0.0154111111111111,0.0157,6.76e-06,0.0805555555555555,0.023,9e-06,0.0031111111111111,0.0401799999999999,0.0990777777777777,1.0,444532.45324378525,1.9e-06,0.12776,3.3669531165672932,0.04215783334591228,0.14620735049518338,0.29849294388645153,241.3828437176368
588.0,0.0065,0.009,500000.0,0.000127,1.0,30.0,400.0,0.0024076014856819,7295.919617095255,385.3528593710531,140.26770761209022,0.0,0.0003355482873357,0.3994842481597631,0.0972391718443159,63.5,6.6813057808337325e-09,9.63676640382434e-10,1030.54013524241,1.0685463435509903,0.0001951704152628,0.00148,6.65847e-07,0.0154111111111111,0.0157,6.76e-06,0.0805555555555555,0.023,9e-06,0.0031111111111111,0.0401799999999999,0.0990777777777777,1.0,807316.6341840898,1.9e-06,0.12776,3.2812283341737825,0.053009071623571886,0.13430507631544716,0.3485447415882987,205.9122435175601
592.0,0.0065,0.009,500000.0,0.000127,1.0,35.0,375.0,0.0028269431866986,8511.906219944463,351.11917342151344,133.439826225405,0.0,0.0002736125446806,0.2945955635209289,0.1141757122016586,63.5,8.218892017894945e-09,1.0827081800216922e-09,974.6279084401838,0.9088512391641425,0.0002154587241173,0.00148,6.65847e-07,0.0154111111111111,0.0157,6.76e-06,0.0805555555555555,0.023,9e-06,0.0031111111111111,0.0401799999999999,0.0990777777777777,1.0,1078259.0257056835,1.9e-06,0.12776,3.171339574669755,0.06691904118104368,0.012479851319270291,0.40313447932784907,17.530368747351417
593.0,0.0065,0.009,500000.0,0.000127,1.0,35.0,400.0,0.0033006762099616,8511.906219944463,385.3528593710531,141.1937905426125,0.0,0.0002895117103811,0.438374722405578,0.133309031038414,63.5,9.288119419923247e-09,1.0830652045803023e-09,844.6841370115134,0.9056268789708076,0.0002618857286775,0.00148,6.65847e-07,0.0154111111111111,0.0157,6.76e-06,0.0805555555555555,0.023,9e-06,0.0031111111111111,0.0401799999999999,0.0990777777777777,1.0,1028808.9445739262,1.9e-06,0.12776,3.4721621331433283,0.028840236310971122,0.137125691367164,0.22545875587907366,249.95885555557965
598.0,0.0065,0.009,500000.0,0.000127,1.0,40.0,400.0,0.0043467023215479,9727.892822793672,385.3528593710531,142.21417346010804,0.0,0.0002551534659248,0.4192644541895508,0.1755563520436088,63.5,1.1380171643095984e-08,1.0298590864144612e-09,530.8763035356029,0.969842073285724,0.0003117689636609,0.00148,6.65847e-07,0.0154111111111111,0.0157,6.76e-06,0.0805555555555555,0.023,9e-06,0.0031111111111111,0.0401799999999999,0.0990777777777777,1.0,1474775.1529608488,1.9e-06,0.12776,3.4535543674215536,0.03119564969347423,0.07576810214594198,0.23946287665117527,135.6163262095992
599.0,0.0065,0.009,550000.0,0.000127,1.0,25.0,375.0,0.0011756570270976,5527.2118311327695,351.11917342151344,128.4295940338807,0.0,0.0004055424943667,0.2248375117736691,0.0474829062732318,69.85,2.938081054195357e-09,5.22748570055634e-10,1264.8870000000002,2.3805831885424764,9.37345967552811e-05,0.00148,6.65847e-07,0.0154111111111111,0.0157,6.76e-06,0.0805555555555555,0.023,9e-06,0.0031111111111111,0.0401799999999999,0.0990777777777777,1.0,582347.0596995649,1.9e-06,0.12776,3.4155842920370096,0.03600198834974563,0.009414605500437184,0.2665239168074781,16.251491769394622
600.0,0.0065,0.009,550000.0,0.000127,1.0,25.0,400.0,0.0013733209427187,5527.2118311327695,385.3528593710531,139.41005467577105,0.0,0.0004402155261668,0.4051528335041454,0.0554662355629027,69.85,3.333408885437538e-09,5.611951899635142e-10,1264.887,2.3406274046388296,0.0001137165817369,0.00148,6.65847e-07,0.0154111111111111,0.0157,6.76e-06,0.0805555555555555,0.023,9e-06,0.0031111111111111,0.0401799999999999,0.0990777777777777,1.0,831609.788480704,1.9e-06,0.12776,3.2854736234254274,0.052471693237287675,0.18174659794124268,0.3462347501831367,279.6361222883296
603.0,0.0065,0.009,550000.0,0.000127,1.0,30.0,375.0,0.0017037373503663,6632.654197359322,351.11917342151344,131.2660472001649,0.0,0.0003454159754979,0.2442006411374818,0.0688112256015381,69.85,4.001716401465586e-09,6.275170081642996e-10,1262.644589780162,2.261501533377609,0.0001224079629306,0.00148,6.65847e-07,0.0154111111111111,0.0157,6.76e-06,0.0805555555555555,0.023,9e-06,0.0031111111111111,0.0401799999999999,0.0990777777777777,1.0,775178.3968686752,1.9e-06,0.12776,3.270109158486185,0.05441656221693862,0.007449415535943582,0.3545183634706777,11.316476875650181
604.0,0.0065,0.009,550000.0,0.000127,1.0,30.0,400.0,0.001989753293952,6632.654197359322,385.3528593710531,140.26770761209016,0.0,0.0003691031160693,0.4119165470785422,0.0803629519374511,69.85,5.145780175808017e-09,8.403526264081502e-10,1091.0350236287973,1.2596620471425577,0.000170025336374,0.00148,6.65847e-07,0.0154111111111111,0.0157,6.76e-06,0.0805555555555555,0.023,9e-06,0.0031111111111111,0.0401799999999999,0.0990777777777777,1.0,1020384.1666971709,1.9e-06,0.12776,3.4609694388515324,0.03025703305676809,0.163613595141091,0.2339434593171905,294.97510282796065
608.0,0.0065,0.009,550000.0,0.000127,1.0,35.0,375.0,0.002336316683222,7738.096563585876,351.11917342151344,133.43982622540494,0.0,0.0003009737991487,0.2814270618571698,0.0943600927286434,69.85,6.419928171814002e-09,9.434422115881755e-10,1040.0447755704,1.0956932596397877,0.0001894619230578,0.00148,6.65847e-07,0.0154111111111111,0.0157,6.76e-06,0.0805555555555555,0.023,9e-06,0.0031111111111111,0.0401799999999999,0.0990777777777777,1.0,926607.899168448,1.9e-06,0.12776,3.4418510010408685,0.03267708847583948,0.019126969128526378,0.24801428140755571,33.85017343514779
609.0,0.0065,0.009,550000.0,0.000127,1.0,35.0,400.0,0.0027278315784806,7738.096563585876,385.3528593710531,141.19379054261253,0.0,0.0003184628814192,0.4306330716265249,0.110172752924309,69.85,7.855482787762491e-09,1.0545750196570024e-09,987.8427895359094,0.9465952521777268,0.0002487462155478,0.00148,6.65847e-07,0.0154111111111111,0.0157,6.76e-06,0.0805555555555555,0.023,9e-06,0.0031111111111111,0.0401799999999999,0.0990777777777777,1.0,1140604.1501251531,1.9e-06,0.12776,3.3796321747461433,0.04055288927264011,0.1525203187022159,0.2904296751515001,254.6996200431177
613.0,0.0065,0.009,550000.0,0.000127,1.0,40.0,375.0,0.0030776182854289,8843.53892981243,351.11917342151344,135.2944834275359,0.0,0.0002670123594565,0.3084976717695145,0.1243000783592197,69.85,8.842003570857957e-09,1.0944110459116551e-09,911.601514371307,0.8919334273363899,0.0002525730426821,0.00148,6.65847e-07,0.0154111111111111,0.0157,6.76e-06,0.0805555555555555,0.023,9e-06,0.0031111111111111,0.0401799999999999,0.0990777777777777,1.0,1104230.8244736064,1.9e-06,0.12776,3.3712605124945263,0.04161259335512329,0.016257593410294785,0.2957742809265504,26.94469602310597
614.0,0.0065,0.009,550000.0,0.000127,1.0,40.0,400.0,0.0035923159682214,8843.53892981243,385.3528593710531,142.21417346010804,0.0,0.0002806688125173,0.4148067655375178,0.1450878942509164,69.85,9.871398936442962e-09,1.0682309482764148e-09,757.1922095335563,0.9235305465171276,0.0003033729460707,0.00148,6.65847e-07,0.0154111111111111,0.0157,6.76e-06,0.0805555555555555,0.023,9e-06,0.0031111111111111,0.0401799999999999,0.0990777777777777,1.0,1285156.4139667351,1.9e-06,0.12776,3.3125128442825877,0.04904900705283702,0.10177887128660137,0.3311285471356536,160.2158357956565
615.0,0.0065,0.009,600000.0,0.000127,1.0,25.0,400.0,0.0011539710699234,5066.610845205039,385.3528593710531,139.41005467577097,0.0,0.0004802351194546,0.4049137031918783,0.0466070451604946,76.2,2.894709139846819e-09,5.185305429554525e-10,1264.8870000000002,2.384966787925684,0.0001099086834333,0.00148,6.65847e-07,0.0154111111111111,0.0157,6.76e-06,0.0805555555555555,0.023,9e-06,0.0031111111111111,0.0401799999999999,0.0990777777777777,1.0,453916.09555141383,1.9e-06,0.12776,3.4442617380600726,0.03237193189113007,0.19036665803138367,0.24626856896578686,337.6856924977722
618.0,0.0065,0.009,600000.0,0.000127,1.0,30.0,375.0,0.0014316126346828,6079.933014246046,351.11917342151344,131.2660472001647,0.0,0.0003768174278158,0.2399049478221672,0.0578205437346259,76.2,3.449992269365753e-09,5.72533215508993e-10,1264.887,2.3288443220252044,0.000117292175528,0.00148,6.65847e-07,0.0154111111111111,0.0157,6.76e-06,0.0805555555555555,0.023,9e-06,0.0031111111111111,0.0401799999999999,0.0990777777777777,1.0,898230.8744272823,1.9e-06,0.12776,3.4265139188763816,0.03461849128147069,0.014144404087541279,0.258933861992284,24.668728934032956
619.0,0.0065,0.009,600000.0,0.000127,1.0,30.0,400.0,0.001671945476168,6079.933014246046,385.3528593710531,140.26770761209005,0.0,0.0004026579448029,0.3834242284949468,0.0675272026696637,76.2,3.930657952336006e-09,6.192791548420572e-10,1264.887,2.280263441447401,0.0001433157290836,0.00148,6.65847e-07,0.0154111111111111,0.0157,6.76e-06,0.0805555555555555,0.023,9e-06,0.0031111111111111,0.0401799999999999,0.0990777777777777,1.0,714274.3613556656,1.9e-06,0.12776,3.3766886017089517,0.04092549345456307,0.147957025825283,0.2923181229576104,246.42162389563694
621.0,0.0065,0.009,600000.0,0.000127,1.0,35.0,325.0,0.001373978822756,7093.255183287054,319.92671377973846,125.55606110961054,0.0,0.0003089366737236,0.2481792679825977,0.0554928062850023,76.2,3.334724645512193e-09,5.613231509201747e-10,1264.887,2.340494420768084,0.0001046264492678,0.00148,6.65847e-07,0.0154111111111111,0.0157,6.76e-06,0.0805555555555555,0.023,9e-06,0.0031111111111111,0.0401799999999999,0.0990777777777777,1.0,514835.3087533041,1.9e-06,0.12776,3.464520187113081,0.029807571251508784,0.024746461697595395,0.23127199077325417,44.77039902434837
623.0,0.0065,0.009,600000.0,0.000127,1.0,35.0,375.0,0.0019631549907629,7093.255183287054,351.11917342151344,133.439826225405,0.0,0.0003283350536168,0.2893714268264339,0.0792886890289296,76.2,5.039386963051734e-09,8.205597916713384e-10,1106.9940055422398,1.3528289876550428,0.0001664588484806,0.00148,6.65847e-07,0.0154111111111111,0.0157,6.76e-06,0.0805555555555555,0.023,9e-06,0.0031111111111111,0.0401799999999999,0.0990777777777777,1.0,1015450.1640567331,1.9e-06,0.12776,3.3361375710794663,0.04605853530639668,0.04214273779750419,0.3173467365102778,67.70614163282558
627.0,0.0065,0.009,600000.0,0.000127,1.0,40.0,350.0,0.002183932632504,8106.577352328061,351.11917342151344,127.29758774396764,0.0,0.0002740690601491,0.277075334384445,0.088205544734625,76.2,5.861186652514709e-09,9.001874908450386e-10,1060.3626489994651,1.153724661781048,0.0001905759724528,0.00148,6.65847e-07,0.0154111111111111,0.0157,6.76e-06,0.0805555555555555,0.023,9e-06,0.0031111111111111,0.0401799999999999,0.0990777777777777,1.0,1255049.5911384125,1.9e-06,0.12776,3.288947901731828,0.052031911173186354,0.020929789649819897,0.3443320645711276,32.296388282220576
631.0,0.0065,0.0095,400000.0,0.000127,1.0,20.0,325.0,0.0012973120810889,6079.933014246046,319.92671377973846,121.93660933074678,0.0,0.0003500359800926,0.243997027217402,0.0523963592558541,50.8,3.1813911621779605e-09,5.464110863322121e-10,1264.887,2.3559918359286747,6.701579196295962e-05,0.00148,6.65847e-07,0.0154111111111111,0.0157,6.76e-06,0.0805555555555555,0.023,9e-06,0.0031111111111111,0.0401799999999999,0.0990777777777777,1.0,531685.1912354137,1.9e-06,0.12776,3.596196798187228,0.013139645799085116,0.023660667961547782,0.11709095949868405,49.16410225891593
632.0,0.0065,0.0095,400000.0,0.000127,1.0,20.0,350.0,0.0015523103428723,6079.933014246046,351.11917342151344,111.09383518284288,0.0,0.000318910290305,0.2381246360762368,0.062695331052064,50.8,3.6913876857446238e-09,5.960095232403791e-10,1264.8870000000002,2.304446487291792,8.292234954205894e-05,0.00148,6.65847e-07,0.0154111111111111,0.0157,6.76e-06,0.0805555555555555,0.023,9e-06,0.0031111111111111,0.0401799999999999,0.0990777777777777,1.0,493613.6877423915,1.9e-06,0.12776,3.5905864327285477,0.013849818641956009,0.007489305024172693,0.12264334919941501,15.464035572009648
633.0,0.0065,0.0095,400000.0,0.000127,1.0,20.0,375.0,0.0018276761339677,6079.933014246046,351.11917342151344,124.31866745074106,0.0,0.0003568740089114,0.288623155655259,0.0738169147691424,50.8,4.4974715358709365e-09,7.197446906546157e-10,1188.2813196193597,1.82737619850586,9.951385296645782e-05,0.00148,6.65847e-07,0.0154111111111111,0.0157,6.76e-06,0.0805555555555555,0.023,9e-06,0.0031111111111111,0.0401799999999999,0.0990777777777777,1.0,451426.93216485047,1.9e-06,0.12776,3.583643868842421,0.014728624197161894,0.04686624088611649,0.12941823958554782,96.02290330493958
634.0,0.0065,0.0095,400000.0,0.000127,1.0,20.0,400.0,0.0021239934877275,6079.933014246046,385.3528593710531,135.75369209509867,0.0,0.000389699836042,0.4487397437799932,0.085784698579736,50.8,5.641409788334409e-09,8.831735648030955e-10,1068.3545349696578,1.1765508866919632,0.0001341972451051,0.00148,6.65847e-07,0.0154111111111111,0.0157,6.76e-06,0.0805555555555555,0.023,9e-06,0.0031111111111111,0.0401799999999999,0.0990777777777777,1.0,339953.28770831716,1.9e-06,0.12776,3.5605043123119366,0.0176576819858308,0.19501504520025717,0.15126236724974518,389.53521544894704
637.0,0.0065,0.0095,400000.0,0.000127,1.0,25.0,350.0,0.0024395468789225,7599.916267807557,351.11917342151344,117.16996239000768,0.0,0.0002690821261815,0.2718579449987885,0.0985293951646769,50.8,6.798438889382816e-09,9.727444467384391e-10,1026.2807494769886,1.0563807924124382,0.0001450658853607,0.00148,6.65847e-07,0.0154111111111111,0.0157,6.76e-06,0.0805555555555555,0.023,9e-06,0.0031111111111111,0.0401799999999999,0.0990777777777777,1.0,964736.3802439716,1.9e-06,0.12776,3.486666576896938,0.027004230772539523,0.005388549834111495,0.21417989039857804,9.965525176224109
638.0,0.0065,0.0095,400000.0,0.000127,1.0,25.0,375.0,0.0028717471751492,7599.916267807557,351.11917342151344,127.98510017622648,0.0,0.0002939192107986,0.3282404382882028,0.1159852736087982,50.8,8.383173308880611e-09,1.0954259414900339e-09,968.6540433134325,0.8917888349357432,0.0001755242595116,0.00148,6.65847e-07,0.0154111111111111,0.0157,6.76e-06,0.0805555555555555,0.023,9e-06,0.0031111111111111,0.0401799999999999,0.0990777777777777,1.0,880223.7768711388,1.9e-06,0.12776,3.4731929347302266,0.028709755097439706,0.044315164679404495,0.22466788779367347,80.86215062850194
639.0,0.0065,0.0095,400000.0,0.000127,1.0,25.0,400.0,0.0033367921524644,7599.916267807557,385.3528593710531,136.70415011462867,0.0,0.000313942606282,0.4047695903366237,0.1347676961705953,50.8,9.360351304928908e-09,1.0812281671648959e-09,833.8493542606641,0.9078440246424088,0.0002108864358076,0.00148,6.65847e-07,0.0154111111111111,0.0157,6.76e-06,0.0805555555555555,0.023,9e-06,0.0031111111111111,0.0401799999999999,0.0990777777777777,1.0,766510.5563629527,1.9e-06,0.12776,3.4522789758452697,0.03135709166515575,0.10206189416602829,0.24040420938876922,182.45313165738037
641.0,0.0065,0.0095,400000.0,0.000127,1.0,30.0,325.0,0.0029580724192587,9119.899521369069,319.92671377973846,124.67553501087836,0.0,0.0002385989645529,0.3044398074406603,0.1194718120979906,50.8,8.602911838517527e-09,1.1004917463944036e-09,947.4652742223712,0.8845945464608226,0.0001641363919556,0.00148,6.65847e-07,0.0154111111111111,0.0157,6.76e-06,0.0805555555555555,0.023,9e-06,0.0031111111111111,0.0401799999999999,0.0990777777777777,1.0,912783.226464228,1.9e-06,0.12776,3.478572851926974,0.028028752920636207,0.01702799534266969,0.22051386948118445,31.237557130578825
643.0,0.0065,0.0095,400000.0,0.000127,1.0,30.0,375.0,0.0041634549109498,9119.899521369069,351.11917342151344,130.48834363034044,0.0,0.0002497232811048,0.3748856912216431,0.1681552823254088,50.8,1.1013676821899797e-08,1.0391799659545332e-09,585.850526715031,0.9585925758315774,0.0002214350537232,0.00148,6.65847e-07,0.0154111111111111,0.0157,6.76e-06,0.0805555555555555,0.023,9e-06,0.0031111111111111,0.0401799999999999,0.0990777777777777,1.0,725822.9096758082,1.9e-06,0.12776,3.4438842473062876,0.03241971553084969,0.038790408896234196,0.24654246035519425,68.78413644216506
644.0,0.0065,0.0095,400000.0,0.000127,1.0,30.0,400.0,0.004836719677334,9119.899521369069,385.3528593710531,137.6333262265466,0.0,0.0002633970579934,0.4929404052950623,0.1953473690160402,50.8,1.2360206354668184e-08,1.0049343536124019e-09,383.8710967997728,0.9999240754183144,0.0002681095019663,0.00148,6.65847e-07,0.0154111111111111,0.0157,6.76e-06,0.0805555555555555,0.023,9e-06,0.0031111111111111,0.0401799999999999,0.0990777777777777,1.0,1158261.7653656988,1.9e-06,0.12776,3.345554617925687,0.04486650406003965,0.1296530362790221,0.31169354897050333,210.02436495660282
649.0,0.0065,0.0095,400000.0,0.000127,1.0,35.0,400.0,0.0066343040540597,10639.88277493058,385.3528593710531,138.6210931547407,0.0,0.0002273892052612,0.537542266511759,0.2679489258569853,50.8,1.895537510811943e-08,1.154966692810168e-09,303.1388378376115,0.9346506503361692,0.0004001778125482,0.00148,6.65847e-07,0.0154111111111111,0.0157,6.76e-06,0.0805555555555555,0.023,9e-06,0.0031111111111111,0.0401799999999999,0.0990777777777777,1.0,1302861.82582661,1.9e-06,0.12776,3.2091697877634,0.06213040661222786,0.10165334065477358,0.3854047909994312,147.03339138172558
650.0,0.0065,0.0095,400000.0,0.000127,1.0,40.0,400.0,0.0087419488521447,12159.866028492092,385.3528593710531,139.70024437891493,0.0,0.0002005144813717,0.5446319318430392,0.3530733270199627,50.8,2.317066470428949e-08,1.4188552028123232e-09,218.8330459142104,0.8163852208391431,0.0004879068211536,0.00148,6.65847e-07,0.0154111111111111,0.0157,6.76e-06,0.0805555555555555,0.023,9e-06,0.0031111111111111,0.0401799999999999,0.0990777777777777,1.0,1893046.8623849181,1.9e-06,0.12776,3.195670084382267,0.06383922982502946,0.02361860482307629,0.3918512300487986,33.804087797696575
651.0,0.0065,0.0095,450000.0,0.000127,1.0,20.0,325.0,0.0010250367060456,5404.384901552042,319.92671377973846,121.93660933074672,0.0,0.0003937904776042,0.2479351298439545,0.0413995924984526,57.15,2.6368404120912277e-09,4.934521645094022e-10,1264.887,2.411029580239941,6.44665727731314e-05,0.00148,6.65847e-07,0.0154111111111111,0.0157,6.76e-06,0.0805555555555555,0.023,9e-06,0.0031111111111111,0.0401799999999999,0.0990777777777777,1.0,413165.6216849874,1.9e-06,0.12776,3.5764037298500497,0.015645097487335495,0.03859553734550178,0.13637295483730882,78.4455792931853
652.0,0.0065,0.0095,450000.0,0.000127,1.0,20.0,350.0,0.0012265168141213,5404.384901552042,351.11917342151344,111.09383518284318,0.0,0.0003587740765931,0.2544910281600882,0.049537051695458,57.15,3.0398006282426675e-09,5.326410529306701e-10,1264.887,2.3703023911935146,7.893260380516733e-05,0.00148,6.65847e-07,0.0154111111111111,0.0157,6.76e-06,0.0805555555555555,0.023,9e-06,0.0031111111111111,0.0401799999999999,0.0990777777777777,1.0,373052.4425466624,1.9e-06,0.12776,3.5680580116049927,0.01670151751835536,0.03701397646462998,0.14425305902611743,74.5446102441062
653.0,0.0065,0.0095,450000.0,0.000127,1.0,20.0,375.0,0.0014440897848633,5404.384901552042,351.11917342151344,124.31866745074096,0.0,0.0004014832600254,0.3014699624465106,0.0583244758669767,57.15,3.4749465697267914e-09,5.749600836048548e-10,1264.887,2.3263221908877147,8.851891621729306e-05,0.00148,6.65847e-07,0.0154111111111111,0.0157,6.76e-06,0.0805555555555555,0.023,9e-06,0.0031111111111111,0.0401799999999999,0.0990777777777777,1.0,342278.915816832,1.9e-06,0.12776,3.5609015587996384,0.01760739762029893,0.0752054865795338,0.15089661184662503,150.28486581063956
654.0,0.0065,0.0095,450000.0,0.000127,1.0,20.0,400.0,0.001678217076723,5404.384901552042,385.3528593710531,135.75369209509876,0.0,0.0004384123155472,0.5191304656501181,0.0677805025815198,57.15,3.943201153446032e-09,6.204990125080102e-10,1264.887,2.278995700111211,0.0001077902088285,0.00148,6.65847e-07,0.0154111111111111,0.0157,6.76e-06,0.0805555555555555,0.023,9e-06,0.0031111111111111,0.0401799999999999,0.0990777777777777,1.0,803475.1185838406,1.9e-06,0.12776,3.4588461750901276,0.03052580062150287,0.2834099630685982,0.2355320817412887,509.89355964028493
656.0,0.0065,0.0095,450000.0,0.000127,1.0,25.0,325.0,0.0016112831997512,6755.481126940053,319.92671377973846,123.4361813971976,0.0,0.0003189066390665,0.2491136443237613,0.0650771503848335,57.15,3.8093333995025096e-09,6.074800387676179e-10,1264.8870000000002,2.2925257140022826,8.799523880123833e-05,0.00148,6.65847e-07,0.0154111111111111,0.0157,6.76e-06,0.0805555555555555,0.023,9e-06,0.0031111111111111,0.0401799999999999,0.0990777777777777,1.0,344099.71426608914,1.9e-06,0.12776,3.5613450725432103,0.01755125664009997,0.016096493938927675,0.1504878843223073,32.18148022223543
657.0,0.0065,0.0095,450000.0,0.000127,1.0,25.0,350.0,0.0019275432129758,6755.481126940053,351.11917342151344,117.16996239000784,0.0,0.0003027173919542,0.2643042020247113,0.0778503863029547,57.15,4.896939851903487e-09,7.940596789606522e-10,1128.3610722144767,1.4775677861808951,0.000121456675096,0.00148,6.65847e-07,0.0154111111111111,0.0157,6.76e-06,0.0805555555555555,0.023,9e-06,0.0031111111111111,0.0401799999999999,0.0990777777777777,1.0,763002.9567771886,1.9e-06,0.12776,3.450952752815095,0.031524967998089216,0.018513815721756477,0.24138059127937933,33.05407702704698
658.0,0.0065,0.0095,450000.0,0.000127,1.0,25.0,375.0,0.0022690348050562,6755.481126940053,351.11917342151344,127.9851001762266,0.0,0.0003306591121484,0.3384805690270657,0.0916426853205319,57.15,6.173227951872741e-09,9.243440261978863e-10,1049.015692659173,1.1213157687558142,0.0001496796421377,0.00148,6.65847e-07,0.0154111111111111,0.0157,6.76e-06,0.0805555555555555,0.023,9e-06,0.0031111111111111,0.0401799999999999,0.0990777777777777,1.0,665547.7097164635,1.9e-06,0.12776,3.4298031408446894,0.03420213407029253,0.07889788370653378,0.2566188227171141,138.03272543169436
659.0,0.0065,0.0095,450000.0,0.000127,1.0,25.0,400.0,0.0026364777500953,6755.481126940053,385.3528593710531,136.7041501146287,0.0,0.0003531854320673,0.4656724503249142,0.1064831179619519,57.15,7.5205187503497e-09,1.0286439309570722e-09,1000.0232999872836,0.9813849216161804,0.0001955703818162,0.00148,6.65847e-07,0.0154111111111111,0.0157,6.76e-06,0.0805555555555555,0.023,9e-06,0.0031111111111111,0.0401799999999999,0.0990777777777777,1.0,932975.5243591317,1.9e-06,0.12776,3.2973006873260724,0.05097459654100352,0.1912493323629623,0.33971202903267433,297.192921825986
661.0,0.0065,0.0095,450000.0,0.000127,1.0,30.0,325.0,0.0023372424053402,8106.577352328062,319.92671377973846,124.67553501087856,0.0,0.000268423835122,0.2845512909518485,0.0943974811638445,57.15,6.423322486247622e-09,9.43704980897184e-10,1039.921345954632,1.0953407230569714,0.0001419331620403,0.00148,6.65847e-07,0.0154111111111111,0.0157,6.76e-06,0.0805555555555555,0.023,9e-06,0.0031111111111111,0.0401799999999999,0.0990777777777777,1.0,695041.2666959236,1.9e-06,0.12776,3.436547844504044,0.03334837411341218,0.022213809788003885,0.25182619623964775,39.11386164806892
662.0,0.0065,0.0095,450000.0,0.000127,1.0,30.0,350.0,0.002795200376556,8106.577352328062,351.11917342151344,121.2484420780369,0.0,0.00026104537528,0.2900866087610071,0.1128936708884944,57.15,8.102501714038673e-09,1.073697877553343e-09,978.8602831258664,0.9209396419320222,0.00019139633415,0.00148,6.65847e-07,0.0154111111111111,0.0157,6.76e-06,0.0805555555555555,0.023,9e-06,0.0031111111111111,0.0401799999999999,0.0990777777777777,1.0,953722.7376049829,1.9e-06,0.12776,3.3020973275093644,0.050367426897548834,0.009252937872512579,0.337029394867325,14.437070184322275
663.0,0.0065,0.0095,450000.0,0.000127,1.0,30.0,375.0,0.0032896433864295,8106.577352328062,351.11917342151344,130.48834363034035,0.0,0.000280938691243,0.3642826349297681,0.1328634329484711,57.15,9.266053772859096e-09,1.083626389149261e-09,847.993984071136,0.9049495776117812,0.0002149423240734,0.00148,6.65847e-07,0.0154111111111111,0.0157,6.76e-06,0.0805555555555555,0.023,9e-06,0.0031111111111111,0.0401799999999999,0.0990777777777777,1.0,799192.527859408,1.9e-06,0.12776,3.2636966288455835,0.055228274829673,0.063479201981297,0.35791385947881016,95.92457920528283
664.0,0.0065,0.0095,450000.0,0.000127,1.0,30.0,400.0,0.00382160567098,8106.577352328062,385.3528593710531,137.63332622654664,0.0,0.0002963216902426,0.5129495536724931,0.1543485384818096,57.15,1.032997834196005e-08,1.056568127545601e-09,688.4052987059929,0.9376065649395736,0.0002580552395333,0.00148,6.65847e-07,0.0154111111111111,0.0157,6.76e-06,0.0805555555555555,0.023,9e-06,0.0031111111111111,0.0401799999999999,0.0990777777777777,1.0,1250490.0447598577,1.9e-06,0.12776,3.194928931991069,0.06393304658340898,0.19066101519068337,0.39220123469685125,272.72620116733685
668.0,0.0065,0.0095,450000.0,0.000127,1.0,35.0,375.0,0.0045132937174658,9457.673577716074,351.11917342151344,132.46261348713537,0.0,0.0002444479313173,0.3576750799623126,0.1822847119784976,57.15,1.1713354434931694e-08,1.0213854150611002e-09,480.898884760246,0.980069063550656,0.0002627955418326,0.00148,6.65847e-07,0.0154111111111111,0.0157,6.76e-06,0.0805555555555555,0.023,9e-06,0.0031111111111111,0.0401799999999999,0.0990777777777777,1.0,1218160.2444313387,1.9e-06,0.12776,3.187780071731732,0.06483796560357824,0.007450367983814987,0.3955566699455485,10.598354984045862
669.0,0.0065,0.0095,450000.0,0.000127,1.0,35.0,400.0,0.0052419192525903,9457.673577716074,385.3528593710531,138.6210931547408,0.0,0.0002558128559188,0.5216684288677446,0.2117127315413218,57.15,1.3654444010361576e-08,1.0194536976433988e-09,330.63309186245056,0.999019339683482,0.0003304487311129,0.00148,6.65847e-07,0.0154111111111111,0.0157,6.76e-06,0.0805555555555555,0.023,9e-06,0.0031111111111111,0.0401799999999999,0.0990777777777777,1.0,1671411.8242893757,1.9e-06,0.12776,3.1478042153453774,0.06989820058919276,0.14201569732642258,0.41365761728210054,195.9714412913282
674.0,0.0065,0.0095,450000.0,0.000127,1.0,40.0,400.0,0.006907218846139,10808.769803104084,385.3528593710531,139.7002443789149,0.0,0.0002255787915431,0.5181674867017935,0.2789715176454027,57.15,1.950120469227812e-08,1.1891370985183795e-09,292.2222461544377,0.919336691774138,0.0004629800927494,0.00148,6.65847e-07,0.0154111111111111,0.0157,6.76e-06,0.0805555555555555,0.023,9e-06,0.0031111111111111,0.0401799999999999,0.0990777777777777,1.0,1464280.8033561986,1.9e-06,0.12776,3.4658222154778646,0.02964275753444754,0.07125596905639059,0.23028771176678148,129.0787702773963
675.0,0.0065,0.0095,500000.0,0.000127,1.0,20.0,375.0,0.0011697127257393,4863.946411396836,351.11917342151344,124.3186674507412,0.0,0.0004460925111393,0.2885464345536503,0.0472428254522511,63.5,2.9261924514786992e-09,5.215923737199322e-10,1264.887,2.381784769619049,8.492229920051285e-05,0.00148,6.65847e-07,0.0154111111111111,0.0157,6.76e-06,0.0805555555555555,0.023,9e-06,0.0031111111111111,0.0401799999999999,0.0990777777777777,1.0,638158.9984228773,1.9e-06,0.12776,3.422757768295497,0.035093953380316865,0.07336360910139908,0.2615599655561249,127.49732429793524
676.0,0.0065,0.0095,500000.0,0.000127,1.0,20.0,400.0,0.0013593558321456,4863.946411396836,385.3528593710531,135.75369209509876,0.0,0.0004871247950525,0.4565608652202401,0.054902207091031,63.5,3.3054786642912847e-09,5.584789061314883e-10,1264.887,2.343450312090081,0.0001026281533485,0.00148,6.65847e-07,0.0154111111111111,0.0157,6.76e-06,0.0805555555555555,0.023,9e-06,0.0031111111111111,0.0401799999999999,0.0990777777777777,1.0,567366.1407551714,1.9e-06,0.12776,3.4044036260576633,0.03741726252434643,0.23371865812920897,0.27412909979384903,399.26194569274037
678.0,0.0065,0.0095,500000.0,0.000127,1.0,25.0,325.0,0.0013051393917985,6079.933014246046,319.92671377973846,123.43618139719769,0.0,0.0003543407100739,0.2375903611942142,0.0527124918117152,63.5,3.197045783597033e-09,5.479335374017702e-10,1264.887,2.354409623341849,8.411879081331678e-05,0.00148,6.65847e-07,0.0154111111111111,0.0157,6.76e-06,0.0805555555555555,0.023,9e-06,0.0031111111111111,0.0401799999999999,0.0990777777777777,1.0,640967.765796602,1.9e-06,0.12776,3.4234431786034474,0.035007192581842136,0.016937869382499,0.26108215177250527,29.45507174335852
679.0,0.0065,0.0095,500000.0,0.000127,1.0,25.0,350.0,0.0015613100025104,6079.933014246046,351.11917342151344,117.16996239000768,0.0,0.0003363526577269,0.2641674488342043,0.0630588129053932,63.5,3.7093870050209102e-09,5.977600020382961e-10,1264.887,2.3026272960925382,0.0001040935836837,0.00148,6.65847e-07,0.0154111111111111,0.0157,6.76e-06,0.0805555555555555,0.023,9e-06,0.0031111111111111,0.0401799999999999,0.0990777777777777,1.0,560336.6255945433,1.9e-06,0.12776,3.402461565171379,0.03766309301628111,0.033168635928810974,0.27543405857787995,56.56016606176913
680.0,0.0065,0.0095,500000.0,0.000127,1.0,25.0,375.0,0.0018379181920955,6079.933014246046,351.11917342151344,127.98510017622654,0.0,0.0003673990134983,0.3496070486534055,0.0742305751096308,63.5,4.5384397683820975e-09,7.273662055477712e-10,1182.1360847426854,1.7915009318193236,0.0001254755490813,0.00148,6.65847e-07,0.0154111111111111,0.0157,6.76e-06,0.0805555555555555,0.023,9e-06,0.0031111111111111,0.0401799999999999,0.0990777777777777,1.0,788014.8286229536,1.9e-06,0.12776,3.2597048264282655,0.05573356627490314,0.10743647354377459,0.3600095756286279,161.81931908247094
681.0,0.0065,0.0095,500000.0,0.000127,1.0,25.0,400.0,0.0021355469775772,6079.933014246046,385.3528593710531,136.70415011462848,0.0,0.0003924282578525,0.4047695903366237,0.0862513255491809,63.5,5.683772584449909e-09,8.864530614085603e-10,1066.8140696563669,1.1721510481757744,0.000168863765105,0.00148,6.65847e-07,0.0154111111111111,0.0157,6.76e-06,0.0805555555555555,0.023,9e-06,0.0031111111111111,0.0401799999999999,0.0990777777777777,1.0,1019819.3516501822,1.9e-06,0.12776,3.137384306933674,0.07121717633750961,0.15057826478744277,0.4181989813350346,206.1778060857392
683.0,0.0065,0.0095,500000.0,0.000127,1.0,30.0,325.0,0.0018931663483256,7295.919617095255,319.92671377973846,124.67553501087868,0.0,0.0002982487056911,0.295055429595019,0.0764619597427141,63.5,4.759432393302449e-09,7.68478513276673e-10,1148.9871910046325,1.5979810050659449,0.0001203457596401,0.00148,6.65847e-07,0.0154111111111111,0.0157,6.76e-06,0.0805555555555555,0.023,9e-06,0.0031111111111111,0.0401799999999999,0.0990777777777777,1.0,818233.6399798595,1.9e-06,0.12776,3.2678093917537328,0.05470767192990728,0.0506534698523049,0.3557402344233183,76.80250043326893
684.0,0.0065,0.0095,500000.0,0.000127,1.0,30.0,350.0,0.0022641123050103,7295.919617095255,351.11917342151344,121.24844207803676,0.0,0.0002900504169778,0.2855788755463153,0.0914438734196804,63.5,6.155178785037989e-09,9.22946758151541e-10,1049.672025998619,1.123190371631605,0.0001658770489294,0.00148,6.65847e-07,0.0154111111111111,0.0157,6.76e-06,0.0805555555555555,0.023,9e-06,0.0031111111111111,0.0401799999999999,0.0990777777777777,1.0,708074.0153062878,1.9e-06,0.12776,3.2411298536883355,0.05808482864704618,0.026195002126634892,0.3695842794184639,38.86427953244496
685.0,0.0065,0.0095,500000.0,0.000127,1.0,30.0,375.0,0.0026646111430079,7295.919617095255,351.11917342151344,130.48834363034047,0.0,0.0003121541013811,0.3736431957112333,0.1076193806882616,63.5,7.623674524362428e-09,1.036629688313279e-09,996.2721809322752,0.970671069149242,0.0002011590773179,0.00148,6.65847e-07,0.0154111111111111,0.0157,6.76e-06,0.0805555555555555,0.023,9e-06,0.0031111111111111,0.0401799999999999,0.0990777777777777,1.0,1195576.8391521832,1.9e-06,0.12776,3.199730462065835,0.06332525796635,0.09808381502297159,0.38992656557308086,140.82657344622342
686.0,0.0065,0.0095,500000.0,0.000127,1.0,30.0,400.0,0.0030955005934938,7295.919617095255,385.3528593710531,137.6333262265467,0.0,0.0003292463224918,0.4722541434190019,0.1250223161702658,63.5,8.877768186987642e-09,1.093501462311937e-09,906.2368219518538,0.8930312162677214,0.0002521011998994,0.00148,6.65847e-07,0.0154111111111111,0.0157,6.76e-06,0.0805555555555555,0.023,9e-06,0.0031111111111111,0.0401799999999999,0.0990777777777777,1.0,1075929.1650960867,1.9e-06,0.12776,3.480494881307318,0.027785458062364828,0.17929182724873607,0.2190189922112396,329.5384651070928
688.0,0.0065,0.0095,500000.0,0.000127,1.0,35.0,325.0,0.0025989328329392,8511.906219944463,319.92671377973846,125.85779557780072,0.0,0.0002580659214721,0.2968277285526521,0.1049667388298835,63.5,7.382854054110577e-09,1.0179866810725822e-09,1005.0292889414334,0.9956829021172992,0.0001787077816932,0.00148,6.65847e-07,0.0154111111111111,0.0157,6.76e-06,0.0805555555555555,0.023,9e-06,0.0031111111111111,0.0401799999999999,0.0990777777777777,1.0,926446.8267251954,1.9e-06,0.12776,3.3114958162119006,0.04917774478330376,0.023920989722768488,0.33170936187582806,37.622674941629676
690.0,0.0065,0.0095,500000.0,0.000127,1.0,35.0,375.0,0.0036557679111473,8511.906219944463,351.11917342151344,132.46261348713543,0.0,0.0002716088125747,0.3617122615397091,0.1476506167025829,63.5,9.998302822294663e-09,1.0650034651994911e-09,738.1566266558004,0.9274258401426978,0.0002547337160229,0.00148,6.65847e-07,0.0154111111111111,0.0157,6.76e-06,0.0805555555555555,0.023,9e-06,0.0031111111111111,0.0401799999999999,0.0990777777777777,1.0,1063813.9455329976,1.9e-06,0.12776,3.478408146698486,0.02804960168373594,0.04612164483712619,0.22064170442707534,84.59546815088451
691.0,0.0065,0.0095,500000.0,0.000127,1.0,35.0,400.0,0.0042459545945982,8511.906219944463,385.3528593710531,138.6210931547407,0.0,0.0002842365065765,0.5595202638761756,0.1714873125484706,63.5,1.1178676189196437e-08,1.034983619545762e-09,561.1006216205351,0.9636572039108532,0.0003069644959669,0.00148,6.65847e-07,0.0154111111111111,0.0157,6.76e-06,0.0805555555555555,0.023,9e-06,0.0031111111111111,0.0401799999999999,0.0990777777777777,1.0,1495693.7529951893,1.9e-06,0.12776,3.456574335090268,0.03081337530502943,0.22009295132770498,0.23722458823185244,395.1008533509598
695.0,0.0065,0.0095,500000.0,0.000127,1.0,40.0,375.0,0.004818431506969,9727.892822793672,351.11917342151344,134.19879758860102,0.0,0.0002407726845684,0.3717450883834402,0.1946087390760686,63.5,1.2323630013938092e-08,1.0058645813980194e-09,389.3575479092863,0.9988013707356608,0.0003052538975868,0.00148,6.65847e-07,0.0154111111111111,0.0157,6.76e-06,0.0805555555555555,0.023,9e-06,0.0031111111111111,0.0401799999999999,0.0990777777777777,1.0,1502979.5187653902,1.9e-06,0.12776,3.4576096321933973,0.030682325038810482,0.009196349307371482,0.2364542287869406,16.5255409097086
696.0,0.0065,0.0095,500000.0,0.000127,1.0,40.0,400.0,0.0055948472653726,9727.892822793672,385.3528593710531,139.7002443789149,0.0,0.0002506431017146,0.5579660443060696,0.225966929292776,63.5,1.5066156061490536e-08,1.0527517497933776e-09,324.4272056856877,0.983076169634057,0.0004025311280682,0.00148,6.65847e-07,0.0154111111111111,0.0157,6.76e-06,0.0805555555555555,0.023,9e-06,0.0031111111111111,0.0401799999999999,0.0990777777777777,1.0,1704751.6062521006,1.9e-06,0.12776,3.409700043691378,0.03674682991248382,0.16405911501329348,0.27054618848067935,281.6458205418276
697.0,0.0065,0.0095,550000.0,0.000127,1.0,20.0,400.0,0.0011234345720211,4421.769464906215,385.3528593710531,135.7536920950987,0.0,0.0005358372745577,0.5114819853968979,0.0453737248686207,69.85,2.8336361440423836e-09,5.12591041430982e-10,1264.8870000000002,2.3911394356116378,9.894462683080684e-05,0.00148,6.65847e-07,0.0154111111111111,0.0157,6.76e-06,0.0805555555555555,0.023,9e-06,0.0031111111111111,0.0401799999999999,0.0990777777777777,1.0,555932.439757771,1.9e-06,0.12776,3.408298807496034,0.036924201582780536,0.29816826052827716,0.27149753081820865,511.20793738381155
698.0,0.0065,0.0095,550000.0,0.000127,1.0,25.0,325.0,0.0010786275965276,5527.2118311327695,319.92671377973846,123.43618139719774,0.0,0.0003897747810813,0.2519535699376395,0.0435640428195993,69.85,2.7440221930553995e-09,5.038758606626204e-10,1264.887,2.400196717637892,8.142062891737577e-05,0.00148,6.65847e-07,0.0154111111111111,0.0157,6.76e-06,0.0805555555555555,0.023,9e-06,0.0031111111111111,0.0401799999999999,0.0990777777777777,1.0,634486.2984862392,1.9e-06,0.12776,3.429038991951304,0.03429886177831595,0.04044952711804009,0.257157939294842,70.71557604039566
699.0,0.0065,0.0095,550000.0,0.000127,1.0,25.0,350.0,0.0012903388450499,5527.2118311327695,351.11917342151344,117.1699623900078,0.0,0.0003699879234996,0.2746171681320036,0.0521147214094159,69.85,3.167444690099927e-09,5.450547570564433e-10,1264.887,2.357401405861602,9.990989372628576e-05,0.00148,6.65847e-07,0.0154111111111111,0.0157,6.76e-06,0.0805555555555555,0.023,9e-06,0.0031111111111111,0.0401799999999999,0.0990777777777777,1.0,550569.5093205653,1.9e-06,0.12776,3.406778843689504,0.03711660206461973,0.0545624467225877,0.2725266792034344,93.41487914299321
700.0,0.0065,0.0095,550000.0,0.000127,1.0,25.0,375.0,0.0015189406546244,5527.2118311327695,351.11917342151344,127.98510017622664,0.0,0.0004041389148481,0.316588250466053,0.0613475827352321,69.85,3.624648309248801e-09,5.89518952027719e-10,1264.887,2.311191836074225,0.0001122209979126,0.00148,6.65847e-07,0.0154111111111111,0.0157,6.76e-06,0.0805555555555555,0.023,9e-06,0.0031111111111111,0.0401799999999999,0.0990777777777777,1.0,840046.0969073467,1.9e-06,0.12776,3.2876876163188427,0.052191440972298435,0.08730066773082099,0.34502353752833254,134.5700479947677
701.0,0.0065,0.0095,550000.0,0.000127,1.0,25.0,400.0,0.0017649148575018,5527.2118311327695,385.3528593710531,136.70415011462873,0.0,0.0004316710836378,0.4816132186812876,0.0712820872307281,69.85,4.246426430007441e-09,6.730415771465768e-10,1225.938085498884,2.0472126320339354,0.0001413254241634,0.00148,6.65847e-07,0.0154111111111111,0.0157,6.76e-06,0.0805555555555555,0.023,9e-06,0.0031111111111111,0.0401799999999999,0.0990777777777777,1.0,600137.4822385553,1.9e-06,0.12776,3.4938848232340898,0.02609052870454564,0.2423911314505595,0.20844357040358477,451.5478256787573
703.0,0.0065,0.0095,550000.0,0.000127,1.0,30.0,325.0,0.0015646002878724,6632.654197359322,319.92671377973846,124.67553501087842,0.0,0.0003280735762602,0.2889280563671039,0.0631917022667058,69.85,3.715967575744807e-09,5.983999789926221e-10,1264.887,2.3019621978094733,0.0001052593383641,0.00148,6.65847e-07,0.0154111111111111,0.0157,6.76e-06,0.0805555555555555,0.023,9e-06,0.0031111111111111,0.0401799999999999,0.0990777777777777,1.0,516504.581838947,1.9e-06,0.12776,3.3967881184987245,0.0383812508229463,0.0577963541003981,0.27921956974126433,98.04119101119078
704.0,0.0065,0.0095,550000.0,0.000127,1.0,30.0,350.0,0.0018711671942234,6632.654197359322,351.11917342151344,121.2484420780368,0.0,0.0003190554586756,0.2784828662858033,0.0755734491071738,69.85,4.6714357768937486e-09,7.521080847422341e-10,1162.1866834659377,1.6750383221057985,0.000141890814573,0.00148,6.65847e-07,0.0154111111111111,0.0157,6.76e-06,0.0805555555555555,0.023,9e-06,0.0031111111111111,0.0401799999999999,0.0990777777777777,1.0,596840.4772357533,1.9e-06,0.12776,3.4930506667179744,0.02619611813696527,0.03496941717862939,0.20911074845787053,65.08924231554953
705.0,0.0065,0.0095,550000.0,0.000127,1.0,30.0,375.0,0.002202157969428,6632.654197359322,351.11917342151344,130.48834363034038,0.0,0.0003433695115192,0.3751930702751277,0.0889416369324476,69.85,5.9280128879028345e-09,9.053608134820487e-10,1057.9326040762603,1.146784028222514,0.0001764608418978,0.00148,6.65847e-07,0.0154111111111111,0.0157,6.76e-06,0.0805555555555555,0.023,9e-06,0.0031111111111111,0.0401799999999999,0.0990777777777777,1.0,991984.6487047343,1.9e-06,0.12776,3.4554666561246457,0.030953587832323343,0.1183114333426801,0.23804708723230403,212.1582859479925
706.0,0.0065,0.0095,550000.0,0.000127,1.0,30.0,400.0,0.0025582649533006,6632.654197359322,385.3528593710531,137.6333262265467,0.0,0.000362170954741,0.4820839555575607,0.103324228239889,69.85,7.233738495435816e-09,1.006442967877575e-09,1010.451672893243,1.011170179600859,0.0002307120484619,0.00148,6.65847e-07,0.0154111111111111,0.0157,6.76e-06,0.0805555555555555,0.023,9e-06,0.0031111111111111,0.0401799999999999,0.0990777777777777,1.0,1261514.5017463197,1.9e-06,0.12776,3.4048266864981893,0.037363710569849475,0.2108197273176716,0.27384420253943426,360.28501959830265
708.0,0.0065,0.0095,550000.0,0.000127,1.0,35.0,325.0,0.0021478783743299,7738.096563585876,319.92671377973846,125.85779557780076,0.0,0.0002838725136193,0.3037289953999496,0.086749370933788,69.85,5.728987705876512e-09,8.89953369481473e-10,1065.1698834226722,1.1674549645597516,0.0001567545266302,0.00148,6.65847e-07,0.0154111111111111,0.0157,6.76e-06,0.0805555555555555,0.023,9e-06,0.0031111111111111,0.0401799999999999,0.0990777777777777,1.0,1073848.1973961939,1.9e-06,0.12776,3.470718202190684,0.029023012380926097,0.049039624466161474,0.22656388258784,89.26407993272746
709.0,0.0065,0.0095,550000.0,0.000127,1.0,35.0,350.0,0.0025678840919172,7738.096563585876,351.11917342151344,124.28222532118478,0.0,0.0002803188117046,0.2844268971264944,0.1037127298579908,69.85,7.269008670363268e-09,1.0091733924376861e-09,1009.1691210776994,1.0075069871690985,0.0002119019964038,0.00148,6.65847e-07,0.0154111111111111,0.0157,6.76e-06,0.0805555555555555,0.023,9e-06,0.0031111111111111,0.0401799999999999,0.0990777777777777,1.0,1354794.802412368,1.9e-06,0.12776,3.421860606463887,0.03520751816912828,0.012774167268503389,0.2621844627206891,22.181225845269775
710.0,0.0065,0.0095,550000.0,0.000127,1.0,35.0,375.0,0.0030212957943366,7738.096563585876,351.11917342151344,132.4626134871354,0.0,0.0002987696938322,0.3458059457476534,0.1220253030599859,69.85,8.72935858867328e-09,1.097275889421067e-09,928.498261699008,0.888475808382395,0.0002498809776204,0.00148,6.65847e-07,0.0154111111111111,0.0157,6.76e-06,0.0805555555555555,0.023,9e-06,0.0031111111111111,0.0401799999999999,0.0990777777777777,1.0,1130567.574856318,1.9e-06,0.12776,3.3773615809218707,0.040840306212421455,0.055840642687667474,0.29188726037216317,93.0589106708027
711.0,0.0065,0.0095,550000.0,0.000127,1.0,35.0,400.0,0.0035090533839654,7738.096563585876,385.3528593710531,138.62109315474075,0.0,0.0003126601572341,0.5293714287637648,0.1417250516929509,69.85,9.704873767930937e-09,1.072466099624597e-09,782.1709848103598,0.9184190842238455,0.0002990052159993,0.00148,6.65847e-07,0.0154111111111111,0.0157,6.76e-06,0.0805555555555555,0.023,9e-06,0.0031111111111111,0.0401799999999999,0.0990777777777777,1.0,1362615.320538359,1.9e-06,0.12776,3.330422077897202,0.04678201545605041,0.21970637707081378,0.3207327695923308,351.2274695987966
713.0,0.0065,0.0095,550000.0,0.000127,1.0,40.0,325.0,0.0028329174993781,8843.53892981243,319.92671377973846,127.06932809041172,0.0,0.000250779486705,0.2886136695546712,0.1144170051318854,69.85,8.240797831053304e-09,1.0844040085901591e-09,973.8313334162436,0.9065760814951396,0.0002172361841857,0.00148,6.65847e-07,0.0154111111111111,0.0157,6.76e-06,0.0805555555555555,0.023,9e-06,0.0031111111111111,0.0401799999999999,0.0990777777777777,1.0,1330190.581543594,1.9e-06,0.12776,3.417550045006891,0.03575315885988726,0.0062566644227856905,0.265170292156078,10.820185751777803
714.0,0.0065,0.0095,550000.0,0.000127,1.0,40.0,350.0,0.0033856083509031,8843.53892981243,351.11917342151344,126.75605062366928,0.0,0.0002501612134877,0.32882183321351,0.1367393043196177,69.85,9.457983701806348e-09,1.0787451312313107e-09,819.2044947290481,0.9108408347924958,0.0002672941605107,0.00148,6.65847e-07,0.0154111111111111,0.0157,6.76e-06,0.0805555555555555,0.023,9e-06,0.0031111111111111,0.0401799999999999,0.0990777777777777,1.0,1603508.8109276078,1.9e-06,0.12776,3.3774740639764222,0.04082606785108579,0.02414252889389229,0.291815193982509,40.237826455659686
715.0,0.0065,0.0095,550000.0,0.000127,1.0,40.0,375.0,0.0039821747991479,8843.53892981243,351.11917342151344,134.198797588601,0.0,0.0002648499530253,0.3822597284272429,0.1608336686579078,69.85,1.0651116598295936e-08,1.0484007788413391e-09,640.2345602556098,0.9474638501947608,0.0002958084875036,0.00148,6.65847e-07,0.0154111111111111,0.0157,6.76e-06,0.0805555555555555,0.023,9e-06,0.0031111111111111,0.0401799999999999,0.0990777777777777,1.0,1399948.6352041347,1.9e-06,0.12776,3.338523116303092,0.04575656755657065,0.05348605976933499,0.31592346035701796,86.1093776571009
717.0,0.0065,0.0095,600000.0,0.000127,1.0,25.0,350.0,0.0010842430572989,5066.610845205039,351.11917342151344,117.16996239000784,0.0,0.0004036231892723,0.2468850545839136,0.043790842295412,76.2,2.7552531145978557e-09,5.049680958599276e-10,1264.8870000000002,2.3990616083975964,9.688653955364504e-05,0.00148,6.65847e-07,0.0154111111111111,0.0157,6.76e-06,0.0805555555555555,0.023,9e-06,0.0031111111111111,0.0401799999999999,0.0990777777777777,1.0,564070.2149163001,1.9e-06,0.12776,3.478895010190242,0.027987973393640297,0.03515421228850149,0.220263707062048,64.51047928862877
718.0,0.0065,0.0095,600000.0,0.000127,1.0,25.0,375.0,0.0012763320778441,5066.610845205039,351.11917342151344,127.9851001762266,0.0,0.0004408788161979,0.3601942489865828,0.0515490104927992,76.2,3.139431155688228e-09,5.423303708010692e-10,1264.8870000000002,2.360232733784592,0.0001081697864285,0.00148,6.65847e-07,0.0154111111111111,0.0157,6.76e-06,0.0805555555555555,0.023,9e-06,0.0031111111111111,0.0401799999999999,0.0990777777777777,1.0,481298.98169012147,1.9e-06,0.12776,3.4537342036462446,0.031172885614399414,0.1407052384937836,0.23932995658179246,251.89046519447356
719.0,0.0065,0.0095,600000.0,0.000127,1.0,25.0,400.0,0.0014830187344286,5066.610845205039,385.3528593710531,136.70415011462865,0.0,0.000470913909423,0.4596904936369254,0.0598967538535979,76.2,3.552804468857291e-09,5.825319589400434e-10,1264.887,2.318453093022595,0.0001311295940418,0.00148,6.65847e-07,0.0154111111111111,0.0157,6.76e-06,0.0805555555555555,0.023,9e-06,0.0031111111111111,0.0401799999999999,0.0990777777777777,1.0,822660.034420431,1.9e-06,0.12776,3.407849700114371,0.03698105061843405,0.23185373978332738,0.27180191873138093,397.3459440362387
721.0,0.0065,0.0095,600000.0,0.000127,1.0,30.0,325.0,0.0013146988530038,6079.933014246046,319.92671377973846,124.67553501087842,0.0,0.0003578984468293,0.2979910347925578,0.0530985831546625,76.2,3.21616470600779e-09,5.497929004035225e-10,1264.887,2.352477273853794,0.0001014541058006,0.00148,6.65847e-07,0.0154111111111111,0.0157,6.76e-06,0.0805555555555555,0.023,9e-06,0.0031111111111111,0.0401799999999999,0.0990777777777777,1.0,537263.7304170025,1.9e-06,0.12776,3.4712721271278424,0.028952895300273156,0.07695245163789519,0.22614030375848068,140.14894657019607
722.0,0.0065,0.0095,600000.0,0.000127,1.0,30.0,350.0,0.0015723002118127,6079.933014246046,351.11917342151344,121.248442078037,0.0,0.0003480605003734,0.2900316864517653,0.0635026898747781,76.2,3.731367423625502e-09,5.998976526986392e-10,1264.887,2.300405735184172,0.0001255580349596,0.00148,6.65847e-07,0.0154111111111111,0.0157,6.76e-06,0.0805555555555555,0.023,9e-06,0.0031111111111111,0.0401799999999999,0.0990777777777777,1.0,855768.1256286679,1.9e-06,0.12776,3.4163058470396415,0.03591065227346312,0.058588996576987185,0.26602763110758193,101.20475537683531
723.0,0.0065,0.0095,600000.0,0.000127,1.0,30.0,375.0,0.0018504244048666,6079.933014246046,351.11917342151344,130.4883436303404,0.0,0.0003745849216573,0.3663153354623189,0.074735681033515,76.2,4.588464619466482e-09,7.36672566213042e-10,1174.6323570800275,1.747694920097494,0.000152157797805,0.00148,6.65847e-07,0.0154111111111111,0.0157,6.76e-06,0.0805555555555555,0.023,9e-06,0.0031111111111111,0.0401799999999999,0.0990777777777777,1.0,1125007.9778960228,1.9e-06,0.12776,3.36357887015969,0.042584953144343074,0.1236396544288039,0.3006080206639119,203.50898047141436
726.0,0.0065,0.0095,600000.0,0.000127,1.0,35.0,325.0,0.0018048144673189,7093.255183287054,319.92671377973846,125.85779557780086,0.0,0.0003096791057665,0.308396038619994,0.0728935686318636,76.2,4.406024869275699e-09,7.027324328962372e-10,1201.998319608645,1.90745467274331,0.0001341992436523,0.00148,6.65847e-07,0.0154111111111111,0.0157,6.76e-06,0.0805555555555555,0.023,9e-06,0.0031111111111111,0.0401799999999999,0.0990777777777777,1.0,801951.2923833515,1.9e-06,0.12776,3.4023234794625288,0.0376805722199331,0.06756246998813029,0.2755266659810084,115.1948521761872
727.0,0.0065,0.0095,600000.0,0.000127,1.0,35.0,350.0,0.0021577359383471,7093.255183287054,351.11917342151344,124.2822253211844,0.0,0.0003058023400414,0.2902632620308502,0.0871475021723394,76.2,5.7651321072728314e-09,8.927514718862955e-10,1063.855541553715,1.1637009741721829,0.0001878064791346,0.00148,6.65847e-07,0.0154111111111111,0.0157,6.76e-06,0.0805555555555555,0.023,9e-06,0.0031111111111111,0.0401799999999999,0.0990777777777777,1.0,1285766.130539073,1.9e-06,0.12776,3.296614296105366,0.05106148150564992,0.03517575985851068,0.34009413493414037,54.62992755069329
731.0,0.0065,0.0095,600000.0,0.000127,1.0,40.0,325.0,0.0023804376210052,8106.577352328061,319.92671377973846,127.06932809041156,0.0,0.00027357762186,0.2942225550676376,0.0961420668122091,76.2,6.581704943685986e-09,9.55966086847749e-10,1034.1619838659642,1.0788909770433706,0.0001934046882702,0.00148,6.65847e-07,0.0154111111111111,0.0157,6.76e-06,0.0805555555555555,0.023,9e-06,0.0031111111111111,0.0401799999999999,0.0990777777777777,1.0,1216065.7596503831,1.9e-06,0.12776,3.278834346397093,0.053312108051000916,0.030140488255428394,0.34984019944014555,46.118539495175966
772.0,0.007,0.008,450000.0,0.000127,1.0,25.0,400.0,0.0010700946228668,5824.879134963618,385.3528593710531,139.58982905541583,0.0,0.0004182579694554,0.2187706809859023,0.0465439796405162,57.15,2.9550052457336103e-09,5.253759546207079e-10,1281.206,2.9947200729337045,8.393382197163267e-05,0.00148,6.65847e-07,0.0154111111111111,0.0157,6.76e-06,0.0805555555555555,0.023,9e-06,0.0031111111111111,0.0401799999999999,0.0990777777777777,1.0,357603.56316503393,1.9e-06,0.12776,3.564553788565646,0.017145090054981504,0.004286701345385974,0.14751907584704166,8.600289002400972
786.0,0.007,0.008,500000.0,0.000127,1.0,30.0,400.0,0.0012548573136462,6290.869465760706,385.3528593710531,141.1482461006431,0.0,0.0003915995461803,0.2403642432849802,0.0545802698285076,63.5,3.324530627292556e-09,5.613132217907695e-10,1281.206,2.9573721426195414,0.0001031928382583,0.00148,6.65847e-07,0.0154111111111111,0.0157,6.76e-06,0.0805555555555555,0.023,9e-06,0.0031111111111111,0.0401799999999999,0.0990777777777777,1.0,564689.7801237345,1.9e-06,0.12776,3.403666892175329,0.03751051997780648,0.017843973456472484,0.2746246976803906,30.462074902886947
794.0,0.007,0.008,550000.0,0.000127,1.0,30.0,400.0,0.0010370721600382,5718.972241600641,385.3528593710531,141.1482461006432,0.0,0.0004307595007983,0.2421663955475943,0.0451076610152955,69.85,2.888960320076494e-09,5.189529204882393e-10,1281.206,3.001395233569869,0.0001006331183852,0.00148,6.65847e-07,0.0154111111111111,0.0157,6.76e-06,0.0805555555555555,0.023,9e-06,0.0031111111111111,0.0401799999999999,0.0990777777777777,1.0,546427.9908270773,1.9e-06,0.12776,3.405595398907896,0.0372664052015322,0.029118734532298685,0.2733259636546969,49.79861783250717
796.0,0.007,0.008,550000.0,0.000127,1.0,35.0,400.0,0.0014204660536891,6672.134281867415,385.3528593710531,142.47307332213035,0.0,0.000372687976569,0.2420414564890513,0.0617834550984205,69.85,3.65574810737831e-09,5.93524949772809e-10,1281.206,2.9238959919072744,0.0001233070890899,0.00148,6.65847e-07,0.0154111111111111,0.0157,6.76e-06,0.0805555555555555,0.023,9e-06,0.0031111111111111,0.0401799999999999,0.0990777777777777,1.0,768275.5986561422,1.9e-06,0.12776,3.2681614629604563,0.05466310595437266,0.0123180013906308,0.35555347821212957,18.682383441362212
802.0,0.007,0.008,600000.0,0.000127,1.0,35.0,400.0,0.0011935860590026,6116.123091711797,385.3528593710531,142.47307332213052,0.0,0.0004065687017117,0.2454053485226344,0.0519152643535339,76.2,3.201988118005388e-09,5.49395656406319e-10,1281.206,2.9697575140331955,0.0001198783919092,0.00148,6.65847e-07,0.0154111111111111,0.0157,6.76e-06,0.0805555555555555,0.023,9e-06,0.0031111111111111,0.0401799999999999,0.0990777777777777,1.0,885591.7869819936,1.9e-06,0.12776,3.42354704628994,0.03499404477342536,0.0255500841691004,0.261009689489832,44.436129909683636
805.0,0.007,0.008,600000.0,0.000127,1.0,40.0,400.0,0.0015702197661088,6989.85496195634,385.3528593710531,143.7229672321511,0.0,0.000358868531978,0.241446381251392,0.0682970227708579,76.2,3.955255532217711e-09,6.226527956070031e-10,1281.206,2.893624776478756,0.0001441802516387,0.00148,6.65847e-07,0.0154111111111111,0.0157,6.76e-06,0.0805555555555555,0.023,9e-06,0.0031111111111111,0.0401799999999999,0.0990777777777777,1.0,699628.2192623671,1.9e-06,0.12776,3.3720211667048714,0.04151630801204165,0.005209358480533999,0.2952919945303127,8.639698715298225
806.0,0.007,0.0085,400000.0,0.000127,1.0,20.0,400.0,0.0011750825504191,5242.391221467255,385.3528593710531,137.22460611195592,0.0,0.0004568566309203,0.2850298354287119,0.0511104505469901,50.8,3.164981100838258e-09,5.457966314692725e-10,1281.206,2.973497813258277,7.912309781090465e-05,0.00148,6.65847e-07,0.0154111111111111,0.0157,6.76e-06,0.0805555555555555,0.023,9e-06,0.0031111111111111,0.0401799999999999,0.0990777777777777,1.0,502873.75741838303,1.9e-06,0.12776,3.5920044174344556,0.013670326907030949,0.06597938488172178,0.12124662268378555,136.45216101747204
809.0,0.007,0.0085,400000.0,0.000127,1.0,25.0,375.0,0.0015640203670611,6552.989026834069,351.11917342151344,134.13367716628278,0.0,0.0003572528955522,0.2567824387989233,0.0680273786693995,50.8,3.942856734122363e-09,6.214469814952351e-10,1281.206,2.894877923002253,8.788624900893808e-05,0.00148,6.65847e-07,0.0154111111111111,0.0157,6.76e-06,0.0805555555555555,0.023,9e-06,0.0031111111111111,0.0401799999999999,0.0990777777777777,1.0,481319.84795406903,1.9e-06,0.12776,3.5886473067584315,0.014095277625515039,0.020815060129523777,0.12454623209814782,42.88604871612584
810.0,0.007,0.0085,400000.0,0.000127,1.0,25.0,400.0,0.0018445818561214,6552.989026834069,385.3528593710531,139.85343431247202,0.0,0.0003724869504555,0.3391301005097506,0.0802304567483747,50.8,4.9931434244859e-09,8.10448097832378e-10,1134.456886327115,2.030898349289064,0.0001201337712028,0.00148,6.65847e-07,0.0154111111111111,0.0157,6.76e-06,0.0805555555555555,0.023,9e-06,0.0031111111111111,0.0401799999999999,0.0990777777777777,1.0,392012.93390120054,1.9e-06,0.12776,3.5723035213092738,0.016164111226674254,0.09095964376137577,0.1402624632962222,184.043205189406
815.0,0.007,0.0085,400000.0,0.000127,1.0,30.0,400.0,0.0026711691963442,7863.586832200882,385.3528593710531,141.70093260589786,0.0,0.0003145063289683,0.2944715970363326,0.1161830384288332,50.8,8.075769719928985e-09,1.1166144136129751e-09,951.7167738207644,1.230912109417521,0.0001864888276911,0.00148,6.65847e-07,0.0154111111111111,0.0157,6.76e-06,0.0805555555555555,0.023,9e-06,0.0031111111111111,0.0401799999999999,0.0990777777777777,1.0,847415.4116327994,1.9e-06,0.12776,3.467512914556434,0.02942874499285648,0.010348558607499392,0.22900584622760817,18.777427639239466
826.0,0.007,0.0085,450000.0,0.000127,1.0,25.0,375.0,0.0012357691789125,5824.879134963618,351.11917342151344,134.1336771662828,0.0,0.0004019095074963,0.2461421645164597,0.0537500275906366,57.15,3.2863543578250782e-09,5.576004841443832e-10,1281.206,2.961230618174619,8.440294003545107e-05,0.00148,6.65847e-07,0.0154111111111111,0.0157,6.76e-06,0.0805555555555555,0.023,9e-06,0.0031111111111111,0.0401799999999999,0.0990777777777777,1.0,356093.6554671387,1.9e-06,0.12776,3.564201924551155,0.017189629803651307,0.024452136925822987,0.1478456444607005,49.03884533062962
827.0,0.007,0.0085,450000.0,0.000127,1.0,25.0,400.0,0.001457447392491,5824.879134963618,385.3528593710531,139.85343431247207,0.0,0.0004190478192625,0.3653370522321973,0.0633919658258763,57.15,3.729710784982085e-09,6.0071800507647e-10,1281.206,2.916420584081861,0.0001026773266685,0.00148,6.65847e-07,0.0154111111111111,0.0157,6.76e-06,0.0805555555555555,0.023,9e-06,0.0031111111111111,0.0401799999999999,0.0990777777777777,1.0,276870.65973286226,1.9e-06,0.12776,3.5430427479554782,0.019868006587914152,0.134005086406321,0.1670341382325172,262.6961054793626
831.0,0.007,0.0085,450000.0,0.000127,1.0,30.0,400.0,0.0021105534390868,6989.85496195634,385.3528593710531,141.7009326058979,0.0,0.0003538196200894,0.3141538246962879,0.0917989439437694,57.15,6.020178609985044e-09,9.574817621962603e-10,1026.4655414550894,1.4444076708154896,0.0001610019827143,0.00148,6.65847e-07,0.0154111111111111,0.0157,6.76e-06,0.0805555555555555,0.023,9e-06,0.0031111111111111,0.0401799999999999,0.0990777777777777,1.0,615214.8004767766,1.9e-06,0.12776,3.41752925756967,0.03575579018105444,0.05441488075251838,0.2651846325981044,94.10247815783438
836.0,0.007,0.0085,450000.0,0.000127,1.0,35.0,400.0,0.0028917021030197,8154.830788949064,385.3528593710531,143.22293927936323,0.0,0.0003065314191676,0.3236459417784292,0.1257751613112662,57.15,8.884390377739219e-09,1.1792134142825099e-09,922.3123862640284,1.146928032787661,0.0002289933961952,0.00148,6.65847e-07,0.0154111111111111,0.0157,6.76e-06,0.0805555555555555,0.023,9e-06,0.0031111111111111,0.0401799999999999,0.0990777777777777,1.0,1114511.9557697782,1.9e-06,0.12776,3.155782702129243,0.06888826555326039,0.029930780467162882,0.4101320968637157,41.550662750590014
842.0,0.007,0.0085,500000.0,0.000127,1.0,25.0,375.0,0.0010009730349191,5242.391221467256,351.11917342151344,134.1336771662829,0.0,0.0004465661194403,0.2538201246813054,0.0435375223484157,63.5,2.816762069838314e-09,5.119314601569507e-10,1281.206,3.008692310721442,8.228397901894214e-05,0.00148,6.65847e-07,0.0154111111111111,0.0157,6.76e-06,0.0805555555555555,0.023,9e-06,0.0031111111111111,0.0401799999999999,0.0990777777777777,1.0,647291.738727356,1.9e-06,0.12776,3.4249750662925313,0.034813282747780866,0.042342602332889695,0.26001200237812244,73.74071937157221
843.0,0.007,0.0085,500000.0,0.000127,1.0,25.0,400.0,0.0011805323879177,5242.391221467256,385.3528593710531,139.85343431247207,0.0,0.0004656086880694,0.3279735695512206,0.0513474923189598,63.5,3.175880775835489e-09,5.468566521119409e-10,1281.206,2.972396183106307,9.919686543503688e-05,0.00148,6.65847e-07,0.0154111111111111,0.0157,6.76e-06,0.0805555555555555,0.023,9e-06,0.0031111111111111,0.0401799999999999,0.0990777777777777,1.0,582873.4478281141,1.9e-06,0.12776,3.408608693053605,0.036884975562834856,0.10868607723226067,0.2712873537536489,186.39547677078716
846.0,0.007,0.0085,500000.0,0.000127,1.0,30.0,400.0,0.0017095482856603,6290.869465760706,385.3528593710531,141.7009326058979,0.0,0.0003931329112104,0.2989614547479886,0.0743571445944532,63.5,4.4530091426413275e-09,7.099643517429937e-10,1215.4770286038008,2.503885837886129,0.0001344838273909,0.00148,6.65847e-07,0.0154111111111111,0.0157,6.76e-06,0.0805555555555555,0.023,9e-06,0.0031111111111111,0.0401799999999999,0.0990777777777777,1.0,510235.064346962,1.9e-06,0.12776,3.3900710656576196,0.039231510676250685,0.05666431015353529,0.28365058568926527,95.52997511564179
851.0,0.007,0.0085,500000.0,0.000127,1.0,35.0,400.0,0.002342278703446,7339.347710054157,385.3528593710531,143.22293927936323,0.0,0.0003405904657418,0.3245248415981896,0.1018778806621256,63.5,6.869837912635433e-09,1.023257750902166e-09,995.5688395405298,1.356161283224672,0.0002013033657431,0.00148,6.65847e-07,0.0154111111111111,0.0157,6.76e-06,0.0805555555555555,0.023,9e-06,0.0031111111111111,0.0401799999999999,0.0990777777777777,1.0,1194624.3196215045,1.9e-06,0.12776,3.1995109367006025,0.06335304598726556,0.05470696093606389,0.39003093451588944,78.53360768602799
857.0,0.007,0.0085,550000.0,0.000127,1.0,30.0,375.0,0.0011982685387042,5718.972241600641,351.11917342151344,136.0394714096522,0.0,0.0004151684233575,0.2361629582983991,0.0521189297446483,69.85,3.2113530774084677e-09,5.50306422120667e-10,1281.206,2.9688109975863264,0.0001011390803507,0.00148,6.65847e-07,0.0154111111111111,0.0157,6.76e-06,0.0805555555555555,0.023,9e-06,0.0031111111111111,0.0401799999999999,0.0990777777777777,1.0,543461.6159994027,1.9e-06,0.12776,3.404742538760607,0.03737436218220167,0.016104028553750677,0.2739008871034442,27.51918619249956
858.0,0.007,0.0085,550000.0,0.000127,1.0,30.0,400.0,0.0014128498228597,5718.972241600641,385.3528593710531,141.7009326058979,0.0,0.0004324462023315,0.3084587667844417,0.0614521856152506,69.85,3.640515645719557e-09,5.92043554795341e-10,1281.206,2.9254355368071243,0.0001228566007004,0.00148,6.65847e-07,0.0154111111111111,0.0157,6.76e-06,0.0805555555555555,0.023,9e-06,0.0031111111111111,0.0401799999999999,0.0990777777777777,1.0,771769.6785125355,1.9e-06,0.12776,3.2691492597468526,0.05453806838647439,0.07906658116919099,0.3550289227854797,120.01577907739559
862.0,0.007,0.0085,550000.0,0.000127,1.0,35.0,400.0,0.0019357675235091,6672.134281867415,385.3528593710531,143.2229392793632,0.0,0.000374649512316,0.3041110980912667,0.0841965955885335,69.85,5.3578860940364505e-09,8.783029091765471e-10,1079.7454858945323,1.711498664703691,0.000176824070432,0.00148,6.65847e-07,0.0154111111111111,0.0157,6.76e-06,0.0805555555555555,0.023,9e-06,0.0031111111111111,0.0401799999999999,0.0990777777777777,1.0,990319.5459177936,1.9e-06,0.12776,3.4551366239586465,0.030995364055867572,0.05197450250273308,0.23829180735488456,93.17172072632628
867.0,0.007,0.0085,550000.0,0.000127,1.0,40.0,400.0,0.0025474941630188,7625.296322134189,385.3528593710531,144.6206548778417,0.0,0.000331017509009,0.2938405769343615,0.1108037681193379,69.85,7.622294597735826e-09,1.0815088431534471e-09,968.2067782641518,1.2780104478586134,0.0002432656194783,0.00148,6.65847e-07,0.0154111111111111,0.0157,6.76e-06,0.0805555555555555,0.023,9e-06,0.0031111111111111,0.0401799999999999,0.0990777777777777,1.0,1183356.0116820124,1.9e-06,0.12776,3.3889824836145164,0.039369305871580225,0.015096808815023482,0.28436356211944525,25.42627554178759
868.0,0.007,0.0085,600000.0,0.000127,1.0,30.0,375.0,0.0010068784248834,5242.391221467255,351.11917342151344,136.03947140965218,0.0,0.0004529110072991,0.231489064429981,0.0437943784659893,76.2,2.828572849766838e-09,5.130800880319494e-10,1281.206,3.0074985951940656,9.908773289355554e-05,0.00148,6.65847e-07,0.0154111111111111,0.0157,6.76e-06,0.0805555555555555,0.023,9e-06,0.0031111111111111,0.0401799999999999,0.0990777777777777,1.0,551743.958185169,1.9e-06,0.12776,3.4754480914291306,0.028424292224160715,0.019754685963991686,0.22293200591746143,36.12719974886175
869.0,0.007,0.0085,600000.0,0.000127,1.0,30.0,400.0,0.0011871863094863,5242.391221467255,385.3528593710531,141.7009326058979,0.0,0.0004717594934525,0.2973079587053377,0.0516369059683703,76.2,3.1891886189726846e-09,5.48150873126641e-10,1281.206,2.9710511594004307,0.0001194655129921,0.00148,6.65847e-07,0.0154111111111111,0.0157,6.76e-06,0.0805555555555555,0.023,9e-06,0.0031111111111111,0.0401799999999999,0.0990777777777777,1.0,887644.227679344,1.9e-06,0.12776,3.424032864922621,0.03493254874397204,0.07773105273696729,0.2606705740568621,135.25012959781503
872.0,0.007,0.0085,600000.0,0.000127,1.0,35.0,400.0,0.0016265824329486,6116.123091711797,385.3528593710531,143.22293927936326,0.0,0.0004087085588902,0.3294965474320613,0.0707485282375872,76.2,4.1211457317945185e-09,6.482262250719604e-10,1265.256540230822,2.7944936488135164,0.0001498101402887,0.00148,6.65847e-07,0.0154111111111111,0.0157,6.76e-06,0.0805555555555555,0.023,9e-06,0.0031111111111111,0.0401799999999999,0.0990777777777777,1.0,1139200.2787935077,1.9e-06,0.12776,3.3668588536199757,0.04216976536456006,0.09080801919447398,0.2985522043527851,149.9079640056231
875.0,0.007,0.0085,600000.0,0.000127,1.0,40.0,375.0,0.0018166795195886,6989.85496195634,351.11917342151344,139.02714306401063,0.0,0.0003471433111723,0.2522745183825579,0.079016839040413,76.2,4.881534078354675e-09,7.896848810271921e-10,1151.1982882467987,2.1286329795559857,0.0001614653716068,0.00148,6.65847e-07,0.0154111111111111,0.0157,6.76e-06,0.0805555555555555,0.023,9e-06,0.0031111111111111,0.0401799999999999,0.0990777777777777,1.0,1060199.9750614539,1.9e-06,0.12776,3.347820546919607,0.04457967760511309,0.005317679342144693,0.310319276408556,8.631283508851611
878.0,0.007,0.009,400000.0,0.000127,1.0,20.0,375.0,0.0013222957244063,5242.391221467255,351.11917342151344,133.1056891335236,0.0,0.0004431436782136,0.2749640856302168,0.0575135169921989,50.8,3.4594074488126953e-09,5.744303298756563e-10,1281.206,2.943740142268501,7.841480190392966e-05,0.00148,6.65847e-07,0.0154111111111111,0.0157,6.76e-06,0.0805555555555555,0.023,9e-06,0.0031111111111111,0.0401799999999999,0.0990777777777777,1.0,504587.18098241766,1.9e-06,0.12776,3.592262897774332,0.013637607876666824,0.04951056863801789,0.12099153808936175,102.42267606894664
879.0,0.007,0.009,400000.0,0.000127,1.0,20.0,400.0,0.0015479608490795,5242.391221467255,385.3528593710531,135.31439072573525,0.0,0.0004504970239197,0.3749776885544394,0.067328866722885,50.8,3.910737698159108e-09,6.183233249502183e-10,1281.206,2.898124193967059,9.51625700150446e-05,0.00148,6.65847e-07,0.0154111111111111,0.0157,6.76e-06,0.0805555555555555,0.023,9e-06,0.0031111111111111,0.0401799999999999,0.0990777777777777,1.0,462820.48034495144,1.9e-06,0.12776,3.585601111257076,0.01448087199277518,0.13970882183155428,0.12751888140651566,286.86992240985336
883.0,0.007,0.009,400000.0,0.000127,1.0,25.0,375.0,0.0020766875064042,6552.989026834069,351.11917342151344,135.25854829460295,0.0,0.0003602488878802,0.3094776822815016,0.0903259384285527,50.8,5.896003523482133e-09,9.478688043178586e-10,1030.9809991461043,1.457304608186124,0.0001285548413788,0.00148,6.65847e-07,0.0154111111111111,0.0157,6.76e-06,0.0805555555555555,0.023,9e-06,0.0031111111111111,0.0401799999999999,0.0990777777777777,1.0,362967.65729221934,1.9e-06,0.12776,3.565962889988325,0.016966722786287983,0.05121174385294888,0.14620876218878653,102.90261387750603
884.0,0.007,0.009,400000.0,0.000127,1.0,25.0,400.0,0.0024306358139081,6552.989026834069,385.3528593710531,138.1963547852081,0.0,0.0003680734692793,0.4489745133177643,0.105720990853099,50.8,7.193813984329986e-09,1.048338211230549e-09,983.7878914789096,1.3225128338947745,0.0001678791004734,0.00148,6.65847e-07,0.0154111111111111,0.0157,6.76e-06,0.0805555555555555,0.023,9e-06,0.0031111111111111,0.0401799999999999,0.0990777777777777,1.0,902229.5085116334,1.9e-06,0.12776,3.4768560541729023,0.02824606909203771,0.17531352246466528,0.22184429536533262,321.0606421531458
888.0,0.007,0.009,400000.0,0.000127,1.0,30.0,375.0,0.003009066839704,7863.586832200882,351.11917342151344,136.84986681254895,0.0,0.0003037393504722,0.3457410487192403,0.1308799640062957,50.8,9.314727745581528e-09,1.212527786006128e-09,906.6637547061264,1.1022328025477697,0.0001942760446119,0.00148,6.65847e-07,0.0154111111111111,0.0157,6.76e-06,0.0805555555555555,0.023,9e-06,0.0031111111111111,0.0401799999999999,0.0990777777777777,1.0,822999.8220416079,1.9e-06,0.12776,3.463106734521956,0.02998648930101823,0.046921084712944594,0.23233765611291132,84.77024332299983
889.0,0.007,0.009,400000.0,0.000127,1.0,30.0,400.0,0.0035211177468853,7863.586832200882,385.3528593710531,140.20901825787266,0.0,0.0003111950133961,0.383479122467463,0.1531517206243297,50.8,1.0657051493770793e-08,1.2503911458046744e-09,784.8706759343811,1.0492343114420457,0.0002396480626348,0.00148,6.65847e-07,0.0154111111111111,0.0157,6.76e-06,0.0805555555555555,0.023,9e-06,0.0031111111111111,0.0401799999999999,0.0990777777777777,1.0,634677.5876492566,1.9e-06,0.12776,3.4230145617250938,0.03506144788289954,0.062387401843133294,0.2613810219211498,108.44824052126457
898.0,0.007,0.009,450000.0,0.000127,1.0,20.0,375.0,0.0010447768686667,4659.903307970893,351.11917342151344,133.10568913352367,0.0,0.0004985366379903,0.2495276618987632,0.0454427788580337,57.15,2.904369737333487e-09,5.20451524840025e-10,1281.206,2.9998378037677047,7.598581798620252e-05,0.00148,6.65847e-07,0.0154111111111111,0.0157,6.76e-06,0.0805555555555555,0.023,9e-06,0.0031111111111111,0.0401799999999999,0.0990777777777777,1.0,381692.7565091221,1.9e-06,0.12776,3.5699443935762845,0.016462734990343782,0.03614488304072938,0.14248452422383553,72.94473299139614
899.0,0.007,0.009,450000.0,0.000127,1.0,20.0,400.0,0.0012230801770505,4659.903307970893,385.3528593710531,135.31439072573534,0.0,0.0005068091519097,0.3840502355790035,0.0531981169168474,57.15,3.260976354101024e-09,5.551324098372095e-10,1281.206,2.96379557301101,9.13359213966584e-05,0.00148,6.65847e-07,0.0154111111111111,0.0157,6.76e-06,0.0805555555555555,0.023,9e-06,0.0031111111111111,0.0401799999999999,0.0990777777777777,1.0,332095.04181178566,1.9e-06,0.12776,3.5583715690851525,0.01792764948289212,0.16291211866215596,0.1532206659350264,324.6600047096322
902.0,0.007,0.009,450000.0,0.000127,1.0,25.0,375.0,0.0016408395112329,5824.879134963618,351.11917342151344,135.25854829460303,0.0,0.0004052799988653,0.3034698904474099,0.0713686427089799,57.15,4.178174044931847e-09,6.58835473049385e-10,1256.7022932602229,2.744554810423855,0.0001043499278567,0.00148,6.65847e-07,0.0154111111111111,0.0157,6.76e-06,0.0805555555555555,0.023,9e-06,0.0031111111111111,0.0401799999999999,0.0990777777777777,1.0,262026.16921187702,1.9e-06,0.12776,3.5384033860284396,0.02045526759133676,0.06416124773842999,0.17112646572478354,125.1601925320666
903.0,0.007,0.009,450000.0,0.000127,1.0,25.0,400.0,0.001920502371483,5824.879134963618,385.3528593710531,138.1963547852079,0.0,0.0004140826529392,0.4102115313048922,0.0835326347481275,57.15,5.296825485932018e-09,8.669435142129915e-10,1088.9045771101974,1.7649685233116206,0.0001430804006892,0.00148,6.65847e-07,0.0154111111111111,0.0157,6.76e-06,0.0805555555555555,0.023,9e-06,0.0031111111111111,0.0401799999999999,0.0990777777777777,1.0,690847.5985508937,1.9e-06,0.12776,3.4356079485772018,0.03346734828136687,0.15873889655676457,0.2524977664318867,279.2550273286012
907.0,0.007,0.009,450000.0,0.000127,1.0,30.0,375.0,0.0023775342930994,6989.85496195634,351.11917342151344,136.849866812549,0.0,0.0003417067692812,0.3395745485162422,0.1034113295852213,57.15,6.999108408031491e-09,1.033265167543936e-09,990.8680942534004,1.3427351320542054,0.0001684826126692,0.00148,6.65847e-07,0.0154111111111111,0.0157,6.76e-06,0.0805555555555555,0.023,9e-06,0.0031111111111111,0.0401799999999999,0.0990777777777777,1.0,572262.0187310975,1.9e-06,0.12776,3.4062268156335063,0.037186479033733386,0.0682232189310209,0.2728997310363785,116.74321801763716
908.0,0.007,0.009,450000.0,0.000127,1.0,30.0,400.0,0.0027821177259341,6989.85496195634,385.3528593710531,140.20901825787254,0.0,0.0003500943900706,0.3948975321762198,0.1210087669130506,57.15,8.482580995091845e-09,1.148107523565492e-09,936.9236365421148,1.188660320550674,0.0002194562441678,0.00148,6.65847e-07,0.0154111111111111,0.0157,6.76e-06,0.0805555555555555,0.023,9e-06,0.0031111111111111,0.0401799999999999,0.0990777777777777,1.0,1183930.0448006755,1.9e-06,0.12776,3.1720917338742347,0.06682383115516019,0.10594876526316929,0.40279194147039443,148.9109751523041
913.0,0.007,0.009,450000.0,0.000127,1.0,35.0,400.0,0.0038134274653353,8154.830788949064,385.3528593710531,141.85234810167893,0.0,0.0003035980255303,0.3756600872075324,0.1658657902902535,57.15,1.1241670930670673e-08,1.235522811975718e-09,697.1777603993994,1.0671791076211146,0.0002821496646857,0.00148,6.65847e-07,0.0154111111111111,0.0157,6.76e-06,0.0805555555555555,0.023,9e-06,0.0031111111111111,0.0401799999999999,0.0990777777777777,1.0,1436533.3258067432,1.9e-06,0.12776,3.0686251259420865,0.07992087013391312,0.04185429691727888,0.4464886805923929,54.52199092634297
918.0,0.007,0.009,450000.0,0.000127,1.0,40.0,400.0,0.0050209104906398,9319.806615941789,385.3528593710531,143.3486537971734,0.0,0.0002684504185722,0.3868118156516485,0.2183855059724785,57.15,1.3698457962559408e-08,1.1771406629708882e-09,340.8383099325888,1.1390777894958353,0.0003349612424824,0.00148,6.65847e-07,0.0154111111111111,0.0157,6.76e-06,0.0805555555555555,0.023,9e-06,0.0031111111111111,0.0401799999999999,0.0990777777777777,1.0,1639609.8741885093,1.9e-06,0.12776,3.1415722148699237,0.07068706140887047,0.0004863096791700994,0.41638222465579866,0.6679540276325202
920.0,0.007,0.009,500000.0,0.000127,1.0,25.0,375.0,0.0013290800040987,5242.391221467256,351.11917342151344,135.25854829460303,0.0,0.0004503111098503,0.3066066619035552,0.0578086005942737,63.5,3.4729760081973993e-09,5.757499061972177e-10,1281.206,2.942368767971489,9.83507600414857e-05,0.00148,6.65847e-07,0.0154111111111111,0.0157,6.76e-06,0.0805555555555555,0.023,9e-06,0.0031111111111111,0.0401799999999999,0.0990777777777777,1.0,586522.9286419536,1.9e-06,0.12776,3.409582741882226,0.036761678242756224,0.08085806130928139,0.27062592356965276,138.79658997813388
921.0,0.007,0.009,500000.0,0.000127,1.0,25.0,400.0,0.0015556069209012,5242.391221467256,385.3528593710531,138.1963547852079,0.0,0.0004600918365991,0.4268881321898679,0.0676614341459833,63.5,3.926029841802467e-09,6.198105241498942e-10,1281.206,2.8965786170090246,0.0001193643864964,0.00148,6.65847e-07,0.0154111111111111,0.0157,6.76e-06,0.0805555555555555,0.023,9e-06,0.0031111111111111,0.0401799999999999,0.0990777777777777,1.0,426854.6153042568,1.9e-06,0.12776,3.3609015915532576,0.04292384917047374,0.1912866980438844,0.30227716465612153,314.10355810922596
925.0,0.007,0.009,500000.0,0.000127,1.0,30.0,375.0,0.0019258027774105,6290.869465760706,351.11917342151344,136.84986681254898,0.0,0.0003796741880902,0.3282759224968152,0.0837631769640292,63.5,5.3180271096423745e-09,8.708877529795417e-10,1085.724333553644,1.7464025794528169,0.0001460945480422,0.00148,6.65847e-07,0.0154111111111111,0.0157,6.76e-06,0.0805555555555555,0.023,9e-06,0.0031111111111111,0.0401799999999999,0.0990777777777777,1.0,873180.4818859348,1.9e-06,0.12776,3.2863106052718662,0.0523657461681182,0.07657274553278598,0.34577738818878895,117.89758744691375
926.0,0.007,0.009,500000.0,0.000127,1.0,30.0,400.0,0.0022535153580066,6290.869465760706,385.3528593710531,140.20901825787263,0.0,0.0003889937667452,0.3915304352778379,0.098017101199571,63.5,6.5443723126910675e-09,9.98061979421382e-10,1007.4039522657796,1.3899644363127124,0.000192718375589,0.00148,6.65847e-07,0.0154111111111111,0.0157,6.76e-06,0.0805555555555555,0.023,9e-06,0.0031111111111111,0.0401799999999999,0.0990777777777777,1.0,831113.4086974679,1.9e-06,0.12776,3.287604277990611,0.05220199012777077,0.1255733340782668,0.3450692108436013,193.55214181368885
930.0,0.007,0.009,500000.0,0.000127,1.0,35.0,375.0,0.0026403935355324,7339.347710054157,351.11917342151344,138.23092545838244,0.0,0.0003287192367276,0.3067553418867023,0.1148444449066893,63.5,7.96292563028551e-09,1.1078786397059934e-09,955.8201952623452,1.2426321991534282,0.0002103637601696,0.00148,6.65847e-07,0.0154111111111111,0.0157,6.76e-06,0.0805555555555555,0.023,9e-06,0.0031111111111111,0.0401799999999999,0.0990777777777777,1.0,1127264.713881114,1.9e-06,0.12776,3.1835379921203035,0.06537493770629071,0.023970896980012785,0.39753030233559145,33.98792428777907
931.0,0.007,0.009,500000.0,0.000127,1.0,35.0,400.0,0.0030888762469216,7339.347710054157,385.3528593710531,141.85234810167896,0.0,0.0003373311394782,0.3685613275983096,0.1343512901351053,63.5,9.607362238712614e-09,1.2351819522761923e-09,896.0225004104504,1.0718395180598177,0.0002735025561204,0.00148,6.65847e-07,0.0154111111111111,0.0157,6.76e-06,0.0805555555555555,0.023,9e-06,0.0031111111111111,0.0401799999999999,0.0990777777777777,1.0,961886.3570767856,1.9e-06,0.12776,3.4592488255378124,0.030474832210403487,0.0662700374632042,0.2352313258156948,119.27583212335618
936.0,0.007,0.009,500000.0,0.000127,1.0,40.0,400.0,0.0040669374974182,8387.825954347609,385.3528593710531,143.34865379717343,0.0,0.000298278242858,0.3723076143107812,0.1768922598377076,63.5,1.1748690994836566e-08,1.222628024193819e-09,621.1247507745151,1.0827420039873423,0.000325588853544,0.00148,6.65847e-07,0.0154111111111111,0.0157,6.76e-06,0.0805555555555555,0.023,9e-06,0.0031111111111111,0.0401799999999999,0.0990777777777777,1.0,1409969.5112272967,1.9e-06,0.12776,3.443728652328875,0.032439411097610754,0.027475354473073477,0.24665529559293464,48.71269894694678
937.0,0.007,0.009,550000.0,0.000127,1.0,25.0,375.0,0.0010984132265278,4765.810201333868,351.11917342151344,135.25854829460306,0.0,0.0004953422208353,0.2964767428515045,0.0477757029704741,69.85,3.011642453055698e-09,5.308840646257994e-10,1281.206,2.9889957503896607,9.576043620925144e-05,0.00148,6.65847e-07,0.0154111111111111,0.0157,6.76e-06,0.0805555555555555,0.023,9e-06,0.0031111111111111,0.0401799999999999,0.0990777777777777,1.0,572514.3637110671,1.9e-06,0.12776,3.4129107660084594,0.036340409366017824,0.0807610398810304,0.2683569329386259,139.06130879452843
938.0,0.007,0.009,550000.0,0.000127,1.0,25.0,400.0,0.0012856255544638,4765.810201333868,385.3528593710531,138.19635478520811,0.0,0.000506101020259,0.444337938066023,0.0559185406165151,69.85,3.3860671089276594e-09,5.672977984709873e-10,1281.206,2.9511526504206818,0.0001153318281802,0.00148,6.65847e-07,0.0154111111111111,0.0157,6.76e-06,0.0805555555555555,0.023,9e-06,0.0031111111111111,0.0401799999999999,0.0990777777777777,1.0,822167.2259578935,1.9e-06,0.12776,3.2829704752002176,0.05278854744301045,0.2204793974495078,0.3475987673124029,338.5228081682506
941.0,0.007,0.009,550000.0,0.000127,1.0,30.0,375.0,0.0015915725433145,5718.972241600641,351.11917342151344,136.84986681254895,0.0,0.0004176416068993,0.3499052590603062,0.0692257660859745,69.85,3.997961086629079e-09,6.268060175373946e-10,1281.206,2.8893085260944,0.0001223281255352,0.00148,6.65847e-07,0.0154111111111111,0.0157,6.76e-06,0.0805555555555555,0.023,9e-06,0.0031111111111111,0.0401799999999999,0.0990777777777777,1.0,775777.9238236622,1.9e-06,0.12776,3.270277602477178,0.05439524019276229,0.11273949297433158,0.3544286866320943,171.28741282158921
942.0,0.007,0.009,550000.0,0.000127,1.0,30.0,400.0,0.0018624093867823,5718.972241600641,385.3528593710531,140.20901825787232,0.0,0.0004278931434197,0.3822025103731234,0.0810058687599759,69.85,5.064453547129423e-09,8.237142586708351e-10,1123.7603679305864,1.9684531445419704,0.0001674603500732,0.00148,6.65847e-07,0.0154111111111111,0.0157,6.76e-06,0.0805555555555555,0.023,9e-06,0.0031111111111111,0.0401799999999999,0.0990777777777777,1.0,1031193.1256552915,1.9e-06,0.12776,3.4630029548070764,0.02999962597378784,0.13325664161314751,0.23241578387746265,240.7243640734489
946.0,0.007,0.009,550000.0,0.000127,1.0,35.0,375.0,0.0021821434177953,6672.134281867415,351.11917342151344,138.23092545838242,0.0,0.0003615911604003,0.3095373515593804,0.0949127643856935,69.85,6.282675198583058e-09,9.778028162859444e-10,1016.920210960616,1.4171445364904374,0.0001869845922706,0.00148,6.65847e-07,0.0154111111111111,0.0157,6.76e-06,0.0805555555555555,0.023,9e-06,0.0031111111111111,0.0401799999999999,0.0990777777777777,1.0,940176.0416561228,1.9e-06,0.12776,3.4447917529222627,0.03230484140224526,0.04668458717368679,0.24588367627212968,82.8546740231119
947.0,0.007,0.009,550000.0,0.000127,1.0,35.0,400.0,0.002552790286712,6672.134281867415,385.3528593710531,141.85234810167884,0.0,0.000371064253426,0.3745975513222889,0.1110341240785993,69.85,7.641713717944302e-09,1.0830121655175135e-09,967.500628438389,1.2759935603800154,0.0002438290313025,0.00148,6.65847e-07,0.0154111111111111,0.0157,6.76e-06,0.0805555555555555,0.023,9e-06,0.0031111111111111,0.0401799999999999,0.0990777777777777,1.0,1179303.2211523792,1.9e-06,0.12776,3.388117818379166,0.03947875716719421,0.09562342724368939,0.2849288716903414,160.92321372848897
951.0,0.007,0.009,550000.0,0.000127,1.0,40.0,375.0,0.0028739773770339,7625.296322134189,351.11917342151344,139.55449620917094,0.0,0.0003194217433546,0.3037477998654981,0.1250042208095669,69.85,8.819399715791137e-09,1.1741821917290091e-09,924.6756830621404,1.153678022020009,0.0002540380877317,0.00148,6.65847e-07,0.0154111111111111,0.0157,6.76e-06,0.0805555555555555,0.023,9e-06,0.0031111111111111,0.0401799999999999,0.0990777777777777,1.0,1087793.734837391,1.9e-06,0.12776,3.3673446448970634,0.042108272797840095,0.010803579055931184,0.2982466938211246,17.84256428784072
953.0,0.007,0.009,600000.0,0.000127,1.0,25.0,400.0,0.0010802825839591,4368.659351222713,385.3528593710531,138.196354785208,0.0,0.0005521102039189,0.4691932951707441,0.0469871070458217,76.2,2.9753811679183807e-09,5.273575639929824e-10,1281.206,2.9926606784784893,0.0001125689707088,0.00148,6.65847e-07,0.0154111111111111,0.0157,6.76e-06,0.0805555555555555,0.023,9e-06,0.0031111111111111,0.0401799999999999,0.0990777777777777,1.0,920134.4223572125,1.9e-06,0.12776,3.4315182420263723,0.03398503265488958,0.2542661881249223,0.25540594358697055,445.56731582133233
955.0,0.007,0.009,600000.0,0.000127,1.0,30.0,375.0,0.0013373630398684,5242.391221467255,351.11917342151344,136.84986681254895,0.0,0.0004556090257083,0.3387834473465113,0.0581688728916869,76.2,3.4895420797369356e-09,5.77360998069616e-10,1281.206,2.940694435120988,0.000118507705146,0.00148,6.65847e-07,0.0154111111111111,0.0157,6.76e-06,0.0805555555555555,0.023,9e-06,0.0031111111111111,0.0401799999999999,0.0990777777777777,1.0,892353.6473057684,1.9e-06,0.12776,3.425141662936469,0.03479219456500399,0.11267457445482429,0.2598954340254631,196.25654932713778
956.0,0.007,0.009,600000.0,0.000127,1.0,30.0,400.0,0.0015649412208379,5242.391221467255,385.3528593710531,140.20901825787251,0.0,0.0004667925200942,0.3714376438261936,0.0680674313885909,76.2,3.944698441675906e-09,6.216260921590861e-10,1281.206,2.8946917816198163,0.0001438396186258,0.00148,6.65847e-07,0.0154111111111111,0.0157,6.76e-06,0.0805555555555555,0.023,9e-06,0.0031111111111111,0.0401799999999999,0.0990777777777777,1.0,705809.5583644694,1.9e-06,0.12776,3.3740054187667043,0.04126513686497417,0.1354302124376027,0.2940307814613664,225.0124113158055
960.0,0.007,0.009,600000.0,0.000127,1.0,35.0,375.0,0.0018336066218975,6116.123091711797,351.11917342151344,138.23092545838242,0.0,0.0003944630840731,0.2957587058541172,0.0797530867407565,76.2,4.949242487590033e-09,8.022809980121896e-10,1141.0420268614948,2.0693417412147213,0.0001636141006183,0.00148,6.65847e-07,0.0154111111111111,0.0157,6.76e-06,0.0805555555555555,0.023,9e-06,0.0031111111111111,0.0401799999999999,0.0990777777777777,1.0,1042251.6229651897,1.9e-06,0.12776,3.343217122133504,0.045162389603353975,0.048065619113360686,0.31310549913617025,77.70155831530866
967.0,0.007,0.0095,400000.0,0.000127,1.0,20.0,325.0,0.0012088577353653,5242.391221467255,319.92671377973846,118.93557185194068,0.0,0.0003959676488962,0.25763163111139,0.0525795089712642,50.8,3.2325314707307594e-09,5.523660738172431e-10,1281.206,2.9666704973732423,6.795661716923064e-05,0.00148,6.65847e-07,0.0154111111111111,0.0157,6.76e-06,0.0805555555555555,0.023,9e-06,0.0031111111111111,0.0401799999999999,0.0990777777777777,1.0,529479.085676837,1.9e-06,0.12776,3.595886999992502,0.01317886076044281,0.037112122140125575,0.11739938886514711,77.08771296032302
969.0,0.007,0.0095,400000.0,0.000127,1.0,20.0,375.0,0.0017081381145196,5242.391221467255,351.11917342151344,132.53077490115157,0.0,0.000441229638256,0.342714246548083,0.0742958089186568,50.8,4.447368458078758e-09,7.089149884005672e-10,1216.3231312881862,2.508825300747303,9.845496326416456e-05,0.00148,6.65847e-07,0.0154111111111111,0.0157,6.76e-06,0.0805555555555555,0.023,9e-06,0.0031111111111111,0.0401799999999999,0.0990777777777777,1.0,454225.4934876125,1.9e-06,0.12776,3.5841305608446645,0.01466701761459946,0.10047843762942618,0.12894671412440206,205.97890515574176
970.0,0.007,0.0095,400000.0,0.000127,1.0,20.0,400.0,0.0019890616808657,5242.391221467255,385.3528593710531,132.49898742095732,0.0,0.0004411238094144,0.4888045738551587,0.0865146356215899,50.8,5.5710627234628185e-09,9.179611701377243e-10,1047.7689914805774,1.5248230879644622,0.0001335439689821,0.00148,6.65847e-07,0.0154111111111111,0.0157,6.76e-06,0.0805555555555555,0.023,9e-06,0.0031111111111111,0.0401799999999999,0.0990777777777777,1.0,342849.191752515,1.9e-06,0.12776,3.561213824819059,0.017567870276068525,0.23434993823356878,0.15060887884954616,468.4656034922898
974.0,0.007,0.0095,400000.0,0.000127,1.0,25.0,375.0,0.0026835775796467,6552.989026834069,351.11917342151344,134.30221020611705,0.0,0.0003577017680334,0.3838437624357265,0.1167227435422532,50.8,8.121267125371576e-09,1.120136574574674e-09,950.0623227137608,1.2261867075269757,0.0001713348892861,0.00148,6.65847e-07,0.0154111111111111,0.0157,6.76e-06,0.0805555555555555,0.023,9e-06,0.0031111111111111,0.0401799999999999,0.0990777777777777,1.0,892360.844417907,1.9e-06,0.12776,3.475227426795713,0.028452224456238892,0.09918101889347328,0.2231022030724133,181.34166711368678
975.0,0.007,0.0095,400000.0,0.000127,1.0,25.0,400.0,0.0031243785612114,6552.989026834069,385.3528593710531,135.4787991404889,0.0,0.0003608355060518,0.4166969432419483,0.1358954703956031,50.8,9.737537391108552e-09,1.2452594025283995e-09,891.2888585051436,1.0583194083909282,0.0002215481602594,0.00148,6.65847e-07,0.0154111111111111,0.0157,6.76e-06,0.0805555555555555,0.023,9e-06,0.0031111111111111,0.0401799999999999,0.0990777777777777,1.0,725356.8574074473,1.9e-06,0.12776,3.443785000994084,0.03243227835517926,0.1128614728463451,0.2466144362556591,200.10970703397567
979.0,0.007,0.0095,400000.0,0.000127,1.0,30.0,375.0,0.0038900380348424,7863.586832200882,351.11917342151344,135.69324781430907,0.0,0.0003011722255531,0.3519358064783914,0.1691979823330796,50.8,1.1394892069684912e-08,1.2316260153577382e-09,674.194589547263,1.0718822049463002,0.0002317187845454,0.00148,6.65847e-07,0.0154111111111111,0.0157,6.76e-06,0.0805555555555555,0.023,9e-06,0.0031111111111111,0.0401799999999999,0.0990777777777777,1.0,679541.8879771961,1.9e-06,0.12776,3.433665800410381,0.033713189821470785,0.014797824145311694,0.253881648962859,25.984282680524114
980.0,0.007,0.0095,400000.0,0.000127,1.0,30.0,400.0,0.0045280543664481,7863.586832200882,385.3528593710531,137.56708642974564,0.0,0.000305331225026,0.4732764497955886,0.196948630279534,50.8,1.267092473289623e-08,1.1991733146506168e-09,482.7896900655657,1.111049814871461,0.0002780625244432,0.00148,6.65847e-07,0.0154111111111111,0.0157,6.76e-06,0.0805555555555555,0.023,9e-06,0.0031111111111111,0.0401799999999999,0.0990777777777777,1.0,1118428.9641691844,1.9e-06,0.12776,3.338008782948105,0.04582167304454373,0.10838781951605458,0.31623082616600917,174.4195436105149
985.0,0.007,0.0095,400000.0,0.000127,1.0,35.0,400.0,0.0062096805448554,9174.184637567696,385.3528593710531,139.27622858575234,0.0,0.0002649640109299,0.4844464058689662,0.2700912972345947,50.8,1.8453538179421602e-08,1.2892987400460174e-09,319.93497729926264,1.0853762910667022,0.0003930484595962,0.00148,6.65847e-07,0.0154111111111111,0.0157,6.76e-06,0.0805555555555555,0.023,9e-06,0.0031111111111111,0.0401799999999999,0.0990777777777777,1.0,1433340.7346900392,1.9e-06,0.12776,3.0596007782204793,0.08106319263031908,0.04641510863437148,0.44999864520922744,60.079772443829526
987.0,0.007,0.0095,400000.0,0.000127,1.0,40.0,400.0,0.0081805489876016,10484.78244293451,385.3528593710531,140.83478140464496,0.0,0.0002344379246985,0.5349546255704335,0.35581461432553,50.8,2.3975913975203244e-08,1.511674908212256e-09,258.8160404959351,0.9834307268783054,0.0005055574885075,0.00148,6.65847e-07,0.0154111111111111,0.0157,6.76e-06,0.0805555555555555,0.023,9e-06,0.0031111111111111,0.0401799999999999,0.0990777777777777,1.0,1767131.0761412878,1.9e-06,0.12776,3.173584571875104,0.06663486431960709,0.011200011244903385,0.4021109281478211,15.759564889974177
989.0,0.007,0.0095,450000.0,0.000127,1.0,20.0,375.0,0.0013496399917192,4659.903307970893,351.11917342151344,132.53077490115166,0.0,0.000496383343038,0.3313442385683131,0.0587028613678275,57.15,3.5140959834385203e-09,5.797489265893544e-10,1281.206,2.938212772073869,8.942191917200771e-05,0.00148,6.65847e-07,0.0154111111111111,0.0157,6.76e-06,0.0805555555555555,0.023,9e-06,0.0031111111111111,0.0401799999999999,0.0990777777777777,1.0,339089.23722609825,1.9e-06,0.12776,3.560118220073373,0.01770655442109204,0.10470137720048547,0.15161755081101033,209.04954100073778
990.0,0.007,0.0095,450000.0,0.000127,1.0,20.0,400.0,0.0015716042910543,4659.903307970893,385.3528593710531,132.49898742095743,0.0,0.0004962642855912,0.5011939748295124,0.0683572429602686,57.15,3.958024582108768e-09,6.22922092631533e-10,1281.206,2.8933449086062666,0.0001082021980734,0.00148,6.65847e-07,0.0154111111111111,0.0157,6.76e-06,0.0805555555555555,0.023,9e-06,0.0031111111111111,0.0401799999999999,0.0990777777777777,1.0,802295.2868970209,1.9e-06,0.12776,3.4586227828056435,0.03055407812586791,0.2648967318692438,0.23569884048083467,476.48174577589054
992.0,0.007,0.0095,450000.0,0.000127,1.0,25.0,325.0,0.0015012628305756,5824.879134963618,319.92671377973846,121.90839331405908,0.0,0.000365278454685,0.2447020010859103,0.0652977270684528,57.15,3.8173416611512476e-09,6.092403268611117e-10,1281.206,2.907563731427444,8.819122590333224e-05,0.00148,6.65847e-07,0.0154111111111111,0.0157,6.76e-06,0.0805555555555555,0.023,9e-06,0.0031111111111111,0.0401799999999999,0.0990777777777777,1.0,343420.675718506,1.9e-06,0.12776,3.561179979047395,0.017572154550962723,0.011464274017457393,0.15064007496756399,22.916245835723437
994.0,0.007,0.0095,450000.0,0.000127,1.0,25.0,375.0,0.0021203575937949,5824.879134963618,351.11917342151344,134.3022102061171,0.0,0.0004024144890376,0.3448625033830956,0.0922253776136322,57.15,6.056127177248329e-09,9.602647041906895e-10,1025.1583208273337,1.4406740199390091,0.0001480874684381,0.00148,6.65847e-07,0.0154111111111111,0.0157,6.76e-06,0.0805555555555555,0.023,9e-06,0.0031111111111111,0.0401799999999999,0.0990777777777777,1.0,671855.366162597,1.9e-06,0.12776,3.4312723165150665,0.034016162466447286,0.08469712576946328,0.25558009931953507,148.38561323345442
995.0,0.007,0.0095,450000.0,0.000127,1.0,25.0,400.0,0.0024686447891053,5824.879134963618,385.3528593710531,135.4787991404893,0.0,0.0004059399443082,0.416480937078643,0.1073741988310939,57.15,7.333180226719528e-09,1.0591271855368435e-09,978.72002811929,1.3080381292636123,0.0001921723838435,0.00148,6.65847e-07,0.0154111111111111,0.0157,6.76e-06,0.0805555555555555,0.023,9e-06,0.0031111111111111,0.0401799999999999,0.0990777777777777,1.0,949969.238183441,1.9e-06,0.12776,3.3012372686637335,0.05047629510585652,0.14116673824754897,0.3375120057421062,220.09771864124784
999.0,0.007,0.0095,450000.0,0.000127,1.0,30.0,375.0,0.0030736102991347,6989.85496195634,351.11917342151344,135.69324781430913,0.0,0.0003388187537472,0.3446916098943223,0.1336872946829272,57.15,9.551387096827536e-09,1.230848662110405e-09,898.0579601153623,1.0776531471824948,0.0002236779878341,0.00148,6.65847e-07,0.0154111111111111,0.0157,6.76e-06,0.0805555555555555,0.023,9e-06,0.0031111111111111,0.0401799999999999,0.0990777777777777,1.0,1155506.4789875576,1.9e-06,0.12776,3.1655201260575714,0.06765568024587705,0.04306431521139509,0.4057714693128876,60.22491475572819
1000.0,0.007,0.0095,450000.0,0.000127,1.0,30.0,400.0,0.0035777219685515,6989.85496195634,385.3528593710531,137.5670864297458,0.0,0.0003434976281543,0.5260996711521817,0.1556137325665455,57.15,1.07702599371032e-08,1.2475119720696231e-09,767.8894094345203,1.0527092257420598,0.0002720334629924,0.00148,6.65847e-07,0.0154111111111111,0.0157,6.76e-06,0.0805555555555555,0.023,9e-06,0.0031111111111111,0.0401799999999999,0.0990777777777777,1.0,1139964.2338421147,1.9e-06,0.12776,3.1697159124110335,0.0671245680492363,0.2025459385856361,0.4038725669919281,284.1631744475033
1005.0,0.007,0.0095,450000.0,0.000127,1.0,35.0,400.0,0.0049064142576635,8154.830788949064,385.3528593710531,139.27622858575234,0.0,0.0002980845122961,0.5061463166399118,0.2134054694199267,57.15,1.3427644515327057e-08,1.1799280387839447e-09,369.2817227009417,1.1342772024732115,0.0003290587874759,0.00148,6.65847e-07,0.0154111111111111,0.0157,6.76e-06,0.0805555555555555,0.023,9e-06,0.0031111111111111,0.0401799999999999,0.0990777777777777,1.0,1091633.2531336818,1.9e-06,0.12776,3.179067533983029,0.06594081848316091,0.1248008472199851,0.39959628779589673,176.34617775092642
1009.0,0.007,0.0095,450000.0,0.000127,1.0,40.0,375.0,0.0055558269402132,9319.806615941789,351.11917342151344,138.23904452922162,0.0,0.0002588816035859,0.4415532783198476,0.2416518039299652,57.15,1.5838123760853177e-08,1.227608960155244e-09,331.43233908328943,1.1149134738028046,0.0003497654786897,0.00148,6.65847e-07,0.0154111111111111,0.0157,6.76e-06,0.0805555555555555,0.023,9e-06,0.0031111111111111,0.0401799999999999,0.0990777777777777,1.0,1507560.6524868014,1.9e-06,0.12776,3.1142695835357777,0.07414309069167374,0.03196147438988228,0.4280263189232846,43.02372404238007
1010.0,0.007,0.0095,450000.0,0.000127,1.0,40.0,400.0,0.0064636436445247,9319.806615941789,385.3528593710531,140.834781404645,0.0,0.0002637426652858,0.5122586653542075,0.2811374730473324,57.15,1.9469390578098963e-08,1.3132596505736201e-09,315.46929015467697,1.0739037620022396,0.0004650851865126,0.00148,6.65847e-07,0.0154111111111111,0.0157,6.76e-06,0.0805555555555555,0.023,9e-06,0.0031111111111111,0.0401799999999999,0.0990777777777777,1.0,1452336.046363106,1.9e-06,0.12776,3.4641091803071937,0.029859597429469198,0.063181192306875,0.23158217220937305,114.25899455790119
1011.0,0.007,0.0095,500000.0,0.000127,1.0,20.0,375.0,0.0010932083932926,4193.912977173804,351.11917342151344,132.5307749011517,0.0,0.00055153704782,0.3238063592984308,0.0475493177079403,63.5,3.001232786585201e-09,5.298716985373774e-10,1281.206,2.9900478553798338,8.680008603238098e-05,0.00148,6.65847e-07,0.0154111111111111,0.0157,6.76e-06,0.0805555555555555,0.023,9e-06,0.0031111111111111,0.0401799999999999,0.0990777777777777,1.0,631494.9242757065,1.9e-06,0.12776,3.4211190564325245,0.03530138526170576,0.10831704159049038,0.2626998447023626,187.95170240536126
1012.0,0.007,0.0095,500000.0,0.000127,1.0,20.0,400.0,0.001272999475754,4193.912977173804,385.3528593710531,132.49898742095743,0.0,0.000551404761768,0.4664280413882332,0.0553693667978176,63.5,3.360814951508104e-09,5.648419630315416e-10,1281.206,2.953704885971076,0.0001041682609733,0.00148,6.65847e-07,0.0154111111111111,0.0157,6.76e-06,0.0805555555555555,0.023,9e-06,0.0031111111111111,0.0401799999999999,0.0990777777777777,1.0,559970.8517428072,1.9e-06,0.12776,3.4023598900050382,0.03767596329050151,0.2431186745904156,0.27550224949012864,414.5343362334944
1013.0,0.007,0.0095,500000.0,0.000127,1.0,25.0,325.0,0.0012160228927662,5242.391221467256,319.92671377973846,121.90839331405915,0.0,0.00040586494965,0.2447020010859103,0.0528911589254468,63.5,3.246861785532512e-09,5.537597327575007e-10,1281.206,2.9652221324562293,8.526538054528505e-05,0.00148,6.65847e-07,0.0154111111111111,0.0157,6.76e-06,0.0805555555555555,0.023,9e-06,0.0031111111111111,0.0401799999999999,0.0990777777777777,1.0,636952.0823367059,1.9e-06,0.12776,3.4224622934261717,0.035131355262509954,0.023870842160463396,0.2617657566714482,41.4731551072103
1015.0,0.007,0.0095,500000.0,0.000127,1.0,25.0,375.0,0.0017174896509739,5242.391221467256,351.11917342151344,134.30221020611717,0.0,0.0004471272100417,0.3589047305677129,0.074702555867042,63.5,4.4847746038957934e-09,7.158738313861029e-10,1210.7122094156312,2.476069299947512,0.000124058516878,0.00148,6.65847e-07,0.0154111111111111,0.0157,6.76e-06,0.0805555555555555,0.023,9e-06,0.0031111111111111,0.0401799999999999,0.0990777777777777,1.0,796796.8788451286,1.9e-06,0.12776,3.2620873283301903,0.05543198375567215,0.11626217470067068,0.35876039937885523,175.4542634213581
1016.0,0.007,0.0095,500000.0,0.000127,1.0,25.0,400.0,0.0019996022791753,5242.391221467256,385.3528593710531,135.47879914048914,0.0,0.0004510443825647,0.4065146088237432,0.0869731010531861,63.5,5.613225116701254e-09,9.258048404232383e-10,1041.444632494812,1.4879021126414618,0.0001681520409793,0.00148,6.65847e-07,0.0154111111111111,0.0157,6.76e-06,0.0805555555555555,0.023,9e-06,0.0031111111111111,0.0401799999999999,0.0990777777777777,1.0,1026768.1152458563,1.9e-06,0.12776,3.1391968857031474,0.07098773598694336,0.151601507770557,0.4174140565920502,207.85892217976408
1020.0,0.007,0.0095,500000.0,0.000127,1.0,30.0,375.0,0.0024896243422991,6290.869465760706,351.11917342151344,135.6932478143091,0.0,0.0003764652819414,0.3571008916787546,0.1082867086931709,63.5,7.4101052550969615e-09,1.0650823016427606e-09,975.9227543601106,1.3000486258844883,0.000197079471772,0.00148,6.65847e-07,0.0154111111111111,0.0157,6.76e-06,0.0805555555555555,0.023,9e-06,0.0031111111111111,0.0401799999999999,0.0990777777777777,1.0,784663.5842849937,1.9e-06,0.12776,3.274996113487184,0.053797960318078,0.08087418298558369,0.3519064633025402,123.35386034352177
1021.0,0.007,0.0095,500000.0,0.000127,1.0,30.0,400.0,0.0028979547945267,6290.869465760706,385.3528593710531,137.5670864297457,0.0,0.0003816640312825,0.4732764497955886,0.1260471233789018,63.5,8.907316913264913e-09,1.180988261609079e-09,921.478694063094,1.1445468619656576,0.0002550417283532,0.00148,6.65847e-07,0.0154111111111111,0.0157,6.76e-06,0.0805555555555555,0.023,9e-06,0.0031111111111111,0.0401799999999999,0.0990777777777777,1.0,1062372.3164849766,1.9e-06,0.12776,3.4781573314376164,0.02808135045093466,0.1792893264166868,0.22083629262090151,328.76706115310765
1025.0,0.007,0.0095,500000.0,0.000127,1.0,35.0,375.0,0.0034150618755278,7339.347710054157,351.11917342151344,136.96782093191013,0.0,0.0003257155184607,0.3927461100675906,0.1485387992884597,63.5,1.0444939751055736e-08,1.255785677701275e-09,816.6874373416398,1.042723576851364,0.0002690099595876,0.00148,6.65847e-07,0.0154111111111111,0.0157,6.76e-06,0.0805555555555555,0.023,9e-06,0.0031111111111111,0.0401799999999999,0.0990777777777777,1.0,989768.5915306117,1.9e-06,0.12776,3.4647923975026855,0.0297731142401664,0.07626731077913088,0.23106641928423843,138.01694482317703
1026.0,0.007,0.0095,500000.0,0.000127,1.0,35.0,400.0,0.0039741955487074,7339.347710054157,385.3528593710531,139.27622858575242,0.0,0.0003312050136624,0.5173744227550192,0.1728584302301406,63.5,1.1563207097414916e-08,1.2273453434149951e-09,648.9473353877627,1.077048606669968,0.000321166240669,0.00148,6.65847e-07,0.0154111111111111,0.0157,6.76e-06,0.0805555555555555,0.023,9e-06,0.0031111111111111,0.0401799999999999,0.0990777777777777,1.0,1431579.1066765068,1.9e-06,0.12776,3.4470867674501413,0.03201433323415932,0.17657599252487846,0.24421250819009352,314.0772681359222
1030.0,0.007,0.0095,500000.0,0.000127,1.0,40.0,375.0,0.0045002198215727,8387.825954347609,351.11917342151344,138.2390445292216,0.0,0.0002876462262066,0.4442134603499492,0.1957379611832717,63.5,1.2615255643145532e-08,1.200589118775701e-09,491.1400535281703,1.109341061439745,0.0003161617609706,0.00148,6.65847e-07,0.0154111111111111,0.0157,6.76e-06,0.0805555555555555,0.023,9e-06,0.0031111111111111,0.0401799999999999,0.0990777777777777,1.0,1454995.3289769124,1.9e-06,0.12776,3.4506323630980646,0.03156552365847286,0.08053549916667749,0.24161608985268754,143.74131506534516
1031.0,0.007,0.0095,500000.0,0.000127,1.0,40.0,400.0,0.005235551352065,8387.825954347609,385.3528593710531,140.83478140464493,0.0,0.0002930474058732,0.5476667470297575,0.2277213531683393,63.5,1.4557021408260162e-08,1.1973915989646323e-09,337.0640650252883,1.1293816032218138,0.0003936890935708,0.00148,6.65847e-07,0.0154111111111111,0.0157,6.76e-06,0.0805555555555555,0.023,9e-06,0.0031111111111111,0.0401799999999999,0.0990777777777777,1.0,1753780.6575975409,1.9e-06,0.12776,3.416915090729974,0.03583353281899062,0.152005393861418,0.26560806992745184,262.7193394522239
1032.0,0.007,0.0095,550000.0,0.000127,1.0,20.0,400.0,0.0010520656824413,3812.6481610670944,385.3528593710531,132.49898742095726,0.0,0.0006065452379448,0.4984602746976133,0.0457598072709236,69.85,2.918947364882728e-09,5.218692355632577e-10,1281.206,2.9983644429513028,0.0001015196984108,0.00148,6.65847e-07,0.0154111111111111,0.0157,6.76e-06,0.0805555555555555,0.023,9e-06,0.0031111111111111,0.0401799999999999,0.0990777777777777,1.0,541189.846978102,1.9e-06,0.12776,3.4040864229375454,0.037457414818032254,0.2847604674266897,0.27434256403708884,486.3136902883947
1033.0,0.007,0.0095,550000.0,0.000127,1.0,25.0,325.0,0.0010049775973274,4765.810201333868,319.92671377973846,121.90839331405913,0.0,0.000446451444615,0.2383156550749064,0.0437117015912783,69.85,2.824771194654967e-09,5.12710367568182e-10,1281.206,3.0078828284762227,8.343766474530013e-05,0.00148,6.65847e-07,0.0154111111111111,0.0157,6.76e-06,0.0805555555555555,0.023,9e-06,0.0031111111111111,0.0401799999999999,0.0990777777777777,1.0,626620.4640191492,1.9e-06,0.12776,3.4270841082642263,0.03454631540959164,0.0266639534836281,0.2585335816734065,46.52872776571748
1035.0,0.007,0.0095,550000.0,0.000127,1.0,25.0,375.0,0.0014194129346892,4765.810201333868,351.11917342151344,134.30221020611702,0.0,0.0004918399310459,0.3364169278703737,0.0617376494768942,69.85,3.653641869378425e-09,5.933201128617254e-10,1281.206,2.9241088693819224,0.0001130524272473,0.00148,6.65847e-07,0.0154111111111111,0.0157,6.76e-06,0.0805555555555555,0.023,9e-06,0.0031111111111111,0.0401799999999999,0.0990777777777777,1.0,835390.3991207811,1.9e-06,0.12776,3.286468392292074,0.05234577312758556,0.10673927839347938,0.3456910950417524,164.36609675216064
1036.0,0.007,0.0095,550000.0,0.000127,1.0,25.0,400.0,0.001652563867087,4765.810201333868,385.3528593710531,135.478799140489,0.0,0.0004961488208212,0.4204615571624702,0.0718785959117239,69.85,4.2250714683481384e-09,6.675600234902787e-10,1249.6676797477794,2.7034874401995608,0.0001406478436418,0.00148,6.65847e-07,0.0154111111111111,0.0157,6.76e-06,0.0805555555555555,0.023,9e-06,0.0031111111111111,0.0401799999999999,0.0990777777777777,1.0,604003.291480136,1.9e-06,0.12776,3.494855004769176,0.025967720915294184,0.1806429612507461,0.207666179004434,336.84832087454646
1039.0,0.007,0.0095,550000.0,0.000127,1.0,30.0,350.0,0.0017454532923668,5718.972241600641,319.92671377973846,121.55069694142568,0.0,0.0003709512444018,0.2460841671213223,0.0759188400421563,69.85,4.5966291694675566e-09,7.366826675286046e-10,1193.9340245798664,2.3781199346948023,0.0001280645120733,0.00148,6.65847e-07,0.0154111111111111,0.0157,6.76e-06,0.0805555555555555,0.023,9e-06,0.0031111111111111,0.0401799999999999,0.0990777777777777,1.0,985986.2828207561,1.9e-06,0.12776,3.1434883890863823,0.07044450771058454,0.0022253270791659785,0.4155471801695393,3.0608951949626104
1040.0,0.007,0.0095,550000.0,0.000127,1.0,30.0,375.0,0.0020575407787596,5718.972241600641,351.11917342151344,135.69324781430907,0.0,0.0004141118101355,0.3688607120860093,0.0894931476803065,69.85,5.825798855452035e-09,9.42433941853521e-10,1033.5338961653806,1.4645961288301557,0.000174907034435,0.00148,6.65847e-07,0.0154111111111111,0.0157,6.76e-06,0.0805555555555555,0.023,9e-06,0.0031111111111111,0.0401799999999999,0.0990777777777777,1.0,999027.1237691069,1.9e-06,0.12776,3.4568533161831048,0.030778061242644993,0.1114275644057027,0.23701715282748637,200.08409207023473
1041.0,0.007,0.0095,550000.0,0.000127,1.0,30.0,400.0,0.0023950039624188,5718.972241600641,385.3528593710531,137.5670864297456,0.0,0.0004198304344108,0.5007982971941168,0.1041711763461998,69.85,7.063163862202401e-09,1.0382239914124615e-09,988.5388050108218,1.3360822743517835,0.0002270430191721,0.00148,6.65847e-07,0.0154111111111111,0.0157,6.76e-06,0.0805555555555555,0.023,9e-06,0.0031111111111111,0.0401799999999999,0.0990777777777777,1.0,1281346.6878105805,1.9e-06,0.12776,3.4086098020533746,0.03688483518311718,0.228687120847917,0.2712866013668469,392.1964065532094
1045.0,0.007,0.0095,550000.0,0.000127,1.0,35.0,375.0,0.0028223651863866,6672.134281867415,351.11917342151344,136.96782093191013,0.0,0.0003582870703067,0.3566888753877039,0.1227593382549252,69.85,8.630155016751104e-09,1.1595318993731427e-09,931.557308481778,1.173333148502942,0.0002490362006397,0.00148,6.65847e-07,0.0154111111111111,0.0157,6.76e-06,0.0805555555555555,0.023,9e-06,0.0031111111111111,0.0401799999999999,0.0990777777777777,1.0,1138088.4019498276,1.9e-06,0.12776,3.379065798625191,0.0406245824525075,0.06598953713277869,0.2907938161212308,110.1419457587025
1048.0,0.007,0.0095,550000.0,0.000127,1.0,40.0,325.0,0.0026382819162227,7625.296322134189,319.92671377973846,127.2889780125891,0.0,0.0002913475980427,0.3274017958257357,0.1147525996024917,69.85,7.955183026150079e-09,1.107279249526214e-09,956.1017445036337,1.243436353057665,0.000211407128007,0.00148,6.65847e-07,0.0154111111111111,0.0157,6.76e-06,0.0805555555555555,0.023,9e-06,0.0031111111111111,0.0401799999999999,0.0990777777777777,1.0,1357019.8606276389,1.9e-06,0.12776,3.422244315555031,0.03515894739809733,0.044709196223243874,0.26191749949227816,77.66170472902287
1053.0,0.007,0.0095,600000.0,0.000127,1.0,25.0,375.0,0.0011927011465096,4368.659351222713,351.11917342151344,134.3022102061171,0.0,0.0005365526520501,0.3790349040593702,0.0518767749076681,76.2,3.2002182930193742e-09,5.492235365018667e-10,1281.206,2.9699363902445324,0.0001100063823248,0.00148,6.65847e-07,0.0154111111111111,0.0157,6.76e-06,0.0805555555555555,0.023,9e-06,0.0031111111111111,0.0401799999999999,0.0990777777777777,1.0,451576.7021447876,1.9e-06,0.12776,3.4434230038129217,0.03247810078317447,0.1592181291517021,0.24687684912633373,282.20432349505495
1054.0,0.007,0.0095,600000.0,0.000127,1.0,25.0,400.0,0.0013886126938717,4368.659351222713,385.3528593710531,135.47879914048906,0.0,0.0005412532590777,0.4346226881585624,0.0603979868424903,76.2,3.592041387743489e-09,5.873293120215234e-10,1281.206,2.9303348300607657,0.0001324614837854,0.00148,6.65847e-07,0.0154111111111111,0.0157,6.76e-06,0.0805555555555555,0.023,9e-06,0.0031111111111111,0.0401799999999999,0.0990777777777777,1.0,813944.8489489785,1.9e-06,0.12776,3.40554690937485,0.03727254311710762,0.2062847013160721,0.27335867545072834,352.770501097334
1056.0,0.007,0.0095,600000.0,0.000127,1.0,30.0,325.0,0.001224771885388,5242.391221467255,319.92671377973846,124.00203653128196,0.0,0.0004128352359104,0.2294999057925371,0.0532716981093295,76.2,3.264359770776062e-09,5.55461455567399e-10,1281.206,2.9634536110876635,0.0001027867690971,0.00148,6.65847e-07,0.0154111111111111,0.0157,6.76e-06,0.0805555555555555,0.023,9e-06,0.0031111111111111,0.0401799999999999,0.0990777777777777,1.0,528361.0617568493,1.9e-06,0.12776,3.4686342757025908,0.029286800543975887,0.008288207683207593,0.22815328751025651,15.055557165685691
1057.0,0.007,0.0095,600000.0,0.000127,1.0,30.0,350.0,0.0014666656137249,5242.391221467255,319.92671377973846,121.55069694142576,0.0,0.000404674084802,0.2456912747934714,0.0637929142020896,76.2,3.7481472274499105e-09,6.025109951975722e-10,1281.206,2.914557212841638,0.0001157360331084,0.00148,6.65847e-07,0.0154111111111111,0.0157,6.76e-06,0.0805555555555555,0.023,9e-06,0.0031111111111111,0.0401799999999999,0.0990777777777777,1.0,905603.5378621232,1.9e-06,0.12776,3.428217521275379,0.03440284540817988,0.013958360591381697,0.257736625639302,24.383586987495523
1058.0,0.007,0.0095,600000.0,0.000127,1.0,30.0,375.0,0.0017289057932633,5242.391221467255,351.11917342151344,135.69324781430907,0.0,0.0004517583383297,0.3623927176274974,0.0751991032591465,76.2,4.5304391730532566e-09,7.243690280931693e-10,1203.8625240420115,2.4360815217048586,0.0001503201614554,0.00148,6.65847e-07,0.0154111111111111,0.0157,6.76e-06,0.0805555555555555,0.023,9e-06,0.0031111111111111,0.0401799999999999,0.0990777777777777,1.0,1136171.4070732233,1.9e-06,0.12776,3.3661637876169803,0.04225774840291388,0.11925361436835077,0.29898886391019,196.7440541395741
1061.0,0.007,0.0095,600000.0,0.000127,1.0,35.0,325.0,0.0016811079220886,6116.123091711797,319.92671377973846,125.72010043669206,0.0,0.0003587615317179,0.2730990895216381,0.0731201252928294,76.2,4.339247688354524e-09,6.888007680351115e-10,1232.5412467468211,2.603505036983268,0.000132261546431,0.00148,6.65847e-07,0.0154111111111111,0.0157,6.76e-06,0.0805555555555555,0.023,9e-06,0.0031111111111111,0.0401799999999999,0.0990777777777777,1.0,815277.5804573434,1.9e-06,0.12776,3.4059011881736763,0.03722769769953467,0.032038964228808586,0.2731196055710257,54.808330232697436
1062.0,0.007,0.0095,600000.0,0.000127,1.0,35.0,350.0,0.002012430551049,6116.123091711797,319.92671377973846,125.14747165282498,0.0,0.0003571274479168,0.2625190128470083,0.0875310693039872,76.2,5.660394687179735e-09,9.29629253350434e-10,1039.5485931934645,1.4817751561143424,0.0001703355356638,0.00148,6.65847e-07,0.0154111111111111,0.0157,6.76e-06,0.0805555555555555,0.023,9e-06,0.0031111111111111,0.0401799999999999,0.0990777777777777,1.0,968712.5248472622,1.9e-06,0.12776,3.323171583084011,0.04769979960961888,0.00704794354302099,0.3249801533630895,11.196546988626867
1066.0,0.007,0.0095,600000.0,0.000127,1.0,40.0,325.0,0.0022168896657149,6989.85496195634,319.92671377973846,127.28897801258913,0.0,0.0003178337433194,0.3130758074643796,0.0964240593882048,76.2,6.4100781076214834e-09,9.876656545787402e-10,1012.2873779046732,1.4039123545368803,0.0001900321307775,0.00148,6.65847e-07,0.0154111111111111,0.0157,6.76e-06,0.0805555555555555,0.023,9e-06,0.0031111111111111,0.0401799999999999,0.0990777777777777,1.0,1261514.3428174162,1.9e-06,0.12776,3.290583074732755,0.05182492724901838,0.048711748076174594,0.34343272534323177,75.26933791521999
1091.0,0.0075,0.008,400000.0,0.000127,1.0,25.0,400.0,0.0012794410560998,5708.381552264345,385.3528593710531,134.4919669149134,0.0,0.0004112072079725,0.2348666765593222,0.0596245120963635,50.8,3.601747112199628e-09,5.89254682616694e-10,1297.525,3.545201284919984,8.856110988618191e-05,0.00148,6.65847e-07,0.0154111111111111,0.0157,6.76e-06,0.0805555555555555,0.023,9e-06,0.0031111111111111,0.0401799999999999,0.0990777777777777,1.0,479629.54924781795,1.9e-06,0.12776,3.5883754898063294,0.014129684834641883,0.007302164462958588,0.12481230926459937,15.040350580144906
1104.0,0.0075,0.008,450000.0,0.000127,1.0,25.0,400.0,0.0010109163900047,5074.116935346085,385.3528593710531,134.49196691491346,0.0,0.000462608108969,0.2300987336560067,0.0471107256070032,57.15,3.064697780009582e-09,5.37025292437882e-10,1297.525,3.599480860924432,8.663283757867723e-05,0.00148,6.65847e-07,0.0154111111111111,0.0157,6.76e-06,0.0805555555555555,0.023,9e-06,0.0031111111111111,0.0401799999999999,0.0990777777777777,1.0,348745.0506215956,1.9e-06,0.12776,3.5624647480142237,0.0174095255678198,0.015048008049003386,0.1494542758550155,30.121863006709823
1107.0,0.0075,0.008,450000.0,0.000127,1.0,30.0,400.0,0.0014633341445087,6088.940322415301,385.3528593710531,138.342607877679,0.0,0.0003965442056267,0.2607287980753933,0.0681942978023966,57.15,3.969533289017497e-09,6.25022807777674e-10,1297.525,3.508029136029002,0.0001085345816766,0.00148,6.65847e-07,0.0154111111111111,0.0157,6.76e-06,0.0805555555555555,0.023,9e-06,0.0031111111111111,0.0401799999999999,0.0990777777777777,1.0,801341.7985096328,1.9e-06,0.12776,3.4584419600060383,0.030576967087843257,0.02459450027299659,0.23583376851756851,44.231431348631716
1117.0,0.0075,0.008,500000.0,0.000127,1.0,30.0,400.0,0.001185300657052,5480.04629017377,385.3528593710531,138.3426078776789,0.0,0.0004406046729186,0.2452745730236704,0.0552373812199413,63.5,3.4134663141041713e-09,5.709439042999156e-10,1297.525,3.5642308251834915,0.0001056376256554,0.00148,6.65847e-07,0.0154111111111111,0.0157,6.76e-06,0.0805555555555555,0.023,9e-06,0.0031111111111111,0.0401799999999999,0.0990777777777777,1.0,552608.9863279883,1.9e-06,0.12776,3.400300286729452,0.03793667256589221,0.0220971918037291,0.276880814182275,37.605565022859224
1120.0,0.0075,0.008,500000.0,0.000127,1.0,35.0,400.0,0.0016232338316896,6393.387338536066,385.3528593710531,141.15953487255808,0.0,0.0003853510703567,0.2526819940255653,0.0756459430244032,63.5,4.535800326758786e-09,7.238576002797386e-10,1223.5847009861825,3.068961428387233,0.0001368999978961,0.00148,6.65847e-07,0.0154111111111111,0.0157,6.76e-06,0.0805555555555555,0.023,9e-06,0.0031111111111111,0.0401799999999999,0.0990777777777777,1.0,480551.1184592518,1.9e-06,0.12776,3.3808409761981255,0.04039987643061704,0.009096051001161981,0.28965124671694903,15.206513711796854
1125.0,0.0075,0.008,550000.0,0.000127,1.0,35.0,375.0,0.001121755897404,5812.17030776006,351.11917342151344,139.04843814750677,0.0,0.000417546791805,0.2254817675936723,0.0522760683308242,69.85,3.286376794808132e-09,5.585841308245775e-10,1297.525,3.577075762898742,0.0001032075572619,0.00148,6.65847e-07,0.0154111111111111,0.0157,6.76e-06,0.0805555555555555,0.023,9e-06,0.0031111111111111,0.0401799999999999,0.0990777777777777,1.0,530642.1211954686,1.9e-06,0.12776,3.4010061046987685,0.03784732851914325,0.005265699262848089,0.27640897672244,8.96714868415221
1126.0,0.0075,0.008,550000.0,0.000127,1.0,35.0,400.0,0.0013415155633799,5812.17030776006,385.3528593710531,141.15953487255825,0.0,0.0004238861773923,0.2600075178232733,0.0625173082846307,69.85,3.725896126759829e-09,6.0132848465521e-10,1297.525,3.5326535440183844,0.0001254446085152,0.00148,6.65847e-07,0.0154111111111111,0.0157,6.76e-06,0.0805555555555555,0.023,9e-06,0.0031111111111111,0.0401799999999999,0.0990777777777777,1.0,750544.0015744735,1.9e-06,0.12776,3.263087806244512,0.05530534098170737,0.029550209538642486,0.3582343809744386,44.631569614303565
1130.0,0.0075,0.008,600000.0,0.000127,1.0,35.0,400.0,0.0011272457164511,5327.822782113391,385.3528593710531,141.15953487255803,0.0,0.000462421284428,0.2469174893253073,0.0525319048780578,76.2,3.297356432902357e-09,5.596519280783362e-10,1297.525,3.575966050876559,0.0001230181025001,0.00148,6.65847e-07,0.0154111111111111,0.0157,6.76e-06,0.0805555555555555,0.023,9e-06,0.0031111111111111,0.0401799999999999,0.0990777777777777,1.0,869500.6160263821,1.9e-06,0.12776,3.419682917308918,0.03548317502418763,0.02644558444724948,0.2636959257891743,45.82637677838936
1133.0,0.0075,0.008,600000.0,0.000127,1.0,40.0,400.0,0.0014826739407057,6088.940322415303,385.3528593710531,143.4283772072959,0.0,0.0004111220163949,0.2434776153726164,0.0690955709847682,76.2,4.008212881411451e-09,6.287844948369673e-10,1297.525,3.504119789625745,0.0001459613375908,0.00148,6.65847e-07,0.0154111111111111,0.0157,6.76e-06,0.0805555555555555,0.023,9e-06,0.0031111111111111,0.0401799999999999,0.0990777777777777,1.0,1161202.8050116608,1.9e-06,0.12776,3.3718292013706654,0.04154060742143479,0.006442044387848178,0.29541377084216036,10.682256754938937
1134.0,0.0075,0.0085,400000.0,0.000127,1.0,20.0,400.0,0.0011109905667227,4566.705241811475,385.3528593710531,127.90514235100336,0.0,0.0004888351111033,0.2559914654302432,0.0517743823904151,50.8,3.264846133445566e-09,5.56490220180415e-10,1297.525,3.579251866842657,8.1312652768196e-05,0.00148,6.65847e-07,0.0154111111111111,0.0157,6.76e-06,0.0805555555555555,0.023,9e-06,0.0031111111111111,0.0401799999999999,0.0990777777777777,1.0,497551.78247865324,1.9e-06,0.12776,3.591193849870344,0.013772930396159039,0.03627708303982799,0.12204558233636274,74.95653048243882
1136.0,0.0075,0.0085,400000.0,0.000127,1.0,25.0,375.0,0.0014738761642723,5708.381552264345,351.11917342151344,140.72821706645283,0.0,0.00043027445096,0.2423969763593362,0.0686855770074212,50.8,3.99061732854475e-09,6.27073283331798e-10,1297.525,3.5058981721539824,8.886127721742987e-05,0.00148,6.65847e-07,0.0154111111111111,0.0157,6.76e-06,0.0805555555555555,0.023,9e-06,0.0031111111111111,0.0401799999999999,0.0990777777777777,1.0,478876.1787797085,1.9e-06,0.12776,3.5882539270780276,0.014145072521768696,0.0057713993519148965,0.12493125269630637,11.885800826205445
1137.0,0.0075,0.0085,400000.0,0.000127,1.0,25.0,400.0,0.0017437561160826,5708.381552264345,385.3528593710531,134.35882635626868,0.0,0.0004108001326754,0.2931067897335657,0.0812625225216859,50.8,5.017889464330794e-09,8.135429324656631e-10,1151.271330350381,2.6468032019524887,0.0001207277315512,0.00148,6.65847e-07,0.0154111111111111,0.0157,6.76e-06,0.0805555555555555,0.023,9e-06,0.0031111111111111,0.0401799999999999,0.0990777777777777,1.0,390099.1611449007,1.9e-06,0.12776,3.5719032550579577,0.01621477784076487,0.04390426721187979,0.14064028465474518,88.79466490938435
1142.0,0.0075,0.0085,400000.0,0.000127,1.0,30.0,400.0,0.002524778105541,6850.0578627172135,385.3528593710531,138.61238122805193,0.0,0.0003531710950393,0.2889077446634122,0.1176597092744219,50.8,7.967051386983685e-09,1.153184014518166e-09,927.554585927866,1.5493997525875227,0.0001851379655671,0.00148,6.65847e-07,0.0154111111111111,0.0157,6.76e-06,0.0805555555555555,0.023,9e-06,0.0031111111111111,0.0401799999999999,0.0990777777777777,1.0,851548.6297256337,1.9e-06,0.12776,3.468243394085512,0.029336279229682034,0.003308035388990299,0.2284506845537779,6.006742098451626
1152.0,0.0075,0.0085,450000.0,0.000127,1.0,25.0,375.0,0.0011645441297954,5074.116935346085,351.11917342151344,140.72821706645283,0.0,0.00048405875733,0.2559609743990297,0.0542700855367279,57.15,3.3719532595909147e-09,5.669066559658655e-10,1297.525,3.568426549603146,8.632901593155072e-05,0.00148,6.65847e-07,0.0154111111111111,0.0157,6.76e-06,0.0805555555555555,0.023,9e-06,0.0031111111111111,0.0401799999999999,0.0990777777777777,1.0,349764.03747539764,1.9e-06,0.12776,3.5627081049484155,0.017378720892605667,0.03375088886230168,0.1492292924055198,67.57761993487584
1153.0,0.0075,0.0085,450000.0,0.000127,1.0,25.0,400.0,0.0013777826102381,5074.116935346085,385.3528593710531,134.35882635626902,0.0,0.0004621501492598,0.3087490401011691,0.0642074252023198,57.15,3.798430220476366e-09,6.083826066043774e-10,1297.525,3.525322523166454,0.0001043923821217,0.00148,6.65847e-07,0.0154111111111111,0.0157,6.76e-06,0.0805555555555555,0.023,9e-06,0.0031111111111111,0.0401799999999999,0.0990777777777777,1.0,261548.68834611928,1.9e-06,0.12776,3.5382501460234534,0.020474665060322354,0.07660161489884929,0.17126095104597314,149.40353613112856
1156.0,0.0075,0.0085,450000.0,0.000127,1.0,30.0,375.0,0.0016865983325154,6088.940322415301,351.11917342151344,141.57618301807085,0.0,0.0004058129009698,0.258773349486439,0.0785988554918849,57.15,4.7892583300617985e-09,7.710095965597143e-10,1185.5660004907302,2.847012056764834,0.0001189094465746,0.00148,6.65847e-07,0.0154111111111111,0.0157,6.76e-06,0.0805555555555555,0.023,9e-06,0.0031111111111111,0.0401799999999999,0.0990777777777777,1.0,770775.7937478148,1.9e-06,0.12776,3.452506330804972,0.0313283125563327,0.012234493994554091,0.24023657542425483,21.87608203036317
1157.0,0.0075,0.0085,450000.0,0.000127,1.0,30.0,400.0,0.001994886404378,6088.940322415301,385.3528593710531,138.6123812280522,0.0,0.0003973174819193,0.2877945124001393,0.0929656962168272,57.15,6.0224106175123204e-09,1.0004187740675e-09,1000.593157373152,1.767159095928724,0.0001620550340607,0.00148,6.65847e-07,0.0154111111111111,0.0157,6.76e-06,0.0805555555555555,0.023,9e-06,0.0031111111111111,0.0401799999999999,0.0990777777777777,1.0,609839.9047550696,1.9e-06,0.12776,3.4161582557229035,0.0359293347186198,0.026888816183311987,0.2661291990788895,46.44045212830904
1162.0,0.0075,0.0085,450000.0,0.000127,1.0,35.0,400.0,0.0027327361336565,7103.763709484519,385.3528593710531,141.71881102323917,0.0,0.0003481900532621,0.3146819697493467,0.1273509693006642,57.15,8.729564156740818e-09,1.212213593992201e-09,899.8268488457885,1.4702044831271197,0.0002263849147966,0.00148,6.65847e-07,0.0154111111111111,0.0157,6.76e-06,0.0805555555555555,0.023,9e-06,0.0031111111111111,0.0401799999999999,0.0990777777777777,1.0,1135529.716140812,1.9e-06,0.12776,3.1608138626453632,0.06825140979172623,0.01939100044868239,0.40788705654461194,27.021529000335267
1167.0,0.0075,0.0085,450000.0,0.000127,1.0,40.0,400.0,0.003595576320512,8118.587096553735,385.3528593710531,144.20660216131057,0.0,0.0003100145358909,0.3474714642058863,0.1675610476885011,57.15,1.173401764102404e-08,1.4251425104571562e-09,768.852103846394,1.1838798984574592,0.0002972697294435,0.00148,6.65847e-07,0.0154111111111111,0.0157,6.76e-06,0.0805555555555555,0.023,9e-06,0.0031111111111111,0.0401799999999999,0.0990777777777777,1.0,1385354.9575668261,1.9e-06,0.12776,3.244700694609757,0.05763282346711939,0.01197041651738509,0.3677659520752816,17.811163531283114
1168.0,0.0075,0.0085,500000.0,0.000127,1.0,25.0,400.0,0.0011160039142929,4566.705241811475,385.3528593710531,134.35882635626885,0.0,0.0005135001658443,0.2901980514786113,0.052008014413879,63.5,3.2748728285858556e-09,5.57465341349546e-10,1297.525,3.578238468764828,0.0001019104532193,0.00148,6.65847e-07,0.0154111111111111,0.0157,6.76e-06,0.0805555555555555,0.023,9e-06,0.0031111111111111,0.0401799999999999,0.0990777777777777,1.0,570712.9992182296,1.9e-06,0.12776,3.4053203408948476,0.03730122267153829,0.07025003706473229,0.27351148306297307,120.11035771274537
1170.0,0.0075,0.0085,500000.0,0.000127,1.0,30.0,375.0,0.0013661446493375,5480.04629017377,351.11917342151344,141.57618301807088,0.0,0.0004509032232997,0.2525749720023257,0.0636650729484268,63.5,3.775154298675027e-09,6.061189650193932e-10,1297.525,3.527675020582916,0.0001057979817785,0.00148,6.65847e-07,0.0154111111111111,0.0157,6.76e-06,0.0805555555555555,0.023,9e-06,0.0031111111111111,0.0401799999999999,0.0990777777777777,1.0,551785.4013580234,1.9e-06,0.12776,3.400068301851069,0.03796603774037103,0.0209698990538989,0.27703576113103173,35.67946256378966
1171.0,0.0075,0.0085,500000.0,0.000127,1.0,30.0,400.0,0.0016158579875462,5480.04629017377,385.3528593710531,138.61238122805202,0.0,0.0004414638687992,0.2901471021901729,0.07530221393563,63.5,4.506296950184973e-09,7.183689469946736e-10,1228.010207472254,3.094797092702272,0.000136042318652,0.00148,6.65847e-07,0.0154111111111111,0.0157,6.76e-06,0.0805555555555555,0.023,9e-06,0.0031111111111111,0.0401799999999999,0.0990777777777777,1.0,493002.6154782965,1.9e-06,0.12776,3.384769420718248,0.03990260497237368,0.04690488825454289,0.2871096206729235,78.69479493439734
1176.0,0.0075,0.0085,500000.0,0.000127,1.0,35.0,400.0,0.0022135162682618,6393.387338536066,385.3528593710531,141.71881102323906,0.0,0.0003868778369579,0.300461787186294,0.1031542851335379,63.5,6.825757983626726e-09,1.0648313044670155e-09,969.0561642317556,1.6679355229996342,0.0002013108562889,0.00148,6.65847e-07,0.0154111111111111,0.0157,6.76e-06,0.0805555555555555,0.023,9e-06,0.0031111111111111,0.0401799999999999,0.0990777777777777,1.0,1194574.79199338,1.9e-06,0.12776,3.199499517429582,0.06335449146460986,0.029367502052756095,0.39003636260274055,42.15762165343955
1181.0,0.0075,0.0085,500000.0,0.000127,1.0,40.0,400.0,0.0029124168196147,7306.72838689836,385.3528593710531,144.2066021613106,0.0,0.0003444605954343,0.3511947630503937,0.1357244486276859,63.5,9.388393338587364e-09,1.2632165556370411e-09,875.8694240513686,1.4017778853649177,0.0002689184796987,0.00148,6.65847e-07,0.0154111111111111,0.0157,6.76e-06,0.0805555555555555,0.023,9e-06,0.0031111111111111,0.0401799999999999,0.0990777777777777,1.0,990305.2363148028,1.9e-06,0.12776,3.464896740335529,0.029759906286641935,0.047530314422707776,0.23098759111318548,86.02193025291118
1182.0,0.0075,0.0085,550000.0,0.000127,1.0,30.0,375.0,0.0011290451647417,4981.860263794337,351.11917342151344,141.57618301807082,0.0,0.0004959935456297,0.2622265360253497,0.0526157627672948,69.85,3.300955329483493e-09,5.600019297680931e-10,1297.525,3.575602310399104,0.0001036003400885,0.00148,6.65847e-07,0.0154111111111111,0.0157,6.76e-06,0.0805555555555555,0.023,9e-06,0.0031111111111111,0.0401799999999999,0.0990777777777777,1.0,528061.3328138605,1.9e-06,0.12776,3.400243814896475,0.037943820899180435,0.041670773258054794,0.27691853886945744,70.91268587557197
1183.0,0.0075,0.0085,550000.0,0.000127,1.0,30.0,400.0,0.0013354198244183,4981.860263794337,385.3528593710531,138.61238122805227,0.0,0.0004856102556791,0.288403590291621,0.0622332346575455,69.85,3.7137046488367677e-09,6.001428329484978e-10,1297.525,3.533885736692068,0.0001250839026307,0.00148,6.65847e-07,0.0154111111111111,0.0157,6.76e-06,0.0805555555555555,0.023,9e-06,0.0031111111111111,0.0401799999999999,0.0990777777777777,1.0,753688.0221755523,1.9e-06,0.12776,3.2639948910593493,0.05519052011906976,0.05823035563407539,0.35775671911524737,88.01448668912553
1186.0,0.0075,0.0085,550000.0,0.000127,1.0,35.0,375.0,0.0015471378765585,5812.17030776006,351.11917342151344,142.48692300344302,0.0,0.0004278721743795,0.242720515852419,0.0720997193233831,69.85,4.231416506234339e-09,6.672316323244285e-10,1269.242274064849,3.335505774263183,0.0001290858575839,0.00148,6.65847e-07,0.0154111111111111,0.0157,6.76e-06,0.0805555555555555,0.023,9e-06,0.0031111111111111,0.0401799999999999,0.0990777777777777,1.0,660419.4499551206,1.9e-06,0.12776,3.5081042406888927,0.02429060244444397,0.0026807965290358837,0.19689488020098553,5.066889061694358
1187.0,0.0075,0.0085,550000.0,0.000127,1.0,35.0,400.0,0.0018293522878196,5812.17030776006,385.3528593710531,141.71881102323897,0.0,0.0004255656206537,0.3154654070525848,0.0852514753169735,69.85,5.360274151278787e-09,8.77238382105861e-10,1099.913627308182,2.346982067362436,0.0001769379889597,0.00148,6.65847e-07,0.0154111111111111,0.0157,6.76e-06,0.0805555555555555,0.023,9e-06,0.0031111111111111,0.0401799999999999,0.0990777777777777,1.0,989795.8089707373,1.9e-06,0.12776,3.4550326435108927,0.031008526137861737,0.0622739317356113,0.23836887669566403,111.62362380743852
1191.0,0.0075,0.0085,550000.0,0.000127,1.0,40.0,375.0,0.0020363723645047,6642.480351725782,351.11917342151344,143.4876812800436,0.0,0.000377017671379,0.2825497970071587,0.09489902493065,69.85,6.176230336517391e-09,1.014548416905886e-09,992.6753513993676,1.735396054908089,0.0001853276524641,0.00148,6.65847e-07,0.0154111111111111,0.0157,6.76e-06,0.0805555555555555,0.023,9e-06,0.0031111111111111,0.0401799999999999,0.0990777777777777,1.0,948905.151093794,1.9e-06,0.12776,3.446650879420392,0.032069508934127605,0.019710772076508676,0.24453047972372877,35.04497317129581
1192.0,0.0075,0.0085,550000.0,0.000127,1.0,40.0,400.0,0.0024069560492683,6642.480351725782,385.3528593710531,144.20660216131049,0.0,0.0003789066549778,0.322839759090879,0.1121689658080048,69.85,7.53503718065071e-09,1.1197398311049923e-09,943.2641934308832,1.594269140797453,0.0002420270583001,0.00148,6.65847e-07,0.0154111111111111,0.0157,6.76e-06,0.0805555555555555,0.023,9e-06,0.0031111111111111,0.0401799999999999,0.0990777777777777,1.0,1192048.31676001,1.9e-06,0.12776,3.390822094577867,0.03913644372432067,0.042730793282874185,0.28315786392304426,72.08910426320438
1193.0,0.0075,0.0085,600000.0,0.000127,1.0,30.0,400.0,0.0011221236024626,4566.705241811477,385.3528593710531,138.61238122805213,0.0,0.000529756642559,0.2939893965852591,0.0522932041219653,76.2,3.2871122049253404e-09,5.586556512970017e-10,1297.525,3.577001434998196,0.0001226875145387,0.00148,6.65847e-07,0.0154111111111111,0.0157,6.76e-06,0.0805555555555555,0.023,9e-06,0.0031111111111111,0.0401799999999999,0.0990777777777777,1.0,871237.9723925246,1.9e-06,0.12776,3.420104904455981,0.035429758929622655,0.0737561924632936,0.2634035221884587,127.85958053574115
1195.0,0.0075,0.0085,600000.0,0.000127,1.0,35.0,375.0,0.0013000255768304,5327.822782113391,351.11917342151344,142.48692300344294,0.0,0.0004667696447777,0.2669541793284524,0.0605837919314539,76.2,3.6429161536609555e-09,5.93258474821412e-10,1297.525,3.541040329899487,0.0001230701886007,0.00148,6.65847e-07,0.0154111111111111,0.0157,6.76e-06,0.0805555555555555,0.023,9e-06,0.0031111111111111,0.0401799999999999,0.0990777777777777,1.0,869225.8947727504,1.9e-06,0.12776,3.419616082999398,0.03549163506336736,0.03843038739699839,0.26374221536705456,66.59012201448458
1196.0,0.0075,0.0085,600000.0,0.000127,1.0,35.0,400.0,0.0015371640751818,5327.822782113391,385.3528593710531,141.71881102323923,0.0,0.0004642534043495,0.3091705296110207,0.0716349202316236,76.2,4.191521300727321e-09,6.59809737741732e-10,1275.2265548909018,3.370441407297596,0.0001522678522539,0.00148,6.65847e-07,0.0154111111111111,0.0157,6.76e-06,0.0805555555555555,0.023,9e-06,0.0031111111111111,0.0401799999999999,0.0990777777777777,1.0,1124326.2686653843,1.9e-06,0.12776,3.3634198299749047,0.04260508481330323,0.0695956093793971,0.3007073970284481,114.53703193068252
1199.0,0.0075,0.0085,600000.0,0.000127,1.0,40.0,375.0,0.0017111184451741,6088.940322415303,351.11917342151344,143.48768128004366,0.0,0.0004112920051408,0.2730311920527349,0.0797415417820046,76.2,4.887338780696504e-09,7.89255968673429e-10,1170.8539328955244,2.7611244773507817,0.0001616612705892,0.00148,6.65847e-07,0.0154111111111111,0.0157,6.76e-06,0.0805555555555555,0.023,9e-06,0.0031111111111111,0.0401799999999999,0.0990777777777777,1.0,1058627.6437843293,1.9e-06,0.12776,3.3474215764782587,0.044630180192625525,0.0253496502707303,0.310561647545066,41.13131169437229
1202.0,0.0075,0.009,400000.0,0.000127,1.0,20.0,375.0,0.0012467904450667,4566.705241811475,351.11917342151344,140.43844109667435,0.0,0.0005367355815005,0.2840053030347153,0.0581029283210028,50.8,3.536445890133592e-09,5.829039755177172e-10,1297.525,3.551801279434198,7.996029175724362e-05,0.00148,6.65847e-07,0.0154111111111111,0.0157,6.76e-06,0.0805555555555555,0.023,9e-06,0.0031111111111111,0.0401799999999999,0.0990777777777777,1.0,500843.4390529766,1.9e-06,0.12776,3.5916965720300875,0.013709294679735792,0.05796237471371238,0.12155023072258603,119.83074291768723
1203.0,0.0075,0.009,400000.0,0.000127,1.0,20.0,400.0,0.0014642621399122,4566.705241811475,385.3528593710531,126.13046794148602,0.0,0.0004820525600173,0.2695185714582954,0.0682375442441901,50.8,3.971389279824476e-09,6.252033075236295e-10,1297.525,3.5078415510381404,9.6515123890223e-05,0.00148,6.65847e-07,0.0154111111111111,0.0157,6.76e-06,0.0805555555555555,0.023,9e-06,0.0031111111111111,0.0401799999999999,0.0990777777777777,1.0,459308.3256808876,1.9e-06,0.12776,3.5850045649030227,0.014556384189490826,0.0333410272141052,0.1280986627391478,68.41502158547108
1207.0,0.0075,0.009,400000.0,0.000127,1.0,25.0,375.0,0.0019578519194303,5708.381552264345,351.11917342151344,141.11764517282364,0.0,0.0004314651216595,0.3451648702859871,0.0912398151492946,50.8,5.8742726777215275e-09,9.728599694730042e-10,1022.813848341771,1.896881267734425,0.000128655840085,0.00148,6.65847e-07,0.0154111111111111,0.0157,6.76e-06,0.0805555555555555,0.023,9e-06,0.0031111111111111,0.0401799999999999,0.0990777777777777,1.0,362588.1289808679,1.9e-06,0.12776,3.5658761203436544,0.016977706285613375,0.0859850551366925,0.1462895650526943,172.75821674400947
1208.0,0.0075,0.009,400000.0,0.000127,1.0,25.0,400.0,0.0022988907634605,5708.381552264345,385.3528593710531,132.77248879163372,0.0,0.0004059499289359,0.3337998589980659,0.1071329073587874,50.8,7.138797799355266e-09,1.089065139510815e-09,957.6728982052632,1.6354229231564172,0.0001676562072544,0.00148,6.65847e-07,0.0154111111111111,0.0157,6.76e-06,0.0805555555555555,0.023,9e-06,0.0031111111111111,0.0401799999999999,0.0990777777777777,1.0,902861.8324319387,1.9e-06,0.12776,3.476959635045757,0.028232957589144753,0.05872695163927838,0.22176415451355697,107.56075386169175
1212.0,0.0075,0.009,400000.0,0.000127,1.0,30.0,375.0,0.0028364302206723,6850.0578627172135,351.11917342151344,141.88840433719542,0.0,0.0003615180887103,0.3484548677809033,0.1321833211437746,50.8,9.109775809132084e-09,1.241647506238592e-09,886.0009705770151,1.430715355262806,0.0001911915065415,0.00148,6.65847e-07,0.0154111111111111,0.0157,6.76e-06,0.0805555555555555,0.023,9e-06,0.0031111111111111,0.0401799999999999,0.0990777777777777,1.0,832797.8941994312,1.9e-06,0.12776,3.4648939133096954,0.029760264138013238,0.048331546637128575,0.23098972706729481,87.47178377741947
1213.0,0.0075,0.009,400000.0,0.000127,1.0,30.0,400.0,0.0033297024870706,6850.0578627172135,385.3528593710531,137.17304158683763,0.0,0.0003495037952446,0.3677516810677861,0.155170795302467,50.8,1.091844078592576e-08,1.381664483296631e-09,820.231335057245,1.2428657665321268,0.0002474199093588,0.00148,6.65847e-07,0.0154111111111111,0.0157,6.76e-06,0.0805555555555555,0.023,9e-06,0.0031111111111111,0.0401799999999999,0.0990777777777777,1.0,560432.1153623508,1.9e-06,0.12776,3.403580245507099,0.037521487910493846,0.044640885765318994,0.27468294006880195,76.20190776418886
1223.0,0.0075,0.009,450000.0,0.000127,1.0,20.0,400.0,0.0011569478636343,4059.293548276868,385.3528593710531,126.13046794148605,0.0,0.0005423091300195,0.2568424497465786,0.0539160843410885,57.15,3.356760727268723e-09,5.654291442162015e-10,1297.525,3.5699620588449505,9.3701361203896e-05,0.00148,6.65847e-07,0.0154111111111111,0.0157,6.76e-06,0.0805555555555555,0.023,9e-06,0.0031111111111111,0.0401799999999999,0.0990777777777777,1.0,322923.3462682165,1.9e-06,0.12776,3.5560191061427635,0.018225429602181833,0.034986365405489994,0.15537025806248778,69.54571018767169
1226.0,0.0075,0.009,450000.0,0.000127,1.0,25.0,375.0,0.0015469447264635,5074.116935346085,351.11917342151344,141.11764517282367,0.0,0.0004853982618669,0.3473519806756243,0.0720907181426525,57.15,4.230643905854046e-09,6.67087901805831e-10,1269.358164121893,3.3361823288271992,0.0001055972855314,0.00148,6.65847e-07,0.0154111111111111,0.0157,6.76e-06,0.0805555555555555,0.023,9e-06,0.0031111111111111,0.0401799999999999,0.0990777777777777,1.0,809718.4083497586,1.9e-06,0.12776,3.460021795225188,0.030376987946178716,0.10732126253297158,0.23465329975532345,193.30769206768116
1227.0,0.0075,0.009,450000.0,0.000127,1.0,25.0,400.0,0.0018164075168083,5074.116935346085,385.3528593710531,132.77248879163344,0.0,0.0004566936700529,0.3413593919618403,0.0846482230983012,57.15,5.308495067233268e-09,8.67605673150224e-10,1107.6804899150095,2.3923242345748355,0.0001434144920213,0.00148,6.65847e-07,0.0154111111111111,0.0157,6.76e-06,0.0805555555555555,0.023,9e-06,0.0031111111111111,0.0401799999999999,0.0990777777777777,1.0,689616.1104991188,1.9e-06,0.12776,3.4353307597088834,0.03350243547988819,0.08877116886353897,0.25269559202455916,156.12578349873553
1231.0,0.0075,0.009,450000.0,0.000127,1.0,30.0,375.0,0.0022411300509016,6088.940322415301,351.11917342151344,141.88840433719542,0.0,0.0004067078497991,0.3520265575447001,0.1044411426321182,57.15,6.927008519972683e-09,1.072669568715267e-09,965.374326546448,1.657419550248801,0.0001678735419272,0.00148,6.65847e-07,0.0154111111111111,0.0157,6.76e-06,0.0805555555555555,0.023,9e-06,0.0031111111111111,0.0401799999999999,0.0990777777777777,1.0,576301.7926314212,1.9e-06,0.12776,3.407324313730387,0.03704755522400166,0.07964541491258179,0.27215768297527243,136.42791113507568
1232.0,0.0075,0.009,450000.0,0.000127,1.0,30.0,400.0,0.0026308760391669,6088.940322415301,385.3528593710531,137.17304158683783,0.0,0.0003931917696502,0.3847767129350218,0.1226040851772579,57.15,8.35607714361213e-09,1.183300266637668e-09,913.4081947777408,1.5089951838443134,0.0002175172029821,0.00148,6.65847e-07,0.0154111111111111,0.0157,6.76e-06,0.0805555555555555,0.023,9e-06,0.0031111111111111,0.0401799999999999,0.0990777777777777,1.0,764961.7549562707,1.9e-06,0.12776,3.2542941837640464,0.05641845775138652,0.09423262775776378,0.3628284476430615,141.30672407846666
1237.0,0.0075,0.009,450000.0,0.000127,1.0,35.0,400.0,0.0036054031821615,7103.763709484519,385.3528593710531,140.39797921496591,0.0,0.0003449448912801,0.3817486791941263,0.1680189990950902,57.15,1.1753671364323002e-08,1.4246426671393551e-09,765.9040453515499,1.1844831662185005,0.0002976914789227,0.00148,6.65847e-07,0.0154111111111111,0.0157,6.76e-06,0.0805555555555555,0.023,9e-06,0.0031111111111111,0.0401799999999999,0.0990777777777777,1.0,1382976.4037153574,1.9e-06,0.12776,3.2442303035800726,0.05769236663543387,0.045789680099036084,0.36800608209793756,68.10604433528962
1242.0,0.0075,0.009,450000.0,0.000127,1.0,40.0,400.0,0.0047459320212737,8118.587096553735,385.3528593710531,142.98661534238582,0.0,0.0003073918151431,0.3990023986264994,0.2211699240553994,57.15,1.4034729042547506e-08,1.3666296677379107e-09,423.7453936178738,1.254499851475322,0.0003466399936653,0.00148,6.65847e-07,0.0154111111111111,0.0157,6.76e-06,0.0805555555555555,0.023,9e-06,0.0031111111111111,0.0401799999999999,0.0990777777777777,1.0,1541058.0923124587,1.9e-06,0.12776,3.1214208690568395,0.07323786467634943,0.009892474571099874,0.425021568751928,13.386333628246494
1244.0,0.0075,0.009,500000.0,0.000127,1.0,25.0,375.0,0.0012530252284354,4566.705241811475,351.11917342151344,141.11764517282373,0.0,0.0005393314020744,0.3355450591134764,0.0583934816955485,63.5,3.5489154568708876e-09,5.841166720568361e-10,1297.525,3.5505409803240595,0.000100255817057,0.00148,6.65847e-07,0.0154111111111111,0.0157,6.76e-06,0.0805555555555555,0.023,9e-06,0.0031111111111111,0.0401799999999999,0.0990777777777777,1.0,578214.8611477248,1.9e-06,0.12776,3.407356755415053,0.0370434486816389,0.10921157741792778,0.27213572522932783,187.0786521441231
1245.0,0.0075,0.009,500000.0,0.000127,1.0,25.0,400.0,0.0014712900886147,4566.705241811475,385.3528593710531,132.77248879163344,0.0,0.0005074374111699,0.3368341538968549,0.0685650607096239,63.5,3.985445177229472e-09,6.265702786860094e-10,1297.525,3.5064209214874174,0.0001210220025112,0.00148,6.65847e-07,0.0154111111111111,0.0157,6.76e-06,0.0805555555555555,0.023,9e-06,0.0031111111111111,0.0401799999999999,0.0990777777777777,1.0,814476.8995850441,1.9e-06,0.12776,3.2668161092759314,0.05483340388912263,0.10032909318723099,0.3562665382414833,151.9980863306488
1249.0,0.0075,0.009,500000.0,0.000127,1.0,30.0,375.0,0.0018153153412303,5480.04629017377,351.11917342151344,141.88840433719545,0.0,0.0004518976108879,0.3400641932296608,0.0845973255320157,63.5,5.304126364921312e-09,8.66792942707795e-10,1108.3357952618032,2.396149841658881,0.0001457459378579,0.00148,6.65847e-07,0.0154111111111111,0.0157,6.76e-06,0.0805555555555555,0.023,9e-06,0.0031111111111111,0.0401799999999999,0.0990777777777777,1.0,875073.4438099185,1.9e-06,0.12776,3.2867829576269085,0.05230595473077107,0.08752686769764509,0.34551899245724643,134.81666620315147
1250.0,0.0075,0.009,500000.0,0.000127,1.0,30.0,400.0,0.0021310095917252,5480.04629017377,385.3528593710531,137.17304158683774,0.0,0.0004368797440558,0.3814787528440186,0.0993093089935789,63.5,6.52323350299249e-09,1.041411509309844e-09,980.0570544366368,1.699355990580561,0.0001933287587829,0.00148,6.65847e-07,0.0154111111111111,0.0157,6.76e-06,0.0805555555555555,0.023,9e-06,0.0031111111111111,0.0401799999999999,0.0990777777777777,1.0,825575.9582179729,1.9e-06,0.12776,3.28613597514383,0.05238785124761649,0.11422944385043968,0.345872866238408,175.85121581243243
1255.0,0.0075,0.009,500000.0,0.000127,1.0,35.0,400.0,0.0029203765775508,6393.387338536066,385.3528593710531,140.3979792149659,0.0,0.0003832721014223,0.3918307376086875,0.136095389267023,63.5,9.417579117686318e-09,1.2654759594597235e-09,874.8081229932249,1.3987466238151738,0.000269688359261,0.00148,6.65847e-07,0.0154111111111111,0.0157,6.76e-06,0.0805555555555555,0.023,9e-06,0.0031111111111111,0.0401799999999999,0.0990777777777777,1.0,985754.349540491,1.9e-06,0.12776,3.4640091154564288,0.029872263866274885,0.0877953483416645,0.2316576519512326,158.7564669526084
1259.0,0.0075,0.009,500000.0,0.000127,1.0,40.0,375.0,0.0032766949849359,7306.72838689836,351.11917342151344,143.7695630734227,0.0,0.0003434166574857,0.3459767793741587,0.1527005396879828,63.5,1.0724079944764973e-08,1.366618127124005e-09,827.2990020085466,1.2630522601867604,0.0002777830421749,0.00148,6.65847e-07,0.0154111111111111,0.0157,6.76e-06,0.0805555555555555,0.023,9e-06,0.0031111111111111,0.0401799999999999,0.0990777777777777,1.0,931553.4208288086,1.9e-06,0.12776,3.452933586155614,0.03127422960055518,0.025336239686175793,0.23992135011611326,45.32166341110531
1260.0,0.0075,0.009,500000.0,0.000127,1.0,40.0,400.0,0.0038442049372317,7306.72838689836,385.3528593710531,142.98661534238573,0.0,0.0003415464612701,0.4066873010191233,0.1791476384848734,63.5,1.2231274874463474e-08,1.4124960158677075e-09,694.2635188304789,1.1991431263616772,0.0003421559397747,0.00148,6.65847e-07,0.0154111111111111,0.0157,6.76e-06,0.0805555555555555,0.023,9e-06,0.0031111111111111,0.0401799999999999,0.0990777777777777,1.0,1317862.0525649907,1.9e-06,0.12776,3.4284156037751536,0.03437777167403122,0.05959966253424989,0.2575971686096509,104.13304519112404
1261.0,0.0075,0.009,550000.0,0.000127,1.0,25.0,375.0,0.0010355580400292,4151.550219828614,351.11917342151344,141.11764517282364,0.0,0.0005932645422818,0.3523899275967497,0.048259075781445,69.85,3.1139810800585837e-09,5.418182165758975e-10,1297.525,3.59449979778848,9.856298157278702e-05,0.00148,6.65847e-07,0.0154111111111111,0.0157,6.76e-06,0.0805555555555555,0.023,9e-06,0.0031111111111111,0.0401799999999999,0.0990777777777777,1.0,558005.1186355723,1.9e-06,0.12776,3.4088824963415227,0.03685031691879458,0.1361908518153047,0.2711015482196989,233.62542935588306
1262.0,0.0075,0.009,550000.0,0.000127,1.0,25.0,400.0,0.0012159422219956,4151.550219828614,385.3528593710531,132.77248879163363,0.0,0.0005581811522869,0.3202166054813833,0.0566653394294413,69.85,3.474749443991301e-09,5.769038418892641e-10,1297.525,3.5580369392458,0.0001180143527498,0.00148,6.65847e-07,0.0154111111111111,0.0157,6.76e-06,0.0805555555555555,0.023,9e-06,0.0031111111111111,0.0401799999999999,0.0990777777777777,1.0,805588.3886952909,1.9e-06,0.12776,3.27851051965281,0.05335309877812532,0.09561126605194198,0.3500150362158314,146.25729188240675
1265.0,0.0075,0.009,550000.0,0.000127,1.0,30.0,375.0,0.001500260612587,4981.860263794337,351.11917342151344,141.88840433719545,0.0,0.0004970873719767,0.3737001501742269,0.0699151450677816,69.85,4.043907450348194e-09,6.323484319899137e-10,1297.3686324477708,3.499704641866842,0.0001236227078723,0.00148,6.65847e-07,0.0154111111111111,0.0157,6.76e-06,0.0805555555555555,0.023,9e-06,0.0031111111111111,0.0401799999999999,0.0990777777777777,1.0,765782.2904573472,1.9e-06,0.12776,3.267454191914144,0.05475263393491849,0.1358450051064453,0.35592854056178513,205.91257888247577
1266.0,0.0075,0.009,550000.0,0.000127,1.0,30.0,400.0,0.001761164951839,4981.860263794337,385.3528593710531,137.17304158683783,0.0,0.0004805677184614,0.4097328767334259,0.0820738090856024,69.85,5.087524807356115e-09,8.26497526096543e-10,1140.8260288965826,2.5858245765953605,0.0001682256604009,0.00148,6.65847e-07,0.0154111111111111,0.0157,6.76e-06,0.0805555555555555,0.023,9e-06,0.0031111111111111,0.0401799999999999,0.0990777777777777,1.0,1027995.2786808817,1.9e-06,0.12776,3.462404744722142,0.030075348769349128,0.15971906764782348,0.23286582039014675,288.35882556375003
1270.0,0.0075,0.009,550000.0,0.000127,1.0,35.0,375.0,0.002056567840788,5812.17030776006,351.11917342151344,142.76996875050264,0.0,0.0004287221288644,0.2640068664811701,0.095840174516406,69.85,6.2502804162229604e-09,1.020280970167165e-09,989.982621228256,1.7277051463116142,0.0001872856074672,0.00148,6.65847e-07,0.0154111111111111,0.0157,6.76e-06,0.0805555555555555,0.023,9e-06,0.0031111111111111,0.0401799999999999,0.0990777777777777,1.0,938561.9516094388,1.9e-06,0.12776,3.4444451931190323,0.03234870973176808,0.000226691964763992,0.24613538978905244,0.4021931144290587
1271.0,0.0075,0.009,550000.0,0.000127,1.0,35.0,400.0,0.0024135343616122,5812.17030776006,385.3528593710531,140.39797921496594,0.0,0.0004215993115645,0.3859993106256633,0.1124755283198537,69.85,7.559157659244893e-09,1.121607106991507e-09,942.3870851183676,1.5917639659629534,0.0002427270790898,0.00148,6.65847e-07,0.0154111111111111,0.0157,6.76e-06,0.0805555555555555,0.023,9e-06,0.0031111111111111,0.0401799999999999,0.0990777777777777,1.0,1187170.9440366288,1.9e-06,0.12776,3.389792354249131,0.039266790601375876,0.10558378230580959,0.283833265457589,177.95758710655656
1277.0,0.0075,0.009,600000.0,0.000127,1.0,25.0,400.0,0.0010217292282046,3805.587701509565,385.3528593710531,132.7724887916336,0.0,0.0006089248934039,0.339740240014619,0.0476146254927944,76.2,3.086323456409358e-09,5.391284435319512e-10,1297.525,3.5972951538107063,0.0001162082521891,0.00148,6.65847e-07,0.0154111111111111,0.0157,6.76e-06,0.0805555555555555,0.023,9e-06,0.0031111111111111,0.0401799999999999,0.0990777777777777,1.0,903383.5085212588,1.9e-06,0.12776,3.4277066091174406,0.034467517833235366,0.1241856145218245,0.2580960839955858,216.83236300492086
1278.0,0.0075,0.009,600000.0,0.000127,1.0,30.0,350.0,0.0010594479870337,4566.705241811477,319.92671377973846,127.49559918807628,0.0,0.0004872698958674,0.2223255937542298,0.0493723950917446,76.2,3.161760974067405e-09,5.464649307179901e-10,1297.525,3.589670683901008,0.0001000835003261,0.00148,6.65847e-07,0.0154111111111111,0.0157,6.76e-06,0.0805555555555555,0.023,9e-06,0.0031111111111111,0.0401799999999999,0.0990777777777777,1.0,545829.3899662792,1.9e-06,0.12776,3.4737592228777325,0.028638073053451597,0.005013198662485174,0.22423272340169828,9.152748309991084
1279.0,0.0075,0.009,600000.0,0.000127,1.0,30.0,375.0,0.0012606356536321,4566.705241811477,351.11917342151344,141.88840433719545,0.0,0.0005422771330655,0.3441307287335247,0.0587481427305665,76.2,3.564136307264346e-09,5.855969378097259e-10,1297.525,3.549002608974793,0.0001207543997491,0.00148,6.65847e-07,0.0154111111111111,0.0157,6.76e-06,0.0805555555555555,0.023,9e-06,0.0031111111111111,0.0401799999999999,0.0990777777777777,1.0,881190.4563805244,1.9e-06,0.12776,3.4224999025385596,0.035126594615372236,0.11744258600295818,0.2617395692032249,204.05176039322112
1280.0,0.0075,0.009,600000.0,0.000127,1.0,30.0,400.0,0.0014798677720314,4566.705241811477,385.3528593710531,137.17304158683783,0.0,0.000524255692867,0.3865100389861829,0.0689647979122076,76.2,4.002600544062815e-09,6.282386809989689e-10,1297.525,3.5046870285615714,0.0001457801725038,0.00148,6.65847e-07,0.0154111111111111,0.0157,6.76e-06,0.0805555555555555,0.023,9e-06,0.0031111111111111,0.0401799999999999,0.0990777777777777,1.0,1162204.5065372938,1.9e-06,0.12776,3.372052235694762,0.041512375228511186,0.1496052410739752,0.29527228145668394,248.12659193741635
1283.0,0.0075,0.009,600000.0,0.000127,1.0,35.0,375.0,0.0017280882551066,5327.822782113391,351.11917342151344,142.76996875050258,0.0,0.0004676968678521,0.2661129961540009,0.0805323688644801,76.2,4.955218020426606e-09,8.018838660668083e-10,1160.672046936009,2.701683645307728,0.0001638171015426,0.00148,6.65847e-07,0.0154111111111111,0.0157,6.76e-06,0.0805555555555555,0.023,9e-06,0.0031111111111111,0.0401799999999999,0.0990777777777777,1.0,1040467.7312912281,1.9e-06,0.12776,3.3427536418243085,0.045221057996923,0.017640627289520677,0.31338477371729023,28.50575859336597
1291.0,0.0075,0.0095,400000.0,0.000127,1.0,20.0,350.0,0.0013625123547059,4566.705241811475,319.92671377973846,119.61092441473146,0.0,0.0004571357996302,0.2331853558515332,0.0634958007540054,50.8,3.767889709411848e-09,6.054124655520754e-10,1297.525,3.5284092526197446,7.754091271188623e-05,0.00148,6.65847e-07,0.0154111111111111,0.0157,6.76e-06,0.0805555555555555,0.023,9e-06,0.0031111111111111,0.0401799999999999,0.0990777777777777,1.0,506695.89251170395,1.9e-06,0.12776,3.5925793685005676,0.013597548291067418,0.0017495550975276941,0.12067902322074717,3.6205971580534464
1292.0,0.0075,0.0095,400000.0,0.000127,1.0,20.0,375.0,0.0016111317515871,4566.705241811475,351.11917342151344,138.89533725432756,0.0,0.0005308380599126,0.3970868419865412,0.0750819618874655,50.8,4.4873920063487e-09,7.148519704943289e-10,1230.845949047695,3.1113518684455386,9.9303687970107e-05,0.00148,6.65847e-07,0.0154111111111111,0.0157,6.76e-06,0.0805555555555555,0.023,9e-06,0.0031111111111111,0.0401799999999999,0.0990777777777777,1.0,451983.7809687381,1.9e-06,0.12776,3.583741022111961,0.014716326314941693,0.15406488009907568,0.12932415464118277,315.6932492550991
1293.0,0.0075,0.0095,400000.0,0.000127,1.0,20.0,400.0,0.0018822003976696,4566.705241811475,385.3528593710531,123.78680712401538,0.0,0.0004730954244789,0.3810527790644294,0.0877143029322026,50.8,5.571666590678741e-09,9.165647217215215e-10,1068.2047613981888,2.161868879066487,0.0001335906583339,0.00148,6.65847e-07,0.0154111111111111,0.0157,6.76e-06,0.0805555555555555,0.023,9e-06,0.0031111111111111,0.0401799999999999,0.0990777777777777,1.0,342644.72170806763,1.9e-06,0.12776,3.5611639488604183,0.017574183688554686,0.12539847613222668,0.15065484941397128,250.6580281763139
1297.0,0.0075,0.0095,400000.0,0.000127,1.0,25.0,375.0,0.0025308123337988,5708.381552264345,351.11917342151344,139.53168116443095,0.0,0.0004266160600628,0.4324760780433122,0.117940916379692,50.8,7.989176890595631e-09,1.154896850323237e-09,926.7500221601588,1.547101777668292,0.0001696452322287,0.00148,6.65847e-07,0.0154111111111111,0.0157,6.76e-06,0.0805555555555555,0.023,9e-06,0.0031111111111111,0.0401799999999999,0.0990777777777777,1.0,897201.4531716922,1.9e-06,0.12776,3.4760291124195053,0.028350745263353756,0.14659516166362,0.22248351143646766,268.2467031710159
1298.0,0.0075,0.0095,400000.0,0.000127,1.0,25.0,400.0,0.0029560667403128,5708.381552264345,385.3528593710531,130.37807421359813,0.0,0.0003986290416298,0.3859148734489981,0.1377586222320596,50.8,9.548443047813805e-09,1.2756067311269383e-09,870.0494346249526,1.385154977064924,0.0002185122642361,0.00148,6.65847e-07,0.0154111111111111,0.0157,6.76e-06,0.0805555555555555,0.023,9e-06,0.0031111111111111,0.0401799999999999,0.0990777777777777,1.0,737617.8567795759,1.9e-06,0.12776,3.446372229043271,0.032104781133763215,0.0802162512169384,0.24473360940772718,142.58297419108618
1302.0,0.0075,0.0095,400000.0,0.000127,1.0,30.0,375.0,0.0036679533730777,6850.0578627172135,351.11917342151344,140.2969009165428,0.0,0.0003574630901536,0.426800300416738,0.1709339630921683,50.8,1.1878771746155456e-08,1.421461051678401e-09,747.1389880766814,1.188323101588784,0.000243803465688,0.00148,6.65847e-07,0.0154111111111111,0.0157,6.76e-06,0.0805555555555555,0.023,9e-06,0.0031111111111111,0.0401799999999999,0.0990777777777777,1.0,603427.0519315805,1.9e-06,0.12776,3.415123515699905,0.03606031446836651,0.08792633732456959,0.2668404878965234,151.71293304022018
1303.0,0.0075,0.0095,400000.0,0.000127,1.0,30.0,400.0,0.0042833212609042,6850.0578627172135,385.3528593710531,134.7669317500622,0.0,0.0003433732574218,0.4450202951077354,0.1996113374006592,50.8,1.3109507521808473e-08,1.3901603640641059e-09,562.5286217287293,1.2261003310998242,0.0002904765561225,0.00148,6.65847e-07,0.0154111111111111,0.0157,6.76e-06,0.0805555555555555,0.023,9e-06,0.0031111111111111,0.0401799999999999,0.0990777777777777,1.0,1063367.3791592722,1.9e-06,0.12776,3.327069228308278,0.04720642679642054,0.0774689577070761,0.3227035135736512,123.48428290716419
1307.0,0.0075,0.0095,400000.0,0.000127,1.0,35.0,375.0,0.0050303634610438,7991.734173170083,351.11917342151344,141.19339245767094,0.0,0.0003083547984766,0.4076488393658621,0.2344249980115661,50.8,1.4664318844175457e-08,1.356571231822566e-09,346.9910889010047,1.2687253610108045,0.00029232398147,0.00148,6.65847e-07,0.0154111111111111,0.0157,6.76e-06,0.0805555555555555,0.023,9e-06,0.0031111111111111,0.0401799999999999,0.0990777777777777,1.0,1054471.198247008,1.9e-06,0.12776,3.3252437186988733,0.047437503962167955,0.005283841354295993,0.32377171445068914,8.409075481092882
1310.0,0.0075,0.0095,400000.0,0.000127,1.0,40.0,400.0,0.0077347368894558,9133.41048362295,385.3528593710531,140.61731837129634,0.0,0.0002687096123955,0.564426501180997,0.3604542085224219,50.8,2.5012338778911723e-08,1.6189668261390762e-09,294.17552442176554,1.143990302816719,0.0005280343536056,0.00148,6.65847e-07,0.0154111111111111,0.0157,6.76e-06,0.0805555555555555,0.023,9e-06,0.0031111111111111,0.0401799999999999,0.0990777777777777,1.0,1962296.4117649975,1.9e-06,0.12776,3.5334138888997026,0.02108684950636675,0.036032292658574994,0.17548300180305332,69.91923343943299
1312.0,0.0075,0.0095,450000.0,0.000127,1.0,20.0,375.0,0.0012729929889083,4059.293548276868,351.11917342151344,138.89533725432747,0.0,0.0005971928174016,0.3873811799935833,0.0593240192691085,57.15,3.588850977816771e-09,5.880005013076252e-10,1297.525,3.54650469722206,9.111067284623142e-05,0.00148,6.65847e-07,0.0154111111111111,0.0157,6.76e-06,0.0805555555555555,0.023,9e-06,0.0031111111111111,0.0401799999999999,0.0990777777777777,1.0,332936.1108791774,1.9e-06,0.12776,3.5585837420490884,0.017900792145685015,0.1601171607244747,0.15302625222207136,319.1633231855409
1313.0,0.0075,0.0095,450000.0,0.000127,1.0,20.0,400.0,0.0014871706845785,4059.293548276868,385.3528593710531,123.78680712401538,0.0,0.0005322323525388,0.3831955961727996,0.0693051282427281,57.15,4.017206369157036e-09,6.296591340039443e-10,1297.525,3.5032108178192987,0.0001096887346865,0.00148,6.65847e-07,0.0154111111111111,0.0157,6.76e-06,0.0805555555555555,0.023,9e-06,0.0031111111111111,0.0401799999999999,0.0990777777777777,1.0,798019.491931922,1.9e-06,0.12776,3.4578098951629563,0.03065697529582831,0.1459504679300714,0.23630503446084983,262.3194951915198
1315.0,0.0075,0.0095,450000.0,0.000127,1.0,25.0,325.0,0.0014090458594117,5074.116935346085,319.92671377973846,118.51131084405932,0.0,0.0004076399108335,0.2435760009426866,0.0656643551403061,57.15,3.860956718823491e-09,6.144634648848816e-10,1297.525,3.51900296997851,8.910254801810315e-05,0.00148,6.65847e-07,0.0154111111111111,0.0157,6.76e-06,0.0805555555555555,0.023,9e-06,0.0031111111111111,0.0401799999999999,0.0990777777777777,1.0,340224.8375502816,1.9e-06,0.12776,3.5603980449346975,0.017671133552569978,0.009971645802380386,0.15136015703451403,19.915692403252063
1316.0,0.0075,0.0095,450000.0,0.000127,1.0,25.0,350.0,0.0016914446454972,5074.116935346085,319.92671377973846,124.89766151733927,0.0,0.0004296068555957,0.2675307222748038,0.0788247033694619,57.15,4.8086435819889205e-09,7.74615927055663e-10,1182.658212701662,2.8300366824310323,0.0001093794292502,0.00148,6.65847e-07,0.0154111111111111,0.0157,6.76e-06,0.0805555555555555,0.023,9e-06,0.0031111111111111,0.0401799999999999,0.0990777777777777,1.0,798911.6106112156,1.9e-06,0.12776,3.4579799273366363,0.03063545223586884,0.020766018905341882,0.23617831606418116,37.32934562406328
1317.0,0.0075,0.0095,450000.0,0.000127,1.0,25.0,375.0,0.0019996541896681,5074.116935346085,351.11917342151344,139.53168116443098,0.0,0.0004799430675706,0.4248381648189254,0.0931878845469172,57.15,6.041481758672779e-09,1.0039666690455002e-09,997.7324861990832,1.7504587836816277,0.0001487136660144,0.00148,6.65847e-07,0.0154111111111111,0.0157,6.76e-06,0.0805555555555555,0.023,9e-06,0.0031111111111111,0.0401799999999999,0.0990777777777777,1.0,669391.6435846696,1.9e-06,0.12776,3.43070022846696,0.03408857867506837,0.1637102802720081,0.2559849167844362,286.6571908046612
1318.0,0.0075,0.0095,450000.0,0.000127,1.0,25.0,400.0,0.0023356576713583,5074.116935346085,385.3528593710531,130.37807421359793,0.0,0.0004484576718336,0.378829220970508,0.1088463188006397,57.15,7.273609794980452e-09,1.099501548873959e-09,952.7706438188928,1.6214212267344257,0.0001918144417563,0.00148,6.65847e-07,0.0154111111111111,0.0157,6.76e-06,0.0805555555555555,0.023,9e-06,0.0031111111111111,0.0401799999999999,0.0990777777777777,1.0,951705.963574638,1.9e-06,0.12776,3.3016356345615336,0.050425869042843845,0.1020429021698682,0.3372885552641144,159.15211742586797
1322.0,0.0075,0.0095,450000.0,0.000127,1.0,30.0,375.0,0.0028981359984811,6088.940322415301,351.11917342151344,140.29690091654282,0.0,0.0004021459764228,0.426800300416738,0.1350589338012195,57.15,9.336030327764292e-09,1.259162896955542e-09,877.773533535844,1.4072163552717392,0.000219984250358,0.00148,6.65847e-07,0.0154111111111111,0.0157,6.76e-06,0.0805555555555555,0.023,9e-06,0.0031111111111111,0.0401799999999999,0.0990777777777777,1.0,1180526.2156140243,1.9e-06,0.12776,3.1713123704356807,0.06692248475497715,0.12380136661551841,0.40314686093807917,173.89939442938
1323.0,0.0075,0.0095,450000.0,0.000127,1.0,30.0,400.0,0.0033843526012082,6088.940322415301,385.3528593710531,134.7669317500621,0.0,0.0003862949145995,0.4321728342329091,0.1577175999215084,57.15,1.111882453776371e-08,1.3971771003616422e-09,812.9446531722288,1.2220537278991903,0.0002831035655933,0.00148,6.65847e-07,0.0154111111111111,0.0157,6.76e-06,0.0805555555555555,0.023,9e-06,0.0031111111111111,0.0401799999999999,0.0990777777777777,1.0,1426634.5187699895,1.9e-06,0.12776,3.0664231216444415,0.080199604855134,0.10651523431140059,0.44734926222874793,138.53759043556133
1327.0,0.0075,0.0095,450000.0,0.000127,1.0,35.0,375.0,0.0039746081667507,7103.763709484519,351.11917342151344,141.19339245767094,0.0,0.0003468991482862,0.4185041719752159,0.1852246897869164,57.15,1.2492081333501417e-08,1.405863055598225e-09,655.1425499747879,1.2071485371541038,0.0002862708867594,0.00148,6.65847e-07,0.0154111111111111,0.0157,6.76e-06,0.0805555555555555,0.023,9e-06,0.0031111111111111,0.0401799999999999,0.0990777777777777,1.0,1390014.9846875179,1.9e-06,0.12776,3.0581583687722373,0.08124577610478008,0.06533948218829938,0.4505555395036986,84.48986887985099
1328.0,0.0075,0.0095,450000.0,0.000127,1.0,35.0,400.0,0.0046402066277208,7103.763709484519,385.3528593710531,138.00281930259382,0.0,0.0003390602041913,0.4017364935640762,0.2162429092650448,57.15,1.3823278255441604e-08,1.3720073898809812e-09,455.463011683759,1.248009404806904,0.0003421025977798,0.00148,6.65847e-07,0.0154111111111111,0.0157,6.76e-06,0.0805555555555555,0.023,9e-06,0.0031111111111111,0.0401799999999999,0.0990777777777777,1.0,1583065.3699273693,1.9e-06,0.12776,3.130169138036483,0.0721304888561414,0.017553584299031283,0.42130260573440786,23.90685704699334
1333.0,0.0075,0.0095,450000.0,0.000127,1.0,40.0,400.0,0.0061113970484589,8118.587096553735,385.3528593710531,140.61731837129622,0.0,0.000302298313945,0.5757419538340619,0.284803325252284,57.15,1.8988453193835814e-08,1.458564588728005e-09,327.98219429989774,1.2198907497329154,0.0004577911821311,0.00148,6.65847e-07,0.0154111111111111,0.0157,6.76e-06,0.0805555555555555,0.023,9e-06,0.0031111111111111,0.0401799999999999,0.0990777777777777,1.0,1492371.04925884,1.9e-06,0.12776,3.469758577927798,0.029144483806607852,0.12299862858177776,0.22729659769280627,223.67541005747967
1334.0,0.0075,0.0095,500000.0,0.000127,1.0,20.0,375.0,0.0010311243210157,3653.36419344918,351.11917342151344,138.8953372543276,0.0,0.0006635475748907,0.4170200919297114,0.0480524556079779,63.5,3.105113642031586e-09,5.409558360591769e-10,1297.525,3.5953960297498675,8.938553747023263e-05,0.00148,6.65847e-07,0.0154111111111111,0.0157,6.76e-06,0.0805555555555555,0.023,9e-06,0.0031111111111111,0.0401799999999999,0.0990777777777777,1.0,622070.0831687911,1.9e-06,0.12776,3.4187710279627965,0.035598604055342244,0.2010276363217334,0.2643270005534686,348.05328072348055
1335.0,0.0075,0.0095,500000.0,0.000127,1.0,20.0,400.0,0.0012046082545085,3653.36419344918,385.3528593710531,123.78680712401535,0.0,0.0005913692805987,0.3978307241860451,0.0561371538766097,63.5,3.452081509017198e-09,5.746993285431952e-10,1297.525,3.560327987433632,0.0001066761383573,0.00148,6.65847e-07,0.0154111111111111,0.0157,6.76e-06,0.0805555555555555,0.023,9e-06,0.0031111111111111,0.0401799999999999,0.0990777777777777,1.0,547198.0703631142,1.9e-06,0.12776,3.398770316080281,0.03813033973667334,0.1737535703094353,0.27790148591359676,295.28088726147485
1336.0,0.0075,0.0095,500000.0,0.000127,1.0,25.0,325.0,0.0011413271461235,4566.705241811475,319.92671377973846,118.5113108440595,0.0,0.0004529332342594,0.2435191141131694,0.053188127663648,63.5,3.325519292247028e-09,5.623908365567542e-10,1297.525,3.5731196306825934,8.705614383138745e-05,0.00148,6.65847e-07,0.0154111111111111,0.0157,6.76e-06,0.0805555555555555,0.023,9e-06,0.0031111111111111,0.0401799999999999,0.0990777777777777,1.0,630574.8397883762,1.9e-06,0.12776,3.420891412863716,0.03533020090332711,0.022390986449521394,0.26285791401678044,38.844504231044915
1337.0,0.0075,0.0095,500000.0,0.000127,1.0,25.0,350.0,0.0013700701628527,4566.705241811475,319.92671377973846,124.89766151733932,0.0,0.0004773409506619,0.28135415162095,0.0638480097292641,63.5,3.783005325705512e-09,6.068824970256753e-10,1297.525,3.526881517280944,9.726342490094838e-05,0.00148,6.65847e-07,0.0154111111111111,0.0157,6.76e-06,0.0805555555555555,0.023,9e-06,0.0031111111111111,0.0401799999999999,0.0990777777777777,1.0,591124.8443940415,1.9e-06,0.12776,3.4108026714848743,0.036607256774066545,0.04956614189168598,0.26979583190568585,85.17939909270805
1338.0,0.0075,0.0095,500000.0,0.000127,1.0,25.0,375.0,0.0016197198936312,4566.705241811475,351.11917342151344,139.5316811644309,0.0,0.0005332700750785,0.4212593670799696,0.0754821864830028,63.5,4.521744574524945e-09,7.212427419268545e-10,1225.6930638212582,3.081269839782124,0.000125039230052,0.00148,6.65847e-07,0.0154111111111111,0.0157,6.76e-06,0.0805555555555555,0.023,9e-06,0.0031111111111111,0.0401799999999999,0.0990777777777777,1.0,790759.8523719079,1.9e-06,0.12776,3.260451948859003,0.055638993815316055,0.1778371805969667,0.3596183738996766,268.01961293534185
1339.0,0.0075,0.0095,500000.0,0.000127,1.0,25.0,400.0,0.0018918827138002,4566.705241811475,385.3528593710531,130.37807421359784,0.0,0.0004982863020373,0.3611357344112305,0.0881655182285181,63.5,5.6103958552009054e-09,9.237697107645867e-10,1062.3953717198642,2.127954243063395,0.0001681121254493,0.00148,6.65847e-07,0.0154111111111111,0.0157,6.76e-06,0.0805555555555555,0.023,9e-06,0.0031111111111111,0.0401799999999999,0.0990777777777777,1.0,1027149.8471991264,1.9e-06,0.12776,3.139296170081648,0.07097516834409516,0.10503021618271219,0.41737100098947394,144.01625216204758
1342.0,0.0075,0.0095,500000.0,0.000127,1.0,30.0,350.0,0.0019861853691052,5480.04629017377,319.92671377973846,128.43278461551998,0.0,0.0004090430701406,0.2745390700552256,0.0925602105710406,63.5,5.987606476420807e-09,9.939439943805754e-10,1005.8137785368788,1.7976365602204454,0.0001499400943857,0.00148,6.65847e-07,0.0154111111111111,0.0157,6.76e-06,0.0805555555555555,0.023,9e-06,0.0031111111111111,0.0401799999999999,0.0990777777777777,1.0,851310.8078972547,1.9e-06,0.12776,3.280782721866902,0.05306547824469598,0.014038859484184985,0.34878626652276634,21.515950009587677
1343.0,0.0075,0.0095,500000.0,0.000127,1.0,30.0,375.0,0.0023474901587697,5480.04629017377,351.11917342151344,140.29690091654285,0.0,0.000446828862692,0.4280803097859377,0.1093977363789877,63.5,7.31699558215574e-09,1.102860239867322e-09,951.1929788307004,1.6169151394367756,0.0001959000915864,0.00148,6.65847e-07,0.0154111111111111,0.0157,6.76e-06,0.0805555555555555,0.023,9e-06,0.0031111111111111,0.0401799999999999,0.0990777777777777,1.0,799234.1953886253,1.9e-06,0.12776,3.279023183481547,0.05328820462258902,0.15074257340694988,0.3497382012906627,230.69028981689786
1344.0,0.0075,0.0095,500000.0,0.000127,1.0,30.0,400.0,0.0027413256069787,5480.04629017377,385.3528593710531,134.76693175006196,0.0,0.0004292165717772,0.393398773485234,0.1277512559364217,63.5,8.761058892255267e-09,1.214651744626263e-09,898.6815857361721,1.4669334112650114,0.0002523696437332,0.00148,6.65847e-07,0.0154111111111111,0.0157,6.76e-06,0.0805555555555555,0.023,9e-06,0.0031111111111111,0.0401799999999999,0.0990777777777777,1.0,1074709.976552911,1.9e-06,0.12776,3.4802865775113947,0.02781182563146907,0.09770751754881218,0.21918127950774532,179.5491465223437
1347.0,0.0075,0.0095,500000.0,0.000127,1.0,35.0,350.0,0.0027247545098356,6393.387338536066,319.92671377973846,131.0940715010365,0.0,0.0003578733864202,0.2967790240720107,0.1269790096673608,63.5,8.700298202730711e-09,1.2099479834652147e-09,900.891065355247,1.473244071716023,0.0002094623276687,0.00148,6.65847e-07,0.0154111111111111,0.0157,6.76e-06,0.0805555555555555,0.023,9e-06,0.0031111111111111,0.0401799999999999,0.0990777777777777,1.0,1134825.7985419873,1.9e-06,0.12776,3.185375921689018,0.06514228839379518,0.00186001440464989,0.3966767881200109,2.641018786669896
1348.0,0.0075,0.0095,500000.0,0.000127,1.0,35.0,375.0,0.003219432615068,6393.387338536066,351.11917342151344,141.19339245767102,0.0,0.0003854434980958,0.4201794922424703,0.1500319987274024,63.5,1.0514117921916273e-08,1.350364012562456e-09,834.9339846575901,1.2848591067543924,0.0002727378022173,0.00148,6.65847e-07,0.0154111111111111,0.0157,6.76e-06,0.0805555555555555,0.023,9e-06,0.0031111111111111,0.0401799999999999,0.0990777777777777,1.0,966869.5517897131,1.9e-06,0.12776,3.460257498010129,0.030347152150616574,0.10220749351506789,0.2344768675355394,184.13918016619544
1349.0,0.0075,0.0095,500000.0,0.000127,1.0,35.0,400.0,0.0037585673684538,6393.387338536066,385.3528593710531,138.002819302594,0.0,0.0003767335602126,0.4010101991978603,0.1751567565046864,63.5,1.2059999736907704e-08,1.4168519708035942e-09,719.9547894638445,1.1938858645602592,0.0003380721882793,0.00148,6.65847e-07,0.0154111111111111,0.0157,6.76e-06,0.0805555555555555,0.023,9e-06,0.0031111111111111,0.0401799999999999,0.0990777777777777,1.0,1342696.8439086424,1.9e-06,0.12776,3.432711874403094,0.03383393994897541,0.05791344269317389,0.25455949654140353,101.60089122613824
1353.0,0.0075,0.0095,500000.0,0.000127,1.0,40.0,375.0,0.0042414283295163,7306.72838689836,351.11917342151344,142.22120091990487,0.0,0.0003397181461738,0.3957127304602565,0.1976590430121202,63.5,1.3025721659032668e-08,1.3922912480191518e-09,575.0965011450998,1.223528538006231,0.0003296722831181,0.00148,6.65847e-07,0.0154111111111111,0.0157,6.76e-06,0.0805555555555555,0.023,9e-06,0.0031111111111111,0.0401799999999999,0.0990777777777777,1.0,1389112.3945380186,1.9e-06,0.12776,3.440406257713687,0.032859967378014276,0.030113687448136278,0.24905660877570143,53.22017357557195
1354.0,0.0075,0.0095,500000.0,0.000127,1.0,40.0,400.0,0.0049502316092517,7306.72838689836,385.3528593710531,140.61731837129625,0.0,0.0003358870154944,0.5837536515417662,0.23069069345435,63.5,1.4443328218503502e-08,1.3562379691954092e-09,362.4555172244748,1.2670417350814285,0.000394897603485,0.00148,6.65847e-07,0.0154111111111111,0.0157,6.76e-06,0.0805555555555555,0.023,9e-06,0.0031111111111111,0.0401799999999999,0.0990777777777777,1.0,1747347.152960388,1.9e-06,0.12776,3.415987817144321,0.03595090922223785,0.185122958087416,0.26624645489023907,319.680129421287
1355.0,0.0075,0.0095,550000.0,0.000127,1.0,25.0,350.0,0.0011322893907874,4151.550219828614,319.92671377973846,124.89766151733932,0.0,0.000525075045728,0.2359155316660256,0.0527669501894745,69.85,3.3074437815748053e-09,5.606329479551034e-10,1297.525,3.5749465225462345,9.531817856778656e-05,0.00148,6.65847e-07,0.0154111111111111,0.0157,6.76e-06,0.0805555555555555,0.023,9e-06,0.0031111111111111,0.0401799999999999,0.0990777777777777,1.0,574703.095727447,1.9e-06,0.12776,3.4135097813183353,0.03626458464324871,0.015208581476551075,0.26794703442840706,26.202115796960292
1356.0,0.0075,0.0095,550000.0,0.000127,1.0,25.0,375.0,0.0013386114823398,4151.550219828614,351.11917342151344,139.53168116443092,0.0,0.0005865970825863,0.414031417859396,0.0623819723000023,69.85,3.7200879646797294e-09,6.007636263725155e-10,1297.525,3.53324057495982,0.0001148938781391,0.00148,6.65847e-07,0.0154111111111111,0.0157,6.76e-06,0.0805555555555555,0.023,9e-06,0.0031111111111111,0.0401799999999999,0.0990777777777777,1.0,824763.9463489574,1.9e-06,0.12776,3.2836615031942777,0.05270107554502813,0.18370944555939359,0.34722278098216086,282.228992077412
1357.0,0.0075,0.0095,550000.0,0.000127,1.0,25.0,400.0,0.0015635394328927,4151.550219828614,385.3528593710531,130.3780742135979,0.0,0.000548114932241,0.3741509245780881,0.0728640646516678,69.85,4.297022731570996e-09,6.794366700533774e-10,1259.4013402643504,3.278055386829253,0.0001429535519756,0.00148,6.65847e-07,0.0154111111111111,0.0157,6.76e-06,0.0805555555555555,0.023,9e-06,0.0031111111111111,0.0401799999999999,0.0990777777777777,1.0,590449.2808450214,1.9e-06,0.12776,3.4914157910906547,0.026403064418904516,0.13334685992642017,0.21041510366594135,247.7917108073731
1359.0,0.0075,0.0095,550000.0,0.000127,1.0,30.0,325.0,0.0013678456620701,4981.860263794337,319.92671377973846,122.00504585466211,0.0,0.0004274286393951,0.2456641977648065,0.0637443435437916,69.85,3.7785563241402375e-09,6.064498205009485e-10,1297.525,3.5273311778691463,0.0001068805665508,0.00148,6.65847e-07,0.0154111111111111,0.0157,6.76e-06,0.0805555555555555,0.023,9e-06,0.0031111111111111,0.0401799999999999,0.0990777777777777,1.0,503874.64469482715,1.9e-06,0.12776,3.3929313197169138,0.038869453200390695,0.013979854221014887,0.2817704489229088,23.630399348255136
1360.0,0.0075,0.0095,550000.0,0.000127,1.0,30.0,350.0,0.0016414755116571,4981.860263794337,319.92671377973846,128.43278461552,0.0,0.0004499473771547,0.2732836786892136,0.0764960417942484,69.85,4.608767046628763e-09,7.3743194576907e-10,1212.6396930056856,3.005065566297892,0.0001283839498064,0.00148,6.65847e-07,0.0154111111111111,0.0157,6.76e-06,0.0805555555555555,0.023,9e-06,0.0031111111111111,0.0401799999999999,0.0990777777777777,1.0,528458.746029689,1.9e-06,0.12776,3.1901806108378,0.06453409989394936,0.028847636894965195,0.39443407662267277,41.11277769305634
1361.0,0.0075,0.0095,550000.0,0.000127,1.0,30.0,375.0,0.0019400745113799,4981.860263794337,351.11917342151344,140.29690091654285,0.0,0.0004915117489612,0.4176775884147164,0.0904113523793287,69.85,5.803163045519831e-09,9.596311068237703e-10,1033.4802931720255,1.959150906008968,0.0001748347089225,0.00148,6.65847e-07,0.0154111111111111,0.0157,6.76e-06,0.0805555555555555,0.023,9e-06,0.0031111111111111,0.0401799999999999,0.0990777777777777,1.0,999351.8502998366,1.9e-06,0.12776,3.4569168982045624,0.030770012885498448,0.15932623603538767,0.2369698608526336,286.1107247976858
1362.0,0.0075,0.0095,550000.0,0.000127,1.0,30.0,400.0,0.0022655583528749,4981.860263794337,385.3528593710531,134.7669317500621,0.0,0.0004721382289549,0.4003780294731318,0.1055795503606791,69.85,7.0165789605415424e-09,1.0796036236580684e-09,962.1172196166712,1.648116682863646,0.0002269801526263,0.00148,6.65847e-07,0.0154111111111111,0.0157,6.76e-06,0.0805555555555555,0.023,9e-06,0.0031111111111111,0.0401799999999999,0.0990777777777777,1.0,1281677.9834465443,1.9e-06,0.12776,3.408672227624746,0.03687693321205752,0.1268584791124526,0.27124424702586925,217.5738241742547
1364.0,0.0075,0.0095,550000.0,0.000127,1.0,35.0,325.0,0.0018771655502859,5812.17030776006,319.92671377973846,124.64355272985148,0.0,0.0003742905440356,0.2722467134061992,0.087479668974427,69.85,5.551527201143902e-09,9.128180954242551e-10,1071.2256698284148,2.1795046403913023,0.0001533819286903,0.00148,6.65847e-07,0.0154111111111111,0.0157,6.76e-06,0.0805555555555555,0.023,9e-06,0.0031111111111111,0.0401799999999999,0.0990777777777777,1.0,480304.78507769405,1.9e-06,0.12776,3.459040990777631,0.030501140407894846,0.016827044431772187,0.23538659555862335,30.279932130882226
1365.0,0.0075,0.0095,550000.0,0.000127,1.0,35.0,350.0,0.0022518632312691,5812.17030776006,319.92671377973846,131.09407150103655,0.0,0.0003936607250622,0.2841117962669784,0.1049413303036039,69.85,6.9663635146534725e-09,1.075716217739846e-09,963.9432358307828,1.6533321047239862,0.0001886428087045,0.00148,6.65847e-07,0.0154111111111111,0.0157,6.76e-06,0.0805555555555555,0.023,9e-06,0.0031111111111111,0.0401799999999999,0.0990777777777777,1.0,931168.0743064968,1.9e-06,0.12776,3.4428463849152453,0.03255109051705756,0.011230465963374486,0.24729446464696814,19.894271216085137
1366.0,0.0075,0.0095,550000.0,0.000127,1.0,35.0,375.0,0.0026606881116265,5812.17030776006,351.11917342151344,141.19339245767094,0.0,0.0004239878479054,0.4065873858338837,0.1239933873780184,69.85,8.465388075963858e-09,1.1917625227788894e-09,909.4332517831324,1.497642051036688,0.0002458524741634,0.00148,6.65847e-07,0.0154111111111111,0.0157,6.76e-06,0.0805555555555555,0.023,9e-06,0.0031111111111111,0.0401799999999999,0.0990777777777777,1.0,1164170.9985621776,1.9e-06,0.12776,3.384849681623104,0.03989244536416407,0.1146539984558653,0.2870575038468393,192.37509879069052
1373.0,0.0075,0.0095,600000.0,0.000127,1.0,25.0,375.0,0.0011248054816883,3805.587701509565,351.11917342151344,139.53168116443095,0.0,0.0006399240900942,0.3981239676486351,0.0524181850576409,76.2,3.2924759633767204e-09,5.591772902157942e-10,1297.525,3.576459319931516,0.0001127693280754,0.00148,6.65847e-07,0.0154111111111111,0.0157,6.76e-06,0.0805555555555555,0.023,9e-06,0.0031111111111111,0.0401799999999999,0.0990777777777777,1.0,919232.6133523366,1.9e-06,0.12776,3.431315560539931,0.03401068853924926,0.1777657825909941,0.25554948133697164,311.45058753947296
1374.0,0.0075,0.0095,600000.0,0.000127,1.0,25.0,400.0,0.001313807440139,3805.587701509565,385.3528593710531,130.37807421359796,0.0,0.0005979435624448,0.3754254596334858,0.0612260543253598,76.2,3.670479880278095e-09,5.959391161442455e-10,1297.525,3.538254464050293,0.0001350600404202,0.00148,6.65847e-07,0.0154111111111111,0.0157,6.76e-06,0.0805555555555555,0.023,9e-06,0.0031111111111111,0.0401799999999999,0.0990777777777777,1.0,795703.6602571198,1.9e-06,0.12776,3.4006188959910046,0.03789634227961967,0.1462594053081259,0.27666790094172283,248.98127688464385
1375.0,0.0075,0.0095,600000.0,0.000127,1.0,30.0,325.0,0.0011493703132672,4566.705241811477,319.92671377973846,122.0050458546622,0.0,0.0004662857884311,0.2434475773192563,0.0535629553388805,76.2,3.341605626534506e-09,5.639552727820472e-10,1297.525,3.5714937848761577,0.0001048980281953,0.00148,6.65847e-07,0.0154111111111111,0.0157,6.76e-06,0.0805555555555555,0.023,9e-06,0.0031111111111111,0.0401799999999999,0.0990777777777777,1.0,512683.51740074717,1.9e-06,0.12776,3.46385355753038,0.029891954742989925,0.021944621980375695,0.23177496113808338,39.675436246799144
1376.0,0.0075,0.0095,600000.0,0.000127,1.0,30.0,350.0,0.0013792953952119,4566.705241811477,319.92671377973846,128.43278461552,0.0,0.0004908516841687,0.2694143065107413,0.0642779240076671,76.2,3.801455790423892e-09,6.086768508456996e-10,1297.525,3.525016728811857,0.0001172101487149,0.00148,6.65847e-07,0.0154111111111111,0.0157,6.76e-06,0.0805555555555555,0.023,9e-06,0.0031111111111111,0.0401799999999999,0.0990777777777777,1.0,898623.6459865932,1.9e-06,0.12776,3.4266051745070456,0.03460693993581705,0.03719638250307408,0.25886982841194106,64.87843234267476
1377.0,0.0075,0.0095,600000.0,0.000127,1.0,30.0,375.0,0.0016302014991456,4566.705241811477,351.11917342151344,140.29690091654282,0.0,0.0005361946352304,0.4189646214716716,0.075970650263186,76.2,4.56367099658264e-09,7.29042513372752e-10,1219.404100512604,3.0445555008825305,0.0001513792279816,0.00148,6.65847e-07,0.0154111111111111,0.0157,6.76e-06,0.0805555555555555,0.023,9e-06,0.0031111111111111,0.0401799999999999,0.0990777777777777,1.0,1129787.2217427695,1.9e-06,0.12776,3.3646899933314915,0.04244430464158336,0.1750539712084855,0.2999129458525882,288.42251722314
1381.0,0.0075,0.0095,600000.0,0.000127,1.0,35.0,350.0,0.0018921906318303,5327.822782113391,319.92671377973846,131.09407150103652,0.0,0.0004294480637042,0.2879518359570509,0.0881798678245561,76.2,5.611627527321246e-09,9.239988445795759e-10,1062.210620901813,2.1268756862626943,0.0001690631102903,0.00148,6.65847e-07,0.0154111111111111,0.0157,6.76e-06,0.0805555555555555,0.023,9e-06,0.0031111111111111,0.0401799999999999,0.0990777777777777,1.0,986035.6869204222,1.9e-06,0.12776,3.3280723158693974,0.047079453687418046,0.03183196813249478,0.32211511681944405,50.78372919179719
1420.0,0.008,0.008,450000.0,0.000127,1.0,30.0,375.0,0.001163043330517,5351.607705247823,351.11917342151344,142.48368575149073,0.0,0.0004646845553163,0.2260519723753115,0.0578134883080067,57.15,3.597000661034133e-09,5.89774543002222e-10,1313.844,4.1615284211692805,9.133183360410302e-05,0.00148,6.65847e-07,0.0154111111111111,0.0157,6.76e-06,0.0805555555555555,0.023,9e-06,0.0031111111111111,0.0401799999999999,0.0990777777777777,1.0,332110.35109018534,1.9e-06,0.12776,3.5583754363577054,0.01792715995472089,0.00029848406730467736,0.15321712315856864,0.5948375414287587
1433.0,0.008,0.008,500000.0,0.000127,1.0,35.0,375.0,0.0012904112397026,5619.188090510213,351.11917342151344,143.31405121716864,0.0,0.0004451358484218,0.2349557855017372,0.0641447942321305,63.5,3.851736479405276e-09,6.145482381783617e-10,1313.844,4.13578227200651,0.0001077222913613,0.00148,6.65847e-07,0.0154111111111111,0.0157,6.76e-06,0.0805555555555555,0.023,9e-06,0.0031111111111111,0.0401799999999999,0.0990777777777777,1.0,541548.1788717278,1.9e-06,0.12776,3.397157973589415,0.03833443372285888,0.0028709912696066875,0.2789739958641251,4.871783143826604
1439.0,0.008,0.008,550000.0,0.000127,1.0,35.0,375.0,0.0010664555700021,5108.352809554739,351.11917342151344,143.31405121716858,0.0,0.000489649433264,0.2302818402698906,0.0530122266381243,69.85,3.4038251400043606e-09,5.70987740643274e-10,1313.844,4.18105267107976,0.0001064210250581,0.00148,6.65847e-07,0.0154111111111111,0.0157,6.76e-06,0.0805555555555555,0.023,9e-06,0.0031111111111111,0.0401799999999999,0.0990777777777777,1.0,507620.75276683964,1.9e-06,0.12776,3.394084117206211,0.03872352946756826,0.009329613631766182,0.2810098847511194,15.78671348186023
1446.0,0.008,0.008,600000.0,0.000127,1.0,40.0,400.0,0.0014161970749794,5351.607705247822,385.3528593710531,140.89183828643513,0.0,0.0004594930351255,0.2409243994554308,0.0703974571607371,76.2,4.135702299917689e-09,6.479166751781121e-10,1304.1257550123464,4.056895857586579,0.0001503218469084,0.00148,6.65847e-07,0.0154111111111111,0.0157,6.76e-06,0.0805555555555555,0.023,9e-06,0.0031111111111111,0.0401799999999999,0.0990777777777777,1.0,1136161.3496368309,1.9e-06,0.12776,3.366161475200311,0.04225804111388467,0.002586942294693695,0.298990315726522,4.267916435868603
1449.0,0.008,0.0085,400000.0,0.000127,1.0,25.0,375.0,0.0014029773464615,5017.1322236698325,351.11917342151344,144.25769038120023,0.0,0.0005018348244035,0.2651682705583983,0.0697403203197883,50.8,4.0828233858462325e-09,6.380793596185572e-10,1312.057592123065,4.1032011294552415,9.072764792370988e-05,0.00148,6.65847e-07,0.0154111111111111,0.0157,6.76e-06,0.0805555555555555,0.023,9e-06,0.0031111111111111,0.0401799999999999,0.0990777777777777,1.0,474169.73297181213,1.9e-06,0.12776,3.587488679384043,0.014241939318475635,0.027487950238609893,0.12567926997539702,56.561156398758726
1450.0,0.008,0.0085,400000.0,0.000127,1.0,25.0,400.0,0.0016681991208641,5017.1322236698325,351.11917342151344,128.12927854926997,0.0,0.0004457282924176,0.2582392955115253,0.0829241764592097,50.8,5.143710483456426e-09,8.35441225600695e-10,1152.9245274815362,3.17419821138446,0.0001132137706755,0.00148,6.65847e-07,0.0154111111111111,0.0157,6.76e-06,0.0805555555555555,0.023,9e-06,0.0031111111111111,0.0401799999999999,0.0990777777777777,1.0,413264.0617201881,1.9e-06,0.12776,3.5765936372285356,0.015621058578666417,0.007375119052315582,0.1361919534224532,14.993099705935233
1465.0,0.008,0.0085,450000.0,0.000127,1.0,25.0,375.0,0.0011085253107844,4459.673087706519,351.11917342151344,144.2576903812004,0.0,0.0005645641774539,0.2626194685440278,0.0551034629687217,57.15,3.4879646215688853e-09,5.791705155741281e-10,1313.844,4.172548693678033,8.892722264197946e-05,0.00148,6.65847e-07,0.0154111111111111,0.0157,6.76e-06,0.0805555555555555,0.023,9e-06,0.0031111111111111,0.0401799999999999,0.0990777777777777,1.0,340844.72082484525,1.9e-06,0.12776,3.5605503527832982,0.017651854078063522,0.03957600557530608,0.1512199927081344,79.05552888301085
1466.0,0.008,0.0085,450000.0,0.000127,1.0,25.0,400.0,0.0013180832559913,4459.673087706519,351.11917342151344,128.12927854927003,0.0,0.0005014443289698,0.2605968200511706,0.0655203369554249,57.15,3.907080511982786e-09,6.19930583706606e-10,1313.844,4.1301886506339,9.817076017954583e-05,0.00148,6.65847e-07,0.0154111111111111,0.0157,6.76e-06,0.0805555555555555,0.023,9e-06,0.0031111111111111,0.0401799999999999,0.0990777777777777,1.0,303246.93562131195,1.9e-06,0.12776,3.5507222241663774,0.018895920991597814,0.027136483095745678,0.1601706243739724,53.6351836561851
1469.0,0.008,0.0085,450000.0,0.000127,1.0,30.0,375.0,0.0016052202450128,5351.607705247823,351.11917342151344,145.22915186752124,0.0,0.0004736383923435,0.2655947747672109,0.0797935721152943,57.15,4.891794980051371e-09,7.885761879036113e-10,1190.7118529922946,3.394796838983716,0.0001213608364571,0.00148,6.65847e-07,0.0154111111111111,0.0157,6.76e-06,0.0805555555555555,0.023,9e-06,0.0031111111111111,0.0401799999999999,0.0990777777777777,1.0,763297.559696936,1.9e-06,0.12776,3.4510119710237372,0.031517472022311754,0.017861202651916486,0.24133704763808467,31.89074928643344
1474.0,0.008,0.0085,450000.0,0.000127,1.0,35.0,375.0,0.0021992462630935,6243.542322789127,351.11917342151344,146.2200249381846,0.0,0.0004087456664151,0.2873257937211543,0.1093218926428641,57.15,7.201483631342981e-09,1.138903915933311e-09,927.277831587528,1.936108373934508,0.0001747697826866,0.00148,6.65847e-07,0.0154111111111111,0.0157,6.76e-06,0.0805555555555555,0.023,9e-06,0.0031111111111111,0.0401799999999999,0.0990777777777777,1.0,514903.90636416175,1.9e-06,0.12776,3.3898192564295724,0.039263385262079446,0.010063901078290194,0.28381563664292286,16.962753168708694
1479.0,0.008,0.0085,450000.0,0.000127,1.0,40.0,375.0,0.0028940896363255,7135.476940330431,351.11917342151344,147.2782557261118,0.0,0.0003602408781515,0.3230147216889572,0.143861722914179,57.15,9.749242666526985e-09,1.3361375235697927e-09,834.6320484899279,1.6714958043957195,0.0002298948756711,0.00148,6.65847e-07,0.0154111111111111,0.0157,6.76e-06,0.0805555555555555,0.023,9e-06,0.0031111111111111,0.0401799999999999,0.0990777777777777,1.0,1106735.463771022,1.9e-06,0.12776,3.153900197723308,0.06912655725021422,0.011212998774778077,0.4109677508532134,15.544114835233477
1481.0,0.008,0.0085,500000.0,0.000127,1.0,25.0,400.0,0.001067647437353,4013.7057789358673,351.11917342151344,128.12927854927,0.0,0.000557160365522,0.2668475914918223,0.0530714729338942,63.5,3.4062088747060573e-09,5.712195648023505e-10,1313.844,4.180811747013459,9.68047930499255e-05,0.00148,6.65847e-07,0.0154111111111111,0.0157,6.76e-06,0.0805555555555555,0.023,9e-06,0.0031111111111111,0.0401799999999999,0.0990777777777777,1.0,593037.8669490815,1.9e-06,0.12776,3.411307083864264,0.03654340710578941,0.045836118557928074,0.2694520560129488,78.80643933490616
1483.0,0.008,0.0085,500000.0,0.000127,1.0,30.0,375.0,0.0013002283984604,4816.44693472304,351.11917342151344,145.22915186752124,0.0,0.0005262648803817,0.2719625370916383,0.0646327934133884,63.5,3.871370796920804e-09,6.164577246425405e-10,1313.844,4.133797831535215,0.0001082034713901,0.00148,6.65847e-07,0.0154111111111111,0.0157,6.76e-06,0.0805555555555555,0.023,9e-06,0.0031111111111111,0.0401799999999999,0.0990777777777777,1.0,538874.9309286607,1.9e-06,0.12776,3.3963897780930528,0.03843167365910727,0.03938974367824988,0.27948387007235576,66.79316313775719
1487.0,0.008,0.0085,500000.0,0.000127,1.0,35.0,375.0,0.0017813894731057,5619.188090510213,351.11917342151344,146.2200249381846,0.0,0.0004541618515723,0.2974758101073502,0.0885507330407199,63.5,5.596471892423068e-09,9.196705811274523e-10,1085.0103161365396,2.7777218369735053,0.0001535026459584,0.00148,6.65847e-07,0.0154111111111111,0.0157,6.76e-06,0.0805555555555555,0.023,9e-06,0.0031111111111111,0.0401799999999999,0.0990777777777777,1.0,829029.5905158991,1.9e-06,0.12776,3.2750143158803984,0.05379565621767111,0.04098507706663018,0.35189669527062933,62.513690831383045
1492.0,0.008,0.0085,500000.0,0.000127,1.0,40.0,375.0,0.0023442126054236,6421.929246297387,351.11917342151344,147.2782557261117,0.0,0.0004002676423906,0.3129450732304205,0.1165279955604849,63.5,7.733026886553522e-09,1.180053095424865e-09,907.9489859435084,1.8809018082272,0.000206968167259,0.00148,6.65847e-07,0.0154111111111111,0.0157,6.76e-06,0.0805555555555555,0.023,9e-06,0.0031111111111111,0.0401799999999999,0.0990777777777777,1.0,1154568.89240597,1.9e-06,0.12776,3.1901207049028875,0.06454168292368512,0.028477077669935486,0.3944621418930523,40.58278699995526
1494.0,0.008,0.0085,550000.0,0.000127,1.0,30.0,375.0,0.0010745689243474,4378.58812247549,351.11917342151344,145.22915186752107,0.0,0.0005788913684199,0.2789519303904713,0.0534155317466019,69.85,3.420051848694877e-09,5.725658286301986e-10,1313.844,4.179412637632409,0.000106858374755,0.00148,6.65847e-07,0.0154111111111111,0.0157,6.76e-06,0.0805555555555555,0.023,9e-06,0.0031111111111111,0.0401799999999999,0.0990777777777777,1.0,504059.0204957147,1.9e-06,0.12776,3.3929882340459114,0.03886224885494795,0.057596398643869284,0.28173293715841613,97.36131459269005
1495.0,0.008,0.0085,550000.0,0.000127,1.0,30.0,400.0,0.0012773472030348,4378.58812247549,351.11917342151344,135.30045392115477,0.0,0.0005393150335939,0.2347307011841098,0.0634953966462206,69.85,3.825608406069774e-09,6.120072177263007e-10,1313.844,4.138423036378528,0.0001177901716385,0.00148,6.65847e-07,0.0154111111111111,0.0157,6.76e-06,0.0805555555555555,0.023,9e-06,0.0031111111111111,0.0401799999999999,0.0990777777777777,1.0,807022.3986918781,1.9e-06,0.12776,3.2788995983210834,0.05330384831378695,0.0032953045378891765,0.34980495799248906,5.042482021780714
1497.0,0.008,0.0085,550000.0,0.000127,1.0,35.0,375.0,0.001472222705046,5108.352809554739,351.11917342151344,146.2200249381846,0.0,0.0004995780367296,0.2853734659662513,0.0731824240005949,69.85,4.359804820184352e-09,6.89607531510291e-10,1270.510376972347,3.8606526421268654,0.0001328253429655,0.00148,6.65847e-07,0.0154111111111111,0.0157,6.76e-06,0.0805555555555555,0.023,9e-06,0.0031111111111111,0.0401799999999999,0.0990777777777777,1.0,643687.815723243,1.9e-06,0.12776,3.504344754081787,0.02476648682509029,0.044251041965656296,0.19998089458974225,83.3161145658768
1502.0,0.008,0.0085,550000.0,0.000127,1.0,40.0,375.0,0.0019373657896063,5838.117496633988,351.11917342151344,147.27825572611175,0.0,0.0004402944066296,0.2900303546333898,0.0963041285623842,69.85,6.2203771584254135e-09,1.0357386413118821e-09,991.4245262361882,2.2313773541142425,0.0001870038259124,0.00148,6.65847e-07,0.0154111111111111,0.0157,6.76e-06,0.0805555555555555,0.023,9e-06,0.0031111111111111,0.0401799999999999,0.0990777777777777,1.0,940073.1776648491,1.9e-06,0.12776,3.444769693237986,0.032307633767343524,0.025786226071005586,0.24589970368398342,45.763796511990215
1504.0,0.008,0.0085,600000.0,0.000127,1.0,30.0,400.0,0.0010733264692168,4013.7057789358655,351.11917342151344,135.30045392115468,0.0,0.0005883436730116,0.2256542880826543,0.0533537707930048,76.2,3.4175669384336304e-09,5.723241648950165e-10,1313.844,4.1796637875125136,0.0001164997091913,0.00148,6.65847e-07,0.0154111111111111,0.0157,6.76e-06,0.0805555555555555,0.023,9e-06,0.0031111111111111,0.0401799999999999,0.0990777777777777,1.0,902005.8980039507,1.9e-06,0.12776,3.4273886745534283,0.034507762714755946,0.004360517289649479,0.2583195949765585,7.6113197441165505
1506.0,0.008,0.0085,600000.0,0.000127,1.0,35.0,375.0,0.0012370760229901,4682.6567420918445,351.11917342151344,146.2200249381846,0.0,0.0005449942218868,0.2884262750400201,0.061493564611611,76.2,3.7450660459802324e-09,6.041742718516925e-10,1313.844,4.146563452712779,0.0001261298123758,0.00148,6.65847e-07,0.0154111111111111,0.0157,6.76e-06,0.0805555555555555,0.023,9e-06,0.0031111111111111,0.0401799999999999,0.0990777777777777,1.0,852574.843525855,1.9e-06,0.12776,3.4155098405926223,0.03601141258321241,0.05899271042840909,0.2665750863335656,101.82611100812052
1510.0,0.008,0.0085,600000.0,0.000127,1.0,40.0,375.0,0.0016279254204331,5351.607705247822,351.11917342151344,147.27825572611184,0.0,0.0004803211708687,0.3071192439999258,0.0809222191392257,76.2,4.982615681732467e-09,8.05471994435679e-10,1177.0887477401295,3.3152665128321046,0.00016470112584,0.00148,6.65847e-07,0.0154111111111111,0.0157,6.76e-06,0.0805555555555555,0.023,9e-06,0.0031111111111111,0.0401799999999999,0.0990777777777777,1.0,1032491.4901383284,1.9e-06,0.12776,3.3406679460817923,0.04548507011622885,0.058257024860700085,0.31463872480970007,93.9664916560986
1512.0,0.008,0.009,400000.0,0.000127,1.0,20.0,375.0,0.0011877972384452,4013.705778935866,351.11917342151344,142.32624943407453,0.0,0.0006188948073064,0.3225766953471431,0.0590439753664296,50.8,3.646508476890598e-09,5.945893018638026e-10,1313.844,4.156524666220668,8.215438774196508e-05,0.00148,6.65847e-07,0.0154111111111111,0.0157,6.76e-06,0.0805555555555555,0.023,9e-06,0.0031111111111111,0.0401799999999999,0.0990777777777777,1.0,495495.27871826605,1.9e-06,0.12776,3.590877468528939,0.013812978667222947,0.09559271998071348,0.12235703880638363,197.4457735235448
1517.0,0.008,0.009,400000.0,0.000127,1.0,25.0,375.0,0.0018649517354475,5017.1322236698325,351.11917342151344,143.7731405034467,0.0,0.0005001492019443,0.3176040753029751,0.0927045128270133,50.8,5.930720941790055e-09,9.818525194641774e-10,1034.8729587314915,2.485024958178576,0.0001298761492635,0.00148,6.65847e-07,0.0154111111111111,0.0157,6.76e-06,0.0805555555555555,0.023,9e-06,0.0031111111111111,0.0401799999999999,0.0990777777777777,1.0,357924.469619964,1.9e-06,0.12776,3.5648012299420886,0.017113768361760977,0.05695956247596168,0.14728927301826614,114.30718235485767
1522.0,0.008,0.009,400000.0,0.000127,1.0,30.0,375.0,0.002701378937489,6020.558668403799,351.11917342151344,144.97255219637168,0.0,0.0004202680349458,0.3442337347063868,0.1342823053278554,50.8,9.042636770793166e-09,1.281435949336057e-09,860.326808334794,1.74488453509563,0.0001907620251106,0.00148,6.65847e-07,0.0154111111111111,0.0157,6.76e-06,0.0805555555555555,0.023,9e-06,0.0031111111111111,0.0401799999999999,0.0990777777777777,1.0,834148.3968490307,1.9e-06,0.12776,3.465138235198652,0.029729337316626324,0.04201142937853128,0.23080508630938126,76.05171471185486
1523.0,0.008,0.009,400000.0,0.000127,1.0,30.0,400.0,0.0031872750811074,6020.558668403799,351.11917342151344,137.64096276872894,0.0,0.0003990141311198,0.3349091965886193,0.1584356195517541,50.8,1.082425596406066e-08,1.4193591893559543e-09,795.5406558523396,1.559843946029056,0.0002250231378131,0.00148,6.65847e-07,0.0154111111111111,0.0157,6.76e-06,0.0805555555555555,0.023,9e-06,0.0031111111111111,0.0401799999999999,0.0990777777777777,1.0,710642.0270172891,1.9e-06,0.12776,3.4406140606694593,0.03283366320639756,0.008533577036865081,0.24890686479830393,15.0844699655974
1527.0,0.008,0.009,400000.0,0.000127,1.0,35.0,375.0,0.0037023239624121,7023.985113137765,351.11917342151344,146.12023278612773,0.0,0.0003630815163785,0.3689934906865096,0.1840380813827551,50.8,1.2712768528844705e-08,1.565557531143909e-09,726.8674716783745,1.3637013142209808,0.0002613320362238,0.00148,6.65847e-07,0.0154111111111111,0.0157,6.76e-06,0.0805555555555555,0.023,9e-06,0.0031111111111111,0.0401799999999999,0.0990777777777777,1.0,1183817.4455261615,1.9e-06,0.12776,3.350241648506687,0.04427320904978648,0.017015409303754392,0.3088448152996839,27.67726163913358
1533.0,0.008,0.009,450000.0,0.000127,1.0,20.0,400.0,0.0011078278723549,3567.7384701652154,351.11917342151344,121.93082407016291,0.0,0.0005964827179711,0.2252404697327629,0.055068794141319,57.15,3.486569744709954e-09,5.790348603124048e-10,1313.844,4.172689673882165,8.889646170227225e-05,0.00148,6.65847e-07,0.0154111111111111,0.0157,6.76e-06,0.0805555555555555,0.023,9e-06,0.0031111111111111,0.0401799999999999,0.0990777777777777,1.0,340953.2261364418,1.9e-06,0.12776,3.560576981221955,0.017648483389625956,0.002231675591443799,0.15119548260279903,4.458039315751176
1535.0,0.008,0.009,450000.0,0.000127,1.0,25.0,350.0,0.0012329268798024,4459.673087706519,319.92671377973846,132.9706461025053,0.0,0.0005203914137541,0.2335902967593771,0.061287315682725,57.15,3.736767759604943e-09,6.033672427559798e-10,1313.844,4.147402160516729,8.664366349940997e-05,0.00148,6.65847e-07,0.0154111111111111,0.0157,6.76e-06,0.0805555555555555,0.023,9e-06,0.0031111111111111,0.0401799999999999,0.0990777777777777,1.0,348708.6319044815,1.9e-06,0.12776,3.5624560355118535,0.01741062841622111,0.004362981076651978,0.1494623283558846,8.733373456518372
1536.0,0.008,0.009,450000.0,0.000127,1.0,25.0,375.0,0.0014735421119585,4459.673087706519,351.11917342151344,143.77314050344657,0.0,0.0005626678521873,0.305850523079336,0.0732480101349241,57.15,4.365082447834117e-09,6.905893536507082e-10,1269.7187328248824,3.8560311027583807,0.0001088011546301,0.00148,6.65847e-07,0.0154111111111111,0.0157,6.76e-06,0.0805555555555555,0.023,9e-06,0.0031111111111111,0.0401799999999999,0.0990777777777777,1.0,800576.0384934237,1.9e-06,0.12776,3.4582965525839144,0.03059537309064376,0.06466251294441189,0.2359422354261191,116.27435000817269
1541.0,0.008,0.009,450000.0,0.000127,1.0,30.0,375.0,0.0021344228641888,5351.607705247823,351.11917342151344,144.97255219637174,0.0,0.000472801539314,0.3426746226978581,0.106099599271392,57.15,6.963797835359217e-09,1.1205035780762267e-09,935.9209514414832,1.960794636783378,0.0001696266419649,0.00148,6.65847e-07,0.0154111111111111,0.0157,6.76e-06,0.0805555555555555,0.023,9e-06,0.0031111111111111,0.0401799999999999,0.0990777777777777,1.0,564268.6631889263,1.9e-06,0.12776,3.4040334160469525,0.037464124551018683,0.06863502342646607,0.27437822318312305,117.20907613750758
1542.0,0.008,0.009,450000.0,0.000127,1.0,30.0,400.0,0.0025183408048256,5351.607705247823,351.11917342151344,137.64096276872877,0.0,0.0004488908975098,0.342182450806433,0.125183699398917,57.15,8.371496951027363e-09,1.2294799652524414e-09,884.7318926899143,1.814589726903616,0.0002000861862108,0.00148,6.65847e-07,0.0154111111111111,0.0157,6.76e-06,0.0805555555555555,0.023,9e-06,0.0031111111111111,0.0401799999999999,0.0990777777777777,1.0,908695.9403556932,1.9e-06,0.12776,3.291552510910442,0.05170221380880483,0.04905875140751598,0.34289837308497145,75.86722197288833
1546.0,0.008,0.009,450000.0,0.000127,1.0,35.0,375.0,0.002925293007338,6243.542322789127,351.11917342151344,146.1202327861277,0.0,0.0004084667059258,0.363500421467912,0.1454128050431646,57.15,9.863655026906111e-09,1.344994704442924e-09,830.471599021596,1.6596128326355069,0.000232370122992,0.00148,6.65847e-07,0.0154111111111111,0.0157,6.76e-06,0.0805555555555555,0.023,9e-06,0.0031111111111111,0.0401799999999999,0.0990777777777777,1.0,1083586.000512645,1.9e-06,0.12776,3.148228138330487,0.06984453945183709,0.0501476164247473,0.4134713553384302,69.22208411561041
1551.0,0.008,0.009,450000.0,0.000127,1.0,40.0,375.0,0.0038510281858095,7135.476940330431,351.11917342151344,147.29897989578524,0.0,0.0003602915692263,0.366816283318477,0.1914299898827711,57.15,1.3172970371619156e-08,1.590687651328796e-09,698.5355442571267,1.3296366033174547,0.000303739255282,0.00148,6.65847e-07,0.0154111111111111,0.0157,6.76e-06,0.0805555555555555,0.023,9e-06,0.0031111111111111,0.0401799999999999,0.0990777777777777,1.0,1347281.0290551393,1.9e-06,0.12776,3.2370616510331827,0.058599791008457906,0.0074462934357057975,0.3716431668724039,11.011630682205928
1553.0,0.008,0.009,500000.0,0.000127,1.0,25.0,375.0,0.0011935691106864,4013.7057789358673,351.11917342151344,143.77314050344674,0.0,0.0006251865024303,0.318431610201755,0.0593308882092886,63.5,3.6580522213728197e-09,5.9571195987406e-10,1313.844,4.15535793996585,0.0001029758633971,0.00148,6.65847e-07,0.0154111111111111,0.0157,6.76e-06,0.0805555555555555,0.023,9e-06,0.0031111111111111,0.0401799999999999,0.0990777777777777,1.0,565722.7801288503,1.9e-06,0.12776,3.403951638533963,0.03747447613494136,0.09116072199246639,0.2744332302189179,155.66475374328235
1554.0,0.008,0.009,500000.0,0.000127,1.0,25.0,400.0,0.001408612938974,4013.7057789358673,351.11917342151344,131.27891199007962,0.0,0.0005708563055835,0.2392576374852865,0.0700204588608715,63.5,4.105365755896062e-09,6.422730237951848e-10,1308.6762366155908,4.083461114138157,0.0001140070310192,0.00148,6.65847e-07,0.0154111111111111,0.0157,6.76e-06,0.0805555555555555,0.023,9e-06,0.0031111111111111,0.0401799999999999,0.0990777777777777,1.0,501110.39700650115,1.9e-06,0.12776,3.385162255765434,0.03985287901703367,0.0012971786244148908,0.2868544634888824,2.177123674514198
1557.0,0.008,0.009,500000.0,0.000127,1.0,30.0,375.0,0.0017288825199929,4816.44693472304,351.11917342151344,144.97255219637174,0.0,0.0005253350436822,0.3394460635582842,0.0859406754098275,63.5,5.386444079971958e-09,8.805981095450632e-10,1116.5144880042062,2.961640041919756,0.0001479438199361,0.00148,6.65847e-07,0.0154111111111111,0.0157,6.76e-06,0.0805555555555555,0.023,9e-06,0.0031111111111111,0.0401799999999999,0.0990777777777777,1.0,862902.8890927674,1.9e-06,0.12776,3.2837290893397504,0.052692520336740455,0.08556538814845668,0.3471859842891088,131.45973223121595
1558.0,0.008,0.009,500000.0,0.000127,1.0,30.0,400.0,0.0020398560519087,4816.44693472304,351.11917342151344,137.64096276872883,0.0,0.0004987676638998,0.326034869575812,0.1013987965131227,63.5,6.617052856998827e-09,1.0936604731878111e-09,948.5298597454972,1.996807885458596,0.0001801372981863,0.00148,6.65847e-07,0.0154111111111111,0.0157,6.76e-06,0.0805555555555555,0.023,9e-06,0.0031111111111111,0.0401799999999999,0.0990777777777777,1.0,918361.1090926216,1.9e-06,0.12776,3.309567033074372,0.04942189454754785,0.056696073062689395,0.33280810505276315,89.02436607247125
1562.0,0.008,0.009,500000.0,0.000127,1.0,35.0,375.0,0.0023694873359438,5619.188090510213,351.11917342151344,146.12023278612767,0.0,0.0004538518954732,0.36986313546099,0.1177843720849633,63.5,7.825700898460614e-09,1.1872274119321015e-09,904.5790218741596,1.871276601101428,0.0002091962300125,0.00148,6.65847e-07,0.0154111111111111,0.0157,6.76e-06,0.0805555555555555,0.023,9e-06,0.0031111111111111,0.0401799999999999,0.0990777777777777,1.0,1137010.8899644034,1.9e-06,0.12776,3.1859049101928667,0.06507532782368775,0.08413876337602669,0.39643068332608383,119.51665423326519
1563.0,0.008,0.009,500000.0,0.000127,1.0,35.0,400.0,0.0027948585149584,5619.188090510213,351.11917342151344,142.27818697590553,0.0,0.0004419184367028,0.3326899739232005,0.1389290629483652,63.5,9.385395221514216e-09,1.3079704389993314e-09,847.8628646722103,1.7092853308051503,0.0002466922924839,0.00148,6.65847e-07,0.0154111111111111,0.0157,6.76e-06,0.0805555555555555,0.023,9e-06,0.0031111111111111,0.0401799999999999,0.0990777777777777,1.0,1099793.4757491406,1.9e-06,0.12776,3.484497912259375,0.027278745283623448,0.025820910974835187,0.21588711546271125,47.64916550706846
1567.0,0.008,0.009,500000.0,0.000127,1.0,40.0,375.0,0.0031193328305057,6421.929246297387,351.11917342151344,147.29897989578524,0.0,0.0004003239658071,0.3829823975494555,0.1550582918050445,63.5,1.0575134378521107e-08,1.400073555048494e-09,804.5996225992325,1.5857179403773627,0.0002752910363464,0.00148,6.65847e-07,0.0154111111111111,0.0157,6.76e-06,0.0805555555555555,0.023,9e-06,0.0031111111111111,0.0401799999999999,0.0990777777777777,1.0,949766.6718774107,1.9e-06,0.12776,3.456762133641461,0.030789603336523936,0.05998410574441099,0.23708496369403753,107.70044847242481
1568.0,0.008,0.009,500000.0,0.000127,1.0,40.0,400.0,0.0036780760613418,6421.929246297387,351.11917342151344,145.89945566945232,0.0,0.0003965203882879,0.3593748938315341,0.1828327473180294,63.5,1.2623859558253425e-08,1.558674683598753e-09,730.100525154421,1.372935480732928,0.0003245285880967,0.00148,6.65847e-07,0.0154111111111111,0.0157,6.76e-06,0.0805555555555555,0.023,9e-06,0.0031111111111111,0.0401799999999999,0.0990777777777777,1.0,1415236.739393233,1.9e-06,0.12776,3.4445549559344495,0.03233481570450011,0.008602146513504688,0.24605568498167382,15.263398909248048
1569.0,0.008,0.009,550000.0,0.000127,1.0,25.0,400.0,0.0011641429247719,3648.8234353962425,351.11917342151344,131.27891199007956,0.0,0.0006279419361419,0.2478127340336494,0.057868147818902,69.85,3.599199849543826e-09,5.899884195827606e-10,1313.844,4.161306149186606,0.0001116870752801,0.00148,6.65847e-07,0.0154111111111111,0.0157,6.76e-06,0.0805555555555555,0.023,9e-06,0.0031111111111111,0.0401799999999999,0.0990777777777777,1.0,441754.8903603935,1.9e-06,0.12776,3.3726770849669316,0.04143328038393275,0.022004586214747296,0.2948755843561315,36.516076451265505
1570.0,0.008,0.009,550000.0,0.000127,1.0,30.0,350.0,0.0011958734049414,4378.58812247549,319.92671377973846,135.40961333467422,0.0,0.000539750149006,0.2560136548070017,0.0594454319115515,69.85,3.662660809882819e-09,5.961601566281291e-10,1313.844,4.1548921499251446,0.0001040784108194,0.00148,6.65847e-07,0.0154111111111111,0.0157,6.76e-06,0.0805555555555555,0.023,9e-06,0.0031111111111111,0.0401799999999999,0.0990777777777777,1.0,524845.9305342829,1.9e-06,0.12776,3.399289294294145,0.03806464629188038,0.028628222895450195,0.2775555890170528,48.67477739946108
1571.0,0.008,0.009,550000.0,0.000127,1.0,30.0,375.0,0.0014288285289198,4378.58812247549,351.11917342151344,144.9725521963717,0.0,0.0005778685480504,0.3560051731586729,0.0710253515783698,69.85,4.186228115679303e-09,6.573162326818701e-10,1296.5468826481044,4.012651158611369,0.000127765205363,0.00148,6.65847e-07,0.0154111111111111,0.0157,6.76e-06,0.0805555555555555,0.023,9e-06,0.0031111111111111,0.0401799999999999,0.0990777777777777,1.0,728308.452983805,1.9e-06,0.12776,3.2565793076540444,0.05612920156277921,0.1170398215803031,0.36164096357818987,175.83438635519616
1572.0,0.008,0.009,550000.0,0.000127,1.0,30.0,400.0,0.0016858314478584,4378.58812247549,351.11917342151344,137.64096276872883,0.0,0.0005486444302897,0.3391190024410275,0.083800658275308,69.85,5.214239791433953e-09,8.485621277779677e-10,1142.345131284907,3.112436754328159,0.0001577232433632,0.00148,6.65847e-07,0.0154111111111111,0.0157,6.76e-06,0.0805555555555555,0.023,9e-06,0.0031111111111111,0.0401799999999999,0.0990777777777777,1.0,1070130.489747971,1.9e-06,0.12776,3.4700647505939815,0.029105727772913762,0.08737834416571938,0.22706297232137726,158.94726952839883
1576.0,0.008,0.009,550000.0,0.000127,1.0,35.0,375.0,0.0019582539966477,5108.352809554739,351.11917342151344,146.1202327861276,0.0,0.0004992370850205,0.3631504281931281,0.0973424562685646,69.85,6.30392998659108e-09,1.0512823708114742e-09,978.891602011338,2.15821139578199,0.0001894328618692,0.00148,6.65847e-07,0.0154111111111111,0.0157,6.76e-06,0.0805555555555555,0.023,9e-06,0.0031111111111111,0.0401799999999999,0.0990777777777777,1.0,926771.014238984,1.9e-06,0.12776,3.4418867290436355,0.03267256594384365,0.0978679719245634,0.24798846834797142,173.20891353447826
1581.0,0.008,0.009,550000.0,0.000127,1.0,40.0,375.0,0.0025779610169469,5838.117496633988,351.11917342151344,147.29897989578518,0.0,0.0004403563623878,0.3862174128421363,0.1281473485992103,69.85,8.590104395471988e-09,1.246403361197102e-09,876.7825310737459,1.7918849589895562,0.0002503308575594,0.00148,6.65847e-07,0.0154111111111111,0.0157,6.76e-06,0.0805555555555555,0.023,9e-06,0.0031111111111111,0.0401799999999999,0.0990777777777777,1.0,1126435.8447448942,1.9e-06,0.12776,3.3764182342971387,0.0409597171775774,0.09013006424292588,0.29249107312749084,150.07444745522417
1582.0,0.008,0.009,550000.0,0.000127,1.0,40.0,400.0,0.0030397322821006,5838.117496633988,351.11917342151344,145.89945566945232,0.0,0.0004361724271167,0.3561476069719378,0.1511014440644871,69.85,1.0283265701035889e-08,1.3774786740485563e-09,815.2130290532405,1.6160316865561388,0.0002951030165175,0.00148,6.65847e-07,0.0154111111111111,0.0157,6.76e-06,0.0805555555555555,0.023,9e-06,0.0031111111111111,0.0401799999999999,0.0990777777777777,1.0,1407259.1538414042,1.9e-06,0.12776,3.3400713732382483,0.04556058566604452,0.03710616290745078,0.3149965512693341,59.81966181926121
1583.0,0.008,0.009,600000.0,0.000127,1.0,30.0,350.0,0.0010048658472077,4013.7057789358655,319.92671377973846,135.40961333467425,0.0,0.0005888183443702,0.2527487452823677,0.0499506754256787,76.2,3.2806456944154246e-09,5.590082316111362e-10,1313.844,4.193502417645433,0.0001033096556117,0.00148,6.65847e-07,0.0154111111111111,0.0157,6.76e-06,0.0805555555555555,0.023,9e-06,0.0031111111111111,0.0401799999999999,0.0990777777777777,1.0,524681.2355625927,1.9e-06,0.12776,3.46752786274963,0.029426852816502567,0.03485806985668888,0.2289944936646692,63.25079144837322
1584.0,0.008,0.009,600000.0,0.000127,1.0,30.0,375.0,0.0012006128611062,4013.7057789358655,351.11917342151344,144.97255219637168,0.0,0.0006304020524187,0.3586113377042654,0.059681024590158,76.2,3.6721397222124845e-09,5.970820045494699e-10,1313.844,4.153934116255984,0.0001239852943581,0.00148,6.65847e-07,0.0154111111111111,0.0157,6.76e-06,0.0805555555555555,0.023,9e-06,0.0031111111111111,0.0401799999999999,0.0990777777777777,1.0,864353.9831014642,1.9e-06,0.12776,3.4184259574270133,0.035642283869998334,0.1309903131141074,0.26456552523843596,226.71920661523131
1585.0,0.008,0.009,600000.0,0.000127,1.0,30.0,400.0,0.0014165667027144,4013.7057789358655,351.11917342151344,137.64096276872888,0.0,0.0005985211966797,0.3310061594156939,0.0704158309118907,76.2,4.137180810857698e-09,6.481917295912093e-10,1303.9039783713451,4.055601147734077,0.0001378203105726,0.00148,6.65847e-07,0.0154111111111111,0.0157,6.76e-06,0.0805555555555555,0.023,9e-06,0.0031111111111111,0.0401799999999999,0.0990777777777777,1.0,773893.1210616283,1.9e-06,0.12776,3.394527553247421,0.03866739832311132,0.09265032850380309,0.28071689635642894,156.8382438108561
1587.0,0.008,0.009,600000.0,0.000127,1.0,35.0,350.0,0.0013776825856007,4682.6567420918445,319.92671377973846,137.33554035080678,0.0,0.0005118797919952,0.2608792937558455,0.0684829481111099,76.2,4.026279171201476e-09,6.315229513122714e-10,1313.844,4.118141242146667,0.0001232794118706,0.00148,6.65847e-07,0.0154111111111111,0.0157,6.76e-06,0.0805555555555555,0.023,9e-06,0.0031111111111111,0.0401799999999999,0.0990777777777777,1.0,868119.6209807259,1.9e-06,0.12776,3.419346651384322,0.035525740331098475,0.02445634564473559,0.2639287652374949,42.365911858922495
1588.0,0.008,0.009,600000.0,0.000127,1.0,35.0,375.0,0.0016454773166276,4682.6567420918445,351.11917342151344,146.12023278612767,0.0,0.0005446222745678,0.3519828762950435,0.0817947028367801,76.2,5.052823266510565e-09,8.18533044917976e-10,1166.5576100234152,3.253786783955696,0.0001669324200926,0.00148,6.65847e-07,0.0154111111111111,0.0157,6.76e-06,0.0805555555555555,0.023,9e-06,0.0031111111111111,0.0401799999999999,0.0990777777777777,1.0,1010533.0266240154,1.9e-06,0.12776,3.334811237637052,0.046226425615563047,0.1022481734582634,0.3181355014928742,164.0811859973224
1596.0,0.008,0.0095,400000.0,0.000127,1.0,20.0,350.0,0.0012932874867074,4013.705778935866,319.92671377973846,131.00195910606686,0.0,0.0005696519971551,0.2849355776113133,0.0642877690192413,50.8,3.857488973414819e-09,6.151076826020248e-10,1313.844,4.135200867436965,7.91721869596853e-05,0.00148,6.65847e-07,0.0154111111111111,0.0157,6.76e-06,0.0805555555555555,0.023,9e-06,0.0031111111111111,0.0401799999999999,0.0990777777777777,1.0,502754.86211037263,1.9e-06,0.12776,3.5919864367677112,0.013672602940796046,0.052707808592071886,0.12126436162484472,109.0029744090125
1597.0,0.008,0.0095,400000.0,0.000127,1.0,20.0,375.0,0.0015356896015558,4013.705778935866,351.11917342151344,139.9323400254495,0.0,0.0006084850753838,0.3794233094963102,0.0763372872658211,50.8,4.613672406223537e-09,7.368357244121942e-10,1232.4302390664693,3.638344605046142,0.0001019818704414,0.00148,6.65847e-07,0.0154111111111111,0.0157,6.76e-06,0.0805555555555555,0.023,9e-06,0.0031111111111111,0.0401799999999999,0.0990777777777777,1.0,444833.3364428404,1.9e-06,0.12776,3.582481517716627,0.014875757251059898,0.13514602223048908,0.1305423061013015,276.53930756763845
1598.0,0.008,0.0095,400000.0,0.000127,1.0,20.0,400.0,0.0018033205630516,4013.705778935866,351.11917342151344,123.71963041016784,0.0,0.0005379853479395,0.2967418552301645,0.0896409012046208,50.8,5.684196252206517e-09,9.359903604686763e-10,1071.8516621690226,2.700902930976537,0.0001246591152193,0.00148,6.65847e-07,0.0154111111111111,0.0157,6.76e-06,0.0805555555555555,0.023,9e-06,0.0031111111111111,0.0401799999999999,0.0990777777777777,1.0,376970.58551727625,1.9e-06,0.12776,3.5690921368562276,0.016570615587819304,0.039160954025543676,0.1432844426591811,78.95780478227336
1601.0,0.008,0.0095,400000.0,0.000127,1.0,25.0,350.0,0.0020316761829528,5017.1322236698325,319.92671377973846,133.88043624031755,0.0,0.0004657350678094,0.3267687669457652,0.1009921850431681,50.8,6.5870600041605644e-09,1.0913385901184519e-09,949.620508939616,1.999922970420608,0.0001313161611697,0.00148,6.65847e-07,0.0154111111111111,0.0157,6.76e-06,0.0805555555555555,0.023,9e-06,0.0031111111111111,0.0401799999999999,0.0990777777777777,1.0,352215.72809817945,1.9e-06,0.12776,3.5634633198833403,0.017283124065399974,0.057836581902596995,0.14853033786806538,115.89826798256755
1602.0,0.008,0.0095,400000.0,0.000127,1.0,25.0,375.0,0.0024119292421505,5017.1322236698325,351.11917342151344,141.65086588085606,0.0,0.0004927663628752,0.3640274406637945,0.1198941083122123,50.8,7.981321221218617e-09,1.199274688481902e-09,898.9201010465957,1.8551137329067608,0.0001703500950891,0.00148,6.65847e-07,0.0154111111111111,0.0157,6.76e-06,0.0805555555555555,0.023,9e-06,0.0031111111111111,0.0401799999999999,0.0990777777777777,1.0,895185.7928874264,1.9e-06,0.12776,3.4756959527482274,0.028392917373642135,0.0761933323515821,0.2227407431952479,139.37600745123612
1603.0,0.008,0.0095,400000.0,0.000127,1.0,25.0,400.0,0.0028317113758917,5017.1322236698325,351.11917342151344,132.09989241002603,0.0,0.0004595410209059,0.3365467798627392,0.1407609744419257,50.8,9.520522378269594e-09,1.318431246418114e-09,842.9491498811057,1.6952509014616668,0.0001999524976479,0.00148,6.65847e-07,0.0154111111111111,0.0157,6.76e-06,0.0805555555555555,0.023,9e-06,0.0031111111111111,0.0401799999999999,0.0990777777777777,1.0,804470.9262350234,1.9e-06,0.12776,3.459655496846843,0.0304233548295136,0.027845805420813385,0.23492732624796112,50.1380712411842
1607.0,0.008,0.0095,400000.0,0.000127,1.0,30.0,375.0,0.0034949904058347,6020.558668403799,351.11917342151344,143.02035452647428,0.0,0.0004146087134665,0.4159686835380525,0.1737317790855596,50.8,1.1952545488060841e-08,1.506705209997553e-09,754.5119458886968,1.4426587703486484,0.0002467169627905,0.00148,6.65847e-07,0.0154111111111111,0.0157,6.76e-06,0.0805555555555555,0.023,9e-06,0.0031111111111111,0.0401799999999999,0.0990777777777777,1.0,571802.4444509818,1.9e-06,0.12776,3.4067135950988057,0.03712486137989804,0.07429690445249279,0.27257079311745375,127.19399329731772
1612.0,0.008,0.0095,400000.0,0.000127,1.0,35.0,375.0,0.0047920866526674,7023.985113137765,351.11917342151344,144.29070535914272,0.0,0.0003585354820629,0.4586254009431768,0.238208877000114,50.8,1.505508730533483e-08,1.542820712412072e-09,416.21800419977535,1.3874078689117018,0.0003027012871426,0.00148,6.65847e-07,0.0154111111111111,0.0157,6.76e-06,0.0805555555555555,0.023,9e-06,0.0031111111111111,0.0401799999999999,0.0990777777777777,1.0,999328.2182398951,1.9e-06,0.12776,3.313548459467995,0.04891791652303863,0.05247652394306268,0.3305360791348969,82.6794130453037
1615.0,0.008,0.0095,450000.0,0.000127,1.0,20.0,350.0,0.0010218567796206,3567.7384701652154,319.92671377973846,131.00195910606683,0.0,0.0006408584967995,0.2738994819139452,0.0507952742868079,57.15,3.31462755924134e-09,5.623130529201181e-10,1313.844,4.190067870567479,7.816471458777931e-05,0.00148,6.65847e-07,0.0154111111111111,0.0157,6.76e-06,0.0805555555555555,0.023,9e-06,0.0031111111111111,0.0401799999999999,0.0990777777777777,1.0,375333.16008539556,1.9e-06,0.12776,3.5685609363422026,0.016637856159214908,0.055164207627137196,0.14378226686529025,111.1595426385264
1616.0,0.008,0.0095,450000.0,0.000127,1.0,20.0,375.0,0.0012133843765379,3567.7384701652154,351.11917342151344,139.93234002544938,0.0,0.0006845457098068,0.3725802282179866,0.0603158812964512,57.15,3.697682753075965e-09,5.9956612815852e-10,1313.844,4.151352482126613,9.355231605184718e-05,0.00148,6.65847e-07,0.0154111111111111,0.0157,6.76e-06,0.0805555555555555,0.023,9e-06,0.0031111111111111,0.0401799999999999,0.0990777777777777,1.0,323521.38859204925,1.9e-06,0.12776,3.5561746924056408,0.01820573513852651,0.14432434692153537,0.15522842627947608,286.93534017024547
1617.0,0.008,0.0095,450000.0,0.000127,1.0,20.0,400.0,0.001424845876979,3567.7384701652154,351.11917342151344,123.71963041016788,0.0,0.000605233516432,0.2893472484046803,0.070827378729577,57.15,4.170297507916265e-09,6.543525860493251e-10,1298.9364738125605,4.026601352870346,0.000104155175105,0.00148,6.65847e-07,0.0154111111111111,0.0157,6.76e-06,0.0805555555555555,0.023,9e-06,0.0031111111111111,0.0401799999999999,0.0990777777777777,1.0,264119.95466422965,1.9e-06,0.12776,3.539072351205452,0.020370588455006104,0.050579869675103195,0.17053886208294738,98.73676586256839
1620.0,0.008,0.0095,450000.0,0.000127,1.0,25.0,350.0,0.0016052750087528,4459.673087706519,319.92671377973846,133.8804362403175,0.0,0.0005239519512856,0.2745196385793488,0.0797962943550958,57.15,4.892014035011578e-09,7.8861693973837e-10,1190.6789947482634,3.394605015840886,0.000111190425323,0.00148,6.65847e-07,0.0154111111111111,0.0157,6.76e-06,0.0805555555555555,0.023,9e-06,0.0031111111111111,0.0401799999999999,0.0990777777777777,1.0,793669.4673734347,1.9e-06,0.12776,3.456977554939456,0.03076233481779044,0.02678334422425288,0.23692473922608456,48.099141542611726
1621.0,0.008,0.0095,450000.0,0.000127,1.0,25.0,375.0,0.0019057218703411,4459.673087706519,351.11917342151344,141.650865880856,0.0,0.0005543621582346,0.3744537264190887,0.0947311473084147,57.15,6.093801481364647e-09,1.0121911668738016e-09,1010.4108777953028,2.342217775881199,0.0001499917203316,0.00148,6.65847e-07,0.0154111111111111,0.0157,6.76e-06,0.0805555555555555,0.023,9e-06,0.0031111111111111,0.0401799999999999,0.0990777777777777,1.0,664294.1823387763,1.9e-06,0.12776,3.429509401536497,0.03423931626120294,0.11178257911067388,0.2568261520251236,195.5103228258055
1622.0,0.008,0.0095,450000.0,0.000127,1.0,25.0,400.0,0.0022374015809514,4459.673087706519,351.11917342151344,132.09989241002597,0.0,0.0005169836485191,0.3191651736568204,0.1112185477072005,57.15,7.341386463488734e-09,1.1497344300916783e-09,922.190455873137,1.921577938603457,0.0001777970352351,0.00148,6.65847e-07,0.0154111111111111,0.0157,6.76e-06,0.0805555555555555,0.023,9e-06,0.0031111111111111,0.0401799999999999,0.0990777777777777,1.0,1013768.8643833629,1.9e-06,0.12776,3.3154078390922948,0.048682552013633584,0.04000662594961979,0.3294697032847534,63.132862302141746
1626.0,0.008,0.0095,450000.0,0.000127,1.0,30.0,375.0,0.0027614739009064,5351.607705247823,351.11917342151344,143.0203545264741,0.0,0.0004664348026498,0.4167969659369253,0.1372695538453804,57.15,9.262984969990452e-09,1.2984941050186427e-09,852.3141465458018,1.7219989708104553,0.0002193746686972,0.00148,6.65847e-07,0.0154111111111111,0.0157,6.76e-06,0.0805555555555555,0.023,9e-06,0.0031111111111111,0.0401799999999999,0.0990777777777777,1.0,1184452.4908971954,1.9e-06,0.12776,3.172211174873425,0.06680871204133865,0.11158741209154488,0.4027375111390161,156.85038675053022
1627.0,0.008,0.0095,450000.0,0.000127,1.0,30.0,400.0,0.0032413236886981,5351.607705247823,351.11917342151344,137.7488633710882,0.0,0.0004492427956458,0.3355020909958118,0.1611223109767601,57.15,1.1022434191893333e-08,1.434701066782607e-09,788.3341748402427,1.5392609751243298,0.0002574379887802,0.00148,6.65847e-07,0.0154111111111111,0.0157,6.76e-06,0.0805555555555555,0.023,9e-06,0.0031111111111111,0.0401799999999999,0.0990777777777777,1.0,1254460.368950954,1.9e-06,0.12776,3.1957944269320424,0.06382349026176679,0.006439780019051683,0.39179247055506994,9.21781469073035
1630.0,0.008,0.0095,450000.0,0.000127,1.0,35.0,350.0,0.003191297390987,6243.542322789127,319.92671377973846,137.60675812357542,0.0,0.0003846680102552,0.3266145720828761,0.1586355637490953,57.15,1.0839004433619055e-08,1.4205009354229676e-09,795.004347868398,1.5583121565730216,0.0002315406432605,0.00148,6.65847e-07,0.0154111111111111,0.0157,6.76e-06,0.0805555555555555,0.023,9e-06,0.0031111111111111,0.0401799999999999,0.0990777777777777,1.0,1091678.6044767813,1.9e-06,0.12776,3.1502226496756056,0.06959206966131576,3.900833378067681e-05,0.4125934227007907,0.05392639067828875
1631.0,0.008,0.0095,450000.0,0.000127,1.0,35.0,375.0,0.0037863400712433,6243.542322789127,351.11917342151344,144.2907053591426,0.0,0.0004033524173208,0.4857429616634823,0.1882144213334234,57.15,1.30208275945591e-08,1.5894057836893403e-09,715.6653238342146,1.3317060196021877,0.0003006606525786,0.00148,6.65847e-07,0.0154111111111111,0.0157,6.76e-06,0.0805555555555555,0.023,9e-06,0.0031111111111111,0.0401799999999999,0.0990777777777777,1.0,1365844.4168315732,1.9e-06,0.12776,3.2408154883603117,0.058124621726542834,0.12958854033005876,0.3697438582987109,192.2156891661509
1632.0,0.008,0.0095,450000.0,0.000127,1.0,35.0,400.0,0.0044430459138968,6243.542322789127,351.11917342151344,141.87796676494534,0.0,0.0003966078114094,0.4104118132905539,0.2208584807247172,57.15,1.4357005827793761e-08,1.5605746695896351e-09,520.9302258309358,1.3659803743054917,0.0003268899581868,0.00148,6.65847e-07,0.0154111111111111,0.0157,6.76e-06,0.0805555555555555,0.023,9e-06,0.0031111111111111,0.0401799999999999,0.0990777777777777,1.0,1141806.4711932996,1.9e-06,0.12776,3.1914485838618933,0.06437359697950722,0.021613332565836585,0.3938394343583711,30.832913468919692
1636.0,0.008,0.0095,450000.0,0.000127,1.0,40.0,375.0,0.0049870227042862,7135.476940330431,351.11917342151344,145.56850948516058,0.0,0.0003560588589918,0.4457194696414475,0.2478989142028245,57.15,1.544495940857251e-08,1.5329052901464796e-09,357.7371887141239,1.3993749281418983,0.0003481617319059,0.00148,6.65847e-07,0.0154111111111111,0.0157,6.76e-06,0.0805555555555555,0.023,9e-06,0.0031111111111111,0.0401799999999999,0.0990777777777777,1.0,1525344.6940229007,1.9e-06,0.12776,3.1180859161042367,0.07366001061971689,0.02988055543862289,0.4264267321184787,40.33506089916951
1638.0,0.008,0.0095,500000.0,0.000127,1.0,20.0,400.0,0.001154125160353,3210.9646231486936,351.11917342151344,123.71963041016777,0.0,0.0006724816849244,0.3146350686116156,0.0573701767709573,63.5,3.5791643207060873e-09,5.880399143144688e-10,1313.844,4.163331140086236,0.000101042749152,0.00148,6.65847e-07,0.0154111111111111,0.0157,6.76e-06,0.0805555555555555,0.023,9e-06,0.0031111111111111,0.0401799999999999,0.0990777777777777,1.0,574682.6305280433,1.9e-06,0.12776,3.4064010649216394,0.03716442216181784,0.0893248918406582,0.2727820174534402,152.87703709548268
1640.0,0.008,0.0095,500000.0,0.000127,1.0,25.0,350.0,0.0013002727570898,4013.7057789358673,319.92671377973846,133.88043624031758,0.0,0.0005821688347618,0.3442191652461447,0.0646349984276276,63.5,3.8714595141796885e-09,6.164663526177601e-10,1313.844,4.13378886488186,9.927706445368943e-05,0.00148,6.65847e-07,0.0154111111111111,0.0157,6.76e-06,0.0805555555555555,0.023,9e-06,0.0031111111111111,0.0401799999999999,0.0990777777777777,1.0,582524.2589786566,1.9e-06,0.12776,3.408515186463829,0.03689681184002169,0.111644166818517,0.2713507865236595,191.45190232812712
1641.0,0.008,0.0095,500000.0,0.000127,1.0,25.0,375.0,0.0015436347149763,4013.7057789358673,351.11917342151344,141.65086588085595,0.0,0.000615957953594,0.3531480454251471,0.0767322293198159,63.5,4.645452859905363e-09,7.427479931677791e-10,1227.6631710141955,3.610514938463772,0.0001283193655912,0.00148,6.65847e-07,0.0154111111111111,0.0157,6.76e-06,0.0805555555555555,0.023,9e-06,0.0031111111111111,0.0401799999999999,0.0990777777777777,1.0,556490.0578845207,1.9e-06,0.12776,3.403559762562254,0.037524080688322324,0.10847581610533108,0.2746967069824642,185.1644988083216
1642.0,0.008,0.0095,500000.0,0.000127,1.0,25.0,400.0,0.0018122952805706,4013.7057789358673,351.11917342151344,132.099892410026,0.0,0.0005744262761323,0.318683247744119,0.0900870236428324,63.5,5.720095122282772e-09,9.42668797788595e-10,1066.4668316575842,2.6694668289338104,0.0001567737028949,0.00148,6.65847e-07,0.0154111111111111,0.0157,6.76e-06,0.0805555555555555,0.023,9e-06,0.0031111111111111,0.0401799999999999,0.0990777777777777,1.0,806128.0746908534,1.9e-06,0.12776,3.2689377082469777,0.054564847057344636,0.06065622410128649,0.35514133604460035,92.05450760690073
1645.0,0.008,0.0095,500000.0,0.000127,1.0,30.0,350.0,0.0018846677470288,4816.44693472304,319.92671377973846,135.91900599243235,0.0,0.0004925278328104,0.2841933217246941,0.0936845721035067,63.5,6.0095849881153235e-09,9.965239726062872e-10,1023.0433517827016,2.415964895772233,0.0001504909732578,0.00148,6.65847e-07,0.0154111111111111,0.0157,6.76e-06,0.0805555555555555,0.023,9e-06,0.0031111111111111,0.0401799999999999,0.0990777777777777,1.0,848009.3976191938,1.9e-06,0.12776,3.2799368024321875,0.053172556654153505,0.02256874962118738,0.349244268346262,34.56452945359326
1646.0,0.008,0.0095,500000.0,0.000127,1.0,30.0,375.0,0.0022367938597342,4816.44693472304,351.11917342151344,143.02035452647428,0.0,0.0005182608918331,0.430724014357441,0.1111883386147582,63.5,7.339158152358939e-09,1.149561926398434e-09,922.271485368766,1.9218093730231351,0.000197498687349,0.00148,6.65847e-07,0.0154111111111111,0.0157,6.76e-06,0.0805555555555555,0.023,9e-06,0.0031111111111111,0.0401799999999999,0.0990777777777777,1.0,778873.4507641343,1.9e-06,0.12776,3.27337711865476,0.05400289637281517,0.15159567574268276,0.35277409557061334,230.91271779365488
1647.0,0.008,0.0095,500000.0,0.000127,1.0,30.0,400.0,0.0026254721878455,4816.44693472304,351.11917342151344,137.74886337108802,0.0,0.0004991586618287,0.3304694351964305,0.1305090718911756,63.5,8.764312022100261e-09,1.259889565427245e-09,870.4477082872634,1.773791596517374,0.0002317615586691,0.00148,6.65847e-07,0.0154111111111111,0.0157,6.76e-06,0.0805555555555555,0.023,9e-06,0.0031111111111111,0.0401799999999999,0.0990777777777777,1.0,1160248.8689777507,1.9e-06,0.12776,3.4940417048096393,0.026070670277260847,0.03202036330525479,0.20831796704179129,59.65985486804713
1650.0,0.008,0.0095,500000.0,0.000127,1.0,35.0,350.0,0.0025849508866994,5619.188090510213,319.92671377973846,137.6067581235754,0.0,0.0004274089002836,0.3663730616143165,0.1284948066367672,63.5,8.615733917898103e-09,1.248387459025937e-09,875.8505484400691,1.7892230534908142,0.0002085780337747,0.00148,6.65847e-07,0.0154111111111111,0.0157,6.76e-06,0.0805555555555555,0.023,9e-06,0.0031111111111111,0.0401799999999999,0.0990777777777777,1.0,1142010.3662090078,1.9e-06,0.12776,3.1871116101452044,0.06492258099427793,0.06993825497754919,0.3958685302909241,99.4377753770532
1651.0,0.008,0.0095,500000.0,0.000127,1.0,35.0,375.0,0.0030669354577071,5619.188090510213,351.11917342151344,144.2907053591427,0.0,0.0004481693525787,0.4975644106663539,0.152453681280073,63.5,1.0383010678259536e-08,1.385200386121699e-09,811.5859389723805,1.6056720825444386,0.0002706730370833,0.00148,6.65847e-07,0.0154111111111111,0.0157,6.76e-06,0.0805555555555555,0.023,9e-06,0.0031111111111111,0.0401799999999999,0.0990777777777777,1.0,979813.991304554,1.9e-06,0.12776,3.4628409620318275,0.03002013138837629,0.1771707293862809,0.232537703997508,320.0030887424095
1652.0,0.008,0.0095,500000.0,0.000127,1.0,35.0,400.0,0.0035988671902564,5619.188090510213,351.11917342151344,141.8779667649453,0.0,0.0004406753460104,0.4283809865738299,0.1788953693870209,63.5,1.23334270309404e-08,1.5361909815116007e-09,740.6617079658038,1.4031000670492293,0.0003175493802101,0.00148,6.65847e-07,0.0154111111111111,0.0157,6.76e-06,0.0805555555555555,0.023,9e-06,0.0031111111111111,0.0401799999999999,0.0990777777777777,1.0,1448602.7304902424,1.9e-06,0.12776,3.449673846849577,0.0316868548291675,0.081545617186809,0.24231976335996327,145.4091487033908
1655.0,0.008,0.0095,500000.0,0.000127,1.0,40.0,350.0,0.0034059005227918,6421.929246297387,319.92671377973846,139.1611672237158,0.0,0.0003782073059077,0.363557705778985,0.1693032279073562,63.5,1.1625882583570168e-08,1.4814167497295467e-09,766.3905969610848,1.4765862765753262,0.0002744976930071,0.00148,6.65847e-07,0.0154111111111111,0.0157,6.76e-06,0.0805555555555555,0.023,9e-06,0.0031111111111111,0.0401799999999999,0.0990777777777777,1.0,955228.5212134838,1.9e-06,0.12776,3.457888709387607,0.03064699881169536,0.0263144778716288,0.2362463024984104,47.299138600282774
1656.0,0.008,0.0095,500000.0,0.000127,1.0,40.0,375.0,0.0040394883904718,6421.929246297387,351.11917342151344,145.56850948516052,0.0,0.0003956209544353,0.4101268545090715,0.2007981205042878,63.5,1.3549890780943733e-08,1.581101623018648e-09,641.9974828584408,1.341206112461604,0.0003456766448942,0.00148,6.65847e-07,0.0154111111111111,0.0157,6.76e-06,0.0805555555555555,0.023,9e-06,0.0031111111111111,0.0401799999999999,0.0990777777777777,1.0,1294807.9969033997,1.9e-06,0.12776,3.424309411085204,0.034897542900607106,0.041388734004783684,0.2604773978065751,72.03420093476323
1657.0,0.008,0.0095,500000.0,0.000127,1.0,40.0,400.0,0.0047386062007372,6421.929246297387,351.11917342151344,145.14065556058358,0.0,0.0003944581481485,0.4525269540642517,0.2355504279112091,63.5,1.4948126401474552e-08,1.5455409955994987e-09,432.2621397788173,1.3841247217945278,0.0003760529341313,0.00148,6.65847e-07,0.0154111111111111,0.0157,6.76e-06,0.0805555555555555,0.023,9e-06,0.0031111111111111,0.0401799999999999,0.0990777777777777,1.0,1840538.8691126392,1.9e-06,0.12776,3.4288792715188743,0.03431907955457289,0.049036526153042576,0.25727052526484095,85.71473835764762
1658.0,0.008,0.0095,550000.0,0.000127,1.0,25.0,350.0,0.0010746055843717,3648.8234353962425,319.92671377973846,133.8804362403175,0.0,0.000640385718238,0.3205814963577935,0.0534173540724195,69.85,3.4201251687435433e-09,5.725729591882314e-10,1313.844,4.17940522717509,9.812433144199348e-05,0.00148,6.65847e-07,0.0154111111111111,0.0157,6.76e-06,0.0805555555555555,0.023,9e-06,0.0031111111111111,0.0401799999999999,0.0990777777777777,1.0,560356.2415867527,1.9e-06,0.12776,3.409542083495517,0.03676682487398525,0.09922414228537399,0.2706535567573255,170.31636181324248
1659.0,0.008,0.0095,550000.0,0.000127,1.0,25.0,375.0,0.0012757311694019,3648.8234353962425,351.11917342151344,141.65086588085603,0.0,0.0006775537489534,0.3640274406637945,0.0634150655535668,69.85,3.822376338803869e-09,6.11692891104523e-10,1313.844,4.138749701417094,0.0001177030435447,0.00148,6.65847e-07,0.0154111111111111,0.0157,6.76e-06,0.0805555555555555,0.023,9e-06,0.0031111111111111,0.0401799999999999,0.0990777777777777,1.0,807577.1535304353,1.9e-06,0.12776,3.279049946483092,0.05328481690087443,0.13267237511022759,0.349723742978107,203.04090934929636
1660.0,0.008,0.0095,550000.0,0.000127,1.0,25.0,400.0,0.0014977646946865,3648.8234353962425,351.11917342151344,132.0998924100259,0.0,0.0006318689037456,0.3131704759509395,0.0744520856552334,69.85,4.461972778746094e-09,7.086143221393351e-10,1255.1851831880858,3.771185693333727,0.0001358035024924,0.00148,6.65847e-07,0.0154111111111111,0.0157,6.76e-06,0.0805555555555555,0.023,9e-06,0.0031111111111111,0.0401799999999999,0.0990777777777777,1.0,629469.5655304991,1.9e-06,0.12776,3.501040277986136,0.02518477493846381,0.0707783902957061,0.20267388998497599,132.8133759359712
1663.0,0.008,0.0095,550000.0,0.000127,1.0,30.0,350.0,0.001557576650437,4378.58812247549,319.92671377973846,135.91900599243226,0.0,0.0005417806160915,0.2820307665475212,0.0774252662012452,69.85,4.7012206017481985e-09,7.531227310795754e-10,1219.2980097377704,3.561679963448129,0.0001308355278229,0.00148,6.65847e-07,0.0154111111111111,0.0157,6.76e-06,0.0805555555555555,0.023,9e-06,0.0031111111111111,0.0401799999999999,0.0990777777777777,1.0,652728.1204657166,1.9e-06,0.12776,3.506392990544492,0.024507216386773154,0.036665500346276,0.1983025249339115,69.17884076090972
1664.0,0.008,0.0095,550000.0,0.000127,1.0,30.0,375.0,0.0018485899667225,4378.58812247549,351.11917342151344,143.0203545264743,0.0,0.0005700869810164,0.4050023392393765,0.0918911889378166,69.85,5.865273866890099e-09,9.696770892469327e-10,1044.6900199664851,2.542335979962344,0.000176675630221,0.00148,6.65847e-07,0.0154111111111111,0.0157,6.76e-06,0.0805555555555555,0.023,9e-06,0.0031111111111111,0.0401799999999999,0.0990777777777777,1.0,991000.9064308467,1.9e-06,0.12776,3.4552717742889554,0.030978256419119592,0.1451711503015599,0.2381916118726203,260.2742579274585
1665.0,0.008,0.0095,550000.0,0.000127,1.0,30.0,400.0,0.0021698117254921,4378.58812247549,351.11917342151344,137.74886337108816,0.0,0.0005490745280115,0.4212390686084458,0.1078587371001451,69.85,7.093556993471285e-09,1.1305488243200367e-09,931.2024366010442,1.947317732658988,0.0002107531897916,0.00148,6.65847e-07,0.0154111111111111,0.0157,6.76e-06,0.0805555555555555,0.023,9e-06,0.0031111111111111,0.0401799999999999,0.0990777777777777,1.0,1359946.209676279,1.9e-06,0.12776,3.422747442974554,0.035095260382967855,0.14544033150830069,0.2615671588275589,252.75572871101036
1668.0,0.008,0.0095,550000.0,0.000127,1.0,35.0,350.0,0.002136323046859,5108.352809554739,319.92671377973846,137.60675812357533,0.0,0.0004701497903119,0.3248010584773762,0.1061940550717084,69.85,6.970765171816615e-09,1.121042951261105e-09,935.6675937521233,1.9600710028849704,0.0001898043949889,0.00148,6.65847e-07,0.0154111111111111,0.0157,6.76e-06,0.0805555555555555,0.023,9e-06,0.0031111111111111,0.0401799999999999,0.0990777777777777,1.0,924678.1057659565,1.9e-06,0.12776,3.441427608123013,0.03273068251607433,0.05066700340566768,0.2483200429100301,89.63205186950564
1669.0,0.008,0.0095,550000.0,0.000127,1.0,35.0,375.0,0.0025346574030637,5108.352809554739,351.11917342151344,144.2907053591427,0.0,0.0004929862878366,0.4623562083272412,0.1259947779174156,69.85,8.431324477900441e-09,1.2341114860509908e-09,882.5563462581658,1.8083759855739163,0.0002461319308387,0.00148,6.65847e-07,0.0154111111111111,0.0157,6.76e-06,0.0805555555555555,0.023,9e-06,0.0031111111111111,0.0401799999999999,0.0990777777777777,1.0,1162002.7320855835,1.9e-06,0.12776,3.384376207869791,0.03995237875065935,0.16842143040982557,0.28736484046529537,282.46831909129725
1670.0,0.008,0.0095,550000.0,0.000127,1.0,35.0,400.0,0.0029742704051706,5108.352809554739,351.11917342151344,141.87796676494534,0.0,0.0004847428806114,0.405308890720369,0.1478474127165461,69.85,1.0043238818959e-08,1.3588971020757023e-09,823.9412793105819,1.6409610967349009,0.000288756430795,0.00148,6.65847e-07,0.0154111111111111,0.0157,6.76e-06,0.0805555555555555,0.023,9e-06,0.0031111111111111,0.0401799999999999,0.0990777777777777,1.0,1464154.3341872112,1.9e-06,0.12776,3.3517151707123727,0.044086687251598394,0.08952147800382287,0.30794434388835384,145.80533491508834
1673.0,0.008,0.0095,550000.0,0.000127,1.0,40.0,350.0,0.0028147938204891,5838.117496633988,319.92671377973846,139.16116722371578,0.0,0.0004160280364985,0.364913049090574,0.1399200230639306,69.85,9.458491341793524e-09,1.3136291419252447e-09,845.2048239347811,1.7016935013019232,0.0002497387726233,0.00148,6.65847e-07,0.0154111111111111,0.0157,6.76e-06,0.0805555555555555,0.023,9e-06,0.0031111111111111,0.0401799999999999,0.0990777777777777,1.0,1131854.6238328873,1.9e-06,0.12776,3.3776544049836854,0.040803239875482906,0.057053026026643194,0.29169962129262356,95.10455249891639
1676.0,0.008,0.0095,600000.0,0.000127,1.0,25.0,375.0,0.0010719685520669,3344.754815779889,351.11917342151344,141.65086588085617,0.0,0.0007391495443128,0.3536665424508306,0.0532862703609833,76.2,3.414851104133808e-09,5.720600432197732e-10,1313.844,4.1799382768851965,0.0001164198562139,0.00148,6.65847e-07,0.0154111111111111,0.0157,6.76e-06,0.0805555555555555,0.023,9e-06,0.0031111111111111,0.0401799999999999,0.0990777777777777,1.0,902383.9017465642,1.9e-06,0.12776,3.4274759812544735,0.03449671123361095,0.1324402720898473,0.2582582309610762,231.19473975453224
1677.0,0.008,0.0095,600000.0,0.000127,1.0,25.0,400.0,0.0012585383892852,3344.754815779889,351.11917342151344,132.099892410026,0.0,0.0006893115313588,0.3191651736568204,0.0625604330853003,76.2,3.787990778570408e-09,6.083488094079183e-10,1313.844,4.142225049989889,0.0001273921154307,0.00148,6.65847e-07,0.0154111111111111,0.0157,6.76e-06,0.0805555555555555,0.023,9e-06,0.0031111111111111,0.0401799999999999,0.0990777777777777,1.0,845377.0001738996,1.9e-06,0.12776,3.4137005049573577,0.03624044241046109,0.08866474057151999,0.2678164282684745,152.78336693059654
1679.0,0.008,0.0095,600000.0,0.000127,1.0,30.0,350.0,0.0013087970465477,4013.7057789358655,319.92671377973846,135.91900599243232,0.0,0.0005910333993725,0.2818069567808878,0.0650587306274352,76.2,3.888508093095597e-09,6.181243695387796e-10,1313.844,4.132065765010829,0.0001195891213884,0.00148,6.65847e-07,0.0154111111111111,0.0157,6.76e-06,0.0805555555555555,0.023,9e-06,0.0031111111111111,0.0401799999999999,0.0990777777777777,1.0,887031.2077442058,1.9e-06,0.12776,3.4238879264159867,0.03495089539038146,0.048808226153452594,0.26077177789061823,84.91349405769229
1680.0,0.008,0.0095,600000.0,0.000127,1.0,30.0,375.0,0.0015533290692598,4013.7057789358655,351.11917342151344,143.02035452647422,0.0,0.0006219130701997,0.419558394917566,0.0772141240380264,76.2,4.684230277039597e-09,7.49961940269992e-10,1221.8465584440603,3.57655813594058,0.0001552160956281,0.00148,6.65847e-07,0.0154111111111111,0.0157,6.76e-06,0.0805555555555555,0.023,9e-06,0.0031111111111111,0.0401799999999999,0.0990777777777777,1.0,1105441.6037882345,1.9e-06,0.12776,3.3589587568608037,0.043169777612556484,0.1744042708795395,0.30348344120288406,285.8865410408452
1681.0,0.008,0.0095,600000.0,0.000127,1.0,30.0,400.0,0.0018232445748927,4013.7057789358655,351.11917342151344,137.74886337108808,0.0,0.0005989903941944,0.4377861224063366,0.0906312999244275,76.2,5.763892299570905e-09,9.50816594716098e-10,1059.897255064364,2.631114297740252,0.0001895188841424,0.00148,6.65847e-07,0.0154111111111111,0.0157,6.76e-06,0.0805555555555555,0.023,9e-06,0.0031111111111111,0.0401799999999999,0.0990777777777777,1.0,1267399.0505079376,1.9e-06,0.12776,3.29206140257555,0.05163779714233544,0.17921482248190898,0.34261752423202496,277.2663706248747
1684.0,0.008,0.0095,600000.0,0.000127,1.0,35.0,350.0,0.0017951047824301,4682.6567420918445,319.92671377973846,137.60675812357542,0.0,0.0005128906803403,0.3573970989604143,0.0892325046088661,76.2,5.651333129720787e-09,9.298766776928239e-10,1076.781130541882,2.729680674390453,0.0001702287742636,0.00148,6.65847e-07,0.0154111111111111,0.0157,6.76e-06,0.0805555555555555,0.023,9e-06,0.0031111111111111,0.0401799999999999,0.0990777777777777,1.0,970276.2328378073,1.9e-06,0.12776,3.32361866660506,0.0476432067588532,0.10022459435154799,0.32471978639809645,159.28081909057892
