Unnamed: 0,length,wingLength,appliedElectricField,activeMaterialThickness,multiLayers,staticStrokeAmplitude,operatingFrequency,width,transmissionRatio,naturalFrequency,strokeAmplitude,netThrust,loadedDisplacement,liftableMass,totalMechanicalMass,appliedVoltage,intBulk,intCapacitance,intResistance,intInductance,averageCurrent,xt018-m0-mass,xt018-m0-area,xt018-m0-current,xt018-mem-mass,xt018-mem-area,xt018-mem-current,IMU-sensor-mass,IMU-sensor-area,IMU-sensor-current,total-additional-mass,total-additional-current,cp-frequency,cp-capacitance,N,M,cp-area,cp-mass,vin,load,battery-mass,battery-alpha,runtime,ccount
0.0,0.006,0.0075,400000.0,0.000127,1.0,25.0,400.0,0.0010950464896301,8919.346175413035,385.3528593710531,132.0754358970089,0.0,0.0002584439679854,0.1610123529224353,0.0408250852077945,50.8,2.548810979260253e-09,4.839096174655075e-10,1248.5680000000002,1.8040793025861663,6.580187065179578e-05,0.00148,6.65847e-07,0.0154111111111111,0.0157,6.76e-06,0.0805555555555555,0.023,9e-06,0.0031111111111111,0.0401799999999999,0.0990777777777777,10000000.0,6.3240441866351e-10,22.0,2.0,,0.018563174165254177,3.606102657271963,0.01188573958582748,0.061444093549386625,0.1071139404033156,129.11637743990892,1.0
3.0,0.006,0.0075,400000.0,0.000127,1.0,30.0,400.0,0.0015854574011655,10703.21541049564,385.3528593710531,133.14042423200465,0.0,0.0002171066059337,0.1811265686073972,0.0591083886472928,50.8,3.529632802331063e-09,5.792969918137015e-10,1248.5680000000002,1.7049476409283997,8.687798942271206e-05,0.00148,6.65847e-07,0.0154111111111111,0.0157,6.76e-06,0.0805555555555555,0.023,9e-06,0.0031111111111111,0.0401799999999999,0.0990777777777777,10000000.0,8.714572088244708e-10,22.0,2.0,,0.025580169062010313,3.5727863225831595,0.01610299714137217,0.056258010898093985,0.13980629278345738,113.89004971575758,1.0
7.0,0.006,0.0075,400000.0,0.000127,1.0,35.0,400.0,0.0021717935495594,12487.084645578248,385.3528593710531,134.14132881399766,0.0,0.0001874903484083,0.186536942271045,0.0809679383972566,50.8,5.3886276817180875e-09,8.18618571687623e-10,1105.6621933920696,0.895609007811594,0.0001279490804844,0.00148,6.65847e-07,0.0154111111111111,0.0157,6.76e-06,0.0805555555555555,0.023,9e-06,0.0031111111111111,0.0401799999999999,0.0990777777777777,10000000.0,5.379052847884609e-10,24.0,3.0,,0.05902447888019661,3.591426211547645,0.013743517525614573,0.0063645249935917955,0.12181669682710455,13.153954052228421,1.0
12.0,0.006,0.0075,450000.0,0.000127,1.0,30.0,400.0,0.0012527070824023,9513.969253773908,385.3528593710531,133.14042423200462,0.0,0.0002442449316754,0.1683588709517398,0.0467029243632931,57.15,2.8641321648047917e-09,5.14575391062678e-10,1248.5680000000002,1.7722097903631795,8.164888001157491e-05,0.00148,6.65847e-07,0.0154111111111111,0.0157,6.76e-06,0.0805555555555555,0.023,9e-06,0.0031111111111111,0.0401799999999999,0.0990777777777777,10000000.0,4.888784722535137e-10,24.0,3.0,,0.05364475471152558,3.6130122224537455,0.011011111081804425,0.027831191876921124,0.10002018546893543,58.948087960147454,1.0
20.0,0.006,0.0075,500000.0,0.000127,1.0,30.0,400.0,0.0010146927367459,8562.572328396516,385.3528593710531,133.1404242320046,0.0,0.0002713832574171,0.171855274241253,0.0378293687342674,63.5,2.388103473491881e-09,4.682804107607692e-10,1248.5680000000002,1.820322010194176,7.793667990804417e-05,0.00148,6.65847e-07,0.0154111111111111,0.0157,6.76e-06,0.0805555555555555,0.023,9e-06,0.0031111111111111,0.0401799999999999,0.0990777777777777,10000000.0,5.812029196342297e-10,27.0,3.0,,0.07174748134723939,3.5900921986328744,0.013912379919889398,0.02209842415974611,0.12312913092054784,45.603911709624086,1.0
21.0,0.006,0.0075,500000.0,0.000127,1.0,35.0,375.0,0.00114768517164,9989.667716462602,351.11917342151344,115.50139624606422,0.0,0.0002017964673461,0.1019689214702874,0.0427875394950145,63.5,2.6540883432800395e-09,4.941481043098421e-10,1248.5680000000002,1.7934389194046865,7.82244715313721e-05,0.00148,6.65847e-07,0.0154111111111111,0.0157,6.76e-06,0.0805555555555555,0.023,9e-06,0.0031111111111111,0.0401799999999999,0.0990777777777777,100000000.0,7.5780628312546e-11,24.0,4.0,,0.0083154269382591,3.5881215275391845,0.014161831957065298,0.010685955037013702,0.12506076266269406,22.0037339034775,1.0
22.0,0.006,0.0075,500000.0,0.000127,1.0,35.0,400.0,0.001389947871718,9989.667716462602,385.3528593710531,134.14132881399766,0.0,0.0002343629355104,0.1731852787191087,0.0518194805742442,63.5,3.138613743436133e-09,5.412694107885222e-10,1248.5680000000002,1.7444679372109102,9.809361228881424e-05,0.00148,6.65847e-07,0.0154111111111111,0.0157,6.76e-06,0.0805555555555555,0.023,9e-06,0.0031111111111111,0.0401799999999999,0.0990777777777777,10000000.0,4.052789725518673e-10,28.0,4.0,,0.05188325461352064,3.605837862727648,0.011919257882576148,0.029302543531343858,0.10738356940493948,61.556702189098125,1.0
23.0,0.006,0.0075,500000.0,0.000127,1.0,40.0,350.0,0.0012142258856558,11416.763104528687,351.11917342151344,113.99477125071076,0.0,0.0001742686670614,0.0969468335062085,0.0452682837786684,63.5,2.7871697713117716e-09,5.070906058894982e-10,1248.5680000000002,1.7799883794735194,8.148038053199448e-05,0.00148,6.65847e-07,0.0154111111111111,0.0157,6.76e-06,0.0805555555555555,0.023,9e-06,0.0031111111111111,0.0401799999999999,0.0990777777777777,100000000.0,8.179341967787523e-11,24.0,4.0,,0.008975212010074249,3.580422626419312,0.015136376402618772,0.0025233377174657522,0.1325262749721151,5.15153740048752,1.0
25.0,0.006,0.0075,500000.0,0.000127,1.0,40.0,400.0,0.0018287523433028,11416.763104528687,385.3528593710531,135.15805226345557,0.0,0.0002066218770576,0.1809709029725066,0.0681788133620779,63.5,4.073727373211224e-09,6.424223399930064e-10,1231.316594018317,1.5608680170195297,0.0001234624426724,0.00148,6.65847e-07,0.0154111111111111,0.0157,6.76e-06,0.0805555555555555,0.023,9e-06,0.0031111111111111,0.0401799999999999,0.0990777777777777,10000000.0,5.295255813601786e-10,28.0,4.0,,0.06778913396146315,3.5793601785479217,0.01527086347494669,0.004822955648965552,0.13354652322624655,9.834757720483061,1.0
26.0,0.006,0.0075,550000.0,0.000127,1.0,35.0,400.0,0.0011487172493537,9081.516105875093,385.3528593710531,134.1413288139976,0.0,0.0002577992290615,0.1688272557057285,0.0428260170035076,69.85,2.6561524987075474e-09,4.943488485855558e-10,1248.5680000000002,1.7932302952156285,9.364860731341188e-05,0.00148,6.65847e-07,0.0154111111111111,0.0157,6.76e-06,0.0805555555555555,0.023,9e-06,0.0031111111111111,0.0401799999999999,0.0990777777777777,10000000.0,4.5193288537169727e-10,32.0,4.0,,0.06612094186402706,3.58540536702586,0.014505649743562018,0.019700296838193743,0.12770920952210868,40.44261283636715,1.0
29.0,0.006,0.0075,550000.0,0.000127,1.0,40.0,400.0,0.0015113655729775,10378.875549571534,385.3528593710531,135.15805226345552,0.0,0.0002272840647633,0.188241462078544,0.0563461267455188,69.85,3.3814491459550486e-09,5.648857607719931e-10,1248.568,1.7199245630783233,0.0001150784070017,0.00148,6.65847e-07,0.0154111111111111,0.0157,6.76e-06,0.0805555555555555,0.023,9e-06,0.0031111111111111,0.0401799999999999,0.0990777777777777,10000000.0,5.753894947795306e-10,32.0,4.0,,0.08418350725284895,3.5567335976913355,0.0181349876340082,0.007531828080176148,0.1547185374416966,14.983279869521517,1.0
32.0,0.006,0.008,400000.0,0.000127,1.0,25.0,350.0,0.0010809778399203,8919.346175413035,351.11917342151344,116.58942291811913,0.0,0.0002281410837635,0.1381436478540348,0.0403005834367763,50.8,2.5206736798407954e-09,4.81173194753717e-10,1248.5680000000002,1.806923139438491,5.996850780279095e-05,0.00148,6.65847e-07,0.0154111111111111,0.0157,6.76e-06,0.0805555555555555,0.023,9e-06,0.0031111111111111,0.0401799999999999,0.0990777777777777,10000000.0,5.699723722312986e-10,22.0,2.0,,0.01673058584485058,3.614992362697981,0.010760460417977201,0.04093247857240792,0.09796643313597028,86.89522072079532,1.0
34.0,0.006,0.008,400000.0,0.000127,1.0,25.0,400.0,0.0015616124577686,8919.346175413035,385.3528593710531,137.44796765153683,0.0,0.0002689568874798,0.2488574775685789,0.0582194110055465,50.8,3.4819429155372397e-09,5.746590310982851e-10,1248.5680000000002,1.7097676577866514,8.585307816137225e-05,0.00148,6.65847e-07,0.0154111111111111,0.0157,6.76e-06,0.0805555555555555,0.023,9e-06,0.0031111111111111,0.0401799999999999,0.0990777777777777,10000000.0,8.592963721841466e-10,22.0,2.0,,0.025223208038514276,3.574454061778775,0.01589189091407919,0.12523485852451813,0.1382268131664607,253.99394024142478,1.0
35.0,0.006,0.008,400000.0,0.000127,1.0,30.0,325.0,0.0012549704363733,10703.21541049564,319.92671377973846,115.1713466869064,0.0,0.0001878051713012,0.1193754068346937,0.0467873058206957,50.8,2.868658872746648e-09,5.150156247267933e-10,1248.568,1.7717522759914963,6.141089113024217e-05,0.00148,6.65847e-07,0.0154111111111111,0.0157,6.76e-06,0.0805555555555555,0.023,9e-06,0.0031111111111111,0.0401799999999999,0.0990777777777777,10000000.0,5.852719113828397e-10,22.0,2.0,,0.01717967823183673,3.6128064830008983,0.011037154050519174,0.015228422782161171,0.10023303713005516,32.24705935601174,1.0
36.0,0.006,0.008,400000.0,0.000127,1.0,30.0,350.0,0.0015663914328296,10703.21541049564,351.11917342151344,119.25435274193954,0.0,0.000194463161102,0.1532915669587485,0.0583975788421826,50.8,3.491500865659341e-09,5.755885656425351e-10,1248.568,1.7088016357678104,7.897203192165816e-05,0.00148,6.65847e-07,0.0154111111111111,0.0157,6.76e-06,0.0805555555555555,0.023,9e-06,0.0031111111111111,0.0401799999999999,0.0990777777777777,10000000.0,7.791389468280223e-10,22.0,2.0,,0.022870320861241373,3.585518772489148,0.014491294621626835,0.03184366725532442,0.12759895203390617,65.37992293679159,1.0
37.0,0.006,0.008,400000.0,0.000127,1.0,30.0,375.0,0.0019017180753192,10703.21541049564,351.11917342151344,120.40646396180378,0.0,0.0001963418614145,0.1571004022264187,0.0708990925968212,50.8,4.365590301276897e-09,6.96718986849972e-10,1187.5371548084656,1.3052880288563409,9.672400127953586e-05,0.00148,6.65847e-07,0.0154111111111111,0.0157,6.76e-06,0.0805555555555555,0.023,9e-06,0.0031111111111111,0.0401799999999999,0.0990777777777777,10000000.0,9.914226286164856e-10,22.0,2.0,,0.029101553346632003,3.556485986711035,0.01816633079607151,0.0169197562829655,0.154944508658437,33.64995438399655,1.0
38.0,0.006,0.008,400000.0,0.000127,1.0,30.0,400.0,0.0022613115122322,10703.21541049564,385.3528593710531,138.32852276301634,0.0,0.000225566624518,0.2502494579185507,0.0843053112744376,50.8,5.71686021151823e-09,8.440285437854965e-10,1093.7264650357008,0.8615184788733423,0.0001348726055345,0.00148,6.65847e-07,0.0154111111111111,0.0157,6.76e-06,0.0805555555555555,0.023,9e-06,0.0031111111111111,0.0401799999999999,0.0990777777777777,10000000.0,5.708079399627877e-10,24.0,3.0,,0.06263489530546595,3.5852164079764117,0.014529568610580764,0.06312925133864705,0.12789286144324233,129.57034911012104,1.0
41.0,0.006,0.008,400000.0,0.000127,1.0,35.0,350.0,0.0021477612153746,12487.084645578248,351.11917342151344,121.2919868288202,0.0,0.0001695307260688,0.1777721192021802,0.0800719745271108,50.8,5.3005091230403165e-09,8.117969135214735e-10,1108.866504616716,0.904761081423648,0.0001154454676644,0.00148,6.65847e-07,0.0154111111111111,0.0157,6.76e-06,0.0805555555555555,0.023,9e-06,0.0031111111111111,0.0401799999999999,0.0990777777777777,10000000.0,4.796312978355095e-10,24.0,3.0,,0.05263005999375268,3.602539738357015,0.012336741980124721,0.004890084681316624,0.11072831446863278,10.234249324867086,1.0
43.0,0.006,0.008,400000.0,0.000127,1.0,35.0,400.0,0.0030981334033235,12487.084645578248,385.3528593710531,139.23225921857295,0.0,0.0001946059802849,0.2293033384620557,0.1155033702893483,50.8,7.954984806647161e-09,9.148288444399462e-10,899.1279790029262,0.7631182435855668,0.0001800705142011,0.00148,6.65847e-07,0.0154111111111111,0.0157,6.76e-06,0.0805555555555555,0.023,9e-06,0.0031111111111111,0.0401799999999999,0.0990777777777777,10000000.0,4.55934008692411e-10,24.0,4.0,,0.05002975064171722,3.5885505092650085,0.014107530472783753,0.02359021753099018,0.12464100412708619,48.59854795437972,1.0
48.0,0.006,0.008,450000.0,0.000127,1.0,25.0,375.0,0.0010373496987805,7928.307711478257,351.11917342151344,115.43873523423824,0.0,0.0002541256075692,0.130367588828354,0.0386740565300573,57.15,2.433417397561121e-09,4.72687303161313e-10,1248.5680000000002,1.8157421318884976,6.554353196177081e-05,0.00148,6.65847e-07,0.0154111111111111,0.0157,6.76e-06,0.0805555555555555,0.023,9e-06,0.0031111111111111,0.0401799999999999,0.0990777777777777,10000000.0,9.011170205289283e-10,24.0,2.0,,0.028855399893466846,3.564530311929824,0.01714806178103498,0.022658132404829757,0.14754087254717316,45.45721494982561,1.0
50.0,0.006,0.008,450000.0,0.000127,1.0,30.0,350.0,0.0012376426135938,9513.969253773908,351.11917342151344,119.25435274193968,0.0,0.0002187710562398,0.1603727335219456,0.0461412968629592,57.15,2.834003227187632e-09,5.116452765570652e-10,1248.5680000000002,1.7752549220881462,7.436361112501887e-05,0.00148,6.65847e-07,0.0154111111111111,0.0157,6.76e-06,0.0805555555555555,0.023,9e-06,0.0031111111111111,0.0401799999999999,0.0990777777777777,10000000.0,4.3968594088752154e-10,24.0,3.0,,0.04824684617486325,3.621320561534372,0.009959422590585817,0.025804590484123154,0.09133967633926415,55.18279389585184,1.0
52.0,0.006,0.008,450000.0,0.000127,1.0,30.0,400.0,0.0017867152689242,9513.969253773908,385.3528593710531,138.3285227630163,0.0,0.0002537624525827,0.2618705861084651,0.066611603969926,57.15,3.9321485378484855e-09,6.184426533821096e-10,1248.5680000000002,1.6642653755396537,0.0001074700294653,0.00148,6.65847e-07,0.0154111111111111,0.0157,6.76e-06,0.0805555555555555,0.023,9e-06,0.0031111111111111,0.0401799999999999,0.0990777777777777,10000000.0,5.835167786471552e-10,27.0,3.0,,0.07203311920410785,3.5783708824130187,0.01539609083379503,0.08304586293443125,0.134494369942509,169.15819722027385,1.0
55.0,0.006,0.008,450000.0,0.000127,1.0,35.0,350.0,0.0016969965158515,11099.63079606956,351.11917342151344,121.29198682882,0.0,0.0001907220668274,0.1675126095823479,0.0632667453053714,57.15,3.752711031703119e-09,6.009919073157077e-10,1248.5680000000002,1.6824011242857655,9.459686188166327e-05,0.00148,6.65847e-07,0.0154111111111111,0.0157,6.76e-06,0.0805555555555555,0.023,9e-06,0.0031111111111111,0.0401799999999999,0.0990777777777777,10000000.0,5.052656421474888e-10,27.0,3.0,,0.06237328824533811,3.593778615901769,0.013445744822560864,0.0016925760316382904,0.1194927470438115,3.507407875901268,1.0
57.0,0.006,0.008,450000.0,0.000127,1.0,35.0,400.0,0.0024479078742309,11099.63079606956,385.3528593710531,139.23225921857306,0.0,0.0002189317278206,0.2302981303306156,0.0912619222039296,57.15,6.401046872180253e-09,8.969945431267102e-10,1068.8469501025363,0.7904582303091113,0.0001679669872344,0.00148,6.65847e-07,0.0154111111111111,0.0157,6.76e-06,0.0805555555555555,0.023,9e-06,0.0031111111111111,0.0401799999999999,0.0990777777777777,10000000.0,5.326651181462012e-10,28.0,4.0,,0.06819105312695076,3.561711241105778,0.01750490618914206,0.03066515499973524,0.15015013888433948,61.332761691257595,1.0
63.0,0.006,0.008,500000.0,0.000127,1.0,30.0,350.0,0.0010024905170109,8562.572328396516,351.11917342151344,119.2543527419396,0.0,0.0002430789513776,0.1568320198468745,0.0373744504589969,63.5,2.36369903402198e-09,4.659070180112224e-10,1248.5680000000002,1.8227885668913983,7.112076186542304e-05,0.00148,6.65847e-07,0.0154111111111111,0.0157,6.76e-06,0.0805555555555555,0.023,9e-06,0.0031111111111111,0.0401799999999999,0.0990777777777777,10000000.0,5.222863963659005e-10,27.0,3.0,,0.0644744412240086,3.600597112646688,0.012582643968773736,0.014803128163869,0.11268669571510323,30.912607604422845,1.0
64.0,0.006,0.008,500000.0,0.000127,1.0,30.0,375.0,0.0012170995682043,8562.572328396516,351.11917342151344,120.4064639618038,0.0,0.0002454273267681,0.1552266069270742,0.0453754192619655,63.5,2.792917136408608e-09,5.07649551513578e-10,1248.5680000000002,1.779407493283182,8.162099755040985e-05,0.00148,6.65847e-07,0.0154111111111111,0.0157,6.76e-06,0.0805555555555555,0.023,9e-06,0.0031111111111111,0.0401799999999999,0.0990777777777777,100000000.0,8.206979767813506e-11,24.0,4.0,,0.009005539035854822,3.5800723558156733,0.015180714453712281,0.06066564862925378,0.1328628984789669,123.80430952427642,1.0
65.0,0.006,0.008,500000.0,0.000127,1.0,30.0,400.0,0.0014472393678286,8562.572328396516,385.3528593710531,138.3285227630163,0.0,0.0002819582806475,0.2522871376772398,0.0539553992156401,63.5,3.253196735657276e-09,5.524128932395093e-10,1248.5680000000002,1.7328870341871192,0.000101171523259,0.00148,6.65847e-07,0.0154111111111111,0.0157,6.76e-06,0.0805555555555555,0.023,9e-06,0.0031111111111111,0.0401799999999999,0.0990777777777777,10000000.0,7.069037885069143e-10,30.0,3.0,,0.09696090769833705,3.5482391876330106,0.019210229413542945,0.061190830763262746,0.16240217304931057,120.62214300026884,1.0
67.0,0.006,0.008,500000.0,0.000127,1.0,35.0,350.0,0.0013745671778397,9989.667716462602,351.11917342151344,121.29198682882009,0.0,0.0002119134075861,0.1821460453519646,0.0512460636973509,63.5,3.107852355679528e-09,5.382777889257234e-10,1248.5680000000002,1.7475769906714702,8.932682296769562e-05,0.00148,6.65847e-07,0.0154111111111111,0.0157,6.76e-06,0.0805555555555555,0.023,9e-06,0.0031111111111111,0.0401799999999999,0.0990777777777777,100000000.0,1.0066070709702373e-10,24.0,4.0,,0.011045524087852185,3.557210811767906,0.018074580788872623,0.07967445756676142,0.1542826880313266,158.58039115174302,1.0
68.0,0.006,0.008,500000.0,0.000127,1.0,35.0,375.0,0.0016680775341529,9989.667716462602,351.11917342151344,124.02741840494316,0.0,0.0002166925743033,0.1679845174041046,0.0621885993972753,63.5,3.694873068305831e-09,5.953670207804128e-10,1248.5680000000002,1.68824680724633,0.0001036921261047,0.00148,6.65847e-07,0.0154111111111111,0.0157,6.76e-06,0.0805555555555555,0.023,9e-06,0.0031111111111111,0.0401799999999999,0.0990777777777777,10000000.0,4.318517945960155e-10,28.0,4.0,,0.05528507061012992,3.6000872295493496,0.012647186132993805,0.010330847396699379,0.11319928590976684,21.560912101557907,1.0
69.0,0.006,0.008,500000.0,0.000127,1.0,35.0,400.0,0.001982805378127,9989.667716462602,385.3528593710531,139.2322592185729,0.0,0.0002432574753562,0.2182698389209586,0.0739221569851828,63.5,4.689939512508355e-09,7.570592112741134e-10,1138.8847731237468,1.0212602898191203,0.0001413339911375,0.00148,6.65847e-07,0.0154111111111111,0.0157,6.76e-06,0.0805555555555555,0.023,9e-06,0.0031111111111111,0.0401799999999999,0.0990777777777777,10000000.0,6.235491568304407e-10,28.0,4.0,,0.07982590230175218,3.5599970012694664,0.017721898573485273,0.024341779634023522,0.15172900411289234,48.59505666043767,1.0
71.0,0.006,0.008,500000.0,0.000127,1.0,40.0,325.0,0.0014524653876357,11416.763104528687,319.92671377973846,116.86908485608372,0.0,0.0001786627528184,0.1282785208842644,0.054150233595682,63.5,3.263648775271556e-09,5.534293802220967e-10,1248.568,1.731830646543304,8.556809508568769e-05,0.00148,6.65847e-07,0.0154111111111111,0.0157,6.76e-06,0.0805555555555555,0.023,9e-06,0.0031111111111111,0.0401799999999999,0.0990777777777777,100000000.0,9.05727812665275e-11,24.0,4.0,,0.009938573511299887,3.569447357236101,0.016525650982772082,0.024009713777282515,0.14295121831552057,48.428127067153305,1.0
75.0,0.006,0.008,550000.0,0.000127,1.0,30.0,375.0,0.001005867411739,7784.156662178651,351.11917342151344,120.40646396180364,0.0,0.0002699700594449,0.1470194649239935,0.0375003464974922,69.85,2.3704528234781902e-09,4.665638409203127e-10,1248.5680000000002,1.8221059613910595,7.841455948907643e-05,0.00148,6.65847e-07,0.0154111111111111,0.0157,6.76e-06,0.0805555555555555,0.023,9e-06,0.0031111111111111,0.0401799999999999,0.0990777777777777,10000000.0,5.178014412274123e-10,28.0,4.0,,0.06628822572582786,3.5983721024747832,0.012864290825976812,0.0030508927006734354,0.11491918084445107,6.354992049152589,1.0
76.0,0.006,0.008,550000.0,0.000127,1.0,30.0,400.0,0.0011960655932468,7784.156662178651,385.3528593710531,138.32852276301637,0.0,0.0003101541087122,0.2392404092194831,0.0445912390211901,69.85,2.7508491864936155e-09,5.035583382144704e-10,1248.5680000000002,1.7836593009810904,9.64462230247678e-05,0.00148,6.65847e-07,0.0154111111111111,0.0157,6.76e-06,0.0805555555555555,0.023,9e-06,0.0031111111111111,0.0401799999999999,0.0990777777777777,10000000.0,8.606232753792464e-10,33.0,3.0,,0.1298500543584207,3.509591948991007,0.024102284937847246,0.024619115839872197,0.19566709422360082,46.60295300340808,1.0
79.0,0.006,0.008,550000.0,0.000127,1.0,35.0,400.0,0.0016386821306835,9081.516105875093,385.3528593710531,139.23225921857292,0.0,0.0002675832228918,0.2479229296213599,0.0610926917232916,69.85,3.636082261367089e-09,5.89649467828603e-10,1248.5680000000002,1.6941887941036282,0.0001226029071149,0.00148,6.65847e-07,0.0154111111111111,0.0157,6.76e-06,0.0805555555555555,0.023,9e-06,0.0031111111111111,0.0401799999999999,0.0990777777777777,10000000.0,6.211078603283787e-10,32.0,4.0,,0.0908724238783507,3.546376677259792,0.01944599022027945,0.0557778140197176,0.16406827549220518,109.73304885474211,1.0
84.0,0.006,0.008,600000.0,0.000127,1.0,30.0,400.0,0.0010050273387698,7135.476940330432,385.3528593710531,138.32852276301628,0.0,0.000338349936777,0.2476232770821375,0.0374690272330834,76.2,2.368772677539774e-09,4.66400442527437e-10,1248.568,1.822275773741055,9.290111358807009e-05,0.00148,6.65847e-07,0.0154111111111111,0.0157,6.76e-06,0.0805555555555555,0.023,9e-06,0.0031111111111111,0.0401799999999999,0.0990777777777777,10000000.0,5.378826061560336e-10,36.0,4.0,,0.08853298552244389,3.5548850359262096,0.018368982794150706,0.08144126432661032,0.15640263473168264,161.690636418691,1.0
85.0,0.006,0.008,600000.0,0.000127,1.0,35.0,375.0,0.001158387176495,8324.72309705217,351.11917342151344,124.02741840494308,0.0,0.0002600310891639,0.1747061660106742,0.0431865273592189,76.2,2.675492352990159e-09,4.962296977641751e-10,1248.5680000000002,1.7912756161432848,9.4497741367025e-05,0.00148,6.65847e-07,0.0154111111111111,0.0157,6.76e-06,0.0805555555555555,0.023,9e-06,0.0031111111111111,0.0401799999999999,0.0990777777777777,10000000.0,5.488190570436314e-10,36.0,4.0,,0.09033307468133693,3.552162438759485,0.01871361534690068,0.0010065639701183626,0.15887082112266832,1.992550000733045,1.0
86.0,0.006,0.008,600000.0,0.000127,1.0,35.0,400.0,0.0013769481792549,8324.72309705217,385.3528593710531,139.23225921857295,0.0,0.0002919089704274,0.2236568969319851,0.0513348312397103,76.2,3.1126143585098482e-09,5.38740905605979e-10,1248.5680000000002,1.74709569504541,0.0001168742820667,0.00148,6.65847e-07,0.0154111111111111,0.0157,6.76e-06,0.0805555555555555,0.023,9e-06,0.0031111111111111,0.0401799999999999,0.0990777777777777,10000000.0,7.104897556895405e-10,36.0,4.0,,0.11694332282620735,3.5128711210917833,0.023687199861799596,0.015198742866067358,0.19294753534140877,28.86785959312507,1.0
91.0,0.006,0.0085,400000.0,0.000127,1.0,20.0,375.0,0.0011511661870547,7135.476940330428,351.11917342151344,113.5224465657744,0.0,0.0002776745666843,0.1903109692872382,0.0429173173193013,50.8,2.661050374109549e-09,4.94825179213089e-10,1248.5680000000002,1.792735266948748,6.271583685444486e-05,0.00148,6.65847e-07,0.0154111111111111,0.0157,6.76e-06,0.0805555555555555,0.023,9e-06,0.0031111111111111,0.0401799999999999,0.0990777777777777,10000000.0,5.99190776097921e-10,22.0,2.0,,0.017588243229587228,3.610822033620712,0.011288350174593354,0.08962540873834968,0.1022809297021355,189.3549875849869,1.0
92.0,0.006,0.0085,400000.0,0.000127,1.0,20.0,400.0,0.0013537304389833,7135.476940330428,385.3528593710531,137.94972593203784,0.0,0.0003374234041917,0.2855217501264838,0.0504692367340019,50.8,3.066178877966714e-09,5.342249390344575e-10,1248.5680000000002,1.7517889290639044,7.691834528139005e-05,0.00148,6.65847e-07,0.0154111111111111,0.0157,6.76e-06,0.0805555555555555,0.023,9e-06,0.0031111111111111,0.0401799999999999,0.0990777777777777,10000000.0,7.556988371811553e-10,22.0,2.0,,0.02218227564051535,3.5887781715163687,0.014078712466282515,0.17269023775196657,0.12441807302362431,355.85225694213653,1.0
93.0,0.006,0.0085,400000.0,0.000127,1.0,25.0,325.0,0.0012365656775597,8919.346175413035,319.92671377973846,120.88529073274545,0.0,0.0002365471974092,0.1509658442145939,0.046101146964511,50.8,2.8318493551194726e-09,5.114358071137562e-10,1248.5680000000002,1.7754726139380752,6.0754554450637374e-05,0.00148,6.65847e-07,0.0154111111111111,0.0157,6.76e-06,0.0805555555555555,0.023,9e-06,0.0031111111111111,0.0401799999999999,0.0990777777777777,10000000.0,5.782990367575677e-10,22.0,2.0,,0.016975001157671196,3.613802117079745,0.01091112442028547,0.0477096960924117,0.0992020485906587,101.14378191998914,1.0
94.0,0.006,0.0085,400000.0,0.000127,1.0,25.0,350.0,0.0015115912847248,8919.346175413035,351.11917342151344,120.33644507308136,0.0,0.0002354732213959,0.1836643584341823,0.0563545416405962,50.8,3.3819005694496093e-09,5.649296628353981e-10,1248.5680000000002,1.7198789377057282,7.68263344977656e-05,0.00148,6.65847e-07,0.0154111111111111,0.0157,6.76e-06,0.0805555555555555,0.023,9e-06,0.0031111111111111,0.0401799999999999,0.0990777777777777,10000000.0,7.546536837095805e-10,22.0,2.0,,0.02215159690812562,3.58892375499425,0.01406028417794308,0.06497821988546038,0.124275455447044,133.91847037637913,1.0
95.0,0.006,0.0085,400000.0,0.000127,1.0,25.0,375.0,0.0018077811457199,8919.346175413035,351.11917342151344,120.22248824422226,0.0,0.0002352502317474,0.1768380729088075,0.0673969735622721,50.8,3.989842582879722e-09,6.268168539948834e-10,1243.8993125680418,1.63432466964097,8.877793613705465e-05,0.00148,6.65847e-07,0.0154111111111111,0.0157,6.76e-06,0.0805555555555555,0.023,9e-06,0.0031111111111111,0.0401799999999999,0.0990777777777777,10000000.0,8.941584144756591e-10,22.0,2.0,,0.02624652499158278,3.569680703585685,0.016496113470166423,0.04301457435495251,0.14273218018399,86.78352765820526,1.0
96.0,0.006,0.0085,400000.0,0.000127,1.0,25.0,400.0,0.0021254636197495,8919.346175413035,385.3528593710531,138.7287537884801,0.0,0.0002714631177195,0.2986026084151628,0.0792406844860558,50.8,5.218751272415116e-09,8.054676666779832e-10,1111.8395173667232,0.9132525261149,0.0001243657818102,0.00148,6.65847e-07,0.0154111111111111,0.0157,6.76e-06,0.0805555555555555,0.023,9e-06,0.0031111111111111,0.0401799999999999,0.0990777777777777,10000000.0,5.210564679584119e-10,24.0,3.0,,0.05717565407541218,3.5946242408951163,0.013338703684162487,0.12200626985369482,0.11865434241222406,253.06586392716852,1.0
97.0,0.006,0.0085,400000.0,0.000127,1.0,30.0,300.0,0.0014251625740657,10703.21541049564,291.5053062825179,112.02031356443857,0.0,0.0001826669113749,0.1216995157712362,0.0531323410212915,50.8,3.209043148131599e-09,5.481188464686684e-10,1248.5680000000002,1.7373496372783397,6.20508776895428e-05,0.00148,6.65847e-07,0.0154111111111111,0.0157,6.76e-06,0.0805555555555555,0.023,9e-06,0.0031111111111111,0.0401799999999999,0.0990777777777777,10000000.0,5.920889419151519e-10,22.0,2.0,,0.01737978076326528,3.611834065264227,0.011160244903262388,0.011007393986679423,0.10123770938411296,23.282762195503533,1.0
98.0,0.006,0.0085,400000.0,0.000127,1.0,30.0,325.0,0.001792830905275,10703.21541049564,319.92671377973846,121.6153372188232,0.0,0.000198313121243,0.1486647215813551,0.0668396046781009,50.8,3.944379810550027e-09,6.196321752305161e-10,1248.568,1.6630291608077088,8.0595620129013e-05,0.00148,6.65847e-07,0.0154111111111111,0.0157,6.76e-06,0.0805555555555555,0.023,9e-06,0.0031111111111111,0.0401799999999999,0.0990777777777777,10000000.0,7.978242201654127e-10,22.0,2.0,,0.023418795813425267,3.5829282890486387,0.01481920391789385,0.018226321089828832,0.1301105937775437,37.31369070738769,1.0
99.0,0.006,0.0085,400000.0,0.000127,1.0,30.0,350.0,0.002190712529456,10703.21541049564,351.11917342151344,123.16428397235865,0.0,0.0002008389249151,0.1783925294769368,0.0816732682381695,50.8,5.457997274672265e-09,8.239887871945373e-10,1103.1396627391905,0.888404218824107,0.0001184721203815,0.00148,6.65847e-07,0.0154111111111111,0.0157,6.76e-06,0.0805555555555555,0.023,9e-06,0.0031111111111111,0.0401799999999999,0.0990777777777777,10000000.0,4.936050226090966e-10,24.0,3.0,,0.05416340024174938,3.5998612309485822,0.012675793550812338,0.00237586099701792,0.11342629501782622,4.957252300291886,1.0
100.0,0.006,0.0085,400000.0,0.000127,1.0,30.0,375.0,0.0026191831747677,10703.21541049564,351.11917342151344,124.69193247238807,0.0,0.0002033299984024,0.2064015778370912,0.0976473394484222,50.8,6.997084349535547e-09,9.39190647815437e-10,1042.8130475696678,0.7337156487046022,0.0001479794226632,0.00148,6.65847e-07,0.0154111111111111,0.0157,6.76e-06,0.0805555555555555,0.023,9e-06,0.0031111111111111,0.0401799999999999,0.0990777777777777,10000000.0,3.657246546393707e-10,24.0,4.0,,0.040131056087723715,3.609189389995727,0.011495013924591473,0.02844318230094528,0.10395879264342726,59.98067045672647,1.0
101.0,0.006,0.0085,400000.0,0.000127,1.0,30.0,400.0,0.003078713011036,10703.21541049564,385.3528593710531,139.5271408487878,0.0,0.0002275211616611,0.323336504393515,0.1147793469922434,50.8,7.916144022072197e-09,9.158166626936487e-10,904.9540966891705,0.7619260321765023,0.0001793296057185,0.00148,6.65847e-07,0.0154111111111111,0.0157,6.76e-06,0.0805555555555555,0.023,9e-06,0.0031111111111111,0.0401799999999999,0.0990777777777777,10000000.0,7.939872358375131e-10,24.0,3.0,,0.08712441420103763,3.544292429598564,0.01970981903815651,0.08125274320023397,0.1659248908680054,159.49546598351924,1.0
104.0,0.006,0.0085,400000.0,0.000127,1.0,35.0,350.0,0.0030043429627306,12487.084645578248,351.11917342151344,125.32108029127316,0.0,0.0001751622204317,0.2227287825954222,0.1120067125993371,50.8,7.7674039254612e-09,9.19599495200708e-10,927.26511118082,0.757360479701044,0.0001613681302143,0.00148,6.65847e-07,0.0154111111111111,0.0157,6.76e-06,0.0805555555555555,0.023,9e-06,0.0031111111111111,0.0401799999999999,0.0990777777777777,10000000.0,4.0280873800734956e-10,24.0,4.0,,0.044200301654637106,3.600626557067076,0.012578916826952348,0.0263417683414479,0.1126570768683625,55.00998982950722,1.0
105.0,0.006,0.0085,400000.0,0.000127,1.0,35.0,375.0,0.003590683570731,12487.084645578248,351.11917342151344,127.96214411170588,0.0,0.0001788536552806,0.2566770751208243,0.133866428610567,50.8,8.940085141462116e-09,8.897752801747645e-10,751.3629287806828,0.7933557341793227,0.0001817503857751,0.00148,6.65847e-07,0.0154111111111111,0.0157,6.76e-06,0.0805555555555555,0.023,9e-06,0.0031111111111111,0.0401799999999999,0.0990777777777777,10000000.0,4.607841125123563e-10,24.0,4.0,,0.05056195372390054,3.587459027673803,0.014245692699518657,0.03206869278635675,0.12570822830891587,65.98463167554748,1.0
106.0,0.006,0.0085,400000.0,0.000127,1.0,35.0,400.0,0.0042194752068571,12487.084645578248,385.3528593710531,140.39775301264123,0.0,0.0001962349997635,0.2963781005676685,0.1573087868719649,50.8,1.0197668413714269e-08,8.57791793603212e-10,562.72543794286,0.8319570431238905,0.000222851008684,0.00148,6.65847e-07,0.0154111111111111,0.0157,6.76e-06,0.0805555555555555,0.023,9e-06,0.0031111111111111,0.0401799999999999,0.0990777777777777,10000000.0,5.837643720708628e-10,24.0,4.0,,0.06405660777967323,3.560379871054242,0.017673434043766874,0.03483270591603037,0.15137687881801948,69.56763218282323,1.0
110.0,0.006,0.0085,450000.0,0.000127,1.0,20.0,400.0,0.0010696141740115,6342.646169182605,385.3528593710531,137.94972593203786,0.0,0.0003796013297156,0.2628204378646086,0.0398769277898287,57.15,2.497946348023085e-09,4.789629049161151e-10,1248.5680000000002,1.809220190865307,7.279773584552418e-05,0.00148,6.65847e-07,0.0154111111111111,0.0157,6.76e-06,0.0805555555555555,0.023,9e-06,0.0031111111111111,0.0401799999999999,0.0990777777777777,10000000.0,4.2928377235073355e-10,24.0,3.0,,0.04710541366904701,3.6230895399873653,0.009735501267422154,0.1356580964057329,0.0894697903863198,290.7001304046552,1.0
111.0,0.006,0.0085,450000.0,0.000127,1.0,25.0,350.0,0.0011943437311405,7928.307711478257,351.11917342151344,120.33644507308142,0.0,0.0002649073740704,0.1882330990446687,0.0445270452468909,57.15,2.747405462281175e-09,5.032234274255e-10,1248.5680000000002,1.784007358187242,7.245675307168689e-05,0.00148,6.65847e-07,0.0154111111111111,0.0157,6.76e-06,0.0805555555555555,0.023,9e-06,0.0031111111111111,0.0401799999999999,0.0990777777777777,10000000.0,4.2702642784392255e-10,24.0,3.0,,0.04685771470245294,3.6234739831879623,0.009686837571144032,0.05666833909532486,0.0890623990170721,121.48824587052883,1.0
112.0,0.006,0.0085,450000.0,0.000127,1.0,25.0,375.0,0.0014283702879762,7928.307711478257,351.11917342151344,120.22248824422226,0.0,0.0002646565107159,0.1912372759016918,0.053251929728215,57.15,3.215458575952484e-09,5.487427628628191e-10,1248.5680000000002,1.7367012299884823,8.276393912506983e-05,0.00148,6.65847e-07,0.0154111111111111,0.0157,6.76e-06,0.0805555555555555,0.023,9e-06,0.0031111111111111,0.0401799999999999,0.0990777777777777,10000000.0,4.965268075099342e-10,24.0,3.0,,0.05448400841580697,3.6117288900147986,0.011173558225974947,0.04332133775766962,0.10134623879382859,91.62192327803048,1.0
113.0,0.006,0.0085,450000.0,0.000127,1.0,25.0,400.0,0.0016793786625181,7928.307711478257,385.3528593710531,138.7287537884801,0.0,0.0003053960074344,0.2958129592873128,0.062609923544538,57.15,3.717475325036374e-09,5.975651467530996e-10,1248.568,1.685962397158574,0.0001022794259465,0.00148,6.65847e-07,0.0154111111111111,0.0157,6.76e-06,0.0805555555555555,0.023,9e-06,0.0031111111111111,0.0401799999999999,0.0990777777777777,10000000.0,5.516363391846888e-10,27.0,3.0,,0.0680975897041621,3.5846164408750276,0.014605513813287636,0.12492544603861269,0.12847546555764508,256.2333619260149,1.0
115.0,0.006,0.0085,450000.0,0.000127,1.0,30.0,325.0,0.001416557752316,9513.969253773908,319.92671377973846,121.61533721882311,0.0,0.0002231022613983,0.1423219317468128,0.0528115394987464,57.15,3.19183350463212e-09,5.464451656142354e-10,1248.568,1.7390890159468315,7.557048178962524e-05,0.00148,6.65847e-07,0.0154111111111111,0.0157,6.76e-06,0.0805555555555555,0.023,9e-06,0.0031111111111111,0.0401799999999999,0.0990777777777777,10000000.0,4.477438196740811e-10,24.0,3.0,,0.049131039191192355,3.619953169676599,0.010132510167519159,0.0001993530568739424,0.0927798136801407,0.42563835208194106,1.0
117.0,0.006,0.0085,450000.0,0.000127,1.0,30.0,375.0,0.002069478064014,9513.969253773908,351.11917342151344,124.69193247238816,0.0,0.0002287462482028,0.2028684236990629,0.077153453391346,57.15,5.013470901384831e-09,7.895759800639333e-10,1119.3042581314608,0.9345731320686246,0.0001236702110398,0.00148,6.65847e-07,0.0154111111111111,0.0157,6.76e-06,0.0805555555555555,0.023,9e-06,0.0031111111111111,0.0401799999999999,0.0990777777777777,10000000.0,6.860540179401045e-10,27.0,3.0,,0.0846909851835117,3.5585733810098654,0.0179021036696373,0.0008439851242051932,0.15303574809728873,1.6823061044852095,1.0
118.0,0.006,0.0085,450000.0,0.000127,1.0,30.0,400.0,0.0024325633667445,9513.969253773908,385.3528593710531,139.52714084878787,0.0,0.0002559613068687,0.3355172681811641,0.0906898544136246,57.15,6.344783678063449e-09,8.926389535283373e-10,1070.8928844340564,0.7963017767984409,0.0001666319265928,0.00148,6.65847e-07,0.0154111111111111,0.0157,6.76e-06,0.0805555555555555,0.023,9e-06,0.0031111111111111,0.0401799999999999,0.0990777777777777,10000000.0,9.838192138367975e-10,27.0,3.0,,0.12144906418954983,3.503478145753175,0.02487618408187659,0.08319834957798967,0.20068889859319236,156.50769832417504,1.0
121.0,0.006,0.0085,450000.0,0.000127,1.0,35.0,350.0,0.0023738018470957,11099.63079606956,351.11917342151344,125.32108029127288,0.0,0.0001970574979857,0.2283260000752719,0.088499130942686,57.15,6.129324772684533e-09,8.759593003042943e-10,1078.7277537205623,0.8186795345828273,0.0001477954806682,0.00148,6.65847e-07,0.0154111111111111,0.0157,6.76e-06,0.0805555555555555,0.023,9e-06,0.0031111111111111,0.0401799999999999,0.0990777777777777,10000000.0,4.6014989290899867e-10,28.0,4.0,,0.05890775409308078,3.5791682929930855,0.01529515278568545,0.040739115039505024,0.13373053143198502,83.05575823930486,1.0
122.0,0.006,0.0085,450000.0,0.000127,1.0,35.0,375.0,0.0028370833151455,11099.63079606956,351.11917342151344,127.96214411170602,0.0,0.0002012103621907,0.2447700242049098,0.1057710053219293,57.15,7.43288463029105e-09,9.28107157175123e-10,977.4430054563426,0.747092465689012,0.0001749981675714,0.00148,6.65847e-07,0.0154111111111111,0.0157,6.76e-06,0.0805555555555555,0.023,9e-06,0.0031111111111111,0.0401799999999999,0.0990777777777777,10000000.0,5.586192661821969e-10,28.0,4.0,,0.07151366733106233,3.555558879797283,0.018283686101609773,0.02730535155191796,0.15578951980694394,54.25048937996225,1.0
123.0,0.006,0.0085,450000.0,0.000127,1.0,35.0,400.0,0.0033339063362821,11099.63079606956,385.3528593710531,140.39775301264123,0.0,0.0002207643747339,0.2941237998440261,0.1242933624667377,57.15,8.426530672564362e-09,9.028362542050068e-10,828.3960991153458,0.7775922653489176,0.000212698699967,0.00148,6.65847e-07,0.0154111111111111,0.0157,6.76e-06,0.0805555555555555,0.023,9e-06,0.0031111111111111,0.0401799999999999,0.0990777777777777,10000000.0,7.043396676930895e-10,28.0,4.0,,0.09016859197807572,3.5219186375659013,0.022541944611911273,0.03948184539921257,0.18534777229373448,75.69633306208146,1.0
129.0,0.006,0.0085,500000.0,0.000127,1.0,25.0,375.0,0.0011569799332607,7135.476940330431,351.11917342151344,120.2224882442224,0.0,0.0002940627896843,0.1899965826123282,0.0431340630798541,63.5,2.6726778665215113e-09,4.95955981918883e-10,1248.5680000000002,1.791560076290671,7.86792614393625e-05,0.00148,6.65847e-07,0.0154111111111111,0.0157,6.76e-06,0.0805555555555555,0.023,9e-06,0.0031111111111111,0.0401799999999999,0.0990777777777777,10000000.0,5.877438777661438e-10,27.0,3.0,,0.07255493990553073,3.588934225156376,0.014058958840965113,0.034127579626943266,0.12426519679758938,70.33690378322368,1.0
130.0,0.006,0.0085,500000.0,0.000127,1.0,25.0,400.0,0.0013602967166397,7135.476940330431,385.3528593710531,138.7287537884801,0.0,0.0003393288971494,0.3083739701205671,0.0507140380710758,63.5,3.079311433279464e-09,5.35502112870011e-10,1248.5680000000002,1.7504616216984443,9.650068334448828e-05,0.00148,6.65847e-07,0.0154111111111111,0.0157,6.76e-06,0.0805555555555555,0.023,9e-06,0.0031111111111111,0.0401799999999999,0.0990777777777777,10000000.0,6.686389145534972e-10,30.0,3.0,,0.09171239018887191,3.5558797011557104,0.01824307580307461,0.1257675418606194,0.1554972986153932,249.96244516916087,1.0
131.0,0.006,0.0085,500000.0,0.000127,1.0,30.0,325.0,0.001147411779376,8562.572328396516,319.92671377973846,121.615337218823,0.0,0.0002478914015537,0.1564837247483947,0.0427773469939845,63.5,2.6535415587520155e-09,4.940949281475304e-10,1248.5680000000002,1.793494182916934,7.196924430554243e-05,0.00148,6.65847e-07,0.0154111111111111,0.0157,6.76e-06,0.0805555555555555,0.023,9e-06,0.0031111111111111,0.0401799999999999,0.0990777777777777,10000000.0,5.295134240409776e-10,27.0,3.0,,0.06536659268401829,3.599301242414334,0.012746678175400762,0.008159785070391917,0.1139882869695147,17.014662204079475,1.0
132.0,0.006,0.0085,500000.0,0.000127,1.0,30.0,350.0,0.0014020560188518,8562.572328396516,351.11917342151344,123.16428397235856,0.0,0.0002510486561439,0.176302096764852,0.0522708916724285,63.5,3.162830037703773e-09,5.43624505946786e-10,1248.5680000000002,1.7420203963492795,9.067210763364508e-05,0.00148,6.65847e-07,0.0154111111111111,0.0157,6.76e-06,0.0805555555555555,0.023,9e-06,0.0031111111111111,0.0401799999999999,0.0990777777777777,100000000.0,1.05091336659667e-10,24.0,4.0,,0.011531698156859624,3.5519584938689666,0.018739431155826988,0.07231950693556387,0.15905512722158865,143.12916316853148,1.0
133.0,0.006,0.0085,500000.0,0.000127,1.0,30.0,375.0,0.0016762772318513,8562.572328396516,351.11917342151344,124.69193247238805,0.0,0.0002541624980031,0.2199490214298497,0.0624942972469903,63.5,3.711272463702756e-09,5.969619029812523e-10,1248.5680000000002,1.686589320353563,0.0001040934751689,0.00148,6.65847e-07,0.0154111111111111,0.0157,6.76e-06,0.0805555555555555,0.023,9e-06,0.0031111111111111,0.0401799999999999,0.0990777777777777,10000000.0,7.312036388417428e-10,30.0,3.0,,0.10029394337264742,3.5434186664156546,0.019820421972701965,0.01698078081021187,0.16670077439605643,33.30149900300948,1.0
134.0,0.006,0.0085,500000.0,0.000127,1.0,30.0,400.0,0.0019703763270631,8562.572328396516,385.3528593710531,139.52714084878784,0.0,0.0002844014520764,0.3131752432776575,0.0734587820750359,63.5,4.640223308252431e-09,7.47810269644414e-10,1146.3422037621351,1.0647960241429697,0.0001398928492949,0.00148,6.65847e-07,0.0154111111111111,0.0157,6.76e-06,0.0805555555555555,0.023,9e-06,0.0031111111111111,0.0401799999999999,0.0990777777777777,10000000.0,1.0551600365342167e-09,30.0,3.0,,0.14472871212850694,3.4814025861705384,0.02767055871259012,0.054807749074114565,0.21831102071065783,100.82798864484404,1.0
136.0,0.006,0.0085,500000.0,0.000127,1.0,35.0,325.0,0.0015742833659036,9989.667716462602,319.92671377973846,122.45401797492455,0.0,0.0002139436322227,0.1474370583547561,0.0586918027342734,63.5,3.5072847318072954e-09,5.77123586085089e-10,1248.5680000000002,1.7072063604162369,9.099946733637114e-05,0.00148,6.65847e-07,0.0154111111111111,0.0157,6.76e-06,0.0805555555555555,0.023,9e-06,0.0031111111111111,0.0401799999999999,0.0990777777777777,100000000.0,1.062704198913258e-10,24.0,4.0,,0.011661079249169223,3.55057297826133,0.01891481287831266,0.03690417637131348,0.16030509011742208,72.92932371222271,1.0
137.0,0.006,0.0085,500000.0,0.000127,1.0,35.0,350.0,0.0019227794961475,9989.667716462602,351.11917342151344,125.32108029127318,0.0,0.0002189527755397,0.2117225080483773,0.0716842960635758,63.5,4.449835984590343e-09,7.12391611483768e-10,1174.9003023114485,1.231515347664005,0.0001231312979234,0.00148,6.65847e-07,0.0154111111111111,0.0157,6.76e-06,0.0805555555555555,0.023,9e-06,0.0031111111111111,0.0401799999999999,0.0990777777777777,10000000.0,5.278372920755554e-10,28.0,4.0,,0.06757300149778303,3.5797130678235836,0.0152261939463819,0.032285210487018365,0.1332079167216169,65.86030033383736,1.0
138.0,0.006,0.0085,500000.0,0.000127,1.0,35.0,375.0,0.0022980374852678,9989.667716462602,351.11917342151344,127.96214411170584,0.0,0.0002235670691008,0.2477141288828654,0.085674514310763,63.5,5.851522112648895e-09,8.54453333651572e-10,1088.8296686309493,0.8475323714020013,0.0001575436918424,0.00148,6.65847e-07,0.0154111111111111,0.0157,6.76e-06,0.0805555555555555,0.023,9e-06,0.0031111111111111,0.0401799999999999,0.0990777777777777,10000000.0,7.142597373965876e-10,28.0,4.0,,0.0914385456077193,3.5418404520595774,0.02002019594182569,0.030421068964383097,0.16809854371628483,59.559563158016935,1.0
139.0,0.006,0.0085,500000.0,0.000127,1.0,35.0,400.0,0.0027004641323885,9989.667716462602,385.3528593710531,140.39775301264123,0.0,0.0002452937497044,0.3040747800717005,0.1006776235980575,63.5,7.1596462647771315e-09,9.350562919060552e-10,1018.4287602834304,0.7387054595992898,0.0002061238121342,0.00148,6.65847e-07,0.0154111111111111,0.0157,6.76e-06,0.0805555555555555,0.023,9e-06,0.0031111111111111,0.0401799999999999,0.0990777777777777,10000000.0,8.743094890856536e-10,32.0,4.0,,0.1279175930104159,3.471286606316982,0.02895106249152129,0.0352995634632271,0.22612922549813713,64.28992644823806,1.0
140.0,0.006,0.0085,500000.0,0.000127,1.0,40.0,300.0,0.0016517509222592,11416.763104528687,291.5053062825179,114.29803824443988,0.0,0.0001747322842447,0.1187481964999489,0.0615799171833016,63.5,3.662219844518567e-09,5.921914131340416e-10,1248.568,1.6915470685745086,8.67670712960283e-05,0.00148,6.65847e-07,0.0154111111111111,0.0157,6.76e-06,0.0805555555555555,0.023,9e-06,0.0031111111111111,0.0401799999999999,0.0990777777777777,100000000.0,9.351756731060292e-11,24.0,4.0,,0.01026170560644854,3.5658347376727577,0.01698294459838512,0.00672657371019866,0.14632809662636712,13.514190668774722,1.0
145.0,0.006,0.0085,550000.0,0.000127,1.0,25.0,400.0,0.0011242121625121,6486.797218482209,385.3528593710531,138.7287537884801,0.0,0.0003732617868643,0.2966698316010765,0.0419124281579138,69.85,2.607142325024348e-09,4.895824866694305e-10,1248.5680000000002,1.798183753469789,9.22007506062126e-05,0.00148,6.65847e-07,0.0154111111111111,0.0157,6.76e-06,0.0805555555555555,0.023,9e-06,0.0031111111111111,0.0401799999999999,0.0990777777777777,10000000.0,8.138757610470073e-10,33.0,3.0,,0.12279683205916626,3.519081945803451,0.022901019518550583,0.09178057138399644,0.18774590360090337,175.44775519778395,1.0
147.0,0.006,0.0085,550000.0,0.000127,1.0,30.0,375.0,0.0013853530841746,7784.156662178651,351.11917342151344,124.6919324723881,0.0,0.0002795787478034,0.2122619560875184,0.0516481795429671,69.85,3.129424168349383e-09,5.403757016373984e-10,1248.5680000000002,1.745396727564928,9.884014218748936e-05,0.00148,6.65847e-07,0.0154111111111111,0.0157,6.76e-06,0.0805555555555555,0.023,9e-06,0.0031111111111111,0.0401799999999999,0.0990777777777777,10000000.0,4.809834152235027e-10,32.0,4.0,,0.07037123755532332,3.5785642296685096,0.015371616497657071,0.05006253898922798,0.1343092866063024,101.99544542482046,1.0
148.0,0.006,0.0085,550000.0,0.000127,1.0,30.0,400.0,0.0016284101876554,7784.156662178651,385.3528593710531,139.52714084878787,0.0,0.000312841597284,0.312967667565503,0.0607097372520957,69.85,3.6155383753109165e-09,5.87651523549925e-10,1248.568,1.6962651646673257,0.0001219958124166,0.00148,6.65847e-07,0.0154111111111111,0.0157,6.76e-06,0.0805555555555555,0.023,9e-06,0.0031111111111111,0.0401799999999999,0.0990777777777777,10000000.0,6.173696987388926e-10,32.0,4.0,,0.0903255046938053,3.547218346554607,0.019339449803214347,0.12175242561960188,0.16331618463189435,239.74200824049166,1.0
151.0,0.006,0.0085,550000.0,0.000127,1.0,35.0,350.0,0.0015890739637583,9081.516105875093,351.11917342151344,125.32108029127318,0.0,0.0002408480530936,0.2289779999190254,0.0592432198872527,69.85,3.5368659275166705e-09,5.800004313208146e-10,1248.5680000000002,1.7042165889658905,0.0001098077518171,0.00148,6.65847e-07,0.0154111111111111,0.0157,6.76e-06,0.0805555555555555,0.023,9e-06,0.0031111111111111,0.0401799999999999,0.0990777777777777,10000000.0,5.441323497291947e-10,32.0,4.0,,0.07961036832535336,3.5638945392114905,0.017228539340317685,0.04994441170641935,0.1481307272658641,100.1301816090961,1.0
152.0,0.006,0.0085,550000.0,0.000127,1.0,35.0,375.0,0.0018992045332792,9081.516105875093,351.11917342151344,127.96214411170592,0.0,0.0002459237760109,0.2503996278786595,0.0708053837279032,69.85,4.355536133116947e-09,6.94848562189878e-10,1189.045280032458,1.3140923131014857,0.0001327032191577,0.00148,6.65847e-07,0.0154111111111111,0.0157,6.76e-06,0.0805555555555555,0.023,9e-06,0.0031111111111111,0.0401799999999999,0.0990777777777777,10000000.0,6.846448864539425e-10,32.0,4.0,,0.10016833516660828,3.5322093905258773,0.021239317654952176,0.039245908984147926,0.17652784567781746,76.05862308978892,1.0
153.0,0.006,0.0085,550000.0,0.000127,1.0,35.0,400.0,0.0022317885391641,9081.516105875093,385.3528593710531,140.39775301264126,0.0,0.0002698231246748,0.305966698214247,0.0832046476017004,69.85,5.608609310268381e-09,8.356483494701945e-10,1097.662861444786,0.8727615158870619,0.000182310208183,0.00148,6.65847e-07,0.0154111111111111,0.0157,6.76e-06,0.0805555555555555,0.023,9e-06,0.0031111111111111,0.0401799999999999,0.0990777777777777,10000000.0,1.042305935073059e-09,32.0,4.0,,0.15249664799412305,3.4570550716094184,0.03075252258108633,0.03008540261842335,0.23686706798092014,54.03326012960826,1.0
159.0,0.006,0.0085,600000.0,0.000127,1.0,30.0,375.0,0.0011640814110079,7135.476940330432,351.11917342151344,124.6919324723881,0.0,0.0003049949976037,0.2096285315381646,0.0433988175326321,76.2,2.686880822015801e-09,4.973372548480914e-10,1248.5680000000002,1.790124583578863,9.48320850201107e-05,0.00148,6.65847e-07,0.0154111111111111,0.0157,6.76e-06,0.0805555555555555,0.023,9e-06,0.0031111111111111,0.0401799999999999,0.0990777777777777,10000000.0,5.511185817062349e-10,36.0,4.0,,0.09071156578949469,3.5515910451124024,0.018785943656657943,0.03533814821603781,0.15938698887178823,69.91092434221096,1.0
160.0,0.006,0.0085,600000.0,0.000127,1.0,30.0,400.0,0.0013683168937938,7135.476940330432,385.3528593710531,139.5271408487878,0.0,0.0003412817424916,0.3355172681811641,0.0510130431076638,76.2,3.0953517875876472e-09,5.370620774273677e-10,1248.5680000000002,1.7488404230885166,0.000116317851645,0.00148,6.65847e-07,0.0154111111111111,0.0157,6.76e-06,0.0805555555555555,0.023,9e-06,0.0031111111111111,0.0401799999999999,0.0990777777777777,10000000.0,7.062632130300705e-10,36.0,4.0,,0.11624765348163607,3.5138760391004,0.023559995050582323,0.12807657159186422,0.19211042819210483,243.51563168990253,1.0
162.0,0.006,0.0085,600000.0,0.000127,1.0,35.0,350.0,0.0013352635389913,8324.72309705217,351.11917342151344,125.32108029127308,0.0,0.0002627433306476,0.2275044978386391,0.0497807611552609,76.2,3.029245077982756e-09,5.30633034651518e-10,1248.5680000000002,1.7555218282282827,0.0001048840498247,0.00148,6.65847e-07,0.0154111111111111,0.0157,6.76e-06,0.0805555555555555,0.023,9e-06,0.0031111111111111,0.0401799999999999,0.0990777777777777,10000000.0,6.218295522068241e-10,36.0,4.0,,0.10235026400348861,3.534199283573268,0.020987432459080076,0.03519347267988958,0.17480028076140683,68.34808370044786,1.0
163.0,0.006,0.0085,600000.0,0.000127,1.0,35.0,375.0,0.0015958593647693,8324.72309705217,351.11917342151344,127.96214411170584,0.0,0.0002682804829209,0.2514395981651359,0.0594961904935853,76.2,3.5504367295387204e-09,5.813202257444644e-10,1248.5680000000002,1.7028449880055216,0.000120188808669,0.00148,6.65847e-07,0.0154111111111111,0.0157,6.76e-06,0.0805555555555555,0.023,9e-06,0.0031111111111111,0.0401799999999999,0.0990777777777777,10000000.0,7.359055693474401e-10,36.0,4.0,,0.1211266480292596,3.506852733317401,0.024449021099063238,0.0306367596422909,0.19792483348847625,57.83131239042478,1.0
170.0,0.006,0.009,400000.0,0.000127,1.0,20.0,325.0,0.0010689760667702,7135.476940330428,319.92671377973846,122.71859090409086,0.0,0.0003001682273792,0.1873549458580787,0.039853138130901,50.8,2.496670133540461e-09,4.788387898671437e-10,1248.5680000000002,1.8093491778630657,5.47787176322257e-05,0.00148,6.65847e-07,0.0154111111111111,0.0157,6.76e-06,0.0805555555555555,0.023,9e-06,0.0031111111111111,0.0401799999999999,0.0990777777777777,10000000.0,5.156454600982485e-10,22.0,2.0,,0.01513591018790698,3.6227931926297496,0.009773013591170958,0.09218589753927071,0.08978357867923466,197.47599165001213,1.0
172.0,0.006,0.009,400000.0,0.000127,1.0,20.0,375.0,0.0015274041434612,7135.476940330428,351.11917342151344,116.01869671243875,0.0,0.0002837803651301,0.217291875111684,0.0569440703148656,50.8,3.413526286922537e-09,5.68005342923934e-10,1248.568,1.7166825264407393,7.74454798861216e-05,0.00148,6.65847e-07,0.0154111111111111,0.0157,6.76e-06,0.0805555555555555,0.023,9e-06,0.0031111111111111,0.0401799999999999,0.0990777777777777,10000000.0,7.616948410948222e-10,22.0,2.0,,0.022358278308523535,3.5879433821022957,0.014184382012367614,0.09780952648829476,0.12523495966039105,201.36209604038157,1.0
173.0,0.006,0.009,400000.0,0.000127,1.0,20.0,400.0,0.0017824147828915,7135.476940330428,385.3528593710531,136.91980218548818,0.0,0.000334904222843,0.354794725906665,0.066451274969848,50.8,3.923547565783018e-09,6.17606187346313e-10,1248.5680000000002,1.6651346757863106,9.534405517343796e-05,0.00148,6.65847e-07,0.0154111111111111,0.0157,6.76e-06,0.0805555555555555,0.023,9e-06,0.0031111111111111,0.0401799999999999,0.0990777777777777,10000000.0,9.742529928418736e-10,22.0,2.0,,0.028597567400563392,3.5588021551353557,0.017873144919575316,0.21956588353625361,0.15282602742543258,437.76658940960164,1.0
174.0,0.006,0.009,400000.0,0.000127,1.0,25.0,300.0,0.0013600179201313,8919.346175413035,291.5053062825179,115.90127014967436,0.0,0.000226794512913,0.1544343423426759,0.0507036440911704,50.8,3.0787538402627797e-09,5.35447885555156e-10,1248.5680000000002,1.7505179776246411,5.993430094001395e-05,0.00148,6.65847e-07,0.0154111111111111,0.0157,6.76e-06,0.0805555555555555,0.023,9e-06,0.0031111111111111,0.0401799999999999,0.0990777777777777,10000000.0,5.696106127703354e-10,22.0,2.0,,0.016719967000829884,3.6150441063087757,0.01075391059382591,0.04683073125067562,0.09791264027045837,99.42250133845502,1.0
175.0,0.006,0.009,400000.0,0.000127,1.0,25.0,325.0,0.0016799998928616,8919.346175413035,319.92671377973846,123.4376879793913,0.0,0.0002415417042819,0.1957913980680105,0.0626330840057091,50.8,3.718717785723207e-09,5.97685979161046e-10,1248.5680000000002,1.6858368216569557,7.657059978909276e-05,0.00148,6.65847e-07,0.0154111111111111,0.0157,6.76e-06,0.0805555555555555,0.023,9e-06,0.0031111111111111,0.0401799999999999,0.0990777777777777,10000000.0,7.51751029720742e-10,22.0,2.0,,0.02206639435427542,3.589328190238624,0.01400908984321219,0.07091191970802588,0.12387901564453611,146.21383681119474,1.0
176.0,0.006,0.009,400000.0,0.000127,1.0,25.0,350.0,0.0020263261048956,8919.346175413035,351.11917342151344,121.37404524208604,0.0,0.000237503587626,0.2364316410697807,0.0755446793122785,50.8,4.855247051284135e-09,7.773271526283194e-10,1125.057852680577,0.9510064049799468,0.0001068882834031,0.00148,6.65847e-07,0.0154111111111111,0.0157,6.76e-06,0.0805555555555555,0.023,9e-06,0.0031111111111111,0.0401799999999999,0.0990777777777777,10000000.0,4.4056698854886055e-10,24.0,3.0,,0.04834352375091569,3.6100735320220667,0.011383097212396623,0.07236343800658651,0.10305094191413175,152.75383376089232,1.0
177.0,0.006,0.009,400000.0,0.000127,1.0,25.0,375.0,0.0023993331892009,8919.346175413035,351.11917342151344,122.039339895108,0.0,0.0002388054299318,0.203325893633234,0.0894509802265141,50.8,6.222939693736817e-09,8.8320645686532e-10,1075.3235747732067,0.8089566037778633,0.000133172836999,0.00148,6.65847e-07,0.0154111111111111,0.0157,6.76e-06,0.0805555555555555,0.023,9e-06,0.0031111111111111,0.0401799999999999,0.0990777777777777,10000000.0,5.626871026720623e-10,24.0,3.0,,0.06174379383702723,3.586744747821511,0.014336107870694875,0.011951119569692567,0.12640522620951175,24.571052919600984,1.0
178.0,0.006,0.009,400000.0,0.000127,1.0,25.0,400.0,0.0027994402760015,8919.346175413035,385.3528593710531,137.61804872149483,0.0,0.0002692897005142,0.3903561247521427,0.1043676125937809,50.8,7.357598552003184e-09,9.30021870361179e-10,988.7359171995224,0.7447815720636457,0.0001686750758633,0.00148,6.65847e-07,0.0154111111111111,0.0157,6.76e-06,0.0805555555555555,0.023,9e-06,0.0031111111111111,0.0401799999999999,0.0990777777777777,10000000.0,7.384984139398377e-10,24.0,3.0,,0.08103561215947681,3.5542767589127777,0.018445979884458515,0.1647728999988849,0.1569553275982916,326.9200239919104,1.0
179.0,0.006,0.009,400000.0,0.000127,1.0,30.0,300.0,0.00197310253538,10703.21541049564,291.5053062825179,116.9993322931654,0.0,0.0001907859921373,0.1422255766304699,0.0735604194830265,50.8,4.6511281415203756e-09,7.498389475752077e-10,1144.7064787719437,1.0552468252227296,8.638555498179238e-05,0.00148,6.65847e-07,0.0154111111111111,0.0157,6.76e-06,0.0805555555555555,0.023,9e-06,0.0031111111111111,0.0401799999999999,0.0990777777777777,10000000.0,8.65606968852937e-10,22.0,2.0,,0.02540844505076823,3.573588268920363,0.016001484946789556,0.0030767120966751667,0.139047510106906,6.2340631021115165,1.0
180.0,0.006,0.009,400000.0,0.000127,1.0,30.0,325.0,0.0024363065546498,10703.21541049564,319.92671377973846,124.22765403161054,0.0,0.000202572918672,0.2311300707136098,0.0908294064478348,50.8,6.3585087003828785e-09,8.937014698925492e-10,1070.39379271335,0.7948762835030518,0.0001242744962842,0.00148,6.65847e-07,0.0154111111111111,0.0157,6.76e-06,0.0805555555555555,0.023,9e-06,0.0031111111111111,0.0401799999999999,0.0990777777777777,10000000.0,5.206288191805839e-10,24.0,3.0,,0.05712872807009329,3.5947055723000014,0.013328408569620143,0.04299193619568171,0.1185736212811982,89.1822031125442,1.0
181.0,0.006,0.009,400000.0,0.000127,1.0,30.0,350.0,0.0029376088778749,10703.21541049564,351.11917342151344,124.24007264004,0.0,0.0002025931691853,0.2192795336131202,0.109518759141383,50.8,7.63393575574992e-09,9.229939244268899e-10,947.285336637512,0.7532636964764512,0.0001590483475256,0.00148,6.65847e-07,0.0154111111111111,0.0157,6.76e-06,0.0805555555555555,0.023,9e-06,0.0031111111111111,0.0401799999999999,0.0990777777777777,10000000.0,3.963280621070886e-10,24.0,4.0,,0.04348917549800381,3.602114989882709,0.012390507609783637,0.026091598973733296,0.11115724590813778,54.57965419485564,1.0
182.0,0.006,0.009,400000.0,0.000127,1.0,30.0,375.0,0.0034774899669736,10703.21541049564,351.11917342151344,126.04768590116612,0.0,0.0002055407696772,0.2777250788380651,0.1296463899527241,50.8,8.713697933947263e-09,8.95532872829886e-10,785.3210099079104,0.7864068165758556,0.0001778155581434,0.00148,6.65847e-07,0.0154111111111111,0.0157,6.76e-06,0.0805555555555555,0.023,9e-06,0.0031111111111111,0.0401799999999999,0.0990777777777777,10000000.0,7.860195853317646e-10,24.0,3.0,,0.08625012195610032,3.5457185127949327,0.019529302177856582,0.02164856692924058,0.16465545046013813,42.559835870473975,1.0
183.0,0.006,0.009,400000.0,0.000127,1.0,30.0,400.0,0.0040565496435433,10703.21541049564,385.3528593710531,138.38940492864495,0.0,0.0002256659025578,0.4027654440539278,0.1512346611907268,50.8,9.871817287086758e-09,8.66079002381166e-10,611.6031069369864,0.8219550971005802,0.0002166352056825,0.00148,6.65847e-07,0.0154111111111111,0.0157,6.76e-06,0.0805555555555555,0.023,9e-06,0.0031111111111111,0.0401799999999999,0.0990777777777777,10000000.0,5.646102883605853e-10,24.0,4.0,,0.06195482547450142,3.564523335821746,0.01714894483269041,0.14939595738869946,0.14754734924570495,299.71898961637413,1.0
188.0,0.006,0.009,400000.0,0.000127,1.0,35.0,400.0,0.0055621657349457,12487.084645578248,385.3528593710531,139.2612892471342,0.0,0.0001946465557751,0.3847563231197728,0.2073664380639535,50.8,1.4007380939783005e-08,8.711296127606614e-10,318.6828777167139,0.8544779250895607,0.0002976924368135,0.00148,6.65847e-07,0.0154111111111111,0.0157,6.76e-06,0.0805555555555555,0.023,9e-06,0.0031111111111111,0.0401799999999999,0.0990777777777777,10000000.0,8.323822165197938e-10,24.0,4.0,,0.09133750485189088,3.508929306292069,0.02418616376049762,0.04587238020392831,0.19621442782589787,86.775401172401,1.0
192.0,0.006,0.009,450000.0,0.000127,1.0,20.0,350.0,0.0010190072890898,6342.646169182605,351.11917342151344,117.1079722512694,0.0,0.0003222503102963,0.2424015495863636,0.0379902221489326,57.15,2.396732578179727e-09,4.691196127644239e-10,1248.5680000000002,1.8194498665833752,6.473590857586539e-05,0.00148,6.65847e-07,0.0154111111111111,0.0157,6.76e-06,0.0805555555555555,0.023,9e-06,0.0031111111111111,0.0401799999999999,0.0990777777777777,10000000.0,8.874652699003592e-10,24.0,2.0,,0.028418246100275782,3.566455895175992,0.0169043170663302,0.13581308133715514,0.14574936837493213,273.04363672609213,1.0
193.0,0.006,0.009,450000.0,0.000127,1.0,20.0,375.0,0.0012068378417471,6342.646169182605,351.11917342151344,116.01869671243884,0.0,0.0003192529107714,0.231358800145657,0.0449928456808814,57.15,2.772393683494351e-09,5.056535944090345e-10,1248.5680000000002,1.7814817986692262,7.300697882542216e-05,0.00148,6.65847e-07,0.0154111111111111,0.0157,6.76e-06,0.0805555555555555,0.023,9e-06,0.0031111111111111,0.0401799999999999,0.0990777777777777,10000000.0,4.306703632978609e-10,24.0,3.0,,0.04725756463388906,3.6228534923657727,0.009765380713193359,0.09892838983088645,0.0897197476495818,211.93428074765032,1.0
194.0,0.006,0.009,450000.0,0.000127,1.0,20.0,400.0,0.001408327729692,6342.646169182605,385.3528593710531,136.91980218548818,0.0,0.0003767672506984,0.3351795863320695,0.0525047110872873,57.15,3.1753734593841153e-09,5.448443850637533e-10,1248.5680000000002,1.7407526327200475,8.917293167912734e-05,0.00148,6.65847e-07,0.0154111111111111,0.0157,6.76e-06,0.0805555555555555,0.023,9e-06,0.0031111111111111,0.0401799999999999,0.0990777777777777,10000000.0,4.730924100084322e-10,27.0,3.0,,0.058401614506620333,3.6001904836980967,0.012634115987582715,0.18409326073816168,0.11309553138647353,384.2553136461534,1.0
195.0,0.006,0.009,450000.0,0.000127,1.0,25.0,300.0,0.0010745820603507,7928.307711478257,291.5053062825179,115.90127014967432,0.0,0.0002551438270271,0.153494524022422,0.0400621385411716,57.15,2.5078821207014555e-09,4.799291836485183e-10,1248.5680000000002,1.808215982320704,5.699490432868982e-05,0.00148,6.65847e-07,0.0154111111111111,0.0157,6.76e-06,0.0805555555555555,0.023,9e-06,0.0031111111111111,0.0401799999999999,0.0990777777777777,10000000.0,6.801160660744612e-10,21.0,3.0,,0.06530063995308442,3.613005566234711,0.011011953641175872,0.007951745528165882,0.10002707336317473,16.842132002596465,1.0
196.0,0.006,0.009,450000.0,0.000127,1.0,25.0,325.0,0.0013274073227548,7928.307711478257,319.92671377973846,123.43768797939146,0.0,0.0002717344173171,0.1897093509285374,0.0494878688440172,57.15,3.0135326455096997e-09,5.291049613124322e-10,1248.5680000000002,1.7571098837783348,7.199346559518948e-05,0.00148,6.65847e-07,0.0154111111111111,0.0157,6.76e-06,0.0805555555555555,0.023,9e-06,0.0031111111111111,0.0401799999999999,0.0990777777777777,10000000.0,4.239638617542299e-10,24.0,3.0,,0.046521658574000216,3.6239958830120678,0.009620774302269888,0.05351982351051998,0.08850876224353914,114.8080443681228,1.0
197.0,0.006,0.009,450000.0,0.000127,1.0,25.0,350.0,0.0016010477865842,7928.307711478257,351.11917342151344,121.37404524208576,0.0,0.0002671915360792,0.2358296890473216,0.0596896231603188,57.15,3.560813573168468e-09,5.823293997295662e-10,1248.5680000000002,1.701796200419863,9.03701598631315e-05,0.00148,6.65847e-07,0.0154111111111111,0.0157,6.76e-06,0.0805555555555555,0.023,9e-06,0.0031111111111111,0.0401799999999999,0.0990777777777777,10000000.0,4.801547780608043e-10,27.0,3.0,,0.0592734393082297,3.598779126802547,0.01281276875917129,0.07668662657877309,0.1145116290493782,159.81135885532325,1.0
198.0,0.006,0.009,450000.0,0.000127,1.0,25.0,375.0,0.0018957694334427,7928.307711478257,351.11917342151344,122.03933989510796,0.0,0.0002686561086732,0.2085817051470804,0.0706773177098384,57.15,4.341795733770912e-09,6.92292370432638e-10,1191.1063399343632,1.3261245747028183,0.0001082485377479,0.00148,6.65847e-07,0.0154111111111111,0.0157,6.76e-06,0.0805555555555555,0.023,9e-06,0.0031111111111111,0.0401799999999999,0.0990777777777777,10000000.0,5.883377338046356e-10,27.0,3.0,,0.07262824937044439,3.5774301939828907,0.015515165318621425,0.025096138066797613,0.13539372407574513,51.065833766647735,1.0
199.0,0.006,0.009,450000.0,0.000127,1.0,25.0,400.0,0.0022119034279518,7928.307711478257,385.3528593710531,137.6180487214948,0.0,0.0003029509130785,0.3772989648669281,0.0824632988395307,57.15,5.535697235823552e-09,8.300038943689001e-10,1100.3142096064164,0.8803342302226058,0.0001474326935513,0.00148,6.65847e-07,0.0154111111111111,0.0157,6.76e-06,0.0805555555555555,0.023,9e-06,0.0031111111111111,0.0401799999999999,0.0990777777777777,10000000.0,8.456599548594208e-10,27.0,3.0,,0.10439378362993726,3.5286106276673976,0.021694857257291485,0.15026188239746005,0.1796338818888225,290.1093252744873,1.0
200.0,0.006,0.009,450000.0,0.000127,1.0,30.0,300.0,0.0015589945958558,9513.969253773908,291.5053062825179,116.99933229316544,0.0,0.0002146342411544,0.1525649325761948,0.0581218129248605,57.15,3.4767071917117566e-09,5.741498438669475e-10,1248.568,1.710296832393693,7.469942194444431e-05,0.00148,6.65847e-07,0.0154111111111111,0.0157,6.76e-06,0.0805555555555555,0.023,9e-06,0.0031111111111111,0.0401799999999999,0.0990777777777777,10000000.0,4.4192447175601306e-10,24.0,3.0,,0.04849248071630842,3.620940435888156,0.010007539760992966,0.005770638935025878,0.09174048338298256,12.33499583650217,1.0
201.0,0.006,0.009,450000.0,0.000127,1.0,30.0,325.0,0.0019249829567603,9513.969253773908,319.92671377973846,124.22765403161054,0.0,0.000227894533506,0.2169059263751426,0.0717664446007584,57.15,4.45864982704159e-09,7.140312924607251e-10,1173.5782259437617,1.2237971980370852,0.0001017941540081,0.00148,6.65847e-07,0.0154111111111111,0.0157,6.76e-06,0.0805555555555555,0.023,9e-06,0.0031111111111111,0.0401799999999999,0.0990777777777777,10000000.0,5.486788612260476e-10,27.0,3.0,,0.06773249932435807,3.585198028830846,0.01453189508470314,0.03722698245002613,0.12791072026317085,76.40537841390567,1.0
202.0,0.006,0.009,450000.0,0.000127,1.0,30.0,350.0,0.0023210736812839,9513.969253773908,351.11917342151344,124.2400726400402,0.0,0.0002279173153335,0.2309484108045682,0.0865333405561547,57.15,5.935988164707719e-09,8.60992234678046e-10,1085.7581758288104,0.8387596504478518,0.0001436155049147,0.00148,6.65847e-07,0.0154111111111111,0.0157,6.76e-06,0.0805555555555555,0.023,9e-06,0.0031111111111111,0.0401799999999999,0.0990777777777777,10000000.0,8.192195465247002e-10,27.0,3.0,,0.10112980707420588,3.533504254213287,0.021075410859077597,0.0031052631742076175,0.17540450734748966,6.02621355622459,1.0
203.0,0.006,0.009,450000.0,0.000127,1.0,30.0,375.0,0.0027476463936581,9513.969253773908,351.11917342151344,126.04768590116596,0.0,0.0002312333658869,0.2946795183872227,0.1024366537898069,57.15,7.254010787316369e-09,9.326563661865763e-10,1004.2740819025448,0.7416019628912114,0.0001715005935067,0.00148,6.65847e-07,0.0154111111111111,0.0157,6.76e-06,0.0805555555555555,0.023,9e-06,0.0031111111111111,0.0401799999999999,0.0990777777777777,10000000.0,1.0203300721589973e-09,27.0,3.0,,0.12595620281179265,3.496956802488234,0.02570167057110964,0.026106661785623042,0.20597679274271952,48.78537946088952,1.0
204.0,0.006,0.009,450000.0,0.000127,1.0,30.0,400.0,0.0032051750269972,9513.969253773908,385.3528593710531,138.38940492864492,0.0,0.0002538741403775,0.3658816898666528,0.1194940532865003,57.15,8.169068053994481e-09,9.093841722517852e-10,867.0154919008279,0.7696894931823515,0.0002071735512379,0.00148,6.65847e-07,0.0154111111111111,0.0157,6.76e-06,0.0805555555555555,0.023,9e-06,0.0031111111111111,0.0401799999999999,0.0990777777777777,10000000.0,6.822514832167033e-10,28.0,4.0,,0.08734089309223705,3.5269215437887107,0.021908665343201204,0.11886674348791545,0.1810836386130792,229.08943516824837,1.0
206.0,0.006,0.009,450000.0,0.000127,1.0,35.0,325.0,0.0026418444208092,11099.63079606956,319.92671377973846,125.11829179661424,0.0,0.0001967386290988,0.216740277498061,0.098492186958842,57.15,7.042406841618495e-09,9.380379835355375e-10,1036.014673757226,0.7351068150453394,0.0001531227963277,0.00148,6.65847e-07,0.0154111111111111,0.0157,6.76e-06,0.0805555555555555,0.023,9e-06,0.0031111111111111,0.0401799999999999,0.0990777777777777,10000000.0,4.790294236192816e-10,28.0,4.0,,0.061324685553051914,3.574584891036567,0.015875330248535907,0.016743404986166985,0.1381026622168574,33.962876807680054,1.0
215.0,0.006,0.009,500000.0,0.000127,1.0,20.0,400.0,0.0011407454610505,5708.3815522643445,385.3528593710531,136.91980218548815,0.0,0.0004186302785538,0.3501736628767907,0.0425288159807027,63.5,2.6402089221011323e-09,4.927982959016404e-10,1248.5680000000002,1.7948417125032383,8.47069083429868e-05,0.00148,6.65847e-07,0.0154111111111111,0.0157,6.76e-06,0.0805555555555555,0.023,9e-06,0.0031111111111111,0.0401799999999999,0.0990777777777777,10000000.0,6.417767944815024e-10,27.0,3.0,,0.07922511576530084,3.5794311056697685,0.015261885358257135,0.18823973113078696,0.13347848803874304,383.8802696827721,1.0
216.0,0.006,0.009,500000.0,0.000127,1.0,25.0,325.0,0.0010751999314314,7135.476940330431,319.92671377973846,123.43768797939131,0.0,0.0003019271303524,0.1929413897236709,0.0400851737636539,63.5,2.5091178628628552e-09,4.800493626630698e-10,1248.5680000000002,1.8080910858604515,6.875077886139572e-05,0.00148,6.65847e-07,0.0154111111111111,0.0157,6.76e-06,0.0805555555555555,0.023,9e-06,0.0031111111111111,0.0401799999999999,0.0990777777777777,10000000.0,5.02255605384396e-10,27.0,3.0,,0.06200170966371223,3.6041995426217897,0.012126640174457004,0.050674506296304773,0.10904818709330166,106.25488134079957,1.0
217.0,0.006,0.009,500000.0,0.000127,1.0,25.0,350.0,0.0012968487071332,7135.476940330431,351.11917342151344,121.3740452420856,0.0,0.0002968794845325,0.2093081251559184,0.0483485947598582,63.5,2.952415414266459e-09,5.231611577809485e-10,1248.5680000000002,1.763287002340089,8.552347703780008e-05,0.00148,6.65847e-07,0.0154111111111111,0.0157,6.76e-06,0.0805555555555555,0.023,9e-06,0.0031111111111111,0.0401799999999999,0.0990777777777777,10000000.0,6.492294665806891e-10,27.0,3.0,,0.08014512224558486,3.578129049770325,0.015426702560718434,0.04063440815047534,0.134725754967092,82.74711562140547,1.0
218.0,0.006,0.009,500000.0,0.000127,1.0,25.0,375.0,0.0015355732410886,7135.476940330431,351.11917342151344,122.03933989510796,0.0,0.0002985067874147,0.2155229619839629,0.0572486273449691,63.5,3.429864482177219e-09,5.695942732579401e-10,1248.5680000000002,1.7150312250463486,9.720667413468136e-05,0.00148,6.65847e-07,0.0154111111111111,0.0157,6.76e-06,0.0805555555555555,0.023,9e-06,0.0031111111111111,0.0401799999999999,0.0990777777777777,10000000.0,6.743778392494867e-10,30.0,3.0,,0.09249955720761267,3.5547298902368447,0.018388621489006995,0.025594777431381124,0.15654367209506048,50.80647997118931,1.0
219.0,0.006,0.009,500000.0,0.000127,1.0,25.0,400.0,0.001791641776641,7135.476940330431,385.3528593710531,137.6180487214948,0.0,0.0003366121256428,0.3663256866677029,0.0667952720600199,63.5,3.942001553282041e-09,6.194008837655615e-10,1248.5680000000002,1.663269531269784,0.0001196758566992,0.00148,6.65847e-07,0.0154111111111111,0.0157,6.76e-06,0.0805555555555555,0.023,9e-06,0.0031111111111111,0.0401799999999999,0.0990777777777777,10000000.0,8.658663969779757e-10,30.0,3.0,,0.11876466523655074,3.517139782373272,0.023146862990725017,0.14058574937113225,0.1893796770044585,268.20318839674286,1.0
221.0,0.006,0.009,500000.0,0.000127,1.0,30.0,325.0,0.0015592361949759,8562.572328396516,319.92671377973846,124.22765403161046,0.0,0.00025321614834,0.2170870115172566,0.0581308201266143,63.5,3.477190389951842e-09,5.741968361037916e-10,1248.5680000000002,1.7102479955475671,9.032855274760172e-05,0.00148,6.65847e-07,0.0154111111111111,0.0157,6.76e-06,0.0805555555555555,0.023,9e-06,0.0031111111111111,0.0401799999999999,0.0990777777777777,10000000.0,1.0390076798617782e-09,24.0,4.0,,0.11401056764199907,3.553362698396545,0.018561683747272798,0.004765623748643227,0.157784501107396,9.446004087125516,1.0
222.0,0.006,0.009,500000.0,0.000127,1.0,30.0,350.0,0.0018800696818399,8562.572328396516,351.11917342151344,124.2400726400401,0.0,0.0002532414614816,0.2172822426362092,0.0700920058504852,63.5,4.278996727359906e-09,6.80609572974718e-10,1200.5261908960142,1.3811167226318408,0.0001186163883244,0.00148,6.65847e-07,0.0154111111111111,0.0157,6.76e-06,0.0805555555555555,0.023,9e-06,0.0031111111111111,0.0401799999999999,0.0990777777777777,10000000.0,5.050030664678481e-10,28.0,4.0,,0.0646497954561579,3.584504286518929,0.014619710567224185,0.042360441329566095,0.12858428783283554,86.87423853290032,1.0
223.0,0.006,0.009,500000.0,0.000127,1.0,30.0,375.0,0.0022255935788631,8562.572328396516,351.11917342151344,126.04768590116596,0.0,0.0002569259620965,0.2739966372551335,0.0829736895697436,63.5,5.58589445583147e-09,8.338898893388952e-10,1098.488856151583,0.8751207013187472,0.0001511625997601,0.00148,6.65847e-07,0.0154111111111111,0.0157,6.76e-06,0.0805555555555555,0.023,9e-06,0.0031111111111111,0.0401799999999999,0.0990777777777777,10000000.0,6.778849190120955e-10,28.0,4.0,,0.0867818915704274,3.549060760363934,0.019106232865324896,0.0640610561149624,0.1616651250990522,126.39118219495984,1.0
224.0,0.006,0.009,500000.0,0.000127,1.0,30.0,400.0,0.0025961917718677,8562.572328396516,385.3528593710531,138.38940492864495,0.0,0.0002820823781973,0.3751138053934184,0.0967901831620652,63.5,6.944754496848473e-09,9.390854217505714e-10,1049.0757637509646,0.7339882621314112,0.0002009646938575,0.00148,6.65847e-07,0.0154111111111111,0.0157,6.76e-06,0.0805555555555555,0.023,9e-06,0.0031111111111111,0.0401799999999999,0.0990777777777777,10000000.0,8.466676592449686e-10,32.0,4.0,,0.12387339998293113,3.477656854666098,0.028144701941000244,0.11427022224842208,0.2212242836581506,209.43565608111345,1.0
225.0,0.006,0.009,500000.0,0.000127,1.0,35.0,300.0,0.0017338929360929,9989.667716462602,291.5053062825179,118.08199064446532,0.0,0.0002063051126974,0.1461996872840607,0.0646423028862422,63.5,3.826503872185865e-09,6.081684455347555e-10,1248.5680000000002,1.6749428818981749,9.010380877245516e-05,0.00148,6.65847e-07,0.0154111111111111,0.0157,6.76e-06,0.0805555555555555,0.023,9e-06,0.0031111111111111,0.0401799999999999,0.0990777777777777,100000000.0,1.0314552451646894e-10,24.0,4.0,,0.01131818371296233,3.5542561809456448,0.01844858469042473,0.03005920068485607,0.1569740124937171,59.63806432099319,1.0
226.0,0.006,0.009,500000.0,0.000127,1.0,35.0,325.0,0.0021398939808554,9989.667716462602,319.92671377973846,125.1182917966142,0.0,0.0002185984767764,0.2278463731914355,0.079778671436662,63.5,5.271662596470128e-09,8.095637727791e-10,1109.9154692192683,0.9077571078973428,0.0001315550862552,0.00148,6.65847e-07,0.0154111111111111,0.0157,6.76e-06,0.0805555555555555,0.023,9e-06,0.0031111111111111,0.0401799999999999,0.0990777777777777,10000000.0,5.713783459468425e-10,28.0,4.0,,0.07314706710972617,3.5706711975597143,0.016370734486112162,0.03474063464504733,0.14180117322510205,70.16666141550553,1.0
235.0,0.006,0.009,550000.0,0.000127,1.0,25.0,350.0,0.0010717757910191,6486.797218482209,351.11917342151344,121.37404524208571,0.0,0.0003265674329857,0.2368594888276889,0.0399575163304613,69.85,2.502269582038396e-09,4.793833502321892e-10,1248.5680000000002,1.80878324160338,8.196146088416541e-05,0.00148,6.65847e-07,0.0154111111111111,0.0157,6.76e-06,0.0805555555555555,0.023,9e-06,0.0031111111111111,0.0401799999999999,0.0990777777777777,10000000.0,7.787215526078744e-10,30.0,3.0,,0.10681163379332956,3.545943093120406,0.019500874288556277,0.04991033870389794,0.16445518606205198,98.14437498455796,1.0
236.0,0.006,0.009,550000.0,0.000127,1.0,25.0,375.0,0.0012690687942881,6486.797218482209,351.11917342151344,122.03933989510789,0.0,0.0003283574661562,0.2015343141436341,0.0473129151611315,69.85,2.8968555885762152e-09,5.17757825833008e-10,1248.5680000000002,1.768902433922602,9.258045825832652e-05,0.00148,6.65847e-07,0.0154111111111111,0.0157,6.76e-06,0.0805555555555555,0.023,9e-06,0.0031111111111111,0.0401799999999999,0.0990777777777777,10000000.0,4.460198095652162e-10,32.0,4.0,,0.06525581751859165,3.586805095821273,0.014328468883383147,0.048785581463910946,0.12634638130820294,100.30807922051295,1.0
237.0,0.006,0.009,550000.0,0.000127,1.0,25.0,400.0,0.0014806956831743,6486.797218482209,385.3528593710531,137.61804872149483,0.0,0.0003702733382071,0.3592040097675382,0.0552027041818346,69.85,3.320109366348795e-09,5.589203138558362e-10,1248.5680000000002,1.7261241746031273,0.0001132658617105,0.00148,6.65847e-07,0.0154111111111111,0.0157,6.76e-06,0.0805555555555555,0.023,9e-06,0.0031111111111111,0.0401799999999999,0.0990777777777777,10000000.0,1.0582591818752285e-09,33.0,3.0,,0.1596691795620358,3.470439958258064,0.029058233131890685,0.1041521260236678,0.22677647700751175,189.53016718432355,1.0
240.0,0.006,0.009,550000.0,0.000127,1.0,30.0,350.0,0.0015537765965619,7784.156662178651,351.11917342151344,124.24007264004004,0.0,0.0002785656076298,0.2265440258175432,0.0579272775623844,69.85,3.466271193123926e-09,5.731349169142847e-10,1248.5680000000002,1.7113515987709649,0.0001079073780074,0.00148,6.65847e-07,0.0154111111111111,0.0157,6.76e-06,0.0805555555555555,0.023,9e-06,0.0031111111111111,0.0401799999999999,0.0990777777777777,10000000.0,5.330109026768652e-10,32.0,4.0,,0.07798322284027515,3.5664583173645976,0.01690401046017754,0.05045352541488354,0.14574711010228822,101.43389979210951,1.0
241.0,0.006,0.009,550000.0,0.000127,1.0,30.0,375.0,0.0018393335362505,7784.156662178651,351.11917342151344,126.047685901166,0.0,0.0002826185583062,0.2703752205424923,0.0685732971650772,69.85,4.1160521450020675e-09,6.502962183319231e-10,1224.96787824969,1.523804849233864,0.0001257400879614,0.00148,6.65847e-07,0.0154111111111111,0.0157,6.76e-06,0.0805555555555555,0.023,9e-06,0.0031111111111111,0.0401799999999999,0.0990777777777777,10000000.0,6.405678561492466e-10,32.0,4.0,,0.09371955736651798,3.542009859132567,0.019998752008535844,0.06790236601089701,0.16794873048806688,132.96585892770395,1.0
242.0,0.006,0.009,550000.0,0.000127,1.0,30.0,400.0,0.0021456130346014,7784.156662178651,385.3528593710531,138.389404928645,0.0,0.000310290616017,0.381189869807889,0.0799918869107977,69.85,5.292632460205351e-09,8.11187145248406e-10,1109.1529287198057,0.90557915878629,0.0001731457774137,0.00148,6.65847e-07,0.0154111111111111,0.0157,6.76e-06,0.0805555555555555,0.023,9e-06,0.0031111111111111,0.0401799999999999,0.0990777777777777,10000000.0,9.693732437957326e-10,32.0,4.0,,0.14182608518263634,3.4717771890096962,0.028888963416494214,0.11919189771445488,0.22575368526917952,217.18560146016506,1.0
244.0,0.006,0.009,550000.0,0.000127,1.0,35.0,325.0,0.0017685074221946,9081.516105875093,319.92671377973846,125.1182917966141,0.0,0.0002404583244541,0.2430867737059374,0.0659327863112908,69.85,3.895732844389234e-09,6.149011361539636e-10,1248.568,1.6679459096775804,0.0001096258786659,0.00148,6.65847e-07,0.0154111111111111,0.0157,6.76e-06,0.0805555555555555,0.023,9e-06,0.0031111111111111,0.0401799999999999,0.0990777777777777,10000000.0,5.430646294852639e-10,32.0,4.0,,0.07945415338623042,3.564140312659654,0.017197428777259043,0.05751983400841619,0.1479028013518854,115.34848907382563,1.0
253.0,0.006,0.009,600000.0,0.000127,1.0,25.0,375.0,0.0010663703063115,5946.230783608694,351.11917342151344,122.03933989510811,0.0,0.0003582081448977,0.2102084807547045,0.039755991211784,76.2,2.491458612623068e-09,4.78331956429125e-10,1248.5680000000002,1.8098759062821863,8.909514565549605e-05,0.00148,6.65847e-07,0.0154111111111111,0.0157,6.76e-06,0.0805555555555555,0.023,9e-06,0.0031111111111111,0.0401799999999999,0.0990777777777777,10000000.0,5.121055835156187e-10,36.0,4.0,,0.08429020699397524,3.561335485041589,0.01755247024790019,0.045982282548945264,0.15049672400624367,91.93073498230738,1.0
254.0,0.006,0.009,600000.0,0.000127,1.0,25.0,400.0,0.0012441956782229,5946.230783608694,385.3528593710531,137.6180487214949,0.0,0.0004039345507714,0.3524419742296054,0.046385605597236,76.2,2.847109356445863e-09,5.129198803927514e-10,1248.5680000000002,1.7739302856040169,0.000108316517716,0.00148,6.65847e-07,0.0154111111111111,0.0157,6.76e-06,0.0805555555555555,0.023,9e-06,0.0031111111111111,0.0401799999999999,0.0990777777777777,10000000.0,6.467079539715392e-10,36.0,4.0,,0.10644513369819318,3.5281615154515715,0.021751706904864387,0.1594312349341762,0.1800198599041874,307.6676912364134,1.0
255.0,0.006,0.009,600000.0,0.000127,1.0,30.0,325.0,0.0010828029131777,7135.476940330432,319.92671377973846,124.22765403161053,0.0,0.0003038593780081,0.2197268738665735,0.0403686250879266,76.2,2.5243238263554473e-09,4.815281806276332e-10,1248.5680000000002,1.806554219130255,8.290755319398048e-05,0.00148,6.65847e-07,0.0154111111111111,0.0157,6.76e-06,0.0805555555555555,0.023,9e-06,0.0031111111111111,0.0401799999999999,0.0990777777777777,10000000.0,4.710470658759649e-10,36.0,4.0,,0.077532165171909,3.5717077121018,0.016239530113696207,0.0616460836067379,0.1408247418416962,124.65003408043418,1.0
256.0,0.006,0.009,600000.0,0.000127,1.0,30.0,350.0,0.0013056039457222,7135.476940330432,351.11917342151344,124.24007264004024,0.0,0.000303889753778,0.2336119058196395,0.048675004062837,76.2,2.969925891444413e-09,5.248640954626979e-10,1248.5680000000002,1.7615172184117134,0.0001031423103387,0.00148,6.65847e-07,0.0154111111111111,0.0157,6.76e-06,0.0805555555555555,0.023,9e-06,0.0031111111111111,0.0401799999999999,0.0990777777777777,10000000.0,6.093522207779575e-10,36.0,4.0,,0.1002965530448001,3.5372432099942666,0.020602125317181447,0.0444603487120024,0.17214356616611595,86.62296430161594,1.0
257.0,0.006,0.009,600000.0,0.000127,1.0,30.0,375.0,0.0015455510964327,7135.476940330432,351.11917342151344,126.04768590116616,0.0,0.0003083111545159,0.2761111588402195,0.0576206177567663,76.2,3.449820192865452e-09,5.715350160116474e-10,1248.568,1.7130143013670889,0.0001172340332454,0.00148,6.65847e-07,0.0154111111111111,0.0157,6.76e-06,0.0805555555555555,0.023,9e-06,0.0031111111111111,0.0401799999999999,0.0990777777777777,10000000.0,7.132284366335005e-10,36.0,4.0,,0.11739409702412194,3.5122205864323273,0.0237695460212244,0.06091644405933126,0.1934885131084759,115.62460170151893,1.0
258.0,0.006,0.009,600000.0,0.000127,1.0,30.0,400.0,0.0018029109526859,7135.476940330432,385.3528593710531,138.38940492864498,0.0,0.0003384988538367,0.398703215901144,0.0672154049736564,76.2,3.97036181074379e-09,6.23192753420768e-10,1246.8214283884315,1.6513836895888234,0.000144555458744,0.00148,6.65847e-07,0.0154111111111111,0.0157,6.76e-06,0.0805555555555555,0.023,9e-06,0.0031111111111111,0.0401799999999999,0.0990777777777777,10000000.0,9.36889576702155e-10,36.0,4.0,,0.15420768468991705,3.4606984832488807,0.030291331234318937,0.13710012623757054,0.23414655527608644,247.10906266225214,1.0
260.0,0.006,0.009,600000.0,0.000127,1.0,35.0,325.0,0.0014860374867052,8324.72309705217,319.92671377973846,125.1182917966142,0.0,0.0002623181721317,0.219686462111358,0.0554018551643486,76.2,3.3307929734104032e-09,5.599593213515952e-10,1248.5680000000002,1.7250443824374109,0.0001044778770076,0.00148,6.65847e-07,0.0154111111111111,0.0157,6.76e-06,0.0805555555555555,0.023,9e-06,0.0031111111111111,0.0401799999999999,0.0990777777777777,10000000.0,6.189111306984054e-10,36.0,4.0,,0.10186990534121525,3.5349103029172424,0.0208974300104757,0.022234701605794147,0.17418123623805667,43.213674911232836,1.0
269.0,0.006,0.0095,400000.0,0.000127,1.0,20.0,300.0,0.0011491113518242,7135.476940330428,291.5053062825179,116.79238201275554,0.0,0.0002856727902585,0.1567902935335999,0.0428407097741707,50.8,2.65694070364849e-09,4.944255034865749e-10,1248.5680000000002,1.7931506313422472,5.308283545199619e-05,0.00148,6.65847e-07,0.0154111111111111,0.0157,6.76e-06,0.0805555555555555,0.023,9e-06,0.0031111111111111,0.0401799999999999,0.0990777777777777,10000000.0,4.98131358105024e-10,22.0,2.0,,0.014621813012028077,3.625321113494344,0.009453023608310863,0.059147770747401025,0.08709991530130311,127.07694828727452,1.0
271.0,0.006,0.0095,400000.0,0.000127,1.0,20.0,350.0,0.0016769290218943,7135.476940330428,351.11917342151344,116.5776222136802,0.0,0.0002851474903204,0.2800198204949692,0.0625185970226575,50.8,3.712576043788761e-09,5.970886794035665e-10,1248.5680000000002,1.68645756751427,8.33003026196457e-05,0.00148,6.65847e-07,0.0154111111111111,0.0157,6.76e-06,0.0805555555555555,0.023,9e-06,0.0031111111111111,0.0401799999999999,0.0990777777777777,10000000.0,8.292609700834718e-10,22.0,2.0,,0.02434156903685048,3.5785853938222423,0.01536893749085542,0.15297965443546113,0.1342890222299604,311.68201924379935,1.0
272.0,0.006,0.0095,400000.0,0.000127,1.0,20.0,375.0,0.0019724612195541,7135.476940330428,351.11917342151344,116.54623779973193,0.0,0.0002850707244137,0.2675386622871519,0.0735365102029294,50.8,4.648562878216534e-09,7.49361719457793e-10,1145.09126826752,1.0574931878189542,0.000102705437411,0.00148,6.65847e-07,0.0154111111111111,0.0157,6.76e-06,0.0805555555555555,0.023,9e-06,0.0031111111111111,0.0401799999999999,0.0990777777777777,10000000.0,4.2170498449455385e-10,24.0,3.0,,0.04627379141805819,3.613735582345769,0.010919546538510268,0.10754836066616433,0.09927101960327725,227.98332306410373,1.0
273.0,0.006,0.0095,400000.0,0.000127,1.0,20.0,400.0,0.0022895052282285,7135.476940330428,385.3528593710531,134.46100351272275,0.0,0.0003288900302611,0.4349160939928063,0.0853564181167244,50.8,5.820237170171243e-09,8.52031424050093e-10,1089.9673029028638,0.8507816539685871,0.0001370531496131,0.00148,6.65847e-07,0.0154111111111111,0.0157,6.76e-06,0.0805555555555555,0.023,9e-06,0.0031111111111111,0.0401799999999999,0.0990777777777777,10000000.0,5.81267305018231e-10,24.0,3.0,,0.06378260399930796,3.5832521153704575,0.014778213244245896,0.24559707187677393,0.1297974143616851,502.97766751683463,1.0
274.0,0.006,0.0095,400000.0,0.000127,1.0,25.0,300.0,0.0018070001452898,8919.346175413035,291.5053062825179,117.92338578296552,0.0,0.0002307513697232,0.1942847267515826,0.0673678566166393,50.8,3.986718581159532e-09,6.262356811158684e-10,1244.36791282607,1.6370603110873148,7.472305602451585e-05,0.00148,6.65847e-07,0.0154111111111111,0.0157,6.76e-06,0.0805555555555555,0.023,9e-06,0.0031111111111111,0.0401799999999999,0.0990777777777777,10000000.0,7.308782519753662e-10,22.0,2.0,,0.021453708868271224,3.5922413714334955,0.013640332729937286,0.06528316126667198,0.12101278728411326,135.04822553845585,1.0
275.0,0.006,0.0095,400000.0,0.000127,1.0,25.0,325.0,0.0022049370127672,8919.346175413035,319.92671377973846,123.6393746637972,0.0,0.0002419363628848,0.2317706814499364,0.0822035797351821,50.8,5.5101537134797845e-09,8.280264541973492e-10,1101.2430649643716,0.8829872036746136,0.0001094200004737,0.00148,6.65847e-07,0.0154111111111111,0.0157,6.76e-06,0.0805555555555555,0.023,9e-06,0.0031111111111111,0.0401799999999999,0.0990777777777777,10000000.0,4.520571569348094e-10,24.0,3.0,,0.04960434274713184,3.6078505324048495,0.011664489569006432,0.05978275896762236,0.10533005914064987,125.87629411889927,1.0
276.0,0.006,0.0095,400000.0,0.000127,1.0,25.0,350.0,0.0026356584957211,8919.346175413035,351.11917342151344,120.75933760004048,0.0,0.0002363007335064,0.3079115446801936,0.0982615657740777,50.8,7.030034991442304e-09,9.383526306151435e-10,1037.8704512836543,0.7347270631661563,0.0001485521252796,0.00148,6.65847e-07,0.0154111111111111,0.0157,6.76e-06,0.0805555555555555,0.023,9e-06,0.0031111111111111,0.0401799999999999,0.0990777777777777,10000000.0,6.372153301930992e-10,24.0,3.0,,0.06992179452914518,3.5728237662924647,0.01609825743133358,0.09954818437697072,0.1397708941977896,201.53599546403905,1.0
277.0,0.006,0.0095,400000.0,0.000127,1.0,25.0,375.0,0.0030995878693229,8919.346175413035,351.11917342151344,121.94556297347728,0.0,0.0002386219281355,0.2587530503099146,0.1155575951089519,50.8,7.957893738645978e-09,9.147548630268859e-10,898.6916392031033,0.7632075327684485,0.0001646790003617,0.00148,6.65847e-07,0.0154111111111111,0.0157,6.76e-06,0.0805555555555555,0.023,9e-06,0.0031111111111111,0.0401799999999999,0.0990777777777777,10000000.0,7.180281605041991e-10,24.0,3.0,,0.07878940622740589,3.5579913726218804,0.017975775617483498,0.024226048973556805,0.1535688161194364,48.25911957068288,1.0
278.0,0.006,0.0095,400000.0,0.000127,1.0,25.0,400.0,0.0035972512537132,8919.346175413035,385.3528593710531,135.1301442765301,0.0,0.000264421392548,0.3898047686919278,0.1341112823404342,50.8,8.953220507426413e-09,8.894412149798776e-10,749.3926238860382,0.7937589220483693,0.0001991124252415,0.00148,6.65847e-07,0.0154111111111111,0.0157,6.76e-06,0.0805555555555555,0.023,9e-06,0.0031111111111111,0.0401799999999999,0.0990777777777777,10000000.0,9.007420199457149e-10,24.0,3.0,,0.09883864285456818,3.5254254688774567,0.02209804191424595,0.1166748434969254,0.1823634613771096,224.51360666291976,1.0
279.0,0.006,0.0095,400000.0,0.000127,1.0,30.0,300.0,0.0026223340410873,10703.21541049564,291.5053062825179,118.9597365454072,0.0,0.0001939827426052,0.2150440549986542,0.097764808786201,50.8,7.003386082174644e-09,9.390303790000934e-10,1041.8677876738034,0.7339090793376702,0.0001240150055597,0.00148,6.65847e-07,0.0154111111111111,0.0157,6.76e-06,0.0805555555555555,0.023,9e-06,0.0031111111111111,0.0401799999999999,0.0990777777777777,10000000.0,5.194135992471163e-10,24.0,3.0,,0.05699538168862771,3.5949367295919674,0.01329914815291549,0.020103864523825496,0.118344117733898,41.714189230073714,1.0
280.0,0.006,0.0095,400000.0,0.000127,1.0,30.0,325.0,0.003198717087648,10703.21541049564,319.92671377973846,124.48320436304026,0.0,0.0002029896340717,0.2673974349888267,0.1192532909748589,50.8,8.156152175296067e-09,9.097126553367828e-10,868.95287370559,0.7692930424383502,0.0001537470229403,0.00148,6.65847e-07,0.0154111111111111,0.0157,6.76e-06,0.0805555555555555,0.023,9e-06,0.0031111111111111,0.0401799999999999,0.0990777777777777,10000000.0,6.629400977206857e-10,24.0,3.0,,0.07274457958177227,3.5680729447922093,0.016699627241492546,0.035219564432195524,0.1442390873997653,70.93189706261845,1.0
281.0,0.006,0.0095,400000.0,0.000127,1.0,30.0,350.0,0.0038225345692128,10703.21541049564,351.11917342151344,123.58805969024084,0.0,0.0002015299585235,0.2965308030217994,0.1425102047955653,50.8,9.40378713842568e-09,8.77982179136989e-10,681.8076292361484,0.8075889896924532,0.0001898099876267,0.00148,6.65847e-07,0.0154111111111111,0.0157,6.76e-06,0.0805555555555555,0.023,9e-06,0.0031111111111111,0.0401799999999999,0.0990777777777777,10000000.0,8.499171105216541e-10,24.0,3.0,,0.09326161307307396,3.5343524272294755,0.020968047186142296,0.020578985153160048,0.17466702563328865,39.97222277143926,1.0
283.0,0.006,0.0095,400000.0,0.000127,1.0,30.0,400.0,0.0052150361757188,10703.21541049564,385.3528593710531,135.9033845594569,0.0,0.0002216120515373,0.4708727572832414,0.1944248926886786,50.8,1.2618862702875276e-08,8.38378633106719e-10,324.7868038861603,0.8701591557980782,0.0002698662712827,0.00148,6.65847e-07,0.0154111111111111,0.0157,6.76e-06,0.0805555555555555,0.023,9e-06,0.0031111111111111,0.0401799999999999,0.0990777777777777,10000000.0,7.357876084372006e-10,24.0,4.0,,0.08073815480654961,3.528419483456262,0.021719052727055422,0.1555297097880131,0.17979820030283358,300.21972863326016,1.0
291.0,0.006,0.0095,450000.0,0.000127,1.0,20.0,325.0,0.0011082035145469,6342.646169182605,319.92671377973846,122.8513959770888,0.0,0.0003380547004008,0.2325901085700299,0.0413156001479354,57.15,2.5751250290939994e-09,4.864687245969642e-10,1248.5680000000002,1.8014197415694695,6.319953343979147e-05,0.00148,6.65847e-07,0.0154111111111111,0.0157,6.76e-06,0.0805555555555555,0.023,9e-06,0.0031111111111111,0.0401799999999999,0.0990777777777777,10000000.0,8.617411850873368e-10,24.0,2.0,,0.0275945142904632,3.5700942452838205,0.016443766419769596,0.12349999413163129,0.1423437206799277,249.27880677552534,1.0
292.0,0.006,0.0095,450000.0,0.000127,1.0,20.0,350.0,0.0013249809555708,6342.646169182605,351.11917342151344,116.57762221367967,0.0,0.0003207909266105,0.2792714487411992,0.0493974099932108,57.15,3.008679911141732e-09,5.286330207633114e-10,1248.5680000000002,1.7576003496409052,7.821015576789954e-05,0.00148,6.65847e-07,0.0154111111111111,0.0157,6.76e-06,0.0805555555555555,0.023,9e-06,0.0031111111111111,0.0401799999999999,0.0990777777777777,10000000.0,4.6549316255497555e-10,24.0,3.0,,0.05107867894048897,3.6169501267957296,0.010512642177755788,0.13861535980749945,0.09592665291383418,294.9308287587792,1.0
293.0,0.006,0.0095,450000.0,0.000127,1.0,20.0,375.0,0.0015584878771785,6342.646169182605,351.11917342151344,116.5462377997317,0.0,0.0003207045649654,0.2681404707166376,0.0581029216418207,57.15,3.475693754357151e-09,5.740512845506189e-10,1248.5680000000002,1.7103992605071228,8.849538534422144e-05,0.00148,6.65847e-07,0.0154111111111111,0.0157,6.76e-06,0.0805555555555555,0.023,9e-06,0.0031111111111111,0.0401799999999999,0.0990777777777777,10000000.0,4.691053459633083e-10,27.0,3.0,,0.057909425301191336,3.600988234614434,0.012533134858932385,0.11194812377362545,0.11229309538689405,233.87918172469548,1.0
294.0,0.006,0.0095,450000.0,0.000127,1.0,20.0,400.0,0.0018089917852669,6342.646169182605,385.3528593710531,134.46100351272273,0.0,0.0003700012840437,0.4048705633731595,0.0674421081416093,57.15,3.994685141067913e-09,6.27717738096784e-10,1243.172928839813,1.6300841140739442,0.0001090518823204,0.00148,6.65847e-07,0.0154111111111111,0.0157,6.76e-06,0.0805555555555555,0.023,9e-06,0.0031111111111111,0.0401799999999999,0.0990777777777777,10000000.0,5.933234149492508e-10,27.0,3.0,,0.07324371438763956,3.5764583988014595,0.0156381773669039,0.22400474084391053,0.13632085743592318,455.3179691774026,1.0
295.0,0.006,0.0095,450000.0,0.000127,1.0,25.0,300.0,0.0014277532012166,7928.307711478257,291.5053062825179,117.92338578296552,0.0,0.0002595952909386,0.1880956937290945,0.0532289237464804,57.15,3.214224402433398e-09,5.486227364026541e-10,1248.5680000000002,1.7368259679060567,6.990193205892092e-05,0.00148,6.65847e-07,0.0154111111111111,0.0157,6.76e-06,0.0805555555555555,0.023,9e-06,0.0031111111111111,0.0401799999999999,0.0990777777777777,10000000.0,4.1020104664996713e-10,24.0,3.0,,0.04501146149576724,3.6263458148542,0.009323314575417789,0.04967530848684675,0.08600757033923886,106.85339367346693,1.0
296.0,0.006,0.0095,450000.0,0.000127,1.0,25.0,325.0,0.0017421724545321,7928.307711478257,319.92671377973846,123.63937466379704,0.0,0.0002721784082454,0.2266798494456743,0.0649509765808846,57.15,3.8430629090642355e-09,6.097788532687693e-10,1248.568,1.6732692600408778,8.863701347728259e-05,0.00148,6.65847e-07,0.0154111111111111,0.0157,6.76e-06,0.0805555555555555,0.023,9e-06,0.0031111111111111,0.0401799999999999,0.0990777777777777,10000000.0,4.699381858392164e-10,27.0,3.0,,0.05801223649061132,3.6008215381945514,0.012554235671575764,0.06353663637417839,0.11246089077548994,132.71403922678613,1.0
297.0,0.006,0.0095,450000.0,0.000127,1.0,25.0,350.0,0.0020824956015574,7928.307711478257,351.11917342151344,120.7593376000408,0.0,0.0002658383251947,0.2977266693659959,0.0776387680190245,57.15,5.0612018723773445e-09,7.932710514874229e-10,1117.5685864590057,0.9296157500295504,0.0001247021834738,0.00148,6.65847e-07,0.0154111111111111,0.0157,6.76e-06,0.0805555555555555,0.023,9e-06,0.0031111111111111,0.0401799999999999,0.0990777777777777,10000000.0,6.927492955993175e-10,27.0,3.0,,0.08551749395134665,3.557295843451047,0.018063817284677645,0.09439040739562475,0.1542049796662468,187.88760606663553,1.0
298.0,0.006,0.0095,450000.0,0.000127,1.0,25.0,375.0,0.0024490570819342,7928.307711478257,351.11917342151344,121.945562973477,0.0,0.0002684496691524,0.2687988605517055,0.0913047665058387,57.15,6.405260633758796e-09,8.97320749563967e-10,1068.6937224087712,0.7900205852008715,0.000153761206946,0.00148,6.65847e-07,0.0154111111111111,0.0157,6.76e-06,0.0805555555555555,0.023,9e-06,0.0031111111111111,0.0401799999999999,0.0990777777777777,10000000.0,8.902222347890803e-10,27.0,3.0,,0.1098948422792225,3.5204245520135053,0.022731069365379088,0.02741925176664431,0.18661263035076775,52.48777610883156,1.0
299.0,0.006,0.0095,450000.0,0.000127,1.0,25.0,400.0,0.0028422725955264,7928.307711478257,385.3528593710531,135.1301442765301,0.0,0.0002974740666165,0.3984937033169164,0.1059644699973802,57.15,7.4432631910529725e-09,9.278432044285451e-10,975.886221342054,0.7474110338818392,0.0001915978142611,0.00148,6.65847e-07,0.0154111111111111,0.0157,6.76e-06,0.0805555555555555,0.023,9e-06,0.0031111111111111,0.0401799999999999,0.0990777777777777,10000000.0,6.213710203318822e-10,28.0,4.0,,0.07954706027393578,3.540887103702184,0.020140872949090664,0.17280217304560053,0.16894062150756672,337.9764212444153,1.0
300.0,0.006,0.0095,450000.0,0.000127,1.0,30.0,300.0,0.0020719676374023,9513.969253773908,291.5053062825179,118.95973654540714,0.0,0.0002182305854308,0.210361298416379,0.0772462686705787,57.15,5.022599337141881e-09,7.902826537687761e-10,1118.9723150130226,0.9336250444323194,0.000104043445431,0.00148,6.65847e-07,0.0154111111111111,0.0157,6.76e-06,0.0805555555555555,0.023,9e-06,0.0031111111111111,0.0401799999999999,0.0990777777777777,10000000.0,5.624200671697776e-10,27.0,3.0,,0.06942880346157194,3.582498994251418,0.014873545031466207,0.023506226284228354,0.13052542668911993,48.099985702655204,1.0
301.0,0.006,0.0095,450000.0,0.000127,1.0,30.0,325.0,0.0025273814025861,9513.969253773908,319.92671377973846,124.48320436304016,0.0,0.0002283633383307,0.2724052238143748,0.094224822498654,57.15,6.692449809482375e-09,9.195533690620736e-10,1058.2504796551864,0.7601928563291518,0.0001463868553681,0.00148,6.65847e-07,0.0154111111111111,0.0157,6.76e-06,0.0805555555555555,0.023,9e-06,0.0031111111111111,0.0401799999999999,0.0990777777777777,10000000.0,8.383835735043998e-10,27.0,3.0,,0.10349553962959174,3.5299546217439377,0.02152473142481806,0.03450486168612896,0.17847664668949342,66.71221384882635,1.0
302.0,0.006,0.0095,450000.0,0.000127,1.0,30.0,350.0,0.0030202742275261,9513.969253773908,351.11917342151344,123.58805969024093,0.0,0.000226721203339,0.3114436290141902,0.1126006556409406,57.15,7.799266455052395e-09,9.187891514168799e-10,922.4857317421408,0.7583384947364241,0.0001821621676409,0.00148,6.65847e-07,0.0154111111111111,0.0157,6.76e-06,0.0805555555555555,0.023,9e-06,0.0031111111111111,0.0401799999999999,0.0990777777777777,10000000.0,5.854415440318808e-10,28.0,4.0,,0.07494741831554412,3.5492527341499867,0.019081932386077687,0.08371555505770538,0.1614927148993192,165.20308376272428,1.0
303.0,0.006,0.0095,450000.0,0.000127,1.0,30.0,375.0,0.0035511230437571,9513.969253773908,351.11917342151344,125.5536930136629,0.0,0.0002303271403002,0.2967773054383742,0.1323915488681365,57.15,8.860964087514298e-09,8.917875263792927e-10,763.2310868728554,0.7909271266152369,0.0002029220832124,0.00148,6.65847e-07,0.0154111111111111,0.0157,6.76e-06,0.0805555555555555,0.023,9e-06,0.0031111111111111,0.0401799999999999,0.0990777777777777,10000000.0,6.654336807942123e-10,28.0,4.0,,0.08518790124163146,3.5307534106648,0.02142361890318991,0.039017855328606244,0.1777873078094673,75.50100267061809,1.0
304.0,0.006,0.0095,450000.0,0.000127,1.0,30.0,400.0,0.0041205224104445,9513.969253773908,385.3528593710531,135.90338455945692,0.0,0.0002493135579795,0.4283306470578512,0.1536196682972278,57.15,9.999762820889013e-09,8.628250275927401e-10,592.4112768666487,0.8258823639363847,0.0002464603230026,0.00148,6.65847e-07,0.0154111111111111,0.0157,6.76e-06,0.0805555555555555,0.023,9e-06,0.0031111111111111,0.0401799999999999,0.0990777777777777,10000000.0,8.454227919117937e-10,28.0,4.0,,0.10822985878750342,3.490740504384478,0.026488543748800282,0.12630111997311988,0.21095261393950757,234.53919795273143,1.0
307.0,0.006,0.0095,450000.0,0.000127,1.0,35.0,350.0,0.0041454550367115,11099.63079606956,351.11917342151344,125.7760606073204,0.0,0.0001977729185877,0.2998032234392657,0.1545491964966658,57.15,1.0049628073423128e-08,8.61556829557666e-10,584.9314889865309,0.827412969552044,0.0002261647905241,0.00148,6.65847e-07,0.0154111111111111,0.0157,6.76e-06,0.0805555555555555,0.023,9e-06,0.0031111111111111,0.0401799999999999,0.0990777777777777,10000000.0,7.593132389801148e-10,28.0,4.0,,0.09720623268798018,3.5096120921765768,0.024099735167521997,0.007867794254619725,0.19565044455982916,14.893712600142672,1.0
315.0,0.006,0.0095,500000.0,0.000127,1.0,20.0,350.0,0.0010732345740124,5708.3815522643445,351.11917342151344,116.57762221367996,0.0,0.0003564343629005,0.2670317474567716,0.0400119020945008,63.5,2.505187148024807e-09,4.796670908182822e-10,1248.5680000000002,1.8084883632091329,7.458179049022128e-05,0.00148,6.65847e-07,0.0154111111111111,0.0157,6.76e-06,0.0805555555555555,0.023,9e-06,0.0031111111111111,0.0401799999999999,0.0990777777777777,10000000.0,5.519549362932253e-10,27.0,3.0,,0.0681369194104141,3.5952902952317407,0.01325439300864044,0.1187029259518567,0.11799285027475853,246.39885102230983,1.0
316.0,0.006,0.0095,500000.0,0.000127,1.0,20.0,375.0,0.0012623751805146,5708.3815522643445,351.11917342151344,116.5462377997318,0.0,0.0003563384055171,0.2765287212057634,0.0470633665298748,63.5,2.8834683610292942e-09,5.164558844860013e-10,1248.5680000000002,1.7702554810107691,8.383650219054218e-05,0.00148,6.65847e-07,0.0154111111111111,0.0157,6.76e-06,0.0805555555555555,0.023,9e-06,0.0031111111111111,0.0401799999999999,0.0990777777777777,10000000.0,6.33868424926204e-10,27.0,3.0,,0.07824885501713917,3.5808150697707455,0.01508670002901958,0.11103649965874922,0.13214881124889907,226.78596483905164,1.0
317.0,0.006,0.0095,500000.0,0.000127,1.0,20.0,400.0,0.0014652833460662,5708.3815522643445,385.3528593710531,134.46100351272275,0.0,0.0004111125378263,0.4153532536164018,0.0546281075947036,63.5,3.2892846921325076e-09,5.559225372266167e-10,1248.5680000000002,1.7292396244261676,0.0001021409327803,0.00148,6.65847e-07,0.0154111111111111,0.0157,6.76e-06,0.0805555555555555,0.023,9e-06,0.0031111111111111,0.0401799999999999,0.0990777777777777,10000000.0,7.149342357992281e-10,30.0,3.0,,0.09806238638800568,3.546643437968446,0.01941222304196892,0.22248275963369252,0.16383005238982015,437.82047324515156,1.0
318.0,0.006,0.0095,500000.0,0.000127,1.0,25.0,300.0,0.0011564800929855,7135.476940330431,291.5053062825179,117.92338578296548,0.0,0.000288439212154,0.1877002503618335,0.0431154282346492,63.5,2.671678185971054e-09,4.958587604861498e-10,1248.5680000000002,1.7916611140039056,6.665273146746785e-05,0.00148,6.65847e-07,0.0154111111111111,0.0157,6.76e-06,0.0805555555555555,0.023,9e-06,0.0031111111111111,0.0401799999999999,0.0990777777777777,10000000.0,5.845102399491987e-10,24.0,4.0,,0.06413845204496907,3.611184161484033,0.01124251120455276,0.04026637008221523,0.10190792018640765,85.10762977806522,1.0
319.0,0.006,0.0095,500000.0,0.000127,1.0,25.0,325.0,0.001411159688171,7135.476940330431,319.92671377973846,123.639374663797,0.0,0.000302420453606,0.2266798494456743,0.0526102910305165,63.5,3.1810373763420315e-09,5.453952151477031e-10,1248.5680000000002,1.740180180633111,8.372654022691636e-05,0.00148,6.65847e-07,0.0154111111111111,0.0157,6.76e-06,0.0805555555555555,0.023,9e-06,0.0031111111111111,0.0401799999999999,0.0990777777777777,10000000.0,6.328719265325042e-10,27.0,3.0,,0.07812584075224265,3.580989624732094,0.015064604464291944,0.055763717662915144,0.13198081351012456,113.91638456426341,1.0
320.0,0.006,0.0095,500000.0,0.000127,1.0,25.0,350.0,0.0016868214372615,7135.476940330431,351.11917342151344,120.75933760004052,0.0,0.000295375916883,0.2993631388856983,0.0628874020954097,63.5,3.732360874523078e-09,5.990128036545553e-10,1248.5680000000002,1.6844579146719527,0.0001046095824804,0.00148,6.65847e-07,0.0154111111111111,0.0157,6.76e-06,0.0805555555555555,0.023,9e-06,0.0031111111111111,0.0401799999999999,0.0990777777777777,10000000.0,7.355254683573413e-10,30.0,3.0,,0.10088673763908501,3.5425638646652446,0.019928624725918366,0.0954089991512036,0.1674584249809537,186.93921683759197,1.0
321.0,0.006,0.0095,500000.0,0.000127,1.0,25.0,375.0,0.0019837362363667,7135.476940330431,351.11917342151344,121.945562973477,0.0,0.0002982774101694,0.2804054247671778,0.0739568608697294,63.5,4.693662945466869e-09,7.577518991936922e-10,1138.3262581799695,1.0179997354288446,0.0001295731421211,0.00148,6.65847e-07,0.0154111111111111,0.0157,6.76e-06,0.0805555555555555,0.023,9e-06,0.0031111111111111,0.0401799999999999,0.0990777777777777,10000000.0,9.562855038927879e-10,30.0,3.0,,0.13116680372027656,3.4998980138774973,0.025329365331962336,0.03510176017717184,0.20360057066513618,65.79077213664047,1.0
322.0,0.006,0.0095,500000.0,0.000127,1.0,25.0,400.0,0.0023022408023764,7135.476940330431,385.3528593710531,135.13014427653007,0.0,0.000330526740685,0.3902762025111661,0.0858312206978779,63.5,5.866934275380331e-09,8.556464592238976e-10,1088.2692263498063,0.8459316501696577,0.0001725476673428,0.00148,6.65847e-07,0.0154111111111111,0.0157,6.76e-06,0.0805555555555555,0.023,9e-06,0.0031111111111111,0.0401799999999999,0.0990777777777777,10000000.0,8.035337576682847e-10,28.0,4.0,,0.10286728244783822,3.5244535707780327,0.022221066990122447,0.1613976993654499,0.18319273388498838,310.2573514969524,1.0
323.0,0.006,0.0095,500000.0,0.000127,1.0,30.0,300.0,0.0016782937862958,8562.572328396516,291.5053062825179,118.9597365454072,0.0,0.0002424784282565,0.1994982395025055,0.0625694776231687,63.5,3.715305572591775e-09,5.973541329034814e-10,1248.568,1.686181694038149,8.784526749211334e-05,0.00148,6.65847e-07,0.0154111111111111,0.0157,6.76e-06,0.0805555555555555,0.023,9e-06,0.0031111111111111,0.0401799999999999,0.0990777777777777,100000000.0,9.6362773608614e-11,24.0,4.0,,0.010573910791628676,3.5623763141685094,0.017420719725505115,0.08617485108770813,0.1495360034580207,172.48114364217815,1.0
324.0,0.006,0.0095,500000.0,0.000127,1.0,30.0,325.0,0.0020471789360947,8562.572328396516,319.92671377973846,124.48320436304016,0.0,0.0002537370425897,0.2635514552407345,0.0763221062239097,63.5,4.9317074323473885e-09,7.832462982736129e-10,1122.2774751873678,0.94306516029328,0.0001241144443372,0.00148,6.65847e-07,0.0154111111111111,0.0157,6.76e-06,0.0805555555555555,0.023,9e-06,0.0031111111111111,0.0401799999999999,0.0990777777777777,10000000.0,9.059132828870054e-10,30.0,3.0,,0.12425760850742036,3.509464105277991,0.024118467686330258,0.022791740509404426,0.19577274936805555,43.138140937080934,1.0
325.0,0.006,0.0095,500000.0,0.000127,1.0,30.0,350.0,0.0024464221242962,8562.572328396516,351.11917342151344,123.58805969024102,0.0,0.0002519124481544,0.3250408854459105,0.0912065310691619,63.5,6.39559912241947e-09,8.965728080552294e-10,1069.0450500938375,0.7910240385517661,0.0001706136963227,0.00148,6.65847e-07,0.0154111111111111,0.0157,6.76e-06,0.0805555555555555,0.023,9e-06,0.0031111111111111,0.0401799999999999,0.0990777777777777,10000000.0,7.917129585449236e-10,28.0,4.0,,0.10135400006165636,3.526728994752232,0.02193303863895798,0.09230035431509225,0.1812485799899509,177.8527492652694,1.0
326.0,0.006,0.0095,500000.0,0.000127,1.0,30.0,375.0,0.0028764096654432,8562.572328396516,351.11917342151344,125.55369301366288,0.0,0.000255919044778,0.3106039311580639,0.1072371545831906,63.5,7.511537330886583e-09,9.26106822367227e-10,965.6451003670126,0.7495066972250085,0.0001961512114099,0.00148,6.65847e-07,0.0154111111111111,0.0157,6.76e-06,0.0805555555555555,0.023,9e-06,0.0031111111111111,0.0401799999999999,0.0990777777777777,10000000.0,9.56341251231072e-10,28.0,4.0,,0.12242948683621754,3.495748827119624,0.02585457884561724,0.04075728973865575,0.20694862039267486,76.0697116957935,1.0
327.0,0.006,0.0095,500000.0,0.000127,1.0,30.0,400.0,0.00333762315246,8562.572328396516,385.3528593710531,135.9033845594569,0.0,0.0002770150644217,0.4419942555263139,0.1244319313207545,63.5,8.433964304920097e-09,9.026471983501195e-10,827.2810542619856,0.7778204394551381,0.0002365091397979,0.00148,6.65847e-07,0.0154111111111111,0.0157,6.76e-06,0.0805555555555555,0.023,9e-06,0.0031111111111111,0.0401799999999999,0.0990777777777777,10000000.0,1.046249478000567e-09,32.0,4.0,,0.15307361590481977,3.4327432921242274,0.03382996302224976,0.12430870830073953,0.2545371911268149,218.08845891621985,1.0
338.0,0.006,0.0095,550000.0,0.000127,1.0,20.0,375.0,0.0010432852731525,5189.437774785767,351.11917342151344,116.54623779973213,0.0,0.0003919722460689,0.269132031923715,0.0388953442395659,69.85,2.4452885463051983e-09,4.738418020545463e-10,1248.568,1.8145423148849336,8.042818876766184e-05,0.00148,6.65847e-07,0.0154111111111111,0.0157,6.76e-06,0.0805555555555555,0.023,9e-06,0.0031111111111111,0.0401799999999999,0.0990777777777777,10000000.0,7.60336871118904e-10,30.0,3.0,,0.10428993928002034,3.5492937794650623,0.019076736776574437,0.08576674840412876,0.16145584321112816,169.25832196224127,1.0
339.0,0.006,0.0095,550000.0,0.000127,1.0,20.0,400.0,0.0012109779719555,5189.437774785767,385.3528593710531,134.46100351272273,0.0,0.000452223791609,0.418581979406148,0.0451471963592591,69.85,2.7806739439111604e-09,5.064588704352201e-10,1248.5680000000002,1.780644912748899,9.732735636312693e-05,0.00148,6.65847e-07,0.0154111111111111,0.0157,6.76e-06,0.0805555555555555,0.023,9e-06,0.0031111111111111,0.0401799999999999,0.0990777777777777,10000000.0,8.704717500340997e-10,33.0,3.0,,0.1313359832263295,3.5076040516086167,0.024353917517896582,0.20191879982055938,0.19730683808205038,381.4445972866361,1.0
340.0,0.006,0.0095,550000.0,0.000127,1.0,25.0,325.0,0.0011662476761743,6486.797218482209,319.92671377973846,123.639374663797,0.0,0.0003326624989666,0.2407849117735558,0.0434795793640632,69.85,2.691213352348784e-09,4.977586042543e-10,1248.5680000000002,1.7896866947381085,8.008968358669047e-05,0.00148,6.65847e-07,0.0154111111111111,0.0157,6.76e-06,0.0805555555555555,0.023,9e-06,0.0031111111111111,0.0401799999999999,0.0990777777777777,10000000.0,7.56306719063885e-10,30.0,3.0,,0.10373715231272693,3.5500299976795833,0.018983544597521117,0.053388180096765575,0.1607939350126483,105.44327327076347,1.0
341.0,0.006,0.0095,550000.0,0.000127,1.0,25.0,350.0,0.0013940673035219,6486.797218482209,351.11917342151344,120.75933760004024,0.0,0.0003249135085713,0.2993631388856983,0.0519730595829832,69.85,3.146852607043862e-09,5.42070660871533e-10,1248.5680000000002,1.743635235266077,9.930925722747316e-05,0.00148,6.65847e-07,0.0154111111111111,0.0157,6.76e-06,0.0805555555555555,0.023,9e-06,0.0031111111111111,0.0401799999999999,0.0990777777777777,10000000.0,8.928135095704781e-10,33.0,3.0,,0.13470688751541363,3.503108993937465,0.024922912159814625,0.07250319178730147,0.20099010878373297,136.33721867323945,1.0
342.0,0.006,0.0095,550000.0,0.000127,1.0,25.0,375.0,0.0016394514350138,6486.797218482209,351.11917342151344,121.945562973477,0.0,0.0003281051511863,0.2734340013047852,0.061121372619611,69.85,3.6376208700276275e-09,5.89799101367362e-10,1248.5680000000002,1.6940332869263075,0.0001125200792098,0.00148,6.65847e-07,0.0154111111111111,0.0157,6.76e-06,0.0805555555555555,0.023,9e-06,0.0031111111111111,0.0401799999999999,0.0990777777777777,10000000.0,1.0490294622387216e-09,33.0,3.0,,0.1582766078866006,3.4722342990354957,0.028831101387911902,0.013856020798573482,0.2254034401361996,25.259179490410038,1.0
345.0,0.006,0.0095,550000.0,0.000127,1.0,30.0,325.0,0.0016918834182601,7784.156662178651,319.92671377973846,124.48320436304016,0.0,0.0002791107468487,0.2682493413997566,0.0630761208462064,69.85,3.742484836520234e-09,5.999973842686842e-10,1248.5680000000002,1.6834346858329,0.0001058674526333,0.00148,6.65847e-07,0.0154111111111111,0.0157,6.76e-06,0.0805555555555555,0.023,9e-06,0.0031111111111111,0.0401799999999999,0.0990777777777777,10000000.0,9.68707955461827e-10,33.0,3.0,,0.14615777224793627,3.4879889790217415,0.02683683809851382,0.018835448305613928,0.2131352100131128,34.88038116855938,1.0
347.0,0.006,0.0095,550000.0,0.000127,1.0,30.0,375.0,0.0023771980706142,7784.156662178651,351.11917342151344,125.5536930136629,0.0,0.0002815109492559,0.3046658818586958,0.0886257475894136,69.85,6.141777592252393e-09,8.769233296707676e-10,1078.2749239180948,0.8173861734217642,0.0001809679812828,0.00148,6.65847e-07,0.0154111111111111,0.0157,6.76e-06,0.0805555555555555,0.023,9e-06,0.0031111111111111,0.0401799999999999,0.0990777777777777,10000000.0,1.0313891070205207e-09,32.0,4.0,,0.15089943969978137,3.4592400053422976,0.03047594869084846,0.02496069456950073,0.23523791651202544,44.925007919963846,1.0
349.0,0.006,0.0095,550000.0,0.000127,1.0,35.0,300.0,0.0019051098759963,9081.516105875093,291.5053062825179,120.0203913133282,0.0,0.0002306609351927,0.19552097942559,0.0710255443529439,69.85,4.3791575039852284e-09,6.992429580140161e-10,1185.5020744022156,1.2934074329526948,0.0001122170497161,0.00148,6.65847e-07,0.0154111111111111,0.0157,6.76e-06,0.0805555555555555,0.023,9e-06,0.0031111111111111,0.0401799999999999,0.0990777777777777,10000000.0,5.583444056880045e-10,32.0,4.0,,0.0816896915085908,3.5606304576205376,0.017641714225248382,0.0026257435640553023,0.15114625605799417,5.24554149289801,1.0
359.0,0.006,0.0095,600000.0,0.000127,1.0,20.0,400.0,0.0010175578792126,4756.984626886955,385.3528593710531,134.4610035127227,0.0,0.0004933350453916,0.4022578201529933,0.0379361858296553,76.2,2.393833758425352e-09,4.688376952962612e-10,1248.5680000000002,1.8197428502959496,9.370866602656588e-05,0.00148,6.65847e-07,0.0154111111111111,0.0157,6.76e-06,0.0805555555555555,0.023,9e-06,0.0031111111111111,0.0401799999999999,0.0990777777777777,10000000.0,1.0727314733053513e-09,36.0,3.0,,0.17656663165654074,3.4563389949443595,0.03084316519691652,0.14757500266679724,0.2373994868781402,264.8591868933348,1.0
360.0,0.006,0.0095,600000.0,0.000127,1.0,25.0,350.0,0.001171403775876,5946.230783608694,351.11917342151344,120.7593376000407,0.0,0.0003544511002596,0.2977266693659959,0.0436718070107012,76.2,2.701525551752139e-09,4.987614914267751e-10,1248.5680000000002,1.7886444407444115,9.52620290526334e-05,0.00148,6.65847e-07,0.0154111111111111,0.0157,6.76e-06,0.0805555555555555,0.023,9e-06,0.0031111111111111,0.0401799999999999,0.0990777777777777,10000000.0,1.0971573554429137e-09,36.0,3.0,,0.18058701871666896,3.451385994519944,0.03147012727595647,0.033287843638625636,0.24106190951898623,59.4562017443541,1.0
361.0,0.006,0.0095,600000.0,0.000127,1.0,25.0,375.0,0.0013775946085879,5946.230783608694,351.11917342151344,121.94556297347712,0.0,0.0003579328922032,0.2547951847249237,0.0513589311595342,76.2,3.113907217175995e-09,5.388666393434085e-10,1248.5680000000002,1.7469650258200222,0.0001073699785041,0.00148,6.65847e-07,0.0154111111111111,0.0157,6.76e-06,0.0805555555555555,0.023,9e-06,0.0031111111111111,0.0401799999999999,0.0990777777777777,10000000.0,6.398085874534213e-10,36.0,4.0,,0.10530952992690232,3.529831746686452,0.021540285229563087,0.057946723638487074,0.1785825828445956,112.02061210913331,1.0
362.0,0.006,0.0095,600000.0,0.000127,1.0,25.0,400.0,0.0015987783349836,5946.230783608694,385.3528593710531,135.1301442765301,0.0,0.000396632088822,0.3923204963558042,0.0596050143735263,76.2,3.5562746699672967e-09,5.818879800459946e-10,1248.568,1.7022549473664057,0.0001311758383849,0.00148,6.65847e-07,0.0154111111111111,0.0157,6.76e-06,0.0805555555555555,0.023,9e-06,0.0031111111111111,0.0401799999999999,0.0990777777777777,10000000.0,8.232627851051342e-10,36.0,4.0,,0.135505241107827,3.486482970499282,0.027027472088698504,0.1570302408744508,0.21432471778388254,290.3564885819939,1.0
363.0,0.006,0.0095,600000.0,0.000127,1.0,30.0,300.0,0.0011654817960388,7135.476940330432,291.5053062825179,118.9597365454072,0.0,0.0002909741139078,0.2056138405327223,0.0434510261272005,76.2,2.689681592077621e-09,4.976096367385285e-10,1248.5680000000002,1.789841509748715,8.042186949692523e-05,0.00148,6.65847e-07,0.0154111111111111,0.0157,6.76e-06,0.0805555555555555,0.023,9e-06,0.0031111111111111,0.0401799999999999,0.0990777777777777,10000000.0,4.548376382739427e-10,36.0,4.0,,0.07486416847004013,3.5758359993166575,0.015716962111815513,0.04711864593548168,0.1369136088198092,95.70887665862294,1.0
364.0,0.006,0.0095,600000.0,0.000127,1.0,30.0,325.0,0.0014216520389546,7135.476940330432,319.92671377973846,124.4832043630402,0.0,0.0003044844511076,0.2718857515453349,0.0530014626554929,76.2,3.202022077909366e-09,5.474360298368803e-10,1248.568,1.7380592568457005,0.0001010331855838,0.00148,6.65847e-07,0.0154111111111111,0.0157,6.76e-06,0.0805555555555555,0.023,9e-06,0.0031111111111111,0.0401799999999999,0.0990777777777777,10000000.0,5.943719644531597e-10,36.0,4.0,,0.09783087224168988,3.5409117761537408,0.020137749853956888,0.08087341664815212,0.16891885020350583,158.1810199653647,1.0
365.0,0.006,0.0095,600000.0,0.000127,1.0,30.0,350.0,0.0016989042529834,7135.476940330432,351.11917342151344,123.58805969024056,0.0,0.0003022949377853,0.3283728672799543,0.063337868798029,76.2,3.756526505966967e-09,6.013629717265525e-10,1248.568,1.6820154943019188,0.0001262412035775,0.00148,6.65847e-07,0.0154111111111111,0.0157,6.76e-06,0.0805555555555555,0.023,9e-06,0.0031111111111111,0.0401799999999999,0.0990777777777777,10000000.0,7.834145406490147e-10,36.0,4.0,,0.12894640464583323,3.495714543855919,0.02585891849925077,0.09590859383609207,0.20697616688945,178.99830221435764,1.0
380.0,0.0065,0.0075,400000.0,0.000127,1.0,30.0,400.0,0.0014692006946727,9119.899521369069,385.3528593710531,135.8855679719155,0.0,0.0002600522693803,0.1911704361210459,0.0593386653367212,50.8,3.525168389345516e-09,5.798442811173246e-10,1264.8870000000002,2.32124627157885,8.68255676750185e-05,0.00148,6.65847e-07,0.0154111111111111,0.0157,6.76e-06,0.0805555555555555,0.023,9e-06,0.0031111111111111,0.0401799999999999,0.0990777777777777,10000000.0,8.708337742891622e-10,22.0,2.0,,0.025561869183770965,3.572871751057455,0.016092183410448744,0.06608990160055364,0.13972552603494157,133.80652452593608,1.0
384.0,0.0065,0.0075,400000.0,0.000127,1.0,35.0,400.0,0.0020123162689599,10639.88277493058,385.3528593710531,136.62010814498498,0.0,0.0002241068592577,0.1923669652991138,0.0812742343972623,50.8,5.2319266528531775e-09,8.514736139985138e-10,1083.244830805339,1.2190801774004398,0.0001255579393413,0.00148,6.65847e-07,0.0154111111111111,0.0157,6.76e-06,0.0805555555555555,0.023,9e-06,0.0031111111111111,0.0401799999999999,0.0990777777777777,10000000.0,5.266485931697034e-10,24.0,3.0,,0.057789279346930206,3.5935614476810307,0.013473234470755609,0.013123451554921298,0.11970780361356709,27.188176016728466,1.0
389.0,0.0065,0.0075,450000.0,0.000127,1.0,30.0,400.0,0.0011608499315932,8106.577352328062,385.3528593710531,135.88556797191544,0.0,0.0002925588030528,0.1604172158308044,0.0468848713771624,57.15,2.9084668631865794e-09,5.198685159445529e-10,1264.887,2.383576294827734,8.276419613792122e-05,0.00148,6.65847e-07,0.0154111111111111,0.0157,6.76e-06,0.0805555555555555,0.023,9e-06,0.0031111111111111,0.0401799999999999,0.0990777777777777,10000000.0,4.965285741306437e-10,24.0,3.0,,0.05448420226753089,3.6117285938495822,0.011173595715242767,0.01886814218611111,0.1013465443670878,39.90492855080701,1.0
392.0,0.0065,0.0075,450000.0,0.000127,1.0,35.0,400.0,0.0015899782865856,9457.673577716074,385.3528593710531,136.620108144985,0.0,0.000252120216665,0.1840495243380511,0.0642166790299357,57.15,3.766723573171293e-09,6.033361266323412e-10,1264.887,2.2968322891495787,0.0001035214105587,0.00148,6.65847e-07,0.0154111111111111,0.0157,6.76e-06,0.0805555555555555,0.023,9e-06,0.0031111111111111,0.0401799999999999,0.0990777777777777,10000000.0,5.592233819761789e-10,27.0,3.0,,0.06903418377961122,3.583126162891129,0.014794156596059666,0.010618661528504172,0.12991925251301165,21.74375196708011,1.0
396.0,0.0065,0.0075,450000.0,0.000127,1.0,40.0,400.0,0.0020916612659791,10808.769803104084,385.3528593710531,137.46459311807916,0.0,0.0002219688085258,0.1896702366941881,0.0844788518748735,57.15,5.522858308590325e-09,8.739959558857432e-10,1072.6654978694426,1.188863751152256,0.0001481580539202,0.00148,6.65847e-07,0.0154111111111111,0.0157,6.76e-06,0.0805555555555555,0.023,9e-06,0.0031111111111111,0.0401799999999999,0.0990777777777777,10000000.0,4.614287966406139e-10,28.0,4.0,,0.05907147758338617,3.578856948814801,0.015334563441164462,0.005939907235928424,0.13402892797919308,12.105652294930055,1.0
397.0,0.0065,0.0075,500000.0,0.000127,1.0,35.0,375.0,0.0010622615591597,8511.906219944463,351.11917342151344,119.86370560498986,0.0,0.0002457753013709,0.1170245169879624,0.0429030447559695,63.5,2.7112901183195923e-09,5.006925845643762e-10,1264.887,2.40350494843144,7.96629045021214e-05,0.00148,6.65847e-07,0.0154111111111111,0.0157,6.76e-06,0.0805555555555555,0.023,9e-06,0.0031111111111111,0.0401799999999999,0.0990777777777777,100000000.0,7.835151679175858e-11,24.0,4.0,,0.0085975311618759,3.584811222920175,0.014580857858205688,0.025343941070116997,0.12828640583812803,51.993986537837415,1.0
398.0,0.0065,0.0075,500000.0,0.000127,1.0,35.0,400.0,0.0012878824121343,8511.906219944463,385.3528593710531,136.62010814498504,0.0,0.0002801335740722,0.1832779113479029,0.0520155100142479,63.5,3.162531824268747e-09,5.44576968572196e-10,1264.887,2.357897949211159,9.87869110802638e-05,0.00148,6.65847e-07,0.0154111111111111,0.0157,6.76e-06,0.0805555555555555,0.023,9e-06,0.0031111111111111,0.0401799999999999,0.0990777777777777,10000000.0,4.0854512558372554e-10,28.0,4.0,,0.052301383016017354,3.605128408475693,0.012009062218266751,0.038781018317637646,0.1081051744625589,81.40254846229948,1.0
399.0,0.0065,0.0075,500000.0,0.000127,1.0,40.0,350.0,0.0011227561103753,9727.892822793672,351.11917342151344,113.14173606799588,0.0,0.0002029931714689,0.0988577500172812,0.0453463228882834,63.5,2.832279220750683e-09,5.124590772485559e-10,1264.8870000000002,2.39127657984873,8.2623852814112e-05,0.00148,6.65847e-07,0.0154111111111111,0.0157,6.76e-06,0.0805555555555555,0.023,9e-06,0.0031111111111111,0.0401799999999999,0.0990777777777777,100000000.0,8.408756312471306e-11,24.0,4.0,,0.009226948933386452,3.5775246026655134,0.015503214852466718,0.004104478195611348,0.13530354814167092,8.352697981096274,1.0
401.0,0.0065,0.0075,500000.0,0.000127,1.0,40.0,400.0,0.0016942456254431,9727.892822793672,385.3528593710531,137.46459311807905,0.0,0.0002466320094731,0.1746875561053369,0.0684278700186474,63.5,3.975258250886267e-09,6.236166453768168e-10,1264.8870000000002,2.275755689272926,0.0001206285037824,0.00148,6.65847e-07,0.0154111111111111,0.0157,6.76e-06,0.0805555555555555,0.023,9e-06,0.0031111111111111,0.0401799999999999,0.0990777777777777,10000000.0,5.151372484150238e-10,28.0,4.0,,0.06594715943967365,3.582373638376878,0.014889412863686316,0.00013252664701585148,0.13064648500924958,0.27114698096346795,1.0
402.0,0.0065,0.0075,550000.0,0.000127,1.0,35.0,400.0,0.0010643656298631,7738.096563585876,385.3528593710531,136.62010814498498,0.0,0.0003081469314794,0.1826321187184501,0.0429880248051635,69.85,2.715498259726236e-09,5.011018368365258e-10,1264.8870000000002,2.4030796315794705,9.545322880646254e-05,0.00148,6.65847e-07,0.0154111111111111,0.0157,6.76e-06,0.0805555555555555,0.023,9e-06,0.0031111111111111,0.0401799999999999,0.0990777777777777,10000000.0,4.6197213514252183e-10,32.0,4.0,,0.06758975431813555,3.5830345346264254,0.014805755110579095,0.031874339595151055,0.13000786623904256,65.26219398246892,1.0
404.0,0.0065,0.0075,550000.0,0.000127,1.0,40.0,400.0,0.0014002029962339,8843.53892981243,385.3528593710531,137.46459311807905,0.0,0.0002712952104204,0.1856423626393591,0.056551958693097,69.85,3.3871729924679913e-09,5.664238837824934e-10,1264.887,2.335193466341261,0.0001153058611062,0.00148,6.65847e-07,0.0154111111111111,0.0157,6.76e-06,0.0805555555555555,0.023,9e-06,0.0031111111111111,0.0401799999999999,0.0990777777777777,10000000.0,5.767523126621598e-10,32.0,4.0,,0.08438289704037122,3.5564228674160594,0.018174320580245693,0.00452750690589078,0.15500209236982113,9.00367693591499,1.0
406.0,0.0065,0.008,400000.0,0.000127,1.0,25.0,350.0,0.0010001123545113,7599.916267807557,351.11917342151344,113.0254240772324,0.0,0.0002595641476954,0.1285108607491136,0.040392937818945,50.8,2.586991709022645e-09,4.886042535142248e-10,1264.887,2.4160677886590824,6.129693625216915e-05,0.00148,6.65847e-07,0.0154111111111111,0.0157,6.76e-06,0.0805555555555555,0.023,9e-06,0.0031111111111111,0.0401799999999999,0.0990777777777777,10000000.0,5.840599356353109e-10,22.0,2.0,,0.017144102710506582,3.6129794654439027,0.011015257538746569,0.030793820219661917,0.10005408159632463,65.22065110692945,1.0
408.0,0.0065,0.008,400000.0,0.000127,1.0,25.0,400.0,0.0014477601877362,7599.916267807557,385.3528593710531,140.04193380260327,0.0,0.0003216078637693,0.2306643139779668,0.0584727175663655,50.8,3.482287375472441e-09,5.756739953156337e-10,1264.8870000000002,2.3255802556510017,8.590365690593481e-05,0.00148,6.65847e-07,0.0154111111111111,0.0157,6.76e-06,0.0805555555555555,0.023,9e-06,0.0031111111111111,0.0401799999999999,0.0990777777777777,10000000.0,8.598951179600594e-10,22.0,2.0,,0.025240783219507578,3.5743718827940993,0.015902293317202665,0.10677081319209362,0.13830477895657609,216.5266632593495,1.0
409.0,0.0065,0.008,400000.0,0.000127,1.0,30.0,325.0,0.0011601496043318,9119.899521369069,319.92671377973846,115.56620173806331,0.0,0.0002211658932894,0.125875759903822,0.0468565862795977,50.8,2.907066208663764e-09,5.197322987905725e-10,1264.887,2.3837178589803547,6.212281036715249e-05,0.00148,6.65847e-07,0.0154111111111111,0.0157,6.76e-06,0.0805555555555555,0.023,9e-06,0.0031111111111111,0.0401799999999999,0.0990777777777777,10000000.0,5.928562641567936e-10,22.0,2.0,,0.017402304224506376,3.6117246699190906,0.011174092415305046,0.021436869399717822,0.10135059292632402,45.337420051694245,1.0
410.0,0.0065,0.008,400000.0,0.000127,1.0,30.0,350.0,0.0014490844616864,9119.899521369069,351.11917342151344,116.86998487424236,0.0,0.0002236610203908,0.1474515003210784,0.0585262028723755,50.8,3.4849359233728275e-09,5.759315732203156e-10,1264.887,2.3253125669147097,7.887911059116085e-05,0.00148,6.65847e-07,0.0154111111111111,0.0157,6.76e-06,0.0805555555555555,0.023,9e-06,0.0031111111111111,0.0401799999999999,0.0990777777777777,10000000.0,7.780736982220056e-10,22.0,2.0,,0.022839052269784388,3.5856666628047855,0.014472574328508262,0.02590624517891841,0.12745512506171333,53.1982556168079,1.0
411.0,0.0065,0.008,400000.0,0.000127,1.0,30.0,375.0,0.0017608994932581,9119.899521369069,351.11917342151344,125.8499333897696,0.0,0.0002408464803718,0.1756835413934836,0.0711199130935091,50.8,4.230364973032768e-09,6.700535880136576e-10,1228.347304045085,2.061277408984801,9.38627524848071e-05,0.00148,6.65847e-07,0.0154111111111111,0.0157,6.76e-06,0.0805555555555555,0.023,9e-06,0.0031111111111111,0.0401799999999999,0.0990777777777777,10000000.0,9.559551908945457e-10,22.0,2.0,,0.02806046602308187,3.5612766386358152,0.017559919160023446,0.036323162276892536,0.15055097640848947,72.61496309792737,1.0
412.0,0.0065,0.008,400000.0,0.000127,1.0,30.0,400.0,0.0020962209243974,9119.899521369069,385.3528593710531,140.7175174880988,0.0,0.0002692994577018,0.2132996103732897,0.0846630091829346,50.8,5.53957705612404e-09,8.75290230126635e-10,1072.0575434136713,1.187127326834543,0.0001320487804034,0.00148,6.65847e-07,0.0154111111111111,0.0157,6.76e-06,0.0805555555555555,0.023,9e-06,0.0031111111111111,0.0401799999999999,0.0990777777777777,10000000.0,5.573322714324814e-10,24.0,3.0,,0.061156206891247435,3.5877540739258986,0.014208345072671092,0.02730039429910757,0.12541999598157139,56.19188638248211,1.0
416.0,0.0065,0.008,400000.0,0.000127,1.0,35.0,375.0,0.0024130947232408,10639.88277493058,351.11917342151344,128.6439394435512,0.0,0.0002110230303774,0.1804336882586288,0.0974610349201396,50.8,6.701447651883018e-09,9.652359141743184e-10,1029.8077035678905,1.0664543905130195,0.0001432016194685,0.00148,6.65847e-07,0.0154111111111111,0.0157,6.76e-06,0.0805555555555555,0.023,9e-06,0.0031111111111111,0.0401799999999999,0.0990777777777777,10000000.0,3.526750097386882e-10,24.0,4.0,,0.038699115350912944,3.612229105911016,0.01111023975809916,0.004093537987576258,0.10082983618869178,8.66255213186162,1.0
417.0,0.0065,0.008,400000.0,0.000127,1.0,35.0,400.0,0.00287158520183,10639.88277493058,385.3528593710531,141.49878136714244,0.0,0.0002321096646135,0.2356456469804786,0.1159787317655941,50.8,8.382579406710307e-09,1.0953799648234755e-09,968.6756397559888,0.8918505181550618,0.0001920248111648,0.00148,6.65847e-07,0.0154111111111111,0.0157,6.76e-06,0.0805555555555555,0.023,9e-06,0.0031111111111111,0.0401799999999999,0.0990777777777777,10000000.0,4.907390367661068e-10,24.0,4.0,,0.053848914912000244,3.580758085996663,0.015093913164979402,0.02563800030288426,0.13220364032750573,52.36090218058778,1.0
421.0,0.0065,0.008,400000.0,0.000127,1.0,40.0,400.0,0.003778336037456,12159.866028492092,385.3528593710531,142.38970747857823,0.0,0.000204374720135,0.2861481310603968,0.1526009472151891,50.8,1.0243439074912061e-08,1.0587690374547995e-09,701.3861887631912,0.9349502565607468,0.0002277316692115,0.00148,6.65847e-07,0.0154111111111111,0.0157,6.76e-06,0.0805555555555555,0.023,9e-06,0.0031111111111111,0.0401799999999999,0.0990777777777777,10000000.0,5.989506796902135e-10,24.0,4.0,,0.06572300504085471,3.5571137049422124,0.018086872792125046,0.027644178804352992,0.1543714141095318,55.01593490514661,1.0
422.0,0.0065,0.008,450000.0,0.000127,1.0,25.0,400.0,0.0011439092841372,6755.481126940053,385.3528593710531,140.04193380260327,0.0,0.0003618088467404,0.2322881558117966,0.0462006657314493,57.15,2.874585568274522e-09,5.16573475311118e-10,1264.887,2.387000677304496,8.194489624938218e-05,0.00148,6.65847e-07,0.0154111111111111,0.0157,6.76e-06,0.0805555555555555,0.023,9e-06,0.0031111111111111,0.0401799999999999,0.0990777777777777,10000000.0,4.909057337677099e-10,24.0,3.0,,0.053867206614886906,3.6126718437885748,0.011054196988788113,0.0920402834654603,0.10037227619152778,194.87042247830593,1.0
423.0,0.0065,0.008,450000.0,0.000127,1.0,30.0,350.0,0.0011449556240485,8106.577352328062,351.11917342151344,116.86998487424243,0.0,0.0002516186479397,0.1538861058315682,0.0462429257263214,57.15,2.8766782480970502e-09,5.167769936555581e-10,1264.8870000000002,2.3867891701548323,7.533942167529354e-05,0.00148,6.65847e-07,0.0154111111111111,0.0157,6.76e-06,0.0805555555555555,0.023,9e-06,0.0031111111111111,0.0401799999999999,0.0990777777777777,10000000.0,4.4619835219467954e-10,24.0,3.0,,0.04896145466548194,3.6202152325383197,0.010099337653377359,0.018501725439764853,0.09250416274045822,39.515003249918614,1.0
424.0,0.0065,0.008,450000.0,0.000127,1.0,30.0,375.0,0.0013913279946731,8106.577352328062,351.11917342151344,125.8499333897696,0.0,0.0002709522904183,0.1695180058974011,0.0561935115800566,57.15,3.3694229893462804e-09,5.646976516038993e-10,1264.8870000000002,2.3369874591567723,8.619408668467052e-05,0.00148,6.65847e-07,0.0154111111111111,0.0157,6.76e-06,0.0805555555555555,0.023,9e-06,0.0031111111111111,0.0401799999999999,0.0990777777777777,10000000.0,5.202599715100365e-10,24.0,3.0,,0.0570882543247037,3.6077609511007296,0.01167582897459119,0.016056239992640706,0.10542165909501144,33.8039443846838,1.0
425.0,0.0065,0.008,450000.0,0.000127,1.0,30.0,400.0,0.0016562733229807,8106.577352328062,385.3528593710531,140.71751748809882,0.0,0.0003029618899145,0.2133478687873734,0.0668942294778742,57.15,3.899313645961428e-09,6.162308426863634e-10,1264.887,2.28343141049268,0.0001067286018671,0.00148,6.65847e-07,0.0154111111111111,0.0157,6.76e-06,0.0805555555555555,0.023,9e-06,0.0031111111111111,0.0401799999999999,0.0990777777777777,10000000.0,5.789350896561388e-10,27.0,3.0,,0.07146752561481776,3.5792657977772446,0.015282810407943739,0.03480611369468144,0.13363703921428313,70.96767213878968,1.0
429.0,0.0065,0.008,450000.0,0.000127,1.0,35.0,400.0,0.0022689068261373,9457.673577716074,385.3528593710531,141.49878136714253,0.0,0.0002611233726902,0.2482010290963802,0.0916375164567658,57.15,6.1727586958369605e-09,9.243076989551747e-10,1049.0327565150196,1.1213645061142867,0.000163583415417,0.00148,6.65847e-07,0.0154111111111111,0.0157,6.76e-06,0.0805555555555555,0.023,9e-06,0.0031111111111111,0.0401799999999999,0.0990777777777777,10000000.0,5.166651758995942e-10,28.0,4.0,,0.0661427626070766,3.565528910063273,0.017021656954016064,0.050240750032537695,0.14661274616313608,100.9037751074806,1.0
432.0,0.0065,0.008,450000.0,0.000127,1.0,40.0,350.0,0.0020673413486104,10808.769803104084,351.11917342151344,121.99590845114376,0.0,0.0001969909911322,0.1836597818907005,0.0834966093242197,57.15,5.433685278238452e-09,8.670926662742486e-10,1075.9081535186017,1.1981253431509928,0.0001336875010431,0.00148,6.65847e-07,0.0154111111111111,0.0157,6.76e-06,0.0805555555555555,0.023,9e-06,0.0031111111111111,0.0401799999999999,0.0990777777777777,10000000.0,4.110527348365586e-10,28.0,4.0,,0.052622403691027345,3.5912167123066467,0.013770036416880129,0.007360768875453352,0.12202306721800905,15.209377371392256,1.0
434.0,0.0065,0.008,450000.0,0.000127,1.0,40.0,400.0,0.0029853519308294,10808.769803104084,385.3528593710531,142.38970747857832,0.0,0.0002299215601519,0.2951286117833391,0.1205735879231124,57.15,8.657470861658915e-09,1.09910417403836e-09,939.281420751163,0.886269226582977,0.0002221635295415,0.00148,6.65847e-07,0.0154111111111111,0.0157,6.76e-06,0.0805555555555555,0.023,9e-06,0.0031111111111111,0.0401799999999999,0.0990777777777777,10000000.0,7.42805801600292e-10,28.0,4.0,,0.09509297334170483,3.5132859907376,0.023634684716759412,0.03928205051852188,0.19260215495888672,74.64262160180475,1.0
435.0,0.0065,0.008,500000.0,0.000127,1.0,30.0,375.0,0.0011269756756852,7295.919617095255,351.11917342151344,125.8499333897696,0.0,0.0003010581004648,0.1480418208406719,0.0455167443798458,63.5,2.840718351370486e-09,5.132798037991582e-10,1264.887,2.390423636916986,8.283038914930659e-05,0.00148,6.65847e-07,0.0154111111111111,0.0157,6.76e-06,0.0805555555555555,0.023,9e-06,0.0031111111111111,0.0401799999999999,0.0990777777777777,100000000.0,8.45138274401488e-11,24.0,4.0,,0.009273723021307361,3.576988500394885,0.015571075899381675,0.05307135343951864,0.1358153649161499,107.9373750702829,1.0
436.0,0.0065,0.008,500000.0,0.000127,1.0,30.0,400.0,0.0013415813916143,7295.919617095255,385.3528593710531,140.71751748809885,0.0,0.0003366243221273,0.2098787460008691,0.0541843258770781,63.5,3.269929783228757e-09,5.550216885759547e-10,1264.887,2.347043237499071,0.0001016728727827,0.00148,6.65847e-07,0.0154111111111111,0.0157,6.76e-06,0.0805555555555555,0.023,9e-06,0.0031111111111111,0.0401799999999999,0.0990777777777777,10000000.0,7.110530241625489e-10,30.0,3.0,,0.09753002850652281,3.5474143498193516,0.01931463926337323,0.017984391617268086,0.16314084758198522,35.42038436947923,1.0
438.0,0.0065,0.008,500000.0,0.000127,1.0,35.0,350.0,0.0012714926101239,8511.906219944463,351.11917342151344,119.70510007474746,0.0,0.0002454500876476,0.1592100831657464,0.0513535521347301,63.5,3.129752220247901e-09,5.41389070132159e-10,1264.8870000000002,2.361210983789546,8.990457906045262e-05,0.00148,6.65847e-07,0.0154111111111111,0.0157,6.76e-06,0.0805555555555555,0.023,9e-06,0.0031111111111111,0.0401799999999999,0.0990777777777777,100000000.0,1.0249046199643861e-10,24.0,4.0,,0.01124630354191336,3.555032861195117,0.018350270734795355,0.05643022748910284,0.15626820821118037,112.05245168015978,1.0
439.0,0.0065,0.008,500000.0,0.000127,1.0,35.0,375.0,0.0015443806228741,8511.906219944463,351.11917342151344,128.64393944355123,0.0,0.0002637787879717,0.1753948725318173,0.0623750623488893,63.5,3.675528245748252e-09,5.944671530521319e-10,1264.887,2.306049400892225,0.0001032646789729,0.00148,6.65847e-07,0.0154111111111111,0.0157,6.76e-06,0.0805555555555555,0.023,9e-06,0.0031111111111111,0.0401799999999999,0.0990777777777777,10000000.0,4.2980685175207614e-10,28.0,4.0,,0.05502327985011552,3.6005280525138086,0.012591385757745772,0.01781653033281238,0.11275615719768763,37.20242709571849,1.0
440.0,0.0065,0.008,500000.0,0.000127,1.0,35.0,400.0,0.0018378145291712,8511.906219944463,385.3528593710531,141.49878136714256,0.0,0.0002901370807668,0.246362556831385,0.0742263883299803,63.5,4.538025116685021e-09,7.272890659229685e-10,1182.198282497247,1.7918640360906783,0.000136941666129,0.00148,6.65847e-07,0.0154111111111111,0.0157,6.76e-06,0.0805555555555555,0.023,9e-06,0.0031111111111111,0.0401799999999999,0.0990777777777777,10000000.0,5.998918331150869e-10,28.0,4.0,,0.07679732437660189,3.5648159706780502,0.017111902445816368,0.05515884412480271,0.14727557914684353,110.69525526556998,1.0
442.0,0.0065,0.008,500000.0,0.000127,1.0,40.0,325.0,0.0013424517573901,9727.892822793672,319.92671377973846,117.45809428756272,0.0,0.0002107373627341,0.1121506699132781,0.0542194785581773,63.5,3.271670514780351e-09,5.551909790711761e-10,1264.887,2.346867301761151,8.57827275867014e-05,0.00148,6.65847e-07,0.0154111111111111,0.0157,6.76e-06,0.0805555555555555,0.023,9e-06,0.0031111111111111,0.0401799999999999,0.0990777777777777,100000000.0,9.108490777612003e-11,24.0,4.0,,0.009994769278852757,3.56881664512942,0.01660548795830127,0.0077564220762480415,0.14354269697213776,15.634078896982679,1.0
443.0,0.0065,0.008,500000.0,0.000127,1.0,40.0,350.0,0.0016745464923744,9727.892822793672,351.11917342151344,121.99590845114392,0.0,0.0002188788790358,0.1687880802793805,0.067632253552618,63.5,3.93585998474899e-09,6.19785065499301e-10,1264.887,2.279737672031421,0.0001096381105531,0.00148,6.65847e-07,0.0154111111111111,0.0157,6.76e-06,0.0805555555555555,0.023,9e-06,0.0031111111111111,0.0401799999999999,0.0990777777777777,10000000.0,4.6058152118391225e-10,28.0,4.0,,0.05896301054900971,3.5939241578220624,0.013427321794675623,0.002012816177752688,0.11934856149368075,4.17170232795901,1.0
445.0,0.0065,0.008,500000.0,0.000127,1.0,40.0,400.0,0.0024181350639718,9727.892822793672,385.3528593710531,142.38970747857837,0.0,0.0002554684001688,0.2900361256539323,0.0976646062177211,63.5,6.719928901230162e-09,9.666666316919595e-10,1029.135658137085,1.0645349111546891,0.0001961889391547,0.00148,6.65847e-07,0.0154111111111111,0.0157,6.76e-06,0.0805555555555555,0.023,9e-06,0.0031111111111111,0.0401799999999999,0.0990777777777777,10000000.0,9.565993568476058e-10,28.0,4.0,,0.12246252916095372,3.495701429793139,0.025860578507197585,0.02972899027525737,0.20698670349249265,55.48374623237043,1.0
446.0,0.0065,0.008,550000.0,0.000127,1.0,30.0,400.0,0.0011087449517474,6632.654197359322,385.3528593710531,140.7175174880988,0.0,0.00037028675434,0.2084591413294432,0.0447804346091554,69.85,2.8042569034948383e-09,5.097338368396318e-10,1264.887,2.394108795453778,9.807634698934377e-05,0.00148,6.65847e-07,0.0154111111111111,0.0157,6.76e-06,0.0805555555555555,0.023,9e-06,0.0031111111111111,0.0401799999999999,0.0990777777777777,10000000.0,4.766765592606739e-10,32.0,4.0,,0.06974111440661568,3.5795747337817483,0.015243704584588886,0.053757592313672026,0.13334068339203894,109.6461452179067,1.0
448.0,0.0065,0.008,550000.0,0.000127,1.0,35.0,375.0,0.00127634762221,7738.096563585876,351.11917342151344,128.6439394435512,0.0,0.0002901566667689,0.185214012765006,0.0515496383048671,69.85,3.139462244420041e-09,5.4233339425796e-10,1264.887,2.360229591646468,9.915647460991314e-05,0.00148,6.65847e-07,0.0154111111111111,0.0157,6.76e-06,0.0805555555555555,0.023,9e-06,0.0031111111111111,0.0401799999999999,0.0990777777777777,10000000.0,4.827705043637218e-10,32.0,4.0,,0.07063270119510487,3.578145309124794,0.015424644414582987,0.022851673265033928,0.13471020192629674,46.53553784599584,1.0
449.0,0.0065,0.008,550000.0,0.000127,1.0,35.0,400.0,0.0015188549827861,7738.096563585876,385.3528593710531,141.49878136714253,0.0,0.0003191507888435,0.244910420117907,0.0613441225867605,69.85,3.6244769655723195e-09,5.895022884268216e-10,1264.887,2.311209153779607,0.0001223209252373,0.00148,6.65847e-07,0.0154111111111111,0.0157,6.76e-06,0.0805555555555555,0.023,9e-06,0.0031111111111111,0.0401799999999999,0.0990777777777777,10000000.0,6.193704641110271e-10,32.0,4.0,,0.0906182306607277,3.546767748681317,0.01939648750869411,0.0527680668704187,0.16371899384050398,103.85527641484576,1.0
453.0,0.0065,0.008,550000.0,0.000127,1.0,40.0,400.0,0.0019984587305552,8843.53892981243,385.3528593710531,142.38970747857832,0.0,0.0002810152401856,0.2853868337136556,0.0807145505931579,69.85,5.180601922221026e-09,8.468306812966576e-10,1085.811761666846,1.2291691661348818,0.0001711355361959,0.00148,6.65847e-07,0.0154111111111111,0.0157,6.76e-06,0.0805555555555555,0.023,9e-06,0.0031111111111111,0.0401799999999999,0.0990777777777777,10000000.0,9.53856910612229e-10,32.0,4.0,,0.139555937119555,3.474947667383677,0.028487637040040887,0.024936346000942716,0.2233178724870315,45.580729902947226,1.0
454.0,0.0065,0.008,600000.0,0.000127,1.0,35.0,375.0,0.0010724865436625,7093.255183287054,351.11917342151344,128.64393944355123,0.0,0.0003165345455661,0.1884852165840763,0.043316015520062,76.2,2.731740087325174e-09,5.026813951750915e-10,1264.8870000000002,2.401438070064046,9.61960325604268e-05,0.00148,6.65847e-07,0.0154111111111111,0.0157,6.76e-06,0.0805555555555555,0.023,9e-06,0.0031111111111111,0.0401799999999999,0.0990777777777777,10000000.0,5.605334058115701e-10,36.0,4.0,,0.09226120222814202,3.549255469109753,0.019081586188638935,0.012727998835872181,0.1614902581403732,25.117325174762037,1.0
455.0,0.0065,0.008,600000.0,0.000127,1.0,35.0,400.0,0.0012762600897022,7093.255183287054,385.3528593710531,141.49878136714247,0.0,0.0003481644969202,0.2407783739516039,0.0515461030069307,76.2,3.1392871794045206e-09,5.42316368747538e-10,1264.887,2.360247285467586,0.0001177947637134,0.00148,6.65847e-07,0.0154111111111111,0.0157,6.76e-06,0.0805555555555555,0.023,9e-06,0.0031111111111111,0.0401799999999999,0.0990777777777777,10000000.0,7.175066852607252e-10,36.0,4.0,,0.11809827693148567,3.51120532987771,0.02389805950915062,0.030953994013187436,0.19433134212692085,58.69191931822785,1.0
456.0,0.0065,0.008,600000.0,0.000127,1.0,40.0,350.0,0.0011628795085933,8106.577352328061,351.11917342151344,121.99590845114383,0.0,0.000262654654843,0.1877637723725543,0.0469668427448736,76.2,2.912526017186798e-09,5.20263278818959e-10,1264.887,2.383166036132932,0.0001015053822992,0.00148,6.65847e-07,0.0154111111111111,0.0157,6.76e-06,0.0805555555555555,0.023,9e-06,0.0031111111111111,0.0401799999999999,0.0990777777777777,10000000.0,5.977136591555507e-10,36.0,4.0,,0.0983808997111065,3.5400920855775277,0.020241508154743355,0.002236029916574206,0.1696415461804774,4.369667282176504,1.0
458.0,0.0065,0.008,600000.0,0.000127,1.0,40.0,400.0,0.0016792604610915,8106.577352328061,385.3528593710531,142.3897074785783,0.0,0.0003065620802025,0.2924737080981713,0.0678226432067507,76.2,3.945287922183138e-09,6.207019559846157e-10,1264.887,2.278784790394952,0.000143787582018,0.00148,6.65847e-07,0.0154111111111111,0.0157,6.76e-06,0.0805555555555555,0.023,9e-06,0.0031111111111111,0.0401799999999999,0.0990777777777777,10000000.0,9.301298882640108e-10,36.0,4.0,,0.15309507128360653,3.4622105099324565,0.030099935451587744,0.03137599360781407,0.2330118307493405,56.635834165005576,1.0
459.0,0.0065,0.0085,400000.0,0.000127,1.0,20.0,375.0,0.0010663634070236,6079.933014246046,351.11917342151344,121.91352284679148,0.0,0.0003499697071326,0.178367342956795,0.0430687118282348,50.8,2.719493814047342e-09,5.014904144831392e-10,1264.887,2.4026758009042366,6.389093313491546e-05,0.00148,6.65847e-07,0.0154111111111111,0.0157,6.76e-06,0.0805555555555555,0.023,9e-06,0.0031111111111111,0.0401799999999999,0.0990777777777777,10000000.0,6.117881597339712e-10,22.0,2.0,,0.017958018360122723,3.6090294062846993,0.01151526502725326,0.07716061276843747,0.10412287007559776,162.68565735286214,1.0
460.0,0.0065,0.0085,400000.0,0.000127,1.0,20.0,400.0,0.0012554697175384,6079.933014246046,385.3528593710531,140.12889072901902,0.0,0.0004022594516515,0.3265503394904382,0.0507064131398319,50.8,3.097706435076998e-09,5.382725374098258e-10,1264.887,2.364449851296769,7.763599842686194e-05,0.00148,6.65847e-07,0.0154111111111111,0.0157,6.76e-06,0.0805555555555555,0.023,9e-06,0.0031111111111111,0.0401799999999999,0.0990777777777777,1000000.0,7.63865407104352e-09,22.0,2.0,,0.22421991643982572,3.5876413616376133,0.014222612450935113,0.011444009910780567,0.12553012767409508,23.55202346445364,1.0
461.0,0.0065,0.0085,400000.0,0.000127,1.0,25.0,325.0,0.0011434268415247,7599.916267807557,319.92671377973846,120.86649391283554,0.0,0.000277571252075,0.1467568583163934,0.0461811806462366,50.8,2.873620683049421e-09,5.164796378107635e-10,1264.8870000000002,2.387098198254197,6.152630536338046e-05,0.00148,6.65847e-07,0.0154111111111111,0.0157,6.76e-06,0.0805555555555555,0.023,9e-06,0.0031111111111111,0.0401799999999999,0.0990777777777777,10000000.0,5.864999780827883e-10,22.0,2.0,,0.0172157260761669,3.6126312346580685,0.011059337385054593,0.0431799515939899,0.1004142642442006,91.41760939569187,1.0
462.0,0.0065,0.0085,400000.0,0.000127,1.0,25.0,350.0,0.001398790714118,7599.916267807557,351.11917342151344,116.55409856912672,0.0,0.0002676677880442,0.182625250139651,0.0564949188780872,50.8,3.3843484282361912e-09,5.661491878495402e-10,1264.887,2.3354789450481697,7.690925317656685e-05,0.00148,6.65847e-07,0.0154111111111111,0.0157,6.76e-06,0.0805555555555555,0.023,9e-06,0.0031111111111111,0.0401799999999999,0.0990777777777777,10000000.0,7.555955406138556e-10,22.0,2.0,,0.022179243542520984,3.588792559133735,0.014076891248894356,0.06377108771904282,0.1244039805867511,131.41131213726126,1.0
463.0,0.0065,0.0085,400000.0,0.000127,1.0,25.0,375.0,0.0016744564159241,7599.916267807557,351.11917342151344,126.84627754810644,0.0,0.0002913038919245,0.2212135697535945,0.0676286155089105,50.8,3.93567983184828e-09,6.197675451793245e-10,1264.887,2.279755880085096,8.770695993257187e-05,0.00148,6.65847e-07,0.0154111111111111,0.0157,6.76e-06,0.0805555555555555,0.023,9e-06,0.0031111111111111,0.0401799999999999,0.0990777777777777,10000000.0,8.813366264621564e-10,22.0,2.0,,0.025870162845809633,3.5714335582522767,0.016274233132623207,0.08753479139887436,0.14108321999920864,176.9444466522068,1.0
464.0,0.0065,0.0085,400000.0,0.000127,1.0,25.0,400.0,0.0019709916267368,7599.916267807557,385.3528593710531,140.85116170471434,0.0,0.000323466264677,0.3013704567623059,0.0796051982172982,50.8,5.070733506947366e-09,8.263913381283262e-10,1102.2920239578953,1.3253792893637972,0.0001219144568603,0.00148,6.65847e-07,0.0154111111111111,0.0157,6.76e-06,0.0805555555555555,0.023,9e-06,0.0031111111111111,0.0401799999999999,0.0990777777777777,10000000.0,5.095996542163838e-10,24.0,3.0,,0.05591849509245736,3.5968058830772978,0.013062546445911712,0.12566676345255035,0.11648393685625064,261.3003721838438,1.0
465.0,0.0065,0.0085,400000.0,0.000127,1.0,30.0,300.0,0.0013169411532139,9119.899521369069,291.5053062825179,113.50889864726106,0.0,0.0002172287103673,0.117280058931703,0.0531891460724646,50.8,3.220649306427817e-09,5.50229039005871e-10,1264.887,2.352024015289342,6.226337896149273e-05,0.00148,6.65847e-07,0.0154111111111111,0.0157,6.76e-06,0.0805555555555555,0.023,9e-06,0.0031111111111111,0.0401799999999999,0.0990777777777777,10000000.0,5.943563890510078e-10,22.0,2.0,,0.01744633788217718,3.6115108354231,0.011201160073025344,0.00646457497706112,0.1015711639168982,13.66875024068245,1.0
466.0,0.0065,0.0085,400000.0,0.000127,1.0,30.0,325.0,0.0016576463058806,9119.899521369069,319.92671377973846,121.89610878807922,0.0,0.0002332798117716,0.1476652602615712,0.0669496820604314,50.8,3.902059611761367e-09,6.164978947253223e-10,1264.8870000000002,2.28315387572928,7.987236420306615e-05,0.00148,6.65847e-07,0.0154111111111111,0.0157,6.76e-06,0.0805555555555555,0.023,9e-06,0.0031111111111111,0.0401799999999999,0.0990777777777777,10000000.0,7.894835375805288e-10,22.0,2.0,,0.02317396902393587,3.5840837752019503,0.014672939847854428,0.017361609177203932,0.12899206399861946,35.589118916338194,1.0
467.0,0.0065,0.0085,400000.0,0.000127,1.0,30.0,350.0,0.0020270315374036,9119.899521369069,351.11917342151344,120.6425499895006,0.0,0.0002308808019633,0.1738333728948761,0.0818685605452724,50.8,5.285882637146611e-09,8.556505919971425e-10,1081.2827950128506,1.2134762598208289,0.000115992304136,0.00148,6.65847e-07,0.0154111111111111,0.0157,6.76e-06,0.0805555555555555,0.023,9e-06,0.0031111111111111,0.0401799999999999,0.0990777777777777,10000000.0,5.454843016140044e-10,20.0,4.0,,0.04988010521337492,3.618939854169599,0.010260777953215332,0.0019047071362287768,0.09384409629902235,4.061965980015967,1.0
468.0,0.0065,0.0085,400000.0,0.000127,1.0,30.0,375.0,0.002425749986419,9119.899521369069,351.11917342151344,130.1130709021111,0.0,0.0002490050994313,0.2051992324049155,0.0979721607514868,50.8,6.747850283536489e-09,9.688281528116668e-10,1028.1203351441277,1.0616349710052797,0.0001440935243841,0.00148,6.65847e-07,0.0154111111111111,0.0157,6.76e-06,0.0805555555555555,0.023,9e-06,0.0031111111111111,0.0401799999999999,0.0990777777777777,10000000.0,3.5510386400687584e-10,24.0,4.0,,0.03896563412570449,3.61166228722502,0.011181988958858264,0.028081437527724212,0.10141495207011743,59.385945113697694,1.0
469.0,0.0065,0.0085,400000.0,0.000127,1.0,30.0,400.0,0.0028546176168168,9119.899521369069,385.3528593710531,141.62030787635956,0.0,0.0002710271812029,0.2914516132915352,0.1152934381550449,50.8,8.320364928328387e-09,1.0905636592588474e-09,970.9379844244224,0.8983121704384249,0.0001907125066888,0.00148,6.65847e-07,0.0154111111111111,0.0157,6.76e-06,0.0805555555555555,0.023,9e-06,0.0031111111111111,0.0401799999999999,0.0990777777777777,10000000.0,8.547984713092262e-10,24.0,3.0,,0.09379724598998418,3.533490715389132,0.02107712463428709,0.04218092914650601,0.17541626859305517,81.85704310199456,1.0
472.0,0.0065,0.0085,400000.0,0.000127,1.0,35.0,350.0,0.0027795444465029,10639.88277493058,351.11917342151344,123.6551056001404,0.0,0.0002028395213816,0.2083541971461942,0.1122613529231397,50.8,8.045096637177482e-09,1.0692538896213506e-09,980.9477404662732,0.9269017854012588,0.0001690267984111,0.00148,6.65847e-07,0.0154111111111111,0.0157,6.76e-06,0.0805555555555555,0.023,9e-06,0.0031111111111111,0.0401799999999999,0.0990777777777777,10000000.0,4.2437287902180574e-10,24.0,4.0,,0.046566540139127734,3.5956979409684684,0.01320279228247247,0.009346304083926664,0.11758750668426249,19.409605283679486,1.0
473.0,0.0065,0.0085,400000.0,0.000127,1.0,35.0,375.0,0.0033250709144188,10639.88277493058,351.11917342151344,132.5558038195133,0.0,0.00021743991623,0.2544924545517068,0.1342942941199125,50.8,9.336908828837614e-09,1.0818243679380872e-09,837.3657256743579,0.907124461745866,0.0001922913661636,0.00148,6.65847e-07,0.0154111111111111,0.0157,6.76e-06,0.0805555555555555,0.023,9e-06,0.0031111111111111,0.0401799999999999,0.0990777777777777,10000000.0,4.915229173998253e-10,24.0,4.0,,0.053934930326271016,3.5805836547098724,0.015115993074699702,0.026083230105523186,0.13237143288864225,53.259902151435114,1.0
474.0,0.0065,0.0085,400000.0,0.000127,1.0,35.0,400.0,0.0039117892644241,10639.88277493058,385.3528593710531,142.47505909921694,0.0,0.0002337111165466,0.3260233702412131,0.1579909095272703,50.8,1.0510345528848396e-08,1.0519809390650636e-09,661.3502206727408,0.9431429056799135,0.0002328229983353,0.00148,6.65847e-07,0.0154111111111111,0.0157,6.76e-06,0.0805555555555555,0.023,9e-06,0.0031111111111111,0.0401799999999999,0.0990777777777777,10000000.0,6.149325761456946e-10,24.0,4.0,,0.06747670246023033,3.553694403592187,0.018519695747824527,0.06037575825371247,0.15748378934172078,119.71429502561573,1.0
479.0,0.0065,0.0085,450000.0,0.000127,1.0,25.0,350.0,0.0011052173543649,6755.481126940053,351.11917342151344,116.5540985691267,0.0,0.0003011262615497,0.1639759551622119,0.0446379605950319,57.15,2.7972017087298313e-09,5.090477015107479e-10,1264.887,2.3948218639886774,7.358884851918906e-05,0.00148,6.65847e-07,0.0154111111111111,0.0157,6.76e-06,0.0805555555555555,0.023,9e-06,0.0031111111111111,0.0401799999999999,0.0990777777777777,10000000.0,4.3453177109394876e-10,24.0,3.0,,0.04768127785878819,3.6221965407709873,0.009848539142913004,0.03147671670839171,0.09041468968498889,67.38108686118363,1.0
480.0,0.0065,0.0085,450000.0,0.000127,1.0,25.0,375.0,0.0013230272915943,6755.481126940053,351.11917342151344,126.84627754810656,0.0,0.0003277168784151,0.2256101252642651,0.0534349554638305,57.15,3.232821583188764e-09,5.514128233515654e-10,1264.8870000000002,2.350793763277113,8.318469130907045e-05,0.00148,6.65847e-07,0.0154111111111111,0.0157,6.76e-06,0.0805555555555555,0.023,9e-06,0.0031111111111111,0.0401799999999999,0.0990777777777777,10000000.0,4.994212345497862e-10,24.0,3.0,,0.054801614605066114,3.611243814710315,0.0112349601632513,0.0771935551953685,0.10184644468943639,163.16867429361412,1.0
481.0,0.0065,0.0085,450000.0,0.000127,1.0,25.0,400.0,0.0015573267174217,6755.481126940053,385.3528593710531,140.85116170471426,0.0,0.0003638995477617,0.2832026457561929,0.0628979343939146,57.15,3.701420434843403e-09,5.969852331721082e-10,1264.887,2.3034324773403783,0.0001019418459876,0.00148,6.65847e-07,0.0154111111111111,0.0157,6.76e-06,0.0805555555555555,0.023,9e-06,0.0031111111111111,0.0401799999999999,0.0990777777777777,10000000.0,5.49578554074792e-10,27.0,3.0,,0.06784356328102945,3.585021064556838,0.01455429562571673,0.11228114808124887,0.12808263714449794,230.40257010303932,1.0
482.0,0.0065,0.0085,450000.0,0.000127,1.0,30.0,300.0,0.0010405460963665,8106.577352328062,291.5053062825179,113.50889864726102,0.0,0.0002443822991633,0.1134369735011566,0.0420259919584905,57.15,2.667859192733089e-09,4.964688184737748e-10,1264.8870000000002,2.407894512080468,5.99426570843764e-05,0.00148,6.65847e-07,0.0154111111111111,0.0157,6.76e-06,0.0805555555555555,0.023,9e-06,0.0031111111111111,0.0401799999999999,0.0990777777777777,10000000.0,8.082373386035726e-10,24.0,2.0,,0.025881224172802936,3.5777036517744296,0.015480550408300086,0.005349757369863064,0.13513247490095118,10.88902072377691,1.0
483.0,0.0065,0.0085,450000.0,0.000127,1.0,30.0,325.0,0.0013097452293378,8106.577352328062,319.92671377973846,121.89610878807932,0.0,0.000262439788243,0.1477837187249704,0.0528985142205877,57.15,3.206257458675649e-09,5.488293958323533e-10,1264.887,2.3534785993416536,7.589176599618011e-05,0.00148,6.65847e-07,0.0154111111111111,0.0157,6.76e-06,0.0805555555555555,0.023,9e-06,0.0031111111111111,0.0401799999999999,0.0990777777777777,10000000.0,4.4989493752428205e-10,24.0,3.0,,0.04936708188069285,3.6195885630920017,0.010178662899746628,0.005338122623689746,0.09316304683391108,11.392601421598771,1.0
484.0,0.0065,0.0085,450000.0,0.000127,1.0,30.0,350.0,0.0016016051653559,8106.577352328062,351.11917342151344,120.6425499895004,0.0,0.0002597409022087,0.1796882939579254,0.0646862700604621,57.15,3.7899773307118916e-09,6.055976126875584e-10,1264.887,2.29448203187495,9.545990881668605e-05,0.00148,6.65847e-07,0.0154111111111111,0.0157,6.76e-06,0.0805555555555555,0.023,9e-06,0.0031111111111111,0.0401799999999999,0.0990777777777777,10000000.0,5.104275101556116e-10,27.0,3.0,,0.06301050291876538,3.592754103065616,0.013575429991694175,0.01181152097869792,0.12050637758557468,24.44801868149722,1.0
485.0,0.0065,0.0085,450000.0,0.000127,1.0,30.0,375.0,0.001916641964578,8106.577352328062,351.11917342151344,130.11307090211113,0.0,0.0002801307368602,0.2122088274253063,0.0774101023221624,57.15,4.8533348583120374e-09,7.859476348791152e-10,1134.9018212531946,1.515752024994025,0.0001204195667185,0.00148,6.65847e-07,0.0154111111111111,0.0157,6.76e-06,0.0805555555555555,0.023,9e-06,0.0031111111111111,0.0401799999999999,0.0990777777777777,10000000.0,6.650960027369458e-10,27.0,3.0,,0.08210379101420141,3.5625843254124185,0.01739438918830147,0.012514934088942387,0.1493437414396809,25.05461980444427,1.0
486.0,0.0065,0.0085,450000.0,0.000127,1.0,30.0,400.0,0.0022555003392133,8106.577352328062,385.3528593710531,141.62030787635965,0.0,0.0003049055788532,0.291848747252683,0.0910960499002825,57.15,6.123601577115441e-09,9.205022229534931e-10,1050.820288104893,1.1264700091529936,0.0001624166901395,0.00148,6.65847e-07,0.0154111111111111,0.0157,6.76e-06,0.0805555555555555,0.023,9e-06,0.0031111111111111,0.0401799999999999,0.0990777777777777,10000000.0,9.527100652164141e-10,27.0,3.0,,0.11760874786461789,3.509073916291766,0.024167858697244825,0.04296394948778251,0.19609504554055984,81.2856814777894,1.0
489.0,0.0065,0.0085,450000.0,0.000127,1.0,35.0,350.0,0.0021961832663726,9457.673577716074,351.11917342151344,123.65510560014022,0.0,0.0002281944615543,0.2054106424225636,0.0887003282355671,57.15,5.906105643366564e-09,9.03664874104112e-10,1058.7292311503063,1.149059334555728,0.0001439033230657,0.00148,6.65847e-07,0.0154111111111111,0.0157,6.76e-06,0.0805555555555555,0.023,9e-06,0.0031111111111111,0.0401799999999999,0.0990777777777777,10000000.0,4.4647583430996236e-10,28.0,4.0,,0.05715721998708739,3.582505073758794,0.014872775473570429,0.01937309419990911,0.13051955474726465,39.64276681099611,1.0
490.0,0.0065,0.0085,450000.0,0.000127,1.0,35.0,375.0,0.0026272165249728,9457.673577716074,351.11917342151344,132.55580381951322,0.0,0.0002446199057587,0.2312185699140689,0.1061090718972148,57.15,7.486560924900582e-09,1.0260151013353032e-09,1001.2581300036152,0.984911812238076,0.000178078436508,0.00148,6.65847e-07,0.0154111111111111,0.0157,6.76e-06,0.0805555555555555,0.023,9e-06,0.0031111111111111,0.0401799999999999,0.0990777777777777,10000000.0,5.701044925742657e-10,28.0,4.0,,0.07298399015941329,3.552852171920869,0.01862630735178876,0.01194550785744071,0.15824690647979864,23.664344986516905,1.0
491.0,0.0065,0.0085,450000.0,0.000127,1.0,35.0,400.0,0.0030907964558413,9457.673577716074,385.3528593710531,142.47505909921705,0.0,0.000262925006115,0.3090639260458067,0.1248323235771025,57.15,8.868359911682691e-09,1.0937407382736302e-09,907.6480632475966,0.8927424308252818,0.0002266891796443,0.00148,6.65847e-07,0.0154111111111111,0.0157,6.76e-06,0.0805555555555555,0.023,9e-06,0.0031111111111111,0.0401799999999999,0.0990777777777777,10000000.0,7.614877132940164e-10,28.0,4.0,,0.09748460588797211,3.5091295046782163,0.024160822192630903,0.04656699658073199,0.19604914530376255,88.10749989984026,1.0
497.0,0.0065,0.0085,500000.0,0.000127,1.0,25.0,375.0,0.0010716521061914,6079.933014246046,351.11917342151344,126.8462775481067,0.0,0.0003641298649056,0.2256603435673493,0.0432823139257026,63.5,2.7300712123828953e-09,5.025190929147676e-10,1264.887,2.401606743254462,8.0122519201411e-05,0.00148,6.65847e-07,0.0154111111111111,0.0157,6.76e-06,0.0805555555555555,0.023,9e-06,0.0031111111111111,0.0401799999999999,0.0990777777777777,10000000.0,6.005278670044951e-10,27.0,3.0,,0.07413307896580791,3.5866757644496174,0.014344839943086449,0.06806495067583869,0.1264724816913453,139.92820840083792,1.0
498.0,0.0065,0.0085,500000.0,0.000127,1.0,25.0,400.0,0.0012614346411115,6079.933014246046,385.3528593710531,140.85116170471417,0.0,0.0004043328308463,0.2902416526732747,0.0509473268590708,63.5,3.109636282223154e-09,5.394327448694072e-10,1264.8870000000002,2.363244101645708,9.736556002010895e-05,0.00148,6.65847e-07,0.0154111111111111,0.0157,6.76e-06,0.0805555555555555,0.023,9e-06,0.0031111111111111,0.0401799999999999,0.0990777777777777,10000000.0,6.756715775714331e-10,30.0,3.0,,0.09267700998698596,3.5544708763175827,0.018421408061065465,0.10643731582721795,0.15677902727199725,211.2226379619276,1.0
499.0,0.0065,0.0085,500000.0,0.000127,1.0,30.0,325.0,0.0010608936357636,7295.919617095255,319.92671377973846,121.89610878807927,0.0,0.0002915997647145,0.1649672296186162,0.0428477965186761,63.5,2.708554271527276e-09,5.004265166242061e-10,1264.887,2.40378146046674,7.322810769255839e-05,0.00148,6.65847e-07,0.0154111111111111,0.0157,6.76e-06,0.0805555555555555,0.023,9e-06,0.0031111111111111,0.0401799999999999,0.0990777777777777,10000000.0,5.402910361787272e-10,27.0,3.0,,0.06669705146132038,3.5973725189320636,0.012990820388346397,0.015242381638619726,0.11591846958850638,31.713947107575123,1.0
500.0,0.0065,0.0085,500000.0,0.000127,1.0,30.0,350.0,0.0012973001839383,7295.919617095255,351.11917342151344,120.64254998950048,0.0,0.0002886010024541,0.1993153534708144,0.0523958787489743,63.5,3.181367367876633e-09,5.464087722769224e-10,1264.8870000000002,2.35599424081871,9.116796429202527e-05,0.00148,6.65847e-07,0.0154111111111111,0.0157,6.76e-06,0.0805555555555555,0.023,9e-06,0.0031111111111111,0.0401799999999999,0.0990777777777777,100000000.0,1.0689596927145336e-10,24.0,4.0,,0.011729720936135325,3.5498399765708135,0.019007597902428678,0.09500975378570457,0.1609648764119972,187.60891974340853,1.0
501.0,0.0065,0.0085,500000.0,0.000127,1.0,30.0,375.0,0.0015524799913081,7295.919617095255,351.11917342151344,130.11307090211116,0.0,0.0003112563742892,0.2041865193192615,0.0627021828809515,63.5,3.691726982616375e-09,5.96042520709399e-10,1264.887,2.3044121945569644,0.0001036612433367,0.00148,6.65847e-07,0.0154111111111111,0.0157,6.76e-06,0.0805555555555555,0.023,9e-06,0.0031111111111111,0.0401799999999999,0.0990777777777777,10000000.0,7.275910940246693e-10,30.0,3.0,,0.09979843658620875,3.5441337700194344,0.019729902529185564,0.0015058998521011446,0.16606588461460942,2.9555137211792073,1.0
502.0,0.0065,0.0085,500000.0,0.000127,1.0,30.0,400.0,0.0018269552747627,7295.919617095255,385.3528593710531,141.62030787635967,0.0,0.0003387839765036,0.2923668496733683,0.0737878004192288,63.5,4.494588099051094e-09,7.192082712066953e-10,1188.7138351423357,1.8299011808774432,0.0001356810977248,0.00148,6.65847e-07,0.0154111111111111,0.0157,6.76e-06,0.0805555555555555,0.023,9e-06,0.0031111111111111,0.0401799999999999,0.0990777777777777,10000000.0,1.0142048804901828e-09,30.0,3.0,,0.13911118797667854,3.4890188613864073,0.026706473242226934,0.03928786127746095,0.2123196904672872,72.83053920840666,1.0
504.0,0.0065,0.0085,500000.0,0.000127,1.0,35.0,325.0,0.0014554250737069,8511.906219944463,319.92671377973846,122.91767819461865,0.0,0.0002520373389894,0.1619851925630391,0.0587822900469071,63.5,3.497617147413967e-09,5.771648539613765e-10,1264.8870000000002,2.3240308756008714,9.082103077054916e-05,0.00148,6.65847e-07,0.0154111111111111,0.0157,6.76e-06,0.0805555555555555,0.023,9e-06,0.0031111111111111,0.0401799999999999,0.0990777777777777,100000000.0,1.0562202926231654e-10,24.0,4.0,,0.011589931186359013,3.5513342566645805,0.018818448523470806,0.0514329713297729,0.1596187521336425,101.72392669773124,1.0
505.0,0.0065,0.0085,500000.0,0.000127,1.0,35.0,350.0,0.0017789084457618,8511.906219944463,351.11917342151344,123.6551056001401,0.0,0.000253549401727,0.2083541971461942,0.0718472658708093,63.5,4.302400783047541e-09,6.834547519208036e-10,1217.5419325428688,1.998196730692015,0.0001192337138683,0.00148,6.65847e-07,0.0154111111111111,0.0157,6.76e-06,0.0805555555555555,0.023,9e-06,0.0031111111111111,0.0401799999999999,0.0990777777777777,10000000.0,5.081051444738968e-10,28.0,4.0,,0.06504691920034186,3.583851374707943,0.014702357631905975,0.03128001207504294,0.1292172625649264,64.10351907193193,1.0
506.0,0.0065,0.0085,500000.0,0.000127,1.0,35.0,375.0,0.002128045385228,8511.906219944463,351.11917342151344,132.55580381951324,0.0,0.0002717998952875,0.2289359593887558,0.085948348236744,63.5,5.656266745836134e-09,8.84323709414929e-10,1067.8142819695952,1.1750078295795088,0.0001538896761702,0.00148,6.65847e-07,0.0154111111111111,0.0157,6.76e-06,0.0805555555555555,0.023,9e-06,0.0031111111111111,0.0401799999999999,0.0990777777777777,10000000.0,6.933206346151302e-10,28.0,4.0,,0.08875795057425752,3.5459870311964425,0.019495312506779466,0.01404966057775428,0.16441599405053642,27.62874126536515,1.0
507.0,0.0065,0.0085,500000.0,0.000127,1.0,35.0,400.0,0.0025035451292314,8511.906219944463,385.3528593710531,142.47505909921702,0.0,0.0002921388956833,0.2962717931861245,0.1011141820974529,63.5,7.033099140515452e-09,9.909105634161218e-10,1017.7476494358016,1.0320087654023016,0.0002044473857093,0.00148,6.65847e-07,0.0154111111111111,0.0157,6.76e-06,0.0805555555555555,0.023,9e-06,0.0031111111111111,0.0401799999999999,0.0990777777777777,10000000.0,8.65281539692742e-10,32.0,4.0,,0.1265967408744419,3.473361728758617,0.028688388764731964,0.02838087021422961,0.2245382290247154,51.79540686111045,1.0
508.0,0.0065,0.0085,500000.0,0.000127,1.0,40.0,300.0,0.0015260191549295,9727.892822793672,291.5053062825179,115.473019656722,0.0,0.0002071758423887,0.1145902542598078,0.0616334720369572,63.5,3.6388053098591276e-09,5.908957557295751e-10,1264.8870000000002,2.309760988022539,8.632325730121584e-05,0.00148,6.65847e-07,0.0154111111111111,0.0157,6.76e-06,0.0805555555555555,0.023,9e-06,0.0031111111111111,0.0401799999999999,0.0990777777777777,100000000.0,9.240296630604654e-11,24.0,4.0,,0.010139400164740235,3.5671981218632167,0.016810364321111836,0.0026373820581102655,0.1450568109614462,5.30658900404213,1.0
513.0,0.0065,0.0085,550000.0,0.000127,1.0,25.0,400.0,0.0010425079678608,5527.2118311327695,385.3528593710531,140.8511617047143,0.0,0.0004447661139309,0.3132721247421499,0.0421052288091494,69.85,2.671782935721617e-09,4.968504122887662e-10,1264.887,2.4074979393766176,9.416133468374188e-05,0.00148,6.65847e-07,0.0154111111111111,0.0157,6.76e-06,0.0805555555555555,0.023,9e-06,0.0031111111111111,0.0401799999999999,0.0990777777777777,10000000.0,8.353212183855064e-10,33.0,3.0,,0.1260325030906268,3.5147172692602138,0.02345351022022613,0.1049543928423736,0.1914083382573128,199.72619471853307,1.0
515.0,0.0065,0.0085,550000.0,0.000127,1.0,30.0,375.0,0.0012830413151307,6632.654197359322,351.11917342151344,130.11307090211108,0.0,0.0003423820117181,0.2049061690464209,0.0518199858520261,69.85,3.152849630261468e-09,5.436353509995035e-10,1264.8870000000002,2.358876528559475,9.95169250256475e-05,0.00148,6.65847e-07,0.0154111111111111,0.0157,6.76e-06,0.0805555555555555,0.023,9e-06,0.0031111111111111,0.0401799999999999,0.0990777777777777,10000000.0,4.848092471510782e-10,32.0,4.0,,0.07093098352348116,3.5776676680027926,0.015485105316102206,0.041975199670913635,0.13516686118498566,85.43390193138086,1.0
516.0,0.0065,0.0085,550000.0,0.000127,1.0,30.0,400.0,0.0015098803923659,6632.654197359322,385.3528593710531,141.62030787635973,0.0,0.000372662374154,0.291098198743836,0.060981653239032,69.85,3.606527784731858e-09,5.87756685717135e-10,1264.887,2.3130232774871526,0.0001217903038995,0.00148,6.65847e-07,0.0154111111111111,0.0157,6.76e-06,0.0805555555555555,0.023,9e-06,0.0031111111111111,0.0401799999999999,0.0990777777777777,10000000.0,6.161062959359631e-10,32.0,4.0,,0.09014066002773362,3.5475030159167806,0.019303415706736618,0.09979588547707029,0.1630615061273372,196.5673250239407,1.0
518.0,0.0065,0.0085,550000.0,0.000127,1.0,35.0,350.0,0.0014701722692246,7738.096563585876,351.11917342151344,123.65510560014032,0.0,0.0002789043418997,0.2083541971461942,0.0593779056783548,69.85,3.5271115384493996e-09,5.800332572255504e-10,1264.887,2.321049877498921,0.0001095944794796,0.00148,6.65847e-07,0.0154111111111111,0.0157,6.76e-06,0.0805555555555555,0.023,9e-06,0.0031111111111111,0.0401799999999999,0.0990777777777777,10000000.0,5.428803669226333e-10,32.0,4.0,,0.07942719448461964,3.564182734981396,0.017192058863114486,0.029369096983219753,0.14786344730330536,58.89859525300286,1.0
519.0,0.0065,0.0085,550000.0,0.000127,1.0,35.0,375.0,0.0017587151944033,7738.096563585876,351.11917342151344,132.5558038195133,0.0,0.0002989798848162,0.2166877372150975,0.0710316927576397,69.85,4.221627777613344e-09,6.68428166048104e-10,1229.6578833579983,2.06892843995566,0.0001288070744146,0.00148,6.65847e-07,0.0154111111111111,0.0157,6.76e-06,0.0805555555555555,0.023,9e-06,0.0031111111111111,0.0401799999999999,0.0990777777777777,10000000.0,6.598288524785774e-10,32.0,4.0,,0.09653757583730811,3.5377118585913925,0.020542802709950396,0.008938468620149687,0.17173301305002353,17.42362919543977,1.0
520.0,0.0065,0.0085,550000.0,0.000127,1.0,35.0,400.0,0.0020690455613483,7738.096563585876,385.3528593710531,142.47505909921702,0.0,0.0003213527852516,0.3315651467615557,0.0835654397499611,69.85,5.4399340582772315e-09,8.67576412740596e-10,1075.680925153555,1.1974763391754562,0.0001786764480737,0.00148,6.65847e-07,0.0154111111111111,0.0157,6.76e-06,0.0805555555555555,0.023,9e-06,0.0031111111111111,0.0401799999999999,0.0990777777777777,10000000.0,1.012942283410551e-09,32.0,4.0,,0.14820054039200556,3.462946912290719,0.030006719963200156,0.05961916661958905,0.23245796736500396,107.69442391909368,1.0
526.0,0.0065,0.0085,600000.0,0.000127,1.0,30.0,375.0,0.0010781111050751,6079.933014246046,351.11917342151344,130.11307090211116,0.0,0.000373507649147,0.2149098618298572,0.0435431825562163,76.2,2.74298921015026e-09,5.03775400492638e-10,1264.8870000000002,2.400301121220114,9.652638444611752e-05,0.00148,6.65847e-07,0.0154111111111111,0.0157,6.76e-06,0.0805555555555555,0.023,9e-06,0.0031111111111111,0.0401799999999999,0.0990777777777777,10000000.0,5.62821964231585e-10,36.0,4.0,,0.09263788834356491,3.548688670005344,0.01915333291071594,0.03854879093007578,0.1619990948167584,76.02569471893213,1.0
527.0,0.0065,0.0085,600000.0,0.000127,1.0,30.0,400.0,0.0012687189408074,6079.933014246046,385.3528593710531,141.62030787635956,0.0,0.0004065407718043,0.2958876496953653,0.0512415280689088,76.2,3.124204881614962e-09,5.40849577581759e-10,1264.887,2.361771653305177,0.0001173084344856,0.00148,6.65847e-07,0.0154111111111111,0.0157,6.76e-06,0.0805555555555555,0.023,9e-06,0.0031111111111111,0.0401799999999999,0.0990777777777777,10000000.0,7.137954294639023e-10,36.0,4.0,,0.11748742141771785,3.512085966606724,0.02378658650547802,0.08697870020873853,0.1936003709801453,165.07008739993069,1.0
528.0,0.0065,0.0085,600000.0,0.000127,1.0,35.0,325.0,0.0010107118567409,7093.255183287054,319.92671377973846,122.91767819461872,0.0,0.0003024448067873,0.1744440600665106,0.0408210347547966,76.2,2.6081907134819232e-09,4.906659096954007e-10,1264.8870000000002,2.4139252052783835,8.518909434107659e-05,0.00148,6.65847e-07,0.0154111111111111,0.0157,6.76e-06,0.0805555555555555,0.023,9e-06,0.0031111111111111,0.0401799999999999,0.0990777777777777,10000000.0,4.860671219579432e-10,36.0,4.0,,0.08000439683070022,3.56789930528656,0.016721606925751906,0.013438628481013778,0.14440151792311057,27.06014389925237,1.0
529.0,0.0065,0.0085,600000.0,0.000127,1.0,35.0,350.0,0.0012353530873346,7093.255183287054,351.11917342151344,123.65510560014022,0.0,0.0003042592820724,0.2101872402194999,0.0498939346325064,76.2,3.057473174669286e-09,5.343597522520248e-10,1264.887,2.368516226926176,0.00010576253528,0.00148,6.65847e-07,0.0154111111111111,0.0157,6.76e-06,0.0805555555555555,0.023,9e-06,0.0031111111111111,0.0401799999999999,0.0990777777777777,10000000.0,6.281599158217826e-10,36.0,4.0,,0.10339221253251826,3.5326589934333716,0.021182405894509884,0.01672109305447514,0.17613814687189022,32.420835805924675,1.0
530.0,0.0065,0.0085,600000.0,0.000127,1.0,35.0,375.0,0.0014778092952972,7093.255183287054,351.11917342151344,132.55580381951327,0.0,0.000326159874345,0.2544924545517068,0.0596863529421833,76.2,3.542385590594493e-09,5.81518696981791e-10,1264.887,2.319506129048616,0.0001200063073976,0.00148,6.65847e-07,0.0154111111111111,0.0157,6.76e-06,0.0805555555555555,0.023,9e-06,0.0031111111111111,0.0401799999999999,0.0990777777777777,10000000.0,7.344953359586821e-10,36.0,4.0,,0.12089453014561499,3.5071855726411174,0.024406889539099072,0.03373157146390851,0.19765117459051015,63.69494163637311,1.0
538.0,0.0065,0.009,400000.0,0.000127,1.0,20.0,375.0,0.0014151196819014,6079.933014246046,351.11917342151344,124.1963772787099,0.0,0.0003565229579805,0.2308218599712603,0.0571544197605094,50.8,3.4170063638029462e-09,5.69325253728246e-10,1264.8870000000002,2.3321782075004376,7.754880366511572e-05,0.00148,6.65847e-07,0.0154111111111111,0.0157,6.76e-06,0.0805555555555555,0.023,9e-06,0.0031111111111111,0.0401799999999999,0.0990777777777777,10000000.0,7.628717732009159e-10,22.0,2.0,,0.022392825182361433,3.58777960793691,0.01420511291937853,0.11109461502838947,0.12539504272850557,228.67047374559783,1.0
539.0,0.0065,0.009,400000.0,0.000127,1.0,20.0,400.0,0.00165334280439,6079.933014246046,385.3528593710531,138.5575086235642,0.0,0.0003977485809753,0.4069850991860474,0.0667758705208288,50.8,3.893452608780184e-09,6.156608421678945e-10,1264.887,2.284023785520588,9.474384750086588e-05,0.00148,6.65847e-07,0.0154111111111111,0.0157,6.76e-06,0.0805555555555555,0.023,9e-06,0.0031111111111111,0.0401799999999999,0.0990777777777777,1000000.0,9.668224734396497e-09,22.0,2.0,,0.28379456929271485,3.5598062498037355,0.017746044328641054,0.016234659372503846,0.1519043291741952,32.40359353233235,1.0
540.0,0.0065,0.009,400000.0,0.000127,1.0,25.0,300.0,0.0012569753789816,7599.916267807557,291.5053062825179,117.65608248047344,0.0,0.0002701985063941,0.1414274732507696,0.0507672243964625,50.8,3.100717757963306e-09,5.385653960888261e-10,1264.887,2.36414549689265,6.031465689384898e-05,0.00148,6.65847e-07,0.0154111111111111,0.0157,6.76e-06,0.0805555555555555,0.023,9e-06,0.0031111111111111,0.0401799999999999,0.0990777777777777,10000000.0,5.736359176149835e-10,22.0,2.0,,0.016838123093188252,3.6144685057698913,0.010826771421532736,0.033642125761118746,0.09851067585836262,71.37550047723629,1.0
541.0,0.0065,0.009,400000.0,0.000127,1.0,25.0,325.0,0.0015536507418249,7599.916267807557,319.92671377973846,123.28790123396271,0.0,0.0002831320410095,0.1927376832755151,0.0627494676211237,50.8,3.694068483649947e-09,5.962702375386665e-10,1264.8870000000002,2.304175539047501,7.616154971677186e-05,0.00148,6.65847e-07,0.0154111111111111,0.0157,6.76e-06,0.0805555555555555,0.023,9e-06,0.0031111111111111,0.0401799999999999,0.0990777777777777,10000000.0,7.471150527601938e-10,22.0,2.0,,0.02193031300315736,3.5899744802502265,0.013927280980984008,0.06787790265123395,0.12324475677425524,140.05929467882964,1.0
542.0,0.0065,0.009,400000.0,0.000127,1.0,25.0,350.0,0.0018753735496708,7599.916267807557,351.11917342151344,117.61583407420314,0.0,0.00027010607548,0.2184299648186174,0.075743337073528,50.8,4.688261198683591e-09,7.55238197878552e-10,1159.6628701974614,1.6603045526257605,0.0001035491412181,0.00148,6.65847e-07,0.0154111111111111,0.0157,6.76e-06,0.0805555555555555,0.023,9e-06,0.0031111111111111,0.0401799999999999,0.0990777777777777,10000000.0,4.254974406128057e-10,24.0,3.0,,0.046689938558430434,3.612997994474259,0.011012912091865988,0.05581668918665896,0.10003490853682696,118.22106977930763,1.0
543.0,0.0065,0.009,400000.0,0.000127,1.0,25.0,375.0,0.0022227265668565,7599.916267807557,351.11917342151344,128.42959403388068,0.0,0.000294939995903,0.2364810386453588,0.089772369672829,50.8,6.00343107847401e-09,9.111992784241208e-10,1055.190124419127,1.1389510263878004,0.0001297848158498,0.00148,6.65847e-07,0.0154111111111111,0.0157,6.76e-06,0.0805555555555555,0.023,9e-06,0.0031111111111111,0.0401799999999999,0.0990777777777777,10000000.0,5.465842119335961e-10,24.0,3.0,,0.059976819685292525,3.5897836866906156,0.01395143206447905,0.04655184928723718,0.1234320940927538,96.0345824256554,1.0
544.0,0.0065,0.009,400000.0,0.000127,1.0,25.0,400.0,0.0025964349073276,7599.916267807557,385.3528593710531,139.41005467577077,0.0,0.0003201567463031,0.3955210213248359,0.1048658516111128,50.8,7.373694993534783e-09,1.0172776365613166e-09,1005.3623456896444,0.9966341704751202,0.0001707430466492,0.00148,6.65847e-07,0.0154111111111111,0.0157,6.76e-06,0.0805555555555555,0.023,9e-06,0.0031111111111111,0.0401799999999999,0.0990777777777777,10000000.0,7.491638362635939e-10,24.0,3.0,,0.08220593156792899,3.552348090781221,0.018690115090984716,0.1682692381457942,0.15870297613130016,333.1648913640068,1.0
545.0,0.0065,0.009,400000.0,0.000127,1.0,30.0,300.0,0.0018234498238544,9119.899521369069,291.5053062825179,118.48268786456474,0.0,0.0002267473457359,0.1511875404903118,0.0736462208657637,50.8,4.480566295417869e-09,7.165997284732395e-10,1190.8171056873198,1.842179863992004,8.338621474431298e-05,0.00148,6.65847e-07,0.0154111111111111,0.0157,6.76e-06,0.0805555555555555,0.023,9e-06,0.0031111111111111,0.0401799999999999,0.0990777777777777,10000000.0,8.302659798095339e-10,22.0,2.0,,0.02437106941672147,3.578446872661748,0.015386471814968617,0.012990250207826532,0.13442163705883997,26.46238943599208,1.0
546.0,0.0065,0.009,400000.0,0.000127,1.0,30.0,325.0,0.0022528537673164,9119.899521369069,319.92671377973846,124.44241667703604,0.0,0.0002381528321736,0.1958050728023778,0.0909891590958842,50.8,6.113897480160369e-09,9.197509846986695e-10,1051.1731643578048,1.1274778854846534,0.0001207440260177,0.00148,6.65847e-07,0.0154111111111111,0.0157,6.76e-06,0.0805555555555555,0.023,9e-06,0.0031111111111111,0.0401799999999999,0.0990777777777777,10000000.0,5.041490680810165e-10,24.0,3.0,,0.05532040093846853,3.59784581318974,0.012930909722817737,0.009315512768024975,0.1154455963315256,19.39261890183573,1.0
547.0,0.0065,0.009,400000.0,0.000127,1.0,30.0,350.0,0.0027184679407175,9119.899521369069,351.11917342151344,121.75742743173603,0.0,0.0002330144090362,0.1992499496463502,0.1097945705768764,50.8,7.82114944929766e-09,1.05191711986581e-09,989.0912745709942,0.9501611439228098,0.0001647226729872,0.00148,6.65847e-07,0.0154111111111111,0.0157,6.76e-06,0.0805555555555555,0.023,9e-06,0.0031111111111111,0.0401799999999999,0.0990777777777777,10000000.0,4.122219396982812e-10,24.0,4.0,,0.04523321458580476,3.5984705718994277,0.01285182634184466,0.004042164483668939,0.11482061821740697,8.420743134400992,1.0
548.0,0.0065,0.009,400000.0,0.000127,1.0,30.0,375.0,0.0032211284280364,9119.899521369069,351.11917342151344,131.26604720016482,0.0,0.0002512116185439,0.2572300000024908,0.1300962234029082,50.8,9.129023856072944e-09,1.0871114025079254e-09,868.5484715890587,0.9007434671543498,0.000188678144806,0.00148,6.65847e-07,0.0154111111111111,0.0157,6.76e-06,0.0805555555555555,0.023,9e-06,0.0031111111111111,0.0401799999999999,0.0990777777777777,10000000.0,4.809264665059083e-10,24.0,4.0,,0.05277217916973792,3.582945577495307,0.014817015506923157,0.03418159742984468,0.1300938794443862,69.97934771571772,1.0
549.0,0.0065,0.009,400000.0,0.000127,1.0,30.0,400.0,0.003761877321378,9119.899521369069,385.3528593710531,140.26770761209008,0.0,0.0002684386298686,0.4003878510708246,0.1519362060067435,50.8,1.0210521642756016e-08,1.059606210048108e-09,706.3238035865978,0.9339398614669556,0.0002271037578323,0.00148,6.65847e-07,0.0154111111111111,0.0157,6.76e-06,0.0805555555555555,0.023,9e-06,0.0031111111111111,0.0401799999999999,0.0990777777777777,10000000.0,5.969896004999795e-10,24.0,4.0,,0.06550781534014025,3.5575345416088293,0.01803360232799633,0.14276382972394086,0.15398676295769492,284.2500150973324,1.0
551.0,0.0065,0.009,400000.0,0.000127,1.0,35.0,325.0,0.0030914523512012,10639.88277493058,319.92671377973846,125.5560611096104,0.0,0.0002059577824824,0.218367742194756,0.124858814141255,50.8,8.869671702402431e-09,1.0937073761561507e-09,907.451294639636,0.8927826960227923,0.0001683609957498,0.00148,6.65847e-07,0.0154111111111111,0.0157,6.76e-06,0.0805555555555555,0.023,9e-06,0.0031111111111111,0.0401799999999999,0.0990777777777777,10000000.0,4.2248784377800393e-10,24.0,4.0,,0.0463596947593134,3.5961273073341693,0.013148442109598849,0.006969233294187506,0.11716016206189454,14.480117088065903,1.0
553.0,0.0065,0.009,400000.0,0.000127,1.0,35.0,375.0,0.0044170987292165,10639.88277493058,351.11917342151344,133.43982622540497,0.0,0.0002188900357445,0.2989200296339245,0.1783995503150915,50.8,1.1520964458433193e-08,1.0262783731383982e-09,509.7573812350213,0.9741636852870306,0.0002302521403549,0.00148,6.65847e-07,0.0154111111111111,0.0157,6.76e-06,0.0805555555555555,0.023,9e-06,0.0031111111111111,0.0401799999999999,0.0990777777777777,10000000.0,6.068445008788713e-10,24.0,4.0,,0.06658919597671288,3.555422539551139,0.018300944360615398,0.013751283342119919,0.15591364454486073,27.31714194052956,1.0
554.0,0.0065,0.009,400000.0,0.000127,1.0,35.0,400.0,0.005157306578065,10639.88277493058,385.3528593710531,141.1937905426124,0.0,0.0002316093683048,0.4289363905796801,0.2082953609975217,50.8,1.3315993312260133e-08,1.01147066102728e-09,332.1209211313045,1.0028416326424905,0.0002869491966661,0.00148,6.65847e-07,0.0154111111111111,0.0157,6.76e-06,0.0805555555555555,0.023,9e-06,0.0031111111111111,0.0401799999999999,0.0990777777777777,10000000.0,7.944527567671629e-10,24.0,4.0,,0.08717549592686824,3.5165093200043813,0.02322666835387581,0.09328553365529005,0.18990861811249016,177.8498326476821,1.0
559.0,0.0065,0.009,450000.0,0.000127,1.0,20.0,375.0,0.0011181192548357,5404.384901552042,351.11917342151344,124.19637727870996,0.0,0.0004010883277281,0.2500128197817473,0.0451590477120074,57.15,2.823005509671464e-09,5.11557185661824e-10,1264.887,2.3922138738275063,7.415720300889287e-05,0.00148,6.65847e-07,0.0154111111111111,0.0157,6.76e-06,0.0805555555555555,0.023,9e-06,0.0031111111111111,0.0401799999999999,0.0990777777777777,10000000.0,4.383113740450613e-10,24.0,3.0,,0.04809601461797659,3.6215540746257227,0.00992986397142759,0.1165777574517632,0.09109328311379586,249.3676761998724,1.0
560.0,0.0065,0.009,450000.0,0.000127,1.0,20.0,400.0,0.0013063449318637,5404.384901552042,385.3528593710531,138.55750862356416,0.0,0.0004474671535972,0.3927586540506784,0.0527611816460869,57.15,3.199456863727552e-09,5.481680209721635e-10,1264.887,2.3541659354730573,8.980122259136671e-05,0.00148,6.65847e-07,0.0154111111111111,0.0157,6.76e-06,0.0805555555555555,0.023,9e-06,0.0031111111111111,0.0401799999999999,0.0990777777777777,10000000.0,4.767959088160606e-10,27.0,3.0,,0.05885879856857767,3.599450096286713,0.01272783591307432,0.24095867383601371,0.1138389700920332,502.52811037643085,1.0
561.0,0.0065,0.009,450000.0,0.000127,1.0,25.0,325.0,0.0012275758947752,6755.481126940053,319.92671377973846,123.28790123396271,0.0,0.0003185235461357,0.1862551278487607,0.0495798262685422,57.15,3.041918789550577e-09,5.328470494132672e-10,1264.887,2.3700883086301245,7.259402655616616e-05,0.00148,6.65847e-07,0.0154111111111111,0.0157,6.76e-06,0.0805555555555555,0.023,9e-06,0.0031111111111111,0.0401799999999999,0.0990777777777777,10000000.0,4.2793485933636316e-10,24.0,3.0,,0.04695739711301106,3.623319246145243,0.0097064245385769,0.04953790446720735,0.08922641644555808,106.18256337205726,1.0
562.0,0.0065,0.009,450000.0,0.000127,1.0,25.0,350.0,0.0014817766318387,6755.481126940053,351.11917342151344,117.6158340742032,0.0,0.000303869334915,0.2172738955190936,0.0598465873173555,57.15,3.5503202636774722e-09,5.822903637757931e-10,1264.887,2.318704171640119,9.017954898222218e-05,0.00148,6.65847e-07,0.0154111111111111,0.0157,6.76e-06,0.0805555555555555,0.023,9e-06,0.0031111111111111,0.0401799999999999,0.0990777777777777,10000000.0,4.790289018976393e-10,27.0,3.0,,0.05913445380714719,3.5990039772266997,0.012784306680164592,0.0581128543945908,0.11428632625714401,121.1352962222351,1.0
563.0,0.0065,0.009,450000.0,0.000127,1.0,25.0,375.0,0.0017562283985039,6755.481126940053,351.11917342151344,128.42959403388056,0.0,0.0003318074953909,0.2310304384922557,0.0709312550501365,57.15,4.2116805940157675e-09,6.665776442343249e-10,1231.1499608976349,2.077639039424304,0.000105150809786,0.00148,6.65847e-07,0.0154111111111111,0.0157,6.76e-06,0.0805555555555555,0.023,9e-06,0.0031111111111111,0.0401799999999999,0.0990777777777777,10000000.0,5.692161512195964e-10,27.0,3.0,,0.07026775642812882,3.581167097016827,0.015042139618123233,0.04965142701399028,0.13180994134388965,101.44991606228655,1.0
564.0,0.0065,0.009,450000.0,0.000127,1.0,25.0,400.0,0.0020515041243082,6755.481126940053,385.3528593710531,139.41005467577094,0.0,0.000360176339591,0.405273339804289,0.0828569691742127,57.15,5.375615455797043e-09,8.62597217365321e-10,1078.019783425562,1.204156527700505,0.0001446631959518,0.00148,6.65847e-07,0.0154111111111111,0.0157,6.76e-06,0.0805555555555555,0.023,9e-06,0.0031111111111111,0.0401799999999999,0.0990777777777777,10000000.0,8.264444538982101e-10,27.0,3.0,,0.10202169679035296,3.532164338744799,0.021245020412050855,0.18021467383972328,0.1765668745380524,349.23972111766886,1.0
565.0,0.0065,0.009,450000.0,0.000127,1.0,30.0,300.0,0.0014407504781072,8106.577352328062,291.5053062825179,118.48268786456478,0.0,0.0002550907639529,0.1555631435373007,0.0581896066099862,57.15,3.46826795621447e-09,5.743105717442474e-10,1264.887,2.3269971983554045,7.457305952455318e-05,0.00148,6.65847e-07,0.0154111111111111,0.0157,6.76e-06,0.0805555555555555,0.023,9e-06,0.0031111111111111,0.0401799999999999,0.0990777777777777,10000000.0,4.410818119951589e-10,24.0,3.0,,0.048400015453995034,3.6210835051394965,0.009989429729177724,0.008793521473319368,0.09158967170348319,18.799661966047648,1.0
566.0,0.0065,0.009,450000.0,0.000127,1.0,30.0,325.0,0.0017800326062747,8106.577352328062,319.92671377973846,124.44241667703623,0.0,0.0002679219361953,0.1833240008662917,0.0718926689152667,57.15,4.306897425098961e-09,6.842912836006788e-10,1216.867436235156,1.9942590886972185,9.84998761341203e-05,0.00148,6.65847e-07,0.0154111111111111,0.0157,6.76e-06,0.0805555555555555,0.023,9e-06,0.0031111111111111,0.0401799999999999,0.0990777777777777,10000000.0,5.287042099228604e-10,27.0,3.0,,0.0652666980123224,3.589135888565119,0.014033431827200118,0.005984633938702591,0.12406756037893642,12.337107532646861,1.0
567.0,0.0065,0.009,450000.0,0.000127,1.0,30.0,350.0,0.0021479252864928,8106.577352328062,351.11917342151344,121.7574274317358,0.0,0.0002621412101657,0.1981720075719401,0.0867512656409887,57.15,5.729159717140533e-09,8.8996668565529e-10,1065.163628467617,1.1674370993134964,0.0001400769776337,0.00148,6.65847e-07,0.0154111111111111,0.0157,6.76e-06,0.0805555555555555,0.023,9e-06,0.0031111111111111,0.0401799999999999,0.0990777777777777,10000000.0,4.331295799127347e-10,28.0,4.0,,0.055448650922504186,3.58577583027789,0.0144587556610266,0.01579209100844721,0.1273489265798291,32.43287243631938,1.0
568.0,0.0065,0.009,450000.0,0.000127,1.0,30.0,375.0,0.0025450891283251,8106.577352328062,351.11917342151344,131.2660472001648,0.0,0.0002826130708619,0.2439296239346587,0.102792077750446,57.15,7.185427137192082e-09,1.0027029660388443e-09,1012.2084495566515,1.01618784118747,0.0001715670799856,0.00148,6.65847e-07,0.0154111111111111,0.0157,6.76e-06,0.0805555555555555,0.023,9e-06,0.0031111111111111,0.0401799999999999,0.0990777777777777,10000000.0,5.4590890680378e-10,28.0,4.0,,0.06988650466898923,3.5585656143741984,0.017903086788076197,0.03107104151522347,0.15304286606633627,61.93303889385812,1.0
569.0,0.0065,0.009,450000.0,0.000127,1.0,30.0,400.0,0.0029723475131875,8106.577352328062,385.3528593710531,140.26770761208994,0.0,0.0003019934586021,0.407705648187864,0.1200483603016244,57.15,8.63146202637512e-09,1.0997656437417151e-09,943.1827460437324,0.8854708897187467,0.0002216053834204,0.00148,6.65847e-07,0.0154111111111111,0.0157,6.76e-06,0.0805555555555555,0.023,9e-06,0.0031111111111111,0.0401799999999999,0.0990777777777777,10000000.0,7.405149160923679e-10,28.0,4.0,,0.09479969734134973,3.5137973011755026,0.02356996187651872,0.15267759054488977,0.19217608039866596,290.26665927494525,1.0
571.0,0.0065,0.009,450000.0,0.000127,1.0,35.0,325.0,0.002442629018233,9457.673577716074,319.92671377973846,125.55606110961044,0.0,0.0002317025052927,0.2121010094500371,0.0986538778400041,57.15,6.809740066854554e-09,9.73619322255515e-10,1025.8697975689254,1.0552070418464257,0.0001495460993282,0.00148,6.65847e-07,0.0154111111111111,0.0157,6.76e-06,0.0805555555555555,0.023,9e-06,0.0031111111111111,0.0401799999999999,0.0990777777777777,10000000.0,4.66332938133838e-10,28.0,4.0,,0.059699299007605545,3.577664220018406,0.015485541769821948,0.01356783260242745,0.13517015595369422,27.615079213954143,1.0
573.0,0.0065,0.009,450000.0,0.000127,1.0,35.0,375.0,0.0034900533169118,9457.673577716074,351.11917342151344,133.43982622540491,0.0,0.0002462512902126,0.2855228395541752,0.1409576693847638,57.15,9.666873633823764e-09,1.0734325380352775e-09,787.8710049264357,0.9172526764407816,0.0002227797483004,0.00148,6.65847e-07,0.0154111111111111,0.0157,6.76e-06,0.0805555555555555,0.023,9e-06,0.0031111111111111,0.0401799999999999,0.0990777777777777,10000000.0,7.453383748224469e-10,28.0,4.0,,0.0954171898696068,3.51272114952509,0.023706183604419048,0.008967980299804598,0.19307231447458711,17.030774962300374,1.0
580.0,0.0065,0.009,500000.0,0.000127,1.0,20.0,400.0,0.0010581393948096,4863.946411396836,385.3528593710531,138.55750862356425,0.0,0.0004971857262192,0.3813703623815015,0.0427365571333304,63.5,2.703045789619318e-09,4.998908029874528e-10,1264.887,2.404338202733177,8.644111378627297e-05,0.00148,6.65847e-07,0.0154111111111111,0.0157,6.76e-06,0.0805555555555555,0.023,9e-06,0.0031111111111111,0.0401799999999999,0.0990777777777777,10000000.0,6.576436657888351e-10,27.0,3.0,,0.08118382590715341,3.5766615194268305,0.015612465895337931,0.21726997934101772,0.13612723624370177,441.7277197156889,1.0
581.0,0.0065,0.009,500000.0,0.000127,1.0,25.0,350.0,0.0012002390717893,6079.933014246046,351.11917342151344,117.6158340742034,0.0,0.00033763259435,0.220245595958538,0.048475735727058,63.5,2.9872451435787513e-09,5.275299006583926e-10,1264.887,2.375614174028497,8.641656493939284e-05,0.00148,6.65847e-07,0.0154111111111111,0.0157,6.76e-06,0.0805555555555555,0.023,9e-06,0.0031111111111111,0.0401799999999999,0.0990777777777777,10000000.0,6.574180243326264e-10,27.0,3.0,,0.08115597125325613,3.576700839084997,0.015607488723418151,0.05043388897822387,0.13608974543609234,102.54069005201443,1.0
582.0,0.0065,0.009,500000.0,0.000127,1.0,25.0,375.0,0.0014225450027881,6079.933014246046,351.11917342151344,128.4295940338807,0.0,0.0003686749948788,0.2232377069760664,0.0574543165906105,63.5,3.431857005576382e-09,5.70769515767317e-10,1264.887,2.3306772531363964,9.72995382681642e-05,0.00148,6.65847e-07,0.0154111111111111,0.0157,6.76e-06,0.0805555555555555,0.023,9e-06,0.0031111111111111,0.0401799999999999,0.0990777777777777,10000000.0,6.751338941715921e-10,30.0,3.0,,0.09260325982274785,3.554578515149997,0.018407782892405418,0.03300013056270794,0.1566812362932117,65.49566712157703,1.0
583.0,0.0065,0.009,500000.0,0.000127,1.0,25.0,400.0,0.0016617183406897,6079.933014246046,385.3528593710531,139.41005467577094,0.0,0.0004001959328789,0.3812614955262957,0.0671141450311122,63.5,3.9102036813794195e-09,6.172899258558521e-10,1264.8870000000002,2.282330754612984,0.000118880025477,0.00148,6.65847e-07,0.0154111111111111,0.0157,6.76e-06,0.0805555555555555,0.023,9e-06,0.0031111111111111,0.0401799999999999,0.0990777777777777,10000000.0,8.587692653733894e-10,30.0,3.0,,0.11779120274614778,3.518506644984498,0.022973842407025526,0.1561761477490356,0.18823054026025968,298.36821984950654,1.0
584.0,0.0065,0.009,500000.0,0.000127,1.0,30.0,300.0,0.0011670078872668,7295.919617095255,291.5053062825179,118.48268786456478,0.0,0.0002834341821699,0.1601633250770901,0.0471335813540888,63.5,2.9207827745337203e-09,5.210662691128406e-10,1264.887,2.3823315256678783,7.173897926494497e-05,0.00148,6.65847e-07,0.0154111111111111,0.0157,6.76e-06,0.0805555555555555,0.023,9e-06,0.0031111111111111,0.0401799999999999,0.0990777777777777,10000000.0,5.275491794178272e-10,27.0,3.0,,0.06512411350901759,3.5996532463012025,0.01270212072136685,0.007725630213983606,0.11363510695497779,16.11579044949819,1.0
585.0,0.0065,0.009,500000.0,0.000127,1.0,30.0,325.0,0.0014418264110825,7295.919617095255,319.92671377973846,124.44241667703632,0.0,0.000297691040217,0.1839967919277992,0.058233061821366,63.5,3.4704198221650804e-09,5.745198460876095e-10,1264.8870000000002,2.3267797092637768,9.021454623589988e-05,0.00148,6.65847e-07,0.0154111111111111,0.0157,6.76e-06,0.0805555555555555,0.023,9e-06,0.0031111111111111,0.0401799999999999,0.0990777777777777,100000000.0,1.0351542894142022e-10,24.0,4.0,,0.011358773416271924,3.5538183052641528,0.01850401199187939,0.07422495669016117,0.15737140953653433,147.19440152182057,1.0
586.0,0.0065,0.009,500000.0,0.000127,1.0,30.0,350.0,0.0017398194820592,7295.919617095255,351.11917342151344,121.75742743173588,0.0,0.0002912680112953,0.2058701144695798,0.0702685251692008,63.5,4.146044928236908e-09,6.54367129560071e-10,1240.995310764464,2.1351152074118644,0.0001150980718268,0.00148,6.65847e-07,0.0154111111111111,0.0157,6.76e-06,0.0805555555555555,0.023,9e-06,0.0031111111111111,0.0401799999999999,0.0990777777777777,10000000.0,4.874423042865161e-10,28.0,4.0,,0.06240169092281716,3.588212417251221,0.014150326930225242,0.03301989837756184,0.12497186071176107,67.9990586010236,1.0
587.0,0.0065,0.009,500000.0,0.000127,1.0,30.0,375.0,0.0020615221939433,7295.919617095255,351.11917342151344,131.26604720016476,0.0,0.0003140145231799,0.2361527644436905,0.0832615829778613,63.5,5.4123483777922595e-09,8.654408798247976e-10,1076.684040807554,1.2003414130285166,0.0001480290013837,0.00148,6.65847e-07,0.0154111111111111,0.0157,6.76e-06,0.0805555555555555,0.023,9e-06,0.0031111111111111,0.0401799999999999,0.0990777777777777,10000000.0,6.603448084529067e-10,28.0,4.0,,0.08453643082924564,3.552571184550179,0.0186618753733951,0.028174750636583562,0.15850119202775326,55.79801311587048,1.0
588.0,0.0065,0.009,500000.0,0.000127,1.0,30.0,400.0,0.0024076014856819,7295.919617095255,385.3528593710531,140.26770761209022,0.0,0.0003355482873357,0.3994842481597631,0.0972391718443159,63.5,6.6813057808337325e-09,9.63676640382434e-10,1030.54013524241,1.0685463435509903,0.0001951704152628,0.00148,6.65847e-07,0.0154111111111111,0.0157,6.76e-06,0.0805555555555555,0.023,9e-06,0.0031111111111111,0.0401799999999999,0.0990777777777777,10000000.0,9.49648238922639e-10,28.0,4.0,,0.1215726566396166,3.4969791543506576,0.025698841221435748,0.1404924196758306,0.20595878801298298,262.54338749402024,1.0
589.0,0.0065,0.009,500000.0,0.000127,1.0,35.0,300.0,0.001602218132788,8511.906219944463,291.5053062825179,119.40082702011054,0.0,0.0002448261890177,0.1507942646805737,0.0647110268342967,63.5,3.7912032655760915e-09,6.057168379179389e-10,1264.887,2.2943581266382256,8.941924266183922e-05,0.00148,6.65847e-07,0.0154111111111111,0.0157,6.76e-06,0.0805555555555555,0.023,9e-06,0.0031111111111111,0.0401799999999999,0.0990777777777777,100000000.0,1.00946837913861e-10,24.0,4.0,,0.01107692129258875,3.55686940401511,0.018117796960112634,0.03482631655368825,0.15459454847705095,69.29114466554243,1.0
590.0,0.0065,0.009,500000.0,0.000127,1.0,35.0,325.0,0.0019785295047687,8511.906219944463,319.92671377973846,125.55606110961054,0.0,0.000257447228103,0.218367742194756,0.0799096410504033,63.5,5.100885019075114e-09,8.32000567149134e-10,1097.7692971387328,1.298976062466209,0.0001285673268848,0.00148,6.65847e-07,0.0154111111111111,0.0157,6.76e-06,0.0805555555555555,0.023,9e-06,0.0031111111111111,0.0401799999999999,0.0990777777777777,10000000.0,5.557918261805382e-10,28.0,4.0,,0.07115170236508635,3.573893855445159,0.015962803108207694,0.027126398779266356,0.13875801899877518,54.98224664744343,1.0
592.0,0.0065,0.009,500000.0,0.000127,1.0,35.0,375.0,0.0028269431866986,8511.906219944463,351.11917342151344,133.439826225405,0.0,0.0002736125446806,0.2945955635209289,0.1141757122016586,63.5,8.218892017894945e-09,1.0827081800216922e-09,974.6279084401838,0.9088512391641425,0.0002154587241173,0.00148,6.65847e-07,0.0154111111111111,0.0157,6.76e-06,0.0805555555555555,0.023,9e-06,0.0031111111111111,0.0401799999999999,0.0990777777777777,10000000.0,9.254144808503153e-10,32.0,4.0,,0.1353946107243483,3.459638065577019,0.030425561319364698,0.004845240594922001,0.23494036162683057,8.724002605655627,1.0
599.0,0.0065,0.009,550000.0,0.000127,1.0,25.0,375.0,0.0011756570270976,5527.2118311327695,351.11917342151344,128.4295940338807,0.0,0.0004055424943667,0.2248375117736691,0.0474829062732318,69.85,2.938081054195357e-09,5.22748570055634e-10,1264.8870000000002,2.3805831885424764,9.37345967552811e-05,0.00148,6.65847e-07,0.0154111111111111,0.0157,6.76e-06,0.0805555555555555,0.023,9e-06,0.0031111111111111,0.0401799999999999,0.0990777777777777,10000000.0,8.306328268879758e-10,33.0,3.0,,0.12532512286024713,3.5156698550579715,0.023332929739497285,0.011849482640190062,0.1906118362742448,22.57155017498972,1.0
600.0,0.0065,0.009,550000.0,0.000127,1.0,25.0,400.0,0.0013733209427187,5527.2118311327695,385.3528593710531,139.41005467577105,0.0,0.0004402155261668,0.4051528335041454,0.0554662355629027,69.85,3.333408885437538e-09,5.611951899635142e-10,1264.887,2.3406274046388296,0.0001137165817369,0.00148,6.65847e-07,0.0154111111111111,0.0157,6.76e-06,0.0805555555555555,0.023,9e-06,0.0031111111111111,0.0401799999999999,0.0990777777777777,10000000.0,1.0638602437534056e-09,33.0,3.0,,0.16051426266651683,3.469352656659976,0.029195866245572643,0.14899233527472586,0.22760611868372557,270.836941375911,1.0
602.0,0.0065,0.009,550000.0,0.000127,1.0,30.0,350.0,0.0014378673405448,6632.654197359322,351.11917342151344,121.75742743173612,0.0,0.0003203948124248,0.1829822531278435,0.0580731612968602,69.85,3.462501681089633e-09,5.737497870726692e-10,1264.887,2.3275799957822723,0.0001078546751007,0.00148,6.65847e-07,0.0154111111111111,0.0157,6.76e-06,0.0805555555555555,0.023,9e-06,0.0031111111111111,0.0401799999999999,0.0990777777777777,10000000.0,5.32703571836446e-10,32.0,4.0,,0.07793825818890733,3.5665292840734266,0.0168950273324777,0.006790833642075875,0.1456809405999587,13.653636466389651,1.0
603.0,0.0065,0.009,550000.0,0.000127,1.0,30.0,375.0,0.0017037373503663,6632.654197359322,351.11917342151344,131.2660472001649,0.0,0.0003454159754979,0.2442006411374818,0.0688112256015381,69.85,4.001716401465586e-09,6.275170081642996e-10,1262.644589780162,2.261501533377609,0.0001224079629306,0.00148,6.65847e-07,0.0154111111111111,0.0157,6.76e-06,0.0805555555555555,0.023,9e-06,0.0031111111111111,0.0401799999999999,0.0990777777777777,10000000.0,6.199065314410136e-10,32.0,4.0,,0.09069666106025946,3.546647063956909,0.0194117640560875,0.04451275447568413,0.16382681336809315,87.59631871650248,1.0
604.0,0.0065,0.009,550000.0,0.000127,1.0,30.0,400.0,0.001989753293952,6632.654197359322,385.3528593710531,140.26770761209016,0.0,0.0003691031160693,0.4119165470785422,0.0803629519374511,69.85,5.145780175808017e-09,8.403526264081502e-10,1091.0350236287973,1.2596620471425577,0.000170025336374,0.00148,6.65847e-07,0.0154111111111111,0.0157,6.76e-06,0.0805555555555555,0.023,9e-06,0.0031111111111111,0.0401799999999999,0.0990777777777777,10000000.0,9.45358080693913e-10,32.0,4.0,,0.13831249886327715,3.476690030170123,0.028267084788592023,0.15306109627781386,0.22197271424168963,280.26237390134247,1.0
606.0,0.0065,0.009,550000.0,0.000127,1.0,35.0,325.0,0.0016351483510485,7738.096563585876,319.92671377973846,125.55606110961052,0.0,0.0002831919509133,0.2156403629046364,0.0660410256614903,69.85,3.8570637020971525e-09,6.121219300207034e-10,1264.887,2.2877016123190423,0.0001087206517819,0.00148,6.65847e-07,0.0154111111111111,0.0157,6.76e-06,0.0805555555555555,0.023,9e-06,0.0031111111111111,0.0401799999999999,0.0990777777777777,10000000.0,5.37760912371356e-10,32.0,4.0,,0.07867818247925931,3.5653622932492977,0.017042747689962365,0.030741154763886794,0.14676774516230626,61.72947603836083,1.0
615.0,0.0065,0.009,600000.0,0.000127,1.0,25.0,400.0,0.0011539710699234,5066.610845205039,385.3528593710531,139.41005467577097,0.0,0.0004802351194546,0.4049137031918783,0.0466070451604946,76.2,2.894709139846819e-09,5.185305429554525e-10,1264.8870000000002,2.384966787925684,0.0001099086834333,0.00148,6.65847e-07,0.0154111111111111,0.0157,6.76e-06,0.0805555555555555,0.023,9e-06,0.0031111111111111,0.0401799999999999,0.0990777777777777,10000000.0,6.583813235791373e-10,36.0,4.0,,0.10836651626502007,3.5253428468410437,0.022108500399867885,0.2097601417663636,0.18243402415130935,403.5997846266055,1.0
616.0,0.0065,0.009,600000.0,0.000127,1.0,30.0,325.0,0.0010012683410295,6079.933014246046,319.92671377973846,124.44241667703628,0.0,0.0003572292482604,0.1839967919277992,0.0404396262648375,76.2,2.5893036820590833e-09,4.888290986719511e-10,1264.887,2.4158341175442897,8.468390286782079e-05,0.00148,6.65847e-07,0.0154111111111111,0.0157,6.76e-06,0.0805555555555555,0.023,9e-06,0.0031111111111111,0.0401799999999999,0.0990777777777777,10000000.0,4.827294399329112e-10,36.0,4.0,,0.07945502982939036,3.5687441857287423,0.016614660034336454,0.023922135833571348,0.14361059675584717,48.214357680884525,1.0
617.0,0.0065,0.009,600000.0,0.000127,1.0,30.0,350.0,0.0012082079736522,6079.933014246046,351.11917342151344,121.75742743173596,0.0,0.0003495216135543,0.1946579799756291,0.0487975869230561,76.2,3.0031829473044823e-09,5.290798919152292e-10,1264.8870000000002,2.3740033402059373,0.0001041679794678,0.00148,6.65847e-07,0.0154111111111111,0.0157,6.76e-06,0.0805555555555555,0.023,9e-06,0.0031111111111111,0.0401799999999999,0.0990777777777777,10000000.0,6.166880408773121e-10,36.0,4.0,,0.10150399505392693,3.535452305852499,0.020828822043987463,0.00417639799864597,0.17370872057875386,8.12157383289172,1.0
618.0,0.0065,0.009,600000.0,0.000127,1.0,30.0,375.0,0.0014316126346828,6079.933014246046,351.11917342151344,131.2660472001647,0.0,0.0003768174278158,0.2399049478221672,0.0578205437346259,76.2,3.449992269365753e-09,5.72533215508993e-10,1264.887,2.3288443220252044,0.000117292175528,0.00148,6.65847e-07,0.0154111111111111,0.0157,6.76e-06,0.0805555555555555,0.023,9e-06,0.0031111111111111,0.0401799999999999,0.0990777777777777,10000000.0,7.136715065799563e-10,36.0,4.0,,0.1174670242850262,3.512115387543413,0.023782862336276828,0.02443737980251509,0.1935759272798727,46.37920187014157,1.0
619.0,0.0065,0.009,600000.0,0.000127,1.0,30.0,400.0,0.001671945476168,6079.933014246046,385.3528593710531,140.26770761209005,0.0,0.0004026579448029,0.3834242284949468,0.0675272026696637,76.2,3.930657952336006e-09,6.192791548420572e-10,1264.887,2.280263441447401,0.0001433157290836,0.00148,6.65847e-07,0.0154111111111111,0.0157,6.76e-06,0.0805555555555555,0.023,9e-06,0.0031111111111111,0.0401799999999999,0.0990777777777777,10000000.0,9.259913459642627e-10,36.0,4.0,,0.1524138863906313,3.4631375795867583,0.029982584862435747,0.12330313943465171,0.23231443217015713,222.77305420162824,1.0
621.0,0.0065,0.009,600000.0,0.000127,1.0,35.0,325.0,0.001373978822756,7093.255183287054,319.92671377973846,125.55606110961054,0.0,0.0003089366737236,0.2481792679825977,0.0554928062850023,76.2,3.334724645512193e-09,5.613231509201747e-10,1264.887,2.340494420768084,0.0001046264492678,0.00148,6.65847e-07,0.0154111111111111,0.0157,6.76e-06,0.0805555555555555,0.023,9e-06,0.0031111111111111,0.0401799999999999,0.0990777777777777,10000000.0,6.199780299706999e-10,36.0,4.0,,0.10204551201959992,3.5346503055982272,0.020930341063515576,0.050460949677995484,0.17440770895838517,98.04516852430042,1.0
630.0,0.0065,0.0095,400000.0,0.000127,1.0,20.0,300.0,0.0010622104750996,6079.933014246046,291.5053062825179,118.87666334008826,0.0,0.0003412519799491,0.2077156351757423,0.0429009815525144,50.8,2.7111879501992883e-09,5.006826484592564e-10,1264.887,2.4035152745633592,5.398620202812621e-05,0.00148,6.65847e-07,0.0154111111111111,0.0157,6.76e-06,0.0805555555555555,0.023,9e-06,0.0031111111111111,0.0401799999999999,0.0990777777777777,10000000.0,5.074464676011293e-10,22.0,2.0,,0.01489524247400124,3.6239758085294254,0.009623315376022115,0.10973941114922665,0.0885300699083698,235.40198444963582,1.0
632.0,0.0065,0.0095,400000.0,0.000127,1.0,20.0,350.0,0.0015523103428723,6079.933014246046,351.11917342151344,111.09383518284288,0.0,0.000318910290305,0.2381246360762368,0.062695331052064,50.8,3.6913876857446238e-09,5.960095232403791e-10,1264.8870000000002,2.304446487291792,8.292234954205894e-05,0.00148,6.65847e-07,0.0154111111111111,0.0157,6.76e-06,0.0805555555555555,0.023,9e-06,0.0031111111111111,0.0401799999999999,0.0990777777777777,10000000.0,8.248443877758519e-10,22.0,2.0,,0.024211927648884232,3.5791943674018967,0.015291852227608056,0.11103737737528847,0.13370553202705956,226.3809536659571,1.0
633.0,0.0065,0.0095,400000.0,0.000127,1.0,20.0,375.0,0.0018276761339677,6079.933014246046,351.11917342151344,124.31866745074106,0.0,0.0003568740089114,0.288623155655259,0.0738169147691424,50.8,4.4974715358709365e-09,7.197446906546157e-10,1188.2813196193597,1.82737619850586,9.951385296645782e-05,0.00148,6.65847e-07,0.0154111111111111,0.0157,6.76e-06,0.0805555555555555,0.023,9e-06,0.0031111111111111,0.0401799999999999,0.0990777777777777,10000000.0,1.0265083804707268e-09,22.0,2.0,,0.030131436919813858,3.5517701731802243,0.018763269217693092,0.14449480396630265,0.15922524193470766,285.9150678172261,1.0
634.0,0.0065,0.0095,400000.0,0.000127,1.0,20.0,400.0,0.0021239934877275,6079.933014246046,385.3528593710531,135.75369209509867,0.0,0.000389699836042,0.4487397437799932,0.085784698579736,50.8,5.641409788334409e-09,8.831735648030955e-10,1068.3545349696578,1.1765508866919632,0.0001341972451051,0.00148,6.65847e-07,0.0154111111111111,0.0157,6.76e-06,0.0805555555555555,0.023,9e-06,0.0031111111111111,0.0401799999999999,0.0990777777777777,10000000.0,5.675779445121209e-10,24.0,3.0,,0.06228046711215308,3.5858239539332786,0.014452664059078659,0.2604945780881041,0.12730210351728558,535.01722699713,1.0
635.0,0.0065,0.0095,400000.0,0.000127,1.0,25.0,300.0,0.0016702140820709,7599.916267807557,291.5053062825179,119.59137484035224,0.0,0.0002746429268954,0.2045435948157923,0.0674572744323152,50.8,3.9271951641419425e-09,6.18942390033214e-10,1264.8870000000002,2.280613425450176,7.374564572206415e-05,0.00148,6.65847e-07,0.0154111111111111,0.0157,6.76e-06,0.0805555555555555,0.023,9e-06,0.0031111111111111,0.0401799999999999,0.0990777777777777,10000000.0,7.199042617046913e-10,22.0,2.0,,0.02113158573524053,3.593776464978456,0.013446017091334736,0.07577473464823657,0.11949487756767473,157.02234526123502,1.0
636.0,0.0065,0.0095,400000.0,0.000127,1.0,25.0,325.0,0.0020392802996851,7599.916267807557,319.92671377973846,123.43618139719776,0.0,0.0002834725680591,0.2338814435301257,0.082363268455805,50.8,5.330794765512335e-09,8.59127443999971e-10,1079.6496267086422,1.208811645339557,0.0001070299442129,0.00148,6.65847e-07,0.0154111111111111,0.0157,6.76e-06,0.0805555555555555,0.023,9e-06,0.0031111111111111,0.0401799999999999,0.0990777777777777,10000000.0,4.412084373875021e-10,24.0,3.0,,0.048413910089365624,3.6099492755729092,0.011398825876847006,0.06292426498495507,0.10317864144776172,132.8095308727943,1.0
637.0,0.0065,0.0095,400000.0,0.000127,1.0,25.0,350.0,0.0024395468789225,7599.916267807557,351.11917342151344,117.16996239000768,0.0,0.0002690821261815,0.2718579449987885,0.0985293951646769,50.8,6.798438889382816e-09,9.727444467384391e-10,1026.2807494769886,1.0563807924124382,0.0001450658853607,0.00148,6.65847e-07,0.0154111111111111,0.0157,6.76e-06,0.0805555555555555,0.023,9e-06,0.0031111111111111,0.0401799999999999,0.0990777777777777,10000000.0,6.201103939479922e-10,24.0,3.0,,0.06804486567810504,3.575997999384421,0.015696455774123923,0.06510368415600647,0.13675940399136613,132.26427936745432,1.0
638.0,0.0065,0.0095,400000.0,0.000127,1.0,25.0,375.0,0.0028717471751492,7599.916267807557,351.11917342151344,127.98510017622648,0.0,0.0002939192107986,0.3282404382882028,0.1159852736087982,50.8,8.383173308880611e-09,1.0954259414900339e-09,968.6540433134325,0.8917888349357432,0.0001755242595116,0.00148,6.65847e-07,0.0154111111111111,0.0157,6.76e-06,0.0805555555555555,0.023,9e-06,0.0031111111111111,0.0401799999999999,0.0990777777777777,10000000.0,7.740142393813928e-10,24.0,3.0,,0.08493277239933616,3.5478720536283608,0.019256702072359355,0.08714239228006834,0.16273111688788186,171.71157742099496,1.0
639.0,0.0065,0.0095,400000.0,0.000127,1.0,25.0,400.0,0.0033367921524644,7599.916267807557,385.3528593710531,136.70415011462867,0.0,0.000313942606282,0.4047695903366237,0.1347676961705953,50.8,9.360351304928908e-09,1.0812281671648959e-09,833.8493542606641,0.9078440246424088,0.0002108864358076,0.00148,6.65847e-07,0.0154111111111111,0.0157,6.76e-06,0.0805555555555555,0.023,9e-06,0.0031111111111111,0.0401799999999999,0.0990777777777777,10000000.0,9.667575588719339e-10,24.0,3.0,,0.10608254413850475,3.5139779487195066,0.023547095098796676,0.12373935002752355,0.19202543942693856,235.2938988161182,1.0
640.0,0.0065,0.0095,400000.0,0.000127,1.0,30.0,300.0,0.0024235939491525,9119.899521369069,291.5053062825179,120.39970785199564,0.0,0.0002304160605643,0.2024660621315339,0.0978850818559515,50.8,6.7399448135592365e-09,9.68216154446773e-10,1028.407806779664,1.0624560403039076,0.0001205640247839,0.00148,6.65847e-07,0.0154111111111111,0.0157,6.76e-06,0.0805555555555555,0.023,9e-06,0.0031111111111111,0.0401799999999999,0.0990777777777777,10000000.0,5.033119417840126e-10,24.0,3.0,,0.055228542864501115,3.5980056456614307,0.012910677764375917,0.009172437411081091,0.11528579175302765,19.09822068903442,1.0
641.0,0.0065,0.0095,400000.0,0.000127,1.0,30.0,325.0,0.0029580724192587,9119.899521369069,319.92671377973846,124.67553501087836,0.0,0.0002385989645529,0.3044398074406603,0.1194718120979906,50.8,8.602911838517527e-09,1.1004917463944036e-09,947.4652742223712,0.8845945464608226,0.0001641363919556,0.00148,6.65847e-07,0.0154111111111111,0.0157,6.76e-06,0.0805555555555555,0.023,9e-06,0.0031111111111111,0.0401799999999999,0.0990777777777777,10000000.0,7.152625973253268e-10,24.0,3.0,,0.0784859403012301,3.5584945284232754,0.017912085009711982,0.0663020550414396,0.15310800938581334,132.14786888857074,1.0
642.0,0.0065,0.0095,400000.0,0.000127,1.0,30.0,350.0,0.0035376754765786,9119.899521369069,351.11917342151344,121.24844207803685,0.0,0.0002320403335822,0.2960409154984226,0.1428810522182507,50.8,9.76211795315738e-09,1.0710102368838254e-09,773.5843570263936,0.9201761849486738,0.000199681872695,0.00148,6.65847e-07,0.0154111111111111,0.0157,6.76e-06,0.0805555555555555,0.023,9e-06,0.0031111111111111,0.0401799999999999,0.0990777777777777,10000000.0,9.0389068338009e-10,24.0,3.0,,0.09918414646577775,3.5248757063702185,0.02216763210503559,0.013795716814394149,0.18283275322720388,26.531412427324014,1.0
643.0,0.0065,0.0095,400000.0,0.000127,1.0,30.0,375.0,0.0041634549109498,9119.899521369069,351.11917342151344,130.48834363034044,0.0,0.0002497232811048,0.3748856912216431,0.1681552823254088,50.8,1.1013676821899797e-08,1.0391799659545332e-09,585.850526715031,0.9585925758315774,0.0002214350537232,0.00148,6.65847e-07,0.0154111111111111,0.0157,6.76e-06,0.0805555555555555,0.023,9e-06,0.0031111111111111,0.0401799999999999,0.0990777777777777,10000000.0,5.793828462035269e-10,24.0,4.0,,0.06357582187119995,3.561325331675873,0.01755375548406675,0.10297458702503426,0.15050608521674466,205.8711448696947,1.0
644.0,0.0065,0.0095,400000.0,0.000127,1.0,30.0,400.0,0.004836719677334,9119.899521369069,385.3528593710531,137.6333262265466,0.0,0.0002633970579934,0.4929404052950623,0.1953473690160402,50.8,1.2360206354668184e-08,1.0049343536124019e-09,383.8710967997728,0.9999240754183144,0.0002681095019663,0.00148,6.65847e-07,0.0154111111111111,0.0157,6.76e-06,0.0805555555555555,0.023,9e-06,0.0031111111111111,0.0401799999999999,0.0990777777777777,10000000.0,7.298645834342456e-10,24.0,4.0,,0.08008821981970284,3.52963475656723,0.021565220687692503,0.1773248164593193,0.17875235995452143,342.72738090548563,1.0
649.0,0.0065,0.0095,400000.0,0.000127,1.0,35.0,400.0,0.0066343040540597,10639.88277493058,385.3528593710531,138.6210931547407,0.0,0.0002273892052612,0.537542266511759,0.2679489258569853,50.8,1.895537510811943e-08,1.154966692810168e-09,303.1388378376115,0.9346506503361692,0.0004001778125482,0.00148,6.65847e-07,0.0154111111111111,0.0157,6.76e-06,0.0805555555555555,0.023,9e-06,0.0031111111111111,0.0401799999999999,0.0990777777777777,10000000.0,1.2437932129520847e-09,24.0,4.0,,0.13648173443414566,3.4323176504109605,0.0338838417201316,0.09293160622062793,0.2548392675125651,162.97408559692775,1.0
651.0,0.0065,0.0095,450000.0,0.000127,1.0,20.0,325.0,0.0010250367060456,5404.384901552042,319.92671377973846,121.93660933074672,0.0,0.0003937904776042,0.2479351298439545,0.0413995924984526,57.15,2.6368404120912277e-09,4.934521645094022e-10,1264.887,2.411029580239941,6.44665727731314e-05,0.00148,6.65847e-07,0.0154111111111111,0.0157,6.76e-06,0.0805555555555555,0.023,9e-06,0.0031111111111111,0.0401799999999999,0.0990777777777777,10000000.0,8.829325276959709e-10,24.0,2.0,,0.02827309948119978,3.56709604909506,0.016823284924676017,0.13808243786430202,0.14515211968215935,277.80012298872634,1.0
652.0,0.0065,0.0095,450000.0,0.000127,1.0,20.0,350.0,0.0012265168141213,5404.384901552042,351.11917342151344,111.09383518284318,0.0,0.0003587740765931,0.2544910281600882,0.049537051695458,57.15,3.0398006282426675e-09,5.326410529306701e-10,1264.887,2.3703023911935146,7.893260380516733e-05,0.00148,6.65847e-07,0.0154111111111111,0.0157,6.76e-06,0.0805555555555555,0.023,9e-06,0.0031111111111111,0.0401799999999999,0.0990777777777777,10000000.0,4.703812804014562e-10,24.0,3.0,,0.05161505331113114,3.6161252528688435,0.010617056598880605,0.11315892315349885,0.09678720661015723,240.53818794220865,1.0
653.0,0.0065,0.0095,450000.0,0.000127,1.0,20.0,375.0,0.0014440897848633,5404.384901552042,351.11917342151344,124.31866745074096,0.0,0.0004014832600254,0.3014699624465106,0.0583244758669767,57.15,3.4749465697267914e-09,5.749600836048548e-10,1264.887,2.3263221908877147,8.851891621729306e-05,0.00148,6.65847e-07,0.0154111111111111,0.0157,6.76e-06,0.0805555555555555,0.023,9e-06,0.0031111111111111,0.0401799999999999,0.0990777777777777,10000000.0,4.692436973375629e-10,27.0,3.0,,0.05792650429771454,3.6009605408866747,0.012536640394091855,0.14503898228181927,0.1123209760838183,303.0022474394008,1.0
654.0,0.0065,0.0095,450000.0,0.000127,1.0,20.0,400.0,0.001678217076723,5404.384901552042,385.3528593710531,135.75369209509876,0.0,0.0004384123155472,0.5191304656501181,0.0677805025815198,57.15,3.943201153446032e-09,6.204990125080102e-10,1264.887,2.278995700111211,0.0001077902088285,0.00148,6.65847e-07,0.0154111111111111,0.0157,6.76e-06,0.0805555555555555,0.023,9e-06,0.0031111111111111,0.0401799999999999,0.0990777777777777,10000000.0,5.854982485098238e-10,27.0,3.0,,0.07227772477508708,3.5779841290395553,0.015445046957018316,0.3388922382935111,0.13486435557963997,690.002996108427,1.0
655.0,0.0065,0.0095,450000.0,0.000127,1.0,25.0,300.0,0.0013196753241054,6755.481126940053,291.5053062825179,119.5913748403523,0.0,0.0003089732927573,0.2162291079989956,0.0532995748601009,57.15,3.226117648210921e-09,5.507608489151326e-10,1264.887,2.351471329985324,7.014626387718505e-05,0.00148,6.65847e-07,0.0154111111111111,0.0157,6.76e-06,0.0805555555555555,0.023,9e-06,0.0031111111111111,0.0401799999999999,0.0990777777777777,10000000.0,4.1180350067904745e-10,24.0,3.0,,0.045187299169556105,3.626071818185373,0.009357997698054118,0.07756223396933849,0.08629991031087181,166.7858203305155,1.0
656.0,0.0065,0.0095,450000.0,0.000127,1.0,25.0,325.0,0.0016112831997512,6755.481126940053,319.92671377973846,123.4361813971976,0.0,0.0003189066390665,0.2491136443237613,0.0650771503848335,57.15,3.8093333995025096e-09,6.074800387676179e-10,1264.8870000000002,2.2925257140022826,8.799523880123833e-05,0.00148,6.65847e-07,0.0154111111111111,0.0157,6.76e-06,0.0805555555555555,0.023,9e-06,0.0031111111111111,0.0401799999999999,0.0990777777777777,10000000.0,4.661666958777008e-10,27.0,3.0,,0.057546659156905856,3.601576661967443,0.012458650383868005,0.08630983478202184,0.11170028114771735,180.43673438874265,1.0
657.0,0.0065,0.0095,450000.0,0.000127,1.0,25.0,350.0,0.0019275432129758,6755.481126940053,351.11917342151344,117.16996239000784,0.0,0.0003027173919542,0.2643042020247113,0.0778503863029547,57.15,4.896939851903487e-09,7.940596789606522e-10,1128.3610722144767,1.4775677861808951,0.000121456675096,0.00148,6.65847e-07,0.0154111111111111,0.0157,6.76e-06,0.0805555555555555,0.023,9e-06,0.0031111111111111,0.0401799999999999,0.0990777777777777,10000000.0,6.717610398316621e-10,27.0,3.0,,0.08292656668940407,3.5613068088378355,0.017556100147109517,0.06334724903235242,0.15052316239039681,126.64395062735043,1.0
658.0,0.0065,0.0095,450000.0,0.000127,1.0,25.0,375.0,0.0022690348050562,6755.481126940053,351.11917342151344,127.9851001762266,0.0,0.0003306591121484,0.3384805690270657,0.0916426853205319,57.15,6.173227951872741e-09,9.243440261978863e-10,1049.015692659173,1.1213157687558142,0.0001496796421377,0.00148,6.65847e-07,0.0154111111111111,0.0157,6.76e-06,0.0805555555555555,0.023,9e-06,0.0031111111111111,0.0401799999999999,0.0990777777777777,10000000.0,8.613764747321025e-10,27.0,3.0,,0.10633393340949857,3.525714725373275,0.022061427167939855,0.10032395029703522,0.18211632788761967,193.10846473624557,1.0
659.0,0.0065,0.0095,450000.0,0.000127,1.0,25.0,400.0,0.0026364777500953,6755.481126940053,385.3528593710531,136.7041501146287,0.0,0.0003531854320673,0.4656724503249142,0.1064831179619519,57.15,7.5205187503497e-09,1.0286439309570722e-09,1000.0232999872836,0.9813849216161804,0.0001955703818162,0.00148,6.65847e-07,0.0154111111111111,0.0157,6.76e-06,0.0805555555555555,0.023,9e-06,0.0031111111111111,0.0401799999999999,0.0990777777777777,10000000.0,6.367089350647504e-10,28.0,4.0,,0.08151059894537285,3.537344054366949,0.020589360206715313,0.23749873341758945,0.1720552572201014,462.7727727097236,1.0
660.0,0.0065,0.0095,450000.0,0.000127,1.0,30.0,300.0,0.00191493842896,8106.577352328062,291.5053062825179,120.39970785199571,0.0,0.0002592180681348,0.196946806068914,0.0773412992442087,57.15,4.846520715840067e-09,7.846799675878776e-10,1135.92394262399,1.5217190673445915,0.0001010374992212,0.00148,6.65847e-07,0.0154111111111111,0.0157,6.76e-06,0.0805555555555555,0.023,9e-06,0.0031111111111111,0.0401799999999999,0.0990777777777777,10000000.0,5.440752038513095e-10,27.0,3.0,,0.06716419381441505,3.5861040848153434,0.014417204453754023,0.01226131301029025,0.12702944368362187,25.19078631355536,1.0
661.0,0.0065,0.0095,450000.0,0.000127,1.0,30.0,325.0,0.0023372424053402,8106.577352328062,319.92671377973846,124.67553501087856,0.0,0.000268423835122,0.2845512909518485,0.0943974811638445,57.15,6.423322486247622e-09,9.43704980897184e-10,1039.921345954632,1.0953407230569714,0.0001419331620403,0.00148,6.65847e-07,0.0154111111111111,0.0157,6.76e-06,0.0805555555555555,0.023,9e-06,0.0031111111111111,0.0401799999999999,0.0990777777777777,10000000.0,8.076681955361333e-10,27.0,3.0,,0.09970383292371607,3.53565080868045,0.020803695103740485,0.05026997686428783,0.17353553141861452,97.77729558982286,1.0
662.0,0.0065,0.0095,450000.0,0.000127,1.0,30.0,350.0,0.002795200376556,8106.577352328062,351.11917342151344,121.2484420780369,0.0,0.00026104537528,0.2900866087610071,0.1128936708884944,57.15,8.102501714038673e-09,1.073697877553343e-09,978.8602831258664,0.9209396419320222,0.00019139633415,0.00148,6.65847e-07,0.0154111111111111,0.0157,6.76e-06,0.0805555555555555,0.023,9e-06,0.0031111111111111,0.0401799999999999,0.0990777777777777,10000000.0,6.205964910831447e-10,28.0,4.0,,0.07944790610868303,3.5410664638427094,0.020118169133834327,0.05756503176382956,0.1687823257006604,112.61044283137736,1.0
663.0,0.0065,0.0095,450000.0,0.000127,1.0,30.0,375.0,0.0032896433864295,8106.577352328062,351.11917342151344,130.48834363034035,0.0,0.000280938691243,0.3642826349297681,0.1328634329484711,57.15,9.266053772859096e-09,1.083626389149261e-09,847.993984071136,0.9049495776117812,0.0002149423240734,0.00148,6.65847e-07,0.0154111111111111,0.0157,6.76e-06,0.0805555555555555,0.023,9e-06,0.0031111111111111,0.0401799999999999,0.0990777777777777,10000000.0,7.13385403205036e-10,28.0,4.0,,0.0913266145514596,3.519879499515672,0.022800063352446616,0.09991258742983741,0.18707308187453986,191.1511252731745,1.0
666.0,0.0065,0.0095,450000.0,0.000127,1.0,35.0,325.0,0.0032085590530114,9457.673577716074,319.92671377973846,125.8577955778008,0.0,0.0002322593293249,0.2965417292012121,0.1295885664566465,57.15,9.103885106022842e-09,1.0877507437685744e-09,872.3192840965739,0.8999718374113537,0.0001935789492468,0.00148,6.65847e-07,0.0154111111111111,0.0157,6.76e-06,0.0805555555555555,0.023,9e-06,0.0031111111111111,0.0401799999999999,0.0990777777777777,10000000.0,6.290042048818182e-10,28.0,4.0,,0.08052425002306753,3.539121751245913,0.020364335285327446,0.04624891272149807,0.1704954371877891,90.28704828733915,1.0
669.0,0.0065,0.0095,450000.0,0.000127,1.0,35.0,400.0,0.0052419192525903,9457.673577716074,385.3528593710531,138.6210931547408,0.0,0.0002558128559188,0.5216684288677446,0.2117127315413218,57.15,1.3654444010361576e-08,1.0194536976433988e-09,330.63309186245056,0.999019339683482,0.0003304487311129,0.00148,6.65847e-07,0.0154111111111111,0.0157,6.76e-06,0.0805555555555555,0.023,9e-06,0.0031111111111111,0.0401799999999999,0.0990777777777777,10000000.0,1.2536332186114616e-09,28.0,4.0,,0.16048839411440655,3.4074883482138425,0.03702679136533639,0.10928730321201605,0.2720466447118515,187.23128160308394,1.0
675.0,0.0065,0.0095,500000.0,0.000127,1.0,20.0,375.0,0.0011697127257393,4863.946411396836,351.11917342151344,124.3186674507412,0.0,0.0004460925111393,0.2885464345536503,0.0472428254522511,63.5,2.9261924514786992e-09,5.215923737199322e-10,1264.887,2.381784769619049,8.492229920051285e-05,0.00148,6.65847e-07,0.0154111111111111,0.0157,6.76e-06,0.0805555555555555,0.023,9e-06,0.0031111111111111,0.0401799999999999,0.0990777777777777,10000000.0,6.437394669513254e-10,27.0,3.0,,0.07946740086343484,3.579088004083137,0.015305315938843378,0.12165620823796425,0.133807501104679,248.00123489227627,1.0
676.0,0.0065,0.0095,500000.0,0.000127,1.0,20.0,400.0,0.0013593558321456,4863.946411396836,385.3528593710531,135.75369209509876,0.0,0.0004871247950525,0.4565608652202401,0.054902207091031,63.5,3.3054786642912847e-09,5.584789061314883e-10,1264.887,2.343450312090081,0.0001026281533485,0.00148,6.65847e-07,0.0154111111111111,0.0157,6.76e-06,0.0805555555555555,0.023,9e-06,0.0031111111111111,0.0401799999999999,0.0990777777777777,10000000.0,7.189820416735206e-10,30.0,3.0,,0.09861759480269963,3.545840099159478,0.01951391149880021,0.2628610633265094,0.16454704050374167,516.8367783960497,1.0
677.0,0.0065,0.0095,500000.0,0.000127,1.0,25.0,300.0,0.0010689370125254,6079.933014246046,291.5053062825179,119.5913748403523,0.0,0.0003433036586192,0.1868933946273398,0.0431726556366817,63.5,2.724641025050845e-09,5.01990993621257e-10,1264.8870000000002,2.4021555722881125,6.7755925708655e-05,0.00148,6.65847e-07,0.0154111111111111,0.0157,6.76e-06,0.0805555555555555,0.023,9e-06,0.0031111111111111,0.0401799999999999,0.0990777777777777,10000000.0,4.939144865894582e-10,27.0,3.0,,0.06097202752527503,3.6057043174366954,0.011936162349785413,0.04256871146538296,0.10751949112039347,89.41170843741222,1.0
678.0,0.0065,0.0095,500000.0,0.000127,1.0,25.0,325.0,0.0013051393917985,6079.933014246046,319.92671377973846,123.43618139719769,0.0,0.0003543407100739,0.2375903611942142,0.0527124918117152,63.5,3.197045783597033e-09,5.479335374017702e-10,1264.887,2.354409623341849,8.411879081331678e-05,0.00148,6.65847e-07,0.0154111111111111,0.0157,6.76e-06,0.0805555555555555,0.023,9e-06,0.0031111111111111,0.0401799999999999,0.0990777777777777,10000000.0,6.364292455930649e-10,27.0,3.0,,0.07856497943224854,3.5803666674627546,0.015143459814841248,0.06613288995025048,0.13258007121978366,135.00568157423993,1.0
679.0,0.0065,0.0095,500000.0,0.000127,1.0,25.0,350.0,0.0015613100025104,6079.933014246046,351.11917342151344,117.16996239000768,0.0,0.0003363526577269,0.2641674488342043,0.0630588129053932,63.5,3.7093870050209102e-09,5.977600020382961e-10,1264.887,2.3026272960925382,0.0001040935836837,0.00148,6.65847e-07,0.0154111111111111,0.0157,6.76e-06,0.0805555555555555,0.023,9e-06,0.0031111111111111,0.0401799999999999,0.0990777777777777,10000000.0,7.312045465869221e-10,30.0,3.0,,0.10029406788152401,3.543418486794857,0.019820444709511775,0.06063456804728698,0.1667009337471856,118.91217746749017,1.0
680.0,0.0065,0.0095,500000.0,0.000127,1.0,25.0,375.0,0.0018379181920955,6079.933014246046,351.11917342151344,127.98510017622654,0.0,0.0003673990134983,0.3496070486534055,0.0742305751096308,63.5,4.5384397683820975e-09,7.273662055477712e-10,1182.1360847426854,1.7915009318193236,0.0001254755490813,0.00148,6.65847e-07,0.0154111111111111,0.0157,6.76e-06,0.0805555555555555,0.023,9e-06,0.0031111111111111,0.0401799999999999,0.0990777777777777,10000000.0,9.183551878722029e-10,30.0,3.0,,0.1259641751158824,3.5070921544222537,0.024418714630094516,0.1092322984278922,0.19772800145162633,206.24235306344957,1.0
681.0,0.0065,0.0095,500000.0,0.000127,1.0,25.0,400.0,0.0021355469775772,6079.933014246046,385.3528593710531,136.70415011462848,0.0,0.0003924282578525,0.4047695903366237,0.0862513255491809,63.5,5.683772584449909e-09,8.864530614085603e-10,1066.8140696563669,1.1721510481757744,0.000168863765105,0.00148,6.65847e-07,0.0154111111111111,0.0157,6.76e-06,0.0805555555555555,0.023,9e-06,0.0031111111111111,0.0401799999999999,0.0990777777777777,10000000.0,7.810999835768624e-10,28.0,4.0,,0.09999534165653919,3.5287788143013445,0.021673567809956367,0.1783429231309036,0.1794892446495269,344.3858566753572,1.0
682.0,0.0065,0.0095,500000.0,0.000127,1.0,30.0,300.0,0.0015511001274576,7295.919617095255,291.5053062825179,120.39970785199574,0.0,0.0002880200757054,0.2040696664995445,0.0626464523878091,63.5,3.688967254915227e-09,5.957741302911432e-10,1264.8870000000002,2.304691120235719,8.734228750312963e-05,0.00148,6.65847e-07,0.0154111111111111,0.0157,6.76e-06,0.0805555555555555,0.023,9e-06,0.0031111111111111,0.0401799999999999,0.0990777777777777,100000000.0,9.500971484875008e-11,24.0,4.0,,0.010425439321922515,3.5640170946759913,0.017213025990380913,0.09081777478981289,0.14801708675689784,182.09871877220132,1.0
683.0,0.0065,0.0095,500000.0,0.000127,1.0,30.0,325.0,0.0018931663483256,7295.919617095255,319.92671377973846,124.67553501087868,0.0,0.0002982487056911,0.295055429595019,0.0764619597427141,63.5,4.759432393302449e-09,7.68478513276673e-10,1148.9871910046325,1.5979810050659449,0.0001203457596401,0.00148,6.65847e-07,0.0154111111111111,0.0157,6.76e-06,0.0805555555555555,0.023,9e-06,0.0031111111111111,0.0401799999999999,0.0990777777777777,10000000.0,8.718598671424037e-10,30.0,3.0,,0.11958674642617528,3.515987025084341,0.023292781634893622,0.05882672342612963,0.19034628710279217,112.09316188415634,1.0
684.0,0.0065,0.0095,500000.0,0.000127,1.0,30.0,350.0,0.0022641123050103,7295.919617095255,351.11917342151344,121.24844207803676,0.0,0.0002900504169778,0.2855788755463153,0.0914438734196804,63.5,6.155178785037989e-09,9.22946758151541e-10,1049.672025998619,1.123190371631605,0.0001658770489294,0.00148,6.65847e-07,0.0154111111111111,0.0157,6.76e-06,0.0805555555555555,0.023,9e-06,0.0031111111111111,0.0401799999999999,0.0990777777777777,10000000.0,7.631642244527459e-10,28.0,4.0,,0.09769923053223402,3.532257892604588,0.021233178151318022,0.056255771594400886,0.17648582365043816,109.0293226547914,1.0
685.0,0.0065,0.0095,500000.0,0.000127,1.0,30.0,375.0,0.0026646111430079,7295.919617095255,351.11917342151344,130.48834363034047,0.0,0.0003121541013811,0.3736431957112333,0.1076193806882616,63.5,7.623674524362428e-09,1.036629688313279e-09,996.2721809322752,0.970671069149242,0.0002011590773179,0.00148,6.65847e-07,0.0154111111111111,0.0157,6.76e-06,0.0805555555555555,0.023,9e-06,0.0031111111111111,0.0401799999999999,0.0990777777777777,10000000.0,8.477016067220549e-10,32.0,4.0,,0.12402467373006433,3.477417683236941,0.02817497680545059,0.10181914129290727,0.22140956317784893,186.57078708672967,1.0
688.0,0.0065,0.0095,500000.0,0.000127,1.0,35.0,325.0,0.0025989328329392,8511.906219944463,319.92671377973846,125.85779557780072,0.0,0.0002580659214721,0.2968277285526521,0.1049667388298835,63.5,7.382854054110577e-09,1.0179866810725822e-09,1005.0292889414334,0.9956829021172992,0.0001787077816932,0.00148,6.65847e-07,0.0154111111111111,0.0157,6.76e-06,0.0805555555555555,0.023,9e-06,0.0031111111111111,0.0401799999999999,0.0990777777777777,10000000.0,8.418486471505308e-10,28.0,4.0,,0.10777230170896426,3.5171333282451385,0.023147679968969825,0.04390868801380424,0.1893850953451291,83.76646609106548,1.0
697.0,0.0065,0.0095,550000.0,0.000127,1.0,20.0,400.0,0.0011234345720211,4421.769464906215,385.3528593710531,135.7536920950987,0.0,0.0005358372745577,0.5114819853968979,0.0453737248686207,69.85,2.8336361440423836e-09,5.12591041430982e-10,1264.8870000000002,2.3911394356116378,9.894462683080684e-05,0.00148,6.65847e-07,0.0154111111111111,0.0157,6.76e-06,0.0805555555555555,0.023,9e-06,0.0031111111111111,0.0401799999999999,0.0990777777777777,10000000.0,8.886830889378202e-10,33.0,3.0,,0.1340836934199048,3.5039384938681906,0.02481791216858353,0.29184456710837237,0.20031295825809656,549.2585426776417,1.0
698.0,0.0065,0.0095,550000.0,0.000127,1.0,25.0,325.0,0.0010786275965276,5527.2118311327695,319.92671377973846,123.43618139719774,0.0,0.0003897747810813,0.2519535699376395,0.0435640428195993,69.85,2.7440221930553995e-09,5.038758606626204e-10,1264.887,2.400196717637892,8.142062891737577e-05,0.00148,6.65847e-07,0.0154111111111111,0.0157,6.76e-06,0.0805555555555555,0.023,9e-06,0.0031111111111111,0.0401799999999999,0.0990777777777777,10000000.0,7.722122029545366e-10,30.0,3.0,,0.10591879312508731,3.5471279924326415,0.019350887033842853,0.06229073399295279,0.16339698724648705,122.64448421342374,1.0
699.0,0.0065,0.0095,550000.0,0.000127,1.0,25.0,350.0,0.0012903388450499,5527.2118311327695,351.11917342151344,117.1699623900078,0.0,0.0003699879234996,0.2746171681320036,0.0521147214094159,69.85,3.167444690099927e-09,5.450547570564433e-10,1264.887,2.357401405861602,9.990989372628576e-05,0.00148,6.65847e-07,0.0154111111111111,0.0157,6.76e-06,0.0805555555555555,0.023,9e-06,0.0031111111111111,0.0401799999999999,0.0990777777777777,10000000.0,8.996372276811531e-10,33.0,3.0,,0.13573644387642098,3.5017401146131464,0.025096188023652443,0.046586002846166735,0.2021050697839869,87.47950220054501,1.0
700.0,0.0065,0.0095,550000.0,0.000127,1.0,25.0,375.0,0.0015189406546244,5527.2118311327695,351.11917342151344,127.98510017622664,0.0,0.0004041389148481,0.316588250466053,0.0613475827352321,69.85,3.624648309248801e-09,5.89518952027719e-10,1264.887,2.311191836074225,0.0001122209979126,0.00148,6.65847e-07,0.0154111111111111,0.0157,6.76e-06,0.0805555555555555,0.023,9e-06,0.0031111111111111,0.0401799999999999,0.0990777777777777,10000000.0,1.0453412829260351e-09,33.0,3.0,,0.15772013875784635,3.472952231070025,0.028740223915186658,0.05734052897297465,0.22485270880876743,104.60467085969871,1.0
701.0,0.0065,0.0095,550000.0,0.000127,1.0,25.0,400.0,0.0017649148575018,5527.2118311327695,385.3528593710531,136.70415011462873,0.0,0.0004316710836378,0.4816132186812876,0.0712820872307281,69.85,4.246426430007441e-09,6.730415771465768e-10,1225.938085498884,2.0472126320339354,0.0001413254241634,0.00148,6.65847e-07,0.0154111111111111,0.0157,6.76e-06,0.0805555555555555,0.023,9e-06,0.0031111111111111,0.0401799999999999,0.0990777777777777,10000000.0,7.410179955431103e-10,32.0,4.0,,0.10841611528934408,3.5198545787866986,0.022803217875101447,0.2617350161612154,0.18709412204053302,500.73418424281834,1.0
703.0,0.0065,0.0095,550000.0,0.000127,1.0,30.0,325.0,0.0015646002878724,6632.654197359322,319.92671377973846,124.67553501087842,0.0,0.0003280735762602,0.2889280563671039,0.0631917022667058,69.85,3.715967575744807e-09,5.983999789926221e-10,1264.887,2.3019621978094733,0.0001052593383641,0.00148,6.65847e-07,0.0154111111111111,0.0157,6.76e-06,0.0805555555555555,0.023,9e-06,0.0031111111111111,0.0401799999999999,0.0990777777777777,10000000.0,9.615385038178741e-10,33.0,3.0,,0.14507605192695486,3.4894075113476095,0.026657277044606388,0.040480302173443256,0.21201149577787198,75.07040796093436,1.0
704.0,0.0065,0.0095,550000.0,0.000127,1.0,30.0,350.0,0.0018711671942234,6632.654197359322,351.11917342151344,121.2484420780368,0.0,0.0003190554586756,0.2784828662858033,0.0755734491071738,69.85,4.6714357768937486e-09,7.521080847422341e-10,1162.1866834659377,1.6750383221057985,0.000141890814573,0.00148,6.65847e-07,0.0154111111111111,0.0157,6.76e-06,0.0805555555555555,0.023,9e-06,0.0031111111111111,0.0401799999999999,0.0990777777777777,10000000.0,7.44787679471657e-10,32.0,4.0,,0.10896764641255544,3.5190354961638555,0.022906899219765103,0.05376177076607397,0.18778505451325275,102.76605615163679,1.0
705.0,0.0065,0.0095,550000.0,0.000127,1.0,30.0,375.0,0.002202157969428,6632.654197359322,351.11917342151344,130.48834363034038,0.0,0.0003433695115192,0.3751930702751277,0.0889416369324476,69.85,5.9280128879028345e-09,9.053608134820487e-10,1057.9326040762603,1.146784028222514,0.0001764608418978,0.00148,6.65847e-07,0.0154111111111111,0.0157,6.76e-06,0.0805555555555555,0.023,9e-06,0.0031111111111111,0.0401799999999999,0.0990777777777777,10000000.0,9.95329828126239e-10,32.0,4.0,,0.1456237150056897,3.4665037261967564,0.02955649035484096,0.1004477183369904,0.22977151255191944,182.0810721796581,1.0
707.0,0.0065,0.0095,550000.0,0.000127,1.0,35.0,300.0,0.0017605250844841,7738.096563585876,291.5053062825179,121.32280202511004,0.0,0.0002736438264479,0.1941116582388022,0.0711047913221785,69.85,4.228867337936491e-09,6.6977497584293e-10,1228.5719493095266,2.062588865574086,0.0001085784019702,0.00148,6.65847e-07,0.0154111111111111,0.0157,6.76e-06,0.0805555555555555,0.023,9e-06,0.0031111111111111,0.0401799999999999,0.0990777777777777,10000000.0,5.369290692310265e-10,32.0,4.0,,0.07855647801007361,3.565554123401708,0.017018465392188795,0.004270388906549988,0.14658928598812218,8.576906340915563,1.0
717.0,0.0065,0.0095,600000.0,0.000127,1.0,25.0,350.0,0.0010842430572989,5066.610845205039,351.11917342151344,117.16996239000784,0.0,0.0004036231892723,0.2468850545839136,0.043790842295412,76.2,2.7552531145978557e-09,5.049680958599276e-10,1264.8870000000002,2.3990616083975964,9.688653955364504e-05,0.00148,6.65847e-07,0.0154111111111111,0.0157,6.76e-06,0.0805555555555555,0.023,9e-06,0.0031111111111111,0.0401799999999999,0.0990777777777777,10000000.0,5.653206844428292e-10,36.0,4.0,,0.09304916611636306,3.548070236939742,0.019231615577247813,0.06986504617213844,0.16255358118131114,137.69625500512402,1.0
718.0,0.0065,0.0095,600000.0,0.000127,1.0,25.0,375.0,0.0012763320778441,5066.610845205039,351.11917342151344,127.9851001762266,0.0,0.0004408788161979,0.3601942489865828,0.0515490104927992,76.2,3.139431155688228e-09,5.423303708010692e-10,1264.8870000000002,2.360232733784592,0.0001081697864285,0.00148,6.65847e-07,0.0154111111111111,0.0157,6.76e-06,0.0805555555555555,0.023,9e-06,0.0031111111111111,0.0401799999999999,0.0990777777777777,10000000.0,6.456364609731375e-10,36.0,4.0,,0.1062687709137692,3.528420697605719,0.021718899037250765,0.16219646758001444,0.17979715675877508,313.08900082631965,1.0
719.0,0.0065,0.0095,600000.0,0.000127,1.0,25.0,400.0,0.0014830187344286,5066.610845205039,385.3528593710531,136.70415011462865,0.0,0.000470913909423,0.4596904936369254,0.0598967538535979,76.2,3.552804468857291e-09,5.825319589400434e-10,1264.887,2.318453093022595,0.0001311295940418,0.00148,6.65847e-07,0.0154111111111111,0.0157,6.76e-06,0.0805555555555555,0.023,9e-06,0.0031111111111111,0.0401799999999999,0.0990777777777777,10000000.0,8.228844976531988e-10,36.0,4.0,,0.13544297674545086,3.486570138873944,0.027016438117222347,0.22417076303787653,0.21425596666320693,414.53882345924177,1.0
720.0,0.0065,0.0095,600000.0,0.000127,1.0,30.0,300.0,0.00107715286629,6079.933014246046,291.5053062825179,120.3997078519957,0.0,0.0003456240908465,0.193376587444798,0.0435044808248674,76.2,2.741072732580019e-09,5.03589018257738e-10,1264.8870000000002,2.400494819608139,8.170750238441878e-05,0.00148,6.65847e-07,0.0154111111111111,0.0157,6.76e-06,0.0805555555555555,0.023,9e-06,0.0031111111111111,0.0401799999999999,0.0990777777777777,10000000.0,4.632014867553725e-10,36.0,4.0,,0.07624081918906996,3.5737034770005778,0.015986901645496515,0.03345128743086054,0.13893839295973248,67.78790480847805,1.0
721.0,0.0065,0.0095,600000.0,0.000127,1.0,30.0,325.0,0.0013146988530038,6079.933014246046,319.92671377973846,124.67553501087842,0.0,0.0003578984468293,0.2979910347925578,0.0530985831546625,76.2,3.21616470600779e-09,5.497929004035225e-10,1264.887,2.352477273853794,0.0001014541058006,0.00148,6.65847e-07,0.0154111111111111,0.0157,6.76e-06,0.0805555555555555,0.023,9e-06,0.0031111111111111,0.0401799999999999,0.0990777777777777,10000000.0,5.973504432156439e-10,36.0,4.0,,0.09832111604979962,3.5401811423981027,0.020230235139480694,0.10639133558809558,0.16956308838628145,207.93043113136838,1.0
722.0,0.0065,0.0095,600000.0,0.000127,1.0,30.0,350.0,0.0015723002118127,6079.933014246046,351.11917342151344,121.248442078037,0.0,0.0003480605003734,0.2900316864517653,0.0635026898747781,76.2,3.731367423625502e-09,5.998976526986392e-10,1264.887,2.300405735184172,0.0001255580349596,0.00148,6.65847e-07,0.0154111111111111,0.0157,6.76e-06,0.0805555555555555,0.023,9e-06,0.0031111111111111,0.0401799999999999,0.0990777777777777,10000000.0,7.779783329982237e-10,36.0,4.0,,0.1280516300468106,3.4969817176470075,0.02569851675354342,0.058297366530176586,0.20595672319065883,108.94273105077947,1.0
726.0,0.0065,0.0095,600000.0,0.000127,1.0,35.0,325.0,0.0018048144673189,7093.255183287054,319.92671377973846,125.85779557780086,0.0,0.0003096791057665,0.308396038619994,0.0728935686318636,76.2,4.406024869275699e-09,7.027324328962372e-10,1201.998319608645,1.90745467274331,0.0001341992436523,0.00148,6.65847e-07,0.0154111111111111,0.0157,6.76e-06,0.0805555555555555,0.023,9e-06,0.0031111111111111,0.0401799999999999,0.0990777777777777,10000000.0,8.482009223230236e-10,36.0,4.0,,0.13960994298143187,3.4807561522975687,0.027752385785117954,0.05571252700669843,0.21881534333396505,102.42635332402965,1.0
736.0,0.007,0.0075,400000.0,0.000127,1.0,30.0,400.0,0.0013734202465197,7863.586832200882,385.3528593710531,136.95394631347654,0.0,0.0003039703557391,0.1676501331138583,0.0597371883064241,50.8,3.561656493039422e-09,5.843743050493165e-10,1281.206,2.9334058313685056,8.765413691050358e-05,0.00148,6.65847e-07,0.0154111111111111,0.0157,6.76e-06,0.0805555555555555,0.023,9e-06,0.0031111111111111,0.0401799999999999,0.0990777777777777,10000000.0,8.807059299419089e-10,22.0,2.0,,0.02585164980414633,3.5715198617838593,0.01626330863495456,0.041881295003287876,0.14100186794459815,84.66764299953155,1.0
738.0,0.007,0.0075,400000.0,0.000127,1.0,35.0,375.0,0.0015485466280497,9174.184637567696,351.11917342151344,124.9254209705825,0.0,0.000237662528226,0.1335397428853993,0.0673543452963508,50.8,3.911909256099565e-09,6.18437261888823e-10,1281.206,2.898005784606017,8.72799020020261e-05,0.00148,6.65847e-07,0.0154111111111111,0.0157,6.76e-06,0.0805555555555555,0.023,9e-06,0.0031111111111111,0.0401799999999999,0.0990777777777777,10000000.0,8.762421982963957e-10,22.0,2.0,,0.02572062442621217,3.572130890864265,0.01618596318173856,0.0002847731628362292,0.14042545424083977,0.5760865738081096,1.0
739.0,0.007,0.0075,400000.0,0.000127,1.0,35.0,400.0,0.0018808875470646,9174.184637567696,385.3528593710531,138.002824267908,0.0,0.0002625414416299,0.1784819679764971,0.0818095800370861,50.8,5.1383661882585835e-09,8.374645783851384e-10,1112.6734717612126,1.9037289533947823,0.0001235050980182,0.00148,6.65847e-07,0.0154111111111111,0.0157,6.76e-06,0.0805555555555555,0.023,9e-06,0.0031111111111111,0.0401799999999999,0.0990777777777777,10000000.0,5.930471403078678e-10,20.0,4.0,,0.054229340179948654,3.6126646255267936,0.011055110692810989,0.0022630477594622472,0.10037973984277447,4.791352195575153,1.0
744.0,0.007,0.0075,450000.0,0.000127,1.0,30.0,400.0,0.0010851715528056,6989.85496195634,385.3528593710531,136.95394631347662,0.0,0.0003419666502065,0.1816571352634914,0.0471997537235944,57.15,2.9851591056113982e-09,5.283084928784721e-10,1281.206,2.991672422315856,8.466326401890366e-05,0.00148,6.65847e-07,0.0154111111111111,0.0157,6.76e-06,0.0805555555555555,0.023,9e-06,0.0031111111111111,0.0401799999999999,0.0990777777777777,10000000.0,5.096295769091994e-10,24.0,3.0,,0.055921778516881855,3.6095355738491075,0.011451193183657348,0.03835560302301514,0.10360354470008423,80.91594194341772,1.0
746.0,0.007,0.0075,450000.0,0.000127,1.0,35.0,400.0,0.0014861333705202,8154.830788949064,385.3528593710531,138.00282426790815,0.0,0.0002953591218336,0.2022057057454455,0.0646396681774508,57.15,3.7870827410404314e-09,6.062975712330343e-10,1281.206,2.910622000483044,0.0001040656108185,0.00148,6.65847e-07,0.0154111111111111,0.0157,6.76e-06,0.0805555555555555,0.023,9e-06,0.0031111111111111,0.0401799999999999,0.0990777777777777,10000000.0,5.625558980286543e-10,27.0,3.0,,0.06944557130922795,3.5824723547996586,0.014876917113967318,0.027940466258766658,0.13055115568603937,57.1719272303417,1.0
749.0,0.007,0.0075,450000.0,0.000127,1.0,40.0,400.0,0.0019547618259288,9319.806615941789,385.3528593710531,139.05487950774756,0.0,0.0002604094256873,0.1860458070918028,0.0850227565711412,57.15,5.433863303715463e-09,8.924373103848801e-10,1068.3489044426806,1.644966561845924,0.000146657137013,0.00148,6.65847e-07,0.0154111111111111,0.0157,6.76e-06,0.0805555555555555,0.023,9e-06,0.0031111111111111,0.0401799999999999,0.0990777777777777,10000000.0,4.561402843629797e-10,28.0,4.0,,0.05839444954193723,3.580145233098952,0.015171489481145307,0.0024486009787243676,0.13279288213518406,4.997421732569128,1.0
750.0,0.007,0.0075,500000.0,0.000127,1.0,35.0,400.0,0.0012037680301213,7339.347710054157,385.3528593710531,138.00282426790804,0.0,0.0003281768020374,0.1834787775553537,0.0523581312237351,63.5,3.222352060242747e-09,5.513761006987575e-10,1281.206,2.967699330391265,0.0001004460706496,0.00148,6.65847e-07,0.0154111111111111,0.0157,6.76e-06,0.0805555555555555,0.023,9e-06,0.0031111111111111,0.0401799999999999,0.0990777777777777,10000000.0,4.163894178222298e-10,28.0,4.0,,0.05330559848002367,3.6034275309334904,0.012224363172975955,0.03763504785159473,0.10983044053379623,78.84431058184418,1.0
755.0,0.007,0.0075,550000.0,0.000127,1.0,40.0,400.0,0.0013085595694234,7625.296322134189,385.3528593710531,139.05487950774756,0.0,0.0003182781869511,0.1865998475571791,0.0569160601839871,69.85,3.4319351388469118e-09,5.71758579050709e-10,1281.206,2.9465167686367426,0.0001166882270039,0.00148,6.65847e-07,0.0154111111111111,0.0157,6.76e-06,0.0805555555555555,0.023,9e-06,0.0031111111111111,0.0401799999999999,0.0990777777777777,10000000.0,5.850601882393297e-10,32.0,4.0,,0.08559839734104048,3.5545312978372894,0.01841375976743173,0.003905390032151526,0.15672413649660788,7.750669744297199,1.0
758.0,0.007,0.008,400000.0,0.000127,1.0,25.0,400.0,0.0013543385070658,6552.989026834069,385.3528593710531,139.589829055416,0.0,0.0003717848617381,0.2004897748315588,0.0589072242325283,50.8,3.5234930141316007e-09,5.806628113168332e-10,1281.206,2.9372630141817195,8.683332566601878e-05,0.00148,6.65847e-07,0.0154111111111111,0.0157,6.76e-06,0.0805555555555555,0.023,9e-06,0.0031111111111111,0.0401799999999999,0.0990777777777777,10000000.0,8.709260277100079e-10,22.0,2.0,,0.025564577128668185,3.572859109210953,0.01609378364418324,0.07583797347036222,0.1397374789877119,153.540471644048,1.0
759.0,0.007,0.008,400000.0,0.000127,1.0,30.0,325.0,0.0010801144170723,7863.586832200882,319.92671377973846,115.27689170807533,0.0,0.0002558579633828,0.118888342963364,0.0469797925934432,50.8,2.975044834144606e-09,5.27324854692648e-10,1281.206,2.992694671733005,6.336272825851119e-05,0.00148,6.65847e-07,0.0154111111111111,0.0157,6.76e-06,0.0805555555555555,0.023,9e-06,0.0031111111111111,0.0401799999999999,0.0990777777777777,10000000.0,6.061181491815454e-10,22.0,2.0,,0.017791584682088118,3.6098358566697413,0.011413182700032838,0.013936965687832582,0.10329517139390694,29.411886932381822,1.0
760.0,0.007,0.008,400000.0,0.000127,1.0,30.0,350.0,0.0013507678491944,7863.586832200882,351.11917342151344,113.14200367164308,0.0,0.0002511195626768,0.1342293950187467,0.0587519177542828,50.8,3.516351698388918e-09,5.79968300507568e-10,1281.206,2.937984786963832,7.953034028383963e-05,0.00148,6.65847e-07,0.0154111111111111,0.0157,6.76e-06,0.0805555555555555,0.023,9e-06,0.0031111111111111,0.0401799999999999,0.0990777777777777,10000000.0,7.855488038754517e-10,22.0,2.0,,0.023058471495921114,3.584629352019641,0.014603879491184725,0.012239005768542685,0.1284629362556971,25.103666057151028,1.0
761.0,0.007,0.008,400000.0,0.000127,1.0,30.0,375.0,0.0016439522656784,7863.586832200882,351.11917342151344,131.9798585189157,0.0,0.0002929303289484,0.1995203826946469,0.0715040325861359,50.8,4.1906250627136714e-09,6.611517950296721e-10,1254.8346405929494,2.7336516409175786,9.301914044841352e-05,0.00148,6.65847e-07,0.0154111111111111,0.0157,6.76e-06,0.0805555555555555,0.023,9e-06,0.0031111111111111,0.0401799999999999,0.0990777777777777,10000000.0,9.45595040219042e-10,22.0,2.0,,0.027756361124868022,3.562680494233865,0.01738221591976404,0.060079988983642876,0.14925482449284166,120.29137463976372,1.0
762.0,0.007,0.008,400000.0,0.000127,1.0,30.0,400.0,0.0019607145525723,7863.586832200882,385.3528593710531,141.148246100643,0.0,0.0003132796369442,0.2457336309749757,0.0852816716070431,50.8,5.457674210289238e-09,8.968669664366057e-10,1064.7772684566144,1.6241157081228683,0.0001309142198478,0.00148,6.65847e-07,0.0154111111111111,0.0157,6.76e-06,0.0805555555555555,0.023,9e-06,0.0031111111111111,0.0401799999999999,0.0990777777777777,10000000.0,5.51939821809387e-10,24.0,3.0,,0.06056449207101468,3.588771736611932,0.014079527011147844,0.05970746729691792,0.12442437576089897,123.03465631338386,1.0
767.0,0.007,0.008,400000.0,0.000127,1.0,35.0,400.0,0.002685568632756,9174.184637567696,385.3528593710531,142.47307332213038,0.0,0.0002710458011411,0.2490564116952941,0.1168093447954513,50.8,8.128567653438882e-09,1.120701741636583e-09,949.7968489658588,1.2254284680450611,0.0001876028423478,0.00148,6.65847e-07,0.0154111111111111,0.0157,6.76e-06,0.0805555555555555,0.023,9e-06,0.0031111111111111,0.0401799999999999,0.0990777777777777,10000000.0,8.380235844782434e-10,24.0,3.0,,0.09195653354213675,3.5364558942984803,0.020701785531837942,0.00011053335770595807,0.172832367724754,0.21517511476387247,1.0
772.0,0.007,0.008,450000.0,0.000127,1.0,25.0,400.0,0.0010700946228668,5824.879134963618,385.3528593710531,139.58982905541583,0.0,0.0004182579694554,0.2187706809859023,0.0465439796405162,57.15,2.9550052457336103e-09,5.253759546207079e-10,1281.206,2.9947200729337045,8.393382197163267e-05,0.00148,6.65847e-07,0.0154111111111111,0.0157,6.76e-06,0.0805555555555555,0.023,9e-06,0.0031111111111111,0.0401799999999999,0.0990777777777777,10000000.0,5.045861504489563e-10,24.0,3.0,,0.05536836209394504,3.610379029522985,0.011344426642660135,0.07667833925144095,0.10273682455627935,161.91895447120726,1.0
773.0,0.007,0.008,450000.0,0.000127,1.0,30.0,350.0,0.0010672733623264,6989.85496195634,351.11917342151344,113.14200367164312,0.0,0.0002825095080114,0.1342293950187467,0.046421268349063,57.15,2.949362724652973e-09,5.248272053393132e-10,1281.206,2.995290362539324,7.697717091346039e-05,0.00148,6.65847e-07,0.0154111111111111,0.0157,6.76e-06,0.0805555555555555,0.023,9e-06,0.0031111111111111,0.0401799999999999,0.0990777777777777,100000000.0,1.1945300550671816e-10,21.0,3.0,,0.0114691566528205,3.5560826668686865,0.01821738394067266,0.0361589700168632,0.15531232212630208,71.88153762107865,1.0
774.0,0.007,0.008,450000.0,0.000127,1.0,30.0,375.0,0.0012989252469557,6989.85496195634,351.11917342151344,131.97985851891582,0.0,0.000329546620067,0.1702955145117109,0.0564970134013913,57.15,3.4126664939115757e-09,5.698846551591352e-10,1281.206,2.9484642505803573,8.718655887330686e-05,0.00148,6.65847e-07,0.0154111111111111,0.0157,6.76e-06,0.0805555555555555,0.023,9e-06,0.0031111111111111,0.0401799999999999,0.0990777777777777,10000000.0,5.27185671454111e-10,24.0,3.0,,0.057848213078855674,3.6066071064104896,0.011821885264495065,0.015770288031463832,0.10659983033482073,33.15818914714518,1.0
775.0,0.007,0.008,450000.0,0.000127,1.0,30.0,400.0,0.0015492065600571,6989.85496195634,385.3528593710531,141.14824610064298,0.0,0.0003524395915622,0.228041399689447,0.067383049170997,57.15,3.913229120114268e-09,6.18565621963913e-10,1281.206,2.897872385950051,0.0001071181813989,0.00148,6.65847e-07,0.0154111111111111,0.0157,6.76e-06,0.0805555555555555,0.023,9e-06,0.0031111111111111,0.0401799999999999,0.0990777777777777,10000000.0,5.81341345864629e-10,27.0,3.0,,0.07176456958449358,3.578795686267978,0.015342318193926863,0.048713780933956424,0.13408761864455115,99.2729521112466,1.0
776.0,0.007,0.008,450000.0,0.000127,1.0,35.0,325.0,0.0011706557055831,8154.830788949064,319.92671377973846,116.53852611996818,0.0,0.0002494203790189,0.1100510836668852,0.0509179040454795,57.15,3.1561274111662703e-09,5.449355880144473e-10,1281.206,2.9743926556734253,7.491758936073036e-05,0.00148,6.65847e-07,0.0154111111111111,0.0157,6.76e-06,0.0805555555555555,0.023,9e-06,0.0031111111111111,0.0401799999999999,0.0990777777777777,100000000.0,1.1110776047485544e-10,21.0,3.0,,0.010667896591002948,3.5648634516353046,0.01710589219806278,0.00828528303040275,0.14723146722443714,16.628139672008164,1.0
779.0,0.007,0.008,450000.0,0.000127,1.0,35.0,400.0,0.0021219307715603,8154.830788949064,385.3528593710531,142.47307332213035,0.0,0.0003049265262838,0.2378435145476541,0.0922938032951714,57.15,6.061895495721261e-09,9.607112559433087e-10,1024.9485637919545,1.4400749171384846,0.0001619923685113,0.00148,6.65847e-07,0.0154111111111111,0.0157,6.76e-06,0.0805555555555555,0.023,9e-06,0.0031111111111111,0.0401799999999999,0.0990777777777777,10000000.0,5.108916767090127e-10,28.0,4.0,,0.06540364721051464,3.566911199606819,0.016846683594073562,0.03996606404196795,0.14532466568927505,80.38919856918605,1.0
785.0,0.007,0.008,500000.0,0.000127,1.0,30.0,375.0,0.0010521294500341,6290.869465760706,351.11917342151344,131.97985851891573,0.0,0.0003661629111855,0.1991742797367899,0.045762580855127,63.5,2.9190749000683762e-09,5.218816386788994e-10,1281.206,2.9983515529700893,8.478869075480636e-05,0.00148,6.65847e-07,0.0154111111111111,0.0157,6.76e-06,0.0805555555555555,0.023,9e-06,0.0031111111111111,0.0401799999999999,0.0990777777777777,10000000.0,6.425217417593393e-10,27.0,3.0,,0.0793170769188252,3.579300861731278,0.015278371932749685,0.03391462196283761,0.1336034132963047,69.15265546164105,1.0
786.0,0.007,0.008,500000.0,0.000127,1.0,30.0,400.0,0.0012548573136462,6290.869465760706,385.3528593710531,141.1482461006431,0.0,0.0003915995461803,0.2403642432849802,0.0545802698285076,63.5,3.324530627292556e-09,5.613132217907695e-10,1281.206,2.9573721426195414,0.0001031928382583,0.00148,6.65847e-07,0.0154111111111111,0.0157,6.76e-06,0.0805555555555555,0.023,9e-06,0.0031111111111111,0.0401799999999999,0.0990777777777777,10000000.0,7.236833074520427e-10,30.0,3.0,,0.0992624336119235,3.544907921549838,0.019631908664577518,0.046341539844549,0.16537747889773652,91.02605233066977,1.0
787.0,0.007,0.008,500000.0,0.000127,1.0,35.0,350.0,0.0011850806757161,7339.347710054157,351.11917342151344,117.05727728929152,0.0,0.000278367367623,0.1297732181757605,0.0515453210064072,63.5,3.184977351432217e-09,5.477413168301617e-10,1281.206,2.971476792210746,9.129881559452346e-05,0.00148,6.65847e-07,0.0154111111111111,0.0157,6.76e-06,0.0805555555555555,0.023,9e-06,0.0031111111111111,0.0401799999999999,0.0990777777777777,100000000.0,1.0739117917416212e-10,24.0,4.0,,0.011784060440264183,3.549260716235606,0.019080921995492904,0.026263836729089017,0.16148554471322404,51.8291244478557,1.0
788.0,0.007,0.008,500000.0,0.000127,1.0,35.0,375.0,0.0014416208297606,7339.347710054157,351.11917342151344,133.83287364594366,0.0,0.0003182604755634,0.1582788062133662,0.0627035863146067,63.5,3.6980576595213605e-09,5.976396594926012e-10,1281.206,2.919619765472176,0.0001038626359174,0.00148,6.65847e-07,0.0154111111111111,0.0157,6.76e-06,0.0805555555555555,0.023,9e-06,0.0031111111111111,0.0401799999999999,0.0990777777777777,10000000.0,4.326682806309713e-10,28.0,4.0,,0.055389596025236604,3.5999113017400752,0.012669455475939824,5.623873522798972e-06,0.11337601036774077,0.011734921037096788,1.0
789.0,0.007,0.008,500000.0,0.000127,1.0,35.0,400.0,0.0017187639249638,7339.347710054157,385.3528593710531,142.4730733221304,0.0,0.0003388072514264,0.2425167978694743,0.0747579806690888,63.5,4.489871699855512e-09,7.16822068358695e-10,1209.947645021673,2.471605849472025,0.0001355545904047,0.00148,6.65847e-07,0.0154111111111111,0.0157,6.76e-06,0.0805555555555555,0.023,9e-06,0.0031111111111111,0.0401799999999999,0.0990777777777777,10000000.0,5.924977193303876e-10,28.0,4.0,,0.07585074013681925,3.5663293831677194,0.016920331244592544,0.051728077063566164,0.14586730238274365,103.98168014542367,1.0
790.0,0.007,0.008,500000.0,0.000127,1.0,40.0,325.0,0.0012495440889121,8387.825954347609,319.92671377973846,117.75672825437012,0.0,0.0002450268562558,0.128925051289926,0.0543491700560526,63.5,3.313904177824339e-09,5.602797730138616e-10,1281.206,2.958446157867294,8.676065367470188e-05,0.00148,6.65847e-07,0.0154111111111111,0.0157,6.76e-06,0.0805555555555555,0.023,9e-06,0.0031111111111111,0.0401799999999999,0.0990777777777777,100000000.0,9.350123017403596e-11,24.0,4.0,,0.010259912928444566,3.565854686374605,0.01698041944625255,0.02413596830542873,0.1463095227429286,48.492024108015485,1.0
794.0,0.007,0.008,550000.0,0.000127,1.0,30.0,400.0,0.0010370721600382,5718.972241600641,385.3528593710531,141.1482461006432,0.0,0.0004307595007983,0.2421663955475943,0.0451076610152955,69.85,2.888960320076494e-09,5.189529204882393e-10,1281.206,3.001395233569869,0.0001006331183852,0.00148,6.65847e-07,0.0154111111111111,0.0157,6.76e-06,0.0805555555555555,0.023,9e-06,0.0031111111111111,0.0401799999999999,0.0990777777777777,10000000.0,9.078867730360339e-10,33.0,3.0,,0.13698112775078108,3.500087708533849,0.025305353350145696,0.019897606781517613,0.20344682691835508,37.30102487713315,1.0
795.0,0.007,0.008,550000.0,0.000127,1.0,35.0,375.0,0.0011914221733559,6672.134281867415,351.11917342151344,133.8328736459436,0.0,0.0003500865231197,0.1674788608527197,0.051821145714551,69.85,3.1976603467118673e-09,5.489747698285956e-10,1281.206,2.970194921877832,0.0001007702900472,0.00148,6.65847e-07,0.0154111111111111,0.0157,6.76e-06,0.0805555555555555,0.023,9e-06,0.0031111111111111,0.0401799999999999,0.0990777777777777,10000000.0,4.919185160730859e-10,32.0,4.0,,0.07197111928766925,3.576004347351017,0.01569565223404857,0.0035065958504993527,0.13675336035902463,7.124030326438172,1.0
796.0,0.007,0.008,550000.0,0.000127,1.0,35.0,400.0,0.0014204660536891,6672.134281867415,385.3528593710531,142.47307332213035,0.0,0.000372687976569,0.2420414564890513,0.0617834550984205,69.85,3.65574810737831e-09,5.93524949772809e-10,1281.206,2.9238959919072744,0.0001233070890899,0.00148,6.65847e-07,0.0154111111111111,0.0157,6.76e-06,0.0805555555555555,0.023,9e-06,0.0031111111111111,0.0401799999999999,0.0990777777777777,10000000.0,6.254549854913481e-10,32.0,4.0,,0.0915084386926742,3.5453990444297396,0.019569741211425316,0.04856956269795662,0.16494016375686854,95.45241874547764,1.0
802.0,0.007,0.008,600000.0,0.000127,1.0,35.0,400.0,0.0011935860590026,6116.123091711797,385.3528593710531,142.47307332213052,0.0,0.0004065687017117,0.2454053485226344,0.0519152643535339,76.2,3.201988118005388e-09,5.49395656406319e-10,1281.206,2.9697575140331955,0.0001198783919092,0.00148,6.65847e-07,0.0154111111111111,0.0157,6.76e-06,0.0805555555555555,0.023,9e-06,0.0031111111111111,0.0401799999999999,0.0990777777777777,10000000.0,7.335076605505397e-10,36.0,4.0,,0.12073196334830796,3.507418757706311,0.02437737244223911,0.03257812082079245,0.197459339677565,61.53160212012356,1.0
806.0,0.007,0.0085,400000.0,0.000127,1.0,20.0,400.0,0.0011750825504191,5242.391221467255,385.3528593710531,137.22460611195592,0.0,0.0004568566309203,0.2850298354287119,0.0511104505469901,50.8,3.164981100838258e-09,5.457966314692725e-10,1281.206,2.973497813258277,7.912309781090465e-05,0.00148,6.65847e-07,0.0154111111111111,0.0157,6.76e-06,0.0805555555555555,0.023,9e-06,0.0031111111111111,0.0401799999999999,0.0990777777777777,10000000.0,7.808717171149321e-10,22.0,2.0,,0.02292118343537117,3.5852782566660246,0.014521739662528512,0.17081820144635063,0.12783275835796867,350.6219203704469,1.0
807.0,0.007,0.0085,400000.0,0.000127,1.0,25.0,325.0,0.001064965426009,6552.989026834069,319.92671377973846,119.58578044440004,0.0,0.0003185058907889,0.1570881710915521,0.046320884197347,50.8,2.944746852018018e-09,5.243783001858824e-10,1281.206,2.995756888786539,6.282221274580878e-05,0.00148,6.65847e-07,0.0154111111111111,0.0157,6.76e-06,0.0805555555555555,0.023,9e-06,0.0031111111111111,0.0401799999999999,0.0990777777777777,10000000.0,6.003286678156926e-10,22.0,2.0,,0.017621644138111618,3.6106599766887255,0.011308863710287899,0.05296564275609338,0.10244775597698161,111.88171954989402,1.0
808.0,0.007,0.0085,400000.0,0.000127,1.0,25.0,350.0,0.0013044642606887,6552.989026834069,351.11917342151344,111.03506125511194,0.0,0.0002957318249915,0.1712129505365862,0.0567379339115104,50.8,3.423744521377553e-09,5.709620210252705e-10,1281.206,2.947344594344371,7.771617657560844e-05,0.00148,6.65847e-07,0.0154111111111111,0.0157,6.76e-06,0.0805555555555555,0.023,9e-06,0.0031111111111111,0.0401799999999999,0.0990777777777777,10000000.0,7.647794246740079e-10,22.0,2.0,,0.022448821101264792,3.587514209727144,0.01423870762947537,0.05184619552381091,0.12565433509786555,106.68545235581013,1.0
809.0,0.007,0.0085,400000.0,0.000127,1.0,25.0,375.0,0.0015640203670611,6552.989026834069,351.11917342151344,134.13367716628278,0.0,0.0003572528955522,0.2567824387989233,0.0680273786693995,50.8,3.942856734122363e-09,6.214469814952351e-10,1281.206,2.894877923002253,8.788624900893808e-05,0.00148,6.65847e-07,0.0154111111111111,0.0157,6.76e-06,0.0805555555555555,0.023,9e-06,0.0031111111111111,0.0401799999999999,0.0990777777777777,10000000.0,8.834784930033283e-10,22.0,2.0,,0.02593303375636799,3.5711405257199043,0.01631132585823994,0.1226420263731558,0.14135932548442565,247.831168006832,1.0
810.0,0.007,0.0085,400000.0,0.000127,1.0,25.0,400.0,0.0018445818561214,6552.989026834069,385.3528593710531,139.85343431247202,0.0,0.0003724869504555,0.3391301005097506,0.0802304567483747,50.8,4.9931434244859e-09,8.10448097832378e-10,1134.456886327115,2.030898349289064,0.0001201337712028,0.00148,6.65847e-07,0.0154111111111111,0.0157,6.76e-06,0.0805555555555555,0.023,9e-06,0.0031111111111111,0.0401799999999999,0.0990777777777777,10000000.0,5.013121837962161e-10,24.0,3.0,,0.0550091089298399,3.598387583589863,0.012862331191156616,0.1637105348315359,0.11490368653050158,341.01407760731695,1.0
812.0,0.007,0.0085,400000.0,0.000127,1.0,30.0,325.0,0.0015437381488268,7863.586832200882,319.92671377973846,121.35534859340775,0.0,0.000269349146014,0.1497358604258334,0.067145199530855,50.8,3.9022922976537656e-09,6.175019886375727e-10,1281.206,2.898977770596134,7.990826811774142e-05,0.00148,6.65847e-07,0.0154111111111111,0.0157,6.76e-06,0.0805555555555555,0.023,9e-06,0.0031111111111111,0.0401799999999999,0.0990777777777777,10000000.0,7.898969397684075e-10,22.0,2.0,,0.023186103753845104,3.584026471904806,0.014680193429771414,0.019224557141133296,0.12904760232571041,39.40541555455607,1.0
814.0,0.007,0.0085,400000.0,0.000127,1.0,30.0,375.0,0.0022654764559876,7863.586832200882,351.11917342151344,136.03947140965215,0.0,0.0003019406715327,0.2305995880273156,0.0985373515484758,50.8,6.588229671954871e-09,1.0014571769536264e-09,1005.809139201641,1.3854093711092468,0.0001418631706089,0.00148,6.65847e-07,0.0154111111111111,0.0157,6.76e-06,0.0805555555555555,0.023,9e-06,0.0031111111111111,0.0401799999999999,0.0990777777777777,10000000.0,6.045068035380483e-10,24.0,3.0,,0.06633267987392732,3.5789043597849353,0.0153285620525399,0.02554955660491237,0.13398350192196115,52.07324977211819,1.0
815.0,0.007,0.0085,400000.0,0.000127,1.0,30.0,400.0,0.0026711691963442,7863.586832200882,385.3528593710531,141.70093260589786,0.0,0.0003145063289683,0.2944715970363326,0.1161830384288332,50.8,8.075769719928985e-09,1.1166144136129751e-09,951.7167738207644,1.230912109417521,0.0001864888276911,0.00148,6.65847e-07,0.0154111111111111,0.0157,6.76e-06,0.0805555555555555,0.023,9e-06,0.0031111111111111,0.0401799999999999,0.0990777777777777,10000000.0,8.320441106989743e-10,24.0,3.0,,0.09130040441721476,3.537515502065379,0.02056765796640766,0.04680815419028464,0.17190507802055646,91.22351151310856,1.0
820.0,0.007,0.0085,400000.0,0.000127,1.0,35.0,400.0,0.0036598104741344,9174.184637567696,385.3528593710531,143.22293927936315,0.0,0.0002724723725934,0.3170814780524659,0.1591841885345712,50.8,1.0934436948268832e-08,1.2433365402331531e-09,743.2628577596754,1.0577486117369537,0.0002449392084371,0.00148,6.65847e-07,0.0154111111111111,0.0157,6.76e-06,0.0805555555555555,0.023,9e-06,0.0031111111111111,0.0401799999999999,0.0990777777777777,10000000.0,6.535573119707356e-10,24.0,4.0,,0.07171500419927136,3.545505924870592,0.019556212041697163,0.04600228531862313,0.16484493248061383,90.41732962101416,1.0
825.0,0.007,0.0085,450000.0,0.000127,1.0,25.0,350.0,0.0010306878109145,5824.879134963618,351.11917342151344,111.03506125511164,0.0,0.0003326983031155,0.1696141643177125,0.0448299724732922,57.15,2.8761916218291767e-09,5.17711132661942e-10,1281.206,3.002685765901725,7.53649671618988e-05,0.00148,6.65847e-07,0.0154111111111111,0.0157,6.76e-06,0.0805555555555555,0.023,9e-06,0.0031111111111111,0.0401799999999999,0.0990777777777777,10000000.0,4.4636915126839815e-10,24.0,3.0,,0.04898019648974833,3.6201862657705433,0.010103004332842686,0.03562399535467198,0.09253463968234327,76.08128343561616,1.0
826.0,0.007,0.0085,450000.0,0.000127,1.0,25.0,375.0,0.0012357691789125,5824.879134963618,351.11917342151344,134.1336771662828,0.0,0.0004019095074963,0.2461421645164597,0.0537500275906366,57.15,3.2863543578250782e-09,5.576004841443832e-10,1281.206,2.961230618174619,8.440294003545107e-05,0.00148,6.65847e-07,0.0154111111111111,0.0157,6.76e-06,0.0805555555555555,0.023,9e-06,0.0031111111111111,0.0401799999999999,0.0990777777777777,10000000.0,5.078280539569286e-10,24.0,3.0,,0.05572409696130777,3.609836746091397,0.011413070115013031,0.09648803996451523,0.10329425769351624,203.62382149824674,1.0
827.0,0.007,0.0085,450000.0,0.000127,1.0,25.0,400.0,0.001457447392491,5824.879134963618,385.3528593710531,139.85343431247207,0.0,0.0004190478192625,0.3653370522321973,0.0633919658258763,57.15,3.729710784982085e-09,6.0071800507647e-10,1281.206,2.916420584081861,0.0001026773266685,0.00148,6.65847e-07,0.0154111111111111,0.0157,6.76e-06,0.0805555555555555,0.023,9e-06,0.0031111111111111,0.0401799999999999,0.0990777777777777,10000000.0,5.54064245874673e-10,27.0,3.0,,0.06839730635056523,3.584139273343231,0.014665914766679635,0.19336778005575578,0.12893826847539158,396.4041515052749,1.0
828.0,0.007,0.0085,450000.0,0.000127,1.0,30.0,325.0,0.0012197437225298,6989.85496195634,319.92671377973846,121.35534859340792,0.0,0.0003030177892657,0.1440672903067953,0.0530529971601818,57.15,3.254303445059768e-09,5.544834527506752e-10,1281.206,2.964470003927809,7.688821743644701e-05,0.00148,6.65847e-07,0.0154111111111111,0.0157,6.76e-06,0.0805555555555555,0.023,9e-06,0.0031111111111111,0.0401799999999999,0.0990777777777777,10000000.0,4.5658274026477715e-10,24.0,3.0,,0.050100936116325635,3.6184561604204846,0.010322005010065215,0.0007333570302878664,0.0943512386133572,1.563077118941326,1.0
830.0,0.007,0.0085,450000.0,0.000127,1.0,30.0,375.0,0.0017900060886816,6989.85496195634,351.11917342151344,136.03947140965218,0.0,0.0003396832554743,0.2287545563391772,0.0778566728284254,57.15,4.7748403547265375e-09,7.698361408254623e-10,1167.2023467910194,2.222063072931292,0.0001185592633751,0.00148,6.65847e-07,0.0154111111111111,0.0157,6.76e-06,0.0805555555555555,0.023,9e-06,0.0031111111111111,0.0401799999999999,0.0990777777777777,10000000.0,6.531906958514565e-10,27.0,3.0,,0.08063412223786877,3.564870836632604,0.01710495738827795,0.030083761272882925,0.1472246058231498,60.37705741506406,1.0
831.0,0.007,0.0085,450000.0,0.000127,1.0,30.0,400.0,0.0021105534390868,6989.85496195634,385.3528593710531,141.7009326058979,0.0,0.0003538196200894,0.3141538246962879,0.0917989439437694,57.15,6.020178609985044e-09,9.574817621962603e-10,1026.4655414550894,1.4444076708154896,0.0001610019827143,0.00148,6.65847e-07,0.0154111111111111,0.0157,6.76e-06,0.0805555555555555,0.023,9e-06,0.0031111111111111,0.0401799999999999,0.0990777777777777,10000000.0,9.42370661919403e-10,27.0,3.0,,0.1163323844463805,3.5109417813530306,0.02393142008189489,0.0658424963061379,0.1945498425995393,124.81020810633201,1.0
835.0,0.007,0.0085,450000.0,0.000127,1.0,35.0,375.0,0.0024532654154131,8154.830788949064,351.11917342151344,137.6008304655117,0.0,0.0002944987587426,0.2269252314574547,0.1067052698964782,57.15,7.276789189848229e-09,1.054761699049741e-09,980.7706112782464,1.3138949536176443,0.0001744882293872,0.00148,6.65847e-07,0.0154111111111111,0.0157,6.76e-06,0.0805555555555555,0.023,9e-06,0.0031111111111111,0.0401799999999999,0.0990777777777777,10000000.0,5.567247134774226e-10,28.0,4.0,,0.07127112930906328,3.5560062964317902,0.018227051084583515,0.00876883225191312,0.15538193321922064,17.430396949756613,1.0
836.0,0.007,0.0085,450000.0,0.000127,1.0,35.0,400.0,0.0028917021030197,8154.830788949064,385.3528593710531,143.22293927936323,0.0,0.0003065314191676,0.3236459417784292,0.1257751613112662,57.15,8.884390377739219e-09,1.1792134142825099e-09,922.3123862640284,1.146928032787661,0.0002289933961952,0.00148,6.65847e-07,0.0154111111111111,0.0157,6.76e-06,0.0805555555555555,0.023,9e-06,0.0031111111111111,0.0401799999999999,0.0990777777777777,10000000.0,7.710733255150651e-10,28.0,4.0,,0.09871174273240216,3.5070059102272824,0.024429631616799705,0.058979037734760736,0.19779891535699468,111.34893716111768,1.0
842.0,0.007,0.0085,500000.0,0.000127,1.0,25.0,375.0,0.0010009730349191,5242.391221467256,351.11917342151344,134.1336771662829,0.0,0.0004465661194403,0.2538201246813054,0.0435375223484157,63.5,2.816762069838314e-09,5.119314601569507e-10,1281.206,3.008692310721442,8.228397901894214e-05,0.00148,6.65847e-07,0.0154111111111111,0.0157,6.76e-06,0.0805555555555555,0.023,9e-06,0.0031111111111111,0.0401799999999999,0.0990777777777777,10000000.0,6.198525513515716e-10,27.0,3.0,,0.07651864411507756,3.583273666077308,0.014775485306669917,0.09358395821781215,0.12977656420537192,191.66258164145233,1.0
843.0,0.007,0.0085,500000.0,0.000127,1.0,25.0,400.0,0.0011805323879177,5242.391221467256,385.3528593710531,139.85343431247207,0.0,0.0004656086880694,0.3279735695512206,0.0513474923189598,63.5,3.175880775835489e-09,5.468566521119409e-10,1281.206,2.972396183106307,9.919686543503688e-05,0.00148,6.65847e-07,0.0154111111111111,0.0157,6.76e-06,0.0805555555555555,0.023,9e-06,0.0031111111111111,0.0401799999999999,0.0990777777777777,10000000.0,6.906411718928592e-10,30.0,3.0,,0.09473028155927027,3.5514789614612385,0.01880013146060276,0.14171579567299042,0.15948816518779527,280.32849210671657,1.0
844.0,0.007,0.0085,500000.0,0.000127,1.0,30.0,350.0,0.0012096776909322,6290.869465760706,319.92671377973846,116.77144791142412,0.0,0.0003239689282169,0.1556083445414865,0.0526151731026349,63.5,3.2341713818644318e-09,5.525255592747707e-10,1281.206,2.9665047515549623,8.498234630573392e-05,0.00148,6.65847e-07,0.0154111111111111,0.0157,6.76e-06,0.0805555555555555,0.023,9e-06,0.0031111111111111,0.0401799999999999,0.0990777777777777,100000000.0,8.920547267217403e-11,24.0,4.0,,0.009788538403758849,3.571136347252393,0.016311854778178057,0.05302463303509275,0.14136326129878235,107.15002752931703,1.0
845.0,0.007,0.0085,500000.0,0.000127,1.0,30.0,375.0,0.0014499049318321,6290.869465760706,351.11917342151344,136.0394714096522,0.0,0.0003774258394159,0.2183948633703382,0.0630639049910246,63.5,3.714625863664248e-09,5.99250958766007e-10,1281.206,2.9179452170794544,0.0001042683800744,0.00148,6.65847e-07,0.0154111111111111,0.0157,6.76e-06,0.0805555555555555,0.023,9e-06,0.0031111111111111,0.0401799999999999,0.0990777777777777,10000000.0,7.32667265085997e-10,30.0,3.0,,0.10049469845626885,3.543129094212177,0.019857076682002935,0.014656259923044757,0.1669575901210512,28.733955757327195,1.0
846.0,0.007,0.0085,500000.0,0.000127,1.0,30.0,400.0,0.0017095482856603,6290.869465760706,385.3528593710531,141.7009326058979,0.0,0.0003931329112104,0.2989614547479886,0.0743571445944532,63.5,4.4530091426413275e-09,7.099643517429937e-10,1215.4770286038008,2.503885837886129,0.0001344838273909,0.00148,6.65847e-07,0.0154111111111111,0.0157,6.76e-06,0.0805555555555555,0.023,9e-06,0.0031111111111111,0.0401799999999999,0.0990777777777777,10000000.0,1.0027169916621788e-09,30.0,3.0,,0.13753547690197407,3.491166539999459,0.026434615189941942,0.046888833251561235,0.21061358615591547,87.10923950685668,1.0
848.0,0.007,0.0085,500000.0,0.000127,1.0,35.0,325.0,0.0013552460408274,7339.347710054157,319.92671377973846,122.8373590806006,0.0,0.0002921126570245,0.1361606607675272,0.0589466975949969,63.5,3.525308081654846e-09,5.80839331171138e-10,1281.206,2.937079565307145,9.147594595874176e-05,0.00148,6.65847e-07,0.0154111111111111,0.0157,6.76e-06,0.0805555555555555,0.023,9e-06,0.0031111111111111,0.0401799999999999,0.0990777777777777,100000000.0,1.0807545987194182e-10,24.0,4.0,,0.011859146729126554,3.5484617638496183,0.019182055208909126,0.025174816443403747,0.16220262387034287,49.637563665681334,1.0
850.0,0.007,0.0085,500000.0,0.000127,1.0,35.0,375.0,0.0019871449864846,7339.347710054157,351.11917342151344,137.6008304655117,0.0,0.0003272208430473,0.2230776425738161,0.0864312686161474,63.5,5.563395945938623e-09,9.16534883097705e-10,1048.9190081092067,1.5315367700407367,0.0001525777969942,0.00148,6.65847e-07,0.0154111111111111,0.0157,6.76e-06,0.0805555555555555,0.023,9e-06,0.0031111111111111,0.0401799999999999,0.0990777777777777,10000000.0,6.858750343961436e-10,28.0,4.0,,0.08780477511223,3.54746787307948,0.019307864167154493,0.008661598845438698,0.16309295493904288,17.060055441127993,1.0
851.0,0.007,0.0085,500000.0,0.000127,1.0,35.0,400.0,0.002342278703446,7339.347710054157,385.3528593710531,143.22293927936323,0.0,0.0003405904657418,0.3245248415981896,0.1018778806621256,63.5,6.869837912635433e-09,1.023257750902166e-09,995.5688395405298,1.356161283224672,0.0002013033657431,0.00148,6.65847e-07,0.0154111111111111,0.0157,6.76e-06,0.0805555555555555,0.023,9e-06,0.0031111111111111,0.0401799999999999,0.0990777777777777,10000000.0,8.484694704765722e-10,32.0,4.0,,0.12413701756764581,3.47724010693994,0.028197454817729093,0.0583299433684181,0.22154706962778356,106.86341806957903,1.0
852.0,0.007,0.0085,500000.0,0.000127,1.0,40.0,300.0,0.0014194214446226,8387.825954347609,291.5053062825179,116.67167266368702,0.0,0.0002427690849659,0.1237272361965254,0.0617380196181531,63.5,3.653658889245393e-09,5.933217680863373e-10,1281.206,2.9241071491839685,8.665693424163641e-05,0.00148,6.65847e-07,0.0154111111111111,0.0157,6.76e-06,0.0805555555555555,0.023,9e-06,0.0031111111111111,0.0401799999999999,0.0990777777777777,100000000.0,9.323810685798508e-11,24.0,4.0,,0.010231040342414404,3.5661761200106112,0.016939731644226488,0.011578176235957796,0.1460101300969115,23.27008788384348,1.0
857.0,0.007,0.0085,550000.0,0.000127,1.0,30.0,375.0,0.0011982685387042,5718.972241600641,351.11917342151344,136.0394714096522,0.0,0.0004151684233575,0.2361629582983991,0.0521189297446483,69.85,3.2113530774084677e-09,5.50306422120667e-10,1281.206,2.9688109975863264,0.0001011390803507,0.00148,6.65847e-07,0.0154111111111111,0.0157,6.76e-06,0.0805555555555555,0.023,9e-06,0.0031111111111111,0.0401799999999999,0.0990777777777777,10000000.0,9.136797997145801e-10,33.0,3.0,,0.13785517432914896,3.498928983698093,0.02545202737998828,0.006008854224601734,0.20438502531778055,11.251223848746108,1.0
858.0,0.007,0.0085,550000.0,0.000127,1.0,30.0,400.0,0.0014128498228597,5718.972241600641,385.3528593710531,141.7009326058979,0.0,0.0004324462023315,0.3084587667844417,0.0614521856152506,69.85,3.640515645719557e-09,5.92043554795341e-10,1281.206,2.9254355368071243,0.0001228566007004,0.00148,6.65847e-07,0.0154111111111111,0.0157,6.76e-06,0.0805555555555555,0.023,9e-06,0.0031111111111111,0.0401799999999999,0.0990777777777777,10000000.0,6.226726024914778e-10,32.0,4.0,,0.09110135660032641,3.5460246374476663,0.01949055222181445,0.1157252245688646,0.1643824469981275,227.58348052541854,1.0
861.0,0.007,0.0085,550000.0,0.000127,1.0,35.0,375.0,0.0016422685838716,6672.134281867415,351.11917342151344,137.6008304655117,0.0,0.0003599429273521,0.2378263755445397,0.0714308005092126,69.85,4.183890335486456e-09,6.598989017336391e-10,1255.8448496770316,2.739549140529542,0.0001277052337654,0.00148,6.65847e-07,0.0154111111111111,0.0157,6.76e-06,0.0805555555555555,0.023,9e-06,0.0031111111111111,0.0401799999999999,0.0990777777777777,10000000.0,6.528818492154153e-10,32.0,4.0,,0.09552118067386486,3.5392592909018648,0.020346925202295554,0.03069439436146204,0.1703745095827499,59.93027969544048,1.0
862.0,0.007,0.0085,550000.0,0.000127,1.0,35.0,400.0,0.0019357675235091,6672.134281867415,385.3528593710531,143.2229392793632,0.0,0.000374649512316,0.3041110980912667,0.0841965955885335,69.85,5.3578860940364505e-09,8.783029091765471e-10,1079.7454858945323,1.711498664703691,0.000176824070432,0.00148,6.65847e-07,0.0154111111111111,0.0157,6.76e-06,0.0805555555555555,0.023,9e-06,0.0031111111111111,0.0401799999999999,0.0990777777777777,10000000.0,9.982024713940278e-10,32.0,4.0,,0.14604400280649743,3.465922422352713,0.02963007311990974,0.033690499696235665,0.23021185509082354,61.035684507978345,1.0
868.0,0.007,0.0085,600000.0,0.000127,1.0,30.0,375.0,0.0010068784248834,5242.391221467255,351.11917342151344,136.03947140965218,0.0,0.0004529110072991,0.231489064429981,0.0437943784659893,76.2,2.828572849766838e-09,5.130800880319494e-10,1281.206,3.0074985951940656,9.908773289355554e-05,0.00148,6.65847e-07,0.0154111111111111,0.0157,6.76e-06,0.0805555555555555,0.023,9e-06,0.0031111111111111,0.0401799999999999,0.0990777777777777,10000000.0,5.806769437151309e-10,36.0,4.0,,0.09557673526300174,3.544279073623558,0.019711509667904095,0.05193795070098996,0.16593676156966158,101.95040100280627,1.0
869.0,0.007,0.0085,600000.0,0.000127,1.0,30.0,400.0,0.0011871863094863,5242.391221467255,385.3528593710531,141.7009326058979,0.0,0.0004717594934525,0.2973079587053377,0.0516369059683703,76.2,3.1891886189726846e-09,5.48150873126641e-10,1281.206,2.9710511594004307,0.0001194655129921,0.00148,6.65847e-07,0.0154111111111111,0.0157,6.76e-06,0.0805555555555555,0.023,9e-06,0.0031111111111111,0.0401799999999999,0.0990777777777777,10000000.0,7.303239544278074e-10,36.0,4.0,,0.12020794006730637,3.508170844648053,0.024282171563537527,0.08528311266966093,0.19683999298956453,161.2019408248199,1.0
877.0,0.007,0.009,400000.0,0.000127,1.0,20.0,350.0,0.0011136016733589,5242.391221467255,319.92671377973846,107.04501992515668,0.0,0.0003563808892984,0.1487516791052951,0.0484363275030818,50.8,3.0420193467178834e-09,5.33838293476681e-10,1281.206,2.985925557747224,6.455758295325206e-05,0.00148,6.65847e-07,0.0154111111111111,0.0157,6.76e-06,0.0805555555555555,0.023,9e-06,0.0031111111111111,0.0401799999999999,0.0990777777777777,10000000.0,6.189618890934646e-10,22.0,2.0,,0.01816859118913,3.60801001992559,0.011644301275241756,0.041966760413083296,0.10516693124653,88.37971957891907,1.0
878.0,0.007,0.009,400000.0,0.000127,1.0,20.0,375.0,0.0013222957244063,5242.391221467255,351.11917342151344,133.1056891335236,0.0,0.0004431436782136,0.2749640856302168,0.0575135169921989,50.8,3.4594074488126953e-09,5.744303298756563e-10,1281.206,2.943740142268501,7.841480190392966e-05,0.00148,6.65847e-07,0.0154111111111111,0.0157,6.76e-06,0.0805555555555555,0.023,9e-06,0.0031111111111111,0.0401799999999999,0.0990777777777777,10000000.0,7.727575460933899e-10,22.0,2.0,,0.022683005514037433,3.586405047316579,0.014379107934610278,0.15458756312398048,0.12673631789137213,317.70576719456045,1.0
879.0,0.007,0.009,400000.0,0.000127,1.0,20.0,400.0,0.0015479608490795,5242.391221467255,385.3528593710531,135.31439072573525,0.0,0.0004504970239197,0.3749776885544394,0.067328866722885,50.8,3.910737698159108e-09,6.183233249502183e-10,1281.206,2.898124193967059,9.51625700150446e-05,0.00148,6.65847e-07,0.0154111111111111,0.0157,6.76e-06,0.0805555555555555,0.023,9e-06,0.0031111111111111,0.0401799999999999,0.0990777777777777,1000000.0,2.2649051392241605e-09,24.0,4.0,,0.2485285966438473,3.642356349764134,0.007296664586818489,0.018940225187706994,0.06859415123239211,41.51731388816884,1.0
880.0,0.007,0.009,400000.0,0.000127,1.0,25.0,300.0,0.0011697735540625,6552.989026834069,291.5053062825179,119.04231209876323,0.0,0.0003170584120928,0.1620882574921935,0.0508795346886596,50.8,3.154363108125021e-09,5.447640051329286e-10,1281.206,2.974570973781804,6.12101248617275e-05,0.00148,6.65847e-07,0.0154111111111111,0.0157,6.76e-06,0.0805555555555555,0.023,9e-06,0.0031111111111111,0.0401799999999999,0.0990777777777777,10000000.0,5.831370213084346e-10,22.0,2.0,,0.017117012103793842,3.613111211038233,0.010998580881236342,0.053911710699739955,0.09991773906063597,114.20114651753818,1.0
881.0,0.007,0.009,400000.0,0.000127,1.0,25.0,325.0,0.0014473475353708,6552.989026834069,319.92671377973846,121.80455263028738,0.0,0.0003244153894675,0.1837014882055172,0.0629526705204633,50.8,3.709511070741752e-09,5.987535323673123e-10,1281.206,2.918462169200132,7.646786567499969e-05,0.00148,6.65847e-07,0.0154111111111111,0.0157,6.76e-06,0.0805555555555555,0.023,9e-06,0.0031111111111111,0.0401799999999999,0.0990777777777777,10000000.0,7.50585899486494e-10,22.0,2.0,,0.022032193904649753,3.5894905781179465,0.013988534415449803,0.058536623780404154,0.1237197370649513,120.7190609362893,1.0
882.0,0.007,0.009,400000.0,0.000127,1.0,25.0,350.0,0.0017493288447893,6552.989026834069,319.92671377973846,114.95941793208642,0.0,0.0003061839934226,0.16817464444004,0.0760874079698836,50.8,4.6121313791575755e-09,7.395666172327347e-10,1191.6086931263635,2.364544882202398,9.343674146933632e-05,0.00148,6.65847e-07,0.0154111111111111,0.0157,6.76e-06,0.0805555555555555,0.023,9e-06,0.0031111111111111,0.0401799999999999,0.0990777777777777,10000000.0,9.507180243000757e-10,22.0,2.0,,0.02790673775560541,3.561986048092503,0.017470120494619882,0.02400049871455089,0.14989648679711445,48.01724356238763,1.0
883.0,0.007,0.009,400000.0,0.000127,1.0,25.0,375.0,0.0020766875064042,6552.989026834069,351.11917342151344,135.25854829460295,0.0,0.0003602488878802,0.3094776822815016,0.0903259384285527,50.8,5.896003523482133e-09,9.478688043178586e-10,1030.9809991461043,1.457304608186124,0.0001285548413788,0.00148,6.65847e-07,0.0154111111111111,0.0157,6.76e-06,0.0805555555555555,0.023,9e-06,0.0031111111111111,0.0401799999999999,0.0990777777777777,10000000.0,5.407656216300167e-10,24.0,3.0,,0.05933834434363233,3.590884520595348,0.01381208600058886,0.11963339950931656,0.12235009892212939,247.1035021492168,1.0
884.0,0.007,0.009,400000.0,0.000127,1.0,25.0,400.0,0.0024306358139081,6552.989026834069,385.3528593710531,138.1963547852081,0.0,0.0003680734692793,0.4489745133177643,0.105720990853099,50.8,7.193813984329986e-09,1.048338211230549e-09,983.7878914789096,1.3225128338947745,0.0001678791004734,0.00148,6.65847e-07,0.0154111111111111,0.0157,6.76e-06,0.0805555555555555,0.023,9e-06,0.0031111111111111,0.0401799999999999,0.0990777777777777,10000000.0,7.344063922094914e-10,24.0,3.0,,0.08058659361098808,3.5550179546121345,0.018352157644033588,0.2224869288536772,0.15628176561719273,441.7810518582333,1.0
885.0,0.007,0.009,400000.0,0.000127,1.0,30.0,300.0,0.0016967736136749,7863.586832200882,291.5053062825179,119.77824749261256,0.0,0.0002658487577773,0.1717917734186241,0.0738015076815137,50.8,4.401910454699717e-09,7.00458220106448e-10,1223.1418317950424,2.5486321924362776,8.1998190285408e-05,0.00148,6.65847e-07,0.0154111111111111,0.0157,6.76e-06,0.0805555555555555,0.023,9e-06,0.0031111111111111,0.0401799999999999,0.0990777777777777,10000000.0,8.1407756490898e-10,22.0,2.0,,0.02389588556855441,3.5806805272384334,0.015103730729312202,0.03391438016855599,0.13227825526910394,69.25793102527234,1.0
887.0,0.007,0.009,400000.0,0.000127,1.0,30.0,350.0,0.0025354317862167,7863.586832200882,319.92671377973846,120.35524072549708,0.0,0.0002671293987736,0.1911611734440535,0.1102791126278548,50.8,7.578065882794759e-09,1.0780848972902452e-09,969.8150951710998,1.2826040824003155,0.000147145579086,0.00148,6.65847e-07,0.0154111111111111,0.0157,6.76e-06,0.0805555555555555,0.023,9e-06,0.0031111111111111,0.0401799999999999,0.0990777777777777,10000000.0,3.6344030764793604e-10,24.0,4.0,,0.03988039413186658,3.6097204904116245,0.011427786023845036,0.0008216666843320203,0.1034136710470068,1.7337758100006702,1.0
888.0,0.007,0.009,400000.0,0.000127,1.0,30.0,375.0,0.003009066839704,7863.586832200882,351.11917342151344,136.84986681254895,0.0,0.0003037393504722,0.3457410487192403,0.1308799640062957,50.8,9.314727745581528e-09,1.212527786006128e-09,906.6637547061264,1.1022328025477697,0.0001942760446119,0.00148,6.65847e-07,0.0154111111111111,0.0157,6.76e-06,0.0805555555555555,0.023,9e-06,0.0031111111111111,0.0401799999999999,0.0990777777777777,10000000.0,8.741755321309006e-10,24.0,3.0,,0.0959234956282992,3.5300791910733604,0.02150896315527085,0.0787575890846454,0.17836922192973875,152.29100795655992,1.0
889.0,0.007,0.009,400000.0,0.000127,1.0,30.0,400.0,0.0035211177468853,7863.586832200882,385.3528593710531,140.20901825787266,0.0,0.0003111950133961,0.383479122467463,0.1531517206243297,50.8,1.0657051493770793e-08,1.2503911458046744e-09,784.8706759343811,1.0492343114420457,0.0002396480626348,0.00148,6.65847e-07,0.0154111111111111,0.0157,6.76e-06,0.0805555555555555,0.023,9e-06,0.0031111111111111,0.0401799999999999,0.0990777777777777,10000000.0,6.365859067689835e-10,24.0,4.0,,0.06985272774238172,3.5490908542760486,0.0191024235093609,0.12029467410075159,0.16163810267126186,237.34663580136174,1.0
898.0,0.007,0.009,450000.0,0.000127,1.0,20.0,375.0,0.0010447768686667,4659.903307970893,351.11917342151344,133.10568913352367,0.0,0.0004985366379903,0.2495276618987632,0.0454427788580337,57.15,2.904369737333487e-09,5.20451524840025e-10,1281.206,2.9998378037677047,7.598581798620252e-05,0.00148,6.65847e-07,0.0154111111111111,0.0157,6.76e-06,0.0805555555555555,0.023,9e-06,0.0031111111111111,0.0401799999999999,0.0990777777777777,10000000.0,4.505251310762434e-10,24.0,3.0,,0.04943623317377376,3.619481781878348,0.010192179509069945,0.11446864986695562,0.09327522186463537,244.26834666270665,1.0
899.0,0.007,0.009,450000.0,0.000127,1.0,20.0,400.0,0.0012230801770505,4659.903307970893,385.3528593710531,135.31439072573534,0.0,0.0005068091519097,0.3840502355790035,0.0531981169168474,57.15,3.260976354101024e-09,5.551324098372095e-10,1281.206,2.96379557301101,9.13359213966584e-05,0.00148,6.65847e-07,0.0154111111111111,0.0157,6.76e-06,0.0805555555555555,0.023,9e-06,0.0031111111111111,0.0401799999999999,0.0990777777777777,10000000.0,4.858678401232613e-10,27.0,3.0,,0.059978696972832826,3.5976390194197836,0.012957086149394479,0.23069342168932316,0.11565226836725738,480.13506615301304,1.0
900.0,0.007,0.009,450000.0,0.000127,1.0,25.0,325.0,0.0011435832378239,5824.879134963618,319.92671377973846,121.8045526302874,0.0,0.000364967313151,0.1738536973903859,0.0497403816457981,57.15,3.101982475647805e-09,5.39669857672938e-10,1281.206,2.979865084306277,7.383080897846778e-05,0.00148,6.65847e-07,0.0154111111111111,0.0157,6.76e-06,0.0805555555555555,0.023,9e-06,0.0031111111111111,0.0401799999999999,0.0990777777777777,10000000.0,4.36139872781053e-10,24.0,3.0,,0.04785773525147774,3.6219231231083975,0.009883148973620637,0.036075580493109966,0.09070360603824254,77.2011812342603,1.0
901.0,0.007,0.009,450000.0,0.000127,1.0,25.0,350.0,0.0013821857539076,5824.879134963618,319.92671377973846,114.9594179320862,0.0,0.0003444569926005,0.1688252796738049,0.0601184458033649,57.15,3.579187507815342e-09,5.860792400638112e-10,1281.206,2.931633971705103,8.340999192350914e-05,0.00148,6.65847e-07,0.0154111111111111,0.0157,6.76e-06,0.0805555555555555,0.023,9e-06,0.0031111111111111,0.0401799999999999,0.0990777777777777,10000000.0,5.009730261283911e-10,24.0,3.0,,0.05497189307573377,3.610983883539724,0.011267862843072934,0.013554940794706226,0.10211425462460715,28.64335268057909,1.0
902.0,0.007,0.009,450000.0,0.000127,1.0,25.0,375.0,0.0016408395112329,5824.879134963618,351.11917342151344,135.25854829460303,0.0,0.0004052799988653,0.3034698904474099,0.0713686427089799,57.15,4.178174044931847e-09,6.58835473049385e-10,1256.7022932602229,2.744554810423855,0.0001043499278567,0.00148,6.65847e-07,0.0154111111111111,0.0157,6.76e-06,0.0805555555555555,0.023,9e-06,0.0031111111111111,0.0401799999999999,0.0990777777777777,10000000.0,5.642989405619614e-10,27.0,3.0,,0.06966074385468694,3.5821305753284194,0.014920180338174695,0.12226050388374306,0.13088111914249126,250.07513654457043,1.0
903.0,0.007,0.009,450000.0,0.000127,1.0,25.0,400.0,0.001920502371483,5824.879134963618,385.3528593710531,138.1963547852079,0.0,0.0004140826529392,0.4102115313048922,0.0835326347481275,57.15,5.296825485932018e-09,8.669435142129915e-10,1088.9045771101974,1.7649685233116206,0.0001430804006892,0.00148,6.65847e-07,0.0154111111111111,0.0157,6.76e-06,0.0805555555555555,0.023,9e-06,0.0031111111111111,0.0401799999999999,0.0990777777777777,10000000.0,8.155387234287731e-10,27.0,3.0,,0.10067542225008333,3.534187680525831,0.020988901199261917,0.18582347430668125,0.1748103751855719,360.8772321873004,1.0
904.0,0.007,0.009,450000.0,0.000127,1.0,30.0,300.0,0.0013406606330271,6989.85496195634,291.5053062825179,119.7782474926126,0.0,0.0002990798524994,0.1730584678359289,0.0583123023656405,57.15,3.4961372660542103e-09,5.78002396426937e-10,1281.206,2.9400278596399008,7.511067850688592e-05,0.00148,6.65847e-07,0.0154111111111111,0.0157,6.76e-06,0.0805555555555555,0.023,9e-06,0.0031111111111111,0.0401799999999999,0.0990777777777777,10000000.0,4.4466966975861903e-10,24.0,3.0,,0.04879371196669573,3.62047454119773,0.010066513772439285,0.02577245350359257,0.09223124388331122,55.05999204465964,1.0
905.0,0.007,0.009,450000.0,0.000127,1.0,30.0,325.0,0.0016580472487184,6989.85496195634,319.92671377973846,123.7848139976591,0.0,0.0003090840339301,0.1945954360024388,0.0721170966924585,57.15,4.247004994873783e-09,6.716404216140952e-10,1246.3776507689324,2.684280580023951,9.719466433403028e-05,0.00148,6.65847e-07,0.0154111111111111,0.0157,6.76e-06,0.0805555555555555,0.023,9e-06,0.0031111111111111,0.0401799999999999,0.0990777777777777,10000000.0,5.208389297538038e-10,27.0,3.0,,0.06429575649920106,3.5906911944937354,0.013836557659020832,0.01800258281077924,0.12254030992163578,37.17638356260019,1.0
906.0,0.007,0.009,450000.0,0.000127,1.0,30.0,350.0,0.0020033041273811,6989.85496195634,319.92671377973846,120.35524072549713,0.0,0.0003005205736203,0.2010195209413531,0.087134113681268,57.15,5.626931133730835e-09,9.270386875708935e-10,1040.765449682515,1.4852507111969573,0.0001270922561179,0.00148,6.65847e-07,0.0154111111111111,0.0157,6.76e-06,0.0805555555555555,0.023,9e-06,0.0031111111111111,0.0401799999999999,0.0990777777777777,10000000.0,3.885339962609167e-10,28.0,4.0,,0.04973958586374465,3.5968060628794314,0.013062523686147992,0.023965821396340348,0.11648375753965727,49.83242306466178,1.0
907.0,0.007,0.009,450000.0,0.000127,1.0,30.0,375.0,0.0023775342930994,6989.85496195634,351.11917342151344,136.849866812549,0.0,0.0003417067692812,0.3395745485162422,0.1034113295852213,57.15,6.999108408031491e-09,1.033265167543936e-09,990.8680942534004,1.3427351320542054,0.0001684826126692,0.00148,6.65847e-07,0.0154111111111111,0.0157,6.76e-06,0.0805555555555555,0.023,9e-06,0.0031111111111111,0.0401799999999999,0.0990777777777777,10000000.0,9.976234017265457e-10,27.0,3.0,,0.12315314322920232,3.501006706531835,0.02518902448964115,0.0728300757018186,0.20270115614172676,136.65862422483224,1.0
908.0,0.007,0.009,450000.0,0.000127,1.0,30.0,400.0,0.0027821177259341,6989.85496195634,385.3528593710531,140.20901825787254,0.0,0.0003500943900706,0.3948975321762198,0.1210087669130506,57.15,8.482580995091845e-09,1.148107523565492e-09,936.9236365421148,1.188660320550674,0.0002194562441678,0.00148,6.65847e-07,0.0154111111111111,0.0157,6.76e-06,0.0805555555555555,0.023,9e-06,0.0031111111111111,0.0401799999999999,0.0990777777777777,10000000.0,7.317205109127909e-10,28.0,4.0,,0.09367384973017596,3.5157634513548226,0.023321082106984567,0.14003491553299335,0.1905334913163506,266.7720751380407,1.0
910.0,0.007,0.009,450000.0,0.000127,1.0,35.0,325.0,0.0022749243525969,8154.830788949064,319.92671377973846,125.41487040599142,0.0,0.0002684178833621,0.2077393769830248,0.0989482897010739,57.15,6.622871959522071e-09,1.0041389938991467e-09,1004.5494196537428,1.3818113916295287,0.000146717163976,0.00148,6.65847e-07,0.0154111111111111,0.0157,6.76e-06,0.0805555555555555,0.023,9e-06,0.0031111111111111,0.0401799999999999,0.0990777777777777,10000000.0,4.563515040977692e-10,28.0,4.0,,0.05842148960081441,3.580093738551314,0.01517800777831471,0.010189597681136482,0.1328423563361985,20.795063080622317,1.0
912.0,0.007,0.009,450000.0,0.000127,1.0,35.0,375.0,0.0032597451055955,8154.830788949064,351.11917342151344,138.23092545838244,0.0,0.0002958473130548,0.2873647686868263,0.1417832653169004,57.15,1.0134306211191138e-08,1.2636858652038815e-09,863.2824683213292,1.0331887321174769,0.0002360350473038,0.00148,6.65847e-07,0.0154111111111111,0.0157,6.76e-06,0.0805555555555555,0.023,9e-06,0.0031111111111111,0.0401799999999999,0.0990777777777777,10000000.0,8.00682550876541e-10,28.0,4.0,,0.10250227489020357,3.500484847286407,0.025255082621973804,0.002899228479722335,0.20312476155357784,5.437232733579634,1.0
919.0,0.007,0.009,500000.0,0.000127,1.0,25.0,350.0,0.0011195704606652,5242.391221467256,319.92671377973846,114.9594179320863,0.0,0.0003827299917783,0.1750092585483296,0.0486959411007255,63.5,3.053956921330426e-09,5.34999252451687e-10,1281.206,2.984719027081134,8.096319851630617e-05,0.00148,6.65847e-07,0.0154111111111111,0.0157,6.76e-06,0.0805555555555555,0.023,9e-06,0.0031111111111111,0.0401799999999999,0.0990777777777777,10000000.0,6.080182575690827e-10,27.0,3.0,,0.07505774165961289,3.585355394988248,0.0145119753179433,0.011075575787991107,0.12775778556111655,22.735712217891304,1.0
920.0,0.007,0.009,500000.0,0.000127,1.0,25.0,375.0,0.0013290800040987,5242.391221467256,351.11917342151344,135.25854829460303,0.0,0.0004503111098503,0.3066066619035552,0.0578086005942737,63.5,3.4729760081973993e-09,5.757499061972177e-10,1281.206,2.942368767971489,9.83507600414857e-05,0.00148,6.65847e-07,0.0154111111111111,0.0157,6.76e-06,0.0805555555555555,0.023,9e-06,0.0031111111111111,0.0401799999999999,0.0990777777777777,10000000.0,6.837115446453719e-10,30.0,3.0,,0.09377979443662146,3.5528627967248143,0.018624962439896912,0.11483826687265994,0.15823728832015865,227.50003175040905,1.0
921.0,0.007,0.009,500000.0,0.000127,1.0,25.0,400.0,0.0015556069209012,5242.391221467256,385.3528593710531,138.1963547852079,0.0,0.0004600918365991,0.4268881321898679,0.0676614341459833,63.5,3.926029841802467e-09,6.198105241498942e-10,1281.206,2.8965786170090246,0.0001193643864964,0.00148,6.65847e-07,0.0154111111111111,0.0157,6.76e-06,0.0805555555555555,0.023,9e-06,0.0031111111111111,0.0401799999999999,0.0990777777777777,10000000.0,8.630857781909858e-10,30.0,3.0,,0.11838326775936499,3.51767507505427,0.023079104423510147,0.20066343028451944,0.18893003822315002,383.0290365999343,1.0
922.0,0.007,0.009,500000.0,0.000127,1.0,30.0,300.0,0.0010859351127519,6290.869465760706,291.5053062825179,119.77824749261258,0.0,0.0003323109472216,0.1770390416560588,0.0472329649161688,63.5,2.9866862255039104e-09,5.284570091058191e-10,1281.206,2.99151807630832,7.310647665152686e-05,0.00148,6.65847e-07,0.0154111111111111,0.0157,6.76e-06,0.0805555555555555,0.023,9e-06,0.0031111111111111,0.0401799999999999,0.0990777777777777,10000000.0,5.392468092787457e-10,27.0,3.0,,0.06656814527813076,3.597559191529367,0.012967190945649791,0.023057931461759135,0.11573202343121794,47.98542989903804,1.0
923.0,0.007,0.009,500000.0,0.000127,1.0,30.0,325.0,0.0013430182714619,6290.869465760706,319.92671377973846,123.78481399765926,0.0,0.0003434267043667,0.1942090296462624,0.0584148483208914,63.5,3.500852542923884e-09,5.784609688907052e-10,1281.206,2.939551286606683,9.093045380429674e-05,0.00148,6.65847e-07,0.0154111111111111,0.0157,6.76e-06,0.0805555555555555,0.023,9e-06,0.0031111111111111,0.0401799999999999,0.0990777777777777,100000000.0,1.0601797569198696e-10,24.0,4.0,,0.011633378485236106,3.5508691909394736,0.018877317602598327,0.0839808028401348,0.1600381699639481,166.01400305383268,1.0
924.0,0.007,0.009,500000.0,0.000127,1.0,30.0,350.0,0.0016226763431787,6290.869465760706,319.92671377973846,120.35524072549715,0.0,0.000333911748467,0.2010195209413531,0.0705786320818271,63.5,4.105521372714882e-09,6.453195513366699e-10,1267.6001940927677,2.8081756656941685,0.0001045827541843,0.00148,6.65847e-07,0.0154111111111111,0.0157,6.76e-06,0.0805555555555555,0.023,9e-06,0.0031111111111111,0.0401799999999999,0.0990777777777777,10000000.0,4.361213162448532e-10,28.0,4.0,,0.05583164887790876,3.5991677819631174,0.012763571903402954,0.034429239981617246,0.11412211976864814,71.78049388799438,1.0
925.0,0.007,0.009,500000.0,0.000127,1.0,30.0,375.0,0.0019258027774105,6290.869465760706,351.11917342151344,136.84986681254898,0.0,0.0003796741880902,0.3282759224968152,0.0837631769640292,63.5,5.3180271096423745e-09,8.708877529795417e-10,1085.724333553644,1.7464025794528169,0.0001460945480422,0.00148,6.65847e-07,0.0154111111111111,0.0157,6.76e-06,0.0805555555555555,0.023,9e-06,0.0031111111111111,0.0401799999999999,0.0990777777777777,10000000.0,6.496194131245988e-10,28.0,4.0,,0.08316338052479627,3.5547270426782087,0.018388981939467242,0.12116936500798972,0.1565462602674279,240.52446021242628,1.0
926.0,0.007,0.009,500000.0,0.000127,1.0,30.0,400.0,0.0022535153580066,6290.869465760706,385.3528593710531,140.20901825787263,0.0,0.0003889937667452,0.3915304352778379,0.098017101199571,63.5,6.5443723126910675e-09,9.98061979421382e-10,1007.4039522657796,1.3899644363127124,0.000192718375589,0.00148,6.65847e-07,0.0154111111111111,0.0157,6.76e-06,0.0805555555555555,0.023,9e-06,0.0031111111111111,0.0401799999999999,0.0990777777777777,10000000.0,9.330556624813687e-10,28.0,4.0,,0.11944849790822186,3.500039689833148,0.025311431666690094,0.13388483617004493,0.20348575073137762,250.97478426032282,1.0
927.0,0.007,0.009,500000.0,0.000127,1.0,35.0,300.0,0.0014907291483731,7339.347710054157,291.5053062825179,120.64272202394496,0.0,0.0002868937133202,0.1575091031347277,0.0648395624543198,63.5,3.796274296746298e-09,6.07191473004319e-10,1281.206,2.909693009947852,8.955484482597569e-05,0.00148,6.65847e-07,0.0154111111111111,0.0157,6.76e-06,0.0805555555555555,0.023,9e-06,0.0031111111111111,0.0401799999999999,0.0990777777777777,100000000.0,1.0137104597690464e-10,24.0,4.0,,0.011123469747430156,3.5563638096025354,0.01818179625284371,0.04136607093297774,0.15505596368698799,82.25785224848588,1.0
928.0,0.007,0.009,500000.0,0.000127,1.0,35.0,325.0,0.0018426887256035,7339.347710054157,319.92671377973846,125.41487040599128,0.0,0.0002982420926246,0.2215348986913924,0.0801481146578698,63.5,4.985570902414042e-09,8.090393455818705e-10,1135.5927646378937,2.0375294932795587,0.0001257949180194,0.00148,6.65847e-07,0.0154111111111111,0.0157,6.76e-06,0.0805555555555555,0.023,9e-06,0.0031111111111111,0.0401799999999999,0.0990777777777777,10000000.0,5.414706425288811e-10,28.0,4.0,,0.06931832420315662,3.5768687117497855,0.015586239019014519,0.03188845983036598,0.13592964431584914,64.84668777475095,1.0
930.0,0.007,0.009,500000.0,0.000127,1.0,35.0,375.0,0.0026403935355324,7339.347710054157,351.11917342151344,138.23092545838244,0.0,0.0003287192367276,0.3067553418867023,0.1148444449066893,63.5,7.96292563028551e-09,1.1078786397059934e-09,955.8201952623452,1.2426321991534282,0.0002103637601696,0.00148,6.65847e-07,0.0154111111111111,0.0157,6.76e-06,0.0805555555555555,0.023,9e-06,0.0031111111111111,0.0401799999999999,0.0990777777777777,10000000.0,8.973438915702423e-10,32.0,4.0,,0.13128768719221776,3.466015721584282,0.029618263090597254,0.02044320978779504,0.2301412140633728,37.039516114975626,1.0
937.0,0.007,0.009,550000.0,0.000127,1.0,25.0,375.0,0.0010984132265278,4765.810201333868,351.11917342151344,135.25854829460306,0.0,0.0004953422208353,0.2964767428515045,0.0477757029704741,69.85,3.011642453055698e-09,5.308840646257994e-10,1281.206,2.9889957503896607,9.576043620925144e-05,0.00148,6.65847e-07,0.0154111111111111,0.0157,6.76e-06,0.0805555555555555,0.023,9e-06,0.0031111111111111,0.0401799999999999,0.0990777777777777,10000000.0,8.529935613303913e-10,33.0,3.0,,0.128698890065837,3.5111347091316776,0.023906998844091455,0.0798221498151934,0.19438990337475892,151.3399093054943,1.0
938.0,0.007,0.009,550000.0,0.000127,1.0,25.0,400.0,0.0012856255544638,4765.810201333868,385.3528593710531,138.19635478520811,0.0,0.000506101020259,0.444337938066023,0.0559185406165151,69.85,3.3860671089276594e-09,5.672977984709873e-10,1281.206,2.9511526504206818,0.0001153318281802,0.00148,6.65847e-07,0.0154111111111111,0.0157,6.76e-06,0.0805555555555555,0.023,9e-06,0.0031111111111111,0.0401799999999999,0.0990777777777777,10000000.0,1.0840774135928876e-09,33.0,3.0,,0.163564610801098,3.4654380050632527,0.02969139176414521,0.18467478664840983,0.23057842082672353,334.40835297091286,1.0
940.0,0.007,0.009,550000.0,0.000127,1.0,30.0,350.0,0.0013410548290733,5718.972241600641,319.92671377973846,120.35524072549714,0.0,0.0003673029233137,0.1843491684473681,0.0583294480015099,69.85,3.496925658146644e-09,5.780790695289063e-10,1281.206,2.939948176851119,9.992714960428208e-05,0.00148,6.65847e-07,0.0154111111111111,0.0157,6.76e-06,0.0805555555555555,0.023,9e-06,0.0031111111111111,0.0401799999999999,0.0990777777777777,10000000.0,4.871326541970069e-10,32.0,4.0,,0.07127091422377524,3.577123686690803,0.015553963710024932,0.014568806222082967,0.13568635971285448,29.634696397852593,1.0
941.0,0.007,0.009,550000.0,0.000127,1.0,30.0,375.0,0.0015915725433145,5718.972241600641,351.11917342151344,136.84986681254895,0.0,0.0004176416068993,0.3499052590603062,0.0692257660859745,69.85,3.997961086629079e-09,6.268060175373946e-10,1281.206,2.8893085260944,0.0001223281255352,0.00148,6.65847e-07,0.0154111111111111,0.0157,6.76e-06,0.0805555555555555,0.023,9e-06,0.0031111111111111,0.0401799999999999,0.0990777777777777,10000000.0,6.194148040006461e-10,32.0,4.0,,0.09062471789668387,3.5467577657385396,0.01939775117233676,0.14987477507764774,0.16372791363948597,294.97234021671954,1.0
942.0,0.007,0.009,550000.0,0.000127,1.0,30.0,400.0,0.0018624093867823,5718.972241600641,385.3528593710531,140.20901825787232,0.0,0.0004278931434197,0.3822025103731234,0.0810058687599759,69.85,5.064453547129423e-09,8.237142586708351e-10,1123.7603679305864,1.9684531445419704,0.0001674603500732,0.00148,6.65847e-07,0.0154111111111111,0.0157,6.76e-06,0.0805555555555555,0.023,9e-06,0.0031111111111111,0.0401799999999999,0.0990777777777777,10000000.0,9.259096096102427e-10,32.0,4.0,,0.1354670515247637,3.480692694161712,0.027760418460542773,0.12554959008838382,0.21886481583499348,230.8057624750501,1.0
944.0,0.007,0.009,550000.0,0.000127,1.0,35.0,325.0,0.0015228832443004,6672.134281867415,319.92671377973846,125.41487040599132,0.0,0.0003280663018871,0.2162235432711655,0.0662381112874957,69.85,3.860582488600844e-09,6.134456054326536e-10,1281.206,2.903193380997113,0.000108850350361,0.00148,6.65847e-07,0.0154111111111111,0.0157,6.76e-06,0.0805555555555555,0.023,9e-06,0.0031111111111111,0.0401799999999999,0.0990777777777777,10000000.0,5.385197361833246e-10,32.0,4.0,,0.07878920371002227,3.5651873428825676,0.017064893306004192,0.031016228273647528,0.14693043604700706,62.26995906812128,1.0
946.0,0.007,0.009,550000.0,0.000127,1.0,35.0,375.0,0.0021821434177953,6672.134281867415,351.11917342151344,138.23092545838242,0.0,0.0003615911604003,0.3095373515593804,0.0949127643856935,69.85,6.282675198583058e-09,9.778028162859444e-10,1016.920210960616,1.4171445364904374,0.0001869845922706,0.00148,6.65847e-07,0.0154111111111111,0.0157,6.76e-06,0.0805555555555555,0.023,9e-06,0.0031111111111111,0.0401799999999999,0.0990777777777777,10000000.0,1.0809951333176973e-09,32.0,4.0,,0.15815714828233635,3.4493639524581123,0.03172608196732761,0.016287438891350453,0.24254698622159582,29.034452818983926,1.0
953.0,0.007,0.009,600000.0,0.000127,1.0,25.0,400.0,0.0010802825839591,4368.659351222713,385.3528593710531,138.196354785208,0.0,0.0005521102039189,0.4691932951707441,0.0469871070458217,76.2,2.9753811679183807e-09,5.273575639929824e-10,1281.206,2.9926606784784893,0.0001125689707088,0.00148,6.65847e-07,0.0154111111111111,0.0157,6.76e-06,0.0805555555555555,0.023,9e-06,0.0031111111111111,0.0401799999999999,0.0990777777777777,10000000.0,6.780798365799838e-10,36.0,4.0,,0.11160880026223063,3.5206070447116673,0.022707969023839533,0.27041738786269165,0.18645834689366117,517.7493418414136,1.0
954.0,0.007,0.009,600000.0,0.000127,1.0,30.0,350.0,0.0011268585716518,5242.391221467255,319.92671377973846,120.35524072549713,0.0,0.0004006940981604,0.1911611734440535,0.0490129389457132,76.2,3.0685331433037787e-09,5.364168264791504e-10,1281.206,2.9832458083262874,9.754591795320785e-05,0.00148,6.65847e-07,0.0154111111111111,0.0157,6.76e-06,0.0805555555555555,0.023,9e-06,0.0031111111111111,0.0401799999999999,0.0990777777777777,10000000.0,5.699054214949309e-10,36.0,4.0,,0.09380379259881934,3.546936642937147,0.019375108488968742,0.008164441899520855,0.16356805730624024,16.0717164341104,1.0
955.0,0.007,0.009,600000.0,0.000127,1.0,30.0,375.0,0.0013373630398684,5242.391221467255,351.11917342151344,136.84986681254895,0.0,0.0004556090257083,0.3387834473465113,0.0581688728916869,76.2,3.4895420797369356e-09,5.77360998069616e-10,1281.206,2.940694435120988,0.000118507705146,0.00148,6.65847e-07,0.0154111111111111,0.0157,6.76e-06,0.0805555555555555,0.023,9e-06,0.0031111111111111,0.0401799999999999,0.0990777777777777,10000000.0,7.229632134000671e-10,36.0,4.0,,0.11899639618879998,3.5099121917496423,0.02406174787979212,0.12143817826602432,0.19540231092576862,229.95304935975452,1.0
956.0,0.007,0.009,600000.0,0.000127,1.0,30.0,400.0,0.0015649412208379,5242.391221467255,385.3528593710531,140.20901825787251,0.0,0.0004667925200942,0.3714376438261936,0.0680674313885909,76.2,3.944698441675906e-09,6.216260921590861e-10,1281.206,2.8946917816198163,0.0001438396186258,0.00148,6.65847e-07,0.0154111111111111,0.0157,6.76e-06,0.0805555555555555,0.023,9e-06,0.0031111111111111,0.0401799999999999,0.0990777777777777,10000000.0,9.305869995278594e-10,36.0,4.0,,0.15317030968031475,3.462108175875773,0.030112889129649077,0.11001990275728796,0.23308873504946648,198.57360595594253,1.0
957.0,0.007,0.009,600000.0,0.000127,1.0,35.0,300.0,0.0010352285752591,6116.123091711797,291.5053062825179,120.64272202394496,0.0,0.0003442724559843,0.1671709993450578,0.0450274739266109,76.2,2.8852731505182622e-09,5.18594334030777e-10,1281.206,3.0017678957971192,8.525584230058792e-05,0.00148,6.65847e-07,0.0154111111111111,0.0157,6.76e-06,0.0805555555555555,0.023,9e-06,0.0031111111111111,0.0401799999999999,0.0990777777777777,10000000.0,4.865086182345386e-10,36.0,4.0,,0.0800770650728346,3.5677876075935315,0.016735745874236492,0.0018864603456121981,0.14450597258850806,3.798129873692838,1.0
958.0,0.007,0.009,600000.0,0.000127,1.0,35.0,325.0,0.0012796449483357,6116.123091711797,319.92671377973846,125.41487040599137,0.0,0.0003578905111495,0.2179031212216308,0.055658412956854,76.2,3.374105896671544e-09,5.661345406760494e-10,1281.206,2.9523615701434074,0.0001057240708621,0.00148,6.65847e-07,0.0154111111111111,0.0157,6.76e-06,0.0805555555555555,0.023,9e-06,0.0031111111111111,0.0401799999999999,0.0990777777777777,10000000.0,6.278822152645532e-10,36.0,4.0,,0.10334650430709624,3.5327265059864508,0.021173860001715096,0.01871820395768045,0.17607959768948775,36.29565021078634,1.0
968.0,0.007,0.0095,400000.0,0.000127,1.0,20.0,350.0,0.0014483952070554,5242.391221467255,319.92671377973846,109.47581046166798,0.0,0.0003644736272297,0.2144896149159431,0.0629982392099184,50.8,3.711606414110912e-09,5.989573097483215e-10,1281.206,2.91825039284581,7.650525834518798e-05,0.00148,6.65847e-07,0.0154111111111111,0.0157,6.76e-06,0.0805555555555555,0.023,9e-06,0.0031111111111111,0.0401799999999999,0.0990777777777777,10000000.0,7.510099164993381e-10,22.0,2.0,,0.022044640214995106,3.5894314784186285,0.013996015390046973,0.0892667354910295,0.12377771186356168,184.08105611631728,1.0
969.0,0.007,0.0095,400000.0,0.000127,1.0,20.0,375.0,0.0017081381145196,5242.391221467255,351.11917342151344,132.53077490115157,0.0,0.000441229638256,0.342714246548083,0.0742958089186568,50.8,4.447368458078758e-09,7.089149884005672e-10,1216.3231312881862,2.508825300747303,9.845496326416456e-05,0.00148,6.65847e-07,0.0154111111111111,0.0157,6.76e-06,0.0805555555555555,0.023,9e-06,0.0031111111111111,0.0401799999999999,0.0990777777777777,10000000.0,1.0131318967120691e-09,22.0,2.0,,0.029738792608037197,3.553565362063642,0.018536030118526305,0.198499645021389,0.157600799175458,393.53451585487954,1.0
970.0,0.007,0.0095,400000.0,0.000127,1.0,20.0,400.0,0.0019890616808657,5242.391221467255,385.3528593710531,132.49898742095732,0.0,0.0004411238094144,0.4888045738551587,0.0865146356215899,50.8,5.5710627234628185e-09,9.179611701377243e-10,1047.7689914805774,1.5248230879644622,0.0001335439689821,0.00148,6.65847e-07,0.0154111111111111,0.0157,6.76e-06,0.0805555555555555,0.023,9e-06,0.0031111111111111,0.0401799999999999,0.0990777777777777,1000000.0,3.2658392689382986e-09,24.0,4.0,,0.3583613442864253,3.6183485654174157,0.010335624630706901,0.003748593947143497,0.09446397244936981,7.988758302914476,1.0
971.0,0.007,0.0095,400000.0,0.000127,1.0,25.0,300.0,0.0015545487989225,6552.989026834069,291.5053062825179,120.82909601483864,0.0,0.0003218173491564,0.1919961144580602,0.0676154109188965,50.8,3.923913597845119e-09,6.196047141344322e-10,1281.206,2.8967925057857937,7.371885020009507e-05,0.00148,6.65847e-07,0.0154111111111111,0.0157,6.76e-06,0.0805555555555555,0.023,9e-06,0.0031111111111111,0.0401799999999999,0.0990777777777777,10000000.0,7.196040714202931e-10,22.0,2.0,,0.02112277415143823,3.593818490699458,0.013440697379815446,0.06307792938772537,0.11945324855309702,130.71788017461762,1.0
972.0,0.007,0.0095,400000.0,0.000127,1.0,25.0,325.0,0.0019000357699472,6552.989026834069,319.92671377973846,121.90839331405915,0.0,0.00032469195972,0.2383156550749064,0.0826424358210106,50.8,5.214959079789094e-09,8.517135178127942e-10,1101.1845380316358,1.8366577071748864,0.000105056489099,0.00148,6.65847e-07,0.0154111111111111,0.0157,6.76e-06,0.0805555555555555,0.023,9e-06,0.0031111111111111,0.0401799999999999,0.0990777777777777,10000000.0,4.3228818645060797e-10,24.0,3.0,,0.04743508876538883,3.611678890999518,0.011179887215250924,0.06805813048850687,0.10139782314415788,143.930432371832,1.0
973.0,0.007,0.0095,400000.0,0.000127,1.0,25.0,350.0,0.0022759714726333,6552.989026834069,319.92671377973846,116.6771161954782,0.0,0.00031075892711,0.2103893376509098,0.0989938343964821,50.8,6.626711399655619e-09,1.0044362224118852e-09,1004.4098036488866,1.3814126238868585,0.0001304825060574,0.00148,6.65847e-07,0.0154111111111111,0.0157,6.76e-06,0.0805555555555555,0.023,9e-06,0.0031111111111111,0.0401799999999999,0.0990777777777777,10000000.0,5.498911949406681e-10,24.0,3.0,,0.06033969574205939,3.589158681523251,0.01403054664262647,0.010875807512368309,0.12404521695925179,22.420657761368094,1.0
974.0,0.007,0.0095,400000.0,0.000127,1.0,25.0,375.0,0.0026835775796467,6552.989026834069,351.11917342151344,134.30221020611705,0.0,0.0003577017680334,0.3838437624357265,0.1167227435422532,50.8,8.121267125371576e-09,1.120136574574674e-09,950.0623227137608,1.2261867075269757,0.0001713348892861,0.00148,6.65847e-07,0.0154111111111111,0.0157,6.76e-06,0.0805555555555555,0.023,9e-06,0.0031111111111111,0.0401799999999999,0.0990777777777777,10000000.0,7.522253716515585e-10,24.0,3.0,,0.08254187459722816,3.551795309347817,0.01876008742432698,0.14439914429624512,0.15920253979611226,285.7334989209251,1.0
975.0,0.007,0.0095,400000.0,0.000127,1.0,25.0,400.0,0.0031243785612114,6552.989026834069,385.3528593710531,135.4787991404889,0.0,0.0003608355060518,0.4166969432419483,0.1358954703956031,50.8,9.737537391108552e-09,1.2452594025283995e-09,891.2888585051436,1.0583194083909282,0.0002215481602594,0.00148,6.65847e-07,0.0154111111111111,0.0157,6.76e-06,0.0805555555555555,0.023,9e-06,0.0031111111111111,0.0401799999999999,0.0990777777777777,10000000.0,5.797324447792691e-10,24.0,4.0,,0.0636141834086936,3.5612498427669124,0.017563311042163,0.1770072894376515,0.1505756780895243,353.8514604224649,1.0
976.0,0.007,0.0095,400000.0,0.000127,1.0,30.0,300.0,0.002255497257523,7863.586832200882,291.5053062825179,121.61519832186217,0.0,0.00026992588452,0.2058510824040704,0.098103304315417,50.8,6.551639277584561e-09,9.986245482054464e-10,1007.1396989969252,1.3892096827325422,0.0001182457037695,0.00148,6.65847e-07,0.0154111111111111,0.0157,6.76e-06,0.0805555555555555,0.023,9e-06,0.0031111111111111,0.0401799999999999,0.0990777777777777,10000000.0,4.92556800443586e-10,24.0,3.0,,0.05404837856633625,3.600061857727356,0.01265039775603095,0.013519399522317052,0.11322477696955657,28.214743155685106,1.0
977.0,0.007,0.0095,400000.0,0.000127,1.0,30.0,325.0,0.002755736742123,7863.586832200882,319.92671377973846,124.00203653128207,0.0,0.0002752234906069,0.2280773088289421,0.1198613207459914,50.8,8.385850721117931e-09,1.1406191933741072e-09,940.4411010502572,1.198706814742218,0.0001612934431877,0.00148,6.65847e-07,0.0154111111111111,0.0157,6.76e-06,0.0805555555555555,0.023,9e-06,0.0031111111111111,0.0401799999999999,0.0990777777777777,10000000.0,4.0259972159159784e-10,24.0,4.0,,0.044177366232052435,3.6006745100038047,0.012572846834961378,0.02385862185089816,0.11260883562962931,49.827098986688576,1.0
978.0,0.007,0.0095,400000.0,0.000127,1.0,30.0,350.0,0.0032999976308811,7863.586832200882,319.92671377973846,121.55069694142578,0.0,0.0002697827232013,0.2445221664103691,0.1435340569547017,50.8,1.0214811261762298e-08,1.2616384205052303e-09,851.2067107356555,1.03565982122725,0.0001929886110974,0.00148,6.65847e-07,0.0154111111111111,0.0157,6.76e-06,0.0805555555555555,0.023,9e-06,0.0031111111111111,0.0401799999999999,0.0990777777777777,10000000.0,4.935749977141074e-10,24.0,4.0,,0.054160105602655294,3.580127241908264,0.01517376684705514,0.006648003853012105,0.13281016809778068,13.567836079953388,1.0
979.0,0.007,0.0095,400000.0,0.000127,1.0,30.0,375.0,0.0038900380348424,7863.586832200882,351.11917342151344,135.69324781430907,0.0,0.0003011722255531,0.3519358064783914,0.1691979823330796,50.8,1.1394892069684912e-08,1.2316260153577382e-09,674.194589547263,1.0718822049463002,0.0002317187845454,0.00148,6.65847e-07,0.0154111111111111,0.0157,6.76e-06,0.0805555555555555,0.023,9e-06,0.0031111111111111,0.0401799999999999,0.0990777777777777,10000000.0,6.114541203708822e-10,24.0,4.0,,0.06709501065458678,3.5544370515750465,0.018425689674044766,0.07546281349072492,0.1568097527130378,149.74892597474974,1.0
980.0,0.007,0.0095,400000.0,0.000127,1.0,30.0,400.0,0.0045280543664481,7863.586832200882,385.3528593710531,137.56708642974564,0.0,0.000305331225026,0.4732764497955886,0.196948630279534,50.8,1.267092473289623e-08,1.1991733146506168e-09,482.7896900655657,1.111049814871461,0.0002780625244432,0.00148,6.65847e-07,0.0154111111111111,0.0157,6.76e-06,0.0805555555555555,0.023,9e-06,0.0031111111111111,0.0401799999999999,0.0990777777777777,10000000.0,7.636893182021823e-10,24.0,4.0,,0.08379981626502032,3.5227263698033973,0.022439700024886423,0.15234800325103426,0.18466232537616462,292.33406489967945,1.0
985.0,0.007,0.0095,400000.0,0.000127,1.0,35.0,400.0,0.0062096805448554,9174.184637567696,385.3528593710531,139.27622858575234,0.0,0.0002649640109299,0.4844464058689662,0.2700912972345947,50.8,1.8453538179421602e-08,1.2892987400460174e-09,319.93497729926264,1.0853762910667022,0.0003930484595962,0.00148,6.65847e-07,0.0154111111111111,0.0157,6.76e-06,0.0805555555555555,0.023,9e-06,0.0031111111111111,0.0401799999999999,0.0990777777777777,10000000.0,1.2116970533936126e-09,24.0,4.0,,0.13295981497068565,3.4379487463507625,0.03317104476572633,0.04121529366368584,0.25082298751517823,72.66880027857721,1.0
988.0,0.007,0.0095,450000.0,0.000127,1.0,20.0,350.0,0.0011444110277969,4659.903307970893,319.92671377973846,109.47581046166798,0.0,0.0004100328306334,0.2122885969118846,0.0497763865362318,57.15,3.103638055593806e-09,5.398308669616365e-10,1281.206,2.9796977548411343,7.386403885093844e-05,0.00148,6.65847e-07,0.0154111111111111,0.0157,6.76e-06,0.0805555555555555,0.023,9e-06,0.0031111111111111,0.0401799999999999,0.0990777777777777,10000000.0,4.3636083343527385e-10,24.0,3.0,,0.04788198131828026,3.6218855621916304,0.009887903520046818,0.07445022905737245,0.09074328175878829,159.31538060752888,1.0
989.0,0.007,0.0095,450000.0,0.000127,1.0,20.0,375.0,0.0013496399917192,4659.903307970893,351.11917342151344,132.53077490115166,0.0,0.000496383343038,0.3313442385683131,0.0587028613678275,57.15,3.5140959834385203e-09,5.797489265893544e-10,1281.206,2.938212772073869,8.942191917200771e-05,0.00148,6.65847e-07,0.0154111111111111,0.0157,6.76e-06,0.0805555555555555,0.023,9e-06,0.0031111111111111,0.0401799999999999,0.0990777777777777,10000000.0,4.745593574917866e-10,27.0,3.0,,0.058582704077308624,3.599897145808233,0.012671247366046488,0.17387867312317687,0.11339022733968579,362.81395239574135,1.0
990.0,0.007,0.0095,450000.0,0.000127,1.0,20.0,400.0,0.0015716042910543,4659.903307970893,385.3528593710531,132.49898742095743,0.0,0.0004962642855912,0.5011939748295124,0.0683572429602686,57.15,3.958024582108768e-09,6.22922092631533e-10,1281.206,2.8933449086062666,0.0001082021980734,0.00148,6.65847e-07,0.0154111111111111,0.0157,6.76e-06,0.0805555555555555,0.023,9e-06,0.0031111111111111,0.0401799999999999,0.0990777777777777,10000000.0,5.880504816426975e-10,27.0,3.0,,0.07259278908895857,3.5774862164398127,0.015508073868378209,0.32006394278028527,0.13534021561638818,651.3091203786008,1.0
991.0,0.007,0.0095,450000.0,0.000127,1.0,25.0,300.0,0.0012282854707536,5824.879134963618,291.5053062825179,120.82909601483856,0.0,0.000362044517801,0.2004704313654733,0.0534245222075231,57.15,3.271386941507254e-09,5.56144865488934e-10,1281.206,2.962743374941862,7.100104284753583e-05,0.00148,6.65847e-07,0.0154111111111111,0.0157,6.76e-06,0.0805555555555555,0.023,9e-06,0.0031111111111111,0.0401799999999999,0.0990777777777777,10000000.0,4.1742060553270555e-10,24.0,3.0,,0.04580366546335999,3.6251121769714225,0.009479471269440237,0.06106224369459012,0.08732232395937979,131.15816579635344,1.0
992.0,0.007,0.0095,450000.0,0.000127,1.0,25.0,325.0,0.0015012628305756,5824.879134963618,319.92671377973846,121.90839331405908,0.0,0.000365278454685,0.2447020010859103,0.0652977270684528,57.15,3.8173416611512476e-09,6.092403268611117e-10,1281.206,2.907563731427444,8.819122590333224e-05,0.00148,6.65847e-07,0.0154111111111111,0.0157,6.76e-06,0.0805555555555555,0.023,9e-06,0.0031111111111111,0.0401799999999999,0.0990777777777777,10000000.0,4.673177794914977e-10,27.0,3.0,,0.057688756430198926,3.601346126758977,0.012487832055825702,0.08153551758725848,0.1119326293689508,170.41110576333978,1.0
993.0,0.007,0.0095,450000.0,0.000127,1.0,25.0,350.0,0.0017982984475127,5824.879134963618,319.92671377973846,116.67711619547836,0.0,0.0003496037929988,0.2190380788993335,0.0782173506342574,57.15,4.808009790051078e-09,7.760068084337045e-10,1162.2269314923385,2.193017095959121,0.0001093649310766,0.00148,6.65847e-07,0.0154111111111111,0.0157,6.76e-06,0.0805555555555555,0.023,9e-06,0.0031111111111111,0.0401799999999999,0.0990777777777777,10000000.0,5.952692609498057e-10,27.0,3.0,,0.07348392231659709,3.5760794051416447,0.01568615124789314,0.02715680594847901,0.13668189457320168,55.17656835833363,1.0
994.0,0.007,0.0095,450000.0,0.000127,1.0,25.0,375.0,0.0021203575937949,5824.879134963618,351.11917342151344,134.3022102061171,0.0,0.0004024144890376,0.3448625033830956,0.0922253776136322,57.15,6.056127177248329e-09,9.602647041906895e-10,1025.1583208273337,1.4406740199390091,0.0001480874684381,0.00148,6.65847e-07,0.0154111111111111,0.0157,6.76e-06,0.0805555555555555,0.023,9e-06,0.0031111111111111,0.0401799999999999,0.0990777777777777,10000000.0,8.502280378114315e-10,27.0,3.0,,0.10495769760097909,3.5277679287930965,0.02180152800087389,0.1074994281684842,0.18035781940041754,207.3650700126457,1.0
995.0,0.007,0.0095,450000.0,0.000127,1.0,25.0,400.0,0.0024686447891053,5824.879134963618,385.3528593710531,135.4787991404893,0.0,0.0004059399443082,0.416480937078643,0.1073741988310939,57.15,7.333180226719528e-09,1.0591271855368435e-09,978.72002811929,1.3080381292636123,0.0001921723838435,0.00148,6.65847e-07,0.0154111111111111,0.0157,6.76e-06,0.0805555555555555,0.023,9e-06,0.0031111111111111,0.0401799999999999,0.0990777777777777,10000000.0,6.235815604239503e-10,28.0,4.0,,0.07983005056506291,3.5403754374965737,0.020205640823218546,0.18909668768248605,0.16939186569431364,369.64535234203805,1.0
996.0,0.007,0.0095,450000.0,0.000127,1.0,30.0,300.0,0.0017821212898947,6989.85496195634,291.5053062825179,121.61519832186217,0.0,0.0003036666200851,0.2135779210348764,0.0775137219282307,57.15,4.743301159579061e-09,7.639687545410003e-10,1171.9332260631409,2.24968147303401,9.89947181865207e-05,0.00148,6.65847e-07,0.0154111111111111,0.0157,6.76e-06,0.0805555555555555,0.023,9e-06,0.0031111111111111,0.0401799999999999,0.0990777777777777,10000000.0,5.316933544902838e-10,27.0,3.0,,0.06563569752497175,3.5885455064536105,0.014108163740049338,0.030248501581673942,0.12464590169820049,62.31502647242669,1.0
997.0,0.007,0.0095,450000.0,0.000127,1.0,30.0,325.0,0.0021773722406898,6989.85496195634,319.92671377973846,124.00203653128212,0.0,0.0003096264269328,0.2192452279258163,0.0947052410832525,57.15,6.2651808825293995e-09,9.764485017606122e-10,1017.556367908022,1.4189615120596943,0.000139668915249,0.00148,6.65847e-07,0.0154111111111111,0.0157,6.76e-06,0.0805555555555555,0.023,9e-06,0.0031111111111111,0.0401799999999999,0.0990777777777777,10000000.0,4.3171185362772757e-10,28.0,4.0,,0.055267155560546094,3.5861240857555354,0.014414672689172698,0.0290928312820177,0.127009969648777,59.77236240506764,1.0
998.0,0.007,0.0095,450000.0,0.000127,1.0,30.0,350.0,0.002607405535511,6989.85496195634,319.92671377973846,121.55069694142578,0.0,0.0003035055636015,0.2427014342588964,0.1134096252481594,57.15,7.841969630207119e-09,1.098514885939925e-09,960.2185952651956,1.2551947992815695,0.0001707387343241,0.00148,6.65847e-07,0.0154111111111111,0.0157,6.76e-06,0.0805555555555555,0.023,9e-06,0.0031111111111111,0.0401799999999999,0.0990777777777777,10000000.0,5.428532893689492e-10,28.0,4.0,,0.06949532874299777,3.5592902223436975,0.017811364260291472,0.019616480267739225,0.15237826157104103,39.13166442486257,1.0
999.0,0.007,0.0095,450000.0,0.000127,1.0,30.0,375.0,0.0030736102991347,6989.85496195634,351.11917342151344,135.69324781430913,0.0,0.0003388187537472,0.3446916098943223,0.1336872946829272,57.15,9.551387096827536e-09,1.230848662110405e-09,898.0579601153623,1.0776531471824948,0.0002236779878341,0.00148,6.65847e-07,0.0154111111111111,0.0157,6.76e-06,0.0805555555555555,0.023,9e-06,0.0031111111111111,0.0401799999999999,0.0990777777777777,10000000.0,7.490362972023215e-10,28.0,4.0,,0.09589059278801634,3.511897176506766,0.023810483986485397,0.07493372242337876,0.1937571875836369,142.18320898524144,1.0
1002.0,0.007,0.0095,450000.0,0.000127,1.0,35.0,325.0,0.0029886363059353,8154.830788949064,319.92671377973846,125.72010043669216,0.0,0.0002690711487884,0.2631985680917686,0.129991333853919,57.15,9.239815788429602e-09,1.206728510894101e-09,909.3878258752871,1.110013226519348,0.0001982804774136,0.00148,6.65847e-07,0.0154111111111111,0.0157,6.76e-06,0.0805555555555555,0.023,9e-06,0.0031111111111111,0.0401799999999999,0.0990777777777777,10000000.0,6.472459738872114e-10,28.0,4.0,,0.08285953610995356,3.5349196724357554,0.020896243995473962,0.010167698127896044,0.174173072525379,19.761360096228724,1.0
1005.0,0.007,0.0095,450000.0,0.000127,1.0,35.0,400.0,0.0049064142576635,8154.830788949064,385.3528593710531,139.27622858575234,0.0,0.0002980845122961,0.5061463166399118,0.2134054694199267,57.15,1.3427644515327057e-08,1.1799280387839447e-09,369.2817227009417,1.1342772024732115,0.0003290587874759,0.00148,6.65847e-07,0.0154111111111111,0.0157,6.76e-06,0.0805555555555555,0.023,9e-06,0.0031111111111111,0.0401799999999999,0.0990777777777777,10000000.0,1.2460436397568367e-09,28.0,4.0,,0.15951678670619465,3.408949023428781,0.03684189576850881,0.09304406051379047,0.2710563879920044,159.62015862684433,1.0
1011.0,0.007,0.0095,500000.0,0.000127,1.0,20.0,375.0,0.0010932083932926,4193.912977173804,351.11917342151344,132.5307749011517,0.0,0.00055153704782,0.3238063592984308,0.0475493177079403,63.5,3.001232786585201e-09,5.298716985373774e-10,1281.206,2.9900478553798338,8.680008603238098e-05,0.00148,6.65847e-07,0.0154111111111111,0.0157,6.76e-06,0.0805555555555555,0.023,9e-06,0.0031111111111111,0.0401799999999999,0.0990777777777777,10000000.0,9.360171669793834e-10,24.0,4.0,,0.10270939339367734,3.565732002258467,0.01699594908120678,0.13336764819681307,0.14642373895562777,267.9155800496097,1.0
1012.0,0.007,0.0095,500000.0,0.000127,1.0,20.0,400.0,0.001272999475754,4193.912977173804,385.3528593710531,132.49898742095743,0.0,0.000551404761768,0.4664280413882332,0.0553693667978176,63.5,3.360814951508104e-09,5.648419630315416e-10,1281.206,2.953704885971076,0.0001041682609733,0.00148,6.65847e-07,0.0154111111111111,0.0157,6.76e-06,0.0805555555555555,0.023,9e-06,0.0031111111111111,0.0401799999999999,0.0990777777777777,10000000.0,7.318293293860385e-10,30.0,3.0,,0.10037976484382857,3.543294865437987,0.019836092982533367,0.2704989097465871,0.166810590351701,530.4133040899966,1.0
1013.0,0.007,0.0095,500000.0,0.000127,1.0,25.0,325.0,0.0012160228927662,5242.391221467256,319.92671377973846,121.90839331405915,0.0,0.00040586494965,0.2447020010859103,0.0528911589254468,63.5,3.246861785532512e-09,5.537597327575007e-10,1281.206,2.9652221324562293,8.526538054528505e-05,0.00148,6.65847e-07,0.0154111111111111,0.0157,6.76e-06,0.0805555555555555,0.023,9e-06,0.0031111111111111,0.0401799999999999,0.0990777777777777,10000000.0,6.468703443521912e-10,27.0,3.0,,0.07985389680199702,3.5785409853478947,0.01537455881672228,0.07177694535846639,0.134331541619755,146.23176243171818,1.0
1014.0,0.007,0.0095,500000.0,0.000127,1.0,25.0,350.0,0.0014566217424853,5242.391221467256,319.92671377973846,116.67711619547816,0.0,0.0003884486588876,0.213352195471535,0.0633560540137486,63.5,3.728059484970691e-09,6.005574120221122e-10,1281.206,2.9165874809740124,9.59985928089551e-05,0.00148,6.65847e-07,0.0154111111111111,0.0157,6.76e-06,0.0805555555555555,0.023,9e-06,0.0031111111111111,0.0401799999999999,0.0990777777777777,10000000.0,6.645670199793891e-10,30.0,3.0,,0.09115387770050151,3.5566963548027033,0.018139701923708545,0.018662263757284886,0.15475253323910654,37.12387908683766,1.0
1015.0,0.007,0.0095,500000.0,0.000127,1.0,25.0,375.0,0.0017174896509739,5242.391221467256,351.11917342151344,134.30221020611717,0.0,0.0004471272100417,0.3589047305677129,0.074702555867042,63.5,4.4847746038957934e-09,7.158738313861029e-10,1210.7122094156312,2.476069299947512,0.000124058516878,0.00148,6.65847e-07,0.0154111111111111,0.0157,6.76e-06,0.0805555555555555,0.023,9e-06,0.0031111111111111,0.0401799999999999,0.0990777777777777,10000000.0,9.054036941884231e-10,30.0,3.0,,0.1241877118912603,3.5095613827205407,0.024106154086007525,0.1198344628094104,0.19569235793401787,226.8344835761741,1.0
1016.0,0.007,0.0095,500000.0,0.000127,1.0,25.0,400.0,0.0019996022791753,5242.391221467256,385.3528593710531,135.47879914048914,0.0,0.0004510443825647,0.4065146088237432,0.0869731010531861,63.5,5.613225116701254e-09,9.258048404232383e-10,1041.444632494812,1.4879021126414618,0.0001681520409793,0.00148,6.65847e-07,0.0154111111111111,0.0157,6.76e-06,0.0805555555555555,0.023,9e-06,0.0031111111111111,0.0401799999999999,0.0990777777777777,10000000.0,7.768057379884828e-10,28.0,4.0,,0.09944559826414946,3.529610077793,0.021568344583164575,0.17991590950640757,0.17877362455659881,347.7263535911118,1.0
1017.0,0.007,0.0095,500000.0,0.000127,1.0,30.0,300.0,0.0014435182448147,6290.869465760706,291.5053062825179,121.61519832186217,0.0,0.0003374073556501,0.2014206895206054,0.0627861147618669,63.5,3.701852489629519e-09,5.980087162076946e-10,1281.206,2.9192362219931445,8.763620026239358e-05,0.00148,6.65847e-07,0.0154111111111111,0.0157,6.76e-06,0.0805555555555555,0.023,9e-06,0.0031111111111111,0.0401799999999999,0.0990777777777777,100000000.0,9.57945842297862e-11,24.0,4.0,,0.010511563231679042,3.563064468480851,0.017333611584702417,0.08794301152705936,0.14889961952716899,176.15187357868245,1.0
1018.0,0.007,0.0095,500000.0,0.000127,1.0,30.0,325.0,0.0017636715149587,6290.869465760706,319.92671377973846,124.00203653128224,0.0,0.0003440293632586,0.2318422890344133,0.0767112452774345,63.5,4.669502059835069e-09,7.50239557469902e-10,1183.0030910247397,2.314306237693327,0.0001181786579206,0.00148,6.65847e-07,0.0154111111111111,0.0157,6.76e-06,0.0805555555555555,0.023,9e-06,0.0031111111111111,0.0401799999999999,0.0990777777777777,10000000.0,5.028072609941928e-10,28.0,4.0,,0.06436869147054008,3.5849668344283354,0.014561160198944878,0.05058235228643862,0.12813530694846462,103.78946214662895,1.0
1019.0,0.007,0.0095,500000.0,0.000127,1.0,30.0,350.0,0.0021119984837639,6290.869465760706,319.92671377973846,121.55069694142574,0.0,0.0003372284040017,0.2396143827728896,0.0918617964510091,63.5,6.025477107134429e-09,9.57891942944672e-10,1026.2728688314753,1.4438573640847387,0.000149939524335,0.00148,6.65847e-07,0.0154111111111111,0.0157,6.76e-06,0.0805555555555555,0.023,9e-06,0.0031111111111111,0.0401799999999999,0.0990777777777777,10000000.0,6.710141112203265e-10,28.0,4.0,,0.08590230024148104,3.5504336189210264,0.01893245330113589,0.021670286080399462,0.16043060951618454,42.8180011690751,1.0
1020.0,0.007,0.0095,500000.0,0.000127,1.0,30.0,375.0,0.0024896243422991,6290.869465760706,351.11917342151344,135.6932478143091,0.0,0.0003764652819414,0.3571008916787546,0.1082867086931709,63.5,7.4101052550969615e-09,1.0650823016427606e-09,975.9227543601106,1.3000486258844883,0.000197079471772,0.00148,6.65847e-07,0.0154111111111111,0.0157,6.76e-06,0.0805555555555555,0.023,9e-06,0.0031111111111111,0.0401799999999999,0.0990777777777777,10000000.0,9.627058009000707e-10,28.0,4.0,,0.12324426769913238,3.494581115490252,0.02600239044427187,0.08538991528645132,0.20788579687637546,159.18404335253516,1.0
1023.0,0.007,0.0095,500000.0,0.000127,1.0,35.0,325.0,0.0024207954078076,7339.347710054157,319.92671377973846,125.7201004366919,0.0,0.0002989679430983,0.269746774766648,0.1052929804216743,63.5,7.157732495294632e-09,1.045544979157554e-09,985.0999456256498,1.32626029014734,0.0001747293325336,0.00148,6.65847e-07,0.0154111111111111,0.0157,6.76e-06,0.0805555555555555,0.023,9e-06,0.0031111111111111,0.0401799999999999,0.0990777777777777,10000000.0,8.169863100595109e-10,28.0,4.0,,0.10458945963487791,3.521873836479928,0.022547615635452177,0.019684334710095786,0.18538575705852184,37.737913858394435,1.0
1032.0,0.007,0.0095,550000.0,0.000127,1.0,20.0,400.0,0.0010520656824413,3812.6481610670944,385.3528593710531,132.49898742095726,0.0,0.0006065452379448,0.4984602746976133,0.0457598072709236,69.85,2.918947364882728e-09,5.218692355632577e-10,1281.206,2.9983644429513028,0.0001015196984108,0.00148,6.65847e-07,0.0154111111111111,0.0157,6.76e-06,0.0805555555555555,0.023,9e-06,0.0031111111111111,0.0401799999999999,0.0990777777777777,10000000.0,9.180495736913109e-10,33.0,3.0,,0.13851448183877035,3.4980558291082477,0.025562553277436995,0.27400598558791933,0.20509054381533198,512.6050281556999,1.0
1034.0,0.007,0.0095,550000.0,0.000127,1.0,25.0,350.0,0.0012038196218887,4765.810201333868,319.92671377973846,116.67711619547812,0.0,0.0004272935247763,0.2030316606691791,0.052360375217974,69.85,3.222455243777429e-09,5.513861355554641e-10,1281.206,2.967688901631415,9.319314678387522e-05,0.00148,6.65847e-07,0.0154111111111111,0.0157,6.76e-06,0.0805555555555555,0.023,9e-06,0.0031111111111111,0.0401799999999999,0.0990777777777777,10000000.0,4.4940890728947245e-10,32.0,4.0,,0.06575166621836652,3.586002535424958,0.014430058806967367,0.04473961923283848,0.12712830445141882,91.90684188932399,1.0
1035.0,0.007,0.0095,550000.0,0.000127,1.0,25.0,375.0,0.0014194129346892,4765.810201333868,351.11917342151344,134.30221020611702,0.0,0.0004918399310459,0.3364169278703737,0.0617376494768942,69.85,3.653641869378425e-09,5.933201128617254e-10,1281.206,2.9241088693819224,0.0001130524272473,0.00148,6.65847e-07,0.0154111111111111,0.0157,6.76e-06,0.0805555555555555,0.023,9e-06,0.0031111111111111,0.0401799999999999,0.0990777777777777,10000000.0,1.0556129131165839e-09,33.0,3.0,,0.1592699129467963,3.470954081918137,0.028993154187577613,0.0752293654466831,0.22638356528412398,136.96772253481961,1.0
1036.0,0.007,0.0095,550000.0,0.000127,1.0,25.0,400.0,0.001652563867087,4765.810201333868,385.3528593710531,135.478799140489,0.0,0.0004961488208212,0.4204615571624702,0.0718785959117239,69.85,4.2250714683481384e-09,6.675600234902787e-10,1249.6676797477794,2.7034874401995608,0.0001406478436418,0.00148,6.65847e-07,0.0154111111111111,0.0157,6.76e-06,0.0805555555555555,0.023,9e-06,0.0031111111111111,0.0401799999999999,0.0990777777777777,10000000.0,7.365124614134325e-10,32.0,4.0,,0.10775692413530848,3.520834704844429,0.022679151285515318,0.20064603711543766,0.1862657957948824,384.2539198118493,1.0
1038.0,0.007,0.0095,550000.0,0.000127,1.0,30.0,325.0,0.0014575797644287,5718.972241600641,319.92671377973846,124.00203653128185,0.0,0.0003784322995845,0.2209998102513822,0.0633977233697805,69.85,3.729975528857461e-09,6.0074375208021e-10,1281.206,2.9163938264183766,0.0001056454676987,0.00148,6.65847e-07,0.0154111111111111,0.0157,6.76e-06,0.0805555555555555,0.023,9e-06,0.0031111111111111,0.0401799999999999,0.0990777777777777,10000000.0,5.198735900838465e-10,32.0,4.0,,0.07606114212800719,3.569497629599253,0.016519287392499644,0.04136094475359452,0.1429040379889085,83.4305387065205,1.0
1039.0,0.007,0.0095,550000.0,0.000127,1.0,30.0,350.0,0.0017454532923668,5718.972241600641,319.92671377973846,121.55069694142568,0.0,0.0003709512444018,0.2460841671213223,0.0759188400421563,69.85,4.5966291694675566e-09,7.366826675286046e-10,1193.9340245798664,2.3781199346948023,0.0001280645120733,0.00148,6.65847e-07,0.0154111111111111,0.0157,6.76e-06,0.0805555555555555,0.023,9e-06,0.0031111111111111,0.0401799999999999,0.0990777777777777,10000000.0,6.551436741049803e-10,32.0,4.0,,0.09585210147398884,3.5387551325106696,0.02041074272016842,0.03413322560517715,0.17081760352467715,66.6089447249848,1.0
1040.0,0.007,0.0095,550000.0,0.000127,1.0,30.0,375.0,0.0020575407787596,5718.972241600641,351.11917342151344,135.69324781430907,0.0,0.0004141118101355,0.3688607120860093,0.0894931476803065,69.85,5.825798855452035e-09,9.42433941853521e-10,1033.5338961653806,1.4645961288301557,0.000174907034435,0.00148,6.65847e-07,0.0154111111111111,0.0157,6.76e-06,0.0805555555555555,0.023,9e-06,0.0031111111111111,0.0401799999999999,0.0990777777777777,10000000.0,9.831055876829535e-10,32.0,4.0,,0.14383522313478375,3.468982556610438,0.02924271435310915,0.09535234127091896,0.22788810943213647,173.26735683354588,1.0
1052.0,0.007,0.0095,600000.0,0.000127,1.0,25.0,350.0,0.0010115428767259,4368.659351222713,319.92671377973846,116.67711619547818,0.0,0.0004661383906651,0.2115830486677436,0.0439972597317698,76.2,2.8379017534518673e-09,5.139873472375778e-10,1281.206,3.00655572289862,9.137425504965134e-05,0.00148,6.65847e-07,0.0154111111111111,0.0157,6.76e-06,0.0805555555555555,0.023,9e-06,0.0031111111111111,0.0401799999999999,0.0990777777777777,10000000.0,5.274924604913157e-10,36.0,4.0,,0.08682281567277281,3.5574794203861178,0.018040579697959823,0.0405829732632009,0.15403716451280616,80.79794119266775,1.0
1053.0,0.007,0.0095,600000.0,0.000127,1.0,25.0,375.0,0.0011927011465096,4368.659351222713,351.11917342151344,134.3022102061171,0.0,0.0005365526520501,0.3790349040593702,0.0518767749076681,76.2,3.2002182930193742e-09,5.492235365018667e-10,1281.206,2.9699363902445324,0.0001100063823248,0.00148,6.65847e-07,0.0154111111111111,0.0157,6.76e-06,0.0805555555555555,0.023,9e-06,0.0031111111111111,0.0401799999999999,0.0990777777777777,10000000.0,6.59100431974844e-10,36.0,4.0,,0.10848487817607191,3.5251695081577417,0.02213044200534922,0.1784932509756302,0.1825820232732264,343.37694520891677,1.0
1054.0,0.007,0.0095,600000.0,0.000127,1.0,25.0,400.0,0.0013886126938717,4368.659351222713,385.3528593710531,135.47879914048906,0.0,0.0005412532590777,0.4346226881585624,0.0603979868424903,76.2,3.592041387743489e-09,5.873293120215234e-10,1281.206,2.9303348300607657,0.0001324614837854,0.00148,6.65847e-07,0.0154111111111111,0.0157,6.76e-06,0.0805555555555555,0.023,9e-06,0.0031111111111111,0.0401799999999999,0.0990777777777777,10000000.0,8.338173516484141e-10,36.0,4.0,,0.1372424738725184,3.484054491451381,0.027334874499825218,0.19680222744355372,0.21623527398031073,363.0119082710758,1.0
1055.0,0.007,0.0095,600000.0,0.000127,1.0,30.0,300.0,0.0010024432255658,5242.391221467255,291.5053062825179,121.6151983218621,0.0,0.0004048888267801,0.2035828539059865,0.0436014685846297,76.2,2.819702451131609e-09,5.122174195886768e-10,1281.206,3.008395126384128,8.365764891470077e-05,0.00148,6.65847e-07,0.0154111111111111,0.0157,6.76e-06,0.0805555555555555,0.023,9e-06,0.0031111111111111,0.0401799999999999,0.0990777777777777,10000000.0,4.759700351687874e-10,36.0,4.0,,0.0783424631145096,3.570457677260088,0.016397762372140818,0.041458922206847104,0.14200204087248333,83.71618153651237,1.0
1056.0,0.007,0.0095,600000.0,0.000127,1.0,30.0,325.0,0.001224771885388,5242.391221467255,319.92671377973846,124.00203653128196,0.0,0.0004128352359104,0.2294999057925371,0.0532716981093295,76.2,3.264359770776062e-09,5.55461455567399e-10,1281.206,2.9634536110876635,0.0001027867690971,0.00148,6.65847e-07,0.0154111111111111,0.0157,6.76e-06,0.0805555555555555,0.023,9e-06,0.0031111111111111,0.0401799999999999,0.0990777777777777,10000000.0,6.068171310634736e-10,36.0,4.0,,0.09987928902023077,3.5378629580030627,0.020523676202143976,0.036168918662976834,0.17160055767875054,70.51483131394305,1.0
1057.0,0.007,0.0095,600000.0,0.000127,1.0,30.0,350.0,0.0014666656137249,5242.391221467255,319.92671377973846,121.55069694142576,0.0,0.000404674084802,0.2456912747934714,0.0637929142020896,76.2,3.7481472274499105e-09,6.025109951975722e-10,1281.206,2.914557212841638,0.0001157360331084,0.00148,6.65847e-07,0.0154111111111111,0.0157,6.76e-06,0.0805555555555555,0.023,9e-06,0.0031111111111111,0.0401799999999999,0.0990777777777777,10000000.0,7.018559690672435e-10,36.0,4.0,,0.11552224153953351,3.514925167961771,0.023427193928889777,0.026196119051848196,0.19123463809277158,49.861420493667396,1.0
1061.0,0.007,0.0095,600000.0,0.000127,1.0,35.0,325.0,0.0016811079220886,6116.123091711797,319.92671377973846,125.72010043669206,0.0,0.0003587615317179,0.2730990895216381,0.0731201252928294,76.2,4.339247688354524e-09,6.888007680351115e-10,1232.5412467468211,2.603505036983268,0.000132261546431,0.00148,6.65847e-07,0.0154111111111111,0.0157,6.76e-06,0.0805555555555555,0.023,9e-06,0.0031111111111111,0.0401799999999999,0.0990777777777777,10000000.0,8.321711484282676e-10,36.0,4.0,,0.13697151644763012,3.4844328062969914,0.027286986544684713,0.022827447781178484,0.21593825376077735,42.12236742000071,1.0
1070.0,0.0075,0.0075,400000.0,0.000127,1.0,30.0,375.0,0.0010633549418351,6850.0578627172135,351.11917342151344,128.9432545492276,0.0,0.000328535084699,0.128385806857343,0.0495544669994035,50.8,3.169574883670379e-09,5.472248529616536e-10,1297.525,3.588880932057436,7.277142725403292e-05,0.00148,6.65847e-07,0.0154111111111111,0.0157,6.76e-06,0.0805555555555555,0.023,9e-06,0.0031111111111111,0.0401799999999999,0.0990777777777777,10000000.0,7.090125596100002e-10,22.0,2.0,,0.020811878034008625,3.595302419982026,0.013252858230123319,0.017839461823930872,0.11798079937151919,37.03095706038845,1.0
1071.0,0.0075,0.0075,400000.0,0.000127,1.0,30.0,400.0,0.0012960589374348,6850.0578627172135,385.3528593710531,134.98319995356837,0.0,0.0003439242881275,0.177096503702149,0.0603989386023405,50.8,3.6349828748697694e-09,5.924869436257721e-10,1297.525,3.5418421463869127,8.927623590397068e-05,0.00148,6.65847e-07,0.0154111111111111,0.0157,6.76e-06,0.0805555555555555,0.023,9e-06,0.0031111111111111,0.0401799999999999,0.0990777777777777,10000000.0,9.00146675113772e-10,22.0,2.0,,0.026422300368685855,3.5688631358984653,0.016599603050827222,0.05009526473112254,0.1434991260341749,100.97866738279683,1.0
1073.0,0.0075,0.0075,400000.0,0.000127,1.0,35.0,375.0,0.0014567683991505,7991.734173170083,351.11917342151344,130.295120328171,0.0,0.0002845538652478,0.1576404060555365,0.0678883209372141,50.8,3.956401798301108e-09,6.237457374767786e-10,1297.525,3.509356335795707,8.819066104688679e-05,0.00148,6.65847e-07,0.0154111111111111,0.0157,6.76e-06,0.0805555555555555,0.023,9e-06,0.0031111111111111,0.0401799999999999,0.0990777777777777,10000000.0,8.871193536954289e-10,22.0,2.0,,0.026039905133518903,3.570642615707686,0.016374352442065077,0.023532179984803395,0.1418280668436797,47.52713296436135,1.0
1078.0,0.0075,0.0075,450000.0,0.000127,1.0,30.0,400.0,0.0010240465678497,6088.940322415301,385.3528593710531,134.98319995356846,0.0,0.0003869148241435,0.1935713693277471,0.0477226181549357,57.15,3.090958135699572e-09,5.395791776796227e-10,1297.525,3.596826726774845,8.726835130921008e-05,0.00148,6.65847e-07,0.0154111111111111,0.0157,6.76e-06,0.0805555555555555,0.023,9e-06,0.0031111111111111,0.0401799999999999,0.0990777777777777,10000000.0,5.277576312273885e-10,24.0,3.0,,0.0579109743651134,3.6065118977207757,0.011833936997370188,0.047757776807697896,0.10669690772846865,100.40332318311363,1.0
1084.0,0.0075,0.0075,500000.0,0.000127,1.0,35.0,400.0,0.001135801937982,6393.387338536066,385.3528593710531,137.26740169482972,0.0,0.0003747259454768,0.1780373619293503,0.0529306419138399,63.5,3.314468875964121e-09,5.613161559472005e-10,1297.525,3.5742364962563062,0.0001029752797574,0.00148,6.65847e-07,0.0154111111111111,0.0157,6.76e-06,0.0805555555555555,0.023,9e-06,0.0031111111111111,0.0401799999999999,0.0990777777777777,10000000.0,4.2842387031932235e-10,28.0,4.0,,0.05484623247618064,3.600826340520564,0.012553627782207193,0.03008048753932966,0.11245605767690105,62.83185528994143,1.0
1090.0,0.0075,0.008,400000.0,0.000127,1.0,25.0,375.0,0.0010690974769563,5708.381552264345,351.11917342151344,136.93154899488815,0.0,0.0004186661942505,0.1935399592812681,0.049822080621118,50.8,3.1810599539126236e-09,5.483418047553875e-10,1297.525,3.587720136008051,7.299645987919213e-05,0.00148,6.65847e-07,0.0154111111111111,0.0157,6.76e-06,0.0805555555555555,0.023,9e-06,0.0031111111111111,0.0401799999999999,0.0990777777777777,10000000.0,7.115243167778026e-10,22.0,2.0,,0.020885606465358423,3.5949503064946353,0.01329742955764106,0.08265227219479168,0.1183306342470252,171.5006210170753,1.0
1091.0,0.0075,0.008,400000.0,0.000127,1.0,25.0,400.0,0.0012794410560998,5708.381552264345,385.3528593710531,134.4919669149134,0.0,0.0004112072079725,0.2348666765593222,0.0596245120963635,50.8,3.601747112199628e-09,5.89254682616694e-10,1297.525,3.545201284919984,8.856110988618191e-05,0.00148,6.65847e-07,0.0154111111111111,0.0157,6.76e-06,0.0805555555555555,0.023,9e-06,0.0031111111111111,0.0401799999999999,0.0990777777777777,10000000.0,8.915572238410103e-10,22.0,2.0,,0.02617017139036971,3.570036054434715,0.016451132350036157,0.10889199307258889,0.14239840341119522,219.77924457075207,1.0
1093.0,0.0075,0.008,400000.0,0.000127,1.0,30.0,350.0,0.0012688014668904,6850.0578627172135,319.92671377973846,116.49404931057452,0.0,0.0002968156999835,0.125143550979671,0.0591286859600272,50.8,3.5804679337808373e-09,5.871852293175205e-10,1297.525,3.5473519714827715,7.419539421213732e-05,0.00148,6.65847e-07,0.0154111111111111,0.0157,6.76e-06,0.0805555555555555,0.023,9e-06,0.0031111111111111,0.0401799999999999,0.0990777777777777,10000000.0,7.249480389083177e-10,22.0,2.0,,0.021279637380546116,3.5930706200118925,0.013535364555456626,0.004555227639097582,0.1201934718720843,9.431970061439348,1.0
1094.0,0.0075,0.008,400000.0,0.000127,1.0,30.0,375.0,0.0015480554399444,6850.0578627172135,351.11917342151344,138.01234788349436,0.0,0.0003516422674449,0.1912459208705475,0.0721424796122931,50.8,4.235086759777961e-09,6.67914427024853e-10,1268.691736033306,3.332291788288836,9.395838906957523e-05,0.00148,6.65847e-07,0.0154111111111111,0.0157,6.76e-06,0.0805555555555555,0.023,9e-06,0.0031111111111111,0.0401799999999999,0.0990777777777777,10000000.0,9.57132433817814e-10,22.0,2.0,,0.028095022020438152,3.5611172447349015,0.017580095603176978,0.05082841923781625,0.15069789199540704,101.59537880155224,1.0
1095.0,0.0075,0.008,400000.0,0.000127,1.0,30.0,400.0,0.0018520322766438,6850.0578627172135,385.3528593710531,138.34260787767886,0.0,0.0003524837383349,0.2470425762706714,0.0863084081561582,50.8,5.450994106575535e-09,8.94115446309503e-10,1086.3056340136698,2.267539963308402,0.0001307889386698,0.00148,6.65847e-07,0.0154111111111111,0.0157,6.76e-06,0.0805555555555555,0.023,9e-06,0.0031111111111111,0.0401799999999999,0.0990777777777777,10000000.0,5.513451355741219e-10,24.0,3.0,,0.06049923700450692,3.588884042397562,0.014065311088916243,0.06005493111000618,0.12431436360631892,123.76619739476871,1.0
1099.0,0.0075,0.008,400000.0,0.000127,1.0,35.0,375.0,0.0021208197435295,7991.734173170083,351.11917342151344,139.04843814750674,0.0,0.00030367039404,0.2114924212847907,0.0988344416879646,50.8,6.485870726275063e-09,1.038519086933344e-09,981.415700862725,1.7032365225365935,0.0001407380512404,0.00148,6.65847e-07,0.0154111111111111,0.0157,6.76e-06,0.0805555555555555,0.023,9e-06,0.0031111111111111,0.0401799999999999,0.0990777777777777,10000000.0,5.990499935499095e-10,24.0,3.0,,0.06573390277504679,3.5799231861243768,0.01519959669311691,0.006744076821779313,0.1330061769750241,13.760799294028127,1.0
1100.0,0.0075,0.008,400000.0,0.000127,1.0,35.0,400.0,0.0025363028620151,7991.734173170083,385.3528593710531,141.15953487255783,0.0,0.0003082808562853,0.2435139120510434,0.1181967859756299,50.8,8.009308827388878e-09,1.1564553550592063e-09,926.0179517313136,1.5450108564111844,0.0001860298523745,0.00148,6.65847e-07,0.0154111111111111,0.0157,6.76e-06,0.0805555555555555,0.023,9e-06,0.0031111111111111,0.0401799999999999,0.0990777777777777,10000000.0,4.731996915062334e-10,24.0,4.0,,0.05192431825318325,3.5846732802072485,0.014598318961107831,0.033212807822230156,0.12842030453104167,68.12677730158222,1.0
1104.0,0.0075,0.008,450000.0,0.000127,1.0,25.0,400.0,0.0010109163900047,5074.116935346085,385.3528593710531,134.49196691491346,0.0,0.000462608108969,0.2300987336560067,0.0471107256070032,57.15,3.064697780009582e-09,5.37025292437882e-10,1297.525,3.599480860924432,8.663283757867723e-05,0.00148,6.65847e-07,0.0154111111111111,0.0157,6.76e-06,0.0805555555555555,0.023,9e-06,0.0031111111111111,0.0401799999999999,0.0990777777777777,10000000.0,5.233183836167992e-10,24.0,3.0,,0.05742385463559029,3.6072511839596957,0.011740356460798004,0.0853841534134131,0.10594255661733742,179.6585327360463,1.0
1106.0,0.0075,0.008,450000.0,0.000127,1.0,30.0,375.0,0.0012231549155116,6088.940322415301,351.11917342151344,138.0123478834944,0.0,0.0003955975508755,0.1852443829769095,0.057001465372676,57.15,3.489174831023392e-09,5.783067468416025e-10,1297.525,3.556578965378466,8.891319149457797e-05,0.00148,6.65847e-07,0.0154111111111111,0.0157,6.76e-06,0.0805555555555555,0.023,9e-06,0.0031111111111111,0.0401799999999999,0.0990777777777777,10000000.0,4.715631231411392e-10,27.0,3.0,,0.058212829355549965,3.6004963880443954,0.012595393918431008,0.029850088248683536,0.11278800205205079,62.32727996661147,1.0
1107.0,0.0075,0.008,450000.0,0.000127,1.0,30.0,400.0,0.0014633341445087,6088.940322415301,385.3528593710531,138.342607877679,0.0,0.0003965442056267,0.2607287980753933,0.0681942978023966,57.15,3.969533289017497e-09,6.25022807777674e-10,1297.525,3.508029136029002,0.0001085345816766,0.00148,6.65847e-07,0.0154111111111111,0.0157,6.76e-06,0.0805555555555555,0.023,9e-06,0.0031111111111111,0.0401799999999999,0.0990777777777777,10000000.0,5.90111691761992e-10,27.0,3.0,,0.07284723831760302,3.5770842984359357,0.015558949565071385,0.07950726195539358,0.13572395100340356,161.72025746826344,1.0
1108.0,0.0075,0.008,450000.0,0.000127,1.0,35.0,325.0,0.0010972948076822,7103.763709484519,319.92671377973846,115.81343725352087,0.0,0.000284542938193,0.117335840083952,0.0511361326276098,57.15,3.2374546153645714e-09,5.53826326568243e-10,1297.525,3.582020327575103,7.65823535242202e-05,0.00148,6.65847e-07,0.0154111111111111,0.0157,6.76e-06,0.0805555555555555,0.023,9e-06,0.0031111111111111,0.0401799999999999,0.0990777777777777,100000000.0,1.177085072478103e-10,21.0,3.0,,0.011301660458588186,3.5579045009438084,0.01798677203242937,0.014718046997754013,0.1536483253178758,29.316099822966553,1.0
1110.0,0.0075,0.008,450000.0,0.000127,1.0,35.0,375.0,0.0016757094269863,7103.763709484519,351.11917342151344,139.04843814750686,0.0,0.000341629193295,0.2151707370744902,0.0780914107164166,57.15,4.745702707945292e-09,7.629067372881754e-10,1192.0993438082062,2.885153061717926,0.0001178717608493,0.00148,6.65847e-07,0.0154111111111111,0.0157,6.76e-06,0.0805555555555555,0.023,9e-06,0.0031111111111111,0.0401799999999999,0.0990777777777777,10000000.0,6.488070481516917e-10,27.0,3.0,,0.08009297615799416,3.5657142313565675,0.01699819856245988,0.01680635020007945,0.14644028074022306,33.76077979938229,1.0
1111.0,0.0075,0.008,450000.0,0.000127,1.0,35.0,400.0,0.002003992384802,7103.763709484519,385.3528593710531,141.15953487255803,0.0,0.000346815963321,0.2473674054456631,0.0933900531165471,57.15,6.057503744274347e-09,1.0053572517340238e-09,996.9926820263876,1.747727106711717,0.0001629362582889,0.00148,6.65847e-07,0.0154111111111111,0.0157,6.76e-06,0.0805555555555555,0.023,9e-06,0.0031111111111111,0.0401799999999999,0.0990777777777777,10000000.0,5.143146533453913e-10,28.0,4.0,,0.06584185195438064,3.566091369649597,0.016950459538025757,0.04795550037473527,0.14608908943337923,96.3731685773477,1.0
1117.0,0.0075,0.008,500000.0,0.000127,1.0,30.0,400.0,0.001185300657052,5480.04629017377,385.3528593710531,138.3426078776789,0.0,0.0004406046729186,0.2452745730236704,0.0552373812199413,63.5,3.4134663141041713e-09,5.709439042999156e-10,1297.525,3.5642308251834915,0.0001056376256554,0.00148,6.65847e-07,0.0154111111111111,0.0157,6.76e-06,0.0805555555555555,0.023,9e-06,0.0031111111111111,0.0401799999999999,0.0990777777777777,10000000.0,7.44161164597331e-10,30.0,3.0,,0.10207123397316896,3.540858132123075,0.020144540237585443,0.04778595783056015,0.16896618496370447,93.45964774113615,1.0
1118.0,0.0075,0.008,500000.0,0.000127,1.0,35.0,350.0,0.0011130154331214,6393.387338536066,319.92671377973846,120.41614217166874,0.0,0.0003287237331574,0.1279490179143791,0.0518687452143238,63.5,3.268895866242817e-09,5.568840668192796e-10,1297.525,3.5788425603488387,8.57929191906496e-05,0.00148,6.65847e-07,0.0154111111111111,0.0157,6.76e-06,0.0805555555555555,0.023,9e-06,0.0031111111111111,0.0401799999999999,0.0990777777777777,100000000.0,9.110938006747213e-11,24.0,4.0,,0.009997454629387338,3.568786531999091,0.016609299746950523,0.025902818070667966,0.14357091649584,52.20878313343202,1.0
1119.0,0.0075,0.008,500000.0,0.000127,1.0,35.0,375.0,0.0013573246358589,6393.387338536066,351.11917342151344,139.0484381475068,0.0,0.00037958799255,0.2122364188269353,0.0632540426802974,63.5,3.757514271717843e-09,6.044034282977393e-10,1297.525,3.529457898107478,0.0001053658377226,0.00148,6.65847e-07,0.0154111111111111,0.0157,6.76e-06,0.0805555555555555,0.023,9e-06,0.0031111111111111,0.0401799999999999,0.0990777777777777,10000000.0,7.418746046520419e-10,30.0,3.0,,0.10175760299338578,3.5413094784851125,0.020087407786694624,0.007044773153252026,0.1685677548483879,13.784754160084928,1.0
1120.0,0.0075,0.008,500000.0,0.000127,1.0,35.0,400.0,0.0016232338316896,6393.387338536066,385.3528593710531,141.15953487255808,0.0,0.0003853510703567,0.2526819940255653,0.0756459430244032,63.5,4.535800326758786e-09,7.238576002797386e-10,1223.5847009861825,3.068961428387233,0.0001368999978961,0.00148,6.65847e-07,0.0154111111111111,0.0157,6.76e-06,0.0805555555555555,0.023,9e-06,0.0031111111111111,0.0401799999999999,0.0990777777777777,10000000.0,5.996691811037622e-10,28.0,4.0,,0.07676882077346395,3.5648614921113144,0.017106140239074093,0.060087230227698046,0.14723328779971895,120.59174321537496,1.0
1121.0,0.0075,0.008,500000.0,0.000127,1.0,40.0,325.0,0.0011710704370053,7306.72838689836,319.92671377973846,117.50100890692904,0.0,0.0002806700032148,0.1158042058164749,0.0545742245053252,63.5,3.385005874010782e-09,5.681760553497334e-10,1297.525,3.5671073218637304,8.838327865608186e-05,0.00148,6.65847e-07,0.0154111111111111,0.0157,6.76e-06,0.0805555555555555,0.023,9e-06,0.0031111111111111,0.0401799999999999,0.0990777777777777,100000000.0,9.78655174921854e-11,24.0,4.0,,0.010738807246685977,3.5605622477879533,0.017650348381271715,0.010311174064463722,0.15120904414435649,20.597476224648616,1.0
1125.0,0.0075,0.008,550000.0,0.000127,1.0,35.0,375.0,0.001121755897404,5812.17030776006,351.11917342151344,139.04843814750677,0.0,0.000417546791805,0.2254817675936723,0.0522760683308242,69.85,3.286376794808132e-09,5.585841308245775e-10,1297.525,3.577075762898742,0.0001032075572619,0.00148,6.65847e-07,0.0154111111111111,0.0157,6.76e-06,0.0805555555555555,0.023,9e-06,0.0031111111111111,0.0401799999999999,0.0990777777777777,10000000.0,5.058334768525965e-10,32.0,4.0,,0.07400697536834704,3.572758839092963,0.016106476064181943,0.059018723894501066,0.13983227330951925,119.475293857761,1.0
1126.0,0.0075,0.008,550000.0,0.000127,1.0,35.0,400.0,0.0013415155633799,5812.17030776006,385.3528593710531,141.15953487255825,0.0,0.0004238861773923,0.2600075178232733,0.0625173082846307,69.85,3.725896126759829e-09,6.0132848465521e-10,1297.525,3.5326535440183844,0.0001254446085152,0.00148,6.65847e-07,0.0154111111111111,0.0157,6.76e-06,0.0805555555555555,0.023,9e-06,0.0031111111111111,0.0401799999999999,0.0990777777777777,10000000.0,6.387246665112521e-10,32.0,4.0,,0.0934498858315555,3.542422415224662,0.019946529718397197,0.063860323707087,0.16758366537052294,125.105631095313,1.0
1128.0,0.0075,0.008,550000.0,0.000127,1.0,40.0,375.0,0.0014760904610694,6642.480351725782,351.11917342151344,140.1142905496244,0.0,0.0003681539981599,0.2040607735323272,0.0687887676667601,69.85,3.995045922138968e-09,6.2750397513032e-10,1297.525,3.5054505741994144,0.0001223036060797,0.00148,6.65847e-07,0.0154111111111111,0.0157,6.76e-06,0.0805555555555555,0.023,9e-06,0.0031111111111111,0.0401799999999999,0.0990777777777777,10000000.0,6.192638167579442e-10,32.0,4.0,,0.09060262740710003,3.546791760418309,0.019393448048315314,0.004489378458467072,0.16369753847895066,8.83598036158754,1.0
1130.0,0.0075,0.008,600000.0,0.000127,1.0,35.0,400.0,0.0011272457164511,5327.822782113391,385.3528593710531,141.15953487255803,0.0,0.000462421284428,0.2469174893253073,0.0525319048780578,76.2,3.297356432902357e-09,5.596519280783362e-10,1297.525,3.575966050876559,0.0001230181025001,0.00148,6.65847e-07,0.0154111111111111,0.0157,6.76e-06,0.0805555555555555,0.023,9e-06,0.0031111111111111,0.0401799999999999,0.0990777777777777,10000000.0,7.579333277745796e-10,36.0,4.0,,0.12475231503466579,3.5016704655798065,0.02510500435698653,0.029453269412583707,0.2021617161849568,55.30361625343089,1.0
1134.0,0.0075,0.0085,400000.0,0.000127,1.0,20.0,400.0,0.0011109905667227,4566.705241811475,385.3528593710531,127.90514235100336,0.0,0.0004888351111033,0.2559914654302432,0.0517743823904151,50.8,3.264846133445566e-09,5.56490220180415e-10,1297.525,3.579251866842657,8.1312652768196e-05,0.00148,6.65847e-07,0.0154111111111111,0.0157,6.76e-06,0.0805555555555555,0.023,9e-06,0.0031111111111111,0.0401799999999999,0.0990777777777777,10000000.0,8.06120331090393e-10,22.0,2.0,,0.023662314276373615,3.5817803299349698,0.014964515198105172,0.1403747687634544,0.13121899610760895,287.0149500076228,1.0
1135.0,0.0075,0.0085,400000.0,0.000127,1.0,25.0,350.0,0.0012261257731216,5708.381552264345,319.92671377973846,119.31146452338672,0.0,0.000364793045497,0.1663774078799468,0.0571399132790131,50.8,3.4951165462432157e-09,5.788845935010181e-10,1297.525,3.5559784362211984,7.267193557818058e-05,0.00148,6.65847e-07,0.0154111111111111,0.0157,6.76e-06,0.0805555555555555,0.023,9e-06,0.0031111111111111,0.0401799999999999,0.0990777777777777,10000000.0,7.079028397263745e-10,22.0,2.0,,0.02077930406256496,3.5954580274268153,0.01323316108521331,0.048278190538368744,0.11782611043218637,100.23290845048327,1.0
1136.0,0.0075,0.0085,400000.0,0.000127,1.0,25.0,375.0,0.0014738761642723,5708.381552264345,351.11917342151344,140.72821706645283,0.0,0.00043027445096,0.2423969763593362,0.0686855770074212,50.8,3.99061732854475e-09,6.27073283331798e-10,1297.525,3.5058981721539824,8.886127721742987e-05,0.00148,6.65847e-07,0.0154111111111111,0.0157,6.76e-06,0.0805555555555555,0.023,9e-06,0.0031111111111111,0.0401799999999999,0.0990777777777777,10000000.0,8.951589528721058e-10,22.0,2.0,,0.02627589412305014,3.569544053788772,0.01651341091281369,0.10725550522886476,0.14286046453779402,216.3596493265989,1.0
1137.0,0.0075,0.0085,400000.0,0.000127,1.0,25.0,400.0,0.0017437561160826,5708.381552264345,385.3528593710531,134.35882635626868,0.0,0.0004108001326754,0.2931067897335657,0.0812625225216859,50.8,5.017889464330794e-09,8.135429324656631e-10,1151.271330350381,2.6468032019524887,0.0001207277315512,0.00148,6.65847e-07,0.0154111111111111,0.0157,6.76e-06,0.0805555555555555,0.023,9e-06,0.0031111111111111,0.0401799999999999,0.0990777777777777,10000000.0,5.040732756014213e-10,24.0,3.0,,0.055312084211086125,3.5978602829796364,0.01292907810384357,0.11635218300079367,0.11543113144349092,242.2207448381783,1.0
1138.0,0.0075,0.0085,400000.0,0.000127,1.0,30.0,300.0,0.001147303441724,6850.0578627172135,291.5053062825179,115.79379664511708,0.0,0.000295031523141,0.1236935089166605,0.0534666349912222,50.8,3.3374718834480153e-09,5.635532559325282e-10,1297.525,3.571911582289909,6.421064778570912e-05,0.00148,6.65847e-07,0.0154111111111111,0.0157,6.76e-06,0.0805555555555555,0.023,9e-06,0.0031111111111111,0.0401799999999999,0.0990777777777777,10000000.0,6.15226110890302e-10,22.0,2.0,,0.018058933667168618,3.6085407428684184,0.011577121155896335,0.011987940258269682,0.10462366571619752,25.261278674709622,1.0
1139.0,0.0075,0.0085,400000.0,0.000127,1.0,30.0,325.0,0.0014478709418223,6850.0578627172135,319.92671377973846,119.51714301393784,0.0,0.0003045182537104,0.1475958744307849,0.0674736816308049,50.8,3.938606883644692e-09,6.220151375391551e-10,1297.525,3.511154867820032,8.058845026565467e-05,0.00148,6.65847e-07,0.0154111111111111,0.0157,6.76e-06,0.0805555555555555,0.023,9e-06,0.0031111111111111,0.0401799999999999,0.0990777777777777,10000000.0,7.977414015178723e-10,22.0,2.0,,0.02341636481052104,3.582939755721697,0.014817752440291616,0.01652582798945896,0.13009950796068034,33.83280090701865,1.0
1141.0,0.0075,0.0085,400000.0,0.000127,1.0,30.0,375.0,0.0021346010145898,6850.0578627172135,351.11917342151344,141.5761830180708,0.0,0.0003607225786398,0.2569779174773401,0.0994766764819168,50.8,6.536402053496171e-09,1.0424309466613818e-09,979.5781980546848,1.697988292953839,0.0001417097512585,0.00148,6.65847e-07,0.0154111111111111,0.0157,6.76e-06,0.0805555555555555,0.023,9e-06,0.0031111111111111,0.0401799999999999,0.0990777777777777,10000000.0,6.037619681728281e-10,24.0,3.0,,0.06625094890654899,3.5790433516956144,0.015310968139795602,0.0510702920888742,0.1338503015919804,104.10376796742997,1.0
1142.0,0.0075,0.0085,400000.0,0.000127,1.0,30.0,400.0,0.002524778105541,6850.0578627172135,385.3528593710531,138.61238122805193,0.0,0.0003531710950393,0.2889077446634122,0.1176597092744219,50.8,7.967051386983685e-09,1.153184014518166e-09,927.554585927866,1.5493997525875227,0.0001851379655671,0.00148,6.65847e-07,0.0154111111111111,0.0157,6.76e-06,0.0805555555555555,0.023,9e-06,0.0031111111111111,0.0401799999999999,0.0990777777777777,10000000.0,8.248143845337406e-10,24.0,3.0,,0.09050708479121918,3.5387985359193492,0.020405248617803923,0.04056095059777114,0.17077947582484812,79.15590454192584,1.0
1147.0,0.0075,0.0085,400000.0,0.000127,1.0,35.0,400.0,0.0034586191691591,7991.734173170083,385.3528593710531,141.71881102323908,0.0,0.0003095022695663,0.3070442651761208,0.161178570521153,50.8,1.1391135286916757e-08,1.418257913229712e-09,803.042444112118,1.1937712859369285,0.0002573926164334,0.00148,6.65847e-07,0.0154111111111111,0.0157,6.76e-06,0.0805555555555555,0.023,9e-06,0.0031111111111111,0.0401799999999999,0.0990777777777777,10000000.0,6.941585770944206e-10,24.0,4.0,,0.07617019098321356,3.537011332450457,0.0206314769050054,0.029515503671754137,0.17234654880841618,57.49153146692326,1.0
1152.0,0.0075,0.0085,450000.0,0.000127,1.0,25.0,375.0,0.0011645441297954,5074.116935346085,351.11917342151344,140.72821706645283,0.0,0.00048405875733,0.2559609743990297,0.0542700855367279,57.15,3.3719532595909147e-09,5.669066559658655e-10,1297.525,3.568426549603146,8.632901593155072e-05,0.00148,6.65847e-07,0.0154111111111111,0.0157,6.76e-06,0.0805555555555555,0.023,9e-06,0.0031111111111111,0.0401799999999999,0.0990777777777777,10000000.0,5.211999721034849e-10,24.0,3.0,,0.0571914008204612,3.6076042365749617,0.011695666256334026,0.10431948804184049,0.10558185996936637,219.58931013330331,1.0
1153.0,0.0075,0.0085,450000.0,0.000127,1.0,25.0,400.0,0.0013777826102381,5074.116935346085,385.3528593710531,134.35882635626902,0.0,0.0004621501492598,0.3087490401011691,0.0642074252023198,57.15,3.798430220476366e-09,6.083826066043774e-10,1297.525,3.525322523166454,0.0001043923821217,0.00148,6.65847e-07,0.0154111111111111,0.0157,6.76e-06,0.0805555555555555,0.023,9e-06,0.0031111111111111,0.0401799999999999,0.0990777777777777,10000000.0,5.645593282871801e-10,27.0,3.0,,0.06969288781478598,3.582079529088052,0.014926641887588405,0.1346687270840633,0.13093037911514438,275.43965941594865,1.0
1154.0,0.0075,0.0085,450000.0,0.000127,1.0,30.0,325.0,0.0011439967935386,6088.940322415301,319.92671377973846,119.51714301393744,0.0,0.0003425830354242,0.1475958744307849,0.0533125385724878,57.15,3.330858587077284e-09,5.629100963272333e-10,1297.525,3.572579988154099,7.845773495768717e-05,0.00148,6.65847e-07,0.0154111111111111,0.0157,6.76e-06,0.0805555555555555,0.023,9e-06,0.0031111111111111,0.0401799999999999,0.0990777777777777,10000000.0,4.67166814686409e-10,24.0,3.0,,0.0512623291995182,3.616667592055448,0.010548406068930693,0.0028410066587788996,0.09622159322521574,6.042815869368092,1.0
1155.0,0.0075,0.0085,450000.0,0.000127,1.0,30.0,350.0,0.0014035595037462,6088.940322415301,319.92671377973846,123.97785772165624,0.0,0.0003553691943483,0.1787475716459318,0.0654086799935835,57.15,3.849984007492536e-09,6.133963412761676e-10,1297.525,3.52011198191273,8.888218497992147e-05,0.00148,6.65847e-07,0.0154111111111111,0.0157,6.76e-06,0.0805555555555555,0.023,9e-06,0.0031111111111111,0.0401799999999999,0.0990777777777777,10000000.0,4.713806332962388e-10,27.0,3.0,,0.0581903016181613,3.600532898491164,0.012590772342890667,0.014968590034187004,0.1127512834122513,31.255857792889795,1.0
1156.0,0.0075,0.0085,450000.0,0.000127,1.0,30.0,375.0,0.0016865983325154,6088.940322415301,351.11917342151344,141.57618301807085,0.0,0.0004058129009698,0.258773349486439,0.0785988554918849,57.15,4.7892583300617985e-09,7.710095965597143e-10,1185.5660004907302,2.847012056764834,0.0001189094465746,0.00148,6.65847e-07,0.0154111111111111,0.0157,6.76e-06,0.0805555555555555,0.023,9e-06,0.0031111111111111,0.0401799999999999,0.0990777777777777,10000000.0,6.554268669179701e-10,27.0,3.0,,0.08091016978763829,3.5644409140862012,0.017159377963771972,0.05908432420691581,0.14762386307804545,118.52465608000732,1.0
1157.0,0.0075,0.0085,450000.0,0.000127,1.0,30.0,400.0,0.001994886404378,6088.940322415301,385.3528593710531,138.6123812280522,0.0,0.0003973174819193,0.2877945124001393,0.0929656962168272,57.15,6.0224106175123204e-09,1.0004187740675e-09,1000.593157373152,1.767159095928724,0.0001620550340607,0.00148,6.65847e-07,0.0154111111111111,0.0157,6.76e-06,0.0805555555555555,0.023,9e-06,0.0031111111111111,0.0401799999999999,0.0990777777777777,10000000.0,9.500621104239733e-10,27.0,3.0,,0.11728186704440702,3.5095518981738483,0.02410735466153824,0.03736694913890498,0.19570019680267928,70.73115531979701,1.0
1158.0,0.0075,0.0085,450000.0,0.000127,1.0,35.0,300.0,0.0012441379409943,7103.763709484519,291.5053062825179,116.71152017048657,0.0,0.0002867494451234,0.1212850329642769,0.057979316326217,57.15,3.531140881988629e-09,5.823880502130992e-10,1297.525,3.5523374566074093,7.577912148051069e-05,0.00148,6.65847e-07,0.0154111111111111,0.0157,6.76e-06,0.0805555555555555,0.023,9e-06,0.0031111111111111,0.0401799999999999,0.0990777777777777,100000000.0,1.1438897648642274e-10,21.0,3.0,,0.010982939149277397,3.561391130472778,0.01754542652243319,0.012142777488782504,0.15044541631070124,24.27808752734379,1.0
1161.0,0.0075,0.0085,450000.0,0.000127,1.0,35.0,375.0,0.0023111565810319,7103.763709484519,351.11917342151344,142.48692300344297,0.0,0.0003500772335832,0.2551308987765238,0.1077045189892514,57.15,7.183772463783854e-09,1.0925468327145254e-09,956.0374558624052,1.6307518136228054,0.0001734281006637,0.00148,6.65847e-07,0.0154111111111111,0.0157,6.76e-06,0.0805555555555555,0.023,9e-06,0.0031111111111111,0.0401799999999999,0.0990777777777777,10000000.0,5.527922244701784e-10,28.0,4.0,,0.07076769749481684,3.556935834020141,0.018109388098716282,0.03647868229245535,0.15453388571409046,72.58393294668629,1.0
1162.0,0.0075,0.0085,450000.0,0.000127,1.0,35.0,400.0,0.0027327361336565,7103.763709484519,385.3528593710531,141.71881102323917,0.0,0.0003481900532621,0.3146819697493467,0.1273509693006642,57.15,8.729564156740818e-09,1.212213593992201e-09,899.8268488457885,1.4702044831271197,0.0002263849147966,0.00148,6.65847e-07,0.0154111111111111,0.0157,6.76e-06,0.0805555555555555,0.023,9e-06,0.0031111111111111,0.0401799999999999,0.0990777777777777,10000000.0,7.602257093298368e-10,28.0,4.0,,0.09732304588256514,3.5094095463787434,0.02412537387610847,0.04982795456611726,0.1958178305688456,94.30455018322445,1.0
1168.0,0.0075,0.0085,500000.0,0.000127,1.0,25.0,400.0,0.0011160039142929,4566.705241811475,385.3528593710531,134.35882635626885,0.0,0.0005135001658443,0.2901980514786113,0.052008014413879,63.5,3.2748728285858556e-09,5.57465341349546e-10,1297.525,3.578238468764828,0.0001019104532193,0.00148,6.65847e-07,0.0154111111111111,0.0157,6.76e-06,0.0805555555555555,0.023,9e-06,0.0031111111111111,0.0401799999999999,0.0990777777777777,10000000.0,7.13022165334643e-10,30.0,3.0,,0.09780012143647537,3.547023148177448,0.019364158458550964,0.10020991562825693,0.16349072865470063,197.28161013353022,1.0
1169.0,0.0075,0.0085,500000.0,0.000127,1.0,30.0,350.0,0.0011368831980344,5480.04629017377,319.92671377973846,123.97785772165624,0.0,0.000394854660387,0.1749376456304839,0.0529810307948026,63.5,3.316631396068952e-09,5.615264664336958e-10,1297.525,3.574017930349312,8.685785956976812e-05,0.00148,6.65847e-07,0.0154111111111111,0.0157,6.76e-06,0.0805555555555555,0.023,9e-06,0.0031111111111111,0.0401799999999999,0.0990777777777777,100000000.0,9.374939712048941e-11,24.0,4.0,,0.010287144348369108,3.5655517702734034,0.017018763256531275,0.07148947048731209,0.14659147555052368,143.58339087902615,1.0
1170.0,0.0075,0.0085,500000.0,0.000127,1.0,30.0,375.0,0.0013661446493375,5480.04629017377,351.11917342151344,141.57618301807088,0.0,0.0004509032232997,0.2525749720023257,0.0636650729484268,63.5,3.775154298675027e-09,6.061189650193932e-10,1297.525,3.527675020582916,0.0001057979817785,0.00148,6.65847e-07,0.0154111111111111,0.0157,6.76e-06,0.0805555555555555,0.023,9e-06,0.0031111111111111,0.0401799999999999,0.0990777777777777,10000000.0,7.455114319349752e-10,30.0,3.0,,0.10225644043099534,3.540591702045071,0.020178265563915047,0.04647345862290357,0.16920119935641523,90.8669610922447,1.0
1171.0,0.0075,0.0085,500000.0,0.000127,1.0,30.0,400.0,0.0016158579875462,5480.04629017377,385.3528593710531,138.61238122805202,0.0,0.0004414638687992,0.2901471021901729,0.07530221393563,63.5,4.506296950184973e-09,7.183689469946736e-10,1228.010207472254,3.094797092702272,0.000136042318652,0.00148,6.65847e-07,0.0154111111111111,0.0157,6.76e-06,0.0805555555555555,0.023,9e-06,0.0031111111111111,0.0401799999999999,0.0990777777777777,10000000.0,1.0176840368397115e-09,30.0,3.0,,0.1395883988265274,3.4883694097949802,0.026788682304432914,0.0350764894280155,0.21283416000526023,64.98116734268793,1.0
1172.0,0.0075,0.0085,500000.0,0.000127,1.0,35.0,300.0,0.0010077517322053,6393.387338536066,291.5053062825179,116.7115201704866,0.0,0.0003186104945816,0.1211125588657848,0.0469632462242358,63.5,3.0583684644107903e-09,5.364097506726104e-10,1297.525,3.600120564852002,7.459207399859724e-05,0.00148,6.65847e-07,0.0154111111111111,0.0157,6.76e-06,0.0805555555555555,0.023,9e-06,0.0031111111111111,0.0401799999999999,0.0990777777777777,100000000.0,6.97792210176742e-11,24.0,4.0,,0.0076568910432884335,3.5959586213615786,0.01316979476435711,0.026312421598260465,0.11732810310364183,54.65945122858186,1.0
1173.0,0.0075,0.0085,500000.0,0.000127,1.0,35.0,325.0,0.0012709061224729,6393.387338536066,319.92671377973846,121.83887767404303,0.0,0.0003326076553393,0.1571740484802229,0.0592267671194839,63.5,3.5846772449458797e-09,5.875945953515993e-10,1297.525,3.54692653640332,9.283816080424331e-05,0.00148,6.65847e-07,0.0154111111111111,0.0157,6.76e-06,0.0805555555555555,0.023,9e-06,0.0031111111111111,0.0401799999999999,0.0990777777777777,10000000.0,3.807403331242045e-10,28.0,4.0,,0.048741851867460655,3.611191719732235,0.011241554464274023,0.009025429493278343,0.10190013151646822,19.076454419345723,1.0
1174.0,0.0075,0.0085,500000.0,0.000127,1.0,35.0,350.0,0.0015584863932101,6393.387338536066,319.92671377973846,127.39635881362491,0.0,0.0003477790095631,0.1737239463223235,0.0726285828963774,63.5,4.276810572840426e-09,6.756765061569756e-10,1262.433164073936,3.295754871047231,0.0001087058682788,0.00148,6.65847e-07,0.0154111111111111,0.0157,6.76e-06,0.0805555555555555,0.023,9e-06,0.0031111111111111,0.0401799999999999,0.0990777777777777,10000000.0,4.560416917960484e-10,28.0,4.0,,0.05838182785761721,3.5948943117812133,0.013304517496048938,0.0025335355683287902,0.11838624103228745,5.256667575502271,1.0
1175.0,0.0075,0.0085,500000.0,0.000127,1.0,35.0,375.0,0.0018720368306358,6393.387338536066,351.11917342151344,142.48692300344302,0.0,0.0003889747039814,0.2469511122946995,0.0872406603812936,63.5,5.531012322543554e-09,9.090016151125596e-10,1074.3029016184669,2.197469211858447,0.0001517463465565,0.00148,6.65847e-07,0.0154111111111111,0.0157,6.76e-06,0.0805555555555555,0.023,9e-06,0.0031111111111111,0.0401799999999999,0.0990777777777777,10000000.0,6.811754849826423e-10,28.0,4.0,,0.08720314528363508,3.5484042914537843,0.019189330195723497,0.03232730662977072,0.16225415945761554,63.736315119645376,1.0
1176.0,0.0075,0.0085,500000.0,0.000127,1.0,35.0,400.0,0.0022135162682618,6393.387338536066,385.3528593710531,141.71881102323906,0.0,0.0003868778369579,0.300461787186294,0.1031542851335379,63.5,6.825757983626726e-09,1.0648313044670155e-09,969.0561642317556,1.6679355229996342,0.0002013108562889,0.00148,6.65847e-07,0.0154111111111111,0.0157,6.76e-06,0.0805555555555555,0.023,9e-06,0.0031111111111111,0.0401799999999999,0.0990777777777777,10000000.0,8.485093419110157e-10,32.0,4.0,,0.12414285103735828,3.477230887312275,0.028198621859205776,0.032984651015397826,0.22155420753284671,60.429001421760695,1.0
1177.0,0.0075,0.0085,500000.0,0.000127,1.0,40.0,300.0,0.0013287752672134,7306.72838689836,291.5053062825179,117.72500362630316,0.0,0.0002812050505237,0.1231981570951198,0.0619235850026806,63.5,3.700415534426876e-09,5.988504333493495e-10,1297.525,3.535228867485476,8.763927052768492e-05,0.00148,6.65847e-07,0.0154111111111111,0.0157,6.76e-06,0.0805555555555555,0.023,9e-06,0.0031111111111111,0.0401799999999999,0.0990777777777777,100000000.0,9.580286773508625e-11,24.0,4.0,,0.010512472182748055,3.563054427122328,0.01733488264274332,0.010582099909691046,0.1489089123135232,21.195957931340203,1.0
1182.0,0.0075,0.0085,550000.0,0.000127,1.0,30.0,375.0,0.0011290451647417,4981.860263794337,351.11917342151344,141.57618301807082,0.0,0.0004959935456297,0.2622265360253497,0.0526157627672948,69.85,3.300955329483493e-09,5.600019297680931e-10,1297.525,3.575602310399104,0.0001036003400885,0.00148,6.65847e-07,0.0154111111111111,0.0157,6.76e-06,0.0805555555555555,0.023,9e-06,0.0031111111111111,0.0401799999999999,0.0990777777777777,10000000.0,9.421198013813697e-10,33.0,3.0,,0.14214617582542952,3.493259868895802,0.026169636848632733,0.02728459743262529,0.20894352930710672,50.79607857356343,1.0
1183.0,0.0075,0.0085,550000.0,0.000127,1.0,30.0,400.0,0.0013354198244183,4981.860263794337,385.3528593710531,138.61238122805227,0.0,0.0004856102556791,0.288403590291621,0.0622332346575455,69.85,3.7137046488367677e-09,6.001428329484978e-10,1297.525,3.533885736692068,0.0001250839026307,0.00148,6.65847e-07,0.0154111111111111,0.0157,6.76e-06,0.0805555555555555,0.023,9e-06,0.0031111111111111,0.0401799999999999,0.0990777777777777,10000000.0,6.364775293200834e-10,32.0,4.0,,0.09312111394442994,3.542925683818749,0.019882824833069697,0.09286924168964546,0.1671378960487603,182.03300968384517,1.0
1186.0,0.0075,0.0085,550000.0,0.000127,1.0,35.0,375.0,0.0015471378765585,5812.17030776006,351.11917342151344,142.48692300344302,0.0,0.0004278721743795,0.242720515852419,0.0720997193233831,69.85,4.231416506234339e-09,6.672316323244285e-10,1269.242274064849,3.335505774263183,0.0001290858575839,0.00148,6.65847e-07,0.0154111111111111,0.0157,6.76e-06,0.0805555555555555,0.023,9e-06,0.0031111111111111,0.0401799999999999,0.0990777777777777,10000000.0,6.615914632513854e-10,32.0,4.0,,0.0967954581207403,3.537319733823488,0.020592438756520583,0.0336453384082956,0.17207655633027666,65.55717486800826,1.0
1187.0,0.0075,0.0085,550000.0,0.000127,1.0,35.0,400.0,0.0018293522878196,5812.17030776006,385.3528593710531,141.71881102323897,0.0,0.0004255656206537,0.3154654070525848,0.0852514753169735,69.85,5.360274151278787e-09,8.77238382105861e-10,1099.913627308182,2.346982067362436,0.0001769379889597,0.00148,6.65847e-07,0.0154111111111111,0.0157,6.76e-06,0.0805555555555555,0.023,9e-06,0.0031111111111111,0.0401799999999999,0.0990777777777777,10000000.0,9.991045950306221e-10,32.0,4.0,,0.14617598980381533,3.4657399647888263,0.029653169014072583,0.043857941931795985,0.23034996442634623,79.44136367197808,1.0
1193.0,0.0075,0.0085,600000.0,0.000127,1.0,30.0,400.0,0.0011221236024626,4566.705241811477,385.3528593710531,138.61238122805213,0.0,0.000529756642559,0.2939893965852591,0.0522932041219653,76.2,3.2871122049253404e-09,5.586556512970017e-10,1297.525,3.577001434998196,0.0001226875145387,0.00148,6.65847e-07,0.0154111111111111,0.0157,6.76e-06,0.0805555555555555,0.023,9e-06,0.0031111111111111,0.0401799999999999,0.0990777777777777,10000000.0,7.553433276199971e-10,36.0,4.0,,0.1243260130059992,3.5022781709537445,0.0250280796261083,0.07719017945729441,0.20166719081322443,145.02777263998988,1.0
1195.0,0.0075,0.0085,600000.0,0.000127,1.0,35.0,375.0,0.0013000255768304,5327.822782113391,351.11917342151344,142.48692300344294,0.0,0.0004667696447777,0.2669541793284524,0.0605837919314539,76.2,3.6429161536609555e-09,5.93258474821412e-10,1297.525,3.541040329899487,0.0001230701886007,0.00148,6.65847e-07,0.0154111111111111,0.0157,6.76e-06,0.0805555555555555,0.023,9e-06,0.0031111111111111,0.0401799999999999,0.0990777777777777,10000000.0,7.583417924404646e-10,36.0,4.0,,0.12481954642667836,3.501574664657343,0.025117131056032554,0.04137084097032004,0.20223961909455326,77.67333667608273,1.0
1202.0,0.0075,0.009,400000.0,0.000127,1.0,20.0,375.0,0.0012467904450667,4566.705241811475,351.11917342151344,140.43844109667435,0.0,0.0005367355815005,0.2840053030347153,0.0581029283210028,50.8,3.536445890133592e-09,5.829039755177172e-10,1297.525,3.551801279434198,7.996029175724362e-05,0.00148,6.65847e-07,0.0154111111111111,0.0157,6.76e-06,0.0805555555555555,0.023,9e-06,0.0031111111111111,0.0401799999999999,0.0990777777777777,10000000.0,7.90496066040244e-10,22.0,2.0,,0.02320369010365997,3.5839434306180147,0.0146907049850615,0.16251868461005242,0.12912807333192286,333.090877038836,1.0
1203.0,0.0075,0.009,400000.0,0.000127,1.0,20.0,400.0,0.0014642621399122,4566.705241811475,385.3528593710531,126.13046794148602,0.0,0.0004820525600173,0.2695185714582954,0.0682375442441901,50.8,3.971389279824476e-09,6.252033075236295e-10,1297.525,3.5078415510381404,9.6515123890223e-05,0.00148,6.65847e-07,0.0154111111111111,0.0157,6.76e-06,0.0805555555555555,0.023,9e-06,0.0031111111111111,0.0401799999999999,0.0990777777777777,10000000.0,9.888159655819979e-10,22.0,2.0,,0.029025039112272943,3.556837265674504,0.018121865104493238,0.13207598810183227,0.15462389354459863,262.7719390769828,1.0
1204.0,0.0075,0.009,400000.0,0.000127,1.0,25.0,300.0,0.0010958212277664,5708.381552264345,291.5053062825179,119.48901999021412,0.0,0.0003653359187217,0.1596071729279195,0.0510674608563733,50.8,3.2345074555329514e-09,5.535397079067181e-10,1297.525,3.5823181970192848,6.253682324459307e-05,0.00148,6.65847e-07,0.0154111111111111,0.0157,6.76e-06,0.0805555555555555,0.023,9e-06,0.0031111111111111,0.0401799999999999,0.0990777777777777,10000000.0,5.972770001415891e-10,22.0,2.0,,0.01753206753672009,3.6110946505951835,0.011253841696812233,0.05082764453482611,0.10200014964344889,107.41907217198529,1.0
1205.0,0.0075,0.009,400000.0,0.000127,1.0,25.0,325.0,0.0013581016074487,5708.381552264345,319.92671377973846,118.41671653114224,0.0,0.000362057366689,0.1768668820207022,0.0632902511103266,50.8,3.759068214897499e-09,6.045545531568191e-10,1297.525,3.52930084107031,7.738344186722772e-05,0.00148,6.65847e-07,0.0154111111111111,0.0157,6.76e-06,0.0805555555555555,0.023,9e-06,0.0031111111111111,0.0401799999999999,0.0990777777777777,10000000.0,7.609884443845783e-10,22.0,2.0,,0.022337543214373288,3.5880416927773666,0.014171937623118193,0.051059087696002314,0.12513883653438376,105.1277421768553,1.0
1206.0,0.0075,0.009,400000.0,0.000127,1.0,25.0,350.0,0.0016449198492867,5708.381552264345,319.92671377973846,123.44854547350016,0.0,0.0003774421095688,0.1915852573653286,0.0766565548164633,50.8,4.62254439714719e-09,7.39995011728428e-10,1210.5730904279214,2.993000947109163,9.363595935529092e-05,0.00148,6.65847e-07,0.0154111111111111,0.0157,6.76e-06,0.0805555555555555,0.023,9e-06,0.0031111111111111,0.0401799999999999,0.0990777777777777,10000000.0,9.53165721582444e-10,22.0,2.0,,0.02797858581614307,3.5616544262900347,0.017512097937970407,0.04677011673272223,0.1502025611611918,93.53820257395566,1.0
1207.0,0.0075,0.009,400000.0,0.000127,1.0,25.0,375.0,0.0019578519194303,5708.381552264345,351.11917342151344,141.11764517282364,0.0,0.0004314651216595,0.3451648702859871,0.0912398151492946,50.8,5.8742726777215275e-09,9.728599694730042e-10,1022.813848341771,1.896881267734425,0.000128655840085,0.00148,6.65847e-07,0.0154111111111111,0.0157,6.76e-06,0.0805555555555555,0.023,9e-06,0.0031111111111111,0.0401799999999999,0.0990777777777777,10000000.0,5.412428668900934e-10,24.0,3.0,,0.05939071258311736,3.5907941742756533,0.013823522243588241,0.15435434255357516,0.1224389997366923,318.7875230668749,1.0
1208.0,0.0075,0.009,400000.0,0.000127,1.0,25.0,400.0,0.0022988907634605,5708.381552264345,385.3528593710531,132.77248879163372,0.0,0.0004059499289359,0.3337998589980659,0.1071329073587874,50.8,7.138797799355266e-09,1.089065139510815e-09,957.6728982052632,1.6354229231564172,0.0001676562072544,0.00148,6.65847e-07,0.0154111111111111,0.0157,6.76e-06,0.0805555555555555,0.023,9e-06,0.0031111111111111,0.0401799999999999,0.0990777777777777,10000000.0,7.332618278761794e-10,24.0,3.0,,0.08046100028586362,3.5552253930485183,0.018325899614111574,0.10602595135341478,0.15609306302170056,210.57746024076494,1.0
1209.0,0.0075,0.009,400000.0,0.000127,1.0,30.0,300.0,0.0015893154399164,6850.0578627172135,291.5053062825179,120.50647514959644,0.0,0.0003070389774049,0.1773348791388626,0.0740652781309884,50.8,4.400126759665972e-09,6.98617602144019e-10,1243.9357360501042,3.187768735986903,8.19599174229009e-05,0.00148,6.65847e-07,0.0154111111111111,0.0157,6.76e-06,0.0805555555555555,0.023,9e-06,0.0031111111111111,0.0401799999999999,0.0990777777777777,10000000.0,8.136326596615423e-10,22.0,2.0,,0.023882826119013125,3.5807419868083605,0.015095951036916404,0.03920677488886107,0.13221912951111012,80.07120050467232,1.0
1211.0,0.0075,0.009,400000.0,0.000127,1.0,30.0,350.0,0.0023837579708258,6850.0578627172135,319.92671377973846,127.49559918807633,0.0,0.0003248465972449,0.2349108011843519,0.1110878889564253,50.8,7.449977559694709e-09,1.1131549792121478e-09,946.3572705565562,1.6031035103568716,0.0001456669510756,0.00148,6.65847e-07,0.0154111111111111,0.0157,6.76e-06,0.0805555555555555,0.023,9e-06,0.0031111111111111,0.0401799999999999,0.0990777777777777,10000000.0,6.230504933619467e-10,24.0,3.0,,0.0683674835081806,3.5754515186966165,0.015765630544732123,0.015275428719745993,0.1372793682721274,31.01478255952026,1.0
1212.0,0.0075,0.009,400000.0,0.000127,1.0,30.0,375.0,0.0028364302206723,6850.0578627172135,351.11917342151344,141.88840433719542,0.0,0.0003615180887103,0.3484548677809033,0.1321833211437746,50.8,9.109775809132084e-09,1.241647506238592e-09,886.0009705770151,1.430715355262806,0.0001911915065415,0.00148,6.65847e-07,0.0154111111111111,0.0157,6.76e-06,0.0805555555555555,0.023,9e-06,0.0031111111111111,0.0401799999999999,0.0990777777777777,10000000.0,8.573934603815721e-10,24.0,3.0,,0.09408199477759879,3.5330329966766993,0.021135063711810224,0.0820095518595298,0.1758136938609908,159.07245427239948,1.0
1213.0,0.0075,0.009,400000.0,0.000127,1.0,30.0,400.0,0.0033297024870706,6850.0578627172135,385.3528593710531,137.17304158683763,0.0,0.0003495037952446,0.3677516810677861,0.155170795302467,50.8,1.091844078592576e-08,1.381664483296631e-09,820.231335057245,1.2428657665321268,0.0002474199093588,0.00148,6.65847e-07,0.0154111111111111,0.0157,6.76e-06,0.0805555555555555,0.023,9e-06,0.0031111111111111,0.0401799999999999,0.0990777777777777,10000000.0,6.615707502123451e-10,24.0,4.0,,0.07259432074369919,3.5438202587355656,0.01976958750182718,0.09980656502161982,0.16634434810831936,195.81725418243468,1.0
1215.0,0.0075,0.009,400000.0,0.000127,1.0,35.0,325.0,0.0027008861357434,7991.734173170083,319.92671377973846,124.3168393728507,0.0,0.0002714977895552,0.2271519172709545,0.125866695697917,50.8,8.612780831059377e-09,1.203172865917902e-09,904.0735152342044,1.482333705499054,0.0001660367957526,0.00148,6.65847e-07,0.0154111111111111,0.0157,6.76e-06,0.0805555555555555,0.023,9e-06,0.0031111111111111,0.0401799999999999,0.0990777777777777,10000000.0,4.1592306968063805e-10,24.0,4.0,,0.04563934048687747,3.5976248004120164,0.012958886023795435,0.015465881086160031,0.1156664754561665,32.18814168875521,1.0
1218.0,0.0075,0.009,400000.0,0.000127,1.0,35.0,400.0,0.0045630884024231,7991.734173170083,385.3528593710531,140.39797921496594,0.0,0.0003066176811378,0.3760185388793565,0.2126490457297234,50.8,1.3669041804846294e-08,1.375930008410746e-09,478.598479273056,1.2432751426619562,0.0003011492641253,0.00148,6.65847e-07,0.0154111111111111,0.0157,6.76e-06,0.0805555555555555,0.023,9e-06,0.0031111111111111,0.0401799999999999,0.0990777777777777,10000000.0,8.447645492209837e-10,24.0,4.0,,0.0926962212573197,3.5064748711836637,0.024496851748903297,0.030493271892313295,0.1982352837530796,57.53817923813892,1.0
1223.0,0.0075,0.009,450000.0,0.000127,1.0,20.0,400.0,0.0011569478636343,4059.293548276868,385.3528593710531,126.13046794148605,0.0,0.0005423091300195,0.2568424497465786,0.0539160843410885,57.15,3.356760727268723e-09,5.654291442162015e-10,1297.525,3.5699620588449505,9.3701361203896e-05,0.00148,6.65847e-07,0.0154111111111111,0.0157,6.76e-06,0.0805555555555555,0.023,9e-06,0.0031111111111111,0.0401799999999999,0.0990777777777777,10000000.0,4.999221191395577e-10,27.0,3.0,,0.061713648893248554,3.594840404686099,0.013311341178974864,0.10103271651224145,0.11843976803570354,209.61346122075923,1.0
1224.0,0.0075,0.009,450000.0,0.000127,1.0,25.0,325.0,0.0010730679367496,5074.116935346085,319.92671377973846,118.4167165311422,0.0,0.0004073145375251,0.1878551100438283,0.0500071119884062,57.15,3.189000873499258e-09,5.491140790374866e-10,1297.525,3.58691754726543,7.560952385916575e-05,0.00148,6.65847e-07,0.0154111111111111,0.0157,6.76e-06,0.0805555555555555,0.023,9e-06,0.0031111111111111,0.0401799999999999,0.0990777777777777,10000000.0,4.4800508557567093e-10,24.0,3.0,,0.04915970796267797,3.6199088764047382,0.010138116910792602,0.048508290092744134,0.09282638703552716,103.56464576215879,1.0
1225.0,0.0075,0.009,450000.0,0.000127,1.0,25.0,350.0,0.0012996897574611,5074.116935346085,319.92671377973846,123.44854547350025,0.0,0.0004246223732649,0.184183267742098,0.0605681420772055,57.15,3.642244514922345e-09,5.931931562749856e-10,1297.525,3.5411082124267983,8.471035431091617e-05,0.00148,6.65847e-07,0.0154111111111111,0.0157,6.76e-06,0.0805555555555555,0.023,9e-06,0.0031111111111111,0.0401799999999999,0.0990777777777777,10000000.0,5.099556488710574e-10,24.0,3.0,,0.055957558473261504,3.6094810755824556,0.011458091698423416,0.0274775671916309,0.1036594885689156,57.96374704752258,1.0
1226.0,0.0075,0.009,450000.0,0.000127,1.0,25.0,375.0,0.0015469447264635,5074.116935346085,351.11917342151344,141.11764517282367,0.0,0.0004853982618669,0.3473519806756243,0.0720907181426525,57.15,4.230643905854046e-09,6.67087901805831e-10,1269.358164121893,3.3361823288271992,0.0001055972855314,0.00148,6.65847e-07,0.0154111111111111,0.0157,6.76e-06,0.0805555555555555,0.023,9e-06,0.0031111111111111,0.0401799999999999,0.0990777777777777,10000000.0,5.719620909155091e-10,27.0,3.0,,0.07060673314427665,3.5806295060768245,0.015110189104199442,0.16447452938869495,0.1323273328775272,335.86110907840754,1.0
1227.0,0.0075,0.009,450000.0,0.000127,1.0,25.0,400.0,0.0018164075168083,5074.116935346085,385.3528593710531,132.77248879163344,0.0,0.0004566936700529,0.3413593919618403,0.0846482230983012,57.15,5.308495067233268e-09,8.67605673150224e-10,1107.6804899150095,2.3923242345748355,0.0001434144920213,0.00148,6.65847e-07,0.0154111111111111,0.0157,6.76e-06,0.0805555555555555,0.023,9e-06,0.0031111111111111,0.0401799999999999,0.0990777777777777,10000000.0,8.17836105649466e-10,27.0,3.0,,0.10095902610419055,3.5337610581234387,0.021042904035007765,0.11557214275934843,0.17518135692739625,224.3452002720428,1.0
1228.0,0.0075,0.009,450000.0,0.000127,1.0,30.0,300.0,0.0012557554093167,6088.940322415301,291.5053062825179,120.5064751495966,0.0,0.0003454188495805,0.1567358194669479,0.0585207135849785,57.15,3.554375818633473e-09,5.846477058891517e-10,1297.525,3.549989101560715,7.62041014555067e-05,0.00148,6.65847e-07,0.0154111111111111,0.0157,6.76e-06,0.0805555555555555,0.023,9e-06,0.0031111111111111,0.0401799999999999,0.0990777777777777,10000000.0,4.519885751289607e-10,24.0,3.0,,0.04959681724874882,3.6192338729858218,0.010223560381541485,0.008438288633220478,0.09353554635021466,18.00156666804471,1.0
1229.0,0.0075,0.009,450000.0,0.000127,1.0,30.0,325.0,0.0015556033263953,6088.940322415301,319.92671377973846,121.78066518836694,0.0,0.0003490711782773,0.1905336498108129,0.0724942262166752,57.15,4.265278305581323e-09,6.73531103700495e-10,1264.1630041628014,3.305853504502019,9.758490970273916e-05,0.00148,6.65847e-07,0.0154111111111111,0.0157,6.76e-06,0.0805555555555555,0.023,9e-06,0.0031111111111111,0.0401799999999999,0.0990777777777777,10000000.0,5.231876931131171e-10,27.0,3.0,,0.06458570317637445,3.590226462231378,0.01389538452767377,0.013273720417763243,0.12299721672041089,27.396733560757806,1.0
1230.0,0.0075,0.009,450000.0,0.000127,1.0,30.0,350.0,0.0018834630880599,6088.940322415301,319.92671377973846,127.49559918807634,0.0,0.0003654524219006,0.2283175294100858,0.0877731468297681,57.15,5.576717352239661e-09,9.175043388858172e-10,1067.4471471640509,2.157446002929013,0.000126040463876,0.00148,6.65847e-07,0.0154111111111111,0.0157,6.76e-06,0.0805555555555555,0.023,9e-06,0.0031111111111111,0.0401799999999999,0.0990777777777777,10000000.0,7.014622318423299e-10,27.0,3.0,,0.08659307566206595,3.5556360608604605,0.0182739163467772,0.013771306918251652,0.15571923765652335,27.36321983708876,1.0
1231.0,0.0075,0.009,450000.0,0.000127,1.0,30.0,375.0,0.0022411300509016,6088.940322415301,351.11917342151344,141.88840433719542,0.0,0.0004067078497991,0.3520265575447001,0.1044411426321182,57.15,6.927008519972683e-09,1.072669568715267e-09,965.374326546448,1.657419550248801,0.0001678735419272,0.00148,6.65847e-07,0.0154111111111111,0.0157,6.76e-06,0.0805555555555555,0.023,9e-06,0.0031111111111111,0.0401799999999999,0.0990777777777777,10000000.0,9.930703991707497e-10,27.0,3.0,,0.12259109088068436,3.5018210710695454,0.02508594037094356,0.08481432403189744,0.20203921680966444,159.27803954352598,1.0
1232.0,0.0075,0.009,450000.0,0.000127,1.0,30.0,400.0,0.0026308760391669,6088.940322415301,385.3528593710531,137.17304158683783,0.0,0.0003931917696502,0.3847767129350218,0.1226040851772579,57.15,8.35607714361213e-09,1.183300266637668e-09,913.4081947777408,1.5089951838443134,0.0002175172029821,0.00148,6.65847e-07,0.0154111111111111,0.0157,6.76e-06,0.0805555555555555,0.023,9e-06,0.0031111111111111,0.0401799999999999,0.0990777777777777,10000000.0,7.238218640838866e-10,28.0,4.0,,0.09266267586653847,3.5175338108154093,0.023096985972733033,0.12932995189122531,0.1890487467599992,246.83060850547886,1.0
1234.0,0.0075,0.009,450000.0,0.000127,1.0,35.0,325.0,0.0021340334899701,7103.763709484519,319.92671377973846,124.3168393728507,0.0,0.0003054350132497,0.2027886128534304,0.0994502286995887,57.15,6.534321129890538e-09,1.042269852906326e-09,979.6538680039804,1.6982044195712689,0.000145829206496,0.00148,6.65847e-07,0.0154111111111111,0.0157,6.76e-06,0.0805555555555555,0.023,9e-06,0.0031111111111111,0.0401799999999999,0.0990777777777777,10000000.0,4.532294337692602e-10,28.0,4.0,,0.058021806467106765,3.5808552376658964,0.01508161548532962,0.005136577686734936,0.13211015803640852,10.491645664882384,1.0
1236.0,0.0075,0.009,450000.0,0.000127,1.0,35.0,375.0,0.0030721568979673,7103.763709484519,351.11917342151344,142.76996875050258,0.0,0.0003507726508891,0.287669610553911,0.1431686557590757,57.15,9.97410695921372e-09,1.308559309344367e-09,854.5707469376829,1.3409451362597364,0.00023378502865,0.00148,6.65847e-07,0.0154111111111111,0.0157,6.76e-06,0.0805555555555555,0.023,9e-06,0.0031111111111111,0.0401799999999999,0.0990777777777777,10000000.0,7.91169176252027e-10,28.0,4.0,,0.10128438580316414,3.502573725912118,0.024990667606061036,0.003036568991671068,0.20142645882880017,5.706938838182313,1.0
1243.0,0.0075,0.009,500000.0,0.000127,1.0,25.0,350.0,0.0010527487035435,4566.705241811475,319.92671377973846,123.44854547350036,0.0,0.000471802636961,0.1972378466998264,0.0490601950825364,63.5,3.1483624070870995e-09,5.451618865827382e-10,1297.525,3.5910248770657067,8.310402603109687e-05,0.00148,6.65847e-07,0.0154111111111111,0.0157,6.76e-06,0.0805555555555555,0.023,9e-06,0.0031111111111111,0.0401799999999999,0.0990777777777777,10000000.0,6.27241486121214e-10,27.0,3.0,,0.07743078244345089,3.581976606331444,0.01493967008462728,0.03056686917383901,0.13102968330475448,62.51166238002425,1.0
1244.0,0.0075,0.009,500000.0,0.000127,1.0,25.0,375.0,0.0012530252284354,4566.705241811475,351.11917342151344,141.11764517282373,0.0,0.0005393314020744,0.3355450591134764,0.0583934816955485,63.5,3.5489154568708876e-09,5.841166720568361e-10,1297.525,3.5505409803240595,0.000100255817057,0.00148,6.65847e-07,0.0154111111111111,0.0157,6.76e-06,0.0805555555555555,0.023,9e-06,0.0031111111111111,0.0401799999999999,0.0990777777777777,10000000.0,6.993465606352868e-10,30.0,3.0,,0.09592433711259457,3.5497433425033456,0.019019830062867695,0.14104724030533322,0.16105178090086328,278.4869817523185,1.0
1245.0,0.0075,0.009,500000.0,0.000127,1.0,25.0,400.0,0.0014712900886147,4566.705241811475,385.3528593710531,132.77248879163344,0.0,0.0005074374111699,0.3368341538968549,0.0685650607096239,63.5,3.985445177229472e-09,6.265702786860094e-10,1297.525,3.5064209214874174,0.0001210220025112,0.00148,6.65847e-07,0.0154111111111111,0.0157,6.76e-06,0.0805555555555555,0.023,9e-06,0.0031111111111111,0.0401799999999999,0.0990777777777777,10000000.0,8.779281362577084e-10,30.0,3.0,,0.12041908724984024,3.5148213217807096,0.023440339015100085,0.10767000593739076,0.19132141130382377,204.91598125433308,1.0
1246.0,0.0075,0.009,500000.0,0.000127,1.0,30.0,300.0,0.0010171618815465,5480.04629017377,291.5053062825179,120.50647514959655,0.0,0.0003837987217561,0.171316582789583,0.0474017780038326,63.5,3.077188763093113e-09,5.382400717702126e-10,1297.525,3.5982183972641795,7.497446541125644e-05,0.00148,6.65847e-07,0.0154111111111111,0.0157,6.76e-06,0.0805555555555555,0.023,9e-06,0.0031111111111111,0.0401799999999999,0.0990777777777777,10000000.0,5.553530085432324e-10,27.0,3.0,,0.06855639962487582,3.594684671685311,0.01333105421704928,0.015178405160874583,0.1185943664788081,31.48524752518343,1.0
1247.0,0.0075,0.009,500000.0,0.000127,1.0,30.0,325.0,0.0012600386943802,5480.04629017377,319.92671377973846,121.78066518836717,0.0,0.0003878568647525,0.1928972607301655,0.0587203232355069,63.5,3.562942388760437e-09,5.854808262504242e-10,1297.525,3.5491232783179827,9.235321497354304e-05,0.00148,6.65847e-07,0.0154111111111111,0.0157,6.76e-06,0.0805555555555555,0.023,9e-06,0.0031111111111111,0.0401799999999999,0.0990777777777777,10000000.0,3.784953397250473e-10,28.0,4.0,,0.048454450911519766,3.6116836344004764,0.011179286784749802,0.04554248658313883,0.10139292959690538,96.31450988520515,1.0
1248.0,0.0075,0.009,500000.0,0.000127,1.0,30.0,350.0,0.0015256051013285,5480.04629017377,319.92671377973846,127.49559918807633,0.0,0.0004060582465562,0.2156681867945352,0.0710962489321122,63.5,4.145285405314124e-09,6.512082544975116e-10,1282.1619392028813,3.4109294873725005,0.0001055330051944,0.00148,6.65847e-07,0.0154111111111111,0.0157,6.76e-06,0.0805555555555555,0.023,9e-06,0.0031111111111111,0.0401799999999999,0.0990777777777777,10000000.0,7.432806903551719e-10,30.0,3.0,,0.10195046565488752,3.5410319044627863,0.02012254373888786,0.002441472207535475,0.16881283106333317,4.7759059277955265,1.0
1249.0,0.0075,0.009,500000.0,0.000127,1.0,30.0,375.0,0.0018153153412303,5480.04629017377,351.11917342151344,141.88840433719545,0.0,0.0004518976108879,0.3400641932296608,0.0845973255320157,63.5,5.304126364921312e-09,8.66792942707795e-10,1108.3357952618032,2.396149841658881,0.0001457459378579,0.00148,6.65847e-07,0.0154111111111111,0.0157,6.76e-06,0.0805555555555555,0.023,9e-06,0.0031111111111111,0.0401799999999999,0.0990777777777777,10000000.0,6.476947745960876e-10,28.0,4.0,,0.08291699095717331,3.5551146558255917,0.01833991698410238,0.1323698767404718,0.1561938089595034,262.86757608165715,1.0
1250.0,0.0075,0.009,500000.0,0.000127,1.0,30.0,400.0,0.0021310095917252,5480.04629017377,385.3528593710531,137.17304158683774,0.0,0.0004368797440558,0.3814787528440186,0.0993093089935789,63.5,6.52323350299249e-09,1.041411509309844e-09,980.0570544366368,1.699355990580561,0.0001933287587829,0.00148,6.65847e-07,0.0154111111111111,0.0157,6.76e-06,0.0805555555555555,0.023,9e-06,0.0031111111111111,0.0401799999999999,0.0990777777777777,10000000.0,9.37167502178515e-10,28.0,4.0,,0.11997488995021147,3.499279861244637,0.02540761250067884,0.12201455390022822,0.20410115953242014,228.5465432300955,1.0
1251.0,0.0075,0.009,500000.0,0.000127,1.0,35.0,300.0,0.0013961240933672,6393.387338536066,291.5053062825179,121.54330377111656,0.0,0.0003318007688618,0.1779844323882245,0.0650621749991001,63.5,3.835113186734482e-09,6.119501167803952e-10,1297.525,3.521614975766746,9.037695719973632e-05,0.00148,6.65847e-07,0.0154111111111111,0.0157,6.76e-06,0.0805555555555555,0.023,9e-06,0.0031111111111111,0.0401799999999999,0.0990777777777777,100000000.0,1.0406579746010065e-10,24.0,4.0,,0.011419165488865065,3.5531677434266986,0.01858636159155715,0.061323091900259336,0.15796113999709457,121.52379599038709,1.0
1252.0,0.0075,0.009,500000.0,0.000127,1.0,35.0,325.0,0.0017285671268758,6393.387338536066,319.92671377973846,124.31683937285068,0.0,0.0003393722369441,0.2270083659956291,0.0805546852466669,63.5,4.957133507503275e-09,8.022402132262446e-10,1160.3847238745088,2.7000062820069948,0.000125112934683,0.00148,6.65847e-07,0.0154111111111111,0.0157,6.76e-06,0.0805555555555555,0.023,9e-06,0.0031111111111111,0.0401799999999999,0.0990777777777777,10000000.0,5.379683665217194e-10,28.0,4.0,,0.0688699676633089,3.577598243613732,0.015493893213451689,0.037403713085653295,0.13523319577522586,76.1235223510319,1.0
1261.0,0.0075,0.009,550000.0,0.000127,1.0,25.0,375.0,0.0010355580400292,4151.550219828614,351.11917342151344,141.11764517282364,0.0,0.0005932645422818,0.3523899275967497,0.048259075781445,69.85,3.1139810800585837e-09,5.418182165758975e-10,1297.525,3.59449979778848,9.856298157278702e-05,0.00148,6.65847e-07,0.0154111111111111,0.0157,6.76e-06,0.0805555555555555,0.023,9e-06,0.0031111111111111,0.0401799999999999,0.0990777777777777,10000000.0,8.843696373799786e-10,33.0,3.0,,0.13343288378544388,3.504805486994431,0.024708166203236542,0.13051796802986082,0.199603972863237,245.85575385357598,1.0
1262.0,0.0075,0.009,550000.0,0.000127,1.0,25.0,400.0,0.0012159422219956,4151.550219828614,385.3528593710531,132.77248879163363,0.0,0.0005581811522869,0.3202166054813833,0.0566653394294413,69.85,3.474749443991301e-09,5.769038418892641e-10,1297.525,3.5580369392458,0.0001180143527498,0.00148,6.65847e-07,0.0154111111111111,0.0157,6.76e-06,0.0805555555555555,0.023,9e-06,0.0031111111111111,0.0401799999999999,0.0990777777777777,10000000.0,1.118166744925552e-09,33.0,3.0,,0.1687079780016168,3.4588725094328585,0.030522467160397693,0.05466328805032519,0.23551241878407062,98.34931395556363,1.0
1263.0,0.0075,0.009,550000.0,0.000127,1.0,30.0,325.0,0.0010413542928762,4981.860263794337,319.92671377973846,121.78066518836704,0.0,0.0004266425512278,0.1859012185290659,0.0485291927566173,69.85,3.125573585752427e-09,5.429456167358876e-10,1297.525,3.5933281432380024,9.085523158077146e-05,0.00148,6.65847e-07,0.0154111111111111,0.0157,6.76e-06,0.0805555555555555,0.023,9e-06,0.0031111111111111,0.0401799999999999,0.0990777777777777,10000000.0,4.365144675280895e-10,32.0,4.0,,0.06386511949997407,3.589060352639804,0.014042993336733695,0.03332690627247453,0.12414159838530511,68.69641111092884,1.0
1264.0,0.0075,0.009,550000.0,0.000127,1.0,30.0,350.0,0.0012608306622549,4981.860263794337,319.92671377973846,127.49559918807626,0.0,0.0004466640712118,0.2188192664326136,0.0587572305224068,69.85,3.5645263245099703e-09,5.856348679619056e-10,1297.525,3.548963189931777,0.0001016274109824,0.00148,6.65847e-07,0.0154111111111111,0.0157,6.76e-06,0.0805555555555555,0.023,9e-06,0.0031111111111111,0.0401799999999999,0.0990777777777777,10000000.0,4.967983384947595e-10,32.0,4.0,,0.07268507143652621,3.574864663150017,0.01583991605695992,0.04719696447368059,0.13783705127027,95.76538768474984,1.0
1265.0,0.0075,0.009,550000.0,0.000127,1.0,30.0,375.0,0.001500260612587,4981.860263794337,351.11917342151344,141.88840433719545,0.0,0.0004970873719767,0.3737001501742269,0.0699151450677816,69.85,4.043907450348194e-09,6.323484319899137e-10,1297.3686324477708,3.499704641866842,0.0001236227078723,0.00148,6.65847e-07,0.0154111111111111,0.0157,6.76e-06,0.0805555555555555,0.023,9e-06,0.0031111111111111,0.0401799999999999,0.0990777777777777,10000000.0,6.274073009802221e-10,32.0,4.0,,0.09179407610282615,3.544960385864067,0.019625267612143376,0.17181092900361916,0.16533078446030947,337.4973217045605,1.0
1266.0,0.0075,0.009,550000.0,0.000127,1.0,30.0,400.0,0.001761164951839,4981.860263794337,385.3528593710531,137.17304158683783,0.0,0.0004805677184614,0.4097328767334259,0.0820738090856024,69.85,5.087524807356115e-09,8.26497526096543e-10,1140.8260288965826,2.5858245765953605,0.0001682256604009,0.00148,6.65847e-07,0.0154111111111111,0.0157,6.76e-06,0.0805555555555555,0.023,9e-06,0.0031111111111111,0.0401799999999999,0.0990777777777777,10000000.0,9.316854100869114e-10,32.0,4.0,,0.13631209152936957,3.4795017264770456,0.027911173863665144,0.15116697611845392,0.21979214335490532,277.569915750377,1.0
1268.0,0.0075,0.009,550000.0,0.000127,1.0,35.0,325.0,0.001428567873451,5812.17030776006,319.92671377973846,124.31683937285078,0.0,0.0003733094606385,0.2164851998731143,0.0665741200385676,69.85,3.900000746902179e-09,6.18260594225604e-10,1297.525,3.515056790060597,0.0001098614845858,0.00148,6.65847e-07,0.0154111111111111,0.0157,6.76e-06,0.0805555555555555,0.023,9e-06,0.0031111111111111,0.0401799999999999,0.0990777777777777,10000000.0,5.444479345896263e-10,32.0,4.0,,0.07965654059757606,3.5638219109859155,0.017237732786593008,0.03007453923697065,0.14819805804878788,60.28964918247588,1.0
1277.0,0.0075,0.009,600000.0,0.000127,1.0,25.0,400.0,0.0010217292282046,3805.587701509565,385.3528593710531,132.7724887916336,0.0,0.0006089248934039,0.339740240014619,0.0476146254927944,76.2,3.086323456409358e-09,5.391284435319512e-10,1297.525,3.5972951538107063,0.0001162082521891,0.00148,6.65847e-07,0.0154111111111111,0.0157,6.76e-06,0.0805555555555555,0.023,9e-06,0.0031111111111111,0.0401799999999999,0.0990777777777777,10000000.0,7.054320565672053e-10,36.0,4.0,,0.11611084897773218,3.5140737955131947,0.02353496259326651,0.13583476554409235,0.1919454905097647,258.31923406737064,1.0
1278.0,0.0075,0.009,600000.0,0.000127,1.0,30.0,350.0,0.0010594479870337,4566.705241811477,319.92671377973846,127.49559918807628,0.0,0.0004872698958674,0.2223255937542298,0.0493723950917446,76.2,3.161760974067405e-09,5.464649307179901e-10,1297.525,3.589670683901008,0.0001000835003261,0.00148,6.65847e-07,0.0154111111111111,0.0157,6.76e-06,0.0805555555555555,0.023,9e-06,0.0031111111111111,0.0401799999999999,0.0990777777777777,10000000.0,5.876720899858226e-10,36.0,4.0,,0.09672810393791828,3.542557511283554,0.019929428951448877,0.036045094724566906,0.16746405112081733,70.62432582859448,1.0
1279.0,0.0075,0.009,600000.0,0.000127,1.0,30.0,375.0,0.0012606356536321,4566.705241811477,351.11917342151344,141.88840433719545,0.0,0.0005422771330655,0.3441307287335247,0.0587481427305665,76.2,3.564136307264346e-09,5.855969378097259e-10,1297.525,3.549002608974793,0.0001207543997491,0.00148,6.65847e-07,0.0154111111111111,0.0157,6.76e-06,0.0805555555555555,0.023,9e-06,0.0031111111111111,0.0401799999999999,0.0990777777777777,10000000.0,7.402841590617879e-10,36.0,4.0,,0.12184734361478781,3.505820130860866,0.02457973027077643,0.12335524238817037,0.19877264760280627,232.60472174812656,1.0
1280.0,0.0075,0.009,600000.0,0.000127,1.0,30.0,400.0,0.0014798677720314,4566.705241811477,385.3528593710531,137.17304158683783,0.0,0.000524255692867,0.3865100389861829,0.0689647979122076,76.2,4.002600544062815e-09,6.282386809989689e-10,1297.525,3.5046870285615714,0.0001457801725038,0.00148,6.65847e-07,0.0154111111111111,0.0157,6.76e-06,0.0805555555555555,0.023,9e-06,0.0031111111111111,0.0401799999999999,0.0990777777777777,10000000.0,9.477350962768406e-10,36.0,4.0,,0.155992806975895,3.4582782183280454,0.030597693882525877,0.12137243409808021,0.2359559097088095,218.24466249029885,1.0
1281.0,0.0075,0.009,600000.0,0.000127,1.0,35.0,325.0,0.0012003938381082,5327.822782113391,319.92671377973846,124.31683937285072,0.0,0.0004072466843329,0.2124555668417659,0.0559407536435186,76.2,3.443652676216416e-09,5.73879603481237e-10,1297.525,3.5611798895648072,0.0001076300550084,0.00148,6.65847e-07,0.0154111111111111,0.0157,6.76e-06,0.0805555555555555,0.023,9e-06,0.0031111111111111,0.0401799999999999,0.0990777777777777,10000000.0,6.417013175266846e-10,36.0,4.0,,0.10562106452991102,3.5293732268995215,0.02159832570892131,0.010713748668336076,0.17897765245048608,20.70148885398665,1.0
1291.0,0.0075,0.0095,400000.0,0.000127,1.0,20.0,350.0,0.0013625123547059,4566.705241811475,319.92671377973846,119.61092441473146,0.0,0.0004571357996302,0.2331853558515332,0.0634958007540054,50.8,3.767889709411848e-09,6.054124655520754e-10,1297.525,3.5284092526197446,7.754091271188623e-05,0.00148,6.65847e-07,0.0154111111111111,0.0157,6.76e-06,0.0805555555555555,0.023,9e-06,0.0031111111111111,0.0401799999999999,0.0990777777777777,10000000.0,7.627818704082226e-10,22.0,2.0,,0.022390186236222763,3.587792117256162,0.014203529461245352,0.10711936886130494,0.1253828174076061,220.49114813358315,1.0
1292.0,0.0075,0.0095,400000.0,0.000127,1.0,20.0,375.0,0.0016111317515871,4566.705241811475,351.11917342151344,138.89533725432756,0.0,0.0005308380599126,0.3970868419865412,0.0750819618874655,50.8,4.4873920063487e-09,7.148519704943289e-10,1230.845949047695,3.1113518684455386,9.9303687970107e-05,0.00148,6.65847e-07,0.0154111111111111,0.0157,6.76e-06,0.0805555555555555,0.023,9e-06,0.0031111111111111,0.0401799999999999,0.0990777777777777,1000000.0,2.370251861480113e-09,24.0,4.0,,0.2600883183248487,3.639789031473425,0.007621641585642407,0.021736561774227003,0.07143095652360545,47.50181450676612,1.0
1293.0,0.0075,0.0095,400000.0,0.000127,1.0,20.0,400.0,0.0018822003976696,4566.705241811475,385.3528593710531,123.78680712401538,0.0,0.0004730954244789,0.3810527790644294,0.0877143029322026,50.8,5.571666590678741e-09,9.165647217215215e-10,1068.2047613981888,2.161868879066487,0.0001335906583339,0.00148,6.65847e-07,0.0154111111111111,0.0157,6.76e-06,0.0805555555555555,0.023,9e-06,0.0031111111111111,0.0401799999999999,0.0990777777777777,10000000.0,5.646806738596551e-10,24.0,3.0,,0.061962548892584124,3.586369296323957,0.014383633376714316,0.19119592723964257,0.12677114827286246,392.92699054317575,1.0
1294.0,0.0075,0.0095,400000.0,0.000127,1.0,25.0,300.0,0.0014565921747676,5708.381552264345,291.5053062825179,121.05824340372916,0.0,0.0003701337961961,0.2094415354234169,0.0678801085285209,50.8,3.9560493495352535e-09,6.237114609531772e-10,1297.525,3.5093919577924724,7.42680487872356e-05,0.00148,6.65847e-07,0.0154111111111111,0.0157,6.76e-06,0.0805555555555555,0.023,9e-06,0.0031111111111111,0.0401799999999999,0.0990777777777777,10000000.0,7.257637658817009e-10,22.0,2.0,,0.0213035816817422,3.592956511716863,0.013549808643435137,0.0800778452131537,0.12030630393481555,165.78644032126775,1.0
1295.0,0.0075,0.0095,400000.0,0.000127,1.0,25.0,325.0,0.0017833236658179,5708.381552264345,319.92671377973846,118.51131084405964,0.0,0.0003623465874075,0.2198184118525538,0.08310644947445,50.8,5.176159663271967e-09,8.429866893581347e-10,1127.530800509205,2.508208362792687,0.0001043142513749,0.00148,6.65847e-07,0.0154111111111111,0.0157,6.76e-06,0.0805555555555555,0.023,9e-06,0.0031111111111111,0.0401799999999999,0.0990777777777777,10000000.0,4.289418929835902e-10,24.0,3.0,,0.04706789916220691,3.612328650041511,0.011097639235251783,0.04946406321589679,0.10072700005246508,104.68549026847326,1.0
1296.0,0.0075,0.0095,400000.0,0.000127,1.0,25.0,350.0,0.0021407346294574,5708.381552264345,319.92671377973846,124.89766151733932,0.0,0.0003818727605295,0.2605806845408789,0.0997625152019752,50.8,6.558891974677251e-09,1.0441719936869236e-09,978.7603827390092,1.6956524692945891,0.0001300564112996,0.00148,6.65847e-07,0.0154111111111111,0.0157,6.76e-06,0.0805555555555555,0.023,9e-06,0.0031111111111111,0.0401799999999999,0.0990777777777777,10000000.0,5.478709915799706e-10,24.0,3.0,,0.06011801833161324,3.5895404349634688,0.013982223422345706,0.06052015100729046,0.12367082322594602,124.81662148851463,1.0
1297.0,0.0075,0.0095,400000.0,0.000127,1.0,25.0,375.0,0.0025308123337988,5708.381552264345,351.11917342151344,139.53168116443095,0.0,0.0004266160600628,0.4324760780433122,0.117940916379692,50.8,7.989176890595631e-09,1.154896850323237e-09,926.7500221601588,1.547101777668292,0.0001696452322287,0.00148,6.65847e-07,0.0154111111111111,0.0157,6.76e-06,0.0805555555555555,0.023,9e-06,0.0031111111111111,0.0401799999999999,0.0990777777777777,10000000.0,7.434957605533308e-10,24.0,3.0,,0.0815839722295236,3.5533724983374677,0.018560443248421758,0.1927711894340964,0.15777561991768072,382.0982815578677,1.0
1298.0,0.0075,0.0095,400000.0,0.000127,1.0,25.0,400.0,0.0029560667403128,5708.381552264345,385.3528593710531,130.37807421359813,0.0,0.0003986290416298,0.3859148734489981,0.1377586222320596,50.8,9.548443047813805e-09,1.2756067311269383e-09,870.0494346249526,1.385154977064924,0.0002185122642361,0.00148,6.65847e-07,0.0154111111111111,0.0157,6.76e-06,0.0805555555555555,0.023,9e-06,0.0031111111111111,0.0401799999999999,0.0990777777777777,10000000.0,5.703726901563361e-10,24.0,4.0,,0.06258713523741116,3.5632739751761275,0.017307091749857277,0.14538911597952725,0.14870568502676199,291.28409909552727,1.0
1300.0,0.0075,0.0095,400000.0,0.000127,1.0,30.0,325.0,0.0025860832048513,6850.0578627172135,319.92671377973846,122.00504585466206,0.0,0.0003108571922874,0.2322068151721225,0.120516649512481,50.8,8.191836751121496e-09,1.170585671307729e-09,919.3805726864912,1.526053340317839,0.0001586628882212,0.00148,6.65847e-07,0.0154111111111111,0.0157,6.76e-06,0.0805555555555555,0.023,9e-06,0.0031111111111111,0.0401799999999999,0.0990777777777777,10000000.0,3.952534940974112e-10,24.0,4.0,,0.04337126288664607,3.602362113378983,0.01235922615455911,0.028138902772995328,0.11090773906720862,58.878825388521264,1.0
1301.0,0.0075,0.0095,400000.0,0.000127,1.0,30.0,350.0,0.0031034146392268,6850.0578627172135,319.92671377973846,128.43278461552006,0.0,0.0003272344561125,0.2710350718580004,0.1446253290172508,50.8,1.0088718677165213e-08,1.317431923393346e-09,850.4030481030833,1.3290414590408235,0.0001918899227365,0.00148,6.65847e-07,0.0154111111111111,0.0157,6.76e-06,0.0805555555555555,0.023,9e-06,0.0031111111111111,0.0401799999999999,0.0990777777777777,10000000.0,4.903424905312323e-10,24.0,4.0,,0.05380540179635093,3.580846344410626,0.015082741213844859,0.032424341044398564,0.13211871623456511,66.22723598579292,1.0
1302.0,0.0075,0.0095,400000.0,0.000127,1.0,30.0,375.0,0.0036679533730777,6850.0578627172135,351.11917342151344,140.2969009165428,0.0,0.0003574630901536,0.426800300416738,0.1709339630921683,50.8,1.1878771746155456e-08,1.421461051678401e-09,747.1389880766814,1.188323101588784,0.000243803465688,0.00148,6.65847e-07,0.0154111111111111,0.0157,6.76e-06,0.0805555555555555,0.023,9e-06,0.0031111111111111,0.0401799999999999,0.0990777777777777,10000000.0,6.499006233338828e-10,24.0,4.0,,0.07131375485794494,3.546276624597371,0.01945865511425684,0.14437258246662465,0.16415758969210917,283.9973429424585,1.0
1303.0,0.0075,0.0095,400000.0,0.000127,1.0,30.0,400.0,0.0042833212609042,6850.0578627172135,385.3528593710531,134.7669317500622,0.0,0.0003433732574218,0.4450202951077354,0.1996113374006592,50.8,1.3109507521808473e-08,1.3901603640641059e-09,562.5286217287293,1.2261003310998242,0.0002904765561225,0.00148,6.65847e-07,0.0154111111111111,0.0157,6.76e-06,0.0805555555555555,0.023,9e-06,0.0031111111111111,0.0401799999999999,0.0990777777777777,10000000.0,8.06815451977024e-10,24.0,4.0,,0.08853205750555533,3.514028429708064,0.023540705100245096,0.11669690020152078,0.19198333357021458,221.91404383700942,1.0
1305.0,0.0075,0.0095,400000.0,0.000127,1.0,35.0,325.0,0.0035490161185094,7991.734173170083,319.92671377973846,124.64355272985148,0.0,0.0002722113047531,0.2771423515415986,0.1653912491547761,50.8,1.1640897237018844e-08,1.4275107951320183e-09,782.8201644471733,1.1810215831765871,0.0002189105210533,0.00148,6.65847e-07,0.0154111111111111,0.0157,6.76e-06,0.0805555555555555,0.023,9e-06,0.0031111111111111,0.0401799999999999,0.0990777777777777,10000000.0,5.715977147501767e-10,24.0,4.0,,0.06272155748666515,3.5630086882020775,0.017340672379483932,0.008849544900157352,0.14895123888060371,17.724766779155246,1.0
1307.0,0.0075,0.0095,400000.0,0.000127,1.0,35.0,375.0,0.0050303634610438,7991.734173170083,351.11917342151344,141.19339245767094,0.0,0.0003083547984766,0.4076488393658621,0.2344249980115661,50.8,1.4664318844175457e-08,1.356571231822566e-09,346.9910889010047,1.2687253610108045,0.00029232398147,0.00148,6.65847e-07,0.0154111111111111,0.0157,6.76e-06,0.0805555555555555,0.023,9e-06,0.0031111111111111,0.0401799999999999,0.0990777777777777,10000000.0,8.133254555273648e-10,24.0,4.0,,0.08924640179242768,3.512726034675717,0.02370556523092185,0.04379743956186832,0.1930682505463485,83.17459101865535,1.0
1311.0,0.0075,0.0095,450000.0,0.000127,1.0,20.0,350.0,0.0010765529716194,4059.293548276868,319.92671377973846,119.61092441473136,0.0,0.000514277774584,0.2152416583382313,0.0501695215834117,57.15,3.19597094323899e-09,5.497919357448496e-10,1297.525,3.5862130823168354,7.574946395478373e-05,0.00148,6.65847e-07,0.0154111111111111,0.0157,6.76e-06,0.0805555555555555,0.023,9e-06,0.0031111111111111,0.0401799999999999,0.0990777777777777,10000000.0,4.489418592073489e-10,24.0,3.0,,0.04926250036312862,3.6197500840339107,0.010158217210897477,0.07562963639169099,0.09299331426377001,161.43869911250127,1.0
1312.0,0.0075,0.0095,450000.0,0.000127,1.0,20.0,375.0,0.0012729929889083,4059.293548276868,351.11917342151344,138.89533725432747,0.0,0.0005971928174016,0.3873811799935833,0.0593240192691085,57.15,3.588850977816771e-09,5.880005013076252e-10,1297.525,3.54650469722206,9.111067284623142e-05,0.00148,6.65847e-07,0.0154111111111111,0.0157,6.76e-06,0.0805555555555555,0.023,9e-06,0.0031111111111111,0.0401799999999999,0.0990777777777777,10000000.0,4.845340685928263e-10,27.0,3.0,,0.05981404751088315,3.59790506088462,0.01292341001460507,0.22806311321359157,0.11538636571034647,474.8034060272895,1.0
1313.0,0.0075,0.0095,450000.0,0.000127,1.0,20.0,400.0,0.0014871706845785,4059.293548276868,385.3528593710531,123.78680712401538,0.0,0.0005322323525388,0.3831955961727996,0.0693051282427281,57.15,4.017206369157036e-09,6.296591340039443e-10,1297.525,3.5032108178192987,0.0001096887346865,0.00148,6.65847e-07,0.0154111111111111,0.0157,6.76e-06,0.0805555555555555,0.023,9e-06,0.0031111111111111,0.0401799999999999,0.0990777777777777,10000000.0,5.972837423774107e-10,27.0,3.0,,0.07373260305058653,3.5756872118855227,0.015735795963857966,0.19997786487948488,0.13705518825908286,406.1347006634683,1.0
1314.0,0.0075,0.0095,450000.0,0.000127,1.0,25.0,300.0,0.0011508876442608,5074.116935346085,291.5053062825179,121.0582434037293,0.0,0.0004164005207206,0.2185513403727712,0.0536336659978437,57.15,3.3446402885216835e-09,5.64250401246955e-10,1297.525,3.571187071589114,7.236808085274294e-05,0.00148,6.65847e-07,0.0154111111111111,0.0157,6.76e-06,0.0805555555555555,0.023,9e-06,0.0031111111111111,0.0401799999999999,0.0990777777777777,10000000.0,4.264398631555937e-10,24.0,3.0,,0.04679335081528319,3.6235739125577977,0.00967418828382306,0.0779443235596442,0.08895644496526413,167.12013626418775,1.0
1315.0,0.0075,0.0095,450000.0,0.000127,1.0,25.0,325.0,0.0014090458594117,5074.116935346085,319.92671377973846,118.51131084405932,0.0,0.0004076399108335,0.2435760009426866,0.0656643551403061,57.15,3.860956718823491e-09,6.144634648848816e-10,1297.525,3.51900296997851,8.910254801810315e-05,0.00148,6.65847e-07,0.0154111111111111,0.0157,6.76e-06,0.0805555555555555,0.023,9e-06,0.0031111111111111,0.0401799999999999,0.0990777777777777,10000000.0,4.726779061947576e-10,27.0,3.0,,0.058350445450796075,3.600273387028008,0.012623621895188872,0.07938120035158433,0.11301220872923386,165.7068464689126,1.0
1316.0,0.0075,0.0095,450000.0,0.000127,1.0,25.0,350.0,0.0016914446454972,5074.116935346085,319.92671377973846,124.89766151733927,0.0,0.0004296068555957,0.2675307222748038,0.0788247033694619,57.15,4.8086435819889205e-09,7.74615927055663e-10,1182.658212701662,2.8300366824310323,0.0001093794292502,0.00148,6.65847e-07,0.0154111111111111,0.0157,6.76e-06,0.0805555555555555,0.023,9e-06,0.0031111111111111,0.0401799999999999,0.0990777777777777,10000000.0,5.953594196738546e-10,27.0,3.0,,0.0734950520978722,3.576061848749144,0.01568837357605769,0.07503096680746969,0.1366986118379877,152.44322587167935,1.0
1317.0,0.0075,0.0095,450000.0,0.000127,1.0,25.0,375.0,0.0019996541896681,5074.116935346085,351.11917342151344,139.53168116443098,0.0,0.0004799430675706,0.4248381648189254,0.0931878845469172,57.15,6.041481758672779e-09,1.0039666690455002e-09,997.7324861990832,1.7504587836816277,0.0001487136660144,0.00148,6.65847e-07,0.0154111111111111,0.0157,6.76e-06,0.0805555555555555,0.023,9e-06,0.0031111111111111,0.0401799999999999,0.0990777777777777,10000000.0,8.546058136186636e-10,27.0,3.0,,0.10549811881611931,3.526961099364018,0.021903658308352142,0.1859721614558888,0.18104974628304427,358.43516385458855,1.0
1318.0,0.0075,0.0095,450000.0,0.000127,1.0,25.0,400.0,0.0023356576713583,5074.116935346085,385.3528593710531,130.37807421359793,0.0,0.0004484576718336,0.378829220970508,0.1088463188006397,57.15,7.273609794980452e-09,1.099501548873959e-09,952.7706438188928,1.6214212267344257,0.0001918144417563,0.00148,6.65847e-07,0.0154111111111111,0.0157,6.76e-06,0.0805555555555555,0.023,9e-06,0.0031111111111111,0.0401799999999999,0.0990777777777777,10000000.0,6.222041407691656e-10,28.0,4.0,,0.07965371520226609,3.540694223213341,0.020165288200842867,0.1501491869676021,0.1691107825461177,293.610279579195,1.0
1319.0,0.0075,0.0095,450000.0,0.000127,1.0,30.0,300.0,0.0016696046930919,6088.940322415301,291.5053062825179,122.21918244574272,0.0,0.0003503281408295,0.1922084544836305,0.0778069179074727,57.15,4.721283772367946e-09,7.583639667127775e-10,1195.762184144808,2.906536357318976,9.855499773915562e-05,0.00148,6.65847e-07,0.0154111111111111,0.0157,6.76e-06,0.0805555555555555,0.023,9e-06,0.0031111111111111,0.0401799999999999,0.0990777777777777,10000000.0,5.290369812617697e-10,27.0,3.0,,0.06530777747807305,3.5890701442432134,0.014041753893264217,0.008913759098084645,0.12413200166084883,18.37404180109773,1.0
1320.0,0.0075,0.0095,450000.0,0.000127,1.0,30.0,325.0,0.002043325001364,6088.940322415301,319.92671377973846,122.00504585466204,0.0,0.0003497143413233,0.2441337749381171,0.0952230317135652,57.15,6.201723338334681e-09,1.0165219460538436e-09,991.7483331514662,1.732748328563889,0.0001392741698749,0.00148,6.65847e-07,0.0154111111111111,0.0157,6.76e-06,0.0805555555555555,0.023,9e-06,0.0031111111111111,0.0401799999999999,0.0990777777777777,10000000.0,7.895353124102562e-10,27.0,3.0,,0.09746539149492163,3.539031019553541,0.020375820309678404,0.011265351729630169,0.1705751910022883,21.99008590339589,1.0
1321.0,0.0075,0.0095,450000.0,0.000127,1.0,30.0,350.0,0.002452080702599,6088.940322415301,319.92671377973846,128.43278461552003,0.0,0.0003681387631265,0.2744694020919817,0.1142718649025192,57.15,7.700494242863053e-09,1.1325486143684051e-09,937.247572986798,1.577084619900568,0.0001688125118537,0.00148,6.65847e-07,0.0154111111111111,0.0157,6.76e-06,0.0805555555555555,0.023,9e-06,0.0031111111111111,0.0401799999999999,0.0990777777777777,10000000.0,5.357671290228412e-10,28.0,4.0,,0.0685881682773205,3.560973293371979,0.0175983172946862,0.05142936891214189,0.15083053031348395,102.78049742879672,1.0
1322.0,0.0075,0.0095,450000.0,0.000127,1.0,30.0,375.0,0.0028981359984811,6088.940322415301,351.11917342151344,140.29690091654282,0.0,0.0004021459764228,0.426800300416738,0.1350589338012195,57.15,9.336030327764292e-09,1.259162896955542e-09,877.773533535844,1.4072163552717392,0.000219984250358,0.00148,6.65847e-07,0.0154111111111111,0.0157,6.76e-06,0.0805555555555555,0.023,9e-06,0.0031111111111111,0.0401799999999999,0.0990777777777777,10000000.0,7.338772381806352e-10,28.0,4.0,,0.09394995097782996,3.515280790666066,0.02338217839670057,0.15761141563768846,0.19093734088379188,300.1062056168013,1.0
1325.0,0.0075,0.0095,450000.0,0.000127,1.0,35.0,325.0,0.0028041608837605,7103.763709484519,319.92671377973846,124.6435527298515,0.0,0.0003062377178473,0.256550022838167,0.1306795055050083,57.15,8.991454907121954e-09,1.232487747391706e-09,890.303548831929,1.4430042717100346,0.0001942538322906,0.00148,6.65847e-07,0.0154111111111111,0.0157,6.76e-06,0.0805555555555555,0.023,9e-06,0.0031111111111111,0.0401799999999999,0.0990777777777777,10000000.0,6.316116923095503e-10,28.0,4.0,,0.0808580569641549,3.5385196590517016,0.02044054948712644,0.0048324603690037965,0.17102439395609487,9.427905061172984,1.0
1334.0,0.0075,0.0095,500000.0,0.000127,1.0,20.0,375.0,0.0010311243210157,3653.36419344918,351.11917342151344,138.8953372543276,0.0,0.0006635475748907,0.4170200919297114,0.0480524556079779,63.5,3.105113642031586e-09,5.409558360591769e-10,1297.525,3.5953960297498675,8.938553747023263e-05,0.00148,6.65847e-07,0.0154111111111111,0.0157,6.76e-06,0.0805555555555555,0.023,9e-06,0.0031111111111111,0.0401799999999999,0.0990777777777777,10000000.0,1.0084221029243159e-09,24.0,4.0,,0.11065440478017884,3.5569942087373385,0.018101998894007848,0.21813323154155456,0.15448057171768304,434.0608065589265,1.0
1335.0,0.0075,0.0095,500000.0,0.000127,1.0,20.0,400.0,0.0012046082545085,3653.36419344918,385.3528593710531,123.78680712401535,0.0,0.0005913692805987,0.3978307241860451,0.0561371538766097,63.5,3.452081509017198e-09,5.746993285431952e-10,1297.525,3.560327987433632,0.0001066761383573,0.00148,6.65847e-07,0.0154111111111111,0.0157,6.76e-06,0.0805555555555555,0.023,9e-06,0.0031111111111111,0.0401799999999999,0.0990777777777777,10000000.0,7.529215676835331e-10,30.0,3.0,,0.10327283544829415,3.539130887337499,0.020363178818038164,0.1982407348611412,0.17048740564718073,387.0089705385496,1.0
1336.0,0.0075,0.0095,500000.0,0.000127,1.0,25.0,325.0,0.0011413271461235,4566.705241811475,319.92671377973846,118.5113108440595,0.0,0.0004529332342594,0.2435191141131694,0.053188127663648,63.5,3.325519292247028e-09,5.623908365567542e-10,1297.525,3.5731196306825934,8.705614383138745e-05,0.00148,6.65847e-07,0.0154111111111111,0.0157,6.76e-06,0.0805555555555555,0.023,9e-06,0.0031111111111111,0.0401799999999999,0.0990777777777777,10000000.0,9.426043357124298e-10,24.0,4.0,,0.10343220503498124,3.56492874506214,0.01709762720732405,0.04671878141454017,0.14717079927129706,93.768877477372,1.0
1337.0,0.0075,0.0095,500000.0,0.000127,1.0,25.0,350.0,0.0013700701628527,4566.705241811475,319.92671377973846,124.89766151733932,0.0,0.0004773409506619,0.28135415162095,0.0638480097292641,63.5,3.783005325705512e-09,6.068824970256753e-10,1297.525,3.526881517280944,9.726342490094838e-05,0.00148,6.65847e-07,0.0154111111111111,0.0157,6.76e-06,0.0805555555555555,0.023,9e-06,0.0031111111111111,0.0401799999999999,0.0990777777777777,10000000.0,6.748398441203142e-10,30.0,3.0,,0.09256292709240435,3.5546373861418417,0.018400330868121397,0.08476321479928164,0.15662774179982267,168.24101492244142,1.0
1338.0,0.0075,0.0095,500000.0,0.000127,1.0,25.0,375.0,0.0016197198936312,4566.705241811475,351.11917342151344,139.5316811644309,0.0,0.0005332700750785,0.4212593670799696,0.0754821864830028,63.5,4.521744574524945e-09,7.212427419268545e-10,1225.6930638212582,3.081269839782124,0.000125039230052,0.00148,6.65847e-07,0.0154111111111111,0.0157,6.76e-06,0.0805555555555555,0.023,9e-06,0.0031111111111111,0.0401799999999999,0.0990777777777777,10000000.0,9.143583698019788e-10,30.0,3.0,,0.12541596033150193,3.5078534602137017,0.024322346808392244,0.1801812202654648,0.19710147692280505,340.4672410019274,1.0
1339.0,0.0075,0.0095,500000.0,0.000127,1.0,25.0,400.0,0.0018918827138002,4566.705241811475,385.3528593710531,130.37807421359784,0.0,0.0004982863020373,0.3611357344112305,0.0881655182285181,63.5,5.6103958552009054e-09,9.237697107645867e-10,1062.3953717198642,2.127954243063395,0.0001681121254493,0.00148,6.65847e-07,0.0154111111111111,0.0157,6.76e-06,0.0805555555555555,0.023,9e-06,0.0031111111111111,0.0401799999999999,0.0990777777777777,10000000.0,7.765652817005257e-10,28.0,4.0,,0.0994148153820943,3.5296566561637683,0.02156244858686477,0.13337540080061788,0.17873348912402526,257.78936684786345,1.0
1340.0,0.0075,0.0095,500000.0,0.000127,1.0,30.0,300.0,0.0013523798014045,5480.04629017377,291.5053062825179,122.21918244574292,0.0,0.0003892534898106,0.1677203766339558,0.0630236035050529,63.5,3.74762460280902e-09,6.034416332721843e-10,1297.525,3.5304574469440926,8.859876380654089e-05,0.00148,6.65847e-07,0.0154111111111111,0.0157,6.76e-06,0.0805555555555555,0.023,9e-06,0.0031111111111111,0.0401799999999999,0.0990777777777777,100000000.0,9.848493685734411e-11,24.0,4.0,,0.010806776285605483,3.5598170104632514,0.01774468221984163,0.053709996843297324,0.1518944406769318,107.20380137427564,1.0
1341.0,0.0075,0.0095,500000.0,0.000127,1.0,30.0,325.0,0.0016550932511048,5480.04629017377,319.92671377973846,122.00504585466216,0.0,0.0003885714903592,0.2359840848907456,0.0771306556879879,63.5,4.663238004419374e-09,7.47565436783907e-10,1204.4690493370938,2.95736616562502,0.0001180263320104,0.00148,6.65847e-07,0.0154111111111111,0.0157,6.76e-06,0.0805555555555555,0.023,9e-06,0.0031111111111111,0.0401799999999999,0.0990777777777777,10000000.0,8.51183655649311e-10,30.0,3.0,,0.1167507392258638,3.519969786303097,0.022788634645177608,0.0019226899768938904,0.1869968450871131,3.6788039300168056,1.0
1342.0,0.0075,0.0095,500000.0,0.000127,1.0,30.0,350.0,0.0019861853691052,5480.04629017377,319.92671377973846,128.43278461551998,0.0,0.0004090430701406,0.2745390700552256,0.0925602105710406,63.5,5.987606476420807e-09,9.939439943805754e-10,1005.8137785368788,1.7976365602204454,0.0001499400943857,0.00148,6.65847e-07,0.0154111111111111,0.0157,6.76e-06,0.0805555555555555,0.023,9e-06,0.0031111111111111,0.0401799999999999,0.0990777777777777,10000000.0,6.710173061501004e-10,28.0,4.0,,0.08590270925198035,3.5504329798704277,0.018932534193616814,0.05589615023220465,0.16043118501547582,110.44430961977992,1.0
1343.0,0.0075,0.0095,500000.0,0.000127,1.0,30.0,375.0,0.0023474901587697,5480.04629017377,351.11917342151344,140.29690091654285,0.0,0.000446828862692,0.4280803097859377,0.1093977363789877,63.5,7.31699558215574e-09,1.102860239867322e-09,951.1929788307004,1.6169151394367756,0.0001959000915864,0.00148,6.65847e-07,0.0154111111111111,0.0157,6.76e-06,0.0805555555555555,0.023,9e-06,0.0031111111111111,0.0401799999999999,0.0990777777777777,10000000.0,9.546245021793731e-10,28.0,4.0,,0.12220971099244266,3.4960641742710052,0.02581466148468288,0.15629286241450724,0.20669515013982195,291.7994056749741,1.0
1345.0,0.0075,0.0095,500000.0,0.000127,1.0,35.0,300.0,0.0018567797019549,6393.387338536066,291.5053062825179,123.35977186834208,0.0,0.0003367595406951,0.2136396401903418,0.0865296476705047,63.5,5.469983807819821e-09,8.97648190633058e-10,1083.4571788270268,2.250910966774301,0.0001259471443494,0.00148,6.65847e-07,0.0154111111111111,0.0157,6.76e-06,0.0805555555555555,0.023,9e-06,0.0031111111111111,0.0401799999999999,0.0990777777777777,10000000.0,5.422534918696822e-10,28.0,4.0,,0.06941854349511019,3.576705751516923,0.015606866896592053,0.017511449024726816,0.13608506126435205,35.60395280294298,1.0
1355.0,0.0075,0.0095,550000.0,0.000127,1.0,25.0,350.0,0.0011322893907874,4151.550219828614,319.92671377973846,124.89766151733932,0.0,0.000525075045728,0.2359155316660256,0.0527669501894745,69.85,3.3074437815748053e-09,5.606329479551034e-10,1297.525,3.5749465225462345,9.531817856778656e-05,0.00148,6.65847e-07,0.0154111111111111,0.0157,6.76e-06,0.0805555555555555,0.023,9e-06,0.0031111111111111,0.0401799999999999,0.0990777777777777,10000000.0,8.480894894199845e-10,33.0,3.0,,0.12795896817159896,3.5121275875911944,0.023781318026431113,0.015009613304952124,0.19356579071955396,28.48679528359985,1.0
1356.0,0.0075,0.0095,550000.0,0.000127,1.0,25.0,375.0,0.0013386114823398,4151.550219828614,351.11917342151344,139.53168116443092,0.0,0.0005865970825863,0.414031417859396,0.0623819723000023,69.85,3.7200879646797294e-09,6.007636263725155e-10,1297.525,3.53324057495982,0.0001148938781391,0.00148,6.65847e-07,0.0154111111111111,0.0157,6.76e-06,0.0805555555555555,0.023,9e-06,0.0031111111111111,0.0401799999999999,0.0990777777777777,10000000.0,1.0785732732712551e-09,33.0,3.0,,0.16273415113261477,3.466502225190905,0.029556680355581663,0.14873529442677882,0.22977265022517784,269.6113194704862,1.0
1359.0,0.0075,0.0095,550000.0,0.000127,1.0,30.0,325.0,0.0013678456620701,4981.860263794337,319.92671377973846,122.00504585466211,0.0,0.0004274286393951,0.2456641977648065,0.0637443435437916,69.85,3.7785563241402375e-09,6.064498205009485e-10,1297.525,3.5273311778691463,0.0001068805665508,0.00148,6.65847e-07,0.0154111111111111,0.0157,6.76e-06,0.0805555555555555,0.023,9e-06,0.0031111111111111,0.0401799999999999,0.0990777777777777,10000000.0,5.270337670945267e-10,32.0,4.0,,0.07710872610160968,3.5678396679843662,0.01672915595134608,0.06463112811940522,0.14445729122296017,130.13334088599993,1.0
1360.0,0.0075,0.0095,550000.0,0.000127,1.0,30.0,350.0,0.0016414755116571,4981.860263794337,319.92671377973846,128.43278461552,0.0,0.0004499473771547,0.2732836786892136,0.0764960417942484,69.85,4.608767046628763e-09,7.3743194576907e-10,1212.6396930056856,3.005065566297892,0.0001283839498064,0.00148,6.65847e-07,0.0154111111111111,0.0157,6.76e-06,0.0805555555555555,0.023,9e-06,0.0031111111111111,0.0401799999999999,0.0990777777777777,10000000.0,6.571574365133095e-10,32.0,4.0,,0.09614672899820538,3.538306544169502,0.020467526054493503,0.06046090789675983,0.17121146041178328,117.92979673385945,1.0
1361.0,0.0075,0.0095,550000.0,0.000127,1.0,30.0,375.0,0.0019400745113799,4981.860263794337,351.11917342151344,140.29690091654285,0.0,0.0004915117489612,0.4176775884147164,0.0904113523793287,69.85,5.803163045519831e-09,9.596311068237703e-10,1033.4802931720255,1.959150906008968,0.0001748347089225,0.00148,6.65847e-07,0.0154111111111111,0.0157,6.76e-06,0.0805555555555555,0.023,9e-06,0.0031111111111111,0.0401799999999999,0.0990777777777777,10000000.0,9.825390978267078e-10,32.0,4.0,,0.14375234170689077,3.469097632060077,0.029228147840496627,0.1433338943284969,0.22780045192498674,260.48552347702497,1.0
1363.0,0.0075,0.0095,550000.0,0.000127,1.0,35.0,300.0,0.0015345286793016,5812.17030776006,291.5053062825179,123.35977186834212,0.0,0.0003704354947646,0.2091083553903936,0.0715121055128139,69.85,4.180979717206465e-09,6.578486368868252e-10,1276.8077924190302,3.3796725138630563,0.000107398124955,0.00148,6.65847e-07,0.0154111111111111,0.0157,6.76e-06,0.0805555555555555,0.023,9e-06,0.0031111111111111,0.0401799999999999,0.0990777777777777,10000000.0,5.300437194392854e-10,32.0,4.0,,0.07754910318069212,3.5671437468993976,0.016817247227924416,0.019867146696887578,0.14510758530917955,39.971653205277995,1.0
1373.0,0.0075,0.0095,600000.0,0.000127,1.0,25.0,375.0,0.0011248054816883,3805.587701509565,351.11917342151344,139.53168116443095,0.0,0.0006399240900942,0.3981239676486351,0.0524181850576409,76.2,3.2924759633767204e-09,5.591772902157942e-10,1297.525,3.576459319931516,0.0001127693280754,0.00148,6.65847e-07,0.0154111111111111,0.0157,6.76e-06,0.0805555555555555,0.023,9e-06,0.0031111111111111,0.0401799999999999,0.0990777777777777,10000000.0,6.795734003165885e-10,36.0,4.0,,0.11185463393514793,3.520249022574859,0.0227532882816634,0.19367114865584617,0.18676097170948275,370.6707268656527,1.0
1374.0,0.0075,0.0095,600000.0,0.000127,1.0,25.0,400.0,0.001313807440139,3805.587701509565,385.3528593710531,130.37807421359796,0.0,0.0005979435624448,0.3754254596334858,0.0612260543253598,76.2,3.670479880278095e-09,5.959391161442455e-10,1297.525,3.538254464050293,0.0001350600404202,0.00148,6.65847e-07,0.0154111111111111,0.0157,6.76e-06,0.0805555555555555,0.023,9e-06,0.0031111111111111,0.0401799999999999,0.0990777777777777,10000000.0,8.553766090299542e-10,36.0,4.0,,0.14079102777589714,3.4791154614029343,0.027960068176843773,0.13322837753222877,0.22009242967510048,244.53724976707048,1.0
1375.0,0.0075,0.0095,600000.0,0.000127,1.0,30.0,325.0,0.0011493703132672,4566.705241811477,319.92671377973846,122.0050458546622,0.0,0.0004662857884311,0.2434475773192563,0.0535629553388805,76.2,3.341605626534506e-09,5.639552727820472e-10,1297.525,3.5714937848761577,0.0001048980281953,0.00148,6.65847e-07,0.0154111111111111,0.0157,6.76e-06,0.0805555555555555,0.023,9e-06,0.0031111111111111,0.0401799999999999,0.0990777777777777,10000000.0,6.219300841200187e-10,36.0,4.0,,0.10236681109074061,3.5341748011371035,0.020990531501632513,0.047337810889635096,0.17482157971247497,91.9308299364725,1.0
1376.0,0.0075,0.0095,600000.0,0.000127,1.0,30.0,350.0,0.0013792953952119,4566.705241811477,319.92671377973846,128.43278461552,0.0,0.0004908516841687,0.2694143065107413,0.0642779240076671,76.2,3.801455790423892e-09,6.086768508456996e-10,1297.525,3.525016728811857,0.0001172101487149,0.00148,6.65847e-07,0.0154111111111111,0.0157,6.76e-06,0.0805555555555555,0.023,9e-06,0.0031111111111111,0.0401799999999999,0.0990777777777777,10000000.0,7.130464622378117e-10,36.0,4.0,,0.11736414488148973,3.512263796653752,0.02376407637294278,0.04759223762158436,0.19345260243129764,90.33814469737518,1.0
1379.0,0.0075,0.0095,600000.0,0.000127,1.0,35.0,300.0,0.0012894303485798,5327.822782113391,291.5053062825179,123.35977186834208,0.0,0.0004041114488341,0.2143846464709193,0.0600900331045172,76.2,3.621725697159662e-09,5.911976499505201e-10,1297.525,3.543182049338073,0.0001032479892187,0.00148,6.65847e-07,0.0154111111111111,0.0157,6.76e-06,0.0805555555555555,0.023,9e-06,0.0031111111111111,0.0401799999999999,0.0990777777777777,10000000.0,6.101065091100051e-10,36.0,4.0,,0.10042070541042156,3.5370588953757625,0.020625456281549062,0.013693907955980439,0.17230492094580144,26.674907747805207,1.0
1389.0,0.008,0.0075,400000.0,0.000127,1.0,30.0,375.0,0.0010097357926356,6020.558668403799,351.11917342151344,134.37887325085512,0.0,0.0003895574999802,0.1423650413137702,0.0501927545689665,50.8,3.290385585271283e-09,5.599554603465951e-10,1313.844,4.192518006876632,7.517356173421789e-05,0.00148,6.65847e-07,0.0154111111111111,0.0157,6.76e-06,0.0805555555555555,0.023,9e-06,0.0031111111111111,0.0401799999999999,0.0990777777777777,10000000.0,7.359522099970429e-10,22.0,2.0,,0.0216026464210205,3.591532411799214,0.013730074455795717,0.0303896403237831,0.12171204560624929,62.81561774247959,1.0
1390.0,0.008,0.0075,400000.0,0.000127,1.0,30.0,400.0,0.0012365591082256,6020.558668403799,385.3528593710531,129.18974104307145,0.0,0.0003745144703652,0.1581347736031276,0.0614678693989664,50.8,3.7440322164512714e-09,6.04073729345427e-10,1313.844,4.146667941863271,9.166889471771046e-05,0.00148,6.65847e-07,0.0154111111111111,0.0157,6.76e-06,0.0805555555555555,0.023,9e-06,0.0031111111111111,0.0401799999999999,0.0990777777777777,10000000.0,9.291031768083773e-10,22.0,2.0,,0.02727227005313147,3.564919436761806,0.01709880547318914,0.02921463415102973,0.14717944868676314,58.63585444673443,1.0
1402.0,0.008,0.0075,500000.0,0.000127,1.0,35.0,400.0,0.0010834951036135,5619.188090510213,385.3528593710531,133.62054341088287,0.0,0.0004150276504825,0.1593182396816593,0.0538592414065031,63.5,3.4379042072270166e-09,5.743020151283454e-10,1313.844,4.177608299755566,0.0001063493621384,0.00148,6.65847e-07,0.0154111111111111,0.0157,6.76e-06,0.0805555555555555,0.023,9e-06,0.0031111111111111,0.0401799999999999,0.0990777777777777,10000000.0,4.4462510912690634e-10,28.0,4.0,,0.056920292703918594,3.5973401840449752,0.012994913412028491,0.008358705571237503,0.11595075726360778,17.390842937567633,1.0
1403.0,0.008,0.0075,500000.0,0.000127,1.0,40.0,375.0,0.0011645978444136,6421.929246297387,351.11917342151344,136.0464542062462,0.0,0.0003697422488626,0.1529953300390707,0.0578907613283879,63.5,3.600109688827245e-09,5.900769037276718e-10,1313.844,4.161214191730231,0.0001015559998356,0.00148,6.65847e-07,0.0154111111111111,0.0157,6.76e-06,0.0805555555555555,0.023,9e-06,0.0031111111111111,0.0401799999999999,0.0990777777777777,10000000.0,4.2165919423062194e-10,28.0,4.0,,0.053980227981355496,3.602287268285262,0.012368700217055481,0.0009443407293273018,0.11098332077958455,1.975803628909407,1.0
1406.0,0.008,0.008,400000.0,0.000127,1.0,25.0,375.0,0.0010166962719233,5017.1322236698325,351.11917342151344,141.74914894767204,0.0,0.0004931082639929,0.1904216119697471,0.0505387516417839,50.8,3.304306543846722e-09,5.613093083704534e-10,1313.844,4.191111015593412,7.54464219594925e-05,0.00148,6.65847e-07,0.0154111111111111,0.0157,6.76e-06,0.0805555555555555,0.023,9e-06,0.0031111111111111,0.0401799999999999,0.0990777777777777,10000000.0,7.390302750447036e-10,22.0,2.0,,0.021692997873169532,3.5911025777795045,0.01378448382537921,0.07800986245479358,0.12213545634809111,161.16924417703555,1.0
1407.0,0.008,0.008,400000.0,0.000127,1.0,25.0,400.0,0.0012227039005553,5017.1322236698325,385.3528593710531,124.76313943041374,0.0,0.0004340183736662,0.2141949256423874,0.0607791436519245,50.8,3.7163218011106525e-09,6.013788221775134e-10,1313.844,4.149468633541748,9.107238961958544e-05,0.00148,6.65847e-07,0.0154111111111111,0.0157,6.76e-06,0.0805555555555555,0.023,9e-06,0.0031111111111111,0.0401799999999999,0.0990777777777777,10000000.0,9.218524018254252e-10,22.0,2.0,,0.02705943567868788,3.5659054445636165,0.01697399435903591,0.08617634631177493,0.1462622590461199,173.14809037710387,1.0
1408.0,0.008,0.008,400000.0,0.000127,1.0,30.0,350.0,0.0012016980426753,6020.558668403799,319.92671377973846,124.61434742708092,0.0,0.0003612506376261,0.1281100130545634,0.0597349676637401,50.8,3.674310085350688e-09,5.972930777905678e-10,1313.844,4.153714757653607,7.590138797632677e-05,0.00148,6.65847e-07,0.0154111111111111,0.0157,6.76e-06,0.0805555555555555,0.023,9e-06,0.0031111111111111,0.0401799999999999,0.0990777777777777,10000000.0,7.44170872684383e-10,22.0,2.0,,0.02184389152046651,3.590385142065038,0.013875298472780052,0.006351153870356688,0.12284126234863424,13.111004818937682,1.0
1409.0,0.008,0.008,400000.0,0.000127,1.0,30.0,375.0,0.0014719767151856,6020.558668403799,351.11917342151344,142.4836857514906,0.0,0.0004130529380589,0.2031296135461265,0.0731701961398209,50.8,4.358820860742641e-09,6.89424480861542e-10,1270.6579708886038,3.86151428065058,9.657938901556948e-05,0.00148,6.65847e-07,0.0154111111111111,0.0157,6.76e-06,0.0805555555555555,0.023,9e-06,0.0031111111111111,0.0401799999999999,0.0990777777777777,10000000.0,9.89617659040548e-10,22.0,2.0,,0.029048571483108784,3.5567292142956353,0.018135542494223413,0.06073084592319672,0.15472253880479378,120.81302759675152,1.0
1410.0,0.008,0.008,400000.0,0.000127,1.0,30.0,400.0,0.0017696458031298,6020.558668403799,385.3528593710531,131.78679655838252,0.0,0.0003820432018494,0.2249133713871676,0.0879669692986191,50.8,5.549497212519245e-09,9.109316582952143e-10,1092.0565181221132,2.818856859545085,0.0001331081352597,0.00148,6.65847e-07,0.0154111111111111,0.0157,6.76e-06,0.0805555555555555,0.023,9e-06,0.0031111111111111,0.0401799999999999,0.0990777777777777,10000000.0,5.623785403021692e-10,24.0,3.0,,0.061709935212470056,3.586802874959346,0.014328750005146097,0.03505646687607824,0.12634854699522555,72.07945532698356,1.0
1414.0,0.008,0.008,400000.0,0.000127,1.0,35.0,375.0,0.0020162675620353,7023.985113137765,351.11917342151344,143.31405121716864,0.0,0.0003561086787375,0.211334563946878,0.1002262409877039,50.8,6.5305617274630316e-09,1.086964801708947e-09,951.6749917286172,2.005790932800483,0.0001424462331476,0.00148,6.65847e-07,0.0154111111111111,0.0157,6.76e-06,0.0805555555555555,0.023,9e-06,0.0031111111111111,0.0401799999999999,0.0990777777777777,10000000.0,6.073396908247318e-10,24.0,3.0,,0.06664353329097188,3.578375935963771,0.015395451143826566,0.004284789668202227,0.13448953339448452,8.727844114552429,1.0
1420.0,0.008,0.008,450000.0,0.000127,1.0,30.0,375.0,0.001163043330517,5351.607705247823,351.11917342151344,142.48368575149073,0.0,0.0004646845553163,0.2260519723753115,0.0578134883080067,57.15,3.597000661034133e-09,5.89774543002222e-10,1313.844,4.1615284211692805,9.133183360410302e-05,0.00148,6.65847e-07,0.0154111111111111,0.0157,6.76e-06,0.0805555555555555,0.023,9e-06,0.0031111111111111,0.0401799999999999,0.0990777777777777,10000000.0,4.858436279372765e-10,27.0,3.0,,0.05997570806258544,3.597643848222153,0.012956474908588235,0.06808277600471925,0.11564744350872062,141.699343947688,1.0
1421.0,0.008,0.008,450000.0,0.000127,1.0,30.0,400.0,0.001398238659263,5351.607705247823,385.3528593710531,131.78679655838272,0.0,0.0004297986020806,0.2161560520884593,0.0695047658655756,57.15,4.067391318526123e-09,6.355212104199618e-10,1313.844,4.1139860374165655,0.00011095894996,0.00148,6.65847e-07,0.0154111111111111,0.0157,6.76e-06,0.0805555555555555,0.023,9e-06,0.0031111111111111,0.0401799999999999,0.0990777777777777,10000000.0,6.052037425134166e-10,27.0,3.0,,0.07471029955353226,3.574146951503676,0.01593076563244613,0.03176098666935144,0.1385181062212283,64.39398293358663,1.0
1424.0,0.008,0.008,450000.0,0.000127,1.0,35.0,375.0,0.0015931002959291,6243.542322789127,351.11917342151344,143.31405121716864,0.0,0.0004006222635796,0.2107770668719066,0.0791911039902846,57.15,4.843315183716734e-09,7.795572611124465e-10,1197.9838224424898,3.437249869437012,0.0001202050734411,0.00148,6.65847e-07,0.0154111111111111,0.0157,6.76e-06,0.0805555555555555,0.023,9e-06,0.0031111111111111,0.0401799999999999,0.0990777777777777,10000000.0,6.637200506400239e-10,27.0,3.0,,0.08193393450785294,3.5628482885319723,0.017360976135193384,0.009472028373769065,0.14909963866643028,18.96823174268317,1.0
1429.0,0.008,0.008,450000.0,0.000127,1.0,40.0,375.0,0.0020959326296791,7135.476940330431,351.11917342151344,144.25060589709358,0.0,0.000352835282344,0.2125780499008206,0.1041862959021945,57.15,6.822666975490185e-09,1.109577996709856e-09,941.052982709448,1.975452616190157,0.0001665727770742,0.00148,6.65847e-07,0.0154111111111111,0.0157,6.76e-06,0.0805555555555555,0.023,9e-06,0.0031111111111111,0.0401799999999999,0.0990777777777777,10000000.0,5.275613731789783e-10,28.0,4.0,,0.06753767874152541,3.562926946043014,0.017351019488226014,0.0006740752571006842,0.14902687217994973,1.3499863605154356,1.0
1431.0,0.008,0.008,500000.0,0.000127,1.0,30.0,400.0,0.001132573314003,4816.44693472304,385.3528593710531,131.7867965583827,0.0,0.0004775540023118,0.2151462743634315,0.0562988603511163,63.5,3.5360606280061597e-09,5.83847972440169e-10,1313.844,4.167687630307419,0.0001089902534914,0.00148,6.65847e-07,0.0154111111111111,0.0157,6.76e-06,0.0805555555555555,0.023,9e-06,0.0031111111111111,0.0401799999999999,0.0990777777777777,10000000.0,7.725771302716973e-10,30.0,3.0,,0.10596884758015052,3.5352668894416457,0.02085229247574103,0.012698566432164687,0.1738704265882745,24.689256575554268,1.0
1432.0,0.008,0.008,500000.0,0.000127,1.0,35.0,350.0,0.0010539924308892,5619.188090510213,319.92671377973846,127.42799971967575,0.0,0.0003957935058437,0.1413647117660398,0.0523926989485864,63.5,3.378898861778456e-09,5.68563597770109e-10,1313.844,4.183571970020052,8.828392852156536e-05,0.00148,6.65847e-07,0.0154111111111111,0.0157,6.76e-06,0.0805555555555555,0.023,9e-06,0.0031111111111111,0.0401799999999999,0.0990777777777777,100000000.0,9.758341734098051e-11,24.0,4.0,,0.010707852327878216,3.5609021328513712,0.01760732495552266,0.03808416048957509,0.15089608307383157,76.10450744020925,1.0
1433.0,0.008,0.008,500000.0,0.000127,1.0,35.0,375.0,0.0012904112397026,5619.188090510213,351.11917342151344,143.31405121716864,0.0,0.0004451358484218,0.2349557855017372,0.0641447942321305,63.5,3.851736479405276e-09,6.145482381783617e-10,1313.844,4.13578227200651,0.0001077222913613,0.00148,6.65847e-07,0.0154111111111111,0.0157,6.76e-06,0.0805555555555555,0.023,9e-06,0.0031111111111111,0.0401799999999999,0.0990777777777777,10000000.0,7.617841519362287e-10,30.0,3.0,,0.10448845237900739,3.5373866848618203,0.020583963941541834,0.02614253889059931,0.1720179202290395,50.94174864766725,1.0
1434.0,0.008,0.008,500000.0,0.000127,1.0,35.0,400.0,0.0015507596978504,5619.188090510213,385.3528593710531,136.91886183414604,0.0,0.0004252722828632,0.2112513529603631,0.0770864036685077,63.5,4.6739527914017454e-09,7.480499707987255e-10,1223.3881812897384,3.5855579759513634,0.0001409305330797,0.00148,6.65847e-07,0.0154111111111111,0.0157,6.76e-06,0.0805555555555555,0.023,9e-06,0.0031111111111111,0.0401799999999999,0.0990777777777777,10000000.0,6.213604686587604e-10,28.0,4.0,,0.07954570946330838,3.560441359389762,0.017665650710156793,0.014439239828546918,0.15132030075665073,28.839869589821298,1.0
1437.0,0.008,0.008,500000.0,0.000127,1.0,40.0,375.0,0.0016977054300401,6421.929246297387,351.11917342151344,144.25060589709364,0.0,0.0003920392026045,0.2116231077887103,0.0843908996807775,63.5,5.2617357201604185e-09,8.573980210046132e-10,1135.2207419759372,3.070845281981325,0.0001446423167555,0.00148,6.65847e-07,0.0154111111111111,0.0157,6.76e-06,0.0805555555555555,0.023,9e-06,0.0031111111111111,0.0401799999999999,0.0990777777777777,10000000.0,6.416181526301031e-10,28.0,4.0,,0.08213907020133904,3.556339963322879,0.018184814769255805,0.004913137906593756,0.15507771382388597,9.769691914173592,1.0
1439.0,0.008,0.008,550000.0,0.000127,1.0,35.0,375.0,0.0010664555700021,5108.352809554739,351.11917342151344,143.31405121716858,0.0,0.000489649433264,0.2302818402698906,0.0530122266381243,69.85,3.4038251400043606e-09,5.70987740643274e-10,1313.844,4.18105267107976,0.0001064210250581,0.00148,6.65847e-07,0.0154111111111111,0.0157,6.76e-06,0.0805555555555555,0.023,9e-06,0.0031111111111111,0.0401799999999999,0.0990777777777777,10000000.0,5.243659532161761e-10,32.0,4.0,,0.07671840627301527,3.5684570000732623,0.016651012648954175,0.06037120735875093,0.14387960495876748,121.6381631095238,1.0
1442.0,0.008,0.008,550000.0,0.000127,1.0,40.0,375.0,0.0014030623388761,5838.117496633988,351.11917342151344,144.25060589709364,0.0,0.0004312431228649,0.21572560147347,0.0697445451907252,69.85,4.083163355504476e-09,6.381426057889363e-10,1312.0065966743286,4.102903423125063,0.0001247604276873,0.00148,6.65847e-07,0.0154111111111111,0.0157,6.76e-06,0.0805555555555555,0.023,9e-06,0.0031111111111111,0.0401799999999999,0.0990777777777777,10000000.0,6.344650684408501e-10,32.0,4.0,,0.09282667684302276,3.5433766725261244,0.019825737654921,0.012974379439722045,0.16673802774269264,25.443292208807343,1.0
1447.0,0.008,0.0085,400000.0,0.000127,1.0,20.0,400.0,0.0010629940840626,4013.705778935866,351.11917342151344,117.76849888432064,0.0,0.0005121073077777,0.1600758011752636,0.0528401603258526,50.8,3.3969021681252676e-09,5.703144643206027e-10,1313.844,4.18175237584758,7.726140726329235e-05,0.00148,6.65847e-07,0.0154111111111111,0.0157,6.76e-06,0.0805555555555555,0.023,9e-06,0.0031111111111111,0.0401799999999999,0.0990777777777777,10000000.0,7.595994664941119e-10,22.0,2.0,,0.02229677209113082,3.588235028411749,0.014147464758006474,0.04475886875828018,0.1249497412516935,92.17587049105893,1.0
1448.0,0.008,0.0085,400000.0,0.000127,1.0,25.0,350.0,0.0011624264508296,5017.1322236698325,319.92671377973846,129.1541222491972,0.0,0.0004492934559581,0.1721108217896618,0.057782823959002,50.8,3.595766901659346e-09,5.896545568186256e-10,1313.844,4.1616531172292905,7.449901647709364e-05,0.00148,6.65847e-07,0.0154111111111111,0.0157,6.76e-06,0.0805555555555555,0.023,9e-06,0.0031111111111111,0.0401799999999999,0.0990777777777777,10000000.0,7.28358672242886e-10,22.0,2.0,,0.021379750818616674,3.592593610238084,0.013595745539483083,0.052768247012043024,0.12066495427857372,109.20240364893749,1.0
1449.0,0.008,0.0085,400000.0,0.000127,1.0,25.0,375.0,0.0014029773464615,5017.1322236698325,351.11917342151344,144.25769038120023,0.0,0.0005018348244035,0.2651682705583983,0.0697403203197883,50.8,4.0828233858462325e-09,6.380793596185572e-10,1312.057592123065,4.1032011294552415,9.072764792370988e-05,0.00148,6.65847e-07,0.0154111111111111,0.0157,6.76e-06,0.0805555555555555,0.023,9e-06,0.0031111111111111,0.0401799999999999,0.0990777777777777,10000000.0,9.176715862671769e-10,22.0,2.0,,0.02693671482938613,3.5664744352439683,0.016901970222282483,0.1283112354092238,0.1457320826587217,257.966868335523,1.0
1450.0,0.008,0.0085,400000.0,0.000127,1.0,25.0,400.0,0.0016681991208641,5017.1322236698325,351.11917342151344,128.12927854926997,0.0,0.0004457282924176,0.2582392955115253,0.0829241764592097,50.8,5.143710483456426e-09,8.35441225600695e-10,1152.9245274815362,3.17419821138446,0.0001132137706755,0.00148,6.65847e-07,0.0154111111111111,0.0157,6.76e-06,0.0805555555555555,0.023,9e-06,0.0031111111111111,0.0401799999999999,0.0990777777777777,10000000.0,4.69380746114907e-10,24.0,3.0,,0.05150526443837715,3.604510062005847,0.012087333923310574,0.08362985461393845,0.10873316041648202,175.4180337956259,1.0
1451.0,0.008,0.0085,400000.0,0.000127,1.0,30.0,300.0,0.0010812987337493,6020.558668403799,291.5053062825179,115.78589738657531,0.0,0.0003356574112262,0.136131266761565,0.0537500624961997,50.8,3.433511467498702e-09,5.738748102079176e-10,1313.844,4.178052273959906,6.579693016883123e-05,0.00148,6.65847e-07,0.0154111111111111,0.0157,6.76e-06,0.0805555555555555,0.023,9e-06,0.0031111111111111,0.0401799999999999,0.0990777777777777,10000000.0,6.323509075418822e-10,22.0,2.0,,0.018561603435763303,3.6061102426945997,0.011884779405746941,0.023639600829601995,0.10710621409067125,49.67582494438684,1.0
1452.0,0.008,0.0085,400000.0,0.000127,1.0,30.0,325.0,0.0013680332234289,6020.558668403799,319.92671377973846,115.995650160172,0.0,0.000336265473819,0.1469945371903846,0.0680032898967834,50.8,4.006980446857837e-09,6.296461021230419e-10,1313.844,4.120091764216078,8.184164740113008e-05,0.00148,6.65847e-07,0.0154111111111111,0.0157,6.76e-06,0.0805555555555555,0.023,9e-06,0.0031111111111111,0.0401799999999999,0.0990777777777777,10000000.0,8.122583174878894e-10,22.0,2.0,,0.02384248460276299,3.580931863961134,0.015071915954286834,0.014968762690838112,0.13203641167591804,30.576837024751914,1.0
1453.0,0.008,0.0085,400000.0,0.000127,1.0,30.0,350.0,0.0016838530785673,6020.558668403799,319.92671377973846,132.17310045914974,0.0,0.0003831630771555,0.1890401511370516,0.0837023159118874,50.8,5.206326314269298e-09,8.470899460320105e-10,1143.5321528596053,3.119366467579089,0.0001049016206926,0.00148,6.65847e-07,0.0154111111111111,0.0157,6.76e-06,0.0805555555555555,0.023,9e-06,0.0031111111111111,0.0401799999999999,0.0990777777777777,10000000.0,4.31589588180735e-10,24.0,3.0,,0.047358431405827704,3.611814498219744,0.011162721744336242,0.017799403819336403,0.1012579024290164,37.64832764557813,1.0
1454.0,0.008,0.0085,400000.0,0.000127,1.0,30.0,375.0,0.0020316068725943,6020.558668403799,351.11917342151344,145.22915186752115,0.0,0.0004210119043054,0.2529145271424481,0.1009887397084194,50.8,6.586805866179384e-09,1.091318916142156e-09,949.6297503207496,1.9999493654223672,0.0001435280560123,0.00148,6.65847e-07,0.0154111111111111,0.0157,6.76e-06,0.0805555555555555,0.023,9e-06,0.0031111111111111,0.0401799999999999,0.0990777777777777,10000000.0,6.12605032187713e-10,24.0,3.0,,0.06722130049063518,3.5773946828336167,0.015519660400808053,0.04452448694339352,0.13542763823936976,90.59524846776418,1.0
1455.0,0.008,0.0085,400000.0,0.000127,1.0,30.0,400.0,0.0024149845557378,6020.558668403799,351.11917342151344,135.30045392115474,0.0,0.000392229115341,0.2304357828276672,0.1200459842842608,50.8,7.992524037705392e-09,1.200141949428036e-09,898.5127259016222,1.8539501982020656,0.0001705655625574,0.00148,6.65847e-07,0.0154111111111111,0.0157,6.76e-06,0.0805555555555555,0.023,9e-06,0.0031111111111111,0.0401799999999999,0.0990777777777777,10000000.0,4.2873709173106224e-10,24.0,4.0,,0.047045426270517006,3.5947049525782657,0.013328487015409406,0.023164372272889193,0.11857423640872765,48.05199519050938,1.0
1458.0,0.008,0.0085,400000.0,0.000127,1.0,35.0,350.0,0.0023079066108202,7023.985113137765,319.92671377973846,134.46143274087626,0.0,0.0003341115734837,0.1991231034917995,0.1147232681359419,50.8,7.599904906340943e-09,1.1697475178366995e-09,912.789785223966,1.8947279781120605,0.0001490634358915,0.00148,6.65847e-07,0.0154111111111111,0.0157,6.76e-06,0.0805555555555555,0.023,9e-06,0.0031111111111111,0.0401799999999999,0.0990777777777777,10000000.0,3.6869871750832196e-10,24.0,4.0,,0.040457400736049365,3.6084985700520815,0.011582459487078266,0.0037624346198081374,0.10466685932867308,7.927911083201998,1.0
1459.0,0.008,0.0085,400000.0,0.000127,1.0,35.0,375.0,0.0027834210517277,7023.985113137765,351.11917342151344,146.22002493818468,0.0,0.0003633294812578,0.2829316890781168,0.1383605203761249,50.8,9.343457856335126e-09,1.3047238769364307e-09,849.3878597696319,1.7136409836775284,0.0001965473198376,0.00148,6.65847e-07,0.0154111111111111,0.0157,6.76e-06,0.0805555555555555,0.023,9e-06,0.0031111111111111,0.0401799999999999,0.0990777777777777,10000000.0,8.866128882487114e-10,24.0,3.0,,0.09728824976673438,3.5278971244484376,0.021785174120450924,0.007102918935257316,0.1802469141974532,13.703296883431921,1.0
1464.0,0.008,0.0085,400000.0,0.000127,1.0,40.0,375.0,0.0036628321959745,8027.411557871732,351.11917342151344,147.27825572611178,0.0,0.0003202141139124,0.3171458789635869,0.1820749930632577,50.8,1.2567965385239873e-08,1.554347661601351e-09,732.133040536732,1.3787407003550003,0.0002585483619623,0.00148,6.65847e-07,0.0154111111111111,0.0157,6.76e-06,0.0805555555555555,0.023,9e-06,0.0031111111111111,0.0401799999999999,0.0990777777777777,10000000.0,6.979745183293939e-10,24.0,4.0,,0.07658891515120596,3.5362188294601946,0.020731793739215854,0.01830197074912314,0.1730395449772166,35.61949416247851,1.0
1465.0,0.008,0.0085,450000.0,0.000127,1.0,25.0,375.0,0.0011085253107844,4459.673087706519,351.11917342151344,144.2576903812004,0.0,0.0005645641774539,0.2626194685440278,0.0551034629687217,57.15,3.4879646215688853e-09,5.791705155741281e-10,1313.844,4.172548693678033,8.892722264197946e-05,0.00148,6.65847e-07,0.0154111111111111,0.0157,6.76e-06,0.0805555555555555,0.023,9e-06,0.0031111111111111,0.0401799999999999,0.0990777777777777,10000000.0,4.716457087440512e-10,27.0,3.0,,0.05822302426132951,3.600479865758697,0.012597485347000318,0.10911298131397658,0.11280461755370821,227.82471915873236,1.0
1466.0,0.008,0.0085,450000.0,0.000127,1.0,25.0,400.0,0.0013180832559913,4459.673087706519,351.11917342151344,128.12927854927003,0.0,0.0005014443289698,0.2605968200511706,0.0655203369554249,57.15,3.907080511982786e-09,6.19930583706606e-10,1313.844,4.1301886506339,9.817076017954583e-05,0.00148,6.65847e-07,0.0154111111111111,0.0157,6.76e-06,0.0805555555555555,0.023,9e-06,0.0031111111111111,0.0401799999999999,0.0990777777777777,10000000.0,5.267183467687482e-10,27.0,3.0,,0.06502155010477663,3.5895283271688654,0.013983756054573974,0.08987493299096906,0.12368270251232548,185.35534427865872,1.0
1468.0,0.008,0.0085,450000.0,0.000127,1.0,30.0,350.0,0.0013304518151643,5351.607705247823,319.92671377973846,132.17310045914968,0.0,0.0004310584618,0.1886738428357804,0.0661351631896394,57.15,3.9318176303286126e-09,6.223363303085331e-10,1313.844,4.127688470082688,9.056188161246646e-05,0.00148,6.65847e-07,0.0154111111111111,0.0157,6.76e-06,0.0805555555555555,0.023,9e-06,0.0031111111111111,0.0401799999999999,0.0990777777777777,10000000.0,4.812877809750409e-10,27.0,3.0,,0.059413304581973886,3.598552909239088,0.012841403893786324,0.02294537506416701,0.11473818609101766,47.804858910972385,1.0
1469.0,0.008,0.0085,450000.0,0.000127,1.0,30.0,375.0,0.0016052202450128,5351.607705247823,351.11917342151344,145.22915186752124,0.0,0.0004736383923435,0.2655947747672109,0.0797935721152943,57.15,4.891794980051371e-09,7.885761879036113e-10,1190.7118529922946,3.394796838983716,0.0001213608364571,0.00148,6.65847e-07,0.0154111111111111,0.0157,6.76e-06,0.0805555555555555,0.023,9e-06,0.0031111111111111,0.0401799999999999,0.0990777777777777,10000000.0,6.71144284580098e-10,27.0,3.0,,0.08285043039618785,3.5614249480434212,0.017541145817288512,0.06277077225572865,0.15041423189770056,125.50754914568708,1.0
1470.0,0.008,0.0085,450000.0,0.000127,1.0,30.0,400.0,0.0019081359452743,5351.607705247823,351.11917342151344,135.30045392115463,0.0,0.0004412577547587,0.2356076466946972,0.094851148076453,57.15,6.103457781097361e-09,1.013987574180502e-09,1008.962432835396,2.333761899049758,0.0001502214848926,0.00148,6.65847e-07,0.0154111111111111,0.0157,6.76e-06,0.0805555555555555,0.023,9e-06,0.0031111111111111,0.0401799999999999,0.0990777777777777,10000000.0,4.687238176044953e-10,28.0,4.0,,0.06000537609703675,3.57708340736034,0.015559062359450645,0.04057112252120734,0.13572480138867538,82.52285090470039,1.0
1471.0,0.008,0.0085,450000.0,0.000127,1.0,35.0,300.0,0.0011723963657053,6243.542322789127,291.5053062825179,117.10906282914206,0.0,0.0003273684432045,0.1329393706855082,0.0582784164635738,57.15,3.6157067314106894e-09,5.91593755111518e-10,1313.844,4.159637798636322,7.73547056877302e-05,0.00148,6.65847e-07,0.0154111111111111,0.0157,6.76e-06,0.0805555555555555,0.023,9e-06,0.0031111111111111,0.0401799999999999,0.0990777777777777,100000000.0,1.2120408180309418e-10,21.0,3.0,,0.011637284430510009,3.554261167944846,0.018447953424703085,0.02284366979142429,0.15696948434994018,45.322548002240154,1.0
1473.0,0.008,0.0085,450000.0,0.000127,1.0,35.0,350.0,0.00182353114929,6243.542322789127,319.92671377973846,134.46143274087632,0.0,0.0003758755201692,0.2004998628006312,0.0906455451938307,57.15,5.7650385971603185e-09,9.510298459015702e-10,1059.7253104259523,2.6301105021356666,0.000130138241375,0.00148,6.65847e-07,0.0154111111111111,0.0157,6.76e-06,0.0805555555555555,0.023,9e-06,0.0031111111111111,0.0401799999999999,0.0990777777777777,10000000.0,3.9890064023810156e-10,28.0,4.0,,0.051066709315448454,3.594227979836163,0.013388863311878052,0.018607608291352044,0.1190474187026246,38.578757487606325,1.0
1474.0,0.008,0.0085,450000.0,0.000127,1.0,35.0,375.0,0.0021992462630935,6243.542322789127,351.11917342151344,146.2200249381846,0.0,0.0004087456664151,0.2873257937211543,0.1093218926428641,57.15,7.201483631342981e-09,1.138903915933311e-09,927.277831587528,1.936108373934508,0.0001747697826866,0.00148,6.65847e-07,0.0154111111111111,0.0157,6.76e-06,0.0805555555555555,0.023,9e-06,0.0031111111111111,0.0401799999999999,0.0990777777777777,10000000.0,1.0452068191893045e-09,27.0,3.0,,0.12902715081160696,3.492541691215613,0.02626054541574522,0.008796750266683251,0.2095172868652377,16.365142386915643,1.0
1479.0,0.008,0.0085,450000.0,0.000127,1.0,40.0,375.0,0.0028940896363255,7135.476940330431,351.11917342151344,147.2782557261118,0.0,0.0003602408781515,0.3230147216889572,0.143861722914179,57.15,9.749242666526985e-09,1.3361375235697927e-09,834.6320484899279,1.6714958043957195,0.0002298948756711,0.00148,6.65847e-07,0.0154111111111111,0.0157,6.76e-06,0.0805555555555555,0.023,9e-06,0.0031111111111111,0.0401799999999999,0.0990777777777777,10000000.0,7.748372314913293e-10,28.0,4.0,,0.09919359277973683,3.5061737312381513,0.02453497072934793,0.03977940599504126,0.19848252729315874,75.03716828782366,1.0
1481.0,0.008,0.0085,500000.0,0.000127,1.0,25.0,400.0,0.001067647437353,4013.7057789358673,351.11917342151344,128.12927854927,0.0,0.000557160365522,0.2668475914918223,0.0530714729338942,63.5,3.4062088747060573e-09,5.712195648023505e-10,1313.844,4.180811747013459,9.68047930499255e-05,0.00148,6.65847e-07,0.0154111111111111,0.0157,6.76e-06,0.0805555555555555,0.023,9e-06,0.0031111111111111,0.0401799999999999,0.0990777777777777,10000000.0,6.711090620884093e-10,30.0,3.0,,0.09205120255772305,3.555384630517667,0.018305742972447216,0.08154491600020504,0.15594815060453998,161.98364376358154,1.0
1482.0,0.008,0.0085,500000.0,0.000127,1.0,30.0,350.0,0.001077665970283,4816.44693472304,319.92671377973846,132.17310045914974,0.0,0.0004789538464444,0.1762425778726505,0.0535694821836079,63.5,3.4262459405661753e-09,5.73168219549912e-10,1313.844,4.178786600766977,8.934053080892384e-05,0.00148,6.65847e-07,0.0154111111111111,0.0157,6.76e-06,0.0805555555555555,0.023,9e-06,0.0031111111111111,0.0401799999999999,0.0990777777777777,100000000.0,1.0070299628848482e-10,24.0,4.0,,0.011050164491207274,3.5571603334585284,0.01808097044828759,0.07144293119783524,0.154328812163469,142.18898288797746,1.0
1483.0,0.008,0.0085,500000.0,0.000127,1.0,30.0,375.0,0.0013002283984604,4816.44693472304,351.11917342151344,145.22915186752124,0.0,0.0005262648803817,0.2719625370916383,0.0646327934133884,63.5,3.871370796920804e-09,6.164577246425405e-10,1313.844,4.133797831535215,0.0001082034713901,0.00148,6.65847e-07,0.0154111111111111,0.0157,6.76e-06,0.0805555555555555,0.023,9e-06,0.0031111111111111,0.0401799999999999,0.0990777777777777,10000000.0,7.658733345283481e-10,30.0,3.0,,0.10504933614045048,3.5365829914582245,0.020685697283769094,0.06210040753779941,0.1727212513927026,120.90700601764937,1.0
1484.0,0.008,0.0085,500000.0,0.000127,1.0,30.0,400.0,0.0015455901156722,4816.44693472304,351.11917342151344,135.3004539211546,0.0,0.0004902863941763,0.2225122496268037,0.0768294299419269,63.5,4.653274462688853e-09,7.44203083086205e-10,1226.489930596672,3.603665678230312,0.0001285265964237,0.00148,6.65847e-07,0.0154111111111111,0.0157,6.76e-06,0.0805555555555555,0.023,9e-06,0.0031111111111111,0.0401799999999999,0.0990777777777777,10000000.0,5.555804476967353e-10,28.0,4.0,,0.07112464198337964,3.5739376674103793,0.015957257289825406,0.03437817770149726,0.1387164986775354,69.6841695334767,1.0
1485.0,0.008,0.0085,500000.0,0.000127,1.0,35.0,325.0,0.0012006399768849,5619.188090510213,319.92671377973846,119.5612736483546,0.0,0.0003713593226334,0.1504087984278782,0.0596823724829777,63.5,3.672193953769866e-09,5.970872787040041e-10,1313.844,4.15392863507248,9.482950535450731e-05,0.00148,6.65847e-07,0.0154111111111111,0.0157,6.76e-06,0.0805555555555555,0.023,9e-06,0.0031111111111111,0.0401799999999999,0.0990777777777777,10000000.0,3.8999294962600923e-10,28.0,4.0,,0.049926359059584854,3.609168045899504,0.011497715708923545,0.0006200668853155455,0.10398068637429467,1.3075582883640653,1.0
1486.0,0.008,0.0085,500000.0,0.000127,1.0,35.0,350.0,0.0014770602309249,5619.188090510213,319.92671377973846,134.46143274087626,0.0,0.0004176394668547,0.2014923082880162,0.0734228916070028,63.5,4.379154923699858e-09,6.93207323180272e-10,1267.6078614450212,3.843708046729889,0.0001111690714201,0.00148,6.65847e-07,0.0154111111111111,0.0157,6.76e-06,0.0805555555555555,0.023,9e-06,0.0031111111111111,0.0401799999999999,0.0990777777777777,10000000.0,4.68066087469941e-10,28.0,4.0,,0.05992117439315068,3.592327754252782,0.013629398195850342,0.02796824228786262,0.12092751041015737,57.862209167340204,1.0
1487.0,0.008,0.0085,500000.0,0.000127,1.0,35.0,375.0,0.0017813894731057,5619.188090510213,351.11917342151344,146.2200249381846,0.0,0.0004541618515723,0.2974758101073502,0.0885507330407199,63.5,5.596471892423068e-09,9.196705811274523e-10,1085.0103161365396,2.7777218369735053,0.0001535026459584,0.00148,6.65847e-07,0.0154111111111111,0.0157,6.76e-06,0.0805555555555555,0.023,9e-06,0.0031111111111111,0.0401799999999999,0.0990777777777777,10000000.0,6.911201255120165e-10,28.0,4.0,,0.0884762444364894,3.546424336429575,0.01943995741397797,0.0802688326301408,0.1640257247788705,157.92286307176474,1.0
1489.0,0.008,0.0085,500000.0,0.000127,1.0,40.0,300.0,0.0012519495344441,6421.929246297387,291.5053062825179,118.3911075061889,0.0,0.0003217591710866,0.1267545533323479,0.0622329090177752,63.5,3.774813068888214e-09,6.07067244197051e-10,1313.844,4.143556921107469,8.918409945920463e-05,0.00148,6.65847e-07,0.0154111111111111,0.0157,6.76e-06,0.0805555555555555,0.023,9e-06,0.0031111111111111,0.0401799999999999,0.0990777777777777,100000000.0,1.0022344682414118e-10,24.0,4.0,,0.010997543410822668,3.5577331399004652,0.01800846330373856,0.013344100903750033,0.15380511952041354,26.57448515191228,1.0
1492.0,0.008,0.0085,500000.0,0.000127,1.0,40.0,375.0,0.0023442126054236,6421.929246297387,351.11917342151344,147.2782557261117,0.0,0.0004002676423906,0.3129450732304205,0.1165279955604849,63.5,7.733026886553522e-09,1.180053095424865e-09,907.9489859435084,1.8809018082272,0.000206968167259,0.00148,6.65847e-07,0.0154111111111111,0.0157,6.76e-06,0.0805555555555555,0.023,9e-06,0.0031111111111111,0.0401799999999999,0.0990777777777777,10000000.0,8.788734903886242e-10,32.0,4.0,,0.12858533832081268,3.470239541698799,0.029083602316607685,0.027651739349122822,0.2269295344290835,50.30911583398361,1.0
1494.0,0.008,0.0085,550000.0,0.000127,1.0,30.0,375.0,0.0010745689243474,4378.58812247549,351.11917342151344,145.22915186752107,0.0,0.0005788913684199,0.2789519303904713,0.0534155317466019,69.85,3.420051848694877e-09,5.725658286301986e-10,1313.844,4.179412637632409,0.000106858374755,0.00148,6.65847e-07,0.0154111111111111,0.0157,6.76e-06,0.0805555555555555,0.023,9e-06,0.0031111111111111,0.0401799999999999,0.0990777777777777,10000000.0,9.804506928214e-10,33.0,3.0,,0.1479295057439718,3.485669963109834,0.027130384416476683,0.03742689289989751,0.21496537105673655,69.14769973463176,1.0
1495.0,0.008,0.0085,550000.0,0.000127,1.0,30.0,400.0,0.0012773472030348,4378.58812247549,351.11917342151344,135.30045392115477,0.0,0.0005393150335939,0.2347307011841098,0.0634953966462206,69.85,3.825608406069774e-09,6.120072177263007e-10,1313.844,4.138423036378528,0.0001177901716385,0.00148,6.65847e-07,0.0154111111111111,0.0157,6.76e-06,0.0805555555555555,0.023,9e-06,0.0031111111111111,0.0401799999999999,0.0990777777777777,10000000.0,5.917140925712299e-10,32.0,4.0,,0.08657191008096096,3.5530196159004865,0.01860511191133088,0.04448339445692823,0.15809530136863015,88.13857040065483,1.0
1496.0,0.008,0.0085,550000.0,0.000127,1.0,35.0,350.0,0.0012207109346487,5108.352809554739,319.92671377973846,134.46143274087623,0.0,0.0004594034135402,0.1999927810464196,0.0606800757082668,69.85,3.712335869297462e-09,6.009911803438511e-10,1313.844,4.1498714916701065,0.0001052979772066,0.00148,6.65847e-07,0.0154111111111111,0.0157,6.76e-06,0.0805555555555555,0.023,9e-06,0.0031111111111111,0.0401799999999999,0.0990777777777777,10000000.0,5.178648490535773e-10,32.0,4.0,,0.0757672492665194,3.569963388533119,0.016460330565428005,0.023365456071633303,0.14246667875617824,47.15528950179563,1.0
1497.0,0.008,0.0085,550000.0,0.000127,1.0,35.0,375.0,0.001472222705046,5108.352809554739,351.11917342151344,146.2200249381846,0.0,0.0004995780367296,0.2853734659662513,0.0731824240005949,69.85,4.359804820184352e-09,6.89607531510291e-10,1270.510376972347,3.8606526421268654,0.0001328253429655,0.00148,6.65847e-07,0.0154111111111111,0.0157,6.76e-06,0.0805555555555555,0.023,9e-06,0.0031111111111111,0.0401799999999999,0.0990777777777777,10000000.0,6.854291734659602e-10,32.0,4.0,,0.10028308184162328,3.532036130657548,0.021261249283854665,0.07172796012403303,0.17667792239142494,138.98354662019062,1.0
1504.0,0.008,0.0085,600000.0,0.000127,1.0,30.0,400.0,0.0010733264692168,4013.7057789358655,351.11917342151344,135.30045392115468,0.0,0.0005883436730116,0.2256542880826543,0.0533537707930048,76.2,3.4175669384336304e-09,5.723241648950165e-10,1313.844,4.1796637875125136,0.0001164997091913,0.00148,6.65847e-07,0.0154111111111111,0.0157,6.76e-06,0.0805555555555555,0.023,9e-06,0.0031111111111111,0.0401799999999999,0.0990777777777777,10000000.0,7.076433167998288e-10,36.0,4.0,,0.11647481216955255,3.5135477720545647,0.023601547841194382,0.015645705120096942,0.1923840689709861,29.73754871507412,1.0
1505.0,0.008,0.0085,600000.0,0.000127,1.0,35.0,350.0,0.0010257362714756,4682.6567420918445,319.92671377973846,134.4614327408763,0.0,0.0005011673602256,0.2017176059329443,0.0509881191715297,76.2,3.3223865429513403e-09,5.63067633483375e-10,1313.844,4.189283670083909,0.0001044273911449,0.00148,6.65847e-07,0.0154111111111111,0.0157,6.76e-06,0.0805555555555555,0.023,9e-06,0.0031111111111111,0.0401799999999999,0.0990777777777777,10000000.0,6.185487530877794e-10,36.0,4.0,,0.1018102596650249,3.5349986298858806,0.02088624938153409,0.008739227096389704,0.17410427005586626,16.986480085092424,1.0
1506.0,0.008,0.0085,600000.0,0.000127,1.0,35.0,375.0,0.0012370760229901,4682.6567420918445,351.11917342151344,146.2200249381846,0.0,0.0005449942218868,0.2884262750400201,0.061493564611611,76.2,3.7450660459802324e-09,6.041742718516925e-10,1313.844,4.146563452712779,0.0001261298123758,0.00148,6.65847e-07,0.0154111111111111,0.0157,6.76e-06,0.0805555555555555,0.023,9e-06,0.0031111111111111,0.0401799999999999,0.0990777777777777,10000000.0,7.825268538358619e-10,36.0,4.0,,0.12880029550811825,3.4959213343740814,0.02583274248429348,0.05795241492029085,0.2068099822984849,108.18173108247643,1.0
1512.0,0.008,0.009,400000.0,0.000127,1.0,20.0,375.0,0.0011877972384452,4013.705778935866,351.11917342151344,142.32624943407453,0.0,0.0006188948073064,0.3225766953471431,0.0590439753664296,50.8,3.646508476890598e-09,5.945893018638026e-10,1313.844,4.156524666220668,8.215438774196508e-05,0.00148,6.65847e-07,0.0154111111111111,0.0157,6.76e-06,0.0805555555555555,0.023,9e-06,0.0031111111111111,0.0401799999999999,0.0990777777777777,1000000.0,1.937949841984671e-09,24.0,4.0,,0.21265171165605606,3.6503864938119994,0.006280190656708911,0.010701008324657424,0.059608122195465844,23.68310933360431,1.0
1513.0,0.008,0.009,400000.0,0.000127,1.0,20.0,400.0,0.0014020946509492,4013.705778935866,351.11917342151344,121.93082407016288,0.0,0.0005302068604187,0.2269927851017119,0.0696964425851069,50.8,4.0792926037970695e-09,6.37422511462737e-10,1312.5872094304395,4.106292982333962,9.065278262031904e-05,0.00148,6.65847e-07,0.0154111111111111,0.0157,6.76e-06,0.0805555555555555,0.023,9e-06,0.0031111111111111,0.0401799999999999,0.0990777777777777,10000000.0,9.167645979165473e-10,22.0,2.0,,0.02691009170307373,3.566597916454629,0.016886339689287492,0.09020625081353117,0.1456169378780756,181.38209402836696,1.0
1514.0,0.008,0.009,400000.0,0.000127,1.0,25.0,300.0,0.0010334019358905,5017.1322236698325,291.5053062825179,118.30919398454344,0.0,0.000411566783245,0.1526986738824242,0.0513691701507951,50.8,3.337717871781057e-09,5.64558643540387e-10,1313.844,4.187734132679089,6.423926689095674e-05,0.00148,6.65847e-07,0.0154111111111111,0.0157,6.76e-06,0.0805555555555555,0.023,9e-06,0.0031111111111111,0.0401799999999999,0.0990777777777777,10000000.0,6.155340778979102e-10,22.0,2.0,,0.018067973523676045,3.6084969808163603,0.011582660656156948,0.04308153020795305,0.10466848695048238,90.77790166053067,1.0
1515.0,0.008,0.009,400000.0,0.000127,1.0,25.0,325.0,0.0012840864726393,5017.1322236698325,319.92671377973846,112.85555450372068,0.0,0.0003925949959941,0.1761333096893864,0.063830397651134,50.8,3.839086945278665e-09,6.133180393607131e-10,1313.844,4.1370607604206855,7.88435937136968e-05,0.00148,6.65847e-07,0.0154111111111111,0.0157,6.76e-06,0.0805555555555555,0.023,9e-06,0.0031111111111111,0.0401799999999999,0.0990777777777777,10000000.0,7.776666511991778e-10,22.0,2.0,,0.022827104085117733,3.5857231797464615,0.01446542028525806,0.04929580795313457,0.12740014841952305,101.23490330643132,1.0
1516.0,0.008,0.009,400000.0,0.000127,1.0,25.0,350.0,0.00156042308225,5017.1322236698325,319.92671377973846,132.97064610250516,0.0,0.0004625701455592,0.2329212000003906,0.0775667589109489,50.8,4.712606329000013e-09,7.55240872002435e-10,1217.590150649998,3.5517096528796235,9.537290155506133e-05,0.00148,6.65847e-07,0.0154111111111111,0.0157,6.76e-06,0.0805555555555555,0.023,9e-06,0.0031111111111111,0.0401799999999999,0.0990777777777777,10000000.0,9.746106765758142e-10,22.0,2.0,,0.028608066608433017,3.558753847227922,0.01787925984456692,0.08656637448100848,0.1528703206582508,172.58548812186487,1.0
1517.0,0.008,0.009,400000.0,0.000127,1.0,25.0,375.0,0.0018649517354475,5017.1322236698325,351.11917342151344,143.7731405034467,0.0,0.0005001492019443,0.3176040753029751,0.0927045128270133,50.8,5.930720941790055e-09,9.818525194641774e-10,1034.8729587314915,2.485024958178576,0.0001298761492635,0.00148,6.65847e-07,0.0154111111111111,0.0157,6.76e-06,0.0805555555555555,0.023,9e-06,0.0031111111111111,0.0401799999999999,0.0990777777777777,10000000.0,5.47016857290402e-10,24.0,3.0,,0.06002429396644862,3.5897018918090593,0.01396178584695457,0.12469526850951307,0.12351238273800119,257.2177341555437,1.0
1518.0,0.008,0.009,400000.0,0.000127,1.0,25.0,400.0,0.0022009577171468,5017.1322236698325,351.11917342151344,131.2789119900797,0.0,0.0004566850444668,0.2519740372327167,0.1094069669701117,50.8,7.207758962871957e-09,1.1393897178712039e-09,927.0496377137472,1.9354566122970616,0.0001554716179895,0.00148,6.65847e-07,0.0154111111111111,0.0157,6.76e-06,0.0805555555555555,0.023,9e-06,0.0031111111111111,0.0401799999999999,0.0990777777777777,10000000.0,6.715437726993081e-10,24.0,3.0,,0.0736886629481729,3.566490165212128,0.01689997908707243,0.0286984073144321,0.14571741637291816,57.6984964579327,1.0
1519.0,0.008,0.009,400000.0,0.000127,1.0,30.0,300.0,0.0014985861178689,6020.558668403799,291.5053062825179,120.17986492210912,0.0,0.0003483952990111,0.1687050784127252,0.0744929176159234,50.8,4.4652584714757505e-09,7.092255751648731e-10,1254.692329278637,3.768308461495757,8.30982573695814e-05,0.00148,6.65847e-07,0.0154111111111111,0.0157,6.76e-06,0.0805555555555555,0.023,9e-06,0.0031111111111111,0.0401799999999999,0.0990777777777777,10000000.0,8.268990011231587e-10,22.0,2.0,,0.024272237387846705,3.578911022984318,0.015327718609579998,0.029759923408955096,0.1339771173028517,60.65496062472782,1.0
1520.0,0.008,0.009,400000.0,0.000127,1.0,30.0,325.0,0.0018612392419116,6020.558668403799,319.92671377973846,118.0699101245666,0.0,0.0003422786476647,0.1923811884403846,0.0925199692283381,50.8,5.9158709676466246e-09,9.790899082368978e-10,1037.1004548530063,2.498028857786366,0.000118586379253,0.00148,6.65847e-07,0.0154111111111111,0.0157,6.76e-06,0.0805555555555555,0.023,9e-06,0.0031111111111111,0.0401799999999999,0.0990777777777777,10000000.0,4.941341751096965e-10,24.0,3.0,,0.05422146427547297,3.5997599709880785,0.012688611267331815,0.005459754936573434,0.11352797004303883,11.390514348356458,1.0
1521.0,0.008,0.009,400000.0,0.000127,1.0,30.0,350.0,0.0022609481562173,6020.558668403799,319.92671377973846,135.40961333467428,0.0,0.0003925455629135,0.2659762113081624,0.1123890197077771,50.8,7.427723906130289e-09,1.1564182039694827e-09,919.0509125043532,1.9126108533221209,0.0001460464735351,0.00148,6.65847e-07,0.0154111111111111,0.0157,6.76e-06,0.0805555555555555,0.023,9e-06,0.0031111111111111,0.0401799999999999,0.0990777777777777,10000000.0,6.249088380549003e-10,24.0,3.0,,0.06857140012730159,3.575106292865594,0.01580933001701348,0.04483579147308371,0.13760752029071666,90.99865009270115,1.0
1522.0,0.008,0.009,400000.0,0.000127,1.0,30.0,375.0,0.002701378937489,6020.558668403799,351.11917342151344,144.97255219637168,0.0,0.0004202680349458,0.3442337347063868,0.1342823053278554,50.8,9.042636770793166e-09,1.281435949336057e-09,860.326808334794,1.74488453509563,0.0001907620251106,0.00148,6.65847e-07,0.0154111111111111,0.0157,6.76e-06,0.0805555555555555,0.023,9e-06,0.0031111111111111,0.0401799999999999,0.0990777777777777,10000000.0,8.550666005779285e-10,24.0,3.0,,0.09382666788042703,3.533443409114137,0.02108311277036239,0.07594476149810427,0.17545736116124952,147.37237752700952,1.0
1523.0,0.008,0.009,400000.0,0.000127,1.0,30.0,400.0,0.0031872750811074,6020.558668403799,351.11917342151344,137.64096276872894,0.0,0.0003990141311198,0.3349091965886193,0.1584356195517541,50.8,1.082425596406066e-08,1.4193591893559543e-09,795.5406558523396,1.559843946029056,0.0002250231378131,0.00148,6.65847e-07,0.0154111111111111,0.0157,6.76e-06,0.0805555555555555,0.023,9e-06,0.0031111111111111,0.0401799999999999,0.0990777777777777,10000000.0,5.905069338245043e-10,24.0,4.0,,0.06479647073525424,3.55892766464432,0.017857257639959483,0.07149710630161085,0.15271092685067783,142.56903801412722,1.0
1527.0,0.008,0.009,400000.0,0.000127,1.0,35.0,375.0,0.0037023239624121,7023.985113137765,351.11917342151344,146.12023278612773,0.0,0.0003630815163785,0.3689934906865096,0.1840380813827551,50.8,1.2712768528844705e-08,1.565557531143909e-09,726.8674716783745,1.3637013142209808,0.0002613320362238,0.00148,6.65847e-07,0.0154111111111111,0.0157,6.76e-06,0.0805555555555555,0.023,9e-06,0.0031111111111111,0.0401799999999999,0.0990777777777777,10000000.0,7.07199553321969e-10,24.0,4.0,,0.0776011805043944,3.5343070820651854,0.020973787080356285,0.06717422879936001,0.17470648637642663,130.47168449654808,1.0
1533.0,0.008,0.009,450000.0,0.000127,1.0,20.0,400.0,0.0011078278723549,3567.7384701652154,351.11917342151344,121.93082407016291,0.0,0.0005964827179711,0.2252404697327629,0.055068794141319,57.15,3.486569744709954e-09,5.790348603124048e-10,1313.844,4.172689673882165,8.889646170227225e-05,0.00148,6.65847e-07,0.0154111111111111,0.0157,6.76e-06,0.0805555555555555,0.023,9e-06,0.0031111111111111,0.0401799999999999,0.0990777777777777,10000000.0,4.71464657581556e-10,27.0,3.0,,0.05820067412428584,3.600516087706866,0.012592900290270097,0.07179100146715797,0.11276819043398725,149.9036695488747,1.0
1534.0,0.008,0.009,450000.0,0.000127,1.0,25.0,325.0,0.0010145868425792,4459.673087706519,319.92671377973846,112.85555450372078,0.0,0.0004416693704934,0.1769497997938245,0.0504338944404022,57.15,3.300087685158453e-09,5.608990138158725e-10,1313.844,4.191537415641036,7.787270238970554e-05,0.00148,6.65847e-07,0.0154111111111111,0.0157,6.76e-06,0.0805555555555555,0.023,9e-06,0.0031111111111111,0.0401799999999999,0.0990777777777777,10000000.0,4.632144330867202e-10,24.0,3.0,,0.050828633396828596,3.6173349818248237,0.010463926351288181,0.0355072719565936,0.0955245897850851,75.58214611766925,1.0
1535.0,0.008,0.009,450000.0,0.000127,1.0,25.0,350.0,0.0012329268798024,4459.673087706519,319.92671377973846,132.9706461025053,0.0,0.0005203914137541,0.2335902967593771,0.061287315682725,57.15,3.736767759604943e-09,6.033672427559798e-10,1313.844,4.147402160516729,8.664366349940997e-05,0.00148,6.65847e-07,0.0154111111111111,0.0157,6.76e-06,0.0805555555555555,0.023,9e-06,0.0031111111111111,0.0401799999999999,0.0990777777777777,10000000.0,5.233939139976847e-10,24.0,3.0,,0.057432142602816996,3.607238599292509,0.011741949456644415,0.074690838473835,0.10595540838867185,157.15625231669165,1.0
1536.0,0.008,0.009,450000.0,0.000127,1.0,25.0,375.0,0.0014735421119585,4459.673087706519,351.11917342151344,143.77314050344657,0.0,0.0005626678521873,0.305850523079336,0.0732480101349241,57.15,4.365082447834117e-09,6.905893536507082e-10,1269.7187328248824,3.8560311027583807,0.0001088011546301,0.00148,6.65847e-07,0.0154111111111111,0.0157,6.76e-06,0.0805555555555555,0.023,9e-06,0.0031111111111111,0.0401799999999999,0.0990777777777777,10000000.0,5.91766165354068e-10,27.0,3.0,,0.07305147733495289,3.576761820626151,0.015599769540993506,0.11937103560945901,0.136031593853595,242.71799255278611,1.0
1537.0,0.008,0.009,450000.0,0.000127,1.0,25.0,400.0,0.001739028319721,4459.673087706519,351.11917342151344,131.27891199007962,0.0,0.0005137706750252,0.2526292328852985,0.0864450109393475,57.15,5.4270272788840245e-09,8.881479948088694e-10,1110.4270081673965,2.926101943380443,0.0001341162727649,0.00148,6.65847e-07,0.0154111111111111,0.0157,6.76e-06,0.0805555555555555,0.023,9e-06,0.0031111111111111,0.0401799999999999,0.0990777777777777,10000000.0,7.547858456937146e-10,27.0,3.0,,0.09317569054737543,3.5455453203745093,0.01955122526904948,0.03282853139857547,0.16480982531170643,64.52707512458133,1.0
1538.0,0.008,0.009,450000.0,0.000127,1.0,30.0,300.0,0.0011840680437482,5351.607705247823,291.5053062825179,120.1798649221092,0.0,0.0003919447113875,0.1740576524592514,0.0588586015730753,57.15,3.639050087496595e-09,5.938639548492627e-10,1313.844,4.15727848563672,7.77817793780551e-05,0.00148,6.65847e-07,0.0154111111111111,0.0157,6.76e-06,0.0805555555555555,0.023,9e-06,0.0031111111111111,0.0401799999999999,0.0990777777777777,10000000.0,4.626009430698232e-10,24.0,3.0,,0.050761314986748664,3.617438628795502,0.010450806481582055,0.024257735899427334,0.09541624729518024,51.642135765757644,1.0
1539.0,0.008,0.009,450000.0,0.000127,1.0,30.0,325.0,0.0014706087837326,5351.607705247823,319.92671377973846,118.06991012456668,0.0,0.0003850634786228,0.190203506778018,0.0731021979088104,57.15,4.353349134930671e-09,6.884065497180434e-10,1271.4787297603991,3.8663057888682353,9.949162064696176e-05,0.00148,6.65847e-07,0.0154111111111111,0.0157,6.76e-06,0.0805555555555555,0.023,9e-06,0.0031111111111111,0.0401799999999999,0.0990777777777777,10000000.0,5.346989461681819e-10,27.0,3.0,,0.06600672737627246,3.587952264586538,0.014183257647273673,0.010914581492935144,0.1252262756917776,22.470253190707748,1.0
1540.0,0.008,0.009,450000.0,0.000127,1.0,30.0,350.0,0.0017864281728137,5351.607705247823,319.92671377973846,135.40961333467422,0.0,0.0004416137582777,0.2547478559795457,0.0888012007567622,57.15,5.616626691254851e-09,9.234200740894235e-10,1081.9870963117723,2.760072581958496,0.0001269186009619,0.00148,6.65847e-07,0.0154111111111111,0.0157,6.76e-06,0.0805555555555555,0.023,9e-06,0.0031111111111111,0.0401799999999999,0.0990777777777777,10000000.0,7.071981612985175e-10,27.0,3.0,,0.08730115622698445,3.5545450797430362,0.018412015222400442,0.03846549899579896,0.15671161513045245,76.34008476479528,1.0
1541.0,0.008,0.009,450000.0,0.000127,1.0,30.0,375.0,0.0021344228641888,5351.607705247823,351.11917342151344,144.97255219637174,0.0,0.000472801539314,0.3426746226978581,0.106099599271392,57.15,6.963797835359217e-09,1.1205035780762267e-09,935.9209514414832,1.960794636783378,0.0001696266419649,0.00148,6.65847e-07,0.0154111111111111,0.0157,6.76e-06,0.0805555555555555,0.023,9e-06,0.0031111111111111,0.0401799999999999,0.0990777777777777,10000000.0,1.0062020554384852e-09,27.0,3.0,,0.12421214822795414,3.4994743942105933,0.025382988074608426,0.07218287519851195,0.2039436918194232,135.23313426110775,1.0
1542.0,0.008,0.009,450000.0,0.000127,1.0,30.0,400.0,0.0025183408048256,5351.607705247823,351.11917342151344,137.64096276872877,0.0,0.0004488908975098,0.342182450806433,0.125183699398917,57.15,8.371496951027363e-09,1.2294799652524414e-09,884.7318926899143,1.814589726903616,0.0002000861862108,0.00148,6.65847e-07,0.0154111111111111,0.0157,6.76e-06,0.0805555555555555,0.023,9e-06,0.0031111111111111,0.0401799999999999,0.0990777777777777,10000000.0,6.543002007123427e-10,28.0,4.0,,0.08376260849035683,3.533301000564867,0.021101139169004225,0.09305614291715916,0.17558103954579912,180.55028048073316,1.0
1545.0,0.008,0.009,450000.0,0.000127,1.0,35.0,350.0,0.0024492134855124,6243.542322789127,319.92671377973846,137.33554035080675,0.0,0.0003839098439964,0.252269629373754,0.1217474633086399,57.15,8.118030113545552e-09,1.2098579452409863e-09,893.9488685983437,1.840915023068874,0.0001779096800349,0.00148,6.65847e-07,0.0154111111111111,0.0157,6.76e-06,0.0805555555555555,0.023,9e-06,0.0031111111111111,0.0401799999999999,0.0990777777777777,10000000.0,5.694734190763616e-10,28.0,4.0,,0.07290320100135397,3.5530006453712515,0.01860751324414541,0.017438965063760026,0.15811248017969462,34.5525359699538,1.0
1546.0,0.008,0.009,450000.0,0.000127,1.0,35.0,375.0,0.002925293007338,6243.542322789127,351.11917342151344,146.1202327861277,0.0,0.0004084667059258,0.363500421467912,0.1454128050431646,57.15,9.863655026906111e-09,1.344994704442924e-09,830.471599021596,1.6596128326355069,0.000232370122992,0.00148,6.65847e-07,0.0154111111111111,0.0157,6.76e-06,0.0805555555555555,0.023,9e-06,0.0031111111111111,0.0401799999999999,0.0990777777777777,10000000.0,7.852120852599966e-10,28.0,4.0,,0.10052176723761329,3.5038847831043434,0.024824710999450238,0.07738584918713402,0.20035683903076512,145.63405043188078,1.0
1553.0,0.008,0.009,500000.0,0.000127,1.0,25.0,375.0,0.0011935691106864,4013.7057789358673,351.11917342151344,143.77314050344674,0.0,0.0006251865024303,0.318431610201755,0.0593308882092886,63.5,3.6580522213728197e-09,5.9571195987406e-10,1313.844,4.15535793996585,0.0001029758633971,0.00148,6.65847e-07,0.0154111111111111,0.0157,6.76e-06,0.0805555555555555,0.023,9e-06,0.0031111111111111,0.0401799999999999,0.0990777777777777,10000000.0,7.218756309200214e-10,30.0,3.0,,0.09901448762518605,3.545266243893976,0.019586551405825856,0.11990623436728035,0.16505845977960687,235.61502493822948,1.0
1554.0,0.008,0.009,500000.0,0.000127,1.0,25.0,400.0,0.001408612938974,4013.7057789358673,351.11917342151344,131.27891199007962,0.0,0.0005708563055835,0.2392576374852865,0.0700204588608715,63.5,4.105365755896062e-09,6.422730237951848e-10,1308.6762366155908,4.083461114138157,0.0001140070310192,0.00148,6.65847e-07,0.0154111111111111,0.0157,6.76e-06,0.0805555555555555,0.023,9e-06,0.0031111111111111,0.0401799999999999,0.0990777777777777,10000000.0,8.158451244773114e-10,30.0,3.0,,0.11190360710566365,3.5268161460542133,0.021922006828580635,0.017153571518751257,0.18117393266358486,33.0560811587232,1.0
1555.0,0.008,0.009,500000.0,0.000127,1.0,30.0,325.0,0.0011911931148234,4816.44693472304,319.92671377973846,118.0699101245666,0.0,0.0004278483095809,0.1818122415069173,0.0592127803061364,63.5,3.6533002296469202e-09,5.95249816798737e-10,1313.844,4.155838223769587,9.440782111998772e-05,0.00148,6.65847e-07,0.0154111111111111,0.0157,6.76e-06,0.0805555555555555,0.023,9e-06,0.0031111111111111,0.0401799999999999,0.0990777777777777,10000000.0,3.880290514284186e-10,28.0,4.0,,0.049674943523320914,3.609597076809367,0.011443407998814416,0.03274451767745999,0.10354040194561574,69.08352154054252,1.0
1556.0,0.008,0.009,500000.0,0.000127,1.0,30.0,350.0,0.0014470068199791,4816.44693472304,319.92671377973846,135.40961333467416,0.0,0.0004906819536419,0.2389897835385234,0.0719289726129773,63.5,4.258941279916425e-09,6.70843408012432e-10,1285.639908012536,3.948977331386386,0.0001082676341164,0.00148,6.65847e-07,0.0154111111111111,0.0157,6.76e-06,0.0805555555555555,0.023,9e-06,0.0031111111111111,0.0401799999999999,0.0990777777777777,10000000.0,7.664192182205766e-10,30.0,3.0,,0.10512421107980821,3.536475754220417,0.020699271617668834,0.021756599845737884,0.1728150068994415,42.35442785804458,1.0
1557.0,0.008,0.009,500000.0,0.000127,1.0,30.0,375.0,0.0017288825199929,4816.44693472304,351.11917342151344,144.97255219637174,0.0,0.0005253350436822,0.3394460635582842,0.0859406754098275,63.5,5.386444079971958e-09,8.805981095450632e-10,1116.5144880042062,2.961640041919756,0.0001479438199361,0.00148,6.65847e-07,0.0154111111111111,0.0157,6.76e-06,0.0805555555555555,0.023,9e-06,0.0031111111111111,0.0401799999999999,0.0990777777777777,10000000.0,6.59870895067747e-10,28.0,4.0,,0.08447576109187394,3.5526662938974365,0.01864983621551436,0.12884962705658276,0.15841513798603782,255.20326682606935,1.0
1558.0,0.008,0.009,500000.0,0.000127,1.0,30.0,400.0,0.0020398560519087,4816.44693472304,351.11917342151344,137.64096276872883,0.0,0.0004987676638998,0.326034869575812,0.1013987965131227,63.5,6.617052856998827e-09,1.0936604731878111e-09,948.5298597454972,1.996807885458596,0.0001801372981863,0.00148,6.65847e-07,0.0154111111111111,0.0157,6.76e-06,0.0805555555555555,0.023,9e-06,0.0031111111111111,0.0401799999999999,0.0990777777777777,10000000.0,8.508890620402054e-10,28.0,4.0,,0.10892964314362955,3.515418288816932,0.023364773567477033,0.07552642991905986,0.19082233513408847,143.82950695333895,1.0
1559.0,0.008,0.009,500000.0,0.000127,1.0,35.0,300.0,0.0013162166736052,5619.188090510213,291.5053062825179,121.74865985026835,0.0,0.000378153380889,0.1692208158812149,0.0654275513849068,63.5,3.903347347210429e-09,6.195675240995822e-10,1313.844,4.130565961597442,9.179719160645618e-05,0.00148,6.65847e-07,0.0154111111111111,0.0157,6.76e-06,0.0805555555555555,0.023,9e-06,0.0031111111111111,0.0401799999999999,0.0990777777777777,10000000.0,3.75925259966944e-10,28.0,4.0,,0.04812543284866021,3.612247215123733,0.01110794745269205,0.01548783164764779,0.10081112983971503,32.77530112516782,1.0
1561.0,0.008,0.009,500000.0,0.000127,1.0,35.0,350.0,0.001983862923265,5619.188090510213,319.92671377973846,137.33554035080675,0.0,0.0004265664933293,0.2575094104881549,0.0986154452799983,63.5,6.406365693060246e-09,1.070338971855539e-09,963.5262460409632,2.0685099841625387,0.000160047288495,0.00148,6.65847e-07,0.0154111111111111,0.0157,6.76e-06,0.0805555555555555,0.023,9e-06,0.0031111111111111,0.0401799999999999,0.0990777777777777,10000000.0,7.287808155711125e-10,28.0,4.0,,0.09329751399052948,3.538980296347056,0.020382240968727143,0.025416451217627117,0.1706197703850895,49.61051542123455,1.0
1562.0,0.008,0.009,500000.0,0.000127,1.0,35.0,375.0,0.0023694873359438,5619.188090510213,351.11917342151344,146.12023278612767,0.0,0.0004538518954732,0.36986313546099,0.1177843720849633,63.5,7.825700898460614e-09,1.1872274119321015e-09,904.5790218741596,1.871276601101428,0.0002091962300125,0.00148,6.65847e-07,0.0154111111111111,0.0157,6.76e-06,0.0805555555555555,0.023,9e-06,0.0031111111111111,0.0401799999999999,0.0990777777777777,10000000.0,8.909719528259033e-10,32.0,4.0,,0.1303554279897721,3.4674703965729035,0.029434127016088184,0.0815433353862546,0.22903813513075508,147.9539337639716,1.0
1569.0,0.008,0.009,550000.0,0.000127,1.0,25.0,400.0,0.0011641429247719,3648.8234353962425,351.11917342151344,131.27891199007956,0.0,0.0006279419361419,0.2478127340336494,0.057868147818902,69.85,3.599199849543826e-09,5.899884195827606e-10,1313.844,4.161306149186606,0.0001116870752801,0.00148,6.65847e-07,0.0154111111111111,0.0157,6.76e-06,0.0805555555555555,0.023,9e-06,0.0031111111111111,0.0401799999999999,0.0990777777777777,10000000.0,5.55207288965833e-10,32.0,4.0,,0.081230709391729,3.561349789232189,0.017550659590862206,0.06853387682301831,0.1504835354638935,137.01945905119487,1.0
1570.0,0.008,0.009,550000.0,0.000127,1.0,30.0,350.0,0.0011958734049414,4378.58812247549,319.92671377973846,135.40961333467422,0.0,0.000539750149006,0.2560136548070017,0.0594454319115515,69.85,3.662660809882819e-09,5.961601566281291e-10,1313.844,4.1548921499251446,0.0001040784108194,0.00148,6.65847e-07,0.0154111111111111,0.0157,6.76e-06,0.0805555555555555,0.023,9e-06,0.0031111111111111,0.0401799999999999,0.0990777777777777,10000000.0,9.476947906183497e-10,33.0,3.0,,0.14298732511360143,3.4921523507732566,0.026309829016043437,0.013400897781848775,0.2098279861047634,24.92072581483864,1.0
1571.0,0.008,0.009,550000.0,0.000127,1.0,30.0,375.0,0.0014288285289198,4378.58812247549,351.11917342151344,144.9725521963717,0.0,0.0005778685480504,0.3560051731586729,0.0710253515783698,69.85,4.186228115679303e-09,6.573162326818701e-10,1296.5468826481044,4.012651158611369,0.000127765205363,0.00148,6.65847e-07,0.0154111111111111,0.0157,6.76e-06,0.0805555555555555,0.023,9e-06,0.0031111111111111,0.0401799999999999,0.0990777777777777,10000000.0,6.532591710053668e-10,32.0,4.0,,0.09557638549065285,3.5391751633670756,0.020357574257332173,0.14922343608965027,0.17044848037411695,291.33022739190284,1.0
1572.0,0.008,0.009,550000.0,0.000127,1.0,30.0,400.0,0.0016858314478584,4378.58812247549,351.11917342151344,137.64096276872883,0.0,0.0005486444302897,0.3391190024410275,0.083800658275308,69.85,5.214239791433953e-09,8.485621277779677e-10,1142.345131284907,3.112436754328159,0.0001577232433632,0.00148,6.65847e-07,0.0154111111111111,0.0157,6.76e-06,0.0805555555555555,0.023,9e-06,0.0031111111111111,0.0401799999999999,0.0990777777777777,10000000.0,8.543322359393944e-10,32.0,4.0,,0.12499478115794281,3.495612244581817,0.02587186777445357,0.09014356300777658,0.20705835266766442,168.22134353270377,1.0
1573.0,0.008,0.009,550000.0,0.000127,1.0,35.0,300.0,0.0010877823748803,5108.352809554739,291.5053062825179,121.74865985026852,0.0,0.0004159687189779,0.1692208158812149,0.0540723565164519,69.85,3.446478749760686e-09,5.751359108261012e-10,1313.844,4.176741670741688,9.076071396082016e-05,0.00148,6.65847e-07,0.0154111111111111,0.0157,6.76e-06,0.0805555555555555,0.023,9e-06,0.0031111111111111,0.0401799999999999,0.0990777777777777,10000000.0,4.3599531248463036e-10,32.0,4.0,,0.06378916348624263,3.589183712645483,0.014027378146141403,0.011179295878520276,0.12402067820477616,23.046949679881514,1.0
1575.0,0.008,0.009,550000.0,0.000127,1.0,35.0,350.0,0.0016395561349298,5108.352809554739,319.92671377973846,137.33554035080675,0.0,0.0004692231426623,0.2371095005567408,0.0815003679999986,69.85,5.029138539719212e-09,8.141268626905284e-10,1170.110319042118,3.2745271439359813,0.0001395383408354,0.00148,6.65847e-07,0.0154111111111111,0.0157,6.76e-06,0.0805555555555555,0.023,9e-06,0.0031111111111111,0.0401799999999999,0.0990777777777777,10000000.0,7.291632993266604e-10,32.0,4.0,,0.10668169032334741,3.5224361378890783,0.022476438241888896,0.008747442233394784,0.184908750826482,16.780019542501698,1.0
1576.0,0.008,0.009,550000.0,0.000127,1.0,35.0,375.0,0.0019582539966477,5108.352809554739,351.11917342151344,146.1202327861276,0.0,0.0004992370850205,0.3631504281931281,0.0973424562685646,69.85,6.30392998659108e-09,1.0512823708114742e-09,978.891602011338,2.15821139578199,0.0001894328618692,0.00148,6.65847e-07,0.0154111111111111,0.0157,6.76e-06,0.0805555555555555,0.023,9e-06,0.0031111111111111,0.0401799999999999,0.0990777777777777,10000000.0,1.101692045079704e-09,32.0,4.0,,0.16118525122345118,3.4452827238771233,0.032242693180110985,0.06444272070111223,0.245526786074735,114.42550604034251,1.0
1583.0,0.008,0.009,600000.0,0.000127,1.0,30.0,350.0,0.0010048658472077,4013.7057789358655,319.92671377973846,135.40961333467425,0.0,0.0005888183443702,0.2527487452823677,0.0499506754256787,76.2,3.2806456944154246e-09,5.590082316111362e-10,1313.844,4.193502417645433,0.0001033096556117,0.00148,6.65847e-07,0.0154111111111111,0.0157,6.76e-06,0.0805555555555555,0.023,9e-06,0.0031111111111111,0.0401799999999999,0.0990777777777777,10000000.0,6.105468202548117e-10,36.0,4.0,,0.10049317858535303,3.536951320794608,0.020639073317138306,0.06212489127133586,0.1723990660326914,121.00178090570775,1.0
1584.0,0.008,0.009,600000.0,0.000127,1.0,30.0,375.0,0.0012006128611062,4013.7057789358655,351.11917342151344,144.97255219637168,0.0,0.0006304020524187,0.3586113377042654,0.059681024590158,76.2,3.6721397222124845e-09,5.970820045494699e-10,1313.844,4.153934116255984,0.0001239852943581,0.00148,6.65847e-07,0.0154111111111111,0.0157,6.76e-06,0.0805555555555555,0.023,9e-06,0.0031111111111111,0.0401799999999999,0.0990777777777777,10000000.0,7.655357668363888e-10,36.0,4.0,,0.1260036412900442,3.4998891487731894,0.02533048749706461,0.1327466718240632,0.20360775420430938,248.80311464125987,1.0
1585.0,0.008,0.009,600000.0,0.000127,1.0,30.0,400.0,0.0014165667027144,4013.7057789358655,351.11917342151344,137.64096276872888,0.0,0.0005985211966797,0.3310061594156939,0.0704158309118907,76.2,4.137180810857698e-09,6.481917295912093e-10,1303.9039783713451,4.055601147734077,0.0001378203105726,0.00148,6.65847e-07,0.0154111111111111,0.0157,6.76e-06,0.0805555555555555,0.023,9e-06,0.0031111111111111,0.0401799999999999,0.0990777777777777,10000000.0,8.786189226558512e-10,36.0,4.0,,0.14461660494124745,3.473822947982192,0.028630006584532637,0.07579372356255565,0.22418372323576266,138.38763228472644,1.0
1587.0,0.008,0.009,600000.0,0.000127,1.0,35.0,350.0,0.0013776825856007,4682.6567420918445,319.92671377973846,137.33554035080678,0.0,0.0005118797919952,0.2608792937558455,0.0684829481111099,76.2,4.026279171201476e-09,6.315229513122714e-10,1313.844,4.118141242146667,0.0001232794118706,0.00148,6.65847e-07,0.0154111111111111,0.0157,6.76e-06,0.0805555555555555,0.023,9e-06,0.0031111111111111,0.0401799999999999,0.0990777777777777,10000000.0,7.599836285433354e-10,36.0,4.0,,0.1250897850442914,3.5011896978737833,0.025165861028635036,0.02712656060044419,0.20255251110156736,50.9098685945338,1.0
1595.0,0.008,0.0095,400000.0,0.000127,1.0,20.0,325.0,0.0010734658811064,4013.705778935866,291.5053062825179,106.1107743650375,0.0,0.0004614145845542,0.1633271547401508,0.0533607007907425,50.8,3.417845762212829e-09,5.723512812046033e-10,1313.844,4.17963560679315,6.554219093881797e-05,0.00148,6.65847e-07,0.0154111111111111,0.0157,6.76e-06,0.0805555555555555,0.023,9e-06,0.0031111111111111,0.0401799999999999,0.0990777777777777,10000000.0,6.295932747740703e-10,22.0,2.0,,0.01848065773734316,3.606501227233571,0.011835287691953106,0.05130579621206505,0.10670778633544364,107.86117048565131,1.0
1596.0,0.008,0.0095,400000.0,0.000127,1.0,20.0,350.0,0.0012932874867074,4013.705778935866,319.92671377973846,131.00195910606686,0.0,0.0005696519971551,0.2849355776113133,0.0642877690192413,50.8,3.857488973414819e-09,6.151076826020248e-10,1313.844,4.135200867436965,7.91721869596853e-05,0.00148,6.65847e-07,0.0154111111111111,0.0157,6.76e-06,0.0805555555555555,0.023,9e-06,0.0031111111111111,0.0401799999999999,0.0990777777777777,10000000.0,7.81435038555688e-10,22.0,2.0,,0.022937718794244645,3.5852000779935906,0.014531635697013892,0.15753008979782726,0.1279087291497924,323.31853969367074,1.0
1597.0,0.008,0.0095,400000.0,0.000127,1.0,20.0,375.0,0.0015356896015558,4013.705778935866,351.11917342151344,139.9323400254495,0.0,0.0006084850753838,0.3794233094963102,0.0763372872658211,50.8,4.613672406223537e-09,7.368357244121942e-10,1232.4302390664693,3.638344605046142,0.0001019818704414,0.00148,6.65847e-07,0.0154111111111111,0.0157,6.76e-06,0.0805555555555555,0.023,9e-06,0.0031111111111111,0.0401799999999999,0.0990777777777777,10000000.0,4.184573890162245e-10,24.0,3.0,,0.04591743196939158,3.614367716279162,0.010839529584916192,0.2169885902610975,0.09861531222875596,460.3119218821181,1.0
1598.0,0.008,0.0095,400000.0,0.000127,1.0,20.0,400.0,0.0018033205630516,4013.705778935866,351.11917342151344,123.71963041016784,0.0,0.0005379853479395,0.2967418552301645,0.0896409012046208,50.8,5.684196252206517e-09,9.359903604686763e-10,1071.8516621690226,2.700902930976537,0.0001246591152193,0.00148,6.65847e-07,0.0154111111111111,0.0157,6.76e-06,0.0805555555555555,0.023,9e-06,0.0031111111111111,0.0401799999999999,0.0990777777777777,10000000.0,5.224311868339029e-10,24.0,3.0,,0.057326502314920626,3.59436284705781,0.01337179151166961,0.10959445171062307,0.11891367478029521,227.25433569683793,1.0
1599.0,0.008,0.0095,400000.0,0.000127,1.0,25.0,300.0,0.0013741037512337,5017.1322236698325,291.5053062825179,119.6131056427855,0.0,0.0004161027513194,0.1960428344952515,0.0683050485493279,50.8,4.019121502467486e-09,6.30826850133719e-10,1313.844,4.118864667725612,7.532078682761732e-05,0.00148,6.65847e-07,0.0154111111111111,0.0157,6.76e-06,0.0805555555555555,0.023,9e-06,0.0031111111111111,0.0401799999999999,0.0990777777777777,10000000.0,7.376125583175157e-10,22.0,2.0,,0.021651383169433897,3.59130053037857,0.01375942653435828,0.06590640277648971,0.12194051260164386,136.19359898958763,1.0
1600.0,0.008,0.0095,400000.0,0.000127,1.0,25.0,325.0,0.0016868042124702,5017.1322236698325,291.5053062825179,114.05404335990748,0.0,0.0003967642256768,0.1632311313772023,0.0838490132368411,50.8,5.218130849881003e-09,8.492859998633995e-10,1141.7614725178496,3.109029412811954,9.633473307653984e-05,0.00148,6.65847e-07,0.0154111111111111,0.0157,6.76e-06,0.0805555555555555,0.023,9e-06,0.0031111111111111,0.0401799999999999,0.0990777777777777,10000000.0,9.865670341846536e-10,22.0,2.0,,0.02895902549190192,3.5571404387903325,0.018083488760717376,0.010243092648459177,0.1543469893676489,20.385832373503238,1.0
1601.0,0.008,0.0095,400000.0,0.000127,1.0,25.0,350.0,0.0020316761829528,5017.1322236698325,319.92671377973846,133.88043624031755,0.0,0.0004657350678094,0.3267687669457652,0.1009921850431681,50.8,6.5870600041605644e-09,1.0913385901184519e-09,949.620508939616,1.999922970420608,0.0001313161611697,0.00148,6.65847e-07,0.0154111111111111,0.0157,6.76e-06,0.0805555555555555,0.023,9e-06,0.0031111111111111,0.0401799999999999,0.0990777777777777,10000000.0,5.538487842038168e-10,24.0,3.0,,0.060773962982938204,3.588411334266249,0.014125147561234345,0.1248226189196588,0.12477723096760407,257.1088620773023,1.0
1602.0,0.008,0.0095,400000.0,0.000127,1.0,25.0,375.0,0.0024119292421505,5017.1322236698325,351.11917342151344,141.65086588085606,0.0,0.0004927663628752,0.3640274406637945,0.1198941083122123,50.8,7.981321221218617e-09,1.199274688481902e-09,898.9201010465957,1.8551137329067608,0.0001703500950891,0.00148,6.65847e-07,0.0154111111111111,0.0157,6.76e-06,0.0805555555555555,0.023,9e-06,0.0031111111111111,0.0401799999999999,0.0990777777777777,10000000.0,7.471333967196995e-10,24.0,3.0,,0.08198313093858908,3.55271490899602,0.01864368240556704,0.12197020141299303,0.15837114470488664,241.59030740095417,1.0
1603.0,0.008,0.0095,400000.0,0.000127,1.0,25.0,400.0,0.0028317113758917,5017.1322236698325,351.11917342151344,132.09989241002603,0.0,0.0004595410209059,0.3365467798627392,0.1407609744419257,50.8,9.520522378269594e-09,1.318431246418114e-09,842.9491498811057,1.6952509014616668,0.0001999524976479,0.00148,6.65847e-07,0.0154111111111111,0.0157,6.76e-06,0.0805555555555555,0.023,9e-06,0.0031111111111111,0.0401799999999999,0.0990777777777777,10000000.0,9.053886000168134e-10,24.0,3.0,,0.09934851322585397,3.5246143005709216,0.022200721446718818,0.056257292194959424,0.183055707224934,108.1624251812323,1.0
1605.0,0.008,0.0095,400000.0,0.000127,1.0,30.0,325.0,0.0024457185543108,6020.558668403799,291.5053062825179,119.49635815676528,0.0,0.0003464138477585,0.2016863553056579,0.1215737344725247,50.8,8.105215365806274e-09,1.2088658973696355e-09,894.4148594252265,1.8422459744188464,0.0001444272920934,0.00148,6.65847e-07,0.0154111111111111,0.0157,6.76e-06,0.0805555555555555,0.023,9e-06,0.0031111111111111,0.0401799999999999,0.0990777777777777,10000000.0,3.5601363530447614e-10,24.0,4.0,,0.03906546355341153,3.6114500993598457,0.011208848182298042,0.0008671572797216767,0.10163379362385876,1.8333966340104322,1.0
1606.0,0.008,0.0095,400000.0,0.000127,1.0,30.0,350.0,0.0029447933547325,6020.558668403799,319.92671377973846,135.91900599243235,0.0,0.0003940222662483,0.2765195758055772,0.1463821439117292,50.8,9.935156300686008e-09,1.350529943052016e-09,827.8715527023271,1.6521866453395688,0.000189979369289,0.00148,6.65847e-07,0.0154111111111111,0.0157,6.76e-06,0.0805555555555555,0.023,9e-06,0.0031111111111111,0.0401799999999999,0.0990777777777777,10000000.0,4.847352913255587e-10,24.0,4.0,,0.05319012245173086,3.5820956114215434,0.014924606149171708,0.03676730944211714,0.13091486015533776,75.20198824506538,1.0
1607.0,0.008,0.0095,400000.0,0.000127,1.0,30.0,375.0,0.0034949904058347,6020.558668403799,351.11917342151344,143.02035452647428,0.0,0.0004146087134665,0.4159686835380525,0.1737317790855596,50.8,1.1952545488060841e-08,1.506705209997553e-09,754.5119458886968,1.4426587703486484,0.0002467169627905,0.00148,6.65847e-07,0.0154111111111111,0.0157,6.76e-06,0.0805555555555555,0.023,9e-06,0.0031111111111111,0.0401799999999999,0.0990777777777777,10000000.0,6.592963135193644e-10,24.0,4.0,,0.07234474624732298,3.5442982404064565,0.019709083492853587,0.12971215820516982,0.1659197261551555,254.62068612068424,1.0
1608.0,0.008,0.0095,400000.0,0.000127,1.0,30.0,400.0,0.0041023002935086,6020.558668403799,351.11917342151344,137.7488633710881,0.0,0.0003993269294629,0.3383243905050516,0.203920424829962,50.8,1.3675514587017268e-08,1.5779066955706835e-09,623.1539119474096,1.3450621142517305,0.0002787246476188,0.00148,6.65847e-07,0.0154111111111111,0.0157,6.76e-06,0.0805555555555555,0.023,9e-06,0.0031111111111111,0.0401799999999999,0.0990777777777777,10000000.0,7.659628506841433e-10,24.0,4.0,,0.08404929154209946,3.522264764781048,0.02249813104037362,0.010174674132990044,0.1850541876189096,19.514363473270897,1.0
1611.0,0.008,0.0095,400000.0,0.000127,1.0,35.0,350.0,0.0040389857604679,7023.985113137765,319.92671377973846,137.60675812357542,0.0,0.0003419271202269,0.3602626853322592,0.2007731353699487,50.8,1.3548885520935881e-08,1.5811271892937983e-09,642.1482718596181,1.3411752561732069,0.0002524778836199,0.00148,6.65847e-07,0.0154111111111111,0.0157,6.76e-06,0.0805555555555555,0.023,9e-06,0.0031111111111111,0.0401799999999999,0.0990777777777777,10000000.0,6.780233280355089e-10,24.0,4.0,,0.07439966614503693,3.5403734355894527,0.02020589422918328,0.044909883817273566,0.16939363023636742,87.78945186283389,1.0
1612.0,0.008,0.0095,400000.0,0.000127,1.0,35.0,375.0,0.0047920866526674,7023.985113137765,351.11917342151344,144.29070535914272,0.0,0.0003585354820629,0.4586254009431768,0.238208877000114,50.8,1.505508730533483e-08,1.542820712412072e-09,416.21800419977535,1.3874078689117018,0.0003027012871426,0.00148,6.65847e-07,0.0154111111111111,0.0157,6.76e-06,0.0805555555555555,0.023,9e-06,0.0031111111111111,0.0401799999999999,0.0990777777777777,10000000.0,8.503527111568458e-10,24.0,4.0,,0.09330941163765245,3.505370394421324,0.02463665893400966,0.08692711230541024,0.19914134185814314,163.83861815975092,1.0
1615.0,0.008,0.0095,450000.0,0.000127,1.0,20.0,350.0,0.0010218567796206,3567.7384701652154,319.92671377973846,131.00195910606683,0.0,0.0006408584967995,0.2738994819139452,0.0507952742868079,57.15,3.31462755924134e-09,5.623130529201181e-10,1313.844,4.190067870567479,7.816471458777931e-05,0.00148,6.65847e-07,0.0154111111111111,0.0157,6.76e-06,0.0805555555555555,0.023,9e-06,0.0031111111111111,0.0401799999999999,0.0990777777777777,10000000.0,4.6518614438465333e-10,24.0,3.0,,0.051044989761329575,3.617001967372084,0.010506080079483096,0.13187921786580764,0.09587251521266814,280.61519444602214,1.0
1616.0,0.008,0.0095,450000.0,0.000127,1.0,20.0,375.0,0.0012133843765379,3567.7384701652154,351.11917342151344,139.93234002544938,0.0,0.0006845457098068,0.3725802282179866,0.0603158812964512,57.15,3.697682753075965e-09,5.9956612815852e-10,1313.844,4.151352482126613,9.355231605184718e-05,0.00148,6.65847e-07,0.0154111111111111,0.0157,6.76e-06,0.0805555555555555,0.023,9e-06,0.0031111111111111,0.0401799999999999,0.0990777777777777,10000000.0,4.990339811681353e-10,27.0,3.0,,0.061604011346041265,3.5950170034034556,0.013288986910955078,0.21048033557549412,0.11826439025602373,436.7722686992621,1.0
1617.0,0.008,0.0095,450000.0,0.000127,1.0,20.0,400.0,0.001424845876979,3567.7384701652154,351.11917342151344,123.71963041016788,0.0,0.000605233516432,0.2893472484046803,0.070827378729577,57.15,4.170297507916265e-09,6.543525860493251e-10,1298.9364738125605,4.026601352870346,0.000104155175105,0.00148,6.65847e-07,0.0154111111111111,0.0157,6.76e-06,0.0805555555555555,0.023,9e-06,0.0031111111111111,0.0401799999999999,0.0990777777777777,10000000.0,5.631048373144536e-10,27.0,3.0,,0.06951333595706116,3.5823647036268174,0.014890543844706736,0.10882653371804205,0.1306551121638088,222.6547936136632,1.0
1618.0,0.008,0.0095,450000.0,0.000127,1.0,25.0,300.0,0.001085711605913,4459.673087706519,291.5053062825179,119.61310564278531,0.0,0.0004681155952343,0.1893432732652939,0.0539694210760121,57.15,3.442337211826161e-09,5.747331359081238e-10,1313.844,4.177160255980731,7.418300176494913e-05,0.00148,6.65847e-07,0.0154111111111111,0.0157,6.76e-06,0.0805555555555555,0.023,9e-06,0.0031111111111111,0.0401799999999999,0.0990777777777777,10000000.0,4.384831233458229e-10,24.0,3.0,,0.04811486071088952,3.6215248935897884,0.009933557773444538,0.047078991478392174,0.09112408102528896,100.70172179757877,1.0
1619.0,0.008,0.0095,450000.0,0.000127,1.0,25.0,325.0,0.0013327835752851,4459.673087706519,291.5053062825179,114.05404335990748,0.0,0.0004463597538864,0.16376351891445,0.0662510721871338,57.15,3.936481150570275e-09,6.227898693108353e-10,1313.8439999999998,4.127217128091863,8.32237387372429e-05,0.00148,6.65847e-07,0.0154111111111111,0.0157,6.76e-06,0.0805555555555555,0.023,9e-06,0.0031111111111111,0.0401799999999999,0.0990777777777777,10000000.0,4.996900839838741e-10,24.0,3.0,,0.05483111551943343,3.6111987747473218,0.011240661424389687,0.002501331207882776,0.1018928612993724,5.286941422672269,1.0
1620.0,0.008,0.0095,450000.0,0.000127,1.0,25.0,350.0,0.0016052750087528,4459.673087706519,319.92671377973846,133.8804362403175,0.0,0.0005239519512856,0.2745196385793488,0.0797962943550958,57.15,4.892014035011578e-09,7.8861693973837e-10,1190.6789947482634,3.394605015840886,0.000111190425323,0.00148,6.65847e-07,0.0154111111111111,0.0157,6.76e-06,0.0805555555555555,0.023,9e-06,0.0031111111111111,0.0401799999999999,0.0990777777777777,10000000.0,6.066500628506533e-10,27.0,3.0,,0.0748888427746904,3.573865960514671,0.01596633411206697,0.07965450144956249,0.13878445276151827,161.446016482929,1.0
1621.0,0.008,0.0095,450000.0,0.000127,1.0,25.0,375.0,0.0019057218703411,4459.673087706519,351.11917342151344,141.650865880856,0.0,0.0005543621582346,0.3744537264190887,0.0947311473084147,57.15,6.093801481364647e-09,1.0121911668738016e-09,1010.4108777953028,2.342217775881199,0.0001499917203316,0.00148,6.65847e-07,0.0154111111111111,0.0157,6.76e-06,0.0805555555555555,0.023,9e-06,0.0031111111111111,0.0401799999999999,0.0990777777777777,10000000.0,8.63568428558342e-10,27.0,3.0,,0.10660452249456565,3.5253116018847477,0.022112455457626898,0.13293805661610825,0.18246070551473245,255.77795461954008,1.0
1622.0,0.008,0.0095,450000.0,0.000127,1.0,25.0,400.0,0.0022374015809514,4459.673087706519,351.11917342151344,132.09989241002597,0.0,0.0005169836485191,0.3191651736568204,0.1112185477072005,57.15,7.341386463488734e-09,1.1497344300916783e-09,922.190455873137,1.921577938603457,0.0001777970352351,0.00148,6.65847e-07,0.0154111111111111,0.0157,6.76e-06,0.0805555555555555,0.023,9e-06,0.0031111111111111,0.0401799999999999,0.0990777777777777,10000000.0,5.690522972884228e-10,28.0,4.0,,0.07284928957138427,3.5530997394176724,0.018594969693965513,0.09491733637823553,0.1580227375793255,188.08365440731666,1.0
1624.0,0.008,0.0095,450000.0,0.000127,1.0,30.0,325.0,0.0019324195984677,5351.607705247823,291.5053062825179,119.49635815676528,0.0,0.0003897155787283,0.1904181458611983,0.096058259336316,57.15,6.200592393871185e-09,1.0320579875842275e-09,994.3922409193224,2.248702575662912,0.000127793196999,0.00148,6.65847e-07,0.0154111111111111,0.0157,6.76e-06,0.0805555555555555,0.023,9e-06,0.0031111111111111,0.0401799999999999,0.0990777777777777,10000000.0,3.909145030510066e-10,28.0,4.0,,0.05004433505692823,3.5962132986291913,0.013137557135545447,0.0041355514679540725,0.11707452591656121,8.593352478669663,1.0
1625.0,0.008,0.0095,450000.0,0.000127,1.0,30.0,350.0,0.0023267503049738,5351.607705247823,319.92671377973846,135.91900599243235,0.0,0.0004432750495294,0.2693046293037669,0.1156599655598848,57.15,7.668998451570839e-09,1.1750963632345148e-09,910.2772926701514,1.8875518596921688,0.0001690583525863,0.00148,6.65847e-07,0.0154111111111111,0.0157,6.76e-06,0.0805555555555555,0.023,9e-06,0.0031111111111111,0.0401799999999999,0.0990777777777777,10000000.0,5.366700250691566e-10,28.0,4.0,,0.06870375578279989,3.5607586347431073,0.017625489273024438,0.044760907961082216,0.1510282421258342,89.4328928960703,1.0
1626.0,0.008,0.0095,450000.0,0.000127,1.0,30.0,375.0,0.0027614739009064,5351.607705247823,351.11917342151344,143.0203545264741,0.0,0.0004664348026498,0.4167969659369253,0.1372695538453804,57.15,9.262984969990452e-09,1.2984941050186427e-09,852.3141465458018,1.7219989708104553,0.0002193746686972,0.00148,6.65847e-07,0.0154111111111111,0.0157,6.76e-06,0.0805555555555555,0.023,9e-06,0.0031111111111111,0.0401799999999999,0.0990777777777777,10000000.0,7.313875286837438e-10,28.0,4.0,,0.09363122180486655,3.5158379985980237,0.023311645747085642,0.14571619028667834,0.1904710805533772,277.6165320492662,1.0
1628.0,0.008,0.0095,450000.0,0.000127,1.0,35.0,300.0,0.0021618093610549,6243.542322789127,291.5053062825179,123.47128905872329,0.0,0.0003451535065103,0.2049905530313654,0.1074609491668085,57.15,7.064214990534834e-09,1.1282773264999855e-09,932.269418526006,1.9503652197585155,0.0001437860661387,0.00148,6.65847e-07,0.0154111111111111,0.0157,6.76e-06,0.0805555555555555,0.023,9e-06,0.0031111111111111,0.0401799999999999,0.0990777777777777,10000000.0,4.4606542841375514e-10,28.0,4.0,,0.057104680390784784,3.5826054455395675,0.014860070184864887,0.0002449234737721129,0.13042259837782033,0.5012377870028871,1.0
1630.0,0.008,0.0095,450000.0,0.000127,1.0,35.0,350.0,0.003191297390987,6243.542322789127,319.92671377973846,137.60675812357542,0.0,0.0003846680102552,0.3266145720828761,0.1586355637490953,57.15,1.0839004433619055e-08,1.4205009354229676e-09,795.004347868398,1.5583121565730216,0.0002315406432605,0.00148,6.65847e-07,0.0154111111111111,0.0157,6.76e-06,0.0805555555555555,0.023,9e-06,0.0031111111111111,0.0401799999999999,0.0990777777777777,10000000.0,7.817287978817179e-10,28.0,4.0,,0.10007584159582303,3.5046524855035974,0.024727533480557333,0.02772316673795766,0.1997291814804317,52.21375973349019,1.0
1638.0,0.008,0.0095,500000.0,0.000127,1.0,20.0,400.0,0.001154125160353,3210.9646231486936,351.11917342151344,123.71963041016777,0.0,0.0006724816849244,0.3146350686116156,0.0573701767709573,63.5,3.5791643207060873e-09,5.880399143144688e-10,1313.844,4.163331140086236,0.000101042749152,0.00148,6.65847e-07,0.0154111111111111,0.0157,6.76e-06,0.0805555555555555,0.023,9e-06,0.0031111111111111,0.0401799999999999,0.0990777777777777,10000000.0,7.058393706909943e-10,30.0,3.0,,0.09681490916320416,3.5484509010448493,0.019183430247487497,0.12026998267745405,0.16221236505033138,237.13537386575828,1.0
1639.0,0.008,0.0095,500000.0,0.000127,1.0,25.0,325.0,0.0010795546959809,4013.7057789358673,291.5053062825179,114.05404335990752,0.0,0.000495955282096,0.1627382533591147,0.0536633684715783,63.5,3.430023391961921e-09,5.735355861417768e-10,1313.844,4.178404813754409,8.217526322545156e-05,0.00148,6.65847e-07,0.0154111111111111,0.0157,6.76e-06,0.0805555555555555,0.023,9e-06,0.0031111111111111,0.0401799999999999,0.0990777777777777,100000000.0,8.317460104998901e-11,24.0,4.0,,0.009126769380922748,3.5786753022474023,0.01535755667754403,0.05976811550661355,0.1342029256142034,121.78416568455498,1.0
1640.0,0.008,0.0095,500000.0,0.000127,1.0,25.0,350.0,0.0013002727570898,4013.7057789358673,319.92671377973846,133.88043624031758,0.0,0.0005821688347618,0.3442191652461447,0.0646349984276276,63.5,3.8714595141796885e-09,6.164663526177601e-10,1313.844,4.13378886488186,9.927706445368943e-05,0.00148,6.65847e-07,0.0154111111111111,0.0157,6.76e-06,0.0805555555555555,0.023,9e-06,0.0031111111111111,0.0401799999999999,0.0990777777777777,10000000.0,6.912991989815509e-10,30.0,3.0,,0.09482053840163973,3.55134765853392,0.018816752084313937,0.14458362841687727,0.15960665949747652,285.96104158875784,1.0
1641.0,0.008,0.0095,500000.0,0.000127,1.0,25.0,375.0,0.0015436347149763,4013.7057789358673,351.11917342151344,141.65086588085595,0.0,0.000615957953594,0.3531480454251471,0.0767322293198159,63.5,4.645452859905363e-09,7.427479931677791e-10,1227.6631710141955,3.610514938463772,0.0001283193655912,0.00148,6.65847e-07,0.0154111111111111,0.0157,6.76e-06,0.0805555555555555,0.023,9e-06,0.0031111111111111,0.0401799999999999,0.0990777777777777,10000000.0,9.446028861200118e-10,30.0,3.0,,0.1295643830769615,3.5021079136473765,0.025049631183876445,0.1066714330283696,0.20180580093808984,200.38344798171647,1.0
1642.0,0.008,0.0095,500000.0,0.000127,1.0,25.0,400.0,0.0018122952805706,4013.7057789358673,351.11917342151344,132.099892410026,0.0,0.0005744262761323,0.318683247744119,0.0900870236428324,63.5,5.720095122282772e-09,9.42668797788595e-10,1066.4668316575842,2.6694668289338104,0.0001567737028949,0.00148,6.65847e-07,0.0154111111111111,0.0157,6.76e-06,0.0805555555555555,0.023,9e-06,0.0031111111111111,0.0401799999999999,0.0990777777777777,10000000.0,7.098224966599036e-10,28.0,4.0,,0.0908704961738361,3.542716955975394,0.019909246079064174,0.0975457279274504,0.16732283432030198,191.15693470447462,1.0
1643.0,0.008,0.0095,500000.0,0.000127,1.0,30.0,300.0,0.0012756047743265,4816.44693472304,291.5053062825179,121.73058485327712,0.0,0.0004411134462525,0.1694443717756241,0.0634087826060457,63.5,3.822123548653184e-09,6.116683066303939e-10,1313.844,4.138775250917623,9.01459022330428e-05,0.00148,6.65847e-07,0.0154111111111111,0.0157,6.76e-06,0.0805555555555555,0.023,9e-06,0.0031111111111111,0.0401799999999999,0.0990777777777777,100000000.0,1.0328563241722719e-10,24.0,4.0,,0.011333557787289386,3.5540902679647663,0.01846958633357393,0.05452203138228901,0.1571246320426024,108.15349025175776,1.0
1644.0,0.008,0.0095,500000.0,0.000127,1.0,30.0,325.0,0.0015652598747589,4816.44693472304,291.5053062825179,119.49635815676515,0.0,0.0004330173096982,0.2198405805377624,0.0778071900624159,63.5,4.7319534990356595e-09,7.58840117943224e-10,1214.688075144651,3.534767626286959,0.0001097347773211,0.00148,6.65847e-07,0.0154111111111111,0.0157,6.76e-06,0.0805555555555555,0.023,9e-06,0.0031111111111111,0.0401799999999999,0.0990777777777777,10000000.0,4.6105303345986823e-10,28.0,4.0,,0.05902337289969567,3.593823476228885,0.013440066300141159,0.04283001757565073,0.1194483098239412,88.75815298409742,1.0
1645.0,0.008,0.0095,500000.0,0.000127,1.0,30.0,350.0,0.0018846677470288,4816.44693472304,319.92671377973846,135.91900599243235,0.0,0.0004925278328104,0.2841933217246941,0.0936845721035067,63.5,6.0095849881153235e-09,9.965239726062872e-10,1023.0433517827016,2.415964895772233,0.0001504909732578,0.00148,6.65847e-07,0.0154111111111111,0.0157,6.76e-06,0.0805555555555555,0.023,9e-06,0.0031111111111111,0.0401799999999999,0.0990777777777777,10000000.0,6.7410801046438e-10,28.0,4.0,,0.08629837695184443,3.549815068868581,0.01901075077612908,0.06403037266934296,0.16098727801024953,126.43279073483619,1.0
1646.0,0.008,0.0095,500000.0,0.000127,1.0,30.0,375.0,0.0022367938597342,4816.44693472304,351.11917342151344,143.02035452647428,0.0,0.0005182608918331,0.430724014357441,0.1111883386147582,63.5,7.339158152358939e-09,1.149561926398434e-09,922.271485368766,1.9218093730231351,0.000197498687349,0.00148,6.65847e-07,0.0154111111111111,0.0157,6.76e-06,0.0805555555555555,0.023,9e-06,0.0031111111111111,0.0401799999999999,0.0990777777777777,10000000.0,9.655897879909467e-10,28.0,4.0,,0.12361347174541162,3.494052703091183,0.026069278089723646,0.15574220399727115,0.20830916004387934,290.1797384948152,1.0
1647.0,0.008,0.0095,500000.0,0.000127,1.0,30.0,400.0,0.0026254721878455,4816.44693472304,351.11917342151344,137.74886337108802,0.0,0.0004991586618287,0.3304694351964305,0.1305090718911756,63.5,8.764312022100261e-09,1.259889565427245e-09,870.4477082872634,1.773791596517374,0.0002317615586691,0.00148,6.65847e-07,0.0154111111111111,0.0157,6.76e-06,0.0805555555555555,0.023,9e-06,0.0031111111111111,0.0401799999999999,0.0990777777777777,10000000.0,1.0182785108973916e-09,32.0,4.0,,0.14898126779390827,3.4388895518502,0.03305195546200007,0.01079909551134653,0.2501477498786757,19.057600988712363,1.0
1648.0,0.008,0.0095,500000.0,0.000127,1.0,35.0,300.0,0.0017510655824545,5619.188090510213,291.5053062825179,123.47128905872326,0.0,0.0003835038961225,0.197735077235073,0.0870433688251148,63.5,5.4751763298180506e-09,8.971053914621181e-10,1103.2046505272926,2.883938541713281,0.0001260651902775,0.00148,6.65847e-07,0.0154111111111111,0.0157,6.76e-06,0.0805555555555555,0.023,9e-06,0.0031111111111111,0.0401799999999999,0.0990777777777777,10000000.0,5.428608403410433e-10,28.0,4.0,,0.0694962954080218,3.5765793514830557,0.015622866900879074,0.0010154130019364022,0.1362055718574888,2.0642308625231878,1.0
1650.0,0.008,0.0095,500000.0,0.000127,1.0,35.0,350.0,0.0025849508866994,5619.188090510213,319.92671377973846,137.6067581235754,0.0,0.0004274089002836,0.3663730616143165,0.1284948066367672,63.5,8.615733917898103e-09,1.248387459025937e-09,875.8505484400691,1.7892230534908142,0.0002085780337747,0.00148,6.65847e-07,0.0154111111111111,0.0157,6.76e-06,0.0805555555555555,0.023,9e-06,0.0031111111111111,0.0401799999999999,0.0990777777777777,10000000.0,8.876070715912252e-10,32.0,4.0,,0.12986312233178815,3.4682396240444384,0.029336756450071118,0.06783513264576105,0.22845355182317797,123.17481068079026,1.0
1658.0,0.008,0.0095,550000.0,0.000127,1.0,25.0,350.0,0.0010746055843717,3648.8234353962425,319.92671377973846,133.8804362403175,0.0,0.000640385718238,0.3205814963577935,0.0534173540724195,69.85,3.4201251687435433e-09,5.725729591882314e-10,1313.844,4.17940522717509,9.812433144199348e-05,0.00148,6.65847e-07,0.0154111111111111,0.0157,6.76e-06,0.0805555555555555,0.023,9e-06,0.0031111111111111,0.0401799999999999,0.0990777777777777,10000000.0,8.794240965838376e-10,33.0,3.0,,0.13268670510357206,3.505800454613396,0.024582220935013152,0.09429743718180195,0.19878878530564364,177.80831146139136,1.0
1659.0,0.008,0.0095,550000.0,0.000127,1.0,25.0,375.0,0.0012757311694019,3648.8234353962425,351.11917342151344,141.65086588085603,0.0,0.0006775537489534,0.3640274406637945,0.0634150655535668,69.85,3.822376338803869e-09,6.11692891104523e-10,1313.844,4.138749701417094,0.0001177030435447,0.00148,6.65847e-07,0.0154111111111111,0.0157,6.76e-06,0.0805555555555555,0.023,9e-06,0.0031111111111111,0.0401799999999999,0.0990777777777777,10000000.0,1.1141769896609318e-09,33.0,3.0,,0.1681060073684621,3.4596386498782232,0.030425487357186976,0.0923263677417655,0.23493992468435745,166.23651952546132,1.0
1660.0,0.008,0.0095,550000.0,0.000127,1.0,25.0,400.0,0.0014977646946865,3648.8234353962425,351.11917342151344,132.0998924100259,0.0,0.0006318689037456,0.3131704759509395,0.0744520856552334,69.85,4.461972778746094e-09,7.086143221393351e-10,1255.1851831880858,3.771185693333727,0.0001358035024924,0.00148,6.65847e-07,0.0154111111111111,0.0157,6.76e-06,0.0805555555555555,0.023,9e-06,0.0031111111111111,0.0401799999999999,0.0990777777777777,10000000.0,7.046789059099155e-10,32.0,4.0,,0.10309945232720547,3.527795818858584,0.02179799761283751,0.09543893796850064,0.1803338803196617,184.10591026358196,1.0
1662.0,0.008,0.0095,550000.0,0.000127,1.0,30.0,325.0,0.00129360320228,4378.58812247549,291.5053062825179,119.4963581567652,0.0,0.000476319040668,0.191872111422332,0.0643034628615007,69.85,3.858120404560188e-09,6.151690908594894e-10,1313.844,4.135137048691102,9.99654875793411e-05,0.00148,6.65847e-07,0.0154111111111111,0.0157,6.76e-06,0.0805555555555555,0.023,9e-06,0.0031111111111111,0.0401799999999999,0.0990777777777777,10000000.0,4.873499616690314e-10,32.0,4.0,,0.07130270782674027,3.5770728274428336,0.015560401589514737,0.01608594073409103,0.13573489805399244,32.71889212569104,1.0
1663.0,0.008,0.0095,550000.0,0.000127,1.0,30.0,350.0,0.001557576650437,4378.58812247549,319.92671377973846,135.91900599243226,0.0,0.0005417806160915,0.2820307665475212,0.0774252662012452,69.85,4.7012206017481985e-09,7.531227310795754e-10,1219.2980097377704,3.561679963448129,0.0001308355278229,0.00148,6.65847e-07,0.0154111111111111,0.0157,6.76e-06,0.0805555555555555,0.023,9e-06,0.0031111111111111,0.0401799999999999,0.0990777777777777,10000000.0,6.726994902905405e-10,32.0,4.0,,0.09842064016403405,3.534853134922026,0.020904666465566414,0.06600486018224196,0.17423104352807078,128.27428901949656,1.0
1664.0,0.008,0.0095,550000.0,0.000127,1.0,30.0,375.0,0.0018485899667225,4378.58812247549,351.11917342151344,143.0203545264743,0.0,0.0005700869810164,0.4050023392393765,0.0918911889378166,69.85,5.865273866890099e-09,9.696770892469327e-10,1044.6900199664851,2.542335979962344,0.000176675630221,0.00148,6.65847e-07,0.0154111111111111,0.0157,6.76e-06,0.0805555555555555,0.023,9e-06,0.0031111111111111,0.0401799999999999,0.0990777777777777,10000000.0,9.970278181948121e-10,32.0,4.0,,0.14587214282814726,3.466160067871069,0.029599991408725455,0.12705900747341264,0.23003189747425432,230.24135956055622,1.0
1665.0,0.008,0.0095,550000.0,0.000127,1.0,30.0,400.0,0.0021698117254921,4378.58812247549,351.11917342151344,137.74886337108816,0.0,0.0005490745280115,0.4212390686084458,0.1078587371001451,69.85,7.093556993471285e-09,1.1305488243200367e-09,931.2024366010442,1.947317732658988,0.0002107531897916,0.00148,6.65847e-07,0.0154111111111111,0.0157,6.76e-06,0.0805555555555555,0.023,9e-06,0.0031111111111111,0.0401799999999999,0.0990777777777777,10000000.0,1.2965273552388374e-09,32.0,4.0,,0.18969101974148286,3.407957973388272,0.03696734514072514,0.08350931176681783,0.2717285584935687,143.13087718756591,1.0
1666.0,0.008,0.0095,550000.0,0.000127,1.0,35.0,300.0,0.0014471616383921,5108.352809554739,291.5053062825179,123.47128905872329,0.0,0.0004218542857348,0.2044481264314262,0.0719366684505081,69.85,4.259560553568635e-09,6.709586144315025e-10,1285.5470169647049,3.948435042738249,0.0001092862306457,0.00148,6.65847e-07,0.0154111111111111,0.0157,6.76e-06,0.0805555555555555,0.023,9e-06,0.0031111111111111,0.0401799999999999,0.0990777777777777,10000000.0,5.410725709837198e-10,32.0,4.0,,0.07916270129536962,3.5645990612334195,0.017139359337541835,0.013168756685548483,0.147477039642913,26.421410971092364,1.0
1668.0,0.008,0.0095,550000.0,0.000127,1.0,35.0,350.0,0.002136323046859,5108.352809554739,319.92671377973846,137.60675812357533,0.0,0.0004701497903119,0.3248010584773762,0.1061940550717084,69.85,6.970765171816615e-09,1.121042951261105e-09,935.6675937521233,1.9600710028849704,0.0001898043949889,0.00148,6.65847e-07,0.0154111111111111,0.0157,6.76e-06,0.0805555555555555,0.023,9e-06,0.0031111111111111,0.0401799999999999,0.0990777777777777,10000000.0,1.1048598376519696e-09,32.0,4.0,,0.16164872143172293,3.4446600884475367,0.03232150779145104,0.016778281973944764,0.24597932668684264,29.77391132972826,1.0
1676.0,0.008,0.0095,600000.0,0.000127,1.0,25.0,375.0,0.0010719685520669,3344.754815779889,351.11917342151344,141.65086588085617,0.0,0.0007391495443128,0.3536665424508306,0.0532862703609833,76.2,3.414851104133808e-09,5.720600432197732e-10,1313.844,4.1799382768851965,0.0001164198562139,0.00148,6.65847e-07,0.0154111111111111,0.0157,6.76e-06,0.0805555555555555,0.023,9e-06,0.0031111111111111,0.0401799999999999,0.0990777777777777,10000000.0,7.070371688121631e-10,36.0,4.0,,0.11637504301843613,3.5136919331011573,0.023583299607448465,0.14382522907141118,0.19226392030932007,273.40704761883484,1.0
1677.0,0.008,0.0095,600000.0,0.000127,1.0,25.0,400.0,0.0012585383892852,3344.754815779889,351.11917342151344,132.099892410026,0.0,0.0006893115313588,0.3191651736568204,0.0625604330853003,76.2,3.787990778570408e-09,6.083488094079183e-10,1313.844,4.142225049989889,0.0001273921154307,0.00148,6.65847e-07,0.0154111111111111,0.0157,6.76e-06,0.0805555555555555,0.023,9e-06,0.0031111111111111,0.0401799999999999,0.0990777777777777,10000000.0,7.926163406210145e-10,36.0,4.0,,0.13046097829885286,3.493573887782903,0.026129887622417337,0.08596376227266714,0.20869239546077054,160.09062583464595,1.0
1678.0,0.008,0.0095,600000.0,0.000127,1.0,30.0,325.0,0.0010869860241381,4013.7057789358655,291.5053062825179,119.49635815676518,0.0,0.0005196207716378,0.194492873658759,0.0540327708766777,76.2,3.4448860482762702e-09,5.749810166249876e-10,1313.844,4.176902645080718,9.897283931828082e-05,0.00148,6.65847e-07,0.0154111111111111,0.0157,6.76e-06,0.0805555555555555,0.023,9e-06,0.0031111111111111,0.0401799999999999,0.0990777777777777,10000000.0,5.798717815085317e-10,36.0,4.0,,0.09544420929327482,3.5444774472147604,0.019686399086739245,0.004835893488806475,0.16576041367420896,9.494512477879216,1.0
1679.0,0.008,0.0095,600000.0,0.000127,1.0,30.0,350.0,0.0013087970465477,4013.7057789358655,319.92671377973846,135.91900599243232,0.0,0.0005910333993725,0.2818069567808878,0.0650587306274352,76.2,3.888508093095597e-09,6.181243695387796e-10,1313.844,4.132065765010829,0.0001195891213884,0.00148,6.65847e-07,0.0154111111111111,0.0157,6.76e-06,0.0805555555555555,0.023,9e-06,0.0031111111111111,0.0401799999999999,0.0990777777777777,10000000.0,7.312764165880405e-10,36.0,4.0,,0.1203647109271139,3.507945775600605,0.024310661316379135,0.05620351522633871,0.1970254384839721,106.21122421801799,1.0
