,length,wingLength,appliedElectricField,activeMaterialThickness,multiLayers,staticStrokeAmplitude,operatingFrequency,width,transmissionRatio,naturalFrequency,strokeAmplitude,netThrust,loadedDisplacement,liftableMass,totalMechanicalMass,appliedVoltage,intBulk,intCapacitance,intResistance,intInductance,averageCurrent,xt018-m0-mass,xt018-m0-area,xt018-m0-current,xt018-mem-mass,xt018-mem-area,xt018-mem-current,IMU-sensor-mass,IMU-sensor-area,IMU-sensor-current,total-additional-mass,total-additional-current,cp-frequency,cp-capacitance,N,M,cp-area,cp-mass,vin,load,battery-mass,battery-alpha,runtime,ccount,runtime-new
0,0.006,0.0075,400000.0,0.000127,1.0,25.0,400.0,0.0010950464896301,8919.346175413035,385.3528593710531,132.0754358970089,0.0,0.0002584439679854,0.1610123529224353,0.0408250852077945,50.8,2.548810979260253e-09,4.839096174655074e-10,1248.5680000000002,1.8040793025861663,6.580187065179578e-05,0.00148,6.65847e-07,0.0154111111111111,0.0157,6.76e-06,0.0805555555555555,0.023,9e-06,0.0031111111111111,0.0401799999999999,0.0990777777777777,10000000.0,6.324044186635101e-10,22.0,2.0,,0.0185631741652541,3.606102657271963,0.0118857395858274,0.0614440935493866,0.1071139404033156,129.11637743990892,1.0,2.097604012640512
1,0.006,0.0075,400000.0,0.000127,1.0,30.0,400.0,0.0015854574011655,10703.21541049564,385.3528593710531,133.14042423200465,0.0,0.0002171066059337,0.1811265686073972,0.0591083886472928,50.8,3.5296328023310632e-09,5.792969918137014e-10,1248.5680000000002,1.7049476409283997,8.687798942271206e-05,0.00148,6.65847e-07,0.0154111111111111,0.0157,6.76e-06,0.0805555555555555,0.023,9e-06,0.0031111111111111,0.0401799999999999,0.0990777777777777,10000000.0,8.714572088244708e-10,22.0,2.0,,0.0255801690620103,3.5727863225831595,0.0161029971413721,0.0562580108980939,0.1398062927834573,113.89004971575758,1.0,1.8502395253593835
2,0.006,0.0075,500000.0,0.000127,1.0,35.0,400.0,0.001389947871718,9989.667716462602,385.3528593710531,134.14132881399766,0.0,0.0002343629355104,0.1731852787191087,0.0518194805742442,63.5,3.138613743436133e-09,5.412694107885221e-10,1248.5680000000002,1.7444679372109102,9.809361228881424e-05,0.00148,6.65847e-07,0.0154111111111111,0.0157,6.76e-06,0.0805555555555555,0.023,9e-06,0.0031111111111111,0.0401799999999999,0.0990777777777777,10000000.0,4.0527897255186727e-10,28.0,4.0,,0.0518832546135206,3.605837862727648,0.0119192578825761,0.0293025435313438,0.1073835694049394,61.556702189098125,1.0,1.000040334691738
3,0.006,0.008,400000.0,0.000127,1.0,25.0,350.0,0.0010809778399203,8919.346175413035,351.11917342151344,116.58942291811913,0.0,0.0002281410837635,0.1381436478540348,0.0403005834367763,50.8,2.5206736798407954e-09,4.81173194753717e-10,1248.5680000000002,1.806923139438491,5.996850780279095e-05,0.00148,6.65847e-07,0.0154111111111111,0.0157,6.76e-06,0.0805555555555555,0.023,9e-06,0.0031111111111111,0.0401799999999999,0.0990777777777777,10000000.0,5.699723722312986e-10,22.0,2.0,,0.0167305858448505,3.614992362697981,0.0107604604179772,0.0409324785724079,0.0979664331359702,86.89522072079532,1.0,1.4116858525947256
4,0.006,0.008,400000.0,0.000127,1.0,25.0,400.0,0.0015616124577686,8919.346175413035,385.3528593710531,137.44796765153683,0.0,0.0002689568874798,0.2488574775685789,0.0582194110055465,50.8,3.4819429155372397e-09,5.74659031098285e-10,1248.5680000000002,1.7097676577866514,8.585307816137225e-05,0.00148,6.65847e-07,0.0154111111111111,0.0157,6.76e-06,0.0805555555555555,0.023,9e-06,0.0031111111111111,0.0401799999999999,0.0990777777777777,10000000.0,8.592963721841465e-10,22.0,2.0,,0.0252232080385142,3.574454061778775,0.0158918909140791,0.1252348585245181,0.1382268131664607,253.9939402414248,1.0,4.129486948128989
5,0.006,0.008,400000.0,0.000127,1.0,30.0,350.0,0.0015663914328296,10703.21541049564,351.11917342151344,119.25435274193954,0.0,0.000194463161102,0.1532915669587485,0.0583975788421826,50.8,3.491500865659341e-09,5.755885656425351e-10,1248.568,1.7088016357678104,7.897203192165816e-05,0.00148,6.65847e-07,0.0154111111111111,0.0157,6.76e-06,0.0805555555555555,0.023,9e-06,0.0031111111111111,0.0401799999999999,0.0990777777777777,10000000.0,7.791389468280222e-10,22.0,2.0,,0.0228703208612413,3.585518772489148,0.0144912946216268,0.0318436672553244,0.1275989520339061,65.37992293679159,1.0,1.0621517672434464
6,0.006,0.008,400000.0,0.000127,1.0,30.0,400.0,0.0022613115122322,10703.21541049564,385.3528593710531,138.32852276301634,0.0,0.000225566624518,0.2502494579185507,0.0843053112744376,50.8,5.71686021151823e-09,8.440285437854965e-10,1093.7264650357008,0.8615184788733423,0.0001348726055345,0.00148,6.65847e-07,0.0154111111111111,0.0157,6.76e-06,0.0805555555555555,0.023,9e-06,0.0031111111111111,0.0401799999999999,0.0990777777777777,10000000.0,5.708079399627877e-10,24.0,3.0,,0.0626348953054659,3.585216407976412,0.0145295686105807,0.063129251338647,0.1278928614432423,129.57034911012104,1.0,2.1049791641014726
7,0.006,0.008,450000.0,0.000127,1.0,30.0,400.0,0.0017867152689242,9513.969253773908,385.3528593710531,138.3285227630163,0.0,0.0002537624525827,0.2618705861084651,0.066611603969926,57.15,3.9321485378484855e-09,6.184426533821095e-10,1248.5680000000002,1.6642653755396537,0.0001074700294653,0.00148,6.65847e-07,0.0154111111111111,0.0157,6.76e-06,0.0805555555555555,0.023,9e-06,0.0031111111111111,0.0401799999999999,0.0990777777777777,10000000.0,5.835167786471551e-10,27.0,3.0,,0.0720331192041078,3.5783708824130187,0.015396090833795,0.0830458629344312,0.134494369942509,169.15819722027385,1.0,2.7481193930380385
8,0.006,0.008,500000.0,0.000127,1.0,30.0,375.0,0.0012170995682043,8562.572328396516,351.11917342151344,120.4064639618038,0.0,0.0002454273267681,0.1552266069270742,0.0453754192619655,63.5,2.792917136408608e-09,5.07649551513578e-10,1248.5680000000002,1.779407493283182,8.162099755040985e-05,0.00148,6.65847e-07,0.0154111111111111,0.0157,6.76e-06,0.0805555555555555,0.023,9e-06,0.0031111111111111,0.0401799999999999,0.0990777777777777,100000000.0,8.206979767813506e-11,24.0,4.0,,0.0090055390358548,3.5800723558156733,0.0151807144537122,0.0606656486292537,0.1328628984789669,123.80430952427642,1.0,2.0113050048754877
9,0.006,0.008,500000.0,0.000127,1.0,30.0,400.0,0.0014472393678286,8562.572328396516,385.3528593710531,138.3285227630163,0.0,0.0002819582806475,0.2522871376772398,0.0539553992156401,63.5,3.253196735657276e-09,5.524128932395093e-10,1248.5680000000002,1.7328870341871192,0.000101171523259,0.00148,6.65847e-07,0.0154111111111111,0.0157,6.76e-06,0.0805555555555555,0.023,9e-06,0.0031111111111111,0.0401799999999999,0.0990777777777777,10000000.0,7.069037885069142e-10,30.0,3.0,,0.096960907698337,3.5482391876330106,0.0192102294135429,0.0611908307632627,0.1624021730493105,120.62214300026884,1.0,1.9596080361241668
10,0.006,0.008,500000.0,0.000127,1.0,35.0,350.0,0.0013745671778397,9989.667716462602,351.11917342151344,121.29198682882009,0.0,0.0002119134075861,0.1821460453519646,0.0512460636973509,63.5,3.107852355679528e-09,5.382777889257234e-10,1248.5680000000002,1.7475769906714702,8.932682296769562e-05,0.00148,6.65847e-07,0.0154111111111111,0.0157,6.76e-06,0.0805555555555555,0.023,9e-06,0.0031111111111111,0.0401799999999999,0.0990777777777777,100000000.0,1.0066070709702372e-10,24.0,4.0,,0.0110455240878521,3.557210811767906,0.0180745807888726,0.0796744575667614,0.1542826880313266,158.58039115174302,1.0,2.5762722398273152
11,0.006,0.008,550000.0,0.000127,1.0,35.0,400.0,0.0016386821306835,9081.516105875093,385.3528593710531,139.23225921857292,0.0,0.0002675832228918,0.2479229296213599,0.0610926917232916,69.85,3.636082261367089e-09,5.89649467828603e-10,1248.5680000000002,1.6941887941036282,0.0001226029071149,0.00148,6.65847e-07,0.0154111111111111,0.0157,6.76e-06,0.0805555555555555,0.023,9e-06,0.0031111111111111,0.0401799999999999,0.0990777777777777,10000000.0,6.211078603283786e-10,32.0,4.0,,0.0908724238783507,3.546376677259792,0.0194459902202794,0.0557778140197176,0.1640682754922051,109.73304885474212,1.0,1.7827055544325245
12,0.006,0.008,600000.0,0.000127,1.0,30.0,400.0,0.0010050273387698,7135.476940330432,385.3528593710531,138.32852276301628,0.0,0.000338349936777,0.2476232770821375,0.0374690272330834,76.2,2.368772677539774e-09,4.66400442527437e-10,1248.568,1.822275773741055,9.290111358807009e-05,0.00148,6.65847e-07,0.0154111111111111,0.0157,6.76e-06,0.0805555555555555,0.023,9e-06,0.0031111111111111,0.0401799999999999,0.0990777777777777,10000000.0,5.378826061560335e-10,36.0,4.0,,0.0885329855224438,3.5548850359262096,0.0183689827941507,0.0814412643266103,0.1564026347316826,161.690636418691,1.0,2.626801102443509
13,0.006,0.0085,400000.0,0.000127,1.0,20.0,375.0,0.0011511661870547,7135.476940330428,351.11917342151344,113.5224465657744,0.0,0.0002776745666843,0.1903109692872382,0.0429173173193013,50.8,2.661050374109549e-09,4.94825179213089e-10,1248.5680000000002,1.792735266948748,6.271583685444486e-05,0.00148,6.65847e-07,0.0154111111111111,0.0157,6.76e-06,0.0805555555555555,0.023,9e-06,0.0031111111111111,0.0401799999999999,0.0990777777777777,10000000.0,5.99190776097921e-10,22.0,2.0,,0.0175882432295872,3.610822033620712,0.0112883501745933,0.0896254087383496,0.1022809297021355,189.3549875849869,1.0,3.0762540860834444
14,0.006,0.0085,400000.0,0.000127,1.0,20.0,400.0,0.0013537304389833,7135.476940330428,385.3528593710531,137.94972593203784,0.0,0.0003374234041917,0.2855217501264838,0.0504692367340019,50.8,3.066178877966714e-09,5.342249390344574e-10,1248.5680000000002,1.7517889290639044,7.691834528139005e-05,0.00148,6.65847e-07,0.0154111111111111,0.0157,6.76e-06,0.0805555555555555,0.023,9e-06,0.0031111111111111,0.0401799999999999,0.0990777777777777,10000000.0,7.556988371811552e-10,22.0,2.0,,0.0221822756405153,3.5887781715163687,0.0140787124662825,0.1726902377519665,0.1244180730236243,355.85225694213653,1.0,5.991503043840574
15,0.006,0.0085,400000.0,0.000127,1.0,25.0,325.0,0.0012365656775597,8919.346175413035,319.92671377973846,120.88529073274545,0.0,0.0002365471974092,0.1509658442145939,0.046101146964511,50.8,2.8318493551194726e-09,5.114358071137561e-10,1248.5680000000002,1.7754726139380752,6.0754554450637374e-05,0.00148,6.65847e-07,0.0154111111111111,0.0157,6.76e-06,0.0805555555555555,0.023,9e-06,0.0031111111111111,0.0401799999999999,0.0990777777777777,10000000.0,5.782990367575676e-10,22.0,2.0,,0.0169750011576711,3.613802117079745,0.0109111244202854,0.0477096960924117,0.0992020485906587,101.14378191998914,1.0,1.6431656980687324
16,0.006,0.0085,400000.0,0.000127,1.0,25.0,350.0,0.0015115912847248,8919.346175413035,351.11917342151344,120.33644507308136,0.0,0.0002354732213959,0.1836643584341823,0.0563545416405962,50.8,3.381900569449609e-09,5.649296628353981e-10,1248.5680000000002,1.7198789377057282,7.68263344977656e-05,0.00148,6.65847e-07,0.0154111111111111,0.0157,6.76e-06,0.0805555555555555,0.023,9e-06,0.0031111111111111,0.0401799999999999,0.0990777777777777,10000000.0,7.546536837095804e-10,22.0,2.0,,0.0221515969081256,3.58892375499425,0.014060284177943,0.0649782198854603,0.124275455447044,133.91847037637913,1.0,2.175618051851338
17,0.006,0.0085,400000.0,0.000127,1.0,25.0,375.0,0.0018077811457199,8919.346175413035,351.11917342151344,120.22248824422226,0.0,0.0002352502317474,0.1768380729088075,0.0673969735622721,50.8,3.989842582879722e-09,6.268168539948834e-10,1243.8993125680418,1.63432466964097,8.877793613705465e-05,0.00148,6.65847e-07,0.0154111111111111,0.0157,6.76e-06,0.0805555555555555,0.023,9e-06,0.0031111111111111,0.0401799999999999,0.0990777777777777,10000000.0,8.94158414475659e-10,22.0,2.0,,0.0262465249915827,3.569680703585685,0.0164961134701664,0.0430145743549525,0.14273218018399,86.78352765820526,1.0,1.4098713049707774
18,0.006,0.0085,400000.0,0.000127,1.0,25.0,400.0,0.0021254636197495,8919.346175413035,385.3528593710531,138.7287537884801,0.0,0.0002714631177195,0.2986026084151628,0.0792406844860558,50.8,5.218751272415116e-09,8.054676666779832e-10,1111.8395173667232,0.9132525261149,0.0001243657818102,0.00148,6.65847e-07,0.0154111111111111,0.0157,6.76e-06,0.0805555555555555,0.023,9e-06,0.0031111111111111,0.0401799999999999,0.0990777777777777,10000000.0,5.210564679584119e-10,24.0,3.0,,0.0571756540754121,3.5946242408951163,0.0133387036841624,0.1220062698536948,0.118654342412224,253.0658639271685,1.0,4.114246744703493
19,0.006,0.0085,400000.0,0.000127,1.0,30.0,400.0,0.003078713011036,10703.21541049564,385.3528593710531,139.5271408487878,0.0,0.0002275211616611,0.323336504393515,0.1147793469922434,50.8,7.916144022072197e-09,9.158166626936487e-10,904.9540966891705,0.7619260321765023,0.0001793296057185,0.00148,6.65847e-07,0.0154111111111111,0.0157,6.76e-06,0.0805555555555555,0.023,9e-06,0.0031111111111111,0.0401799999999999,0.0990777777777777,10000000.0,7.93987235837513e-10,24.0,3.0,,0.0871244142010376,3.544292429598564,0.0197098190381565,0.0812527432002339,0.1659248908680054,159.49546598351924,1.0,2.5911384793266317
20,0.006,0.0085,400000.0,0.000127,1.0,35.0,375.0,0.003590683570731,12487.084645578248,351.11917342151344,127.96214411170588,0.0,0.0001788536552806,0.2566770751208243,0.133866428610567,50.8,8.940085141462116e-09,8.897752801747644e-10,751.3629287806828,0.7933557341793227,0.0001817503857751,0.00148,6.65847e-07,0.0154111111111111,0.0157,6.76e-06,0.0805555555555555,0.023,9e-06,0.0031111111111111,0.0401799999999999,0.0990777777777777,10000000.0,4.6078411251235627e-10,24.0,4.0,,0.0505619537239005,3.587459027673803,0.0142456926995186,0.0320686927863567,0.1257082283089158,65.98463167554748,1.0,1.0719757686598763
21,0.006,0.0085,400000.0,0.000127,1.0,35.0,400.0,0.0042194752068571,12487.084645578248,385.3528593710531,140.39775301264123,0.0,0.0001962349997635,0.2963781005676685,0.1573087868719649,50.8,1.0197668413714269e-08,8.57791793603212e-10,562.72543794286,0.8319570431238905,0.000222851008684,0.00148,6.65847e-07,0.0154111111111111,0.0157,6.76e-06,0.0805555555555555,0.023,9e-06,0.0031111111111111,0.0401799999999999,0.0990777777777777,10000000.0,5.837643720708628e-10,24.0,4.0,,0.0640566077796732,3.560379871054242,0.0176734340437668,0.0348327059160303,0.1513768788180194,69.56763218282323,1.0,1.130184621620997
22,0.006,0.0085,450000.0,0.000127,1.0,20.0,400.0,0.0010696141740115,6342.646169182605,385.3528593710531,137.94972593203786,0.0,0.0003796013297156,0.2628204378646086,0.0398769277898287,57.15,2.497946348023085e-09,4.789629049161151e-10,1248.5680000000002,1.809220190865307,7.279773584552418e-05,0.00148,6.65847e-07,0.0154111111111111,0.0157,6.76e-06,0.0805555555555555,0.023,9e-06,0.0031111111111111,0.0401799999999999,0.0990777777777777,10000000.0,4.292837723507336e-10,24.0,3.0,,0.047105413669047,3.623089539987365,0.0097355012674221,0.1356580964057329,0.0894697903863198,290.7001304046552,1.0,4.7424720607773025
23,0.006,0.0085,450000.0,0.000127,1.0,25.0,350.0,0.0011943437311405,7928.307711478257,351.11917342151344,120.33644507308142,0.0,0.0002649073740704,0.1882330990446687,0.0445270452468909,57.15,2.747405462281175e-09,5.032234274255e-10,1248.5680000000002,1.784007358187242,7.245675307168689e-05,0.00148,6.65847e-07,0.0154111111111111,0.0157,6.76e-06,0.0805555555555555,0.023,9e-06,0.0031111111111111,0.0401799999999999,0.0990777777777777,10000000.0,4.2702642784392255e-10,24.0,3.0,,0.0468577147024529,3.6234739831879614,0.009686837571144,0.0566683390953248,0.0890623990170721,121.48824587052884,1.0,1.973678604891201
24,0.006,0.0085,450000.0,0.000127,1.0,25.0,375.0,0.0014283702879762,7928.307711478257,351.11917342151344,120.22248824422226,0.0,0.0002646565107159,0.1912372759016918,0.053251929728215,57.15,3.215458575952484e-09,5.487427628628191e-10,1248.5680000000002,1.7367012299884823,8.276393912506983e-05,0.00148,6.65847e-07,0.0154111111111111,0.0157,6.76e-06,0.0805555555555555,0.023,9e-06,0.0031111111111111,0.0401799999999999,0.0990777777777777,10000000.0,4.965268075099342e-10,24.0,3.0,,0.0544840084158069,3.611728890014799,0.0111735582259749,0.0433213377576696,0.1013462387938285,91.62192327803048,1.0,1.4884751060672068
25,0.006,0.0085,450000.0,0.000127,1.0,25.0,400.0,0.0016793786625181,7928.307711478257,385.3528593710531,138.7287537884801,0.0,0.0003053960074344,0.2958129592873128,0.062609923544538,57.15,3.717475325036374e-09,5.975651467530995e-10,1248.568,1.685962397158574,0.0001022794259465,0.00148,6.65847e-07,0.0154111111111111,0.0157,6.76e-06,0.0805555555555555,0.023,9e-06,0.0031111111111111,0.0401799999999999,0.0990777777777777,10000000.0,5.516363391846887e-10,27.0,3.0,,0.0680975897041621,3.584616440875028,0.0146055138132876,0.1249254460386126,0.128475465557645,256.2333619260149,1.0,4.1662932435195215
26,0.006,0.0085,450000.0,0.000127,1.0,30.0,400.0,0.0024325633667445,9513.969253773908,385.3528593710531,139.52714084878787,0.0,0.0002559613068687,0.3355172681811641,0.0906898544136246,57.15,6.344783678063449e-09,8.926389535283373e-10,1070.8928844340564,0.7963017767984409,0.0001666319265928,0.00148,6.65847e-07,0.0154111111111111,0.0157,6.76e-06,0.0805555555555555,0.023,9e-06,0.0031111111111111,0.0401799999999999,0.0990777777777777,10000000.0,9.838192138367975e-10,27.0,3.0,,0.1214490641895498,3.503478145753175,0.0248761840818765,0.0831983495779896,0.2006888985931923,156.50769832417504,1.0,2.5425994540655386
27,0.006,0.0085,450000.0,0.000127,1.0,35.0,350.0,0.0023738018470957,11099.63079606956,351.11917342151344,125.32108029127288,0.0,0.0001970574979857,0.2283260000752719,0.088499130942686,57.15,6.129324772684533e-09,8.759593003042942e-10,1078.7277537205623,0.8186795345828273,0.0001477954806682,0.00148,6.65847e-07,0.0154111111111111,0.0157,6.76e-06,0.0805555555555555,0.023,9e-06,0.0031111111111111,0.0401799999999999,0.0990777777777777,10000000.0,4.601498929089986e-10,28.0,4.0,,0.0589077540930807,3.579168292993085,0.0152951527856854,0.040739115039505,0.133730531431985,83.05575823930486,1.0,1.3493105594344286
28,0.006,0.0085,450000.0,0.000127,1.0,35.0,400.0,0.0033339063362821,11099.63079606956,385.3528593710531,140.39775301264123,0.0,0.0002207643747339,0.2941237998440261,0.1242933624667377,57.15,8.426530672564362e-09,9.028362542050068e-10,828.3960991153458,0.7775922653489176,0.000212698699967,0.00148,6.65847e-07,0.0154111111111111,0.0157,6.76e-06,0.0805555555555555,0.023,9e-06,0.0031111111111111,0.0401799999999999,0.0990777777777777,10000000.0,7.043396676930895e-10,28.0,4.0,,0.0901685919780757,3.5219186375659013,0.0225419446119112,0.0394818453992125,0.1853477722937344,75.69633306208146,1.0,1.2297505155132855
29,0.006,0.0085,500000.0,0.000127,1.0,25.0,375.0,0.0011569799332607,7135.476940330431,351.11917342151344,120.2224882442224,0.0,0.0002940627896843,0.1899965826123282,0.0431340630798541,63.5,2.6726778665215113e-09,4.95955981918883e-10,1248.5680000000002,1.791560076290671,7.86792614393625e-05,0.00148,6.65847e-07,0.0154111111111111,0.0157,6.76e-06,0.0805555555555555,0.023,9e-06,0.0031111111111111,0.0401799999999999,0.0990777777777777,10000000.0,5.877438777661437e-10,27.0,3.0,,0.0725549399055307,3.588934225156376,0.0140589588409651,0.0341275796269432,0.1242651967975893,70.33690378322368,1.0,1.1426820849576467
30,0.006,0.0085,500000.0,0.000127,1.0,25.0,400.0,0.0013602967166397,7135.476940330431,385.3528593710531,138.7287537884801,0.0,0.0003393288971494,0.3083739701205671,0.0507140380710758,63.5,3.079311433279464e-09,5.35502112870011e-10,1248.5680000000002,1.7504616216984443,9.650068334448828e-05,0.00148,6.65847e-07,0.0154111111111111,0.0157,6.76e-06,0.0805555555555555,0.023,9e-06,0.0031111111111111,0.0401799999999999,0.0990777777777777,10000000.0,6.686389145534971e-10,30.0,3.0,,0.0917123901888719,3.5558797011557104,0.0182430758030746,0.1257675418606194,0.1554972986153932,249.96244516916087,1.0,4.063336572486629
31,0.006,0.0085,500000.0,0.000127,1.0,30.0,350.0,0.0014020560188518,8562.572328396516,351.11917342151344,123.16428397235856,0.0,0.0002510486561439,0.176302096764852,0.0522708916724285,63.5,3.162830037703773e-09,5.43624505946786e-10,1248.5680000000002,1.7420203963492795,9.067210763364508e-05,0.00148,6.65847e-07,0.0154111111111111,0.0157,6.76e-06,0.0805555555555555,0.023,9e-06,0.0031111111111111,0.0401799999999999,0.0990777777777777,100000000.0,1.05091336659667e-10,24.0,4.0,,0.0115316981568596,3.5519584938689666,0.0187394311558269,0.0723195069355638,0.1590551272215886,143.12916316853148,1.0,2.325253534613478
32,0.006,0.0085,500000.0,0.000127,1.0,30.0,400.0,0.0019703763270631,8562.572328396516,385.3528593710531,139.52714084878784,0.0,0.0002844014520764,0.3131752432776575,0.0734587820750359,63.5,4.640223308252431e-09,7.47810269644414e-10,1146.3422037621351,1.0647960241429697,0.0001398928492949,0.00148,6.65847e-07,0.0154111111111111,0.0157,6.76e-06,0.0805555555555555,0.023,9e-06,0.0031111111111111,0.0401799999999999,0.0990777777777777,10000000.0,1.0551600365342167e-09,30.0,3.0,,0.1447287121285069,3.4814025861705384,0.0276705587125901,0.0548077490741145,0.2183110207106578,100.82798864484404,1.0,1.638035371047468
33,0.006,0.0085,500000.0,0.000127,1.0,35.0,325.0,0.0015742833659036,9989.667716462602,319.92671377973846,122.45401797492455,0.0,0.0002139436322227,0.1474370583547561,0.0586918027342734,63.5,3.5072847318072954e-09,5.77123586085089e-10,1248.5680000000002,1.7072063604162369,9.099946733637114e-05,0.00148,6.65847e-07,0.0154111111111111,0.0157,6.76e-06,0.0805555555555555,0.023,9e-06,0.0031111111111111,0.0401799999999999,0.0990777777777777,100000000.0,1.062704198913258e-10,24.0,4.0,,0.0116610792491692,3.55057297826133,0.0189148128783126,0.0369041763713134,0.160305090117422,72.92932371222271,1.0,1.1847981243369763
34,0.006,0.0085,500000.0,0.000127,1.0,35.0,350.0,0.0019227794961475,9989.667716462602,351.11917342151344,125.32108029127318,0.0,0.0002189527755397,0.2117225080483773,0.0716842960635758,63.5,4.449835984590343e-09,7.12391611483768e-10,1174.9003023114485,1.231515347664005,0.0001231312979234,0.00148,6.65847e-07,0.0154111111111111,0.0157,6.76e-06,0.0805555555555555,0.023,9e-06,0.0031111111111111,0.0401799999999999,0.0990777777777777,10000000.0,5.278372920755553e-10,28.0,4.0,,0.067573001497783,3.579713067823584,0.0152261939463819,0.0322852104870183,0.1332079167216169,65.86030033383736,1.0,1.0699559015754683
35,0.006,0.0085,500000.0,0.000127,1.0,35.0,400.0,0.0027004641323885,9989.667716462602,385.3528593710531,140.39775301264123,0.0,0.0002452937497044,0.3040747800717005,0.1006776235980575,63.5,7.1596462647771315e-09,9.350562919060552e-10,1018.4287602834304,0.7387054595992898,0.0002061238121342,0.00148,6.65847e-07,0.0154111111111111,0.0157,6.76e-06,0.0805555555555555,0.023,9e-06,0.0031111111111111,0.0401799999999999,0.0990777777777777,10000000.0,8.743094890856535e-10,32.0,4.0,,0.1279175930104159,3.471286606316982,0.0289510624915212,0.0352995634632271,0.2261292254981371,64.28992644823806,1.0,1.044443858689844
36,0.006,0.0085,550000.0,0.000127,1.0,25.0,400.0,0.0011242121625121,6486.797218482209,385.3528593710531,138.7287537884801,0.0,0.0003732617868643,0.2966698316010765,0.0419124281579138,69.85,2.607142325024348e-09,4.895824866694305e-10,1248.5680000000002,1.798183753469789,9.22007506062126e-05,0.00148,6.65847e-07,0.0154111111111111,0.0157,6.76e-06,0.0805555555555555,0.023,9e-06,0.0031111111111111,0.0401799999999999,0.0990777777777777,10000000.0,8.138757610470072e-10,33.0,3.0,,0.1227968320591662,3.519081945803451,0.0229010195185505,0.0917805713839964,0.1877459036009033,175.44775519778395,1.0,2.850301281381319
37,0.006,0.0085,550000.0,0.000127,1.0,30.0,375.0,0.0013853530841746,7784.156662178651,351.11917342151344,124.6919324723881,0.0,0.0002795787478034,0.2122619560875184,0.0516481795429671,69.85,3.129424168349383e-09,5.403757016373984e-10,1248.5680000000002,1.745396727564928,9.884014218748936e-05,0.00148,6.65847e-07,0.0154111111111111,0.0157,6.76e-06,0.0805555555555555,0.023,9e-06,0.0031111111111111,0.0401799999999999,0.0990777777777777,10000000.0,4.809834152235027e-10,32.0,4.0,,0.0703712375553233,3.5785642296685096,0.015371616497657,0.0500625389892279,0.1343092866063024,101.99544542482046,1.0,1.6570016871026279
38,0.006,0.0085,550000.0,0.000127,1.0,30.0,400.0,0.0016284101876554,7784.156662178651,385.3528593710531,139.52714084878787,0.0,0.000312841597284,0.312967667565503,0.0607097372520957,69.85,3.6155383753109165e-09,5.87651523549925e-10,1248.568,1.6962651646673257,0.0001219958124166,0.00148,6.65847e-07,0.0154111111111111,0.0157,6.76e-06,0.0805555555555555,0.023,9e-06,0.0031111111111111,0.0401799999999999,0.0990777777777777,10000000.0,6.173696987388926e-10,32.0,4.0,,0.0903255046938053,3.547218346554607,0.0193394498032143,0.1217524256196018,0.1633161846318943,239.74200824049169,1.0,3.8961386000586082
39,0.006,0.0085,550000.0,0.000127,1.0,35.0,350.0,0.0015890739637583,9081.516105875093,351.11917342151344,125.32108029127318,0.0,0.0002408480530936,0.2289779999190254,0.0592432198872527,69.85,3.53686592751667e-09,5.800004313208145e-10,1248.5680000000002,1.7042165889658905,0.0001098077518171,0.00148,6.65847e-07,0.0154111111111111,0.0157,6.76e-06,0.0805555555555555,0.023,9e-06,0.0031111111111111,0.0401799999999999,0.0990777777777777,10000000.0,5.441323497291947e-10,32.0,4.0,,0.0796103683253533,3.5638945392114905,0.0172285393403176,0.0499444117064193,0.1481307272658641,100.1301816090961,1.0,1.626698909593507
40,0.006,0.0085,550000.0,0.000127,1.0,35.0,375.0,0.0018992045332792,9081.516105875093,351.11917342151344,127.96214411170592,0.0,0.0002459237760109,0.2503996278786595,0.0708053837279032,69.85,4.355536133116947e-09,6.94848562189878e-10,1189.045280032458,1.3140923131014857,0.0001327032191577,0.00148,6.65847e-07,0.0154111111111111,0.0157,6.76e-06,0.0805555555555555,0.023,9e-06,0.0031111111111111,0.0401799999999999,0.0990777777777777,10000000.0,6.846448864539425e-10,32.0,4.0,,0.1001683351666082,3.5322093905258773,0.0212393176549521,0.0392459089841479,0.1765278456778174,76.05862308978892,1.0,1.2356362213370167
41,0.006,0.0085,600000.0,0.000127,1.0,30.0,375.0,0.0011640814110079,7135.476940330432,351.11917342151344,124.6919324723881,0.0,0.0003049949976037,0.2096285315381646,0.0433988175326321,76.2,2.686880822015801e-09,4.973372548480913e-10,1248.5680000000002,1.790124583578863,9.48320850201107e-05,0.00148,6.65847e-07,0.0154111111111111,0.0157,6.76e-06,0.0805555555555555,0.023,9e-06,0.0031111111111111,0.0401799999999999,0.0990777777777777,10000000.0,5.511185817062349e-10,36.0,4.0,,0.0907115657894946,3.5515910451124024,0.0187859436566579,0.0353381482160378,0.1593869888717882,69.91092434221096,1.0,1.1357616911156645
42,0.006,0.0085,600000.0,0.000127,1.0,30.0,400.0,0.0013683168937938,7135.476940330432,385.3528593710531,139.5271408487878,0.0,0.0003412817424916,0.3355172681811641,0.0510130431076638,76.2,3.095351787587647e-09,5.370620774273677e-10,1248.5680000000002,1.7488404230885166,0.000116317851645,0.00148,6.65847e-07,0.0154111111111111,0.0157,6.76e-06,0.0805555555555555,0.023,9e-06,0.0031111111111111,0.0401799999999999,0.0990777777777777,10000000.0,7.062632130300705e-10,36.0,4.0,,0.116247653481636,3.5138760391004,0.0235599950505823,0.1280765715918642,0.1921104281921048,243.51563168990253,1.0,3.9578002783037425
43,0.006,0.0085,600000.0,0.000127,1.0,35.0,350.0,0.0013352635389913,8324.72309705217,351.11917342151344,125.32108029127308,0.0,0.0002627433306476,0.2275044978386391,0.0497807611552609,76.2,3.029245077982756e-09,5.30633034651518e-10,1248.5680000000002,1.7555218282282827,0.0001048840498247,0.00148,6.65847e-07,0.0154111111111111,0.0157,6.76e-06,0.0805555555555555,0.023,9e-06,0.0031111111111111,0.0401799999999999,0.0990777777777777,10000000.0,6.218295522068241e-10,36.0,4.0,,0.1023502640034886,3.534199283573268,0.02098743245908,0.0351934726798895,0.1748002807614068,68.34808370044786,1.0,1.110372032104084
44,0.006,0.009,400000.0,0.000127,1.0,20.0,325.0,0.0010689760667702,7135.476940330428,319.92671377973846,122.71859090409086,0.0,0.0003001682273792,0.1873549458580787,0.039853138130901,50.8,2.496670133540461e-09,4.788387898671437e-10,1248.5680000000002,1.8093491778630657,5.47787176322257e-05,0.00148,6.65847e-07,0.0154111111111111,0.0157,6.76e-06,0.0805555555555555,0.023,9e-06,0.0031111111111111,0.0401799999999999,0.0990777777777777,10000000.0,5.156454600982485e-10,22.0,2.0,,0.0151359101879069,3.6227931926297496,0.0097730135911709,0.0921858975392707,0.0897835786792346,197.47599165001213,1.0,3.208214466951617
45,0.006,0.009,400000.0,0.000127,1.0,20.0,375.0,0.0015274041434612,7135.476940330428,351.11917342151344,116.01869671243875,0.0,0.0002837803651301,0.217291875111684,0.0569440703148656,50.8,3.413526286922537e-09,5.68005342923934e-10,1248.568,1.7166825264407393,7.74454798861216e-05,0.00148,6.65847e-07,0.0154111111111111,0.0157,6.76e-06,0.0805555555555555,0.023,9e-06,0.0031111111111111,0.0401799999999999,0.0990777777777777,10000000.0,7.616948410948222e-10,22.0,2.0,,0.0223582783085235,3.587943382102296,0.0141843820123676,0.0978095264882947,0.125234959660391,201.3620960403816,1.0,3.2713692677547046
46,0.006,0.009,400000.0,0.000127,1.0,20.0,400.0,0.0017824147828915,7135.476940330428,385.3528593710531,136.91980218548818,0.0,0.000334904222843,0.354794725906665,0.066451274969848,50.8,3.923547565783018e-09,6.17606187346313e-10,1248.5680000000002,1.6651346757863106,9.534405517343796e-05,0.00148,6.65847e-07,0.0154111111111111,0.0157,6.76e-06,0.0805555555555555,0.023,9e-06,0.0031111111111111,0.0401799999999999,0.0990777777777777,10000000.0,9.742529928418736e-10,22.0,2.0,,0.0285975674005633,3.558802155135356,0.0178731449195753,0.2195658835362536,0.1528260274254325,437.7665894096016,1.0,8.678880100810312
47,0.006,0.009,400000.0,0.000127,1.0,25.0,300.0,0.0013600179201313,8919.346175413035,291.5053062825179,115.90127014967436,0.0,0.000226794512913,0.1544343423426759,0.0507036440911704,50.8,3.0787538402627797e-09,5.35447885555156e-10,1248.5680000000002,1.7505179776246411,5.993430094001395e-05,0.00148,6.65847e-07,0.0154111111111111,0.0157,6.76e-06,0.0805555555555555,0.023,9e-06,0.0031111111111111,0.0401799999999999,0.0990777777777777,10000000.0,5.696106127703354e-10,22.0,2.0,,0.0167199670008298,3.615044106308776,0.0107539105938259,0.0468307312506756,0.0979126402704583,99.42250133845502,1.0,1.6152020491452466
48,0.006,0.009,400000.0,0.000127,1.0,25.0,325.0,0.0016799998928616,8919.346175413035,319.92671377973846,123.4376879793913,0.0,0.0002415417042819,0.1957913980680105,0.0626330840057091,50.8,3.718717785723207e-09,5.97685979161046e-10,1248.5680000000002,1.6858368216569557,7.657059978909276e-05,0.00148,6.65847e-07,0.0154111111111111,0.0157,6.76e-06,0.0805555555555555,0.023,9e-06,0.0031111111111111,0.0401799999999999,0.0990777777777777,10000000.0,7.51751029720742e-10,22.0,2.0,,0.0220663943542754,3.589328190238624,0.0140090898432121,0.0709119197080258,0.1238790156445361,146.21383681119474,1.0,2.375366684079982
49,0.006,0.009,400000.0,0.000127,1.0,25.0,350.0,0.0020263261048956,8919.346175413035,351.11917342151344,121.37404524208604,0.0,0.000237503587626,0.2364316410697807,0.0755446793122785,50.8,4.855247051284135e-09,7.773271526283193e-10,1125.057852680577,0.9510064049799468,0.0001068882834031,0.00148,6.65847e-07,0.0154111111111111,0.0157,6.76e-06,0.0805555555555555,0.023,9e-06,0.0031111111111111,0.0401799999999999,0.0990777777777777,10000000.0,4.4056698854886055e-10,24.0,3.0,,0.0483435237509156,3.6100735320220663,0.0113830972123966,0.0723634380065865,0.1030509419141317,152.75383376089232,1.0,2.481614586557647
50,0.006,0.009,400000.0,0.000127,1.0,25.0,400.0,0.0027994402760015,8919.346175413035,385.3528593710531,137.61804872149483,0.0,0.0002692897005142,0.3903561247521427,0.1043676125937809,50.8,7.357598552003184e-09,9.30021870361179e-10,988.7359171995224,0.7447815720636457,0.0001686750758633,0.00148,6.65847e-07,0.0154111111111111,0.0157,6.76e-06,0.0805555555555555,0.023,9e-06,0.0031111111111111,0.0401799999999999,0.0990777777777777,10000000.0,7.384984139398376e-10,24.0,3.0,,0.0810356121594768,3.5542767589127777,0.0184459798844585,0.1647728999988849,0.1569553275982916,326.9200239919104,1.0,5.39344690178187
51,0.006,0.009,400000.0,0.000127,1.0,30.0,325.0,0.0024363065546498,10703.21541049564,319.92671377973846,124.22765403161054,0.0,0.000202572918672,0.2311300707136098,0.0908294064478348,50.8,6.3585087003828785e-09,8.937014698925491e-10,1070.39379271335,0.7948762835030518,0.0001242744962842,0.00148,6.65847e-07,0.0154111111111111,0.0157,6.76e-06,0.0805555555555555,0.023,9e-06,0.0031111111111111,0.0401799999999999,0.0990777777777777,10000000.0,5.206288191805838e-10,24.0,3.0,,0.0571287280700932,3.594705572300001,0.0133284085696201,0.0429919361956817,0.1185736212811982,89.1822031125442,1.0,1.4488398026139107
52,0.006,0.009,400000.0,0.000127,1.0,30.0,400.0,0.0040565496435433,10703.21541049564,385.3528593710531,138.38940492864495,0.0,0.0002256659025578,0.4027654440539278,0.1512346611907268,50.8,9.871817287086758e-09,8.66079002381166e-10,611.6031069369864,0.8219550971005802,0.0002166352056825,0.00148,6.65847e-07,0.0154111111111111,0.0157,6.76e-06,0.0805555555555555,0.023,9e-06,0.0031111111111111,0.0401799999999999,0.0990777777777777,10000000.0,5.646102883605852e-10,24.0,4.0,,0.0619548254745014,3.564523335821746,0.0171489448326904,0.1493959573886994,0.1475473492457049,299.71898961637413,1.0,4.8983135707336585
53,0.006,0.009,400000.0,0.000127,1.0,35.0,400.0,0.0055621657349457,12487.084645578248,385.3528593710531,139.2612892471342,0.0,0.0001946465557751,0.3847563231197728,0.2073664380639535,50.8,1.4007380939783005e-08,8.711296127606613e-10,318.6828777167139,0.8544779250895607,0.0002976924368135,0.00148,6.65847e-07,0.0154111111111111,0.0157,6.76e-06,0.0805555555555555,0.023,9e-06,0.0031111111111111,0.0401799999999999,0.0990777777777777,10000000.0,8.323822165197937e-10,24.0,4.0,,0.0913375048518908,3.508929306292069,0.0241861637604976,0.0458723802039283,0.1962144278258978,86.775401172401,1.0,1.4097392833826392
54,0.006,0.009,450000.0,0.000127,1.0,20.0,350.0,0.0010190072890898,6342.646169182605,351.11917342151344,117.1079722512694,0.0,0.0003222503102963,0.2424015495863636,0.0379902221489326,57.15,2.396732578179727e-09,4.691196127644239e-10,1248.5680000000002,1.8194498665833752,6.473590857586539e-05,0.00148,6.65847e-07,0.0154111111111111,0.0157,6.76e-06,0.0805555555555555,0.023,9e-06,0.0031111111111111,0.0401799999999999,0.0990777777777777,10000000.0,8.874652699003591e-10,24.0,2.0,,0.0284182461002757,3.566455895175992,0.0169043170663302,0.1358130813371551,0.1457493683749321,273.04363672609213,1.0,4.44449315944505
55,0.006,0.009,450000.0,0.000127,1.0,20.0,375.0,0.0012068378417471,6342.646169182605,351.11917342151344,116.01869671243884,0.0,0.0003192529107714,0.231358800145657,0.0449928456808814,57.15,2.772393683494351e-09,5.056535944090345e-10,1248.5680000000002,1.7814817986692262,7.300697882542216e-05,0.00148,6.65847e-07,0.0154111111111111,0.0157,6.76e-06,0.0805555555555555,0.023,9e-06,0.0031111111111111,0.0401799999999999,0.0990777777777777,10000000.0,4.3067036329786087e-10,24.0,3.0,,0.047257564633889,3.6228534923657727,0.0097653807131933,0.0989283898308864,0.0897197476495818,211.93428074765032,1.0,3.4432299019488988
56,0.006,0.009,450000.0,0.000127,1.0,20.0,400.0,0.001408327729692,6342.646169182605,385.3528593710531,136.91980218548818,0.0,0.0003767672506984,0.3351795863320695,0.0525047110872873,57.15,3.1753734593841153e-09,5.448443850637532e-10,1248.5680000000002,1.7407526327200475,8.917293167912734e-05,0.00148,6.65847e-07,0.0154111111111111,0.0157,6.76e-06,0.0805555555555555,0.023,9e-06,0.0031111111111111,0.0401799999999999,0.0990777777777777,10000000.0,4.730924100084321e-10,27.0,3.0,,0.0584016145066203,3.6001904836980967,0.0126341159875827,0.1840932607381616,0.1130955313864735,384.2553136461534,1.0,6.705593579950291
57,0.006,0.009,450000.0,0.000127,1.0,25.0,325.0,0.0013274073227548,7928.307711478257,319.92671377973846,123.43768797939146,0.0,0.0002717344173171,0.1897093509285374,0.0494878688440172,57.15,3.0135326455096997e-09,5.291049613124322e-10,1248.5680000000002,1.7571098837783348,7.199346559518948e-05,0.00148,6.65847e-07,0.0154111111111111,0.0157,6.76e-06,0.0805555555555555,0.023,9e-06,0.0031111111111111,0.0401799999999999,0.0990777777777777,10000000.0,4.239638617542299e-10,24.0,3.0,,0.0465216585740002,3.623995883012068,0.0096207743022698,0.0535198235105199,0.0885087622435391,114.8080443681228,1.0,1.8651531196266324
58,0.006,0.009,450000.0,0.000127,1.0,25.0,350.0,0.0016010477865842,7928.307711478257,351.11917342151344,121.37404524208576,0.0,0.0002671915360792,0.2358296890473216,0.0596896231603188,57.15,3.560813573168468e-09,5.823293997295661e-10,1248.5680000000002,1.701796200419863,9.03701598631315e-05,0.00148,6.65847e-07,0.0154111111111111,0.0157,6.76e-06,0.0805555555555555,0.023,9e-06,0.0031111111111111,0.0401799999999999,0.0990777777777777,10000000.0,4.801547780608042e-10,27.0,3.0,,0.0592734393082297,3.598779126802547,0.0128127687591712,0.076686626578773,0.1145116290493782,159.81135885532325,1.0,2.5962704543396455
59,0.006,0.009,450000.0,0.000127,1.0,25.0,400.0,0.0022119034279518,7928.307711478257,385.3528593710531,137.6180487214948,0.0,0.0003029509130785,0.3772989648669281,0.0824632988395307,57.15,5.535697235823552e-09,8.300038943689e-10,1100.3142096064164,0.8803342302226058,0.0001474326935513,0.00148,6.65847e-07,0.0154111111111111,0.0157,6.76e-06,0.0805555555555555,0.023,9e-06,0.0031111111111111,0.0401799999999999,0.0990777777777777,10000000.0,8.456599548594207e-10,27.0,3.0,,0.1043937836299372,3.5286106276673976,0.0216948572572914,0.15026188239746,0.1796338818888225,290.1093252744873,1.0,4.732364221154925
60,0.006,0.009,450000.0,0.000127,1.0,30.0,325.0,0.0019249829567603,9513.969253773908,319.92671377973846,124.22765403161054,0.0,0.000227894533506,0.2169059263751426,0.0717664446007584,57.15,4.45864982704159e-09,7.14031292460725e-10,1173.5782259437617,1.2237971980370852,0.0001017941540081,0.00148,6.65847e-07,0.0154111111111111,0.0157,6.76e-06,0.0805555555555555,0.023,9e-06,0.0031111111111111,0.0401799999999999,0.0990777777777777,10000000.0,5.486788612260475e-10,27.0,3.0,,0.067732499324358,3.585198028830846,0.0145318950847031,0.0372269824500261,0.1279107202631708,76.40537841390567,1.0,1.2412695528517652
61,0.006,0.009,450000.0,0.000127,1.0,30.0,400.0,0.0032051750269972,9513.969253773908,385.3528593710531,138.38940492864492,0.0,0.0002538741403775,0.3658816898666528,0.1194940532865003,57.15,8.169068053994481e-09,9.093841722517852e-10,867.0154919008279,0.7696894931823515,0.0002071735512379,0.00148,6.65847e-07,0.0154111111111111,0.0157,6.76e-06,0.0805555555555555,0.023,9e-06,0.0031111111111111,0.0401799999999999,0.0990777777777777,10000000.0,6.822514832167032e-10,28.0,4.0,,0.087340893092237,3.5269215437887107,0.0219086653432012,0.1188667434879154,0.1810836386130792,229.0894351682484,1.0,3.7224026435443425
62,0.006,0.009,500000.0,0.000127,1.0,20.0,400.0,0.0011407454610505,5708.3815522643445,385.3528593710531,136.91980218548815,0.0,0.0004186302785538,0.3501736628767907,0.0425288159807027,63.5,2.6402089221011323e-09,4.927982959016404e-10,1248.5680000000002,1.7948417125032383,8.47069083429868e-05,0.00148,6.65847e-07,0.0154111111111111,0.0157,6.76e-06,0.0805555555555555,0.023,9e-06,0.0031111111111111,0.0401799999999999,0.0990777777777777,10000000.0,6.417767944815023e-10,27.0,3.0,,0.0792251157653008,3.5794311056697685,0.0152618853582571,0.1882397311307869,0.133478488038743,383.8802696827721,1.0,6.6950359261086065
63,0.006,0.009,500000.0,0.000127,1.0,25.0,325.0,0.0010751999314314,7135.476940330431,319.92671377973846,123.43768797939131,0.0,0.0003019271303524,0.1929413897236709,0.0400851737636539,63.5,2.509117862862855e-09,4.800493626630698e-10,1248.5680000000002,1.8080910858604515,6.875077886139572e-05,0.00148,6.65847e-07,0.0154111111111111,0.0157,6.76e-06,0.0805555555555555,0.023,9e-06,0.0031111111111111,0.0401799999999999,0.0990777777777777,10000000.0,5.02255605384396e-10,27.0,3.0,,0.0620017096637122,3.6041995426217897,0.012126640174457,0.0506745062963047,0.1090481870933016,106.25488134079956,1.0,1.7261998014907278
64,0.006,0.009,500000.0,0.000127,1.0,25.0,350.0,0.0012968487071332,7135.476940330431,351.11917342151344,121.3740452420856,0.0,0.0002968794845325,0.2093081251559184,0.0483485947598582,63.5,2.952415414266459e-09,5.231611577809485e-10,1248.5680000000002,1.763287002340089,8.552347703780008e-05,0.00148,6.65847e-07,0.0154111111111111,0.0157,6.76e-06,0.0805555555555555,0.023,9e-06,0.0031111111111111,0.0401799999999999,0.0990777777777777,10000000.0,6.49229466580689e-10,27.0,3.0,,0.0801451222455848,3.578129049770325,0.0154267025607184,0.0406344081504753,0.134725754967092,82.74711562140547,1.0,1.3442964008468539
65,0.006,0.009,500000.0,0.000127,1.0,25.0,400.0,0.001791641776641,7135.476940330431,385.3528593710531,137.6180487214948,0.0,0.0003366121256428,0.3663256866677029,0.0667952720600199,63.5,3.942001553282041e-09,6.194008837655614e-10,1248.5680000000002,1.663269531269784,0.0001196758566992,0.00148,6.65847e-07,0.0154111111111111,0.0157,6.76e-06,0.0805555555555555,0.023,9e-06,0.0031111111111111,0.0401799999999999,0.0990777777777777,10000000.0,8.658663969779756e-10,30.0,3.0,,0.1187646652365507,3.517139782373272,0.023146862990725,0.1405857493711322,0.1893796770044585,268.20318839674286,1.0,4.363973958120502
66,0.006,0.009,500000.0,0.000127,1.0,30.0,350.0,0.0018800696818399,8562.572328396516,351.11917342151344,124.2400726400401,0.0,0.0002532414614816,0.2172822426362092,0.0700920058504852,63.5,4.278996727359906e-09,6.80609572974718e-10,1200.5261908960142,1.3811167226318408,0.0001186163883244,0.00148,6.65847e-07,0.0154111111111111,0.0157,6.76e-06,0.0805555555555555,0.023,9e-06,0.0031111111111111,0.0401799999999999,0.0990777777777777,10000000.0,5.05003066467848e-10,28.0,4.0,,0.0646497954561579,3.584504286518929,0.0146197105672241,0.042360441329566,0.1285842878328355,86.87423853290032,1.0,1.4113449793273334
67,0.006,0.009,500000.0,0.000127,1.0,30.0,375.0,0.0022255935788631,8562.572328396516,351.11917342151344,126.04768590116596,0.0,0.0002569259620965,0.2739966372551335,0.0829736895697436,63.5,5.58589445583147e-09,8.338898893388952e-10,1098.488856151583,0.8751207013187472,0.0001511625997601,0.00148,6.65847e-07,0.0154111111111111,0.0157,6.76e-06,0.0805555555555555,0.023,9e-06,0.0031111111111111,0.0401799999999999,0.0990777777777777,10000000.0,6.778849190120954e-10,28.0,4.0,,0.0867818915704274,3.549060760363934,0.0191062328653248,0.0640610561149624,0.1616651250990522,126.39118219495984,1.0,2.0533309252111573
68,0.006,0.009,500000.0,0.000127,1.0,30.0,400.0,0.0025961917718677,8562.572328396516,385.3528593710531,138.38940492864495,0.0,0.0002820823781973,0.3751138053934184,0.0967901831620652,63.5,6.944754496848473e-09,9.390854217505714e-10,1049.0757637509646,0.7339882621314112,0.0002009646938575,0.00148,6.65847e-07,0.0154111111111111,0.0157,6.76e-06,0.0805555555555555,0.023,9e-06,0.0031111111111111,0.0401799999999999,0.0990777777777777,10000000.0,8.466676592449685e-10,32.0,4.0,,0.1238733999829311,3.477656854666098,0.0281447019410002,0.114270222248422,0.2212242836581506,209.43565608111345,1.0,3.4026043697288793
69,0.006,0.009,500000.0,0.000127,1.0,35.0,325.0,0.0021398939808554,9989.667716462602,319.92671377973846,125.1182917966142,0.0,0.0002185984767764,0.2278463731914355,0.079778671436662,63.5,5.271662596470128e-09,8.095637727791e-10,1109.9154692192683,0.9077571078973428,0.0001315550862552,0.00148,6.65847e-07,0.0154111111111111,0.0157,6.76e-06,0.0805555555555555,0.023,9e-06,0.0031111111111111,0.0401799999999999,0.0990777777777777,10000000.0,5.713783459468424e-10,28.0,4.0,,0.0731470671097261,3.5706711975597143,0.0163707344861121,0.0347406346450473,0.141801173225102,70.16666141550553,1.0,1.1399163546904765
70,0.006,0.009,550000.0,0.000127,1.0,25.0,350.0,0.0010717757910191,6486.797218482209,351.11917342151344,121.37404524208571,0.0,0.0003265674329857,0.2368594888276889,0.0399575163304613,69.85,2.502269582038396e-09,4.793833502321892e-10,1248.5680000000002,1.80878324160338,8.196146088416541e-05,0.00148,6.65847e-07,0.0154111111111111,0.0157,6.76e-06,0.0805555555555555,0.023,9e-06,0.0031111111111111,0.0401799999999999,0.0990777777777777,10000000.0,7.787215526078743e-10,30.0,3.0,,0.1068116337933295,3.545943093120406,0.0195008742885562,0.0499103387038979,0.1644551860620519,98.14437498455796,1.0,1.594437812899714
71,0.006,0.009,550000.0,0.000127,1.0,25.0,375.0,0.0012690687942881,6486.797218482209,351.11917342151344,122.03933989510789,0.0,0.0003283574661562,0.2015343141436341,0.0473129151611315,69.85,2.896855588576215e-09,5.17757825833008e-10,1248.5680000000002,1.768902433922602,9.258045825832652e-05,0.00148,6.65847e-07,0.0154111111111111,0.0157,6.76e-06,0.0805555555555555,0.023,9e-06,0.0031111111111111,0.0401799999999999,0.0990777777777777,10000000.0,4.4601980956521615e-10,32.0,4.0,,0.0652558175185916,3.586805095821273,0.0143284688833831,0.0487855814639109,0.1263463813082029,100.30807922051297,1.0,1.62958900572504
72,0.006,0.009,550000.0,0.000127,1.0,25.0,400.0,0.0014806956831743,6486.797218482209,385.3528593710531,137.61804872149483,0.0,0.0003702733382071,0.3592040097675382,0.0552027041818346,69.85,3.320109366348795e-09,5.589203138558362e-10,1248.5680000000002,1.7261241746031273,0.0001132658617105,0.00148,6.65847e-07,0.0154111111111111,0.0157,6.76e-06,0.0805555555555555,0.023,9e-06,0.0031111111111111,0.0401799999999999,0.0990777777777777,10000000.0,1.0582591818752283e-09,33.0,3.0,,0.1596691795620358,3.470439958258064,0.0290582331318906,0.1041521260236678,0.2267764770075117,189.53016718432357,1.0,3.0791004405440514
73,0.006,0.009,550000.0,0.000127,1.0,30.0,350.0,0.0015537765965619,7784.156662178651,351.11917342151344,124.24007264004004,0.0,0.0002785656076298,0.2265440258175432,0.0579272775623844,69.85,3.466271193123926e-09,5.731349169142847e-10,1248.5680000000002,1.7113515987709649,0.0001079073780074,0.00148,6.65847e-07,0.0154111111111111,0.0157,6.76e-06,0.0805555555555555,0.023,9e-06,0.0031111111111111,0.0401799999999999,0.0990777777777777,10000000.0,5.330109026768651e-10,32.0,4.0,,0.0779832228402751,3.5664583173645976,0.0169040104601775,0.0504535254148835,0.1457471101022882,101.43389979210951,1.0,1.6478789066005224
74,0.006,0.009,550000.0,0.000127,1.0,30.0,375.0,0.0018393335362505,7784.156662178651,351.11917342151344,126.047685901166,0.0,0.0002826185583062,0.2703752205424923,0.0685732971650772,69.85,4.1160521450020675e-09,6.50296218331923e-10,1224.96787824969,1.523804849233864,0.0001257400879614,0.00148,6.65847e-07,0.0154111111111111,0.0157,6.76e-06,0.0805555555555555,0.023,9e-06,0.0031111111111111,0.0401799999999999,0.0990777777777777,10000000.0,6.405678561492465e-10,32.0,4.0,,0.0937195573665179,3.542009859132567,0.0199987520085358,0.067902366010897,0.1679487304880668,132.96585892770395,1.0,2.160142077098618
75,0.006,0.009,550000.0,0.000127,1.0,30.0,400.0,0.0021456130346014,7784.156662178651,385.3528593710531,138.389404928645,0.0,0.000310290616017,0.381189869807889,0.0799918869107977,69.85,5.292632460205351e-09,8.11187145248406e-10,1109.1529287198057,0.90557915878629,0.0001731457774137,0.00148,6.65847e-07,0.0154111111111111,0.0157,6.76e-06,0.0805555555555555,0.023,9e-06,0.0031111111111111,0.0401799999999999,0.0990777777777777,10000000.0,9.693732437957326e-10,32.0,4.0,,0.1418260851826363,3.471777189009696,0.0288889634164942,0.1191918977144548,0.2257536852691795,217.18560146016503,1.0,3.52863461623839
76,0.006,0.009,550000.0,0.000127,1.0,35.0,325.0,0.0017685074221946,9081.516105875093,319.92671377973846,125.1182917966141,0.0,0.0002404583244541,0.2430867737059374,0.0659327863112908,69.85,3.895732844389234e-09,6.149011361539636e-10,1248.568,1.6679459096775804,0.0001096258786659,0.00148,6.65847e-07,0.0154111111111111,0.0157,6.76e-06,0.0805555555555555,0.023,9e-06,0.0031111111111111,0.0401799999999999,0.0990777777777777,10000000.0,5.430646294852638e-10,32.0,4.0,,0.0794541533862304,3.564140312659654,0.017197428777259,0.0575198340084161,0.1479028013518854,115.34848907382565,1.0,1.8739330978613427
77,0.006,0.009,600000.0,0.000127,1.0,25.0,375.0,0.0010663703063115,5946.230783608694,351.11917342151344,122.03933989510811,0.0,0.0003582081448977,0.2102084807547045,0.039755991211784,76.2,2.491458612623068e-09,4.78331956429125e-10,1248.5680000000002,1.8098759062821863,8.909514565549605e-05,0.00148,6.65847e-07,0.0154111111111111,0.0157,6.76e-06,0.0805555555555555,0.023,9e-06,0.0031111111111111,0.0401799999999999,0.0990777777777777,10000000.0,5.121055835156187e-10,36.0,4.0,,0.0842902069939752,3.561335485041589,0.0175524702479001,0.0459822825489452,0.1504967240062436,91.93073498230738,1.0,1.4934920116050168
78,0.006,0.009,600000.0,0.000127,1.0,25.0,400.0,0.0012441956782229,5946.230783608694,385.3528593710531,137.6180487214949,0.0,0.0004039345507714,0.3524419742296054,0.046385605597236,76.2,2.847109356445863e-09,5.129198803927514e-10,1248.5680000000002,1.7739302856040169,0.000108316517716,0.00148,6.65847e-07,0.0154111111111111,0.0157,6.76e-06,0.0805555555555555,0.023,9e-06,0.0031111111111111,0.0401799999999999,0.0990777777777777,10000000.0,6.467079539715392e-10,36.0,4.0,,0.1064451336981931,3.5281615154515715,0.0217517069048643,0.1594312349341762,0.1800198599041874,307.6676912364134,1.0,5.038510107808904
79,0.006,0.009,600000.0,0.000127,1.0,30.0,325.0,0.0010828029131777,7135.476940330432,319.92671377973846,124.22765403161053,0.0,0.0003038593780081,0.2197268738665735,0.0403686250879266,76.2,2.5243238263554473e-09,4.815281806276332e-10,1248.5680000000002,1.806554219130255,8.290755319398048e-05,0.00148,6.65847e-07,0.0154111111111111,0.0157,6.76e-06,0.0805555555555555,0.023,9e-06,0.0031111111111111,0.0401799999999999,0.0990777777777777,10000000.0,4.710470658759648e-10,36.0,4.0,,0.077532165171909,3.5717077121018,0.0162395301136962,0.0616460836067379,0.1408247418416962,124.65003408043418,1.0,2.0250445109213047
80,0.006,0.009,600000.0,0.000127,1.0,30.0,350.0,0.0013056039457222,7135.476940330432,351.11917342151344,124.24007264004024,0.0,0.000303889753778,0.2336119058196395,0.048675004062837,76.2,2.969925891444413e-09,5.248640954626979e-10,1248.5680000000002,1.7615172184117134,0.0001031423103387,0.00148,6.65847e-07,0.0154111111111111,0.0157,6.76e-06,0.0805555555555555,0.023,9e-06,0.0031111111111111,0.0401799999999999,0.0990777777777777,10000000.0,6.093522207779574e-10,36.0,4.0,,0.1002965530448001,3.5372432099942666,0.0206021253171814,0.0444603487120024,0.1721435661661159,86.62296430161594,1.0,1.4072628183697644
81,0.006,0.009,600000.0,0.000127,1.0,30.0,375.0,0.0015455510964327,7135.476940330432,351.11917342151344,126.04768590116616,0.0,0.0003083111545159,0.2761111588402195,0.0576206177567663,76.2,3.449820192865452e-09,5.715350160116474e-10,1248.568,1.7130143013670889,0.0001172340332454,0.00148,6.65847e-07,0.0154111111111111,0.0157,6.76e-06,0.0805555555555555,0.023,9e-06,0.0031111111111111,0.0401799999999999,0.0990777777777777,10000000.0,7.132284366335004e-10,36.0,4.0,,0.1173940970241219,3.5122205864323277,0.0237695460212244,0.0609164440593312,0.1934885131084759,115.62460170151893,1.0,1.8784187794424394
82,0.006,0.009,600000.0,0.000127,1.0,30.0,400.0,0.0018029109526859,7135.476940330432,385.3528593710531,138.38940492864498,0.0,0.0003384988538367,0.398703215901144,0.0672154049736564,76.2,3.97036181074379e-09,6.23192753420768e-10,1246.8214283884315,1.6513836895888234,0.000144555458744,0.00148,6.65847e-07,0.0154111111111111,0.0157,6.76e-06,0.0805555555555555,0.023,9e-06,0.0031111111111111,0.0401799999999999,0.0990777777777777,10000000.0,9.36889576702155e-10,36.0,4.0,,0.154207684689917,3.4606984832488807,0.0302913312343189,0.1371001262375705,0.2341465552760864,247.10906266225211,1.0,4.016592184469219
83,0.006,0.0095,400000.0,0.000127,1.0,20.0,300.0,0.0011491113518242,7135.476940330428,291.5053062825179,116.79238201275554,0.0,0.0002856727902585,0.1567902935335999,0.0428407097741707,50.8,2.65694070364849e-09,4.944255034865749e-10,1248.5680000000002,1.7931506313422472,5.308283545199619e-05,0.00148,6.65847e-07,0.0154111111111111,0.0157,6.76e-06,0.0805555555555555,0.023,9e-06,0.0031111111111111,0.0401799999999999,0.0990777777777777,10000000.0,4.98131358105024e-10,22.0,2.0,,0.014621813012028,3.625321113494344,0.0094530236083108,0.059147770747401,0.0870999153013031,127.07694828727452,1.0,2.064471771729695
84,0.006,0.0095,400000.0,0.000127,1.0,20.0,350.0,0.0016769290218943,7135.476940330428,351.11917342151344,116.5776222136802,0.0,0.0002851474903204,0.2800198204949692,0.0625185970226575,50.8,3.712576043788761e-09,5.970886794035665e-10,1248.5680000000002,1.68645756751427,8.33003026196457e-05,0.00148,6.65847e-07,0.0154111111111111,0.0157,6.76e-06,0.0805555555555555,0.023,9e-06,0.0031111111111111,0.0401799999999999,0.0990777777777777,10000000.0,8.292609700834717e-10,22.0,2.0,,0.0243415690368504,3.5785853938222423,0.0153689374908554,0.1529796544354611,0.1342890222299604,311.68201924379935,1.0,5.110539773602385
85,0.006,0.0095,400000.0,0.000127,1.0,20.0,375.0,0.0019724612195541,7135.476940330428,351.11917342151344,116.54623779973193,0.0,0.0002850707244137,0.2675386622871519,0.0735365102029294,50.8,4.648562878216534e-09,7.49361719457793e-10,1145.09126826752,1.0574931878189542,0.000102705437411,0.00148,6.65847e-07,0.0154111111111111,0.0157,6.76e-06,0.0805555555555555,0.023,9e-06,0.0031111111111111,0.0401799999999999,0.0990777777777777,10000000.0,4.217049844945538e-10,24.0,3.0,,0.0462737914180581,3.613735582345769,0.0109195465385102,0.1075483606661643,0.0992710196032772,227.98332306410373,1.0,3.704384263475518
86,0.006,0.0095,400000.0,0.000127,1.0,20.0,400.0,0.0022895052282285,7135.476940330428,385.3528593710531,134.46100351272275,0.0,0.0003288900302611,0.4349160939928063,0.0853564181167244,50.8,5.820237170171243e-09,8.52031424050093e-10,1089.9673029028638,0.8507816539685871,0.0001370531496131,0.00148,6.65847e-07,0.0154111111111111,0.0157,6.76e-06,0.0805555555555555,0.023,9e-06,0.0031111111111111,0.0401799999999999,0.0990777777777777,10000000.0,5.81267305018231e-10,24.0,3.0,,0.0637826039993079,3.583252115370457,0.0147782132442458,0.2455970718767739,0.1297974143616851,502.9776675168346,1.0,13.1066995556759
87,0.006,0.0095,400000.0,0.000127,1.0,25.0,300.0,0.0018070001452898,8919.346175413035,291.5053062825179,117.92338578296552,0.0,0.0002307513697232,0.1942847267515826,0.0673678566166393,50.8,3.986718581159532e-09,6.262356811158684e-10,1244.36791282607,1.6370603110873148,7.472305602451585e-05,0.00148,6.65847e-07,0.0154111111111111,0.0157,6.76e-06,0.0805555555555555,0.023,9e-06,0.0031111111111111,0.0401799999999999,0.0990777777777777,10000000.0,7.308782519753662e-10,22.0,2.0,,0.0214537088682712,3.5922413714334955,0.0136403327299372,0.0652831612666719,0.1210127872841132,135.04822553845585,1.0,2.1939718757175184
88,0.006,0.0095,400000.0,0.000127,1.0,25.0,325.0,0.0022049370127672,8919.346175413035,319.92671377973846,123.6393746637972,0.0,0.0002419363628848,0.2317706814499364,0.0822035797351821,50.8,5.5101537134797845e-09,8.280264541973491e-10,1101.2430649643716,0.8829872036746136,0.0001094200004737,0.00148,6.65847e-07,0.0154111111111111,0.0157,6.76e-06,0.0805555555555555,0.023,9e-06,0.0031111111111111,0.0401799999999999,0.0990777777777777,10000000.0,4.5205715693480935e-10,24.0,3.0,,0.0496043427471318,3.6078505324048495,0.0116644895690064,0.0597827589676223,0.1053300591406498,125.87629411889928,1.0,2.044966135707147
89,0.006,0.0095,400000.0,0.000127,1.0,25.0,350.0,0.0026356584957211,8919.346175413035,351.11917342151344,120.75933760004048,0.0,0.0002363007335064,0.3079115446801936,0.0982615657740777,50.8,7.030034991442304e-09,9.383526306151435e-10,1037.8704512836543,0.7347270631661563,0.0001485521252796,0.00148,6.65847e-07,0.0154111111111111,0.0157,6.76e-06,0.0805555555555555,0.023,9e-06,0.0031111111111111,0.0401799999999999,0.0990777777777777,10000000.0,6.372153301930992e-10,24.0,3.0,,0.0699217945291451,3.5728237662924647,0.0160982574313335,0.0995481843769707,0.1397708941977896,201.53599546403905,1.0,3.2741955534566882
90,0.006,0.0095,400000.0,0.000127,1.0,25.0,400.0,0.0035972512537132,8919.346175413035,385.3528593710531,135.1301442765301,0.0,0.000264421392548,0.3898047686919278,0.1341112823404342,50.8,8.953220507426413e-09,8.894412149798775e-10,749.3926238860382,0.7937589220483693,0.0001991124252415,0.00148,6.65847e-07,0.0154111111111111,0.0157,6.76e-06,0.0805555555555555,0.023,9e-06,0.0031111111111111,0.0401799999999999,0.0990777777777777,10000000.0,9.007420199457148e-10,24.0,3.0,,0.0988386428545681,3.5254254688774567,0.0220980419142459,0.1166748434969254,0.1823634613771096,224.51360666291976,1.0,3.647883226087023
91,0.006,0.0095,400000.0,0.000127,1.0,30.0,325.0,0.003198717087648,10703.21541049564,319.92671377973846,124.48320436304026,0.0,0.0002029896340717,0.2673974349888267,0.1192532909748589,50.8,8.156152175296067e-09,9.097126553367828e-10,868.95287370559,0.7692930424383502,0.0001537470229403,0.00148,6.65847e-07,0.0154111111111111,0.0157,6.76e-06,0.0805555555555555,0.023,9e-06,0.0031111111111111,0.0401799999999999,0.0990777777777777,10000000.0,6.629400977206856e-10,24.0,3.0,,0.0727445795817722,3.5680729447922093,0.0166996272414925,0.0352195644321955,0.1442390873997653,70.93189706261845,1.0,1.1523482505757694
92,0.006,0.0095,400000.0,0.000127,1.0,30.0,400.0,0.0052150361757188,10703.21541049564,385.3528593710531,135.9033845594569,0.0,0.0002216120515373,0.4708727572832414,0.1944248926886786,50.8,1.2618862702875276e-08,8.38378633106719e-10,324.7868038861603,0.8701591557980782,0.0002698662712827,0.00148,6.65847e-07,0.0154111111111111,0.0157,6.76e-06,0.0805555555555555,0.023,9e-06,0.0031111111111111,0.0401799999999999,0.0990777777777777,10000000.0,7.357876084372005e-10,24.0,4.0,,0.0807381548065496,3.528419483456262,0.0217190527270554,0.1555297097880131,0.1797982003028335,300.21972863326016,1.0,4.907059646041813
93,0.006,0.0095,450000.0,0.000127,1.0,20.0,325.0,0.0011082035145469,6342.646169182605,319.92671377973846,122.8513959770888,0.0,0.0003380547004008,0.2325901085700299,0.0413156001479354,57.15,2.5751250290939994e-09,4.864687245969642e-10,1248.5680000000002,1.8014197415694695,6.319953343979147e-05,0.00148,6.65847e-07,0.0154111111111111,0.0157,6.76e-06,0.0805555555555555,0.023,9e-06,0.0031111111111111,0.0401799999999999,0.0990777777777777,10000000.0,8.617411850873367e-10,24.0,2.0,,0.0275945142904632,3.5700942452838205,0.0164437664197695,0.1234999941316312,0.1423437206799277,249.2788067755253,1.0,4.052131852834425
94,0.006,0.0095,450000.0,0.000127,1.0,20.0,350.0,0.0013249809555708,6342.646169182605,351.11917342151344,116.57762221367967,0.0,0.0003207909266105,0.2792714487411992,0.0493974099932108,57.15,3.008679911141732e-09,5.286330207633114e-10,1248.5680000000002,1.7576003496409052,7.821015576789954e-05,0.00148,6.65847e-07,0.0154111111111111,0.0157,6.76e-06,0.0805555555555555,0.023,9e-06,0.0031111111111111,0.0401799999999999,0.0990777777777777,10000000.0,4.654931625549756e-10,24.0,3.0,,0.0510786789404889,3.6169501267957296,0.0105126421777557,0.1386153598074994,0.0959266529138341,294.9308287587792,1.0,4.815198899809684
95,0.006,0.0095,450000.0,0.000127,1.0,20.0,375.0,0.0015584878771785,6342.646169182605,351.11917342151344,116.5462377997317,0.0,0.0003207045649654,0.2681404707166376,0.0581029216418207,57.15,3.475693754357151e-09,5.740512845506189e-10,1248.5680000000002,1.7103992605071228,8.849538534422144e-05,0.00148,6.65847e-07,0.0154111111111111,0.0157,6.76e-06,0.0805555555555555,0.023,9e-06,0.0031111111111111,0.0401799999999999,0.0990777777777777,10000000.0,4.691053459633083e-10,27.0,3.0,,0.0579094253011913,3.600988234614434,0.0125331348589323,0.1119481237736254,0.112293095386894,233.87918172469548,1.0,3.800468866610296
96,0.006,0.0095,450000.0,0.000127,1.0,20.0,400.0,0.0018089917852669,6342.646169182605,385.3528593710531,134.46100351272273,0.0,0.0003700012840437,0.4048705633731595,0.0674421081416093,57.15,3.994685141067913e-09,6.27717738096784e-10,1243.172928839813,1.6300841140739442,0.0001090518823204,0.00148,6.65847e-07,0.0154111111111111,0.0157,6.76e-06,0.0805555555555555,0.023,9e-06,0.0031111111111111,0.0401799999999999,0.0990777777777777,10000000.0,5.933234149492507e-10,27.0,3.0,,0.0732437143876395,3.5764583988014595,0.0156381773669039,0.2240047408439105,0.1363208574359231,455.3179691774026,1.0,9.598355839360346
97,0.006,0.0095,450000.0,0.000127,1.0,25.0,300.0,0.0014277532012166,7928.307711478257,291.5053062825179,117.92338578296552,0.0,0.0002595952909386,0.1880956937290945,0.0532289237464804,57.15,3.214224402433398e-09,5.486227364026541e-10,1248.5680000000002,1.7368259679060567,6.990193205892092e-05,0.00148,6.65847e-07,0.0154111111111111,0.0157,6.76e-06,0.0805555555555555,0.023,9e-06,0.0031111111111111,0.0401799999999999,0.0990777777777777,10000000.0,4.102010466499671e-10,24.0,3.0,,0.0450114614957672,3.6263458148542,0.0093233145754177,0.0496753084868467,0.0860075703392388,106.85339367346693,1.0,1.7359231370871302
98,0.006,0.0095,450000.0,0.000127,1.0,25.0,325.0,0.0017421724545321,7928.307711478257,319.92671377973846,123.63937466379704,0.0,0.0002721784082454,0.2266798494456743,0.0649509765808846,57.15,3.8430629090642355e-09,6.097788532687692e-10,1248.568,1.6732692600408778,8.863701347728259e-05,0.00148,6.65847e-07,0.0154111111111111,0.0157,6.76e-06,0.0805555555555555,0.023,9e-06,0.0031111111111111,0.0401799999999999,0.0990777777777777,10000000.0,4.699381858392163e-10,27.0,3.0,,0.0580122364906113,3.6008215381945514,0.0125542356715757,0.0635366363741783,0.1124608907754899,132.71403922678613,1.0,2.156051054156857
99,0.006,0.0095,450000.0,0.000127,1.0,25.0,350.0,0.0020824956015574,7928.307711478257,351.11917342151344,120.7593376000408,0.0,0.0002658383251947,0.2977266693659959,0.0776387680190245,57.15,5.0612018723773445e-09,7.932710514874229e-10,1117.5685864590057,0.9296157500295504,0.0001247021834738,0.00148,6.65847e-07,0.0154111111111111,0.0157,6.76e-06,0.0805555555555555,0.023,9e-06,0.0031111111111111,0.0401799999999999,0.0990777777777777,10000000.0,6.927492955993175e-10,27.0,3.0,,0.0855174939513466,3.557295843451047,0.0180638172846776,0.0943904073956247,0.1542049796662468,187.88760606663556,1.0,3.0524120149909355
100,0.006,0.0095,450000.0,0.000127,1.0,25.0,400.0,0.0028422725955264,7928.307711478257,385.3528593710531,135.1301442765301,0.0,0.0002974740666165,0.3984937033169164,0.1059644699973802,57.15,7.4432631910529725e-09,9.278432044285451e-10,975.886221342054,0.7474110338818392,0.0001915978142611,0.00148,6.65847e-07,0.0154111111111111,0.0157,6.76e-06,0.0805555555555555,0.023,9e-06,0.0031111111111111,0.0401799999999999,0.0990777777777777,10000000.0,6.213710203318821e-10,28.0,4.0,,0.0795470602739357,3.540887103702184,0.0201408729490906,0.1728021730456005,0.1689406215075667,337.9764212444153,1.0,5.610724454527496
101,0.006,0.0095,450000.0,0.000127,1.0,30.0,325.0,0.0025273814025861,9513.969253773908,319.92671377973846,124.48320436304016,0.0,0.0002283633383307,0.2724052238143748,0.094224822498654,57.15,6.692449809482375e-09,9.195533690620736e-10,1058.2504796551864,0.7601928563291518,0.0001463868553681,0.00148,6.65847e-07,0.0154111111111111,0.0157,6.76e-06,0.0805555555555555,0.023,9e-06,0.0031111111111111,0.0401799999999999,0.0990777777777777,10000000.0,8.383835735043997e-10,27.0,3.0,,0.1034955396295917,3.5299546217439377,0.021524731424818,0.0345048616861289,0.1784766466894934,66.71221384882635,1.0,1.0837959522338172
102,0.006,0.0095,450000.0,0.000127,1.0,30.0,350.0,0.0030202742275261,9513.969253773908,351.11917342151344,123.58805969024093,0.0,0.000226721203339,0.3114436290141902,0.1126006556409406,57.15,7.799266455052395e-09,9.187891514168799e-10,922.4857317421408,0.7583384947364241,0.0001821621676409,0.00148,6.65847e-07,0.0154111111111111,0.0157,6.76e-06,0.0805555555555555,0.023,9e-06,0.0031111111111111,0.0401799999999999,0.0990777777777777,10000000.0,5.854415440318808e-10,28.0,4.0,,0.0749474183155441,3.5492527341499867,0.0190819323860776,0.0837155550577053,0.1614927148993192,165.20308376272428,1.0,2.6838643001751206
103,0.006,0.0095,450000.0,0.000127,1.0,30.0,375.0,0.0035511230437571,9513.969253773908,351.11917342151344,125.5536930136629,0.0,0.0002303271403002,0.2967773054383742,0.1323915488681365,57.15,8.860964087514298e-09,8.917875263792927e-10,763.2310868728554,0.7909271266152369,0.0002029220832124,0.00148,6.65847e-07,0.0154111111111111,0.0157,6.76e-06,0.0805555555555555,0.023,9e-06,0.0031111111111111,0.0401799999999999,0.0990777777777777,10000000.0,6.654336807942122e-10,28.0,4.0,,0.0851879012416314,3.5307534106648,0.0214236189031899,0.0390178553286062,0.1777873078094673,75.50100267061809,1.0,1.2265772092264342
104,0.006,0.0095,450000.0,0.000127,1.0,30.0,400.0,0.0041205224104445,9513.969253773908,385.3528593710531,135.90338455945692,0.0,0.0002493135579795,0.4283306470578512,0.1536196682972278,57.15,9.999762820889013e-09,8.6282502759274e-10,592.4112768666487,0.8258823639363847,0.0002464603230026,0.00148,6.65847e-07,0.0154111111111111,0.0157,6.76e-06,0.0805555555555555,0.023,9e-06,0.0031111111111111,0.0401799999999999,0.0990777777777777,10000000.0,8.454227919117937e-10,28.0,4.0,,0.1082298587875034,3.490740504384478,0.0264885437488002,0.1263011199731198,0.2109526139395075,234.53919795273143,1.0,3.8112322038754165
105,0.006,0.0095,500000.0,0.000127,1.0,20.0,350.0,0.0010732345740124,5708.3815522643445,351.11917342151344,116.57762221367996,0.0,0.0003564343629005,0.2670317474567716,0.0400119020945008,63.5,2.505187148024807e-09,4.796670908182821e-10,1248.5680000000002,1.8084883632091329,7.458179049022128e-05,0.00148,6.65847e-07,0.0154111111111111,0.0157,6.76e-06,0.0805555555555555,0.023,9e-06,0.0031111111111111,0.0401799999999999,0.0990777777777777,10000000.0,5.519549362932252e-10,27.0,3.0,,0.0681369194104141,3.5952902952317407,0.0132543930086404,0.1187029259518567,0.1179928502747585,246.39885102230983,1.0,4.004966085509322
106,0.006,0.0095,500000.0,0.000127,1.0,20.0,375.0,0.0012623751805146,5708.3815522643445,351.11917342151344,116.5462377997318,0.0,0.0003563384055171,0.2765287212057634,0.0470633665298748,63.5,2.8834683610292942e-09,5.164558844860013e-10,1248.5680000000002,1.7702554810107691,8.383650219054218e-05,0.00148,6.65847e-07,0.0154111111111111,0.0157,6.76e-06,0.0805555555555555,0.023,9e-06,0.0031111111111111,0.0401799999999999,0.0990777777777777,10000000.0,6.33868424926204e-10,27.0,3.0,,0.0782488550171391,3.580815069770745,0.0150867000290195,0.1110364996587492,0.132148811248899,226.78596483905164,1.0,3.684883123956032
107,0.006,0.0095,500000.0,0.000127,1.0,20.0,400.0,0.0014652833460662,5708.3815522643445,385.3528593710531,134.46100351272275,0.0,0.0004111125378263,0.4153532536164018,0.0546281075947036,63.5,3.2892846921325076e-09,5.559225372266167e-10,1248.5680000000002,1.7292396244261676,0.0001021409327803,0.00148,6.65847e-07,0.0154111111111111,0.0157,6.76e-06,0.0805555555555555,0.023,9e-06,0.0031111111111111,0.0401799999999999,0.0990777777777777,10000000.0,7.14934235799228e-10,30.0,3.0,,0.0980623863880056,3.546643437968446,0.0194122230419689,0.2224827596336925,0.1638300523898201,437.8204732451516,1.0,8.681454298621649
108,0.006,0.0095,500000.0,0.000127,1.0,25.0,300.0,0.0011564800929855,7135.476940330431,291.5053062825179,117.92338578296548,0.0,0.000288439212154,0.1877002503618335,0.0431154282346492,63.5,2.671678185971054e-09,4.958587604861498e-10,1248.5680000000002,1.7916611140039056,6.665273146746785e-05,0.00148,6.65847e-07,0.0154111111111111,0.0157,6.76e-06,0.0805555555555555,0.023,9e-06,0.0031111111111111,0.0401799999999999,0.0990777777777777,10000000.0,5.845102399491986e-10,24.0,4.0,,0.064138452044969,3.611184161484033,0.0112425112045527,0.0402663700822152,0.1019079201864076,85.10762977806522,1.0,1.382644936153683
109,0.006,0.0095,500000.0,0.000127,1.0,25.0,325.0,0.001411159688171,7135.476940330431,319.92671377973846,123.639374663797,0.0,0.000302420453606,0.2266798494456743,0.0526102910305165,63.5,3.1810373763420315e-09,5.45395215147703e-10,1248.5680000000002,1.740180180633111,8.372654022691636e-05,0.00148,6.65847e-07,0.0154111111111111,0.0157,6.76e-06,0.0805555555555555,0.023,9e-06,0.0031111111111111,0.0401799999999999,0.0990777777777777,10000000.0,6.328719265325042e-10,27.0,3.0,,0.0781258407522426,3.580989624732094,0.0150646044642919,0.0557637176629151,0.1319808135101245,113.9163845642634,1.0,1.8506673570952497
110,0.006,0.0095,500000.0,0.000127,1.0,25.0,350.0,0.0016868214372615,7135.476940330431,351.11917342151344,120.75933760004052,0.0,0.000295375916883,0.2993631388856983,0.0628874020954097,63.5,3.732360874523078e-09,5.990128036545552e-10,1248.5680000000002,1.6844579146719527,0.0001046095824804,0.00148,6.65847e-07,0.0154111111111111,0.0157,6.76e-06,0.0805555555555555,0.023,9e-06,0.0031111111111111,0.0401799999999999,0.0990777777777777,10000000.0,7.355254683573412e-10,30.0,3.0,,0.100886737639085,3.5425638646652446,0.0199286247259183,0.0954089991512036,0.1674584249809537,186.939216837592,1.0,3.037002770551283
111,0.006,0.0095,500000.0,0.000127,1.0,25.0,375.0,0.0019837362363667,7135.476940330431,351.11917342151344,121.945562973477,0.0,0.0002982774101694,0.2804054247671778,0.0739568608697294,63.5,4.693662945466869e-09,7.577518991936921e-10,1138.3262581799695,1.0179997354288446,0.0001295731421211,0.00148,6.65847e-07,0.0154111111111111,0.0157,6.76e-06,0.0805555555555555,0.023,9e-06,0.0031111111111111,0.0401799999999999,0.0990777777777777,10000000.0,9.562855038927879e-10,30.0,3.0,,0.1311668037202765,3.4998980138774973,0.0253293653319623,0.0351017601771718,0.2036005706651361,65.79077213664047,1.0,1.0688263576083192
112,0.006,0.0095,500000.0,0.000127,1.0,25.0,400.0,0.0023022408023764,7135.476940330431,385.3528593710531,135.13014427653007,0.0,0.000330526740685,0.3902762025111661,0.0858312206978779,63.5,5.866934275380331e-09,8.556464592238976e-10,1088.2692263498063,0.8459316501696577,0.0001725476673428,0.00148,6.65847e-07,0.0154111111111111,0.0157,6.76e-06,0.0805555555555555,0.023,9e-06,0.0031111111111111,0.0401799999999999,0.0990777777777777,10000000.0,8.035337576682847e-10,28.0,4.0,,0.1028672824478382,3.5244535707780327,0.0222210669901224,0.1613976993654499,0.1831927338849883,310.2573514969524,1.0,5.084873538270491
113,0.006,0.0095,500000.0,0.000127,1.0,30.0,300.0,0.0016782937862958,8562.572328396516,291.5053062825179,118.9597365454072,0.0,0.0002424784282565,0.1994982395025055,0.0625694776231687,63.5,3.7153055725917752e-09,5.973541329034813e-10,1248.568,1.686181694038149,8.784526749211334e-05,0.00148,6.65847e-07,0.0154111111111111,0.0157,6.76e-06,0.0805555555555555,0.023,9e-06,0.0031111111111111,0.0401799999999999,0.0990777777777777,100000000.0,9.6362773608614e-11,24.0,4.0,,0.0105739107916286,3.5623763141685094,0.0174207197255051,0.0861748510877081,0.1495360034580207,172.48114364217815,1.0,2.8021046595049857
114,0.006,0.0095,500000.0,0.000127,1.0,30.0,350.0,0.0024464221242962,8562.572328396516,351.11917342151344,123.58805969024102,0.0,0.0002519124481544,0.3250408854459105,0.0912065310691619,63.5,6.39559912241947e-09,8.965728080552294e-10,1069.0450500938375,0.7910240385517661,0.0001706136963227,0.00148,6.65847e-07,0.0154111111111111,0.0157,6.76e-06,0.0805555555555555,0.023,9e-06,0.0031111111111111,0.0401799999999999,0.0990777777777777,10000000.0,7.917129585449235e-10,28.0,4.0,,0.1013540000616563,3.526728994752232,0.0219330386389579,0.0923003543150922,0.1812485799899509,177.8527492652694,1.0,2.8893740726062243
115,0.006,0.0095,500000.0,0.000127,1.0,30.0,375.0,0.0028764096654432,8562.572328396516,351.11917342151344,125.55369301366288,0.0,0.000255919044778,0.3106039311580639,0.1072371545831906,63.5,7.511537330886583e-09,9.26106822367227e-10,965.6451003670126,0.7495066972250085,0.0001961512114099,0.00148,6.65847e-07,0.0154111111111111,0.0157,6.76e-06,0.0805555555555555,0.023,9e-06,0.0031111111111111,0.0401799999999999,0.0990777777777777,10000000.0,9.56341251231072e-10,28.0,4.0,,0.1224294868362175,3.495748827119624,0.0258545788456172,0.0407572897386557,0.2069486203926748,76.0697116957935,1.0,1.23581636505599
116,0.006,0.0095,500000.0,0.000127,1.0,30.0,400.0,0.00333762315246,8562.572328396516,385.3528593710531,135.9033845594569,0.0,0.0002770150644217,0.4419942555263139,0.1244319313207545,63.5,8.433964304920097e-09,9.026471983501195e-10,827.2810542619856,0.7778204394551381,0.0002365091397979,0.00148,6.65847e-07,0.0154111111111111,0.0157,6.76e-06,0.0805555555555555,0.023,9e-06,0.0031111111111111,0.0401799999999999,0.0990777777777777,10000000.0,1.046249478000567e-09,32.0,4.0,,0.1530736159048197,3.432743292124228,0.0338299630222497,0.1243087083007395,0.2545371911268149,218.08845891621985,1.0,3.5433218956763355
117,0.006,0.0095,550000.0,0.000127,1.0,20.0,375.0,0.0010432852731525,5189.437774785767,351.11917342151344,116.54623779973213,0.0,0.0003919722460689,0.269132031923715,0.0388953442395659,69.85,2.4452885463051983e-09,4.738418020545463e-10,1248.568,1.8145423148849336,8.042818876766184e-05,0.00148,6.65847e-07,0.0154111111111111,0.0157,6.76e-06,0.0805555555555555,0.023,9e-06,0.0031111111111111,0.0401799999999999,0.0990777777777777,10000000.0,7.60336871118904e-10,30.0,3.0,,0.1042899392800203,3.5492937794650623,0.0190767367765744,0.0857667484041287,0.1614558432111281,169.25832196224127,1.0,2.749746033817477
118,0.006,0.0095,550000.0,0.000127,1.0,20.0,400.0,0.0012109779719555,5189.437774785767,385.3528593710531,134.46100351272273,0.0,0.000452223791609,0.418581979406148,0.0451471963592591,69.85,2.78067394391116e-09,5.064588704352201e-10,1248.5680000000002,1.780644912748899,9.732735636312693e-05,0.00148,6.65847e-07,0.0154111111111111,0.0157,6.76e-06,0.0805555555555555,0.023,9e-06,0.0031111111111111,0.0401799999999999,0.0990777777777777,10000000.0,8.704717500340996e-10,33.0,3.0,,0.1313359832263295,3.5076040516086167,0.0243539175178965,0.2019187998205593,0.1973068380820503,381.4445972866361,1.0,6.6273092735635935
119,0.006,0.0095,550000.0,0.000127,1.0,25.0,325.0,0.0011662476761743,6486.797218482209,319.92671377973846,123.639374663797,0.0,0.0003326624989666,0.2407849117735558,0.0434795793640632,69.85,2.691213352348784e-09,4.977586042543e-10,1248.5680000000002,1.7896866947381085,8.008968358669047e-05,0.00148,6.65847e-07,0.0154111111111111,0.0157,6.76e-06,0.0805555555555555,0.023,9e-06,0.0031111111111111,0.0401799999999999,0.0990777777777777,10000000.0,7.56306719063885e-10,30.0,3.0,,0.1037371523127269,3.5500299976795837,0.0189835445975211,0.0533881800967655,0.1607939350126483,105.44327327076348,1.0,1.7130145466401543
120,0.006,0.0095,550000.0,0.000127,1.0,25.0,350.0,0.0013940673035219,6486.797218482209,351.11917342151344,120.75933760004024,0.0,0.0003249135085713,0.2993631388856983,0.0519730595829832,69.85,3.146852607043862e-09,5.42070660871533e-10,1248.5680000000002,1.743635235266077,9.930925722747316e-05,0.00148,6.65847e-07,0.0154111111111111,0.0157,6.76e-06,0.0805555555555555,0.023,9e-06,0.0031111111111111,0.0401799999999999,0.0990777777777777,10000000.0,8.928135095704781e-10,33.0,3.0,,0.1347068875154136,3.503108993937465,0.0249229121598146,0.0725031917873014,0.2009901087837329,136.33721867323945,1.0,2.2149126551625
121,0.006,0.0095,600000.0,0.000127,1.0,20.0,400.0,0.0010175578792126,4756.984626886955,385.3528593710531,134.4610035127227,0.0,0.0004933350453916,0.4022578201529933,0.0379361858296553,76.2,2.393833758425352e-09,4.688376952962611e-10,1248.5680000000002,1.8197428502959496,9.370866602656588e-05,0.00148,6.65847e-07,0.0154111111111111,0.0157,6.76e-06,0.0805555555555555,0.023,9e-06,0.0031111111111111,0.0401799999999999,0.0990777777777777,10000000.0,1.072731473305351e-09,36.0,3.0,,0.1765666316565407,3.4563389949443595,0.0308431651969165,0.1475750026667972,0.2373994868781402,264.8591868933348,1.0,4.30856323862062
122,0.006,0.0095,600000.0,0.000127,1.0,25.0,375.0,0.0013775946085879,5946.230783608694,351.11917342151344,121.94556297347712,0.0,0.0003579328922032,0.2547951847249237,0.0513589311595342,76.2,3.113907217175995e-09,5.388666393434085e-10,1248.5680000000002,1.7469650258200222,0.0001073699785041,0.00148,6.65847e-07,0.0154111111111111,0.0157,6.76e-06,0.0805555555555555,0.023,9e-06,0.0031111111111111,0.0401799999999999,0.0990777777777777,10000000.0,6.398085874534212e-10,36.0,4.0,,0.1053095299269023,3.529831746686452,0.021540285229563,0.057946723638487,0.1785825828445956,112.02061210913332,1.0,1.8198689410776794
123,0.006,0.0095,600000.0,0.000127,1.0,25.0,400.0,0.0015987783349836,5946.230783608694,385.3528593710531,135.1301442765301,0.0,0.000396632088822,0.3923204963558042,0.0596050143735263,76.2,3.5562746699672967e-09,5.818879800459946e-10,1248.568,1.7022549473664057,0.0001311758383849,0.00148,6.65847e-07,0.0154111111111111,0.0157,6.76e-06,0.0805555555555555,0.023,9e-06,0.0031111111111111,0.0401799999999999,0.0990777777777777,10000000.0,8.232627851051341e-10,36.0,4.0,,0.135505241107827,3.486482970499282,0.0270274720886985,0.1570302408744508,0.2143247177838825,290.3564885819939,1.0,4.736591461811072
124,0.006,0.0095,600000.0,0.000127,1.0,30.0,300.0,0.0011654817960388,7135.476940330432,291.5053062825179,118.9597365454072,0.0,0.0002909741139078,0.2056138405327223,0.0434510261272005,76.2,2.689681592077621e-09,4.976096367385284e-10,1248.5680000000002,1.789841509748715,8.042186949692523e-05,0.00148,6.65847e-07,0.0154111111111111,0.0157,6.76e-06,0.0805555555555555,0.023,9e-06,0.0031111111111111,0.0401799999999999,0.0990777777777777,10000000.0,4.5483763827394267e-10,36.0,4.0,,0.0748641684700401,3.575835999316657,0.0157169621118155,0.0471186459354816,0.1369136088198092,95.70887665862294,1.0,1.5548710967759571
125,0.006,0.0095,600000.0,0.000127,1.0,30.0,325.0,0.0014216520389546,7135.476940330432,319.92671377973846,124.4832043630402,0.0,0.0003044844511076,0.2718857515453349,0.0530014626554929,76.2,3.202022077909366e-09,5.474360298368802e-10,1248.568,1.7380592568457005,0.0001010331855838,0.00148,6.65847e-07,0.0154111111111111,0.0157,6.76e-06,0.0805555555555555,0.023,9e-06,0.0031111111111111,0.0401799999999999,0.0990777777777777,10000000.0,5.943719644531596e-10,36.0,4.0,,0.0978308722416898,3.5409117761537408,0.0201377498539568,0.0808734166481521,0.1689188502035058,158.1810199653647,1.0,2.5697840873178204
126,0.006,0.0095,600000.0,0.000127,1.0,30.0,350.0,0.0016989042529834,7135.476940330432,351.11917342151344,123.58805969024056,0.0,0.0003022949377853,0.3283728672799543,0.063337868798029,76.2,3.756526505966967e-09,6.013629717265525e-10,1248.568,1.6820154943019188,0.0001262412035775,0.00148,6.65847e-07,0.0154111111111111,0.0157,6.76e-06,0.0805555555555555,0.023,9e-06,0.0031111111111111,0.0401799999999999,0.0990777777777777,10000000.0,7.834145406490146e-10,36.0,4.0,,0.1289464046458332,3.495714543855919,0.0258589184992507,0.095908593836092,0.20697616688945,178.99830221435764,1.0,2.907985480965626
127,0.0065,0.0075,400000.0,0.000127,1.0,30.0,400.0,0.0014692006946727,9119.899521369069,385.3528593710531,135.8855679719155,0.0,0.0002600522693803,0.1911704361210459,0.0593386653367212,50.8,3.525168389345516e-09,5.798442811173245e-10,1264.8870000000002,2.32124627157885,8.68255676750185e-05,0.00148,6.65847e-07,0.0154111111111111,0.0157,6.76e-06,0.0805555555555555,0.023,9e-06,0.0031111111111111,0.0401799999999999,0.0990777777777777,10000000.0,8.708337742891621e-10,22.0,2.0,,0.0255618691837709,3.572871751057455,0.0160921834104487,0.0660899016005536,0.1397255260349415,133.80652452593608,1.0,2.173799397276517
128,0.0065,0.0075,500000.0,0.000127,1.0,35.0,400.0,0.0012878824121343,8511.906219944463,385.3528593710531,136.62010814498504,0.0,0.0002801335740722,0.1832779113479029,0.0520155100142479,63.5,3.162531824268747e-09,5.44576968572196e-10,1264.887,2.357897949211159,9.87869110802638e-05,0.00148,6.65847e-07,0.0154111111111111,0.0157,6.76e-06,0.0805555555555555,0.023,9e-06,0.0031111111111111,0.0401799999999999,0.0990777777777777,10000000.0,4.085451255837256e-10,28.0,4.0,,0.0523013830160173,3.605128408475693,0.0120090622182667,0.0387810183176376,0.1081051744625589,81.40254846229948,1.0,1.3224527779107635
129,0.0065,0.0075,550000.0,0.000127,1.0,35.0,400.0,0.0010643656298631,7738.096563585876,385.3528593710531,136.62010814498498,0.0,0.0003081469314794,0.1826321187184501,0.0429880248051635,69.85,2.715498259726236e-09,5.011018368365258e-10,1264.8870000000002,2.4030796315794705,9.545322880646254e-05,0.00148,6.65847e-07,0.0154111111111111,0.0157,6.76e-06,0.0805555555555555,0.023,9e-06,0.0031111111111111,0.0401799999999999,0.0990777777777777,10000000.0,4.6197213514252173e-10,32.0,4.0,,0.0675897543181355,3.5830345346264254,0.014805755110579,0.031874339595151,0.1300078662390425,65.26219398246892,1.0,1.0602391614881528
130,0.0065,0.008,400000.0,0.000127,1.0,25.0,350.0,0.0010001123545113,7599.916267807557,351.11917342151344,113.0254240772324,0.0,0.0002595641476954,0.1285108607491136,0.040392937818945,50.8,2.586991709022645e-09,4.886042535142248e-10,1264.887,2.4160677886590824,6.129693625216915e-05,0.00148,6.65847e-07,0.0154111111111111,0.0157,6.76e-06,0.0805555555555555,0.023,9e-06,0.0031111111111111,0.0401799999999999,0.0990777777777777,10000000.0,5.840599356353109e-10,22.0,2.0,,0.0171441027105065,3.612979465443903,0.0110152575387465,0.0307938202196619,0.1000540815963246,65.22065110692945,1.0,1.059564262578999
131,0.0065,0.008,400000.0,0.000127,1.0,25.0,400.0,0.0014477601877362,7599.916267807557,385.3528593710531,140.04193380260327,0.0,0.0003216078637693,0.2306643139779668,0.0584727175663655,50.8,3.482287375472441e-09,5.756739953156337e-10,1264.8870000000002,2.3255802556510017,8.590365690593481e-05,0.00148,6.65847e-07,0.0154111111111111,0.0157,6.76e-06,0.0805555555555555,0.023,9e-06,0.0031111111111111,0.0401799999999999,0.0990777777777777,10000000.0,8.598951179600594e-10,22.0,2.0,,0.0252407832195075,3.5743718827941,0.0159022933172026,0.1067708131920936,0.138304778956576,216.5266632593495,1.0,3.51791605044504
132,0.0065,0.008,400000.0,0.000127,1.0,30.0,375.0,0.0017608994932581,9119.899521369069,351.11917342151344,125.8499333897696,0.0,0.0002408464803718,0.1756835413934836,0.0711199130935091,50.8,4.230364973032768e-09,6.700535880136575e-10,1228.347304045085,2.061277408984801,9.38627524848071e-05,0.00148,6.65847e-07,0.0154111111111111,0.0157,6.76e-06,0.0805555555555555,0.023,9e-06,0.0031111111111111,0.0401799999999999,0.0990777777777777,10000000.0,9.559551908945455e-10,22.0,2.0,,0.0280604660230818,3.5612766386358152,0.0175599191600234,0.0363231622768925,0.1505509764084894,72.61496309792737,1.0,1.1796910720948326
133,0.0065,0.008,450000.0,0.000127,1.0,25.0,400.0,0.0011439092841372,6755.481126940053,385.3528593710531,140.04193380260327,0.0,0.0003618088467404,0.2322881558117966,0.0462006657314493,57.15,2.874585568274522e-09,5.16573475311118e-10,1264.887,2.387000677304496,8.194489624938218e-05,0.00148,6.65847e-07,0.0154111111111111,0.0157,6.76e-06,0.0805555555555555,0.023,9e-06,0.0031111111111111,0.0401799999999999,0.0990777777777777,10000000.0,4.909057337677099e-10,24.0,3.0,,0.0538672066148869,3.612671843788575,0.0110541969887881,0.0920402834654603,0.1003722761915277,194.87042247830595,1.0,3.165873676605413
134,0.0065,0.008,450000.0,0.000127,1.0,30.0,400.0,0.0016562733229807,8106.577352328062,385.3528593710531,140.71751748809882,0.0,0.0003029618899145,0.2133478687873734,0.0668942294778742,57.15,3.899313645961428e-09,6.162308426863633e-10,1264.887,2.28343141049268,0.0001067286018671,0.00148,6.65847e-07,0.0154111111111111,0.0157,6.76e-06,0.0805555555555555,0.023,9e-06,0.0031111111111111,0.0401799999999999,0.0990777777777777,10000000.0,5.789350896561388e-10,27.0,3.0,,0.0714675256148177,3.5792657977772446,0.0152828104079437,0.0348061136946814,0.1336370392142831,70.96767213878968,1.0,1.152929446739235
135,0.0065,0.008,450000.0,0.000127,1.0,35.0,400.0,0.0022689068261373,9457.673577716074,385.3528593710531,141.49878136714253,0.0,0.0002611233726902,0.2482010290963802,0.0916375164567658,57.15,6.1727586958369605e-09,9.243076989551747e-10,1049.0327565150196,1.1213645061142867,0.000163583415417,0.00148,6.65847e-07,0.0154111111111111,0.0157,6.76e-06,0.0805555555555555,0.023,9e-06,0.0031111111111111,0.0401799999999999,0.0990777777777777,10000000.0,5.166651758995941e-10,28.0,4.0,,0.0661427626070766,3.565528910063273,0.017021656954016,0.0502407500325376,0.146612746163136,100.9037751074806,1.0,1.6392665857936815
136,0.0065,0.008,450000.0,0.000127,1.0,40.0,400.0,0.0029853519308294,10808.769803104084,385.3528593710531,142.38970747857832,0.0,0.0002299215601519,0.2951286117833391,0.1205735879231124,57.15,8.657470861658915e-09,1.09910417403836e-09,939.281420751163,0.886269226582977,0.0002221635295415,0.00148,6.65847e-07,0.0154111111111111,0.0157,6.76e-06,0.0805555555555555,0.023,9e-06,0.0031111111111111,0.0401799999999999,0.0990777777777777,10000000.0,7.42805801600292e-10,28.0,4.0,,0.0950929733417048,3.5132859907376,0.0236346847167594,0.0392820505185218,0.1926021549588867,74.64262160180475,1.0,1.2126320877234638
137,0.0065,0.008,500000.0,0.000127,1.0,30.0,375.0,0.0011269756756852,7295.919617095255,351.11917342151344,125.8499333897696,0.0,0.0003010581004648,0.1480418208406719,0.0455167443798458,63.5,2.840718351370486e-09,5.132798037991582e-10,1264.887,2.390423636916986,8.283038914930659e-05,0.00148,6.65847e-07,0.0154111111111111,0.0157,6.76e-06,0.0805555555555555,0.023,9e-06,0.0031111111111111,0.0401799999999999,0.0990777777777777,100000000.0,8.45138274401488e-11,24.0,4.0,,0.0092737230213073,3.576988500394885,0.0155710758993816,0.0530713534395186,0.1358153649161499,107.9373750702829,1.0,1.7535333254271133
138,0.0065,0.008,500000.0,0.000127,1.0,35.0,350.0,0.0012714926101239,8511.906219944463,351.11917342151344,119.70510007474746,0.0,0.0002454500876476,0.1592100831657464,0.0513535521347301,63.5,3.129752220247901e-09,5.41389070132159e-10,1264.8870000000002,2.361210983789546,8.990457906045262e-05,0.00148,6.65847e-07,0.0154111111111111,0.0157,6.76e-06,0.0805555555555555,0.023,9e-06,0.0031111111111111,0.0401799999999999,0.0990777777777777,100000000.0,1.024904619964386e-10,24.0,4.0,,0.0112463035419133,3.555032861195117,0.0183502707347953,0.0564302274891028,0.1562682082111803,112.05245168015978,1.0,1.8203862016547083
139,0.0065,0.008,500000.0,0.000127,1.0,35.0,400.0,0.0018378145291712,8511.906219944463,385.3528593710531,141.49878136714256,0.0,0.0002901370807668,0.246362556831385,0.0742263883299803,63.5,4.538025116685021e-09,7.272890659229684e-10,1182.198282497247,1.7918640360906783,0.000136941666129,0.00148,6.65847e-07,0.0154111111111111,0.0157,6.76e-06,0.0805555555555555,0.023,9e-06,0.0031111111111111,0.0401799999999999,0.0990777777777777,10000000.0,5.998918331150869e-10,28.0,4.0,,0.0767973243766018,3.5648159706780502,0.0171119024458163,0.0551588441248027,0.1472755791468435,110.69525526556998,1.0,1.798337405838294
140,0.0065,0.008,550000.0,0.000127,1.0,30.0,400.0,0.0011087449517474,6632.654197359322,385.3528593710531,140.7175174880988,0.0,0.00037028675434,0.2084591413294432,0.0447804346091554,69.85,2.8042569034948383e-09,5.097338368396318e-10,1264.887,2.394108795453778,9.807634698934377e-05,0.00148,6.65847e-07,0.0154111111111111,0.0157,6.76e-06,0.0805555555555555,0.023,9e-06,0.0031111111111111,0.0401799999999999,0.0990777777777777,10000000.0,4.766765592606739e-10,32.0,4.0,,0.0697411144066156,3.5795747337817483,0.0152437045845888,0.053757592313672,0.1333406833920389,109.6461452179067,1.0,1.7812937318524062
141,0.0065,0.008,550000.0,0.000127,1.0,35.0,400.0,0.0015188549827861,7738.096563585876,385.3528593710531,141.49878136714253,0.0,0.0003191507888435,0.244910420117907,0.0613441225867605,69.85,3.6244769655723195e-09,5.895022884268215e-10,1264.887,2.311209153779607,0.0001223209252373,0.00148,6.65847e-07,0.0154111111111111,0.0157,6.76e-06,0.0805555555555555,0.023,9e-06,0.0031111111111111,0.0401799999999999,0.0990777777777777,10000000.0,6.19370464111027e-10,32.0,4.0,,0.0906182306607277,3.546767748681317,0.0193964875086941,0.0527680668704187,0.1637189938405039,103.85527641484576,1.0,1.6872162037955845
142,0.0065,0.0085,400000.0,0.000127,1.0,20.0,375.0,0.0010663634070236,6079.933014246046,351.11917342151344,121.91352284679148,0.0,0.0003499697071326,0.178367342956795,0.0430687118282348,50.8,2.719493814047342e-09,5.014904144831392e-10,1264.887,2.4026758009042366,6.389093313491546e-05,0.00148,6.65847e-07,0.0154111111111111,0.0157,6.76e-06,0.0805555555555555,0.023,9e-06,0.0031111111111111,0.0401799999999999,0.0990777777777777,10000000.0,6.117881597339712e-10,22.0,2.0,,0.0179580183601227,3.6090294062846993,0.0115152650272532,0.0771606127684374,0.1041228700755977,162.68565735286214,1.0,2.6429661834828697
143,0.0065,0.0085,400000.0,0.000127,1.0,25.0,325.0,0.0011434268415247,7599.916267807557,319.92671377973846,120.86649391283554,0.0,0.000277571252075,0.1467568583163934,0.0461811806462366,50.8,2.873620683049421e-09,5.164796378107634e-10,1264.8870000000002,2.387098198254197,6.152630536338046e-05,0.00148,6.65847e-07,0.0154111111111111,0.0157,6.76e-06,0.0805555555555555,0.023,9e-06,0.0031111111111111,0.0401799999999999,0.0990777777777777,10000000.0,5.864999780827883e-10,22.0,2.0,,0.0172157260761669,3.612631234658069,0.0110593373850545,0.0431799515939899,0.1004142642442006,91.41760939569188,1.0,1.485155855424955
144,0.0065,0.0085,400000.0,0.000127,1.0,25.0,350.0,0.001398790714118,7599.916267807557,351.11917342151344,116.55409856912672,0.0,0.0002676677880442,0.182625250139651,0.0564949188780872,50.8,3.384348428236191e-09,5.661491878495402e-10,1264.887,2.3354789450481697,7.690925317656685e-05,0.00148,6.65847e-07,0.0154111111111111,0.0157,6.76e-06,0.0805555555555555,0.023,9e-06,0.0031111111111111,0.0401799999999999,0.0990777777777777,10000000.0,7.555955406138555e-10,22.0,2.0,,0.0221792435425209,3.588792559133735,0.0140768912488943,0.0637710877190428,0.1244039805867511,131.41131213726126,1.0,2.1348871566315144
145,0.0065,0.0085,400000.0,0.000127,1.0,25.0,375.0,0.0016744564159241,7599.916267807557,351.11917342151344,126.84627754810644,0.0,0.0002913038919245,0.2212135697535945,0.0676286155089105,50.8,3.93567983184828e-09,6.197675451793244e-10,1264.887,2.279755880085096,8.770695993257187e-05,0.00148,6.65847e-07,0.0154111111111111,0.0157,6.76e-06,0.0805555555555555,0.023,9e-06,0.0031111111111111,0.0401799999999999,0.0990777777777777,10000000.0,8.813366264621563e-10,22.0,2.0,,0.0258701628458096,3.5714335582522767,0.0162742331326232,0.0875347913988743,0.1410832199992086,176.9444466522068,1.0,2.8746172644634167
146,0.0065,0.0085,400000.0,0.000127,1.0,25.0,400.0,0.0019709916267368,7599.916267807557,385.3528593710531,140.85116170471434,0.0,0.000323466264677,0.3013704567623059,0.0796051982172982,50.8,5.070733506947366e-09,8.263913381283262e-10,1102.2920239578953,1.3253792893637972,0.0001219144568603,0.00148,6.65847e-07,0.0154111111111111,0.0157,6.76e-06,0.0805555555555555,0.023,9e-06,0.0031111111111111,0.0401799999999999,0.0990777777777777,10000000.0,5.095996542163838e-10,24.0,3.0,,0.0559184950924573,3.5968058830772978,0.0130625464459117,0.1256667634525503,0.1164839368562506,261.3003721838438,1.0,4.249760405064978
147,0.0065,0.0085,400000.0,0.000127,1.0,30.0,400.0,0.0028546176168168,9119.899521369069,385.3528593710531,141.62030787635956,0.0,0.0002710271812029,0.2914516132915352,0.1152934381550449,50.8,8.320364928328387e-09,1.0905636592588474e-09,970.9379844244224,0.8983121704384249,0.0001907125066888,0.00148,6.65847e-07,0.0154111111111111,0.0157,6.76e-06,0.0805555555555555,0.023,9e-06,0.0031111111111111,0.0401799999999999,0.0990777777777777,10000000.0,8.547984713092261e-10,24.0,3.0,,0.0937972459899841,3.533490715389132,0.021077124634287,0.042180929146506,0.1754162685930551,81.85704310199456,1.0,1.3298364251081074
148,0.0065,0.0085,400000.0,0.000127,1.0,35.0,400.0,0.0039117892644241,10639.88277493058,385.3528593710531,142.47505909921694,0.0,0.0002337111165466,0.3260233702412131,0.1579909095272703,50.8,1.0510345528848396e-08,1.0519809390650636e-09,661.3502206727408,0.9431429056799135,0.0002328229983353,0.00148,6.65847e-07,0.0154111111111111,0.0157,6.76e-06,0.0805555555555555,0.023,9e-06,0.0031111111111111,0.0401799999999999,0.0990777777777777,10000000.0,6.149325761456945e-10,24.0,4.0,,0.0674767024602303,3.553694403592187,0.0185196957478245,0.0603757582537124,0.1574837893417207,119.71429502561573,1.0,1.9448592830866176
149,0.0065,0.0085,450000.0,0.000127,1.0,25.0,350.0,0.0011052173543649,6755.481126940053,351.11917342151344,116.5540985691267,0.0,0.0003011262615497,0.1639759551622119,0.0446379605950319,57.15,2.7972017087298313e-09,5.090477015107479e-10,1264.887,2.3948218639886774,7.358884851918906e-05,0.00148,6.65847e-07,0.0154111111111111,0.0157,6.76e-06,0.0805555555555555,0.023,9e-06,0.0031111111111111,0.0401799999999999,0.0990777777777777,10000000.0,4.3453177109394876e-10,24.0,3.0,,0.0476812778587881,3.6221965407709873,0.009848539142913,0.0314767167083917,0.0904146896849888,67.38108686118363,1.0,1.0946623561728916
150,0.0065,0.0085,450000.0,0.000127,1.0,25.0,375.0,0.0013230272915943,6755.481126940053,351.11917342151344,126.84627754810656,0.0,0.0003277168784151,0.2256101252642651,0.0534349554638305,57.15,3.232821583188764e-09,5.514128233515654e-10,1264.8870000000002,2.350793763277113,8.318469130907045e-05,0.00148,6.65847e-07,0.0154111111111111,0.0157,6.76e-06,0.0805555555555555,0.023,9e-06,0.0031111111111111,0.0401799999999999,0.0990777777777777,10000000.0,4.994212345497861e-10,24.0,3.0,,0.0548016146050661,3.611243814710315,0.0112349601632513,0.0771935551953685,0.1018464446894363,163.16867429361412,1.0,2.650813268629483
151,0.0065,0.0085,450000.0,0.000127,1.0,25.0,400.0,0.0015573267174217,6755.481126940053,385.3528593710531,140.85116170471426,0.0,0.0003638995477617,0.2832026457561929,0.0628979343939146,57.15,3.701420434843403e-09,5.969852331721082e-10,1264.887,2.3034324773403783,0.0001019418459876,0.00148,6.65847e-07,0.0154111111111111,0.0157,6.76e-06,0.0805555555555555,0.023,9e-06,0.0031111111111111,0.0401799999999999,0.0990777777777777,10000000.0,5.49578554074792e-10,27.0,3.0,,0.0678435632810294,3.585021064556838,0.0145542956257167,0.1122811480812488,0.1280826371444979,230.40257010303927,1.0,3.7437978386903628
152,0.0065,0.0085,450000.0,0.000127,1.0,30.0,400.0,0.0022555003392133,8106.577352328062,385.3528593710531,141.62030787635965,0.0,0.0003049055788532,0.291848747252683,0.0910960499002825,57.15,6.123601577115441e-09,9.205022229534931e-10,1050.820288104893,1.1264700091529936,0.0001624166901395,0.00148,6.65847e-07,0.0154111111111111,0.0157,6.76e-06,0.0805555555555555,0.023,9e-06,0.0031111111111111,0.0401799999999999,0.0990777777777777,10000000.0,9.52710065216414e-10,27.0,3.0,,0.1176087478646178,3.509073916291766,0.0241678586972448,0.0429639494877825,0.1960950455405598,81.2856814777894,1.0,1.3205541755791301
153,0.0065,0.0085,450000.0,0.000127,1.0,35.0,400.0,0.0030907964558413,9457.673577716074,385.3528593710531,142.47505909921705,0.0,0.000262925006115,0.3090639260458067,0.1248323235771025,57.15,8.868359911682691e-09,1.0937407382736302e-09,907.6480632475966,0.8927424308252818,0.0002266891796443,0.00148,6.65847e-07,0.0154111111111111,0.0157,6.76e-06,0.0805555555555555,0.023,9e-06,0.0031111111111111,0.0401799999999999,0.0990777777777777,10000000.0,7.614877132940164e-10,28.0,4.0,,0.0974846058879721,3.5091295046782163,0.0241608221926309,0.0465669965807319,0.1960491453037625,88.10749989984026,1.0,1.4313803461728363
154,0.0065,0.0085,500000.0,0.000127,1.0,25.0,375.0,0.0010716521061914,6079.933014246046,351.11917342151344,126.8462775481067,0.0,0.0003641298649056,0.2256603435673493,0.0432823139257026,63.5,2.7300712123828953e-09,5.025190929147676e-10,1264.887,2.401606743254462,8.0122519201411e-05,0.00148,6.65847e-07,0.0154111111111111,0.0157,6.76e-06,0.0805555555555555,0.023,9e-06,0.0031111111111111,0.0401799999999999,0.0990777777777777,10000000.0,6.005278670044951e-10,27.0,3.0,,0.0741330789658079,3.586675764449617,0.0143448399430864,0.0680649506758386,0.1264724816913453,139.92820840083792,1.0,2.2732513136616865
155,0.0065,0.0085,500000.0,0.000127,1.0,25.0,400.0,0.0012614346411115,6079.933014246046,385.3528593710531,140.85116170471417,0.0,0.0004043328308463,0.2902416526732747,0.0509473268590708,63.5,3.109636282223154e-09,5.394327448694072e-10,1264.8870000000002,2.363244101645708,9.736556002010895e-05,0.00148,6.65847e-07,0.0154111111111111,0.0157,6.76e-06,0.0805555555555555,0.023,9e-06,0.0031111111111111,0.0401799999999999,0.0990777777777777,10000000.0,6.75671577571433e-10,30.0,3.0,,0.0926770099869859,3.5544708763175827,0.0184214080610654,0.1064373158272179,0.1567790272719972,211.2226379619276,1.0,3.4316585663608774
156,0.0065,0.0085,500000.0,0.000127,1.0,30.0,350.0,0.0012973001839383,7295.919617095255,351.11917342151344,120.64254998950048,0.0,0.0002886010024541,0.1993153534708144,0.0523958787489743,63.5,3.181367367876633e-09,5.464087722769224e-10,1264.8870000000002,2.35599424081871,9.116796429202527e-05,0.00148,6.65847e-07,0.0154111111111111,0.0157,6.76e-06,0.0805555555555555,0.023,9e-06,0.0031111111111111,0.0401799999999999,0.0990777777777777,100000000.0,1.0689596927145336e-10,24.0,4.0,,0.0117297209361353,3.549839976570813,0.0190075979024286,0.0950097537857045,0.1609648764119972,187.6089197434085,1.0,3.04788395651976
157,0.0065,0.0085,500000.0,0.000127,1.0,30.0,400.0,0.0018269552747627,7295.919617095255,385.3528593710531,141.62030787635967,0.0,0.0003387839765036,0.2923668496733683,0.0737878004192288,63.5,4.494588099051094e-09,7.192082712066952e-10,1188.7138351423357,1.8299011808774432,0.0001356810977248,0.00148,6.65847e-07,0.0154111111111111,0.0157,6.76e-06,0.0805555555555555,0.023,9e-06,0.0031111111111111,0.0401799999999999,0.0990777777777777,10000000.0,1.0142048804901828e-09,30.0,3.0,,0.1391111879766785,3.4890188613864077,0.0267064732422269,0.0392878612774609,0.2123196904672872,72.83053920840666,1.0,1.1831932870935014
158,0.0065,0.0085,500000.0,0.000127,1.0,35.0,325.0,0.0014554250737069,8511.906219944463,319.92671377973846,122.91767819461865,0.0,0.0002520373389894,0.1619851925630391,0.0587822900469071,63.5,3.497617147413967e-09,5.771648539613764e-10,1264.8870000000002,2.3240308756008714,9.082103077054916e-05,0.00148,6.65847e-07,0.0154111111111111,0.0157,6.76e-06,0.0805555555555555,0.023,9e-06,0.0031111111111111,0.0401799999999999,0.0990777777777777,100000000.0,1.0562202926231653e-10,24.0,4.0,,0.011589931186359,3.5513342566645805,0.0188184485234708,0.0514329713297729,0.1596187521336425,101.72392669773124,1.0,1.6525906373051313
159,0.0065,0.0085,500000.0,0.000127,1.0,35.0,350.0,0.0017789084457618,8511.906219944463,351.11917342151344,123.6551056001401,0.0,0.000253549401727,0.2083541971461942,0.0718472658708093,63.5,4.302400783047541e-09,6.834547519208036e-10,1217.5419325428688,1.998196730692015,0.0001192337138683,0.00148,6.65847e-07,0.0154111111111111,0.0157,6.76e-06,0.0805555555555555,0.023,9e-06,0.0031111111111111,0.0401799999999999,0.0990777777777777,10000000.0,5.081051444738968e-10,28.0,4.0,,0.0650469192003418,3.583851374707943,0.0147023576319059,0.0312800120750429,0.1292172625649264,64.10351907193193,1.0,1.0414155142795547
160,0.0065,0.0085,550000.0,0.000127,1.0,25.0,400.0,0.0010425079678608,5527.2118311327695,385.3528593710531,140.8511617047143,0.0,0.0004447661139309,0.3132721247421499,0.0421052288091494,69.85,2.671782935721617e-09,4.968504122887661e-10,1264.887,2.4074979393766176,9.416133468374188e-05,0.00148,6.65847e-07,0.0154111111111111,0.0157,6.76e-06,0.0805555555555555,0.023,9e-06,0.0031111111111111,0.0401799999999999,0.0990777777777777,10000000.0,8.353212183855063e-10,33.0,3.0,,0.1260325030906268,3.5147172692602138,0.0234535102202261,0.1049543928423736,0.1914083382573128,199.7261947185331,1.0,3.244782666832837
161,0.0065,0.0085,550000.0,0.000127,1.0,30.0,375.0,0.0012830413151307,6632.654197359322,351.11917342151344,130.11307090211108,0.0,0.0003423820117181,0.2049061690464209,0.0518199858520261,69.85,3.152849630261468e-09,5.436353509995035e-10,1264.8870000000002,2.358876528559475,9.95169250256475e-05,0.00148,6.65847e-07,0.0154111111111111,0.0157,6.76e-06,0.0805555555555555,0.023,9e-06,0.0031111111111111,0.0401799999999999,0.0990777777777777,10000000.0,4.848092471510782e-10,32.0,4.0,,0.0709309835234811,3.577667668002793,0.0154851053161022,0.0419751996709136,0.1351668611849856,85.43390193138086,1.0,1.3879455013529045
162,0.0065,0.0085,550000.0,0.000127,1.0,30.0,400.0,0.0015098803923659,6632.654197359322,385.3528593710531,141.62030787635973,0.0,0.000372662374154,0.291098198743836,0.060981653239032,69.85,3.606527784731858e-09,5.87756685717135e-10,1264.887,2.3130232774871526,0.0001217903038995,0.00148,6.65847e-07,0.0154111111111111,0.0157,6.76e-06,0.0805555555555555,0.023,9e-06,0.0031111111111111,0.0401799999999999,0.0990777777777777,10000000.0,6.16106295935963e-10,32.0,4.0,,0.0901406600277336,3.5475030159167806,0.0193034157067366,0.0997958854770702,0.1630615061273372,196.5673250239407,1.0,3.1934482524687833
163,0.0065,0.0085,550000.0,0.000127,1.0,35.0,400.0,0.0020690455613483,7738.096563585876,385.3528593710531,142.47505909921702,0.0,0.0003213527852516,0.3315651467615557,0.0835654397499611,69.85,5.4399340582772315e-09,8.67576412740596e-10,1075.680925153555,1.1974763391754562,0.0001786764480737,0.00148,6.65847e-07,0.0154111111111111,0.0157,6.76e-06,0.0805555555555555,0.023,9e-06,0.0031111111111111,0.0401799999999999,0.0990777777777777,10000000.0,1.0129422834105511e-09,32.0,4.0,,0.1482005403920055,3.462946912290719,0.0300067199632001,0.059619166619589,0.2324579673650039,107.69442391909368,1.0,1.7495863798959896
164,0.0065,0.0085,600000.0,0.000127,1.0,30.0,375.0,0.0010781111050751,6079.933014246046,351.11917342151344,130.11307090211116,0.0,0.000373507649147,0.2149098618298572,0.0435431825562163,76.2,2.74298921015026e-09,5.03775400492638e-10,1264.8870000000002,2.400301121220114,9.652638444611752e-05,0.00148,6.65847e-07,0.0154111111111111,0.0157,6.76e-06,0.0805555555555555,0.023,9e-06,0.0031111111111111,0.0401799999999999,0.0990777777777777,10000000.0,5.62821964231585e-10,36.0,4.0,,0.0926378883435649,3.548688670005344,0.0191533329107159,0.0385487909300757,0.1619990948167584,76.02569471893213,1.0,1.2351012722926165
165,0.0065,0.0085,600000.0,0.000127,1.0,30.0,400.0,0.0012687189408074,6079.933014246046,385.3528593710531,141.62030787635956,0.0,0.0004065407718043,0.2958876496953653,0.0512415280689088,76.2,3.124204881614962e-09,5.40849577581759e-10,1264.887,2.361771653305177,0.0001173084344856,0.00148,6.65847e-07,0.0154111111111111,0.0157,6.76e-06,0.0805555555555555,0.023,9e-06,0.0031111111111111,0.0401799999999999,0.0990777777777777,10000000.0,7.137954294639022e-10,36.0,4.0,,0.1174874214177178,3.512085966606724,0.023786586505478,0.0869787002087385,0.1936003709801453,165.07008739993069,1.0,2.6817036376099437
166,0.0065,0.0085,600000.0,0.000127,1.0,35.0,375.0,0.0014778092952972,7093.255183287054,351.11917342151344,132.55580381951327,0.0,0.000326159874345,0.2544924545517068,0.0596863529421833,76.2,3.5423855905944933e-09,5.81518696981791e-10,1264.887,2.319506129048616,0.0001200063073976,0.00148,6.65847e-07,0.0154111111111111,0.0157,6.76e-06,0.0805555555555555,0.023,9e-06,0.0031111111111111,0.0401799999999999,0.0990777777777777,10000000.0,7.344953359586821e-10,36.0,4.0,,0.1208945301456149,3.5071855726411174,0.024406889539099,0.0337315714639085,0.1976511745905101,63.69494163637311,1.0,1.0347778306338558
167,0.0065,0.009,400000.0,0.000127,1.0,20.0,375.0,0.0014151196819014,6079.933014246046,351.11917342151344,124.1963772787099,0.0,0.0003565229579805,0.2308218599712603,0.0571544197605094,50.8,3.4170063638029462e-09,5.69325253728246e-10,1264.8870000000002,2.3321782075004376,7.754880366511572e-05,0.00148,6.65847e-07,0.0154111111111111,0.0157,6.76e-06,0.0805555555555555,0.023,9e-06,0.0031111111111111,0.0401799999999999,0.0990777777777777,10000000.0,7.628717732009158e-10,22.0,2.0,,0.0223928251823614,3.58777960793691,0.0142051129193785,0.1110946150283894,0.1253950427285055,228.67047374559783,1.0,3.715577441469909
168,0.0065,0.009,400000.0,0.000127,1.0,25.0,300.0,0.0012569753789816,7599.916267807557,291.5053062825179,117.65608248047344,0.0,0.0002701985063941,0.1414274732507696,0.0507672243964625,50.8,3.100717757963306e-09,5.38565396088826e-10,1264.887,2.36414549689265,6.031465689384898e-05,0.00148,6.65847e-07,0.0154111111111111,0.0157,6.76e-06,0.0805555555555555,0.023,9e-06,0.0031111111111111,0.0401799999999999,0.0990777777777777,10000000.0,5.736359176149834e-10,22.0,2.0,,0.0168381230931882,3.6144685057698913,0.0108267714215327,0.0336421257611187,0.0985106758583626,71.37550047723629,1.0,1.1595549606731044
169,0.0065,0.009,400000.0,0.000127,1.0,25.0,325.0,0.0015536507418249,7599.916267807557,319.92671377973846,123.28790123396271,0.0,0.0002831320410095,0.1927376832755151,0.0627494676211237,50.8,3.694068483649947e-09,5.962702375386665e-10,1264.8870000000002,2.304175539047501,7.616154971677186e-05,0.00148,6.65847e-07,0.0154111111111111,0.0157,6.76e-06,0.0805555555555555,0.023,9e-06,0.0031111111111111,0.0401799999999999,0.0990777777777777,10000000.0,7.471150527601937e-10,22.0,2.0,,0.0219303130031573,3.5899744802502265,0.013927280980984,0.0678779026512339,0.1232447567742552,140.05929467882964,1.0,2.2753809210491283
170,0.0065,0.009,400000.0,0.000127,1.0,25.0,350.0,0.0018753735496708,7599.916267807557,351.11917342151344,117.61583407420314,0.0,0.00027010607548,0.2184299648186174,0.075743337073528,50.8,4.688261198683591e-09,7.55238197878552e-10,1159.6628701974614,1.6603045526257605,0.0001035491412181,0.00148,6.65847e-07,0.0154111111111111,0.0157,6.76e-06,0.0805555555555555,0.023,9e-06,0.0031111111111111,0.0401799999999999,0.0990777777777777,10000000.0,4.2549744061280564e-10,24.0,3.0,,0.0466899385584304,3.612997994474259,0.0110129120918659,0.0558166891866589,0.1000349085368269,118.22106977930764,1.0,1.9206005845300052
171,0.0065,0.009,400000.0,0.000127,1.0,25.0,375.0,0.0022227265668565,7599.916267807557,351.11917342151344,128.42959403388068,0.0,0.000294939995903,0.2364810386453588,0.089772369672829,50.8,6.00343107847401e-09,9.111992784241208e-10,1055.190124419127,1.1389510263878004,0.0001297848158498,0.00148,6.65847e-07,0.0154111111111111,0.0157,6.76e-06,0.0805555555555555,0.023,9e-06,0.0031111111111111,0.0401799999999999,0.0990777777777777,10000000.0,5.46584211933596e-10,24.0,3.0,,0.0599768196852925,3.589783686690616,0.013951432064479,0.0465518492872371,0.1234320940927538,96.0345824256554,1.0,1.5601624605542779
172,0.0065,0.009,400000.0,0.000127,1.0,25.0,400.0,0.0025964349073276,7599.916267807557,385.3528593710531,139.41005467577077,0.0,0.0003201567463031,0.3955210213248359,0.1048658516111128,50.8,7.373694993534783e-09,1.0172776365613166e-09,1005.3623456896444,0.9966341704751202,0.0001707430466492,0.00148,6.65847e-07,0.0154111111111111,0.0157,6.76e-06,0.0805555555555555,0.023,9e-06,0.0031111111111111,0.0401799999999999,0.0990777777777777,10000000.0,7.491638362635938e-10,24.0,3.0,,0.0822059315679289,3.552348090781221,0.0186901150909847,0.1682692381457942,0.1587029761313001,333.1648913640068,1.0,5.514717829138847
173,0.0065,0.009,400000.0,0.000127,1.0,30.0,375.0,0.0032211284280364,9119.899521369069,351.11917342151344,131.26604720016482,0.0,0.0002512116185439,0.2572300000024908,0.1300962234029082,50.8,9.129023856072944e-09,1.0871114025079254e-09,868.5484715890587,0.9007434671543498,0.000188678144806,0.00148,6.65847e-07,0.0154111111111111,0.0157,6.76e-06,0.0805555555555555,0.023,9e-06,0.0031111111111111,0.0401799999999999,0.0990777777777777,10000000.0,4.809264665059082e-10,24.0,4.0,,0.0527721791697379,3.582945577495307,0.0148170155069231,0.0341815974298446,0.1300938794443862,69.97934771571772,1.0,1.1368732862939157
174,0.0065,0.009,400000.0,0.000127,1.0,30.0,400.0,0.003761877321378,9119.899521369069,385.3528593710531,140.26770761209008,0.0,0.0002684386298686,0.4003878510708246,0.1519362060067435,50.8,1.0210521642756016e-08,1.059606210048108e-09,706.3238035865978,0.9339398614669556,0.0002271037578323,0.00148,6.65847e-07,0.0154111111111111,0.0157,6.76e-06,0.0805555555555555,0.023,9e-06,0.0031111111111111,0.0401799999999999,0.0990777777777777,10000000.0,5.969896004999794e-10,24.0,4.0,,0.0655078153401402,3.5575345416088293,0.0180336023279963,0.1427638297239408,0.1539867629576949,284.2500150973324,1.0,4.632694481029377
175,0.0065,0.009,400000.0,0.000127,1.0,35.0,400.0,0.005157306578065,10639.88277493058,385.3528593710531,141.1937905426124,0.0,0.0002316093683048,0.4289363905796801,0.2082953609975217,50.8,1.3315993312260133e-08,1.01147066102728e-09,332.1209211313045,1.0028416326424905,0.0002869491966661,0.00148,6.65847e-07,0.0154111111111111,0.0157,6.76e-06,0.0805555555555555,0.023,9e-06,0.0031111111111111,0.0401799999999999,0.0990777777777777,10000000.0,7.944527567671629e-10,24.0,4.0,,0.0871754959268682,3.5165093200043813,0.0232266683538758,0.09328553365529,0.1899086181124901,177.8498326476821,1.0,2.8893266874524066
176,0.0065,0.009,450000.0,0.000127,1.0,20.0,375.0,0.0011181192548357,5404.384901552042,351.11917342151344,124.19637727870996,0.0,0.0004010883277281,0.2500128197817473,0.0451590477120074,57.15,2.823005509671464e-09,5.11557185661824e-10,1264.887,2.3922138738275063,7.415720300889287e-05,0.00148,6.65847e-07,0.0154111111111111,0.0157,6.76e-06,0.0805555555555555,0.023,9e-06,0.0031111111111111,0.0401799999999999,0.0990777777777777,10000000.0,4.3831137404506127e-10,24.0,3.0,,0.0480960146179765,3.621554074625722,0.0099298639714275,0.1165777574517632,0.0910932831137958,249.3676761998724,1.0,4.053588213259525
177,0.0065,0.009,450000.0,0.000127,1.0,20.0,400.0,0.0013063449318637,5404.384901552042,385.3528593710531,138.55750862356416,0.0,0.0004474671535972,0.3927586540506784,0.0527611816460869,57.15,3.1994568637275522e-09,5.481680209721634e-10,1264.887,2.3541659354730573,8.980122259136671e-05,0.00148,6.65847e-07,0.0154111111111111,0.0157,6.76e-06,0.0805555555555555,0.023,9e-06,0.0031111111111111,0.0401799999999999,0.0990777777777777,10000000.0,4.767959088160606e-10,27.0,3.0,,0.0588587985685776,3.599450096286713,0.0127278359130743,0.2409586738360137,0.1138389700920332,502.5281103764309,1.0,13.06534991963497
178,0.0065,0.009,450000.0,0.000127,1.0,25.0,325.0,0.0012275758947752,6755.481126940053,319.92671377973846,123.28790123396271,0.0,0.0003185235461357,0.1862551278487607,0.0495798262685422,57.15,3.041918789550577e-09,5.328470494132671e-10,1264.887,2.3700883086301245,7.259402655616616e-05,0.00148,6.65847e-07,0.0154111111111111,0.0157,6.76e-06,0.0805555555555555,0.023,9e-06,0.0031111111111111,0.0401799999999999,0.0990777777777777,10000000.0,4.2793485933636316e-10,24.0,3.0,,0.046957397113011,3.623319246145243,0.0097064245385769,0.0495379044672073,0.089226416445558,106.18256337205726,1.0,1.725024935341205
179,0.0065,0.009,450000.0,0.000127,1.0,25.0,350.0,0.0014817766318387,6755.481126940053,351.11917342151344,117.6158340742032,0.0,0.000303869334915,0.2172738955190936,0.0598465873173555,57.15,3.550320263677472e-09,5.822903637757931e-10,1264.887,2.318704171640119,9.017954898222218e-05,0.00148,6.65847e-07,0.0154111111111111,0.0157,6.76e-06,0.0805555555555555,0.023,9e-06,0.0031111111111111,0.0401799999999999,0.0990777777777777,10000000.0,4.790289018976393e-10,27.0,3.0,,0.0591344538071471,3.5990039772267,0.0127843066801645,0.0581128543945908,0.114286326257144,121.1352962222351,1.0,1.9679446413281296
180,0.0065,0.009,450000.0,0.000127,1.0,25.0,375.0,0.0017562283985039,6755.481126940053,351.11917342151344,128.42959403388056,0.0,0.0003318074953909,0.2310304384922557,0.0709312550501365,57.15,4.2116805940157675e-09,6.665776442343249e-10,1231.1499608976349,2.077639039424304,0.000105150809786,0.00148,6.65847e-07,0.0154111111111111,0.0157,6.76e-06,0.0805555555555555,0.023,9e-06,0.0031111111111111,0.0401799999999999,0.0990777777777777,10000000.0,5.692161512195964e-10,27.0,3.0,,0.0702677564281288,3.581167097016827,0.0150421396181232,0.0496514270139902,0.1318099413438896,101.44991606228656,1.0,1.6481391043632156
181,0.0065,0.009,450000.0,0.000127,1.0,25.0,400.0,0.0020515041243082,6755.481126940053,385.3528593710531,139.41005467577094,0.0,0.000360176339591,0.405273339804289,0.0828569691742127,57.15,5.375615455797043e-09,8.62597217365321e-10,1078.019783425562,1.204156527700505,0.0001446631959518,0.00148,6.65847e-07,0.0154111111111111,0.0157,6.76e-06,0.0805555555555555,0.023,9e-06,0.0031111111111111,0.0401799999999999,0.0990777777777777,10000000.0,8.2644445389821e-10,27.0,3.0,,0.1020216967903529,3.532164338744799,0.0212450204120508,0.1802146738397232,0.1765668745380524,349.23972111766886,1.0,5.845727804532824
182,0.0065,0.009,450000.0,0.000127,1.0,30.0,375.0,0.0025450891283251,8106.577352328062,351.11917342151344,131.2660472001648,0.0,0.0002826130708619,0.2439296239346587,0.102792077750446,57.15,7.185427137192082e-09,1.0027029660388443e-09,1012.2084495566515,1.01618784118747,0.0001715670799856,0.00148,6.65847e-07,0.0154111111111111,0.0157,6.76e-06,0.0805555555555555,0.023,9e-06,0.0031111111111111,0.0401799999999999,0.0990777777777777,10000000.0,5.4590890680378e-10,28.0,4.0,,0.0698865046689892,3.5585656143741984,0.0179030867880761,0.0310710415152234,0.1530428660663362,61.93303889385812,1.0,1.006154240583396
183,0.0065,0.009,450000.0,0.000127,1.0,30.0,400.0,0.0029723475131875,8106.577352328062,385.3528593710531,140.26770761208994,0.0,0.0003019934586021,0.407705648187864,0.1200483603016244,57.15,8.63146202637512e-09,1.0997656437417151e-09,943.1827460437324,0.8854708897187467,0.0002216053834204,0.00148,6.65847e-07,0.0154111111111111,0.0157,6.76e-06,0.0805555555555555,0.023,9e-06,0.0031111111111111,0.0401799999999999,0.0990777777777777,10000000.0,7.405149160923678e-10,28.0,4.0,,0.0947996973413497,3.5137973011755026,0.0235699618765187,0.1526775905448897,0.1921760803986659,290.26665927494525,1.0,4.735054881185644
184,0.0065,0.009,500000.0,0.000127,1.0,20.0,400.0,0.0010581393948096,4863.946411396836,385.3528593710531,138.55750862356425,0.0,0.0004971857262192,0.3813703623815015,0.0427365571333304,63.5,2.703045789619318e-09,4.998908029874528e-10,1264.887,2.404338202733177,8.644111378627297e-05,0.00148,6.65847e-07,0.0154111111111111,0.0157,6.76e-06,0.0805555555555555,0.023,9e-06,0.0031111111111111,0.0401799999999999,0.0990777777777777,10000000.0,6.57643665788835e-10,27.0,3.0,,0.0811838259071534,3.5766615194268305,0.0156124658953379,0.2172699793410177,0.1361272362437017,441.7277197156889,1.0,8.872006894580721
185,0.0065,0.009,500000.0,0.000127,1.0,25.0,350.0,0.0012002390717893,6079.933014246046,351.11917342151344,117.6158340742034,0.0,0.00033763259435,0.220245595958538,0.048475735727058,63.5,2.9872451435787513e-09,5.275299006583926e-10,1264.887,2.375614174028497,8.641656493939284e-05,0.00148,6.65847e-07,0.0154111111111111,0.0157,6.76e-06,0.0805555555555555,0.023,9e-06,0.0031111111111111,0.0401799999999999,0.0990777777777777,10000000.0,6.574180243326263e-10,27.0,3.0,,0.0811559712532561,3.576700839084997,0.0156074887234181,0.0504338889782238,0.1360897454360923,102.54069005201444,1.0,1.6658596440773406
186,0.0065,0.009,500000.0,0.000127,1.0,25.0,375.0,0.0014225450027881,6079.933014246046,351.11917342151344,128.4295940338807,0.0,0.0003686749948788,0.2232377069760664,0.0574543165906105,63.5,3.431857005576382e-09,5.70769515767317e-10,1264.887,2.3306772531363964,9.72995382681642e-05,0.00148,6.65847e-07,0.0154111111111111,0.0157,6.76e-06,0.0805555555555555,0.023,9e-06,0.0031111111111111,0.0401799999999999,0.0990777777777777,10000000.0,6.751338941715921e-10,30.0,3.0,,0.0926032598227478,3.554578515149997,0.0184077828924054,0.0330001305627079,0.1566812362932117,65.49566712157703,1.0,1.064032128750401
187,0.0065,0.009,500000.0,0.000127,1.0,25.0,400.0,0.0016617183406897,6079.933014246046,385.3528593710531,139.41005467577094,0.0,0.0004001959328789,0.3812614955262957,0.0671141450311122,63.5,3.9102036813794195e-09,6.172899258558521e-10,1264.8870000000002,2.282330754612984,0.000118880025477,0.00148,6.65847e-07,0.0154111111111111,0.0157,6.76e-06,0.0805555555555555,0.023,9e-06,0.0031111111111111,0.0401799999999999,0.0990777777777777,10000000.0,8.587692653733893e-10,30.0,3.0,,0.1177912027461477,3.518506644984498,0.0229738424070255,0.1561761477490356,0.1882305402602596,298.36821984950654,1.0,4.874773293791836
188,0.0065,0.009,500000.0,0.000127,1.0,30.0,325.0,0.0014418264110825,7295.919617095255,319.92671377973846,124.44241667703632,0.0,0.000297691040217,0.1839967919277992,0.058233061821366,63.5,3.47041982216508e-09,5.745198460876095e-10,1264.8870000000002,2.3267797092637768,9.021454623589988e-05,0.00148,6.65847e-07,0.0154111111111111,0.0157,6.76e-06,0.0805555555555555,0.023,9e-06,0.0031111111111111,0.0401799999999999,0.0990777777777777,100000000.0,1.0351542894142022e-10,24.0,4.0,,0.0113587734162719,3.5538183052641528,0.0185040119918793,0.0742249566901611,0.1573714095365343,147.19440152182057,1.0,2.3912967966126004
189,0.0065,0.009,500000.0,0.000127,1.0,30.0,350.0,0.0017398194820592,7295.919617095255,351.11917342151344,121.75742743173588,0.0,0.0002912680112953,0.2058701144695798,0.0702685251692008,63.5,4.146044928236908e-09,6.54367129560071e-10,1240.995310764464,2.1351152074118644,0.0001150980718268,0.00148,6.65847e-07,0.0154111111111111,0.0157,6.76e-06,0.0805555555555555,0.023,9e-06,0.0031111111111111,0.0401799999999999,0.0990777777777777,10000000.0,4.87442304286516e-10,28.0,4.0,,0.0624016909228171,3.588212417251221,0.0141503269302252,0.0330198983775618,0.124971860711761,67.9990586010236,1.0,1.1047018261828534
190,0.0065,0.009,500000.0,0.000127,1.0,30.0,400.0,0.0024076014856819,7295.919617095255,385.3528593710531,140.26770761209022,0.0,0.0003355482873357,0.3994842481597631,0.0972391718443159,63.5,6.6813057808337325e-09,9.63676640382434e-10,1030.54013524241,1.0685463435509903,0.0001951704152628,0.00148,6.65847e-07,0.0154111111111111,0.0157,6.76e-06,0.0805555555555555,0.023,9e-06,0.0031111111111111,0.0401799999999999,0.0990777777777777,10000000.0,9.49648238922639e-10,28.0,4.0,,0.1215726566396166,3.4969791543506576,0.0256988412214357,0.1404924196758306,0.2059587880129829,262.54338749402024,1.0,4.270280690088564
191,0.0065,0.009,500000.0,0.000127,1.0,35.0,300.0,0.001602218132788,8511.906219944463,291.5053062825179,119.40082702011054,0.0,0.0002448261890177,0.1507942646805737,0.0647110268342967,63.5,3.7912032655760915e-09,6.057168379179389e-10,1264.887,2.2943581266382256,8.941924266183922e-05,0.00148,6.65847e-07,0.0154111111111111,0.0157,6.76e-06,0.0805555555555555,0.023,9e-06,0.0031111111111111,0.0401799999999999,0.0990777777777777,100000000.0,1.00946837913861e-10,24.0,4.0,,0.0110769212925887,3.55686940401511,0.0181177969601126,0.0348263165536882,0.1545945484770509,69.29114466554243,1.0,1.125692849653256
192,0.0065,0.009,550000.0,0.000127,1.0,25.0,400.0,0.0013733209427187,5527.2118311327695,385.3528593710531,139.41005467577105,0.0,0.0004402155261668,0.4051528335041454,0.0554662355629027,69.85,3.333408885437538e-09,5.611951899635142e-10,1264.887,2.3406274046388296,0.0001137165817369,0.00148,6.65847e-07,0.0154111111111111,0.0157,6.76e-06,0.0805555555555555,0.023,9e-06,0.0031111111111111,0.0401799999999999,0.0990777777777777,10000000.0,1.0638602437534056e-09,33.0,3.0,,0.1605142626665168,3.469352656659976,0.0291958662455726,0.1489923352747258,0.2276061186837255,270.836941375911,1.0,4.407736390349129
193,0.0065,0.009,550000.0,0.000127,1.0,30.0,375.0,0.0017037373503663,6632.654197359322,351.11917342151344,131.2660472001649,0.0,0.0003454159754979,0.2442006411374818,0.0688112256015381,69.85,4.001716401465586e-09,6.275170081642995e-10,1262.644589780162,2.261501533377609,0.0001224079629306,0.00148,6.65847e-07,0.0154111111111111,0.0157,6.76e-06,0.0805555555555555,0.023,9e-06,0.0031111111111111,0.0401799999999999,0.0990777777777777,10000000.0,6.199065314410136e-10,32.0,4.0,,0.0906966610602594,3.546647063956909,0.0194117640560875,0.0445127544756841,0.1638268133680931,87.59631871650248,1.0,1.42307577845732
194,0.0065,0.009,550000.0,0.000127,1.0,30.0,400.0,0.001989753293952,6632.654197359322,385.3528593710531,140.26770761209016,0.0,0.0003691031160693,0.4119165470785422,0.0803629519374511,69.85,5.145780175808017e-09,8.403526264081501e-10,1091.0350236287973,1.2596620471425577,0.000170025336374,0.00148,6.65847e-07,0.0154111111111111,0.0157,6.76e-06,0.0805555555555555,0.023,9e-06,0.0031111111111111,0.0401799999999999,0.0990777777777777,10000000.0,9.45358080693913e-10,32.0,4.0,,0.1383124988632771,3.476690030170123,0.028267084788592,0.1530610962778138,0.2219727142416896,280.26237390134247,1.0,4.5653987200022
195,0.0065,0.009,550000.0,0.000127,1.0,35.0,325.0,0.0016351483510485,7738.096563585876,319.92671377973846,125.55606110961052,0.0,0.0002831919509133,0.2156403629046364,0.0660410256614903,69.85,3.8570637020971525e-09,6.121219300207034e-10,1264.887,2.2877016123190423,0.0001087206517819,0.00148,6.65847e-07,0.0154111111111111,0.0157,6.76e-06,0.0805555555555555,0.023,9e-06,0.0031111111111111,0.0401799999999999,0.0990777777777777,10000000.0,5.37760912371356e-10,32.0,4.0,,0.0786781824792593,3.5653622932492977,0.0170427476899623,0.0307411547638867,0.1467677451623062,61.72947603836083,1.0,1.0028471910030439
196,0.0065,0.009,600000.0,0.000127,1.0,25.0,400.0,0.0011539710699234,5066.610845205039,385.3528593710531,139.41005467577097,0.0,0.0004802351194546,0.4049137031918783,0.0466070451604946,76.2,2.894709139846819e-09,5.185305429554524e-10,1264.8870000000002,2.384966787925684,0.0001099086834333,0.00148,6.65847e-07,0.0154111111111111,0.0157,6.76e-06,0.0805555555555555,0.023,9e-06,0.0031111111111111,0.0401799999999999,0.0990777777777777,10000000.0,6.583813235791372e-10,36.0,4.0,,0.10836651626502,3.525342846841044,0.0221085003998678,0.2097601417663636,0.1824340241513093,403.5997846266055,1.0,7.302423747763065
197,0.0065,0.009,600000.0,0.000127,1.0,30.0,400.0,0.001671945476168,6079.933014246046,385.3528593710531,140.26770761209005,0.0,0.0004026579448029,0.3834242284949468,0.0675272026696637,76.2,3.930657952336006e-09,6.192791548420571e-10,1264.887,2.280263441447401,0.0001433157290836,0.00148,6.65847e-07,0.0154111111111111,0.0157,6.76e-06,0.0805555555555555,0.023,9e-06,0.0031111111111111,0.0401799999999999,0.0990777777777777,10000000.0,9.259913459642628e-10,36.0,4.0,,0.1524138863906313,3.4631375795867583,0.0299825848624357,0.1233031394346517,0.2323144321701571,222.77305420162824,1.0,3.6195502147582483
198,0.0065,0.009,600000.0,0.000127,1.0,35.0,325.0,0.001373978822756,7093.255183287054,319.92671377973846,125.55606110961054,0.0,0.0003089366737236,0.2481792679825977,0.0554928062850023,76.2,3.334724645512193e-09,5.613231509201747e-10,1264.887,2.340494420768084,0.0001046264492678,0.00148,6.65847e-07,0.0154111111111111,0.0157,6.76e-06,0.0805555555555555,0.023,9e-06,0.0031111111111111,0.0401799999999999,0.0990777777777777,10000000.0,6.199780299706999e-10,36.0,4.0,,0.1020455120195999,3.5346503055982272,0.0209303410635155,0.0504609496779954,0.1744077089583851,98.04516852430042,1.0,1.5928261206193859
199,0.0065,0.0095,400000.0,0.000127,1.0,20.0,300.0,0.0010622104750996,6079.933014246046,291.5053062825179,118.87666334008826,0.0,0.0003412519799491,0.2077156351757423,0.0429009815525144,50.8,2.7111879501992883e-09,5.006826484592564e-10,1264.887,2.4035152745633592,5.398620202812621e-05,0.00148,6.65847e-07,0.0154111111111111,0.0157,6.76e-06,0.0805555555555555,0.023,9e-06,0.0031111111111111,0.0401799999999999,0.0990777777777777,10000000.0,5.074464676011292e-10,22.0,2.0,,0.0148952424740012,3.623975808529426,0.0096233153760221,0.1097394111492266,0.0885300699083698,235.40198444963585,1.0,3.8253046820061165
200,0.0065,0.0095,400000.0,0.000127,1.0,20.0,350.0,0.0015523103428723,6079.933014246046,351.11917342151344,111.09383518284288,0.0,0.000318910290305,0.2381246360762368,0.062695331052064,50.8,3.6913876857446238e-09,5.960095232403791e-10,1264.8870000000002,2.304446487291792,8.292234954205894e-05,0.00148,6.65847e-07,0.0154111111111111,0.0157,6.76e-06,0.0805555555555555,0.023,9e-06,0.0031111111111111,0.0401799999999999,0.0990777777777777,10000000.0,8.248443877758518e-10,22.0,2.0,,0.0242119276488842,3.5791943674018967,0.015291852227608,0.1110373773752884,0.1337055320270595,226.3809536659571,1.0,3.6782875989111536
201,0.0065,0.0095,400000.0,0.000127,1.0,20.0,375.0,0.0018276761339677,6079.933014246046,351.11917342151344,124.31866745074106,0.0,0.0003568740089114,0.288623155655259,0.0738169147691424,50.8,4.4974715358709365e-09,7.197446906546157e-10,1188.2813196193597,1.82737619850586,9.951385296645782e-05,0.00148,6.65847e-07,0.0154111111111111,0.0157,6.76e-06,0.0805555555555555,0.023,9e-06,0.0031111111111111,0.0401799999999999,0.0990777777777777,10000000.0,1.0265083804707268e-09,22.0,2.0,,0.0301314369198138,3.5517701731802243,0.018763269217693,0.1444948039663026,0.1592252419347076,285.9150678172261,1.0,4.6609167887519805
202,0.0065,0.0095,400000.0,0.000127,1.0,20.0,400.0,0.0021239934877275,6079.933014246046,385.3528593710531,135.75369209509867,0.0,0.000389699836042,0.4487397437799932,0.085784698579736,50.8,5.641409788334409e-09,8.831735648030955e-10,1068.3545349696578,1.1765508866919632,0.0001341972451051,0.00148,6.65847e-07,0.0154111111111111,0.0157,6.76e-06,0.0805555555555555,0.023,9e-06,0.0031111111111111,0.0401799999999999,0.0990777777777777,10000000.0,5.675779445121209e-10,24.0,3.0,,0.062280467112153,3.5858239539332786,0.0144526640590786,0.2604945780881041,0.1273021035172855,535.01722699713,1.0,16.541858877046387
203,0.0065,0.0095,400000.0,0.000127,1.0,25.0,300.0,0.0016702140820709,7599.916267807557,291.5053062825179,119.59137484035224,0.0,0.0002746429268954,0.2045435948157923,0.0674572744323152,50.8,3.9271951641419425e-09,6.18942390033214e-10,1264.8870000000002,2.280613425450176,7.374564572206415e-05,0.00148,6.65847e-07,0.0154111111111111,0.0157,6.76e-06,0.0805555555555555,0.023,9e-06,0.0031111111111111,0.0401799999999999,0.0990777777777777,10000000.0,7.199042617046913e-10,22.0,2.0,,0.0211315857352405,3.593776464978456,0.0134460170913347,0.0757747346482365,0.1194948775676747,157.02234526123502,1.0,2.550960359291813
204,0.0065,0.0095,400000.0,0.000127,1.0,25.0,325.0,0.0020392802996851,7599.916267807557,319.92671377973846,123.43618139719776,0.0,0.0002834725680591,0.2338814435301257,0.082363268455805,50.8,5.330794765512335e-09,8.59127443999971e-10,1079.6496267086422,1.208811645339557,0.0001070299442129,0.00148,6.65847e-07,0.0154111111111111,0.0157,6.76e-06,0.0805555555555555,0.023,9e-06,0.0031111111111111,0.0401799999999999,0.0990777777777777,10000000.0,4.412084373875021e-10,24.0,3.0,,0.0484139100893656,3.609949275572909,0.011398825876847,0.062924264984955,0.1031786414477617,132.8095308727943,1.0,2.15760239629817
205,0.0065,0.0095,400000.0,0.000127,1.0,25.0,350.0,0.0024395468789225,7599.916267807557,351.11917342151344,117.16996239000768,0.0,0.0002690821261815,0.2718579449987885,0.0985293951646769,50.8,6.798438889382816e-09,9.727444467384391e-10,1026.2807494769886,1.0563807924124382,0.0001450658853607,0.00148,6.65847e-07,0.0154111111111111,0.0157,6.76e-06,0.0805555555555555,0.023,9e-06,0.0031111111111111,0.0401799999999999,0.0990777777777777,10000000.0,6.201103939479922e-10,24.0,3.0,,0.068044865678105,3.575997999384421,0.0156964557741239,0.0651036841560064,0.1367594039913661,132.26427936745432,1.0,2.1487443268218693
206,0.0065,0.0095,400000.0,0.000127,1.0,25.0,375.0,0.0028717471751492,7599.916267807557,351.11917342151344,127.98510017622648,0.0,0.0002939192107986,0.3282404382882028,0.1159852736087982,50.8,8.383173308880611e-09,1.0954259414900339e-09,968.6540433134325,0.8917888349357432,0.0001755242595116,0.00148,6.65847e-07,0.0154111111111111,0.0157,6.76e-06,0.0805555555555555,0.023,9e-06,0.0031111111111111,0.0401799999999999,0.0990777777777777,10000000.0,7.740142393813927e-10,24.0,3.0,,0.0849327723993361,3.5478720536283608,0.0192567020723593,0.0871423922800683,0.1627311168878818,171.71157742099496,1.0,2.789602088261678
207,0.0065,0.0095,400000.0,0.000127,1.0,25.0,400.0,0.0033367921524644,7599.916267807557,385.3528593710531,136.70415011462867,0.0,0.000313942606282,0.4047695903366237,0.1347676961705953,50.8,9.360351304928908e-09,1.0812281671648959e-09,833.8493542606641,0.9078440246424088,0.0002108864358076,0.00148,6.65847e-07,0.0154111111111111,0.0157,6.76e-06,0.0805555555555555,0.023,9e-06,0.0031111111111111,0.0401799999999999,0.0990777777777777,10000000.0,9.667575588719339e-10,24.0,3.0,,0.1060825441385047,3.513977948719506,0.0235470950987966,0.1237393500275235,0.1920254394269385,235.2938988161182,1.0,3.823541597177767
208,0.0065,0.0095,400000.0,0.000127,1.0,30.0,325.0,0.0029580724192587,9119.899521369069,319.92671377973846,124.67553501087836,0.0,0.0002385989645529,0.3044398074406603,0.1194718120979906,50.8,8.602911838517527e-09,1.1004917463944036e-09,947.4652742223712,0.8845945464608226,0.0001641363919556,0.00148,6.65847e-07,0.0154111111111111,0.0157,6.76e-06,0.0805555555555555,0.023,9e-06,0.0031111111111111,0.0401799999999999,0.0990777777777777,10000000.0,7.152625973253268e-10,24.0,3.0,,0.0784859403012301,3.5584945284232754,0.0179120850097119,0.0663020550414396,0.1531080093858133,132.14786888857074,1.0,2.1468531406550353
209,0.0065,0.0095,400000.0,0.000127,1.0,30.0,375.0,0.0041634549109498,9119.899521369069,351.11917342151344,130.48834363034044,0.0,0.0002497232811048,0.3748856912216431,0.1681552823254088,50.8,1.1013676821899797e-08,1.0391799659545332e-09,585.850526715031,0.9585925758315774,0.0002214350537232,0.00148,6.65847e-07,0.0154111111111111,0.0157,6.76e-06,0.0805555555555555,0.023,9e-06,0.0031111111111111,0.0401799999999999,0.0990777777777777,10000000.0,5.793828462035269e-10,24.0,4.0,,0.0635758218711999,3.561325331675873,0.0175537554840667,0.1029745870250342,0.1505060852167446,205.8711448696947,1.0,3.344657899723556
210,0.0065,0.0095,400000.0,0.000127,1.0,30.0,400.0,0.004836719677334,9119.899521369069,385.3528593710531,137.6333262265466,0.0,0.0002633970579934,0.4929404052950623,0.1953473690160402,50.8,1.2360206354668184e-08,1.0049343536124019e-09,383.8710967997728,0.9999240754183144,0.0002681095019663,0.00148,6.65847e-07,0.0154111111111111,0.0157,6.76e-06,0.0805555555555555,0.023,9e-06,0.0031111111111111,0.0401799999999999,0.0990777777777777,10000000.0,7.298645834342455e-10,24.0,4.0,,0.0800882198197028,3.52963475656723,0.0215652206876925,0.1773248164593193,0.1787523599545214,342.72738090548563,1.0,5.707980322347881
211,0.0065,0.0095,400000.0,0.000127,1.0,35.0,400.0,0.0066343040540597,10639.88277493058,385.3528593710531,138.6210931547407,0.0,0.0002273892052612,0.537542266511759,0.2679489258569853,50.8,1.895537510811943e-08,1.154966692810168e-09,303.1388378376115,0.9346506503361692,0.0004001778125482,0.00148,6.65847e-07,0.0154111111111111,0.0157,6.76e-06,0.0805555555555555,0.023,9e-06,0.0031111111111111,0.0401799999999999,0.0990777777777777,10000000.0,1.2437932129520847e-09,24.0,4.0,,0.1364817344341456,3.4323176504109605,0.0338838417201316,0.0929316062206279,0.2548392675125651,162.97408559692775,1.0,2.647651983418248
212,0.0065,0.0095,450000.0,0.000127,1.0,20.0,325.0,0.0010250367060456,5404.384901552042,319.92671377973846,121.93660933074672,0.0,0.0003937904776042,0.2479351298439545,0.0413995924984526,57.15,2.6368404120912277e-09,4.934521645094022e-10,1264.887,2.411029580239941,6.44665727731314e-05,0.00148,6.65847e-07,0.0154111111111111,0.0157,6.76e-06,0.0805555555555555,0.023,9e-06,0.0031111111111111,0.0401799999999999,0.0990777777777777,10000000.0,8.829325276959708e-10,24.0,2.0,,0.0282730994811997,3.56709604909506,0.016823284924676,0.138082437864302,0.1451521196821593,277.80012298872634,1.0,4.5240352923713605
213,0.0065,0.0095,450000.0,0.000127,1.0,20.0,350.0,0.0012265168141213,5404.384901552042,351.11917342151344,111.09383518284318,0.0,0.0003587740765931,0.2544910281600882,0.049537051695458,57.15,3.0398006282426675e-09,5.326410529306701e-10,1264.887,2.3703023911935146,7.893260380516733e-05,0.00148,6.65847e-07,0.0154111111111111,0.0157,6.76e-06,0.0805555555555555,0.023,9e-06,0.0031111111111111,0.0401799999999999,0.0990777777777777,10000000.0,4.703812804014562e-10,24.0,3.0,,0.0516150533111311,3.616125252868844,0.0106170565988806,0.1131589231534988,0.0967872066101572,240.53818794220865,1.0,3.90914228606401
214,0.0065,0.0095,450000.0,0.000127,1.0,20.0,375.0,0.0014440897848633,5404.384901552042,351.11917342151344,124.31866745074096,0.0,0.0004014832600254,0.3014699624465106,0.0583244758669767,57.15,3.4749465697267914e-09,5.749600836048548e-10,1264.887,2.3263221908877147,8.851891621729306e-05,0.00148,6.65847e-07,0.0154111111111111,0.0157,6.76e-06,0.0805555555555555,0.023,9e-06,0.0031111111111111,0.0401799999999999,0.0990777777777777,10000000.0,4.692436973375628e-10,27.0,3.0,,0.0579265042977145,3.6009605408866747,0.0125366403940918,0.1450389822818192,0.1123209760838183,303.0022474394008,1.0,4.955861184780995
215,0.0065,0.0095,450000.0,0.000127,1.0,20.0,400.0,0.001678217076723,5404.384901552042,385.3528593710531,135.75369209509876,0.0,0.0004384123155472,0.5191304656501181,0.0677805025815198,57.15,3.943201153446032e-09,6.204990125080102e-10,1264.887,2.278995700111211,0.0001077902088285,0.00148,6.65847e-07,0.0154111111111111,0.0157,6.76e-06,0.0805555555555555,0.023,9e-06,0.0031111111111111,0.0401799999999999,0.0990777777777777,10000000.0,5.854982485098237e-10,27.0,3.0,,0.072277724775087,3.5779841290395558,0.0154450469570183,0.3388922382935111,0.1348643555796399,690.002996108427,1.0,51.54956012020543
216,0.0065,0.0095,450000.0,0.000127,1.0,25.0,300.0,0.0013196753241054,6755.481126940053,291.5053062825179,119.5913748403523,0.0,0.0003089732927573,0.2162291079989956,0.0532995748601009,57.15,3.226117648210921e-09,5.507608489151326e-10,1264.887,2.351471329985324,7.014626387718505e-05,0.00148,6.65847e-07,0.0154111111111111,0.0157,6.76e-06,0.0805555555555555,0.023,9e-06,0.0031111111111111,0.0401799999999999,0.0990777777777777,10000000.0,4.118035006790474e-10,24.0,3.0,,0.0451872991695561,3.626071818185373,0.0093579976980541,0.0775622339693384,0.0862999103108718,166.7858203305155,1.0,2.7095775144025223
217,0.0065,0.0095,450000.0,0.000127,1.0,25.0,325.0,0.0016112831997512,6755.481126940053,319.92671377973846,123.4361813971976,0.0,0.0003189066390665,0.2491136443237613,0.0650771503848335,57.15,3.8093333995025096e-09,6.074800387676179e-10,1264.8870000000002,2.2925257140022826,8.799523880123833e-05,0.00148,6.65847e-07,0.0154111111111111,0.0157,6.76e-06,0.0805555555555555,0.023,9e-06,0.0031111111111111,0.0401799999999999,0.0990777777777777,10000000.0,4.661666958777008e-10,27.0,3.0,,0.0575466591569058,3.601576661967443,0.012458650383868,0.0863098347820218,0.1117002811477173,180.43673438874265,1.0,2.9313553641448022
218,0.0065,0.0095,450000.0,0.000127,1.0,25.0,350.0,0.0019275432129758,6755.481126940053,351.11917342151344,117.16996239000784,0.0,0.0003027173919542,0.2643042020247113,0.0778503863029547,57.15,4.896939851903487e-09,7.940596789606522e-10,1128.3610722144767,1.4775677861808951,0.000121456675096,0.00148,6.65847e-07,0.0154111111111111,0.0157,6.76e-06,0.0805555555555555,0.023,9e-06,0.0031111111111111,0.0401799999999999,0.0990777777777777,10000000.0,6.717610398316621e-10,27.0,3.0,,0.082926566689404,3.5613068088378355,0.0175561001471095,0.0633472490323524,0.1505231623903968,126.64395062735043,1.0,2.0574373608284016
219,0.0065,0.0095,450000.0,0.000127,1.0,25.0,375.0,0.0022690348050562,6755.481126940053,351.11917342151344,127.9851001762266,0.0,0.0003306591121484,0.3384805690270657,0.0916426853205319,57.15,6.173227951872741e-09,9.243440261978863e-10,1049.015692659173,1.1213157687558142,0.0001496796421377,0.00148,6.65847e-07,0.0154111111111111,0.0157,6.76e-06,0.0805555555555555,0.023,9e-06,0.0031111111111111,0.0401799999999999,0.0990777777777777,10000000.0,8.613764747321025e-10,27.0,3.0,,0.1063339334094985,3.525714725373275,0.0220614271679398,0.1003239502970352,0.1821163278876196,193.1084647362456,1.0,3.1372429516657676
220,0.0065,0.0095,450000.0,0.000127,1.0,25.0,400.0,0.0026364777500953,6755.481126940053,385.3528593710531,136.7041501146287,0.0,0.0003531854320673,0.4656724503249142,0.1064831179619519,57.15,7.5205187503497e-09,1.0286439309570722e-09,1000.0232999872836,0.9813849216161804,0.0001955703818162,0.00148,6.65847e-07,0.0154111111111111,0.0157,6.76e-06,0.0805555555555555,0.023,9e-06,0.0031111111111111,0.0401799999999999,0.0990777777777777,10000000.0,6.367089350647503e-10,28.0,4.0,,0.0815105989453728,3.537344054366949,0.0205893602067153,0.2374987334175894,0.1720552572201014,462.7727727097236,1.0,10.042348038592328
221,0.0065,0.0095,450000.0,0.000127,1.0,30.0,325.0,0.0023372424053402,8106.577352328062,319.92671377973846,124.67553501087856,0.0,0.000268423835122,0.2845512909518485,0.0943974811638445,57.15,6.423322486247622e-09,9.43704980897184e-10,1039.921345954632,1.0953407230569714,0.0001419331620403,0.00148,6.65847e-07,0.0154111111111111,0.0157,6.76e-06,0.0805555555555555,0.023,9e-06,0.0031111111111111,0.0401799999999999,0.0990777777777777,10000000.0,8.076681955361333e-10,27.0,3.0,,0.099703832923716,3.53565080868045,0.0208036951037404,0.0502699768642878,0.1735355314186145,97.77729558982286,1.0,1.5884742997854802
222,0.0065,0.0095,450000.0,0.000127,1.0,30.0,350.0,0.002795200376556,8106.577352328062,351.11917342151344,121.2484420780369,0.0,0.00026104537528,0.2900866087610071,0.1128936708884944,57.15,8.102501714038673e-09,1.073697877553343e-09,978.8602831258664,0.9209396419320222,0.00019139633415,0.00148,6.65847e-07,0.0154111111111111,0.0157,6.76e-06,0.0805555555555555,0.023,9e-06,0.0031111111111111,0.0401799999999999,0.0990777777777777,10000000.0,6.205964910831446e-10,28.0,4.0,,0.079447906108683,3.5410664638427094,0.0201181691338343,0.0575650317638295,0.1687823257006604,112.61044283137736,1.0,1.8294512366274778
223,0.0065,0.0095,450000.0,0.000127,1.0,30.0,375.0,0.0032896433864295,8106.577352328062,351.11917342151344,130.48834363034035,0.0,0.000280938691243,0.3642826349297681,0.1328634329484711,57.15,9.266053772859096e-09,1.083626389149261e-09,847.993984071136,0.9049495776117812,0.0002149423240734,0.00148,6.65847e-07,0.0154111111111111,0.0157,6.76e-06,0.0805555555555555,0.023,9e-06,0.0031111111111111,0.0401799999999999,0.0990777777777777,10000000.0,7.13385403205036e-10,28.0,4.0,,0.0913266145514596,3.519879499515672,0.0228000633524466,0.0999125874298374,0.1870730818745398,191.1511252731745,1.0,3.105438430673975
224,0.0065,0.0095,450000.0,0.000127,1.0,35.0,325.0,0.0032085590530114,9457.673577716074,319.92671377973846,125.8577955778008,0.0,0.0002322593293249,0.2965417292012121,0.1295885664566465,57.15,9.103885106022842e-09,1.0877507437685744e-09,872.3192840965739,0.8999718374113537,0.0001935789492468,0.00148,6.65847e-07,0.0154111111111111,0.0157,6.76e-06,0.0805555555555555,0.023,9e-06,0.0031111111111111,0.0401799999999999,0.0990777777777777,10000000.0,6.290042048818181e-10,28.0,4.0,,0.0805242500230675,3.539121751245913,0.0203643352853274,0.046248912721498,0.1704954371877891,90.28704828733916,1.0,1.4667889405484178
225,0.0065,0.0095,450000.0,0.000127,1.0,35.0,400.0,0.0052419192525903,9457.673577716074,385.3528593710531,138.6210931547408,0.0,0.0002558128559188,0.5216684288677446,0.2117127315413218,57.15,1.3654444010361576e-08,1.0194536976433988e-09,330.63309186245056,0.999019339683482,0.0003304487311129,0.00148,6.65847e-07,0.0154111111111111,0.0157,6.76e-06,0.0805555555555555,0.023,9e-06,0.0031111111111111,0.0401799999999999,0.0990777777777777,10000000.0,1.2536332186114616e-09,28.0,4.0,,0.1604883941144065,3.4074883482138425,0.0370267913653363,0.109287303212016,0.2720466447118515,187.23128160308397,1.0,3.041748164901521
226,0.0065,0.0095,500000.0,0.000127,1.0,20.0,375.0,0.0011697127257393,4863.946411396836,351.11917342151344,124.3186674507412,0.0,0.0004460925111393,0.2885464345536503,0.0472428254522511,63.5,2.926192451478699e-09,5.215923737199322e-10,1264.887,2.381784769619049,8.492229920051285e-05,0.00148,6.65847e-07,0.0154111111111111,0.0157,6.76e-06,0.0805555555555555,0.023,9e-06,0.0031111111111111,0.0401799999999999,0.0990777777777777,10000000.0,6.437394669513254e-10,27.0,3.0,,0.0794674008634348,3.579088004083137,0.0153053159388433,0.1216562082379642,0.133807501104679,248.00123489227627,1.0,4.031201711234179
227,0.0065,0.0095,500000.0,0.000127,1.0,20.0,400.0,0.0013593558321456,4863.946411396836,385.3528593710531,135.75369209509876,0.0,0.0004871247950525,0.4565608652202401,0.054902207091031,63.5,3.3054786642912847e-09,5.584789061314883e-10,1264.887,2.343450312090081,0.0001026281533485,0.00148,6.65847e-07,0.0154111111111111,0.0157,6.76e-06,0.0805555555555555,0.023,9e-06,0.0031111111111111,0.0401799999999999,0.0990777777777777,10000000.0,7.189820416735205e-10,30.0,3.0,,0.0986175948026996,3.545840099159478,0.0195139114988002,0.2628610633265094,0.1645470405037416,516.8367783960497,1.0,14.47083375979483
228,0.0065,0.0095,500000.0,0.000127,1.0,25.0,300.0,0.0010689370125254,6079.933014246046,291.5053062825179,119.5913748403523,0.0,0.0003433036586192,0.1868933946273398,0.0431726556366817,63.5,2.724641025050845e-09,5.01990993621257e-10,1264.8870000000002,2.4021555722881125,6.7755925708655e-05,0.00148,6.65847e-07,0.0154111111111111,0.0157,6.76e-06,0.0805555555555555,0.023,9e-06,0.0031111111111111,0.0401799999999999,0.0990777777777777,10000000.0,4.939144865894582e-10,27.0,3.0,,0.060972027525275,3.605704317436696,0.0119361623497854,0.0425687114653829,0.1075194911203934,89.41170843741222,1.0,1.4525683094008646
229,0.0065,0.0095,500000.0,0.000127,1.0,25.0,325.0,0.0013051393917985,6079.933014246046,319.92671377973846,123.43618139719769,0.0,0.0003543407100739,0.2375903611942142,0.0527124918117152,63.5,3.197045783597033e-09,5.479335374017701e-10,1264.887,2.354409623341849,8.411879081331678e-05,0.00148,6.65847e-07,0.0154111111111111,0.0157,6.76e-06,0.0805555555555555,0.023,9e-06,0.0031111111111111,0.0401799999999999,0.0990777777777777,10000000.0,6.364292455930648e-10,27.0,3.0,,0.0785649794322485,3.5803666674627546,0.0151434598148412,0.0661328899502504,0.1325800712197836,135.00568157423993,1.0,2.193280713187945
230,0.0065,0.0095,500000.0,0.000127,1.0,25.0,350.0,0.0015613100025104,6079.933014246046,351.11917342151344,117.16996239000768,0.0,0.0003363526577269,0.2641674488342043,0.0630588129053932,63.5,3.7093870050209102e-09,5.977600020382961e-10,1264.887,2.3026272960925382,0.0001040935836837,0.00148,6.65847e-07,0.0154111111111111,0.0157,6.76e-06,0.0805555555555555,0.023,9e-06,0.0031111111111111,0.0401799999999999,0.0990777777777777,10000000.0,7.31204546586922e-10,30.0,3.0,,0.100294067881524,3.543418486794857,0.0198204447095117,0.0606345680472869,0.1667009337471856,118.91217746749015,1.0,1.9318282095058121
231,0.0065,0.0095,500000.0,0.000127,1.0,25.0,375.0,0.0018379181920955,6079.933014246046,351.11917342151344,127.98510017622654,0.0,0.0003673990134983,0.3496070486534055,0.0742305751096308,63.5,4.5384397683820975e-09,7.273662055477711e-10,1182.1360847426854,1.7915009318193236,0.0001254755490813,0.00148,6.65847e-07,0.0154111111111111,0.0157,6.76e-06,0.0805555555555555,0.023,9e-06,0.0031111111111111,0.0401799999999999,0.0990777777777777,10000000.0,9.183551878722027e-10,30.0,3.0,,0.1259641751158824,3.5070921544222537,0.0244187146300945,0.1092322984278922,0.1977280014516263,206.2423530634496,1.0,3.350691985962208
232,0.0065,0.0095,500000.0,0.000127,1.0,25.0,400.0,0.0021355469775772,6079.933014246046,385.3528593710531,136.70415011462848,0.0,0.0003924282578525,0.4047695903366237,0.0862513255491809,63.5,5.683772584449909e-09,8.864530614085602e-10,1066.8140696563669,1.1721510481757744,0.000168863765105,0.00148,6.65847e-07,0.0154111111111111,0.0157,6.76e-06,0.0805555555555555,0.023,9e-06,0.0031111111111111,0.0401799999999999,0.0990777777777777,10000000.0,7.810999835768623e-10,28.0,4.0,,0.0999953416565391,3.5287788143013445,0.0216735678099563,0.1783429231309036,0.1794892446495269,344.3858566753572,1.0,5.742552117873634
233,0.0065,0.0095,500000.0,0.000127,1.0,30.0,300.0,0.0015511001274576,7295.919617095255,291.5053062825179,120.39970785199574,0.0,0.0002880200757054,0.2040696664995445,0.0626464523878091,63.5,3.688967254915227e-09,5.957741302911432e-10,1264.8870000000002,2.304691120235719,8.734228750312963e-05,0.00148,6.65847e-07,0.0154111111111111,0.0157,6.76e-06,0.0805555555555555,0.023,9e-06,0.0031111111111111,0.0401799999999999,0.0990777777777777,100000000.0,9.500971484875008e-11,24.0,4.0,,0.0104254393219225,3.5640170946759917,0.0172130259903809,0.0908177747898128,0.1480170867568978,182.09871877220127,1.0,2.9583575107317817
234,0.0065,0.0095,500000.0,0.000127,1.0,30.0,325.0,0.0018931663483256,7295.919617095255,319.92671377973846,124.67553501087868,0.0,0.0002982487056911,0.295055429595019,0.0764619597427141,63.5,4.759432393302449e-09,7.68478513276673e-10,1148.9871910046325,1.5979810050659449,0.0001203457596401,0.00148,6.65847e-07,0.0154111111111111,0.0157,6.76e-06,0.0805555555555555,0.023,9e-06,0.0031111111111111,0.0401799999999999,0.0990777777777777,10000000.0,8.718598671424036e-10,30.0,3.0,,0.1195867464261752,3.515987025084341,0.0232927816348936,0.0588267234261296,0.1903462871027921,112.09316188415634,1.0,1.8210475731157902
235,0.0065,0.0095,500000.0,0.000127,1.0,30.0,350.0,0.0022641123050103,7295.919617095255,351.11917342151344,121.24844207803676,0.0,0.0002900504169778,0.2855788755463153,0.0914438734196804,63.5,6.155178785037989e-09,9.22946758151541e-10,1049.672025998619,1.123190371631605,0.0001658770489294,0.00148,6.65847e-07,0.0154111111111111,0.0157,6.76e-06,0.0805555555555555,0.023,9e-06,0.0031111111111111,0.0401799999999999,0.0990777777777777,10000000.0,7.631642244527459e-10,28.0,4.0,,0.097699230532234,3.532257892604588,0.021233178151318,0.0562557715944008,0.1764858236504381,109.0293226547914,1.0,1.7712729311793882
236,0.0065,0.0095,500000.0,0.000127,1.0,30.0,375.0,0.0026646111430079,7295.919617095255,351.11917342151344,130.48834363034047,0.0,0.0003121541013811,0.3736431957112333,0.1076193806882616,63.5,7.623674524362428e-09,1.036629688313279e-09,996.2721809322752,0.970671069149242,0.0002011590773179,0.00148,6.65847e-07,0.0154111111111111,0.0157,6.76e-06,0.0805555555555555,0.023,9e-06,0.0031111111111111,0.0401799999999999,0.0990777777777777,10000000.0,8.477016067220548e-10,32.0,4.0,,0.1240246737300643,3.477417683236941,0.0281749768054505,0.1018191412929072,0.2214095631778489,186.57078708672967,1.0,3.0310166385279773
237,0.0065,0.0095,500000.0,0.000127,1.0,35.0,325.0,0.0025989328329392,8511.906219944463,319.92671377973846,125.85779557780072,0.0,0.0002580659214721,0.2968277285526521,0.1049667388298835,63.5,7.382854054110577e-09,1.0179866810725822e-09,1005.0292889414334,0.9956829021172992,0.0001787077816932,0.00148,6.65847e-07,0.0154111111111111,0.0157,6.76e-06,0.0805555555555555,0.023,9e-06,0.0031111111111111,0.0401799999999999,0.0990777777777777,10000000.0,8.418486471505307e-10,28.0,4.0,,0.1077723017089642,3.5171333282451385,0.0231476799689698,0.0439086880138042,0.1893850953451291,83.76646609106548,1.0,1.3608566054808753
238,0.0065,0.0095,550000.0,0.000127,1.0,20.0,400.0,0.0011234345720211,4421.769464906215,385.3528593710531,135.7536920950987,0.0,0.0005358372745577,0.5114819853968979,0.0453737248686207,69.85,2.8336361440423836e-09,5.12591041430982e-10,1264.8870000000002,2.3911394356116378,9.894462683080684e-05,0.00148,6.65847e-07,0.0154111111111111,0.0157,6.76e-06,0.0805555555555555,0.023,9e-06,0.0031111111111111,0.0401799999999999,0.0990777777777777,10000000.0,8.886830889378202e-10,33.0,3.0,,0.1340836934199048,3.5039384938681906,0.0248179121685835,0.2918445671083723,0.2003129582580965,549.2585426776417,1.0,18.408443390612224
239,0.0065,0.0095,550000.0,0.000127,1.0,25.0,325.0,0.0010786275965276,5527.2118311327695,319.92671377973846,123.43618139719774,0.0,0.0003897747810813,0.2519535699376395,0.0435640428195993,69.85,2.7440221930553995e-09,5.038758606626204e-10,1264.887,2.400196717637892,8.142062891737577e-05,0.00148,6.65847e-07,0.0154111111111111,0.0157,6.76e-06,0.0805555555555555,0.023,9e-06,0.0031111111111111,0.0401799999999999,0.0990777777777777,10000000.0,7.722122029545366e-10,30.0,3.0,,0.1059187931250873,3.547127992432641,0.0193508870338428,0.0622907339929527,0.163396987246487,122.64448421342374,1.0,1.992462668201632
240,0.0065,0.0095,550000.0,0.000127,1.0,25.0,350.0,0.0012903388450499,5527.2118311327695,351.11917342151344,117.1699623900078,0.0,0.0003699879234996,0.2746171681320036,0.0521147214094159,69.85,3.167444690099927e-09,5.450547570564433e-10,1264.887,2.357401405861602,9.990989372628576e-05,0.00148,6.65847e-07,0.0154111111111111,0.0157,6.76e-06,0.0805555555555555,0.023,9e-06,0.0031111111111111,0.0401799999999999,0.0990777777777777,10000000.0,8.99637227681153e-10,33.0,3.0,,0.1357364438764209,3.5017401146131464,0.0250961880236524,0.0465860028461667,0.2021050697839869,87.47950220054501,1.0,1.4211779960297022
241,0.0065,0.0095,550000.0,0.000127,1.0,25.0,375.0,0.0015189406546244,5527.2118311327695,351.11917342151344,127.98510017622664,0.0,0.0004041389148481,0.316588250466053,0.0613475827352321,69.85,3.624648309248801e-09,5.89518952027719e-10,1264.887,2.311191836074225,0.0001122209979126,0.00148,6.65847e-07,0.0154111111111111,0.0157,6.76e-06,0.0805555555555555,0.023,9e-06,0.0031111111111111,0.0401799999999999,0.0990777777777777,10000000.0,1.0453412829260351e-09,33.0,3.0,,0.1577201387578463,3.472952231070025,0.0287402239151866,0.0573405289729746,0.2248527088087674,104.60467085969871,1.0,1.6993907460447175
242,0.0065,0.0095,550000.0,0.000127,1.0,25.0,400.0,0.0017649148575018,5527.2118311327695,385.3528593710531,136.70415011462873,0.0,0.0004316710836378,0.4816132186812876,0.0712820872307281,69.85,4.246426430007441e-09,6.730415771465768e-10,1225.938085498884,2.0472126320339354,0.0001413254241634,0.00148,6.65847e-07,0.0154111111111111,0.0157,6.76e-06,0.0805555555555555,0.023,9e-06,0.0031111111111111,0.0401799999999999,0.0990777777777777,10000000.0,7.410179955431102e-10,32.0,4.0,,0.108416115289344,3.5198545787866986,0.0228032178751014,0.2617350161612154,0.187094122040533,500.7341842428184,1.0,12.902096029436173
243,0.0065,0.0095,550000.0,0.000127,1.0,30.0,325.0,0.0015646002878724,6632.654197359322,319.92671377973846,124.67553501087842,0.0,0.0003280735762602,0.2889280563671039,0.0631917022667058,69.85,3.715967575744807e-09,5.983999789926221e-10,1264.887,2.3019621978094733,0.0001052593383641,0.00148,6.65847e-07,0.0154111111111111,0.0157,6.76e-06,0.0805555555555555,0.023,9e-06,0.0031111111111111,0.0401799999999999,0.0990777777777777,10000000.0,9.61538503817874e-10,33.0,3.0,,0.1450760519269548,3.489407511347609,0.0266572770446063,0.0404803021734432,0.2120114957778719,75.07040796093436,1.0,1.219581836468066
244,0.0065,0.0095,550000.0,0.000127,1.0,30.0,350.0,0.0018711671942234,6632.654197359322,351.11917342151344,121.2484420780368,0.0,0.0003190554586756,0.2784828662858033,0.0755734491071738,69.85,4.6714357768937486e-09,7.52108084742234e-10,1162.1866834659377,1.6750383221057985,0.000141890814573,0.00148,6.65847e-07,0.0154111111111111,0.0157,6.76e-06,0.0805555555555555,0.023,9e-06,0.0031111111111111,0.0401799999999999,0.0990777777777777,10000000.0,7.44787679471657e-10,32.0,4.0,,0.1089676464125554,3.5190354961638555,0.0229068992197651,0.0537617707660739,0.1877850545132527,102.7660561516368,1.0,1.669520905673451
245,0.0065,0.0095,550000.0,0.000127,1.0,30.0,375.0,0.002202157969428,6632.654197359322,351.11917342151344,130.48834363034038,0.0,0.0003433695115192,0.3751930702751277,0.0889416369324476,69.85,5.928012887902834e-09,9.053608134820487e-10,1057.9326040762603,1.146784028222514,0.0001764608418978,0.00148,6.65847e-07,0.0154111111111111,0.0157,6.76e-06,0.0805555555555555,0.023,9e-06,0.0031111111111111,0.0401799999999999,0.0990777777777777,10000000.0,9.95329828126239e-10,32.0,4.0,,0.1456237150056897,3.4665037261967564,0.0295564903548409,0.1004477183369904,0.2297715125519194,182.0810721796581,1.0,2.9580708061416807
246,0.0065,0.0095,600000.0,0.000127,1.0,25.0,350.0,0.0010842430572989,5066.610845205039,351.11917342151344,117.16996239000784,0.0,0.0004036231892723,0.2468850545839136,0.043790842295412,76.2,2.7552531145978557e-09,5.049680958599275e-10,1264.8870000000002,2.3990616083975964,9.688653955364504e-05,0.00148,6.65847e-07,0.0154111111111111,0.0157,6.76e-06,0.0805555555555555,0.023,9e-06,0.0031111111111111,0.0401799999999999,0.0990777777777777,10000000.0,5.653206844428292e-10,36.0,4.0,,0.093049166116363,3.548070236939742,0.0192316155772478,0.0698650461721384,0.1625535811813111,137.69625500512402,1.0,2.236991346254601
247,0.0065,0.0095,600000.0,0.000127,1.0,25.0,375.0,0.0012763320778441,5066.610845205039,351.11917342151344,127.9851001762266,0.0,0.0004408788161979,0.3601942489865828,0.0515490104927992,76.2,3.139431155688228e-09,5.423303708010691e-10,1264.8870000000002,2.360232733784592,0.0001081697864285,0.00148,6.65847e-07,0.0154111111111111,0.0157,6.76e-06,0.0805555555555555,0.023,9e-06,0.0031111111111111,0.0401799999999999,0.0990777777777777,10000000.0,6.456364609731375e-10,36.0,4.0,,0.1062687709137692,3.528420697605719,0.0217188990372507,0.1621964675800144,0.179797156758775,313.08900082631965,1.0,5.1360041639404805
248,0.0065,0.0095,600000.0,0.000127,1.0,25.0,400.0,0.0014830187344286,5066.610845205039,385.3528593710531,136.70415011462865,0.0,0.000470913909423,0.4596904936369254,0.0598967538535979,76.2,3.552804468857291e-09,5.825319589400433e-10,1264.887,2.318453093022595,0.0001311295940418,0.00148,6.65847e-07,0.0154111111111111,0.0157,6.76e-06,0.0805555555555555,0.023,9e-06,0.0031111111111111,0.0401799999999999,0.0990777777777777,10000000.0,8.228844976531987e-10,36.0,4.0,,0.1354429767454508,3.486570138873944,0.0270164381172223,0.2241707630378765,0.2142559666632069,414.53882345924177,1.0,7.692426657727524
249,0.0065,0.0095,600000.0,0.000127,1.0,30.0,300.0,0.00107715286629,6079.933014246046,291.5053062825179,120.3997078519957,0.0,0.0003456240908465,0.193376587444798,0.0435044808248674,76.2,2.7410727325800192e-09,5.03589018257738e-10,1264.8870000000002,2.400494819608139,8.170750238441878e-05,0.00148,6.65847e-07,0.0154111111111111,0.0157,6.76e-06,0.0805555555555555,0.023,9e-06,0.0031111111111111,0.0401799999999999,0.0990777777777777,10000000.0,4.6320148675537245e-10,36.0,4.0,,0.0762408191890699,3.5737034770005778,0.0159869016454965,0.0334512874308605,0.1389383929597324,67.78790480847805,1.0,1.101271455453765
250,0.0065,0.0095,600000.0,0.000127,1.0,30.0,325.0,0.0013146988530038,6079.933014246046,319.92671377973846,124.67553501087842,0.0,0.0003578984468293,0.2979910347925578,0.0530985831546625,76.2,3.21616470600779e-09,5.497929004035225e-10,1264.887,2.352477273853794,0.0001014541058006,0.00148,6.65847e-07,0.0154111111111111,0.0157,6.76e-06,0.0805555555555555,0.023,9e-06,0.0031111111111111,0.0401799999999999,0.0990777777777777,10000000.0,5.973504432156439e-10,36.0,4.0,,0.0983211160497996,3.5401811423981027,0.0202302351394806,0.1063913355880955,0.1695630883862814,207.9304311313684,1.0,3.378133437950963
251,0.0065,0.0095,600000.0,0.000127,1.0,30.0,350.0,0.0015723002118127,6079.933014246046,351.11917342151344,121.248442078037,0.0,0.0003480605003734,0.2900316864517653,0.0635026898747781,76.2,3.731367423625502e-09,5.998976526986392e-10,1264.887,2.300405735184172,0.0001255580349596,0.00148,6.65847e-07,0.0154111111111111,0.0157,6.76e-06,0.0805555555555555,0.023,9e-06,0.0031111111111111,0.0401799999999999,0.0990777777777777,10000000.0,7.779783329982236e-10,36.0,4.0,,0.1280516300468106,3.4969817176470075,0.0256985167535434,0.0582973665301765,0.2059567231906588,108.94273105077949,1.0,1.7698661778347173
252,0.0065,0.0095,600000.0,0.000127,1.0,35.0,325.0,0.0018048144673189,7093.255183287054,319.92671377973846,125.85779557780086,0.0,0.0003096791057665,0.308396038619994,0.0728935686318636,76.2,4.406024869275699e-09,7.027324328962371e-10,1201.998319608645,1.90745467274331,0.0001341992436523,0.00148,6.65847e-07,0.0154111111111111,0.0157,6.76e-06,0.0805555555555555,0.023,9e-06,0.0031111111111111,0.0401799999999999,0.0990777777777777,10000000.0,8.482009223230235e-10,36.0,4.0,,0.1396099429814318,3.4807561522975687,0.0277523857851179,0.0557125270066984,0.218815343333965,102.42635332402963,1.0,1.6640021478882838
253,0.007,0.0075,400000.0,0.000127,1.0,30.0,400.0,0.0013734202465197,7863.586832200882,385.3528593710531,136.95394631347654,0.0,0.0003039703557391,0.1676501331138583,0.0597371883064241,50.8,3.561656493039422e-09,5.843743050493165e-10,1281.206,2.9334058313685056,8.765413691050358e-05,0.00148,6.65847e-07,0.0154111111111111,0.0157,6.76e-06,0.0805555555555555,0.023,9e-06,0.0031111111111111,0.0401799999999999,0.0990777777777777,10000000.0,8.807059299419088e-10,22.0,2.0,,0.0258516498041463,3.5715198617838597,0.0162633086349545,0.0418812950032878,0.1410018679445981,84.66764299953155,1.0,1.3754969813475098
254,0.007,0.0075,450000.0,0.000127,1.0,30.0,400.0,0.0010851715528056,6989.85496195634,385.3528593710531,136.95394631347662,0.0,0.0003419666502065,0.1816571352634914,0.0471997537235944,57.15,2.9851591056113982e-09,5.28308492878472e-10,1281.206,2.991672422315856,8.466326401890366e-05,0.00148,6.65847e-07,0.0154111111111111,0.0157,6.76e-06,0.0805555555555555,0.023,9e-06,0.0031111111111111,0.0401799999999999,0.0990777777777777,10000000.0,5.096295769091993e-10,24.0,3.0,,0.0559217785168818,3.609535573849108,0.0114511931836573,0.0383556030230151,0.1036035447000842,80.91594194341772,1.0,1.3145474462620534
255,0.007,0.0075,500000.0,0.000127,1.0,35.0,400.0,0.0012037680301213,7339.347710054157,385.3528593710531,138.00282426790804,0.0,0.0003281768020374,0.1834787775553537,0.0523581312237351,63.5,3.222352060242747e-09,5.513761006987574e-10,1281.206,2.967699330391265,0.0001004460706496,0.00148,6.65847e-07,0.0154111111111111,0.0157,6.76e-06,0.0805555555555555,0.023,9e-06,0.0031111111111111,0.0401799999999999,0.0990777777777777,10000000.0,4.1638941782222974e-10,28.0,4.0,,0.0533055984800236,3.6034275309334896,0.0122243631729759,0.0376350478515947,0.1098304405337962,78.84431058184418,1.0,1.2808920546229476
256,0.007,0.008,400000.0,0.000127,1.0,25.0,400.0,0.0013543385070658,6552.989026834069,385.3528593710531,139.589829055416,0.0,0.0003717848617381,0.2004897748315588,0.0589072242325283,50.8,3.5234930141316007e-09,5.806628113168331e-10,1281.206,2.9372630141817195,8.683332566601878e-05,0.00148,6.65847e-07,0.0154111111111111,0.0157,6.76e-06,0.0805555555555555,0.023,9e-06,0.0031111111111111,0.0401799999999999,0.0990777777777777,10000000.0,8.709260277100079e-10,22.0,2.0,,0.0255645771286681,3.572859109210953,0.0160937836441832,0.0758379734703622,0.1397374789877119,153.540471644048,1.0,2.4943942109074158
257,0.007,0.008,400000.0,0.000127,1.0,30.0,375.0,0.0016439522656784,7863.586832200882,351.11917342151344,131.9798585189157,0.0,0.0002929303289484,0.1995203826946469,0.0715040325861359,50.8,4.1906250627136714e-09,6.611517950296721e-10,1254.8346405929494,2.7336516409175786,9.301914044841352e-05,0.00148,6.65847e-07,0.0154111111111111,0.0157,6.76e-06,0.0805555555555555,0.023,9e-06,0.0031111111111111,0.0401799999999999,0.0990777777777777,10000000.0,9.45595040219042e-10,22.0,2.0,,0.027756361124868,3.562680494233865,0.017382215919764,0.0600799889836428,0.1492548244928416,120.29137463976372,1.0,1.9542344262246396
258,0.007,0.008,400000.0,0.000127,1.0,30.0,400.0,0.0019607145525723,7863.586832200882,385.3528593710531,141.148246100643,0.0,0.0003132796369442,0.2457336309749757,0.0852816716070431,50.8,5.457674210289238e-09,8.968669664366057e-10,1064.7772684566144,1.6241157081228683,0.0001309142198478,0.00148,6.65847e-07,0.0154111111111111,0.0157,6.76e-06,0.0805555555555555,0.023,9e-06,0.0031111111111111,0.0401799999999999,0.0990777777777777,10000000.0,5.519398218093871e-10,24.0,3.0,,0.0605644920710146,3.588771736611932,0.0140795270111478,0.0597074672969179,0.1244243757608989,123.03465631338386,1.0,1.9988013417858779
259,0.007,0.008,450000.0,0.000127,1.0,25.0,400.0,0.0010700946228668,5824.879134963618,385.3528593710531,139.58982905541583,0.0,0.0004182579694554,0.2187706809859023,0.0465439796405162,57.15,2.9550052457336103e-09,5.253759546207079e-10,1281.206,2.9947200729337045,8.393382197163267e-05,0.00148,6.65847e-07,0.0154111111111111,0.0157,6.76e-06,0.0805555555555555,0.023,9e-06,0.0031111111111111,0.0401799999999999,0.0990777777777777,10000000.0,5.045861504489562e-10,24.0,3.0,,0.055368362093945,3.610379029522985,0.0113444266426601,0.0766783392514409,0.1027368245562793,161.91895447120726,1.0,2.6305103494457356
260,0.007,0.008,450000.0,0.000127,1.0,30.0,350.0,0.0010672733623264,6989.85496195634,351.11917342151344,113.14200367164312,0.0,0.0002825095080114,0.1342293950187467,0.046421268349063,57.15,2.949362724652973e-09,5.248272053393132e-10,1281.206,2.995290362539324,7.697717091346039e-05,0.00148,6.65847e-07,0.0154111111111111,0.0157,6.76e-06,0.0805555555555555,0.023,9e-06,0.0031111111111111,0.0401799999999999,0.0990777777777777,100000000.0,1.1945300550671816e-10,21.0,3.0,,0.0114691566528205,3.5560826668686865,0.0182173839406726,0.0361589700168632,0.155312322126302,71.88153762107865,1.0,1.1677759591460244
261,0.007,0.008,450000.0,0.000127,1.0,30.0,400.0,0.0015492065600571,6989.85496195634,385.3528593710531,141.14824610064298,0.0,0.0003524395915622,0.228041399689447,0.067383049170997,57.15,3.913229120114268e-09,6.18565621963913e-10,1281.206,2.897872385950051,0.0001071181813989,0.00148,6.65847e-07,0.0154111111111111,0.0157,6.76e-06,0.0805555555555555,0.023,9e-06,0.0031111111111111,0.0401799999999999,0.0990777777777777,10000000.0,5.81341345864629e-10,27.0,3.0,,0.0717645695844935,3.578795686267978,0.0153423181939268,0.0487137809339564,0.1340876186445511,99.2729521112466,1.0,1.612772496327859
262,0.007,0.008,450000.0,0.000127,1.0,35.0,400.0,0.0021219307715603,8154.830788949064,385.3528593710531,142.47307332213035,0.0,0.0003049265262838,0.2378435145476541,0.0922938032951714,57.15,6.061895495721261e-09,9.607112559433087e-10,1024.9485637919545,1.4400749171384846,0.0001619923685113,0.00148,6.65847e-07,0.0154111111111111,0.0157,6.76e-06,0.0805555555555555,0.023,9e-06,0.0031111111111111,0.0401799999999999,0.0990777777777777,10000000.0,5.108916767090126e-10,28.0,4.0,,0.0654036472105146,3.566911199606819,0.0168466835940735,0.0399660640419679,0.145324665689275,80.38919856918605,1.0,1.3059900576832255
263,0.007,0.008,500000.0,0.000127,1.0,30.0,375.0,0.0010521294500341,6290.869465760706,351.11917342151344,131.97985851891573,0.0,0.0003661629111855,0.1991742797367899,0.045762580855127,63.5,2.919074900068376e-09,5.218816386788993e-10,1281.206,2.9983515529700893,8.478869075480636e-05,0.00148,6.65847e-07,0.0154111111111111,0.0157,6.76e-06,0.0805555555555555,0.023,9e-06,0.0031111111111111,0.0401799999999999,0.0990777777777777,10000000.0,6.425217417593392e-10,27.0,3.0,,0.0793170769188252,3.579300861731278,0.0152783719327496,0.0339146219628376,0.1336034132963047,69.15265546164105,1.0,1.1234429762049467
264,0.007,0.008,500000.0,0.000127,1.0,30.0,400.0,0.0012548573136462,6290.869465760706,385.3528593710531,141.1482461006431,0.0,0.0003915995461803,0.2403642432849802,0.0545802698285076,63.5,3.324530627292556e-09,5.613132217907695e-10,1281.206,2.9573721426195414,0.0001031928382583,0.00148,6.65847e-07,0.0154111111111111,0.0157,6.76e-06,0.0805555555555555,0.023,9e-06,0.0031111111111111,0.0401799999999999,0.0990777777777777,10000000.0,7.236833074520427e-10,30.0,3.0,,0.0992624336119235,3.544907921549838,0.0196319086645775,0.046341539844549,0.1653774788977365,91.02605233066976,1.0,1.4787946819957198
265,0.007,0.008,500000.0,0.000127,1.0,35.0,400.0,0.0017187639249638,7339.347710054157,385.3528593710531,142.4730733221304,0.0,0.0003388072514264,0.2425167978694743,0.0747579806690888,63.5,4.489871699855512e-09,7.16822068358695e-10,1209.947645021673,2.471605849472025,0.0001355545904047,0.00148,6.65847e-07,0.0154111111111111,0.0157,6.76e-06,0.0805555555555555,0.023,9e-06,0.0031111111111111,0.0401799999999999,0.0990777777777777,10000000.0,5.924977193303875e-10,28.0,4.0,,0.0758507401368192,3.5663293831677194,0.0169203312445925,0.0517280770635661,0.1458673023827436,103.98168014542368,1.0,1.689269738578125
266,0.007,0.008,550000.0,0.000127,1.0,35.0,400.0,0.0014204660536891,6672.134281867415,385.3528593710531,142.47307332213035,0.0,0.000372687976569,0.2420414564890513,0.0617834550984205,69.85,3.65574810737831e-09,5.93524949772809e-10,1281.206,2.9238959919072744,0.0001233070890899,0.00148,6.65847e-07,0.0154111111111111,0.0157,6.76e-06,0.0805555555555555,0.023,9e-06,0.0031111111111111,0.0401799999999999,0.0990777777777777,10000000.0,6.25454985491348e-10,32.0,4.0,,0.0915084386926742,3.54539904442974,0.0195697412114253,0.0485695626979566,0.1649401637568685,95.45241874547764,1.0,1.5507047225522472
267,0.007,0.0085,400000.0,0.000127,1.0,20.0,400.0,0.0011750825504191,5242.391221467255,385.3528593710531,137.22460611195592,0.0,0.0004568566309203,0.2850298354287119,0.0511104505469901,50.8,3.164981100838258e-09,5.457966314692724e-10,1281.206,2.973497813258277,7.912309781090465e-05,0.00148,6.65847e-07,0.0154111111111111,0.0157,6.76e-06,0.0805555555555555,0.023,9e-06,0.0031111111111111,0.0401799999999999,0.0990777777777777,10000000.0,7.80871717114932e-10,22.0,2.0,,0.0229211834353711,3.5852782566660246,0.0145217396625285,0.1708182014463506,0.1278327583579686,350.6219203704469,1.0,5.875681312573704
268,0.007,0.0085,400000.0,0.000127,1.0,25.0,325.0,0.001064965426009,6552.989026834069,319.92671377973846,119.58578044440004,0.0,0.0003185058907889,0.1570881710915521,0.046320884197347,50.8,2.944746852018018e-09,5.243783001858824e-10,1281.206,2.995756888786539,6.282221274580878e-05,0.00148,6.65847e-07,0.0154111111111111,0.0157,6.76e-06,0.0805555555555555,0.023,9e-06,0.0031111111111111,0.0401799999999999,0.0990777777777777,10000000.0,6.003286678156926e-10,22.0,2.0,,0.0176216441381116,3.6106599766887255,0.0113088637102878,0.0529656427560933,0.1024477559769816,111.88171954989402,1.0,1.8176125147811482
269,0.007,0.0085,400000.0,0.000127,1.0,25.0,350.0,0.0013044642606887,6552.989026834069,351.11917342151344,111.03506125511194,0.0,0.0002957318249915,0.1712129505365862,0.0567379339115104,50.8,3.423744521377553e-09,5.709620210252705e-10,1281.206,2.947344594344371,7.771617657560844e-05,0.00148,6.65847e-07,0.0154111111111111,0.0157,6.76e-06,0.0805555555555555,0.023,9e-06,0.0031111111111111,0.0401799999999999,0.0990777777777777,10000000.0,7.647794246740079e-10,22.0,2.0,,0.0224488211012647,3.587514209727144,0.0142387076294753,0.0518461955238109,0.1256543350978655,106.68545235581011,1.0,1.7331947893105308
270,0.007,0.0085,400000.0,0.000127,1.0,25.0,375.0,0.0015640203670611,6552.989026834069,351.11917342151344,134.13367716628278,0.0,0.0003572528955522,0.2567824387989233,0.0680273786693995,50.8,3.942856734122363e-09,6.214469814952351e-10,1281.206,2.894877923002253,8.788624900893808e-05,0.00148,6.65847e-07,0.0154111111111111,0.0157,6.76e-06,0.0805555555555555,0.023,9e-06,0.0031111111111111,0.0401799999999999,0.0990777777777777,10000000.0,8.834784930033282e-10,22.0,2.0,,0.0259330337563679,3.5711405257199043,0.0163113258582399,0.1226420263731558,0.1413593254844256,247.831168006832,1.0,4.02841640998015
271,0.007,0.0085,400000.0,0.000127,1.0,25.0,400.0,0.0018445818561214,6552.989026834069,385.3528593710531,139.85343431247202,0.0,0.0003724869504555,0.3391301005097506,0.0802304567483747,50.8,4.9931434244859e-09,8.10448097832378e-10,1134.456886327115,2.030898349289064,0.0001201337712028,0.00148,6.65847e-07,0.0154111111111111,0.0157,6.76e-06,0.0805555555555555,0.023,9e-06,0.0031111111111111,0.0401799999999999,0.0990777777777777,10000000.0,5.013121837962161e-10,24.0,3.0,,0.0550091089298399,3.598387583589863,0.0128623311911566,0.1637105348315359,0.1149036865305015,341.0140776073169,1.0,5.672610386492026
272,0.007,0.0085,400000.0,0.000127,1.0,30.0,400.0,0.0026711691963442,7863.586832200882,385.3528593710531,141.70093260589786,0.0,0.0003145063289683,0.2944715970363326,0.1161830384288332,50.8,8.075769719928985e-09,1.1166144136129751e-09,951.7167738207644,1.230912109417521,0.0001864888276911,0.00148,6.65847e-07,0.0154111111111111,0.0157,6.76e-06,0.0805555555555555,0.023,9e-06,0.0031111111111111,0.0401799999999999,0.0990777777777777,10000000.0,8.320441106989742e-10,24.0,3.0,,0.0913004044172147,3.537515502065379,0.0205676579664076,0.0468081541902846,0.1719050780205564,91.22351151310856,1.0,1.4820025722801518
273,0.007,0.0085,400000.0,0.000127,1.0,35.0,400.0,0.0036598104741344,9174.184637567696,385.3528593710531,143.22293927936315,0.0,0.0002724723725934,0.3170814780524659,0.1591841885345712,50.8,1.0934436948268832e-08,1.2433365402331531e-09,743.2628577596754,1.0577486117369537,0.0002449392084371,0.00148,6.65847e-07,0.0154111111111111,0.0157,6.76e-06,0.0805555555555555,0.023,9e-06,0.0031111111111111,0.0401799999999999,0.0990777777777777,10000000.0,6.535573119707356e-10,24.0,4.0,,0.0717150041992713,3.545505924870592,0.0195562120416971,0.0460022853186231,0.1648449324806138,90.41732962101416,1.0,1.4689054702502884
274,0.007,0.0085,450000.0,0.000127,1.0,25.0,350.0,0.0010306878109145,5824.879134963618,351.11917342151344,111.03506125511164,0.0,0.0003326983031155,0.1696141643177125,0.0448299724732922,57.15,2.8761916218291767e-09,5.17711132661942e-10,1281.206,3.002685765901725,7.53649671618988e-05,0.00148,6.65847e-07,0.0154111111111111,0.0157,6.76e-06,0.0805555555555555,0.023,9e-06,0.0031111111111111,0.0401799999999999,0.0990777777777777,10000000.0,4.4636915126839815e-10,24.0,3.0,,0.0489801964897483,3.6201862657705433,0.0101030043328426,0.0356239953546719,0.0925346396823432,76.08128343561616,1.0,1.2360043576896704
275,0.007,0.0085,450000.0,0.000127,1.0,25.0,375.0,0.0012357691789125,5824.879134963618,351.11917342151344,134.1336771662828,0.0,0.0004019095074963,0.2461421645164597,0.0537500275906366,57.15,3.2863543578250782e-09,5.576004841443832e-10,1281.206,2.961230618174619,8.440294003545107e-05,0.00148,6.65847e-07,0.0154111111111111,0.0157,6.76e-06,0.0805555555555555,0.023,9e-06,0.0031111111111111,0.0401799999999999,0.0990777777777777,10000000.0,5.078280539569286e-10,24.0,3.0,,0.0557240969613077,3.609836746091397,0.011413070115013,0.0964880399645152,0.1032942576935162,203.62382149824677,1.0,3.3081290746366956
276,0.007,0.0085,450000.0,0.000127,1.0,25.0,400.0,0.001457447392491,5824.879134963618,385.3528593710531,139.85343431247207,0.0,0.0004190478192625,0.3653370522321973,0.0633919658258763,57.15,3.729710784982085e-09,6.0071800507647e-10,1281.206,2.916420584081861,0.0001026773266685,0.00148,6.65847e-07,0.0154111111111111,0.0157,6.76e-06,0.0805555555555555,0.023,9e-06,0.0031111111111111,0.0401799999999999,0.0990777777777777,10000000.0,5.54064245874673e-10,27.0,3.0,,0.0683973063505652,3.584139273343231,0.0146659147666796,0.1933677800557557,0.1289382684753915,396.4041515052749,1.0,7.067698684781653
277,0.007,0.0085,450000.0,0.000127,1.0,30.0,400.0,0.0021105534390868,6989.85496195634,385.3528593710531,141.7009326058979,0.0,0.0003538196200894,0.3141538246962879,0.0917989439437694,57.15,6.020178609985044e-09,9.574817621962603e-10,1026.4655414550894,1.4444076708154896,0.0001610019827143,0.00148,6.65847e-07,0.0154111111111111,0.0157,6.76e-06,0.0805555555555555,0.023,9e-06,0.0031111111111111,0.0401799999999999,0.0990777777777777,10000000.0,9.42370661919403e-10,27.0,3.0,,0.1163323844463805,3.5109417813530306,0.0239314200818948,0.0658424963061379,0.1945498425995393,124.810208106332,1.0,2.0276466725650453
278,0.007,0.0085,450000.0,0.000127,1.0,35.0,400.0,0.0028917021030197,8154.830788949064,385.3528593710531,143.22293927936323,0.0,0.0003065314191676,0.3236459417784292,0.1257751613112662,57.15,8.884390377739219e-09,1.1792134142825099e-09,922.3123862640284,1.146928032787661,0.0002289933961952,0.00148,6.65847e-07,0.0154111111111111,0.0157,6.76e-06,0.0805555555555555,0.023,9e-06,0.0031111111111111,0.0401799999999999,0.0990777777777777,10000000.0,7.71073325515065e-10,28.0,4.0,,0.0987117427324021,3.5070059102272824,0.0244296316167997,0.0589790377347607,0.1977989153569946,111.34893716111768,1.0,1.808957017331426
279,0.007,0.0085,500000.0,0.000127,1.0,25.0,375.0,0.0010009730349191,5242.391221467256,351.11917342151344,134.1336771662829,0.0,0.0004465661194403,0.2538201246813054,0.0435375223484157,63.5,2.816762069838314e-09,5.119314601569507e-10,1281.206,3.008692310721442,8.228397901894214e-05,0.00148,6.65847e-07,0.0154111111111111,0.0157,6.76e-06,0.0805555555555555,0.023,9e-06,0.0031111111111111,0.0401799999999999,0.0990777777777777,10000000.0,6.198525513515715e-10,27.0,3.0,,0.0765186441150775,3.583273666077308,0.0147754853066699,0.0935839582178121,0.1297765642053719,191.66258164145236,1.0,3.1137489131187954
280,0.007,0.0085,500000.0,0.000127,1.0,25.0,400.0,0.0011805323879177,5242.391221467256,385.3528593710531,139.85343431247207,0.0,0.0004656086880694,0.3279735695512206,0.0513474923189598,63.5,3.175880775835489e-09,5.468566521119409e-10,1281.206,2.972396183106307,9.919686543503688e-05,0.00148,6.65847e-07,0.0154111111111111,0.0157,6.76e-06,0.0805555555555555,0.023,9e-06,0.0031111111111111,0.0401799999999999,0.0990777777777777,10000000.0,6.906411718928592e-10,30.0,3.0,,0.0947302815592702,3.5514789614612385,0.0188001314606027,0.1417157956729904,0.1594881651877952,280.32849210671657,1.0,4.566511353354132
281,0.007,0.0085,500000.0,0.000127,1.0,30.0,350.0,0.0012096776909322,6290.869465760706,319.92671377973846,116.77144791142412,0.0,0.0003239689282169,0.1556083445414865,0.0526151731026349,63.5,3.2341713818644318e-09,5.525255592747707e-10,1281.206,2.9665047515549623,8.498234630573392e-05,0.00148,6.65847e-07,0.0154111111111111,0.0157,6.76e-06,0.0805555555555555,0.023,9e-06,0.0031111111111111,0.0401799999999999,0.0990777777777777,100000000.0,8.920547267217403e-11,24.0,4.0,,0.0097885384037588,3.571136347252393,0.016311854778178,0.0530246330350927,0.1413632612987823,107.15002752931704,1.0,1.7407422032489142
282,0.007,0.0085,500000.0,0.000127,1.0,30.0,400.0,0.0017095482856603,6290.869465760706,385.3528593710531,141.7009326058979,0.0,0.0003931329112104,0.2989614547479886,0.0743571445944532,63.5,4.4530091426413275e-09,7.099643517429937e-10,1215.4770286038008,2.503885837886129,0.0001344838273909,0.00148,6.65847e-07,0.0154111111111111,0.0157,6.76e-06,0.0805555555555555,0.023,9e-06,0.0031111111111111,0.0401799999999999,0.0990777777777777,10000000.0,1.0027169916621788e-09,30.0,3.0,,0.137535476901974,3.491166539999459,0.0264346151899419,0.0468888332515612,0.2106135861559154,87.10923950685668,1.0,1.4151627675500726
283,0.007,0.0085,500000.0,0.000127,1.0,35.0,400.0,0.002342278703446,7339.347710054157,385.3528593710531,143.22293927936323,0.0,0.0003405904657418,0.3245248415981896,0.1018778806621256,63.5,6.869837912635433e-09,1.023257750902166e-09,995.5688395405298,1.356161283224672,0.0002013033657431,0.00148,6.65847e-07,0.0154111111111111,0.0157,6.76e-06,0.0805555555555555,0.023,9e-06,0.0031111111111111,0.0401799999999999,0.0990777777777777,10000000.0,8.484694704765721e-10,32.0,4.0,,0.1241370175676458,3.47724010693994,0.028197454817729,0.0583299433684181,0.2215470696277835,106.86341806957904,1.0,1.7360859918225027
284,0.007,0.0085,550000.0,0.000127,1.0,30.0,400.0,0.0014128498228597,5718.972241600641,385.3528593710531,141.7009326058979,0.0,0.0004324462023315,0.3084587667844417,0.0614521856152506,69.85,3.640515645719557e-09,5.92043554795341e-10,1281.206,2.9254355368071243,0.0001228566007004,0.00148,6.65847e-07,0.0154111111111111,0.0157,6.76e-06,0.0805555555555555,0.023,9e-06,0.0031111111111111,0.0401799999999999,0.0990777777777777,10000000.0,6.226726024914777e-10,32.0,4.0,,0.0911013566003264,3.5460246374476663,0.0194905522218144,0.1157252245688646,0.1643824469981275,227.5834805254185,1.0,3.697871698177672
285,0.007,0.0085,600000.0,0.000127,1.0,30.0,375.0,0.0010068784248834,5242.391221467255,351.11917342151344,136.03947140965218,0.0,0.0004529110072991,0.231489064429981,0.0437943784659893,76.2,2.828572849766838e-09,5.130800880319494e-10,1281.206,3.0074985951940656,9.908773289355554e-05,0.00148,6.65847e-07,0.0154111111111111,0.0157,6.76e-06,0.0805555555555555,0.023,9e-06,0.0031111111111111,0.0401799999999999,0.0990777777777777,10000000.0,5.806769437151309e-10,36.0,4.0,,0.0955767352630017,3.544279073623558,0.019711509667904,0.0519379507009899,0.1659367615696615,101.95040100280627,1.0,1.6562699026296739
286,0.007,0.0085,600000.0,0.000127,1.0,30.0,400.0,0.0011871863094863,5242.391221467255,385.3528593710531,141.7009326058979,0.0,0.0004717594934525,0.2973079587053377,0.0516369059683703,76.2,3.1891886189726846e-09,5.48150873126641e-10,1281.206,2.9710511594004307,0.0001194655129921,0.00148,6.65847e-07,0.0154111111111111,0.0157,6.76e-06,0.0805555555555555,0.023,9e-06,0.0031111111111111,0.0401799999999999,0.0990777777777777,10000000.0,7.303239544278074e-10,36.0,4.0,,0.1202079400673063,3.508170844648053,0.0242821715635375,0.0852831126696609,0.1968399929895645,161.2019408248199,1.0,2.6188617737899276
287,0.007,0.009,400000.0,0.000127,1.0,20.0,350.0,0.0011136016733589,5242.391221467255,319.92671377973846,107.04501992515668,0.0,0.0003563808892984,0.1487516791052951,0.0484363275030818,50.8,3.0420193467178834e-09,5.33838293476681e-10,1281.206,2.985925557747224,6.455758295325206e-05,0.00148,6.65847e-07,0.0154111111111111,0.0157,6.76e-06,0.0805555555555555,0.023,9e-06,0.0031111111111111,0.0401799999999999,0.0990777777777777,10000000.0,6.189618890934646e-10,22.0,2.0,,0.01816859118913,3.60801001992559,0.0116443012752417,0.0419667604130832,0.10516693124653,88.37971957891907,1.0,1.435802783524002
288,0.007,0.009,400000.0,0.000127,1.0,20.0,375.0,0.0013222957244063,5242.391221467255,351.11917342151344,133.1056891335236,0.0,0.0004431436782136,0.2749640856302168,0.0575135169921989,50.8,3.4594074488126953e-09,5.744303298756562e-10,1281.206,2.943740142268501,7.841480190392966e-05,0.00148,6.65847e-07,0.0154111111111111,0.0157,6.76e-06,0.0805555555555555,0.023,9e-06,0.0031111111111111,0.0401799999999999,0.0990777777777777,10000000.0,7.727575460933898e-10,22.0,2.0,,0.0226830055140374,3.586405047316579,0.0143791079346102,0.1545875631239804,0.1267363178913721,317.70576719456045,1.0,5.220429716180927
289,0.007,0.009,400000.0,0.000127,1.0,25.0,300.0,0.0011697735540625,6552.989026834069,291.5053062825179,119.04231209876323,0.0,0.0003170584120928,0.1620882574921935,0.0508795346886596,50.8,3.154363108125021e-09,5.447640051329286e-10,1281.206,2.974570973781804,6.12101248617275e-05,0.00148,6.65847e-07,0.0154111111111111,0.0157,6.76e-06,0.0805555555555555,0.023,9e-06,0.0031111111111111,0.0401799999999999,0.0990777777777777,10000000.0,5.831370213084346e-10,22.0,2.0,,0.0171170121037938,3.613111211038233,0.0109985808812363,0.0539117106997399,0.0999177390606359,114.20114651753818,1.0,1.855293554233156
290,0.007,0.009,400000.0,0.000127,1.0,25.0,325.0,0.0014473475353708,6552.989026834069,319.92671377973846,121.80455263028738,0.0,0.0003244153894675,0.1837014882055172,0.0629526705204633,50.8,3.7095110707417522e-09,5.987535323673123e-10,1281.206,2.918462169200132,7.646786567499969e-05,0.00148,6.65847e-07,0.0154111111111111,0.0157,6.76e-06,0.0805555555555555,0.023,9e-06,0.0031111111111111,0.0401799999999999,0.0990777777777777,10000000.0,7.505858994864941e-10,22.0,2.0,,0.0220321939046497,3.5894905781179465,0.0139885344154498,0.0585366237804041,0.1237197370649513,120.7190609362893,1.0,1.9611825494174708
291,0.007,0.009,400000.0,0.000127,1.0,25.0,375.0,0.0020766875064042,6552.989026834069,351.11917342151344,135.25854829460295,0.0,0.0003602488878802,0.3094776822815016,0.0903259384285527,50.8,5.896003523482133e-09,9.478688043178586e-10,1030.9809991461043,1.457304608186124,0.0001285548413788,0.00148,6.65847e-07,0.0154111111111111,0.0157,6.76e-06,0.0805555555555555,0.023,9e-06,0.0031111111111111,0.0401799999999999,0.0990777777777777,10000000.0,5.407656216300167e-10,24.0,3.0,,0.0593383443436323,3.590884520595348,0.0138120860005888,0.1196333995093165,0.1223500989221293,247.1035021492168,1.0,4.016501146537707
292,0.007,0.009,400000.0,0.000127,1.0,25.0,400.0,0.0024306358139081,6552.989026834069,385.3528593710531,138.1963547852081,0.0,0.0003680734692793,0.4489745133177643,0.105720990853099,50.8,7.1938139843299865e-09,1.048338211230549e-09,983.7878914789096,1.3225128338947745,0.0001678791004734,0.00148,6.65847e-07,0.0154111111111111,0.0157,6.76e-06,0.0805555555555555,0.023,9e-06,0.0031111111111111,0.0401799999999999,0.0990777777777777,10000000.0,7.344063922094913e-10,24.0,3.0,,0.080586593610988,3.5550179546121345,0.0183521576440335,0.2224869288536772,0.1562817656171927,441.7810518582333,1.0,8.874661716280453
293,0.007,0.009,400000.0,0.000127,1.0,30.0,300.0,0.0016967736136749,7863.586832200882,291.5053062825179,119.77824749261256,0.0,0.0002658487577773,0.1717917734186241,0.0738015076815137,50.8,4.401910454699717e-09,7.00458220106448e-10,1223.1418317950424,2.5486321924362776,8.1998190285408e-05,0.00148,6.65847e-07,0.0154111111111111,0.0157,6.76e-06,0.0805555555555555,0.023,9e-06,0.0031111111111111,0.0401799999999999,0.0990777777777777,10000000.0,8.140775649089801e-10,22.0,2.0,,0.0238958855685544,3.580680527238433,0.0151037307293122,0.0339143801685559,0.1322782552691039,69.25793102527234,1.0,1.1251532661676105
294,0.007,0.009,400000.0,0.000127,1.0,30.0,375.0,0.003009066839704,7863.586832200882,351.11917342151344,136.84986681254895,0.0,0.0003037393504722,0.3457410487192403,0.1308799640062957,50.8,9.314727745581528e-09,1.212527786006128e-09,906.6637547061264,1.1022328025477697,0.0001942760446119,0.00148,6.65847e-07,0.0154111111111111,0.0157,6.76e-06,0.0805555555555555,0.023,9e-06,0.0031111111111111,0.0401799999999999,0.0990777777777777,10000000.0,8.741755321309005e-10,24.0,3.0,,0.0959234956282992,3.5300791910733604,0.0215089631552708,0.0787575890846454,0.1783692219297387,152.29100795655992,1.0,2.4740955758054595
295,0.007,0.009,400000.0,0.000127,1.0,30.0,400.0,0.0035211177468853,7863.586832200882,385.3528593710531,140.20901825787266,0.0,0.0003111950133961,0.383479122467463,0.1531517206243297,50.8,1.0657051493770793e-08,1.2503911458046744e-09,784.8706759343811,1.0492343114420457,0.0002396480626348,0.00148,6.65847e-07,0.0154111111111111,0.0157,6.76e-06,0.0805555555555555,0.023,9e-06,0.0031111111111111,0.0401799999999999,0.0990777777777777,10000000.0,6.365859067689835e-10,24.0,4.0,,0.0698527277423817,3.5490908542760486,0.0191024235093609,0.1202946741007515,0.1616381026712618,237.3466358013617,1.0,3.8570335944381084
296,0.007,0.009,450000.0,0.000127,1.0,20.0,375.0,0.0010447768686667,4659.903307970893,351.11917342151344,133.10568913352367,0.0,0.0004985366379903,0.2495276618987632,0.0454427788580337,57.15,2.904369737333487e-09,5.20451524840025e-10,1281.206,2.9998378037677047,7.598581798620252e-05,0.00148,6.65847e-07,0.0154111111111111,0.0157,6.76e-06,0.0805555555555555,0.023,9e-06,0.0031111111111111,0.0401799999999999,0.0990777777777777,10000000.0,4.5052513107624336e-10,24.0,3.0,,0.0494362331737737,3.619481781878348,0.0101921795090699,0.1144686498669556,0.0932752218646353,244.26834666270665,1.0,3.970108959464202
297,0.007,0.009,450000.0,0.000127,1.0,20.0,400.0,0.0012230801770505,4659.903307970893,385.3528593710531,135.31439072573534,0.0,0.0005068091519097,0.3840502355790035,0.0531981169168474,57.15,3.260976354101024e-09,5.551324098372094e-10,1281.206,2.96379557301101,9.13359213966584e-05,0.00148,6.65847e-07,0.0154111111111111,0.0157,6.76e-06,0.0805555555555555,0.023,9e-06,0.0031111111111111,0.0401799999999999,0.0990777777777777,10000000.0,4.858678401232613e-10,27.0,3.0,,0.0599786969728328,3.597639019419784,0.0129570861493944,0.2306934216893231,0.1156522683672573,480.135066153013,1.0,11.217335096515969
298,0.007,0.009,450000.0,0.000127,1.0,25.0,325.0,0.0011435832378239,5824.879134963618,319.92671377973846,121.8045526302874,0.0,0.000364967313151,0.1738536973903859,0.0497403816457981,57.15,3.101982475647805e-09,5.39669857672938e-10,1281.206,2.979865084306277,7.383080897846778e-05,0.00148,6.65847e-07,0.0154111111111111,0.0157,6.76e-06,0.0805555555555555,0.023,9e-06,0.0031111111111111,0.0401799999999999,0.0990777777777777,10000000.0,4.36139872781053e-10,24.0,3.0,,0.0478577352514777,3.6219231231083975,0.0098831489736206,0.0360755804931099,0.0907036060382425,77.2011812342603,1.0,1.2541980381427955
299,0.007,0.009,450000.0,0.000127,1.0,25.0,375.0,0.0016408395112329,5824.879134963618,351.11917342151344,135.25854829460303,0.0,0.0004052799988653,0.3034698904474099,0.0713686427089799,57.15,4.178174044931847e-09,6.58835473049385e-10,1256.7022932602229,2.744554810423855,0.0001043499278567,0.00148,6.65847e-07,0.0154111111111111,0.0157,6.76e-06,0.0805555555555555,0.023,9e-06,0.0031111111111111,0.0401799999999999,0.0990777777777777,10000000.0,5.642989405619613e-10,27.0,3.0,,0.0696607438546869,3.5821305753284194,0.0149201803381746,0.122260503883743,0.1308811191424912,250.07513654457043,1.0,4.065183899282294
300,0.007,0.009,450000.0,0.000127,1.0,25.0,400.0,0.001920502371483,5824.879134963618,385.3528593710531,138.1963547852079,0.0,0.0004140826529392,0.4102115313048922,0.0835326347481275,57.15,5.296825485932018e-09,8.669435142129915e-10,1088.9045771101974,1.7649685233116206,0.0001430804006892,0.00148,6.65847e-07,0.0154111111111111,0.0157,6.76e-06,0.0805555555555555,0.023,9e-06,0.0031111111111111,0.0401799999999999,0.0990777777777777,10000000.0,8.15538723428773e-10,27.0,3.0,,0.1006754222500833,3.534187680525831,0.0209889011992619,0.1858234743066812,0.1748103751855719,360.8772321873004,1.0,6.106746698916077
301,0.007,0.009,450000.0,0.000127,1.0,30.0,375.0,0.0023775342930994,6989.85496195634,351.11917342151344,136.849866812549,0.0,0.0003417067692812,0.3395745485162422,0.1034113295852213,57.15,6.999108408031491e-09,1.033265167543936e-09,990.8680942534004,1.3427351320542054,0.0001684826126692,0.00148,6.65847e-07,0.0154111111111111,0.0157,6.76e-06,0.0805555555555555,0.023,9e-06,0.0031111111111111,0.0401799999999999,0.0990777777777777,10000000.0,9.976234017265455e-10,27.0,3.0,,0.1231531432292023,3.501006706531835,0.0251890244896411,0.0728300757018186,0.2027011561417267,136.65862422483224,1.0,2.220134159252731
302,0.007,0.009,450000.0,0.000127,1.0,30.0,400.0,0.0027821177259341,6989.85496195634,385.3528593710531,140.20901825787254,0.0,0.0003500943900706,0.3948975321762198,0.1210087669130506,57.15,8.482580995091845e-09,1.148107523565492e-09,936.9236365421148,1.188660320550674,0.0002194562441678,0.00148,6.65847e-07,0.0154111111111111,0.0157,6.76e-06,0.0805555555555555,0.023,9e-06,0.0031111111111111,0.0401799999999999,0.0990777777777777,10000000.0,7.317205109127908e-10,28.0,4.0,,0.0936738497301759,3.5157634513548226,0.0233210821069845,0.1400349155329933,0.1905334913163506,266.7720751380407,1.0,4.340240198814605
303,0.007,0.009,500000.0,0.000127,1.0,25.0,375.0,0.0013290800040987,5242.391221467256,351.11917342151344,135.25854829460303,0.0,0.0004503111098503,0.3066066619035552,0.0578086005942737,63.5,3.4729760081973993e-09,5.757499061972177e-10,1281.206,2.942368767971489,9.83507600414857e-05,0.00148,6.65847e-07,0.0154111111111111,0.0157,6.76e-06,0.0805555555555555,0.023,9e-06,0.0031111111111111,0.0401799999999999,0.0990777777777777,10000000.0,6.837115446453718e-10,30.0,3.0,,0.0937797944366214,3.5528627967248143,0.0186249624398969,0.1148382668726599,0.1582372883201586,227.50003175040905,1.0,3.696512551385096
304,0.007,0.009,500000.0,0.000127,1.0,25.0,400.0,0.0015556069209012,5242.391221467256,385.3528593710531,138.1963547852079,0.0,0.0004600918365991,0.4268881321898679,0.0676614341459833,63.5,3.926029841802467e-09,6.198105241498942e-10,1281.206,2.8965786170090246,0.0001193643864964,0.00148,6.65847e-07,0.0154111111111111,0.0157,6.76e-06,0.0805555555555555,0.023,9e-06,0.0031111111111111,0.0401799999999999,0.0990777777777777,10000000.0,8.630857781909858e-10,30.0,3.0,,0.1183832677593649,3.51767507505427,0.0230791044235101,0.2006634302845194,0.18893003822315,383.0290365999343,1.0,6.671202244367429
305,0.007,0.009,500000.0,0.000127,1.0,30.0,325.0,0.0013430182714619,6290.869465760706,319.92671377973846,123.78481399765926,0.0,0.0003434267043667,0.1942090296462624,0.0584148483208914,63.5,3.5008525429238842e-09,5.784609688907052e-10,1281.206,2.939551286606683,9.093045380429674e-05,0.00148,6.65847e-07,0.0154111111111111,0.0157,6.76e-06,0.0805555555555555,0.023,9e-06,0.0031111111111111,0.0401799999999999,0.0990777777777777,100000000.0,1.0601797569198695e-10,24.0,4.0,,0.0116333784852361,3.5508691909394736,0.0188773176025983,0.0839808028401348,0.1600381699639481,166.01400305383268,1.0,2.6970385261583174
306,0.007,0.009,500000.0,0.000127,1.0,30.0,350.0,0.0016226763431787,6290.869465760706,319.92671377973846,120.35524072549715,0.0,0.000333911748467,0.2010195209413531,0.0705786320818271,63.5,4.105521372714882e-09,6.453195513366699e-10,1267.6001940927677,2.8081756656941685,0.0001045827541843,0.00148,6.65847e-07,0.0154111111111111,0.0157,6.76e-06,0.0805555555555555,0.023,9e-06,0.0031111111111111,0.0401799999999999,0.0990777777777777,10000000.0,4.3612131624485316e-10,28.0,4.0,,0.0558316488779087,3.5991677819631174,0.0127635719034029,0.0344292399816172,0.1141221197686481,71.78049388799438,1.0,1.1661344188253346
307,0.007,0.009,500000.0,0.000127,1.0,30.0,375.0,0.0019258027774105,6290.869465760706,351.11917342151344,136.84986681254898,0.0,0.0003796741880902,0.3282759224968152,0.0837631769640292,63.5,5.3180271096423745e-09,8.708877529795417e-10,1085.724333553644,1.7464025794528169,0.0001460945480422,0.00148,6.65847e-07,0.0154111111111111,0.0157,6.76e-06,0.0805555555555555,0.023,9e-06,0.0031111111111111,0.0401799999999999,0.0990777777777777,10000000.0,6.496194131245987e-10,28.0,4.0,,0.0831633805247962,3.5547270426782087,0.0183889819394672,0.1211693650079897,0.1565462602674279,240.52446021242628,1.0,3.9089180504477943
308,0.007,0.009,500000.0,0.000127,1.0,30.0,400.0,0.0022535153580066,6290.869465760706,385.3528593710531,140.20901825787263,0.0,0.0003889937667452,0.3915304352778379,0.098017101199571,63.5,6.5443723126910675e-09,9.98061979421382e-10,1007.4039522657796,1.3899644363127124,0.000192718375589,0.00148,6.65847e-07,0.0154111111111111,0.0157,6.76e-06,0.0805555555555555,0.023,9e-06,0.0031111111111111,0.0401799999999999,0.0990777777777777,10000000.0,9.330556624813687e-10,28.0,4.0,,0.1194484979082218,3.500039689833148,0.02531143166669,0.1338848361700449,0.2034857507313776,250.9747842603228,1.0,4.079935113007727
309,0.007,0.009,500000.0,0.000127,1.0,35.0,300.0,0.0014907291483731,7339.347710054157,291.5053062825179,120.64272202394496,0.0,0.0002868937133202,0.1575091031347277,0.0648395624543198,63.5,3.796274296746298e-09,6.07191473004319e-10,1281.206,2.909693009947852,8.955484482597569e-05,0.00148,6.65847e-07,0.0154111111111111,0.0157,6.76e-06,0.0805555555555555,0.023,9e-06,0.0031111111111111,0.0401799999999999,0.0990777777777777,100000000.0,1.0137104597690463e-10,24.0,4.0,,0.0111234697474301,3.5563638096025354,0.0181817962528437,0.0413660709329777,0.1550559636869879,82.25785224848588,1.0,1.3363479063725419
310,0.007,0.009,500000.0,0.000127,1.0,35.0,325.0,0.0018426887256035,7339.347710054157,319.92671377973846,125.41487040599128,0.0,0.0002982420926246,0.2215348986913924,0.0801481146578698,63.5,4.985570902414042e-09,8.090393455818704e-10,1135.5927646378937,2.0375294932795587,0.0001257949180194,0.00148,6.65847e-07,0.0154111111111111,0.0157,6.76e-06,0.0805555555555555,0.023,9e-06,0.0031111111111111,0.0401799999999999,0.0990777777777777,10000000.0,5.41470642528881e-10,28.0,4.0,,0.0693183242031566,3.576868711749785,0.0155862390190145,0.0318884598303659,0.1359296443158491,64.84668777475095,1.0,1.05348891411856
311,0.007,0.009,550000.0,0.000127,1.0,25.0,375.0,0.0010984132265278,4765.810201333868,351.11917342151344,135.25854829460306,0.0,0.0004953422208353,0.2964767428515045,0.0477757029704741,69.85,3.011642453055698e-09,5.308840646257994e-10,1281.206,2.9889957503896607,9.576043620925144e-05,0.00148,6.65847e-07,0.0154111111111111,0.0157,6.76e-06,0.0805555555555555,0.023,9e-06,0.0031111111111111,0.0401799999999999,0.0990777777777777,10000000.0,8.529935613303912e-10,33.0,3.0,,0.128698890065837,3.5111347091316776,0.0239069988440914,0.0798221498151934,0.1943899033747589,151.3399093054943,1.0,2.458644148075391
312,0.007,0.009,550000.0,0.000127,1.0,25.0,400.0,0.0012856255544638,4765.810201333868,385.3528593710531,138.19635478520811,0.0,0.000506101020259,0.444337938066023,0.0559185406165151,69.85,3.3860671089276594e-09,5.672977984709873e-10,1281.206,2.9511526504206818,0.0001153318281802,0.00148,6.65847e-07,0.0154111111111111,0.0157,6.76e-06,0.0805555555555555,0.023,9e-06,0.0031111111111111,0.0401799999999999,0.0990777777777777,10000000.0,1.0840774135928874e-09,33.0,3.0,,0.163564610801098,3.4654380050632527,0.0296913917641452,0.1846747866484098,0.2305784208267235,334.40835297091286,1.0,5.5393030259520835
313,0.007,0.009,550000.0,0.000127,1.0,30.0,375.0,0.0015915725433145,5718.972241600641,351.11917342151344,136.84986681254895,0.0,0.0004176416068993,0.3499052590603062,0.0692257660859745,69.85,3.997961086629079e-09,6.268060175373946e-10,1281.206,2.8893085260944,0.0001223281255352,0.00148,6.65847e-07,0.0154111111111111,0.0157,6.76e-06,0.0805555555555555,0.023,9e-06,0.0031111111111111,0.0401799999999999,0.0990777777777777,10000000.0,6.19414804000646e-10,32.0,4.0,,0.0906247178966838,3.54675776573854,0.0193977511723367,0.1498747750776477,0.1637279136394859,294.97234021671954,1.0,4.81591564584883
314,0.007,0.009,550000.0,0.000127,1.0,30.0,400.0,0.0018624093867823,5718.972241600641,385.3528593710531,140.20901825787232,0.0,0.0004278931434197,0.3822025103731234,0.0810058687599759,69.85,5.064453547129423e-09,8.23714258670835e-10,1123.7603679305864,1.9684531445419704,0.0001674603500732,0.00148,6.65847e-07,0.0154111111111111,0.0157,6.76e-06,0.0805555555555555,0.023,9e-06,0.0031111111111111,0.0401799999999999,0.0990777777777777,10000000.0,9.259096096102427e-10,32.0,4.0,,0.1354670515247637,3.480692694161712,0.0277604184605427,0.1255495900883838,0.2188648158349934,230.8057624750501,1.0,3.7503681577214016
315,0.007,0.009,550000.0,0.000127,1.0,35.0,325.0,0.0015228832443004,6672.134281867415,319.92671377973846,125.41487040599132,0.0,0.0003280663018871,0.2162235432711655,0.0662381112874957,69.85,3.860582488600844e-09,6.134456054326536e-10,1281.206,2.903193380997113,0.000108850350361,0.00148,6.65847e-07,0.0154111111111111,0.0157,6.76e-06,0.0805555555555555,0.023,9e-06,0.0031111111111111,0.0401799999999999,0.0990777777777777,10000000.0,5.385197361833245e-10,32.0,4.0,,0.0787892037100222,3.565187342882568,0.0170648933060041,0.0310162282736475,0.146930436047007,62.26995906812128,1.0,1.0116277918272476
316,0.007,0.009,600000.0,0.000127,1.0,25.0,400.0,0.0010802825839591,4368.659351222713,385.3528593710531,138.196354785208,0.0,0.0005521102039189,0.4691932951707441,0.0469871070458217,76.2,2.9753811679183807e-09,5.273575639929824e-10,1281.206,2.9926606784784893,0.0001125689707088,0.00148,6.65847e-07,0.0154111111111111,0.0157,6.76e-06,0.0805555555555555,0.023,9e-06,0.0031111111111111,0.0401799999999999,0.0990777777777777,10000000.0,6.780798365799837e-10,36.0,4.0,,0.1116088002622306,3.5206070447116677,0.0227079690238395,0.2704173878626916,0.1864583468936611,517.7493418414136,1.0,14.566939200738698
317,0.007,0.009,600000.0,0.000127,1.0,30.0,375.0,0.0013373630398684,5242.391221467255,351.11917342151344,136.84986681254895,0.0,0.0004556090257083,0.3387834473465113,0.0581688728916869,76.2,3.4895420797369356e-09,5.77360998069616e-10,1281.206,2.940694435120988,0.000118507705146,0.00148,6.65847e-07,0.0154111111111111,0.0157,6.76e-06,0.0805555555555555,0.023,9e-06,0.0031111111111111,0.0401799999999999,0.0990777777777777,10000000.0,7.229632134000671e-10,36.0,4.0,,0.1189963961887999,3.5099121917496423,0.0240617478797921,0.1214381782660243,0.1954023109257686,229.9530493597545,1.0,3.7364731363864845
318,0.007,0.009,600000.0,0.000127,1.0,30.0,400.0,0.0015649412208379,5242.391221467255,385.3528593710531,140.20901825787251,0.0,0.0004667925200942,0.3714376438261936,0.0680674313885909,76.2,3.944698441675906e-09,6.216260921590861e-10,1281.206,2.8946917816198163,0.0001438396186258,0.00148,6.65847e-07,0.0154111111111111,0.0157,6.76e-06,0.0805555555555555,0.023,9e-06,0.0031111111111111,0.0401799999999999,0.0990777777777777,10000000.0,9.305869995278593e-10,36.0,4.0,,0.1531703096803147,3.462108175875773,0.030112889129649,0.1100199027572879,0.2330887350494664,198.57360595594253,1.0,3.226051598579217
319,0.007,0.0095,400000.0,0.000127,1.0,20.0,350.0,0.0014483952070554,5242.391221467255,319.92671377973846,109.47581046166798,0.0,0.0003644736272297,0.2144896149159431,0.0629982392099184,50.8,3.711606414110912e-09,5.989573097483215e-10,1281.206,2.91825039284581,7.650525834518798e-05,0.00148,6.65847e-07,0.0154111111111111,0.0157,6.76e-06,0.0805555555555555,0.023,9e-06,0.0031111111111111,0.0401799999999999,0.0990777777777777,10000000.0,7.510099164993381e-10,22.0,2.0,,0.0220446402149951,3.5894314784186285,0.0139960153900469,0.0892667354910295,0.1237777118635616,184.08105611631728,1.0,2.9905648348826683
320,0.007,0.0095,400000.0,0.000127,1.0,20.0,375.0,0.0017081381145196,5242.391221467255,351.11917342151344,132.53077490115157,0.0,0.000441229638256,0.342714246548083,0.0742958089186568,50.8,4.447368458078758e-09,7.089149884005672e-10,1216.3231312881862,2.508825300747303,9.845496326416456e-05,0.00148,6.65847e-07,0.0154111111111111,0.0157,6.76e-06,0.0805555555555555,0.023,9e-06,0.0031111111111111,0.0401799999999999,0.0990777777777777,10000000.0,1.0131318967120691e-09,22.0,2.0,,0.0297387926080371,3.553565362063642,0.0185360301185263,0.198499645021389,0.157600799175458,393.53451585487954,1.0,6.978477192250823
321,0.007,0.0095,400000.0,0.000127,1.0,25.0,300.0,0.0015545487989225,6552.989026834069,291.5053062825179,120.82909601483864,0.0,0.0003218173491564,0.1919961144580602,0.0676154109188965,50.8,3.923913597845119e-09,6.196047141344321e-10,1281.206,2.8967925057857937,7.371885020009507e-05,0.00148,6.65847e-07,0.0154111111111111,0.0157,6.76e-06,0.0805555555555555,0.023,9e-06,0.0031111111111111,0.0401799999999999,0.0990777777777777,10000000.0,7.19604071420293e-10,22.0,2.0,,0.0211227741514382,3.593818490699458,0.0134406973798154,0.0630779293877253,0.119453248553097,130.71788017461762,1.0,2.123621771184131
322,0.007,0.0095,400000.0,0.000127,1.0,25.0,325.0,0.0019000357699472,6552.989026834069,319.92671377973846,121.90839331405915,0.0,0.00032469195972,0.2383156550749064,0.0826424358210106,50.8,5.214959079789094e-09,8.517135178127942e-10,1101.1845380316358,1.8366577071748864,0.000105056489099,0.00148,6.65847e-07,0.0154111111111111,0.0157,6.76e-06,0.0805555555555555,0.023,9e-06,0.0031111111111111,0.0401799999999999,0.0990777777777777,10000000.0,4.3228818645060797e-10,24.0,3.0,,0.0474350887653888,3.611678890999518,0.0111798872152509,0.0680581304885068,0.1013978231441578,143.930432371832,1.0,2.3382708334135587
323,0.007,0.0095,400000.0,0.000127,1.0,25.0,375.0,0.0026835775796467,6552.989026834069,351.11917342151344,134.30221020611705,0.0,0.0003577017680334,0.3838437624357265,0.1167227435422532,50.8,8.121267125371576e-09,1.120136574574674e-09,950.0623227137608,1.2261867075269757,0.0001713348892861,0.00148,6.65847e-07,0.0154111111111111,0.0157,6.76e-06,0.0805555555555555,0.023,9e-06,0.0031111111111111,0.0401799999999999,0.0990777777777777,10000000.0,7.522253716515585e-10,24.0,3.0,,0.0825418745972281,3.551795309347817,0.0187600874243269,0.1443991442962451,0.1592025397961122,285.7334989209251,1.0,4.657835511545743
324,0.007,0.0095,400000.0,0.000127,1.0,25.0,400.0,0.0031243785612114,6552.989026834069,385.3528593710531,135.4787991404889,0.0,0.0003608355060518,0.4166969432419483,0.1358954703956031,50.8,9.737537391108552e-09,1.2452594025283995e-09,891.2888585051436,1.0583194083909282,0.0002215481602594,0.00148,6.65847e-07,0.0154111111111111,0.0157,6.76e-06,0.0805555555555555,0.023,9e-06,0.0031111111111111,0.0401799999999999,0.0990777777777777,10000000.0,5.797324447792691e-10,24.0,4.0,,0.0636141834086936,3.5612498427669124,0.017563311042163,0.1770072894376515,0.1505756780895243,353.8514604224649,1.0,5.946720779303368
325,0.007,0.0095,400000.0,0.000127,1.0,30.0,375.0,0.0038900380348424,7863.586832200882,351.11917342151344,135.69324781430907,0.0,0.0003011722255531,0.3519358064783914,0.1691979823330796,50.8,1.1394892069684912e-08,1.2316260153577382e-09,674.194589547263,1.0718822049463002,0.0002317187845454,0.00148,6.65847e-07,0.0154111111111111,0.0157,6.76e-06,0.0805555555555555,0.023,9e-06,0.0031111111111111,0.0401799999999999,0.0990777777777777,10000000.0,6.114541203708822e-10,24.0,4.0,,0.0670950106545867,3.5544370515750465,0.0184256896740447,0.0754628134907249,0.1568097527130378,149.74892597474974,1.0,2.432797243884092
326,0.007,0.0095,400000.0,0.000127,1.0,30.0,400.0,0.0045280543664481,7863.586832200882,385.3528593710531,137.56708642974564,0.0,0.000305331225026,0.4732764497955886,0.196948630279534,50.8,1.267092473289623e-08,1.1991733146506168e-09,482.7896900655657,1.111049814871461,0.0002780625244432,0.00148,6.65847e-07,0.0154111111111111,0.0157,6.76e-06,0.0805555555555555,0.023,9e-06,0.0031111111111111,0.0401799999999999,0.0990777777777777,10000000.0,7.636893182021822e-10,24.0,4.0,,0.0837998162650203,3.5227263698033973,0.0224397000248864,0.1523480032510342,0.1846623253761646,292.33406489967945,1.0,4.770486349632916
327,0.007,0.0095,400000.0,0.000127,1.0,35.0,400.0,0.0062096805448554,9174.184637567696,385.3528593710531,139.27622858575234,0.0,0.0002649640109299,0.4844464058689662,0.2700912972345947,50.8,1.8453538179421602e-08,1.2892987400460174e-09,319.93497729926264,1.0853762910667022,0.0003930484595962,0.00148,6.65847e-07,0.0154111111111111,0.0157,6.76e-06,0.0805555555555555,0.023,9e-06,0.0031111111111111,0.0401799999999999,0.0990777777777777,10000000.0,1.2116970533936124e-09,24.0,4.0,,0.1329598149706856,3.4379487463507625,0.0331710447657263,0.0412152936636858,0.2508229875151782,72.66880027857721,1.0,1.1805657023177207
328,0.007,0.0095,450000.0,0.000127,1.0,20.0,350.0,0.0011444110277969,4659.903307970893,319.92671377973846,109.47581046166798,0.0,0.0004100328306334,0.2122885969118846,0.0497763865362318,57.15,3.103638055593806e-09,5.398308669616365e-10,1281.206,2.9796977548411343,7.386403885093844e-05,0.00148,6.65847e-07,0.0154111111111111,0.0157,6.76e-06,0.0805555555555555,0.023,9e-06,0.0031111111111111,0.0401799999999999,0.0990777777777777,10000000.0,4.363608334352738e-10,24.0,3.0,,0.0478819813182802,3.6218855621916304,0.0098879035200468,0.0744502290573724,0.0907432817587882,159.31538060752888,1.0,2.5882128245797955
329,0.007,0.0095,450000.0,0.000127,1.0,20.0,375.0,0.0013496399917192,4659.903307970893,351.11917342151344,132.53077490115166,0.0,0.000496383343038,0.3313442385683131,0.0587028613678275,57.15,3.51409598343852e-09,5.797489265893543e-10,1281.206,2.938212772073869,8.942191917200771e-05,0.00148,6.65847e-07,0.0154111111111111,0.0157,6.76e-06,0.0805555555555555,0.023,9e-06,0.0031111111111111,0.0401799999999999,0.0990777777777777,10000000.0,4.745593574917866e-10,27.0,3.0,,0.0585827040773086,3.599897145808233,0.0126712473660464,0.1738786731231768,0.1133902273396857,362.81395239574135,1.0,6.152282406992386
330,0.007,0.0095,450000.0,0.000127,1.0,20.0,400.0,0.0015716042910543,4659.903307970893,385.3528593710531,132.49898742095743,0.0,0.0004962642855912,0.5011939748295124,0.0683572429602686,57.15,3.9580245821087684e-09,6.22922092631533e-10,1281.206,2.8933449086062666,0.0001082021980734,0.00148,6.65847e-07,0.0154111111111111,0.0157,6.76e-06,0.0805555555555555,0.023,9e-06,0.0031111111111111,0.0401799999999999,0.0990777777777777,10000000.0,5.880504816426975e-10,27.0,3.0,,0.0725927890889585,3.5774862164398127,0.0155080738683782,0.3200639427802852,0.1353402156163881,651.3091203786008,1.0,39.466480791056945
331,0.007,0.0095,450000.0,0.000127,1.0,25.0,300.0,0.0012282854707536,5824.879134963618,291.5053062825179,120.82909601483856,0.0,0.000362044517801,0.2004704313654733,0.0534245222075231,57.15,3.271386941507254e-09,5.56144865488934e-10,1281.206,2.962743374941862,7.100104284753583e-05,0.00148,6.65847e-07,0.0154111111111111,0.0157,6.76e-06,0.0805555555555555,0.023,9e-06,0.0031111111111111,0.0401799999999999,0.0990777777777777,10000000.0,4.174206055327056e-10,24.0,3.0,,0.0458036654633599,3.6251121769714234,0.0094794712694402,0.0610622436945901,0.0873223239593797,131.15816579635344,1.0,2.1307745814021524
332,0.007,0.0095,450000.0,0.000127,1.0,25.0,325.0,0.0015012628305756,5824.879134963618,319.92671377973846,121.90839331405908,0.0,0.000365278454685,0.2447020010859103,0.0652977270684528,57.15,3.8173416611512476e-09,6.092403268611117e-10,1281.206,2.907563731427444,8.819122590333224e-05,0.00148,6.65847e-07,0.0154111111111111,0.0157,6.76e-06,0.0805555555555555,0.023,9e-06,0.0031111111111111,0.0401799999999999,0.0990777777777777,10000000.0,4.673177794914977e-10,27.0,3.0,,0.0576887564301989,3.601346126758977,0.0124878320558257,0.0815355175872584,0.1119326293689508,170.41110576333978,1.0,2.7684743491529753
333,0.007,0.0095,450000.0,0.000127,1.0,25.0,375.0,0.0021203575937949,5824.879134963618,351.11917342151344,134.3022102061171,0.0,0.0004024144890376,0.3448625033830956,0.0922253776136322,57.15,6.056127177248329e-09,9.602647041906895e-10,1025.1583208273337,1.4406740199390091,0.0001480874684381,0.00148,6.65847e-07,0.0154111111111111,0.0157,6.76e-06,0.0805555555555555,0.023,9e-06,0.0031111111111111,0.0401799999999999,0.0990777777777777,10000000.0,8.502280378114314e-10,27.0,3.0,,0.104957697600979,3.5277679287930965,0.0218015280008738,0.1074994281684842,0.1803578194004175,207.3650700126457,1.0,3.36894266367395
334,0.007,0.0095,450000.0,0.000127,1.0,25.0,400.0,0.0024686447891053,5824.879134963618,385.3528593710531,135.4787991404893,0.0,0.0004059399443082,0.416480937078643,0.1073741988310939,57.15,7.333180226719528e-09,1.0591271855368435e-09,978.72002811929,1.3080381292636123,0.0001921723838435,0.00148,6.65847e-07,0.0154111111111111,0.0157,6.76e-06,0.0805555555555555,0.023,9e-06,0.0031111111111111,0.0401799999999999,0.0990777777777777,10000000.0,6.235815604239503e-10,28.0,4.0,,0.0798300505650629,3.5403754374965737,0.0202056408232185,0.189096687682486,0.1693918656943136,369.64535234203805,1.0,6.318294475164829
335,0.007,0.0095,450000.0,0.000127,1.0,30.0,300.0,0.0017821212898947,6989.85496195634,291.5053062825179,121.61519832186217,0.0,0.0003036666200851,0.2135779210348764,0.0775137219282307,57.15,4.743301159579061e-09,7.639687545410002e-10,1171.9332260631409,2.24968147303401,9.89947181865207e-05,0.00148,6.65847e-07,0.0154111111111111,0.0157,6.76e-06,0.0805555555555555,0.023,9e-06,0.0031111111111111,0.0401799999999999,0.0990777777777777,10000000.0,5.316933544902838e-10,27.0,3.0,,0.0656356975249717,3.5885455064536105,0.0141081637400493,0.0302485015816739,0.1246459016982004,62.31502647242669,1.0,1.0123599496668085
336,0.007,0.0095,450000.0,0.000127,1.0,30.0,375.0,0.0030736102991347,6989.85496195634,351.11917342151344,135.69324781430913,0.0,0.0003388187537472,0.3446916098943223,0.1336872946829272,57.15,9.551387096827536e-09,1.230848662110405e-09,898.0579601153623,1.0776531471824948,0.0002236779878341,0.00148,6.65847e-07,0.0154111111111111,0.0157,6.76e-06,0.0805555555555555,0.023,9e-06,0.0031111111111111,0.0401799999999999,0.0990777777777777,10000000.0,7.490362972023214e-10,28.0,4.0,,0.0958905927880163,3.511897176506766,0.0238104839864853,0.0749337224233787,0.1937571875836369,142.18320898524144,1.0,2.3098857065821825
337,0.007,0.0095,450000.0,0.000127,1.0,35.0,400.0,0.0049064142576635,8154.830788949064,385.3528593710531,139.27622858575234,0.0,0.0002980845122961,0.5061463166399118,0.2134054694199267,57.15,1.3427644515327057e-08,1.1799280387839447e-09,369.2817227009417,1.1342772024732115,0.0003290587874759,0.00148,6.65847e-07,0.0154111111111111,0.0157,6.76e-06,0.0805555555555555,0.023,9e-06,0.0031111111111111,0.0401799999999999,0.0990777777777777,10000000.0,1.2460436397568367e-09,28.0,4.0,,0.1595167867061946,3.408949023428781,0.0368418957685088,0.0930440605137904,0.2710563879920044,159.62015862684433,1.0,2.5931642277403393
338,0.007,0.0095,500000.0,0.000127,1.0,20.0,375.0,0.0010932083932926,4193.912977173804,351.11917342151344,132.5307749011517,0.0,0.00055153704782,0.3238063592984308,0.0475493177079403,63.5,3.001232786585201e-09,5.298716985373774e-10,1281.206,2.9900478553798338,8.680008603238098e-05,0.00148,6.65847e-07,0.0154111111111111,0.0157,6.76e-06,0.0805555555555555,0.023,9e-06,0.0031111111111111,0.0401799999999999,0.0990777777777777,10000000.0,9.360171669793834e-10,24.0,4.0,,0.1027093933936773,3.565732002258467,0.0169959490812067,0.133367648196813,0.1464237389556277,267.9155800496097,1.0,4.359201737811477
339,0.007,0.0095,500000.0,0.000127,1.0,20.0,400.0,0.001272999475754,4193.912977173804,385.3528593710531,132.49898742095743,0.0,0.000551404761768,0.4664280413882332,0.0553693667978176,63.5,3.360814951508104e-09,5.648419630315416e-10,1281.206,2.953704885971076,0.0001041682609733,0.00148,6.65847e-07,0.0154111111111111,0.0157,6.76e-06,0.0805555555555555,0.023,9e-06,0.0031111111111111,0.0401799999999999,0.0990777777777777,10000000.0,7.318293293860384e-10,30.0,3.0,,0.1003797648438285,3.543294865437987,0.0198360929825333,0.2704989097465871,0.166810590351701,530.4133040899966,1.0,15.985484502457096
340,0.007,0.0095,500000.0,0.000127,1.0,25.0,325.0,0.0012160228927662,5242.391221467256,319.92671377973846,121.90839331405915,0.0,0.00040586494965,0.2447020010859103,0.0528911589254468,63.5,3.246861785532512e-09,5.537597327575007e-10,1281.206,2.9652221324562293,8.526538054528505e-05,0.00148,6.65847e-07,0.0154111111111111,0.0157,6.76e-06,0.0805555555555555,0.023,9e-06,0.0031111111111111,0.0401799999999999,0.0990777777777777,10000000.0,6.468703443521912e-10,27.0,3.0,,0.079853896801997,3.5785409853478947,0.0153745588167222,0.0717769453584663,0.134331541619755,146.23176243171818,1.0,2.3756579010996552
341,0.007,0.0095,500000.0,0.000127,1.0,25.0,375.0,0.0017174896509739,5242.391221467256,351.11917342151344,134.30221020611717,0.0,0.0004471272100417,0.3589047305677129,0.074702555867042,63.5,4.4847746038957934e-09,7.158738313861029e-10,1210.7122094156312,2.476069299947512,0.000124058516878,0.00148,6.65847e-07,0.0154111111111111,0.0157,6.76e-06,0.0805555555555555,0.023,9e-06,0.0031111111111111,0.0401799999999999,0.0990777777777777,10000000.0,9.054036941884231e-10,30.0,3.0,,0.1241877118912603,3.5095613827205407,0.0241061540860075,0.1198344628094104,0.1956923579340178,226.8344835761741,1.0,3.6856732687758598
342,0.007,0.0095,500000.0,0.000127,1.0,25.0,400.0,0.0019996022791753,5242.391221467256,385.3528593710531,135.47879914048914,0.0,0.0004510443825647,0.4065146088237432,0.0869731010531861,63.5,5.613225116701254e-09,9.258048404232383e-10,1041.444632494812,1.4879021126414618,0.0001681520409793,0.00148,6.65847e-07,0.0154111111111111,0.0157,6.76e-06,0.0805555555555555,0.023,9e-06,0.0031111111111111,0.0401799999999999,0.0990777777777777,10000000.0,7.768057379884827e-10,28.0,4.0,,0.0994455982641494,3.529610077793,0.0215683445831645,0.1799159095064075,0.1787736245565988,347.7263535911118,1.0,5.813229392378179
343,0.007,0.0095,500000.0,0.000127,1.0,30.0,300.0,0.0014435182448147,6290.869465760706,291.5053062825179,121.61519832186217,0.0,0.0003374073556501,0.2014206895206054,0.0627861147618669,63.5,3.701852489629519e-09,5.980087162076945e-10,1281.206,2.9192362219931445,8.763620026239358e-05,0.00148,6.65847e-07,0.0154111111111111,0.0157,6.76e-06,0.0805555555555555,0.023,9e-06,0.0031111111111111,0.0401799999999999,0.0990777777777777,100000000.0,9.57945842297862e-11,24.0,4.0,,0.010511563231679,3.563064468480851,0.0173336115847024,0.0879430115270593,0.1488996195271689,176.15187357868243,1.0,2.8617407147324587
344,0.007,0.0095,500000.0,0.000127,1.0,30.0,325.0,0.0017636715149587,6290.869465760706,319.92671377973846,124.00203653128224,0.0,0.0003440293632586,0.2318422890344133,0.0767112452774345,63.5,4.669502059835069e-09,7.50239557469902e-10,1183.0030910247397,2.314306237693327,0.0001181786579206,0.00148,6.65847e-07,0.0154111111111111,0.0157,6.76e-06,0.0805555555555555,0.023,9e-06,0.0031111111111111,0.0401799999999999,0.0990777777777777,10000000.0,5.028072609941928e-10,28.0,4.0,,0.06436869147054,3.5849668344283354,0.0145611601989448,0.0505823522864386,0.1281353069484646,103.78946214662896,1.0,1.686146995724324
345,0.007,0.0095,500000.0,0.000127,1.0,30.0,375.0,0.0024896243422991,6290.869465760706,351.11917342151344,135.6932478143091,0.0,0.0003764652819414,0.3571008916787546,0.1082867086931709,63.5,7.410105255096961e-09,1.0650823016427606e-09,975.9227543601106,1.3000486258844883,0.000197079471772,0.00148,6.65847e-07,0.0154111111111111,0.0157,6.76e-06,0.0805555555555555,0.023,9e-06,0.0031111111111111,0.0401799999999999,0.0990777777777777,10000000.0,9.627058009000707e-10,28.0,4.0,,0.1232442676991323,3.494581115490252,0.0260023904442718,0.0853899152864513,0.2078857968763754,159.18404335253516,1.0,2.5860791287252143
346,0.007,0.0095,550000.0,0.000127,1.0,20.0,400.0,0.0010520656824413,3812.6481610670944,385.3528593710531,132.49898742095726,0.0,0.0006065452379448,0.4984602746976133,0.0457598072709236,69.85,2.918947364882728e-09,5.218692355632577e-10,1281.206,2.9983644429513028,0.0001015196984108,0.00148,6.65847e-07,0.0154111111111111,0.0157,6.76e-06,0.0805555555555555,0.023,9e-06,0.0031111111111111,0.0401799999999999,0.0990777777777777,10000000.0,9.180495736913107e-10,33.0,3.0,,0.1385144818387703,3.498055829108248,0.0255625532774369,0.2740059855879193,0.2050905438153319,512.6050281556999,1.0,14.035529640150965
347,0.007,0.0095,550000.0,0.000127,1.0,25.0,350.0,0.0012038196218887,4765.810201333868,319.92671377973846,116.67711619547812,0.0,0.0004272935247763,0.2030316606691791,0.052360375217974,69.85,3.222455243777429e-09,5.51386135555464e-10,1281.206,2.967688901631415,9.319314678387522e-05,0.00148,6.65847e-07,0.0154111111111111,0.0157,6.76e-06,0.0805555555555555,0.023,9e-06,0.0031111111111111,0.0401799999999999,0.0990777777777777,10000000.0,4.4940890728947245e-10,32.0,4.0,,0.0657516662183665,3.586002535424958,0.0144300588069673,0.0447396192328384,0.1271283044514188,91.906841889324,1.0,1.4931038482393035
348,0.007,0.0095,550000.0,0.000127,1.0,25.0,375.0,0.0014194129346892,4765.810201333868,351.11917342151344,134.30221020611702,0.0,0.0004918399310459,0.3364169278703737,0.0617376494768942,69.85,3.653641869378425e-09,5.933201128617254e-10,1281.206,2.9241088693819224,0.0001130524272473,0.00148,6.65847e-07,0.0154111111111111,0.0157,6.76e-06,0.0805555555555555,0.023,9e-06,0.0031111111111111,0.0401799999999999,0.0990777777777777,10000000.0,1.0556129131165839e-09,33.0,3.0,,0.1592699129467963,3.470954081918137,0.0289931541875776,0.0752293654466831,0.2263835652841239,136.9677225348196,1.0,2.2251557218805083
349,0.007,0.0095,550000.0,0.000127,1.0,25.0,400.0,0.001652563867087,4765.810201333868,385.3528593710531,135.478799140489,0.0,0.0004961488208212,0.4204615571624702,0.0718785959117239,69.85,4.225071468348138e-09,6.675600234902787e-10,1249.6676797477794,2.7034874401995608,0.0001406478436418,0.00148,6.65847e-07,0.0154111111111111,0.0157,6.76e-06,0.0805555555555555,0.023,9e-06,0.0031111111111111,0.0401799999999999,0.0990777777777777,10000000.0,7.365124614134324e-10,32.0,4.0,,0.1077569241353084,3.520834704844429,0.0226791512855153,0.2006460371154376,0.1862657957948824,384.2539198118493,1.0,6.705554278177749
350,0.007,0.0095,550000.0,0.000127,1.0,30.0,325.0,0.0014575797644287,5718.972241600641,319.92671377973846,124.00203653128185,0.0,0.0003784322995845,0.2209998102513822,0.0633977233697805,69.85,3.729975528857461e-09,6.0074375208021e-10,1281.206,2.9163938264183766,0.0001056454676987,0.00148,6.65847e-07,0.0154111111111111,0.0157,6.76e-06,0.0805555555555555,0.023,9e-06,0.0031111111111111,0.0401799999999999,0.0990777777777777,10000000.0,5.198735900838465e-10,32.0,4.0,,0.0760611421280071,3.569497629599253,0.0165192873924996,0.0413609447535945,0.1429040379889085,83.4305387065205,1.0,1.355399182939939
351,0.007,0.0095,550000.0,0.000127,1.0,30.0,350.0,0.0017454532923668,5718.972241600641,319.92671377973846,121.55069694142568,0.0,0.0003709512444018,0.2460841671213223,0.0759188400421563,69.85,4.5966291694675566e-09,7.366826675286046e-10,1193.9340245798664,2.3781199346948023,0.0001280645120733,0.00148,6.65847e-07,0.0154111111111111,0.0157,6.76e-06,0.0805555555555555,0.023,9e-06,0.0031111111111111,0.0401799999999999,0.0990777777777777,10000000.0,6.551436741049802e-10,32.0,4.0,,0.0958521014739888,3.5387551325106696,0.0204107427201684,0.0341332256051771,0.1708176035246771,66.6089447249848,1.0,1.082118258570947
352,0.007,0.0095,550000.0,0.000127,1.0,30.0,375.0,0.0020575407787596,5718.972241600641,351.11917342151344,135.69324781430907,0.0,0.0004141118101355,0.3688607120860093,0.0894931476803065,69.85,5.825798855452035e-09,9.42433941853521e-10,1033.5338961653806,1.4645961288301557,0.000174907034435,0.00148,6.65847e-07,0.0154111111111111,0.0157,6.76e-06,0.0805555555555555,0.023,9e-06,0.0031111111111111,0.0401799999999999,0.0990777777777777,10000000.0,9.831055876829535e-10,32.0,4.0,,0.1438352231347837,3.468982556610438,0.0292427143531091,0.0953523412709189,0.2278881094321364,173.26735683354588,1.0,2.814877711020907
353,0.007,0.0095,600000.0,0.000127,1.0,25.0,350.0,0.0010115428767259,4368.659351222713,319.92671377973846,116.67711619547818,0.0,0.0004661383906651,0.2115830486677436,0.0439972597317698,76.2,2.8379017534518673e-09,5.139873472375778e-10,1281.206,3.00655572289862,9.137425504965134e-05,0.00148,6.65847e-07,0.0154111111111111,0.0157,6.76e-06,0.0805555555555555,0.023,9e-06,0.0031111111111111,0.0401799999999999,0.0990777777777777,10000000.0,5.274924604913156e-10,36.0,4.0,,0.0868228156727728,3.5574794203861178,0.0180405796979598,0.0405829732632009,0.1540371645128061,80.79794119266775,1.0,1.3126304249454894
354,0.007,0.0095,600000.0,0.000127,1.0,25.0,375.0,0.0011927011465096,4368.659351222713,351.11917342151344,134.3022102061171,0.0,0.0005365526520501,0.3790349040593702,0.0518767749076681,76.2,3.2002182930193742e-09,5.492235365018667e-10,1281.206,2.9699363902445324,0.0001100063823248,0.00148,6.65847e-07,0.0154111111111111,0.0157,6.76e-06,0.0805555555555555,0.023,9e-06,0.0031111111111111,0.0401799999999999,0.0990777777777777,10000000.0,6.591004319748441e-10,36.0,4.0,,0.1084848781760719,3.5251695081577417,0.0221304420053492,0.1784932509756302,0.1825820232732264,343.3769452089168,1.0,5.7214810883796146
355,0.007,0.0095,600000.0,0.000127,1.0,25.0,400.0,0.0013886126938717,4368.659351222713,385.3528593710531,135.47879914048906,0.0,0.0005412532590777,0.4346226881585624,0.0603979868424903,76.2,3.592041387743489e-09,5.873293120215233e-10,1281.206,2.9303348300607657,0.0001324614837854,0.00148,6.65847e-07,0.0154111111111111,0.0157,6.76e-06,0.0805555555555555,0.023,9e-06,0.0031111111111111,0.0401799999999999,0.0990777777777777,10000000.0,8.33817351648414e-10,36.0,4.0,,0.1372424738725184,3.484054491451381,0.0273348744998252,0.1968022274435537,0.2162352739803107,363.0119082710758,1.0,6.156973283783787
356,0.007,0.0095,600000.0,0.000127,1.0,30.0,300.0,0.0010024432255658,5242.391221467255,291.5053062825179,121.6151983218621,0.0,0.0004048888267801,0.2035828539059865,0.0436014685846297,76.2,2.819702451131609e-09,5.122174195886768e-10,1281.206,3.008395126384128,8.365764891470077e-05,0.00148,6.65847e-07,0.0154111111111111,0.0157,6.76e-06,0.0805555555555555,0.023,9e-06,0.0031111111111111,0.0401799999999999,0.0990777777777777,10000000.0,4.759700351687874e-10,36.0,4.0,,0.0783424631145096,3.570457677260088,0.0163977623721408,0.0414589222068471,0.1420020408724833,83.71618153651237,1.0,1.3600396906531342
357,0.007,0.0095,600000.0,0.000127,1.0,30.0,325.0,0.001224771885388,5242.391221467255,319.92671377973846,124.00203653128196,0.0,0.0004128352359104,0.2294999057925371,0.0532716981093295,76.2,3.264359770776062e-09,5.55461455567399e-10,1281.206,2.9634536110876635,0.0001027867690971,0.00148,6.65847e-07,0.0154111111111111,0.0157,6.76e-06,0.0805555555555555,0.023,9e-06,0.0031111111111111,0.0401799999999999,0.0990777777777777,10000000.0,6.068171310634736e-10,36.0,4.0,,0.0998792890202307,3.5378629580030627,0.0205236762021439,0.0361689186629768,0.1716005576787505,70.51483131394305,1.0,1.1455726671533086
358,0.0075,0.0075,400000.0,0.000127,1.0,30.0,400.0,0.0012960589374348,6850.0578627172135,385.3528593710531,134.98319995356837,0.0,0.0003439242881275,0.177096503702149,0.0603989386023405,50.8,3.6349828748697694e-09,5.92486943625772e-10,1297.525,3.5418421463869127,8.927623590397068e-05,0.00148,6.65847e-07,0.0154111111111111,0.0157,6.76e-06,0.0805555555555555,0.023,9e-06,0.0031111111111111,0.0401799999999999,0.0990777777777777,10000000.0,9.00146675113772e-10,22.0,2.0,,0.0264223003686858,3.5688631358984653,0.0165996030508272,0.0500952647311225,0.1434991260341749,100.97866738279684,1.0,1.6404832737157413
359,0.0075,0.0075,450000.0,0.000127,1.0,30.0,400.0,0.0010240465678497,6088.940322415301,385.3528593710531,134.98319995356846,0.0,0.0003869148241435,0.1935713693277471,0.0477226181549357,57.15,3.090958135699572e-09,5.395791776796227e-10,1297.525,3.596826726774845,8.726835130921008e-05,0.00148,6.65847e-07,0.0154111111111111,0.0157,6.76e-06,0.0805555555555555,0.023,9e-06,0.0031111111111111,0.0401799999999999,0.0990777777777777,10000000.0,5.277576312273884e-10,24.0,3.0,,0.0579109743651134,3.606511897720776,0.0118339369973701,0.0477577768076978,0.1066969077284686,100.40332318311364,1.0,1.6311363239024703
360,0.0075,0.0075,500000.0,0.000127,1.0,35.0,400.0,0.001135801937982,6393.387338536066,385.3528593710531,137.26740169482972,0.0,0.0003747259454768,0.1780373619293503,0.0529306419138399,63.5,3.314468875964121e-09,5.613161559472004e-10,1297.525,3.5742364962563062,0.0001029752797574,0.00148,6.65847e-07,0.0154111111111111,0.0157,6.76e-06,0.0805555555555555,0.023,9e-06,0.0031111111111111,0.0401799999999999,0.0990777777777777,10000000.0,4.284238703193224e-10,28.0,4.0,,0.0548462324761806,3.600826340520564,0.0125536277822071,0.0300804875393296,0.112456057676901,62.83185528994143,1.0,1.0207562679435422
361,0.0075,0.008,400000.0,0.000127,1.0,25.0,375.0,0.0010690974769563,5708.381552264345,351.11917342151344,136.93154899488815,0.0,0.0004186661942505,0.1935399592812681,0.049822080621118,50.8,3.1810599539126236e-09,5.483418047553875e-10,1297.525,3.587720136008051,7.299645987919213e-05,0.00148,6.65847e-07,0.0154111111111111,0.0157,6.76e-06,0.0805555555555555,0.023,9e-06,0.0031111111111111,0.0401799999999999,0.0990777777777777,10000000.0,7.115243167778026e-10,22.0,2.0,,0.0208856064653584,3.5949503064946358,0.013297429557641,0.0826522721947916,0.1183306342470252,171.5006210170753,1.0,2.78617484080908
362,0.0075,0.008,400000.0,0.000127,1.0,25.0,400.0,0.0012794410560998,5708.381552264345,385.3528593710531,134.4919669149134,0.0,0.0004112072079725,0.2348666765593222,0.0596245120963635,50.8,3.601747112199628e-09,5.89254682616694e-10,1297.525,3.545201284919984,8.856110988618191e-05,0.00148,6.65847e-07,0.0154111111111111,0.0157,6.76e-06,0.0805555555555555,0.023,9e-06,0.0031111111111111,0.0401799999999999,0.0990777777777777,10000000.0,8.915572238410102e-10,22.0,2.0,,0.0261701713903697,3.570036054434715,0.0164511323500361,0.1088919930725888,0.1423984034111952,219.77924457075207,1.0,3.570830219663887
363,0.0075,0.008,400000.0,0.000127,1.0,30.0,375.0,0.0015480554399444,6850.0578627172135,351.11917342151344,138.01234788349436,0.0,0.0003516422674449,0.1912459208705475,0.0721424796122931,50.8,4.235086759777961e-09,6.67914427024853e-10,1268.691736033306,3.332291788288836,9.395838906957523e-05,0.00148,6.65847e-07,0.0154111111111111,0.0157,6.76e-06,0.0805555555555555,0.023,9e-06,0.0031111111111111,0.0401799999999999,0.0990777777777777,10000000.0,9.57132433817814e-10,22.0,2.0,,0.0280950220204381,3.561117244734901,0.0175800956031769,0.0508284192378162,0.150697891995407,101.59537880155224,1.0,1.6505022687513968
364,0.0075,0.008,400000.0,0.000127,1.0,30.0,400.0,0.0018520322766438,6850.0578627172135,385.3528593710531,138.34260787767886,0.0,0.0003524837383349,0.2470425762706714,0.0863084081561582,50.8,5.450994106575535e-09,8.94115446309503e-10,1086.3056340136698,2.267539963308402,0.0001307889386698,0.00148,6.65847e-07,0.0154111111111111,0.0157,6.76e-06,0.0805555555555555,0.023,9e-06,0.0031111111111111,0.0401799999999999,0.0990777777777777,10000000.0,5.513451355741219e-10,24.0,3.0,,0.0604992370045069,3.588884042397562,0.0140653110889162,0.0600549311100061,0.1243143636063189,123.76619739476872,1.0,2.0106858413083515
365,0.0075,0.008,400000.0,0.000127,1.0,35.0,400.0,0.0025363028620151,7991.734173170083,385.3528593710531,141.15953487255783,0.0,0.0003082808562853,0.2435139120510434,0.1181967859756299,50.8,8.009308827388878e-09,1.1564553550592063e-09,926.0179517313136,1.5450108564111844,0.0001860298523745,0.00148,6.65847e-07,0.0154111111111111,0.0157,6.76e-06,0.0805555555555555,0.023,9e-06,0.0031111111111111,0.0401799999999999,0.0990777777777777,10000000.0,4.731996915062334e-10,24.0,4.0,,0.0519243182531832,3.5846732802072485,0.0145983189611078,0.0332128078222301,0.1284203045310416,68.12677730158222,1.0,1.1067767237571366
366,0.0075,0.008,450000.0,0.000127,1.0,25.0,400.0,0.0010109163900047,5074.116935346085,385.3528593710531,134.49196691491346,0.0,0.000462608108969,0.2300987336560067,0.0471107256070032,57.15,3.064697780009582e-09,5.37025292437882e-10,1297.525,3.599480860924432,8.663283757867723e-05,0.00148,6.65847e-07,0.0154111111111111,0.0157,6.76e-06,0.0805555555555555,0.023,9e-06,0.0031111111111111,0.0401799999999999,0.0990777777777777,10000000.0,5.233183836167992e-10,24.0,3.0,,0.0574238546355902,3.607251183959696,0.011740356460798,0.0853841534134131,0.1059425566173374,179.6585327360463,1.0,2.9187120731878133
367,0.0075,0.008,450000.0,0.000127,1.0,30.0,375.0,0.0012231549155116,6088.940322415301,351.11917342151344,138.0123478834944,0.0,0.0003955975508755,0.1852443829769095,0.057001465372676,57.15,3.489174831023392e-09,5.783067468416025e-10,1297.525,3.556578965378466,8.891319149457797e-05,0.00148,6.65847e-07,0.0154111111111111,0.0157,6.76e-06,0.0805555555555555,0.023,9e-06,0.0031111111111111,0.0401799999999999,0.0990777777777777,10000000.0,4.715631231411392e-10,27.0,3.0,,0.0582128293555499,3.6004963880443954,0.012595393918431,0.0298500882486835,0.1127880020520507,62.32727996661147,1.0,1.0125590179727753
368,0.0075,0.008,450000.0,0.000127,1.0,30.0,400.0,0.0014633341445087,6088.940322415301,385.3528593710531,138.342607877679,0.0,0.0003965442056267,0.2607287980753933,0.0681942978023966,57.15,3.969533289017497e-09,6.25022807777674e-10,1297.525,3.508029136029002,0.0001085345816766,0.00148,6.65847e-07,0.0154111111111111,0.0157,6.76e-06,0.0805555555555555,0.023,9e-06,0.0031111111111111,0.0401799999999999,0.0990777777777777,10000000.0,5.90111691761992e-10,27.0,3.0,,0.072847238317603,3.577084298435936,0.0155589495650713,0.0795072619553935,0.1357239510034035,161.72025746826344,1.0,2.6272823249209725
369,0.0075,0.008,450000.0,0.000127,1.0,35.0,400.0,0.002003992384802,7103.763709484519,385.3528593710531,141.15953487255803,0.0,0.000346815963321,0.2473674054456631,0.0933900531165471,57.15,6.057503744274347e-09,1.0053572517340238e-09,996.9926820263876,1.747727106711717,0.0001629362582889,0.00148,6.65847e-07,0.0154111111111111,0.0157,6.76e-06,0.0805555555555555,0.023,9e-06,0.0031111111111111,0.0401799999999999,0.0990777777777777,10000000.0,5.143146533453913e-10,28.0,4.0,,0.0658418519543806,3.566091369649597,0.0169504595380257,0.0479555003747352,0.1460890894333792,96.3731685773477,1.0,1.5656630770009214
370,0.0075,0.008,500000.0,0.000127,1.0,30.0,400.0,0.001185300657052,5480.04629017377,385.3528593710531,138.3426078776789,0.0,0.0004406046729186,0.2452745730236704,0.0552373812199413,63.5,3.4134663141041713e-09,5.709439042999155e-10,1297.525,3.5642308251834915,0.0001056376256554,0.00148,6.65847e-07,0.0154111111111111,0.0157,6.76e-06,0.0805555555555555,0.023,9e-06,0.0031111111111111,0.0401799999999999,0.0990777777777777,10000000.0,7.44161164597331e-10,30.0,3.0,,0.1020712339731689,3.540858132123075,0.0201445402375854,0.0477859578305601,0.1689661849637044,93.45964774113617,1.0,1.5183304836589575
371,0.0075,0.008,500000.0,0.000127,1.0,35.0,400.0,0.0016232338316896,6393.387338536066,385.3528593710531,141.15953487255808,0.0,0.0003853510703567,0.2526819940255653,0.0756459430244032,63.5,4.535800326758786e-09,7.238576002797385e-10,1223.5847009861825,3.068961428387233,0.0001368999978961,0.00148,6.65847e-07,0.0154111111111111,0.0157,6.76e-06,0.0805555555555555,0.023,9e-06,0.0031111111111111,0.0401799999999999,0.0990777777777777,10000000.0,5.996691811037621e-10,28.0,4.0,,0.0767688207734639,3.5648614921113144,0.017106140239074,0.060087230227698,0.1472332877997189,120.59174321537496,1.0,1.9591141660791487
372,0.0075,0.008,550000.0,0.000127,1.0,35.0,375.0,0.001121755897404,5812.17030776006,351.11917342151344,139.04843814750677,0.0,0.000417546791805,0.2254817675936723,0.0522760683308242,69.85,3.286376794808132e-09,5.585841308245774e-10,1297.525,3.577075762898742,0.0001032075572619,0.00148,6.65847e-07,0.0154111111111111,0.0157,6.76e-06,0.0805555555555555,0.023,9e-06,0.0031111111111111,0.0401799999999999,0.0990777777777777,10000000.0,5.058334768525965e-10,32.0,4.0,,0.074006975368347,3.572758839092963,0.0161064760641819,0.059018723894501,0.1398322733095192,119.475293857761,1.0,1.940976508331506
373,0.0075,0.008,550000.0,0.000127,1.0,35.0,400.0,0.0013415155633799,5812.17030776006,385.3528593710531,141.15953487255825,0.0,0.0004238861773923,0.2600075178232733,0.0625173082846307,69.85,3.725896126759829e-09,6.0132848465521e-10,1297.525,3.5326535440183844,0.0001254446085152,0.00148,6.65847e-07,0.0154111111111111,0.0157,6.76e-06,0.0805555555555555,0.023,9e-06,0.0031111111111111,0.0401799999999999,0.0990777777777777,10000000.0,6.38724666511252e-10,32.0,4.0,,0.0934498858315555,3.542422415224662,0.0199465297183971,0.063860323707087,0.1675836653705229,125.105631095313,1.0,2.0324460672670392
374,0.0075,0.0085,400000.0,0.000127,1.0,20.0,400.0,0.0011109905667227,4566.705241811475,385.3528593710531,127.90514235100336,0.0,0.0004888351111033,0.2559914654302432,0.0517743823904151,50.8,3.264846133445566e-09,5.56490220180415e-10,1297.525,3.579251866842657,8.1312652768196e-05,0.00148,6.65847e-07,0.0154111111111111,0.0157,6.76e-06,0.0805555555555555,0.023,9e-06,0.0031111111111111,0.0401799999999999,0.0990777777777777,10000000.0,8.06120331090393e-10,22.0,2.0,,0.0236623142763736,3.5817803299349698,0.0149645151981051,0.1403747687634544,0.1312189961076089,287.0149500076228,1.0,4.679602155240489
375,0.0075,0.0085,400000.0,0.000127,1.0,25.0,350.0,0.0012261257731216,5708.381552264345,319.92671377973846,119.31146452338672,0.0,0.000364793045497,0.1663774078799468,0.0571399132790131,50.8,3.4951165462432157e-09,5.78884593501018e-10,1297.525,3.5559784362211984,7.267193557818058e-05,0.00148,6.65847e-07,0.0154111111111111,0.0157,6.76e-06,0.0805555555555555,0.023,9e-06,0.0031111111111111,0.0401799999999999,0.0990777777777777,10000000.0,7.079028397263745e-10,22.0,2.0,,0.0207793040625649,3.5954580274268158,0.0132331610852133,0.0482781905383687,0.1178261104321863,100.23290845048328,1.0,1.6283677934224423
376,0.0075,0.0085,400000.0,0.000127,1.0,25.0,375.0,0.0014738761642723,5708.381552264345,351.11917342151344,140.72821706645283,0.0,0.00043027445096,0.2423969763593362,0.0686855770074212,50.8,3.99061732854475e-09,6.27073283331798e-10,1297.525,3.5058981721539824,8.886127721742987e-05,0.00148,6.65847e-07,0.0154111111111111,0.0157,6.76e-06,0.0805555555555555,0.023,9e-06,0.0031111111111111,0.0401799999999999,0.0990777777777777,10000000.0,8.951589528721057e-10,22.0,2.0,,0.0262758941230501,3.569544053788772,0.0165134109128136,0.1072555052288647,0.142860464537794,216.3596493265989,1.0,3.5151994280843346
377,0.0075,0.0085,400000.0,0.000127,1.0,25.0,400.0,0.0017437561160826,5708.381552264345,385.3528593710531,134.35882635626868,0.0,0.0004108001326754,0.2931067897335657,0.0812625225216859,50.8,5.017889464330794e-09,8.135429324656631e-10,1151.271330350381,2.6468032019524887,0.0001207277315512,0.00148,6.65847e-07,0.0154111111111111,0.0157,6.76e-06,0.0805555555555555,0.023,9e-06,0.0031111111111111,0.0401799999999999,0.0990777777777777,10000000.0,5.040732756014212e-10,24.0,3.0,,0.0553120842110861,3.5978602829796364,0.0129290781038435,0.1163521830007936,0.1154311314434909,242.2207448381783,1.0,3.936633214962289
378,0.0075,0.0085,400000.0,0.000127,1.0,30.0,375.0,0.0021346010145898,6850.0578627172135,351.11917342151344,141.5761830180708,0.0,0.0003607225786398,0.2569779174773401,0.0994766764819168,50.8,6.536402053496171e-09,1.0424309466613818e-09,979.5781980546848,1.697988292953839,0.0001417097512585,0.00148,6.65847e-07,0.0154111111111111,0.0157,6.76e-06,0.0805555555555555,0.023,9e-06,0.0031111111111111,0.0401799999999999,0.0990777777777777,10000000.0,6.03761968172828e-10,24.0,3.0,,0.0662509489065489,3.5790433516956144,0.0153109681397956,0.0510702920888742,0.1338503015919804,104.10376796742996,1.0,1.6912531578005747
379,0.0075,0.0085,400000.0,0.000127,1.0,30.0,400.0,0.002524778105541,6850.0578627172135,385.3528593710531,138.61238122805193,0.0,0.0003531710950393,0.2889077446634122,0.1176597092744219,50.8,7.967051386983685e-09,1.153184014518166e-09,927.554585927866,1.5493997525875227,0.0001851379655671,0.00148,6.65847e-07,0.0154111111111111,0.0157,6.76e-06,0.0805555555555555,0.023,9e-06,0.0031111111111111,0.0401799999999999,0.0990777777777777,10000000.0,8.248143845337405e-10,24.0,3.0,,0.0905070847912191,3.538798535919349,0.0204052486178039,0.0405609505977711,0.1707794758248481,79.15590454192584,1.0,1.2859541602434006
380,0.0075,0.0085,450000.0,0.000127,1.0,25.0,375.0,0.0011645441297954,5074.116935346085,351.11917342151344,140.72821706645283,0.0,0.00048405875733,0.2559609743990297,0.0542700855367279,57.15,3.3719532595909147e-09,5.669066559658655e-10,1297.525,3.568426549603146,8.632901593155072e-05,0.00148,6.65847e-07,0.0154111111111111,0.0157,6.76e-06,0.0805555555555555,0.023,9e-06,0.0031111111111111,0.0401799999999999,0.0990777777777777,10000000.0,5.211999721034848e-10,24.0,3.0,,0.0571914008204612,3.6076042365749617,0.011695666256334,0.1043194880418404,0.1055818599693663,219.5893101333033,1.0,3.5677398412866794
381,0.0075,0.0085,450000.0,0.000127,1.0,25.0,400.0,0.0013777826102381,5074.116935346085,385.3528593710531,134.35882635626902,0.0,0.0004621501492598,0.3087490401011691,0.0642074252023198,57.15,3.798430220476366e-09,6.083826066043773e-10,1297.525,3.525322523166454,0.0001043923821217,0.00148,6.65847e-07,0.0154111111111111,0.0157,6.76e-06,0.0805555555555555,0.023,9e-06,0.0031111111111111,0.0401799999999999,0.0990777777777777,10000000.0,5.6455932828718e-10,27.0,3.0,,0.0696928878147859,3.582079529088052,0.0149266418875884,0.1346687270840633,0.1309303791151443,275.43965941594865,1.0,4.484505100891066
382,0.0075,0.0085,450000.0,0.000127,1.0,30.0,375.0,0.0016865983325154,6088.940322415301,351.11917342151344,141.57618301807085,0.0,0.0004058129009698,0.258773349486439,0.0785988554918849,57.15,4.7892583300617985e-09,7.710095965597143e-10,1185.5660004907302,2.847012056764834,0.0001189094465746,0.00148,6.65847e-07,0.0154111111111111,0.0157,6.76e-06,0.0805555555555555,0.023,9e-06,0.0031111111111111,0.0401799999999999,0.0990777777777777,10000000.0,6.5542686691797e-10,27.0,3.0,,0.0809101697876382,3.564440914086201,0.0171593779637719,0.0590843242069158,0.1476238630780454,118.52465608000732,1.0,1.9255325990186676
383,0.0075,0.0085,450000.0,0.000127,1.0,30.0,400.0,0.001994886404378,6088.940322415301,385.3528593710531,138.6123812280522,0.0,0.0003973174819193,0.2877945124001393,0.0929656962168272,57.15,6.02241061751232e-09,1.0004187740675e-09,1000.593157373152,1.767159095928724,0.0001620550340607,0.00148,6.65847e-07,0.0154111111111111,0.0157,6.76e-06,0.0805555555555555,0.023,9e-06,0.0031111111111111,0.0401799999999999,0.0990777777777777,10000000.0,9.50062110423973e-10,27.0,3.0,,0.117281867044407,3.5095518981738483,0.0241073546615382,0.0373669491389049,0.1957001968026792,70.73115531979701,1.0,1.149087032340571
384,0.0075,0.0085,450000.0,0.000127,1.0,35.0,375.0,0.0023111565810319,7103.763709484519,351.11917342151344,142.48692300344297,0.0,0.0003500772335832,0.2551308987765238,0.1077045189892514,57.15,7.183772463783854e-09,1.0925468327145254e-09,956.0374558624052,1.6307518136228054,0.0001734281006637,0.00148,6.65847e-07,0.0154111111111111,0.0157,6.76e-06,0.0805555555555555,0.023,9e-06,0.0031111111111111,0.0401799999999999,0.0990777777777777,10000000.0,5.527922244701783e-10,28.0,4.0,,0.0707676974948168,3.556935834020141,0.0181093880987162,0.0364786822924553,0.1545338857140904,72.58393294668629,1.0,1.179186961222594
385,0.0075,0.0085,450000.0,0.000127,1.0,35.0,400.0,0.0027327361336565,7103.763709484519,385.3528593710531,141.71881102323917,0.0,0.0003481900532621,0.3146819697493467,0.1273509693006642,57.15,8.729564156740818e-09,1.212213593992201e-09,899.8268488457885,1.4702044831271197,0.0002263849147966,0.00148,6.65847e-07,0.0154111111111111,0.0157,6.76e-06,0.0805555555555555,0.023,9e-06,0.0031111111111111,0.0401799999999999,0.0990777777777777,10000000.0,7.602257093298368e-10,28.0,4.0,,0.0973230458825651,3.509409546378744,0.0241253738761084,0.0498279545661172,0.1958178305688456,94.30455018322444,1.0,1.5320566335487669
386,0.0075,0.0085,500000.0,0.000127,1.0,25.0,400.0,0.0011160039142929,4566.705241811475,385.3528593710531,134.35882635626885,0.0,0.0005135001658443,0.2901980514786113,0.052008014413879,63.5,3.2748728285858556e-09,5.57465341349546e-10,1297.525,3.578238468764828,0.0001019104532193,0.00148,6.65847e-07,0.0154111111111111,0.0157,6.76e-06,0.0805555555555555,0.023,9e-06,0.0031111111111111,0.0401799999999999,0.0990777777777777,10000000.0,7.13022165334643e-10,30.0,3.0,,0.0978001214364753,3.547023148177448,0.0193641584585509,0.1002099156282569,0.1634907286547006,197.28161013353025,1.0,3.205055658881052
387,0.0075,0.0085,500000.0,0.000127,1.0,30.0,350.0,0.0011368831980344,5480.04629017377,319.92671377973846,123.97785772165624,0.0,0.000394854660387,0.1749376456304839,0.0529810307948026,63.5,3.316631396068952e-09,5.615264664336958e-10,1297.525,3.574017930349312,8.685785956976812e-05,0.00148,6.65847e-07,0.0154111111111111,0.0157,6.76e-06,0.0805555555555555,0.023,9e-06,0.0031111111111111,0.0401799999999999,0.0990777777777777,100000000.0,9.37493971204894e-11,24.0,4.0,,0.0102871443483691,3.5655517702734034,0.0170187632565312,0.071489470487312,0.1465914755505236,143.58339087902615,1.0,2.3326328494696535
388,0.0075,0.0085,500000.0,0.000127,1.0,30.0,375.0,0.0013661446493375,5480.04629017377,351.11917342151344,141.57618301807088,0.0,0.0004509032232997,0.2525749720023257,0.0636650729484268,63.5,3.775154298675027e-09,6.061189650193932e-10,1297.525,3.527675020582916,0.0001057979817785,0.00148,6.65847e-07,0.0154111111111111,0.0157,6.76e-06,0.0805555555555555,0.023,9e-06,0.0031111111111111,0.0401799999999999,0.0990777777777777,10000000.0,7.455114319349751e-10,30.0,3.0,,0.1022564404309953,3.540591702045071,0.020178265563915,0.0464734586229035,0.1692011993564152,90.8669610922447,1.0,1.4762101111908645
389,0.0075,0.0085,500000.0,0.000127,1.0,30.0,400.0,0.0016158579875462,5480.04629017377,385.3528593710531,138.61238122805202,0.0,0.0004414638687992,0.2901471021901729,0.07530221393563,63.5,4.506296950184973e-09,7.183689469946735e-10,1228.010207472254,3.094797092702272,0.000136042318652,0.00148,6.65847e-07,0.0154111111111111,0.0157,6.76e-06,0.0805555555555555,0.023,9e-06,0.0031111111111111,0.0401799999999999,0.0990777777777777,10000000.0,1.0176840368397115e-09,30.0,3.0,,0.1395883988265274,3.48836940979498,0.0267886823044329,0.0350764894280155,0.2128341600052602,64.98116734268793,1.0,1.0556736476625332
390,0.0075,0.0085,500000.0,0.000127,1.0,35.0,375.0,0.0018720368306358,6393.387338536066,351.11917342151344,142.48692300344302,0.0,0.0003889747039814,0.2469511122946995,0.0872406603812936,63.5,5.531012322543554e-09,9.090016151125596e-10,1074.3029016184669,2.197469211858447,0.0001517463465565,0.00148,6.65847e-07,0.0154111111111111,0.0157,6.76e-06,0.0805555555555555,0.023,9e-06,0.0031111111111111,0.0401799999999999,0.0990777777777777,10000000.0,6.811754849826422e-10,28.0,4.0,,0.087203145283635,3.5484042914537843,0.0191893301957234,0.0323273066297707,0.1622541594576155,63.736315119645376,1.0,1.0354499776233397
391,0.0075,0.0085,550000.0,0.000127,1.0,30.0,400.0,0.0013354198244183,4981.860263794337,385.3528593710531,138.61238122805227,0.0,0.0004856102556791,0.288403590291621,0.0622332346575455,69.85,3.7137046488367677e-09,6.001428329484978e-10,1297.525,3.533885736692068,0.0001250839026307,0.00148,6.65847e-07,0.0154111111111111,0.0157,6.76e-06,0.0805555555555555,0.023,9e-06,0.0031111111111111,0.0401799999999999,0.0990777777777777,10000000.0,6.364775293200833e-10,32.0,4.0,,0.0931211139444299,3.542925683818749,0.0198828248330696,0.0928692416896454,0.1671378960487603,182.0330096838452,1.0,2.9572899338631613
392,0.0075,0.0085,550000.0,0.000127,1.0,35.0,375.0,0.0015471378765585,5812.17030776006,351.11917342151344,142.48692300344302,0.0,0.0004278721743795,0.242720515852419,0.0720997193233831,69.85,4.231416506234339e-09,6.672316323244284e-10,1269.242274064849,3.335505774263183,0.0001290858575839,0.00148,6.65847e-07,0.0154111111111111,0.0157,6.76e-06,0.0805555555555555,0.023,9e-06,0.0031111111111111,0.0401799999999999,0.0990777777777777,10000000.0,6.615914632513854e-10,32.0,4.0,,0.0967954581207403,3.537319733823488,0.0205924387565205,0.0336453384082956,0.1720765563302766,65.55717486800826,1.0,1.0650313737576833
393,0.0075,0.0085,550000.0,0.000127,1.0,35.0,400.0,0.0018293522878196,5812.17030776006,385.3528593710531,141.71881102323897,0.0,0.0004255656206537,0.3154654070525848,0.0852514753169735,69.85,5.360274151278787e-09,8.77238382105861e-10,1099.913627308182,2.346982067362436,0.0001769379889597,0.00148,6.65847e-07,0.0154111111111111,0.0157,6.76e-06,0.0805555555555555,0.023,9e-06,0.0031111111111111,0.0401799999999999,0.0990777777777777,10000000.0,9.99104595030622e-10,32.0,4.0,,0.1461759898038153,3.4657399647888263,0.0296531690140725,0.0438579419317959,0.2303499644263462,79.44136367197808,1.0,1.2905916835967686
394,0.0075,0.0085,600000.0,0.000127,1.0,30.0,400.0,0.0011221236024626,4566.705241811477,385.3528593710531,138.61238122805213,0.0,0.000529756642559,0.2939893965852591,0.0522932041219653,76.2,3.28711220492534e-09,5.586556512970017e-10,1297.525,3.577001434998196,0.0001226875145387,0.00148,6.65847e-07,0.0154111111111111,0.0157,6.76e-06,0.0805555555555555,0.023,9e-06,0.0031111111111111,0.0401799999999999,0.0990777777777777,10000000.0,7.55343327619997e-10,36.0,4.0,,0.1243260130059992,3.5022781709537445,0.0250280796261083,0.0771901794572944,0.2016671908132244,145.02777263998988,1.0,2.3560980598265373
395,0.0075,0.0085,600000.0,0.000127,1.0,35.0,375.0,0.0013000255768304,5327.822782113391,351.11917342151344,142.48692300344294,0.0,0.0004667696447777,0.2669541793284524,0.0605837919314539,76.2,3.6429161536609555e-09,5.93258474821412e-10,1297.525,3.541040329899487,0.0001230701886007,0.00148,6.65847e-07,0.0154111111111111,0.0157,6.76e-06,0.0805555555555555,0.023,9e-06,0.0031111111111111,0.0401799999999999,0.0990777777777777,10000000.0,7.583417924404646e-10,36.0,4.0,,0.1248195464266783,3.501574664657343,0.0251171310560325,0.04137084097032,0.2022396190945532,77.67333667608273,1.0,1.261868599905772
396,0.0075,0.009,400000.0,0.000127,1.0,20.0,375.0,0.0012467904450667,4566.705241811475,351.11917342151344,140.43844109667435,0.0,0.0005367355815005,0.2840053030347153,0.0581029283210028,50.8,3.536445890133592e-09,5.829039755177172e-10,1297.525,3.551801279434198,7.996029175724362e-05,0.00148,6.65847e-07,0.0154111111111111,0.0157,6.76e-06,0.0805555555555555,0.023,9e-06,0.0031111111111111,0.0401799999999999,0.0990777777777777,10000000.0,7.90496066040244e-10,22.0,2.0,,0.0232036901036599,3.5839434306180147,0.0146907049850615,0.1625186846100524,0.1291280733319228,333.090877038836,1.0,5.513259246586193
397,0.0075,0.009,400000.0,0.000127,1.0,20.0,400.0,0.0014642621399122,4566.705241811475,385.3528593710531,126.13046794148602,0.0,0.0004820525600173,0.2695185714582954,0.0682375442441901,50.8,3.971389279824476e-09,6.252033075236294e-10,1297.525,3.5078415510381404,9.6515123890223e-05,0.00148,6.65847e-07,0.0154111111111111,0.0157,6.76e-06,0.0805555555555555,0.023,9e-06,0.0031111111111111,0.0401799999999999,0.0990777777777777,10000000.0,9.888159655819979e-10,22.0,2.0,,0.0290250391122729,3.556837265674504,0.0181218651044932,0.1320759881018322,0.1546238935445986,262.7719390769828,1.0,4.274055802851737
398,0.0075,0.009,400000.0,0.000127,1.0,25.0,300.0,0.0010958212277664,5708.381552264345,291.5053062825179,119.48901999021412,0.0,0.0003653359187217,0.1596071729279195,0.0510674608563733,50.8,3.2345074555329514e-09,5.53539707906718e-10,1297.525,3.5823181970192848,6.253682324459307e-05,0.00148,6.65847e-07,0.0154111111111111,0.0157,6.76e-06,0.0805555555555555,0.023,9e-06,0.0031111111111111,0.0401799999999999,0.0990777777777777,10000000.0,5.97277000141589e-10,22.0,2.0,,0.01753206753672,3.611094650595184,0.0112538416968122,0.0508276445348261,0.1020001496434488,107.41907217198528,1.0,1.745113059467603
399,0.0075,0.009,400000.0,0.000127,1.0,25.0,325.0,0.0013581016074487,5708.381552264345,319.92671377973846,118.41671653114224,0.0,0.000362057366689,0.1768668820207022,0.0632902511103266,50.8,3.759068214897499e-09,6.045545531568191e-10,1297.525,3.52930084107031,7.738344186722772e-05,0.00148,6.65847e-07,0.0154111111111111,0.0157,6.76e-06,0.0805555555555555,0.023,9e-06,0.0031111111111111,0.0401799999999999,0.0990777777777777,10000000.0,7.609884443845782e-10,22.0,2.0,,0.0223375432143732,3.5880416927773666,0.0141719376231181,0.0510590876960023,0.1251388365343837,105.1277421768553,1.0,1.7078884789728146
400,0.0075,0.009,400000.0,0.000127,1.0,25.0,350.0,0.0016449198492867,5708.381552264345,319.92671377973846,123.44854547350016,0.0,0.0003774421095688,0.1915852573653286,0.0766565548164633,50.8,4.62254439714719e-09,7.39995011728428e-10,1210.5730904279214,2.993000947109163,9.363595935529092e-05,0.00148,6.65847e-07,0.0154111111111111,0.0157,6.76e-06,0.0805555555555555,0.023,9e-06,0.0031111111111111,0.0401799999999999,0.0990777777777777,10000000.0,9.53165721582444e-10,22.0,2.0,,0.027978585816143,3.5616544262900347,0.0175120979379704,0.0467701167327222,0.1502025611611918,93.53820257395566,1.0,1.51960667290417
401,0.0075,0.009,400000.0,0.000127,1.0,25.0,375.0,0.0019578519194303,5708.381552264345,351.11917342151344,141.11764517282364,0.0,0.0004314651216595,0.3451648702859871,0.0912398151492946,50.8,5.8742726777215275e-09,9.72859969473004e-10,1022.813848341771,1.896881267734425,0.000128655840085,0.00148,6.65847e-07,0.0154111111111111,0.0157,6.76e-06,0.0805555555555555,0.023,9e-06,0.0031111111111111,0.0401799999999999,0.0990777777777777,10000000.0,5.412428668900934e-10,24.0,3.0,,0.0593907125831173,3.5907941742756533,0.0138235222435882,0.1543543425535751,0.1224389997366923,318.7875230668749,1.0,5.240415738404158
402,0.0075,0.009,400000.0,0.000127,1.0,25.0,400.0,0.0022988907634605,5708.381552264345,385.3528593710531,132.77248879163372,0.0,0.0004059499289359,0.3337998589980659,0.1071329073587874,50.8,7.138797799355266e-09,1.089065139510815e-09,957.6728982052632,1.6354229231564172,0.0001676562072544,0.00148,6.65847e-07,0.0154111111111111,0.0157,6.76e-06,0.0805555555555555,0.023,9e-06,0.0031111111111111,0.0401799999999999,0.0990777777777777,10000000.0,7.332618278761793e-10,24.0,3.0,,0.0804610002858636,3.5552253930485183,0.0183258996141115,0.1060259513534147,0.1560930630217005,210.5774602407649,1.0,3.4211683943120104
403,0.0075,0.009,400000.0,0.000127,1.0,30.0,300.0,0.0015893154399164,6850.0578627172135,291.5053062825179,120.50647514959644,0.0,0.0003070389774049,0.1773348791388626,0.0740652781309884,50.8,4.400126759665972e-09,6.98617602144019e-10,1243.9357360501042,3.187768735986903,8.19599174229009e-05,0.00148,6.65847e-07,0.0154111111111111,0.0157,6.76e-06,0.0805555555555555,0.023,9e-06,0.0031111111111111,0.0401799999999999,0.0990777777777777,10000000.0,8.136326596615423e-10,22.0,2.0,,0.0238828261190131,3.5807419868083605,0.0150959510369164,0.039206774888861,0.1322191295111101,80.07120050467232,1.0,1.300823912006826
404,0.0075,0.009,400000.0,0.000127,1.0,30.0,375.0,0.0028364302206723,6850.0578627172135,351.11917342151344,141.88840433719542,0.0,0.0003615180887103,0.3484548677809033,0.1321833211437746,50.8,9.109775809132084e-09,1.241647506238592e-09,886.0009705770151,1.430715355262806,0.0001911915065415,0.00148,6.65847e-07,0.0154111111111111,0.0157,6.76e-06,0.0805555555555555,0.023,9e-06,0.0031111111111111,0.0401799999999999,0.0990777777777777,10000000.0,8.57393460381572e-10,24.0,3.0,,0.0940819947775987,3.5330329966767,0.0211350637118102,0.0820095518595298,0.1758136938609908,159.07245427239948,1.0,2.584266260494286
405,0.0075,0.009,400000.0,0.000127,1.0,30.0,400.0,0.0033297024870706,6850.0578627172135,385.3528593710531,137.17304158683763,0.0,0.0003495037952446,0.3677516810677861,0.155170795302467,50.8,1.091844078592576e-08,1.381664483296631e-09,820.231335057245,1.2428657665321268,0.0002474199093588,0.00148,6.65847e-07,0.0154111111111111,0.0157,6.76e-06,0.0805555555555555,0.023,9e-06,0.0031111111111111,0.0401799999999999,0.0990777777777777,10000000.0,6.615707502123451e-10,24.0,4.0,,0.0725943207436991,3.5438202587355656,0.0197695875018271,0.0998065650216198,0.1663443481083193,195.81725418243468,1.0,3.18125951745589
406,0.0075,0.009,450000.0,0.000127,1.0,20.0,400.0,0.0011569478636343,4059.293548276868,385.3528593710531,126.13046794148605,0.0,0.0005423091300195,0.2568424497465786,0.0539160843410885,57.15,3.356760727268723e-09,5.654291442162015e-10,1297.525,3.5699620588449505,9.3701361203896e-05,0.00148,6.65847e-07,0.0154111111111111,0.0157,6.76e-06,0.0805555555555555,0.023,9e-06,0.0031111111111111,0.0401799999999999,0.0990777777777777,10000000.0,4.999221191395576e-10,27.0,3.0,,0.0617136488932485,3.594840404686099,0.0133113411789748,0.1010327165122414,0.1184397680357035,209.61346122075923,1.0,3.405495135950582
407,0.0075,0.009,450000.0,0.000127,1.0,25.0,325.0,0.0010730679367496,5074.116935346085,319.92671377973846,118.4167165311422,0.0,0.0004073145375251,0.1878551100438283,0.0500071119884062,57.15,3.189000873499258e-09,5.491140790374866e-10,1297.525,3.58691754726543,7.560952385916575e-05,0.00148,6.65847e-07,0.0154111111111111,0.0157,6.76e-06,0.0805555555555555,0.023,9e-06,0.0031111111111111,0.0401799999999999,0.0990777777777777,10000000.0,4.480050855756709e-10,24.0,3.0,,0.0491597079626779,3.619908876404738,0.0101381169107926,0.0485082900927441,0.0928263870355271,103.5646457621588,1.0,1.682494664712545
408,0.0075,0.009,450000.0,0.000127,1.0,25.0,375.0,0.0015469447264635,5074.116935346085,351.11917342151344,141.11764517282367,0.0,0.0004853982618669,0.3473519806756243,0.0720907181426525,57.15,4.230643905854046e-09,6.67087901805831e-10,1269.358164121893,3.3361823288271992,0.0001055972855314,0.00148,6.65847e-07,0.0154111111111111,0.0157,6.76e-06,0.0805555555555555,0.023,9e-06,0.0031111111111111,0.0401799999999999,0.0990777777777777,10000000.0,5.719620909155091e-10,27.0,3.0,,0.0706067331442766,3.5806295060768245,0.0151101891041994,0.1644745293886949,0.1323273328775272,335.86110907840754,1.0,5.568222922185781
409,0.0075,0.009,450000.0,0.000127,1.0,25.0,400.0,0.0018164075168083,5074.116935346085,385.3528593710531,132.77248879163344,0.0,0.0004566936700529,0.3413593919618403,0.0846482230983012,57.15,5.308495067233268e-09,8.67605673150224e-10,1107.6804899150095,2.3923242345748355,0.0001434144920213,0.00148,6.65847e-07,0.0154111111111111,0.0157,6.76e-06,0.0805555555555555,0.023,9e-06,0.0031111111111111,0.0401799999999999,0.0990777777777777,10000000.0,8.17836105649466e-10,27.0,3.0,,0.1009590261041905,3.5337610581234387,0.0210429040350077,0.1155721427593484,0.1751813569273962,224.3452002720428,1.0,3.6451415987708606
410,0.0075,0.009,450000.0,0.000127,1.0,30.0,375.0,0.0022411300509016,6088.940322415301,351.11917342151344,141.88840433719542,0.0,0.0004067078497991,0.3520265575447001,0.1044411426321182,57.15,6.927008519972683e-09,1.072669568715267e-09,965.374326546448,1.657419550248801,0.0001678735419272,0.00148,6.65847e-07,0.0154111111111111,0.0157,6.76e-06,0.0805555555555555,0.023,9e-06,0.0031111111111111,0.0401799999999999,0.0990777777777777,10000000.0,9.930703991707495e-10,27.0,3.0,,0.1225910908806843,3.501821071069545,0.0250859403709435,0.0848143240318974,0.2020392168096644,159.27803954352598,1.0,2.5876061842464066
411,0.0075,0.009,450000.0,0.000127,1.0,30.0,400.0,0.0026308760391669,6088.940322415301,385.3528593710531,137.17304158683783,0.0,0.0003931917696502,0.3847767129350218,0.1226040851772579,57.15,8.35607714361213e-09,1.183300266637668e-09,913.4081947777408,1.5089951838443134,0.0002175172029821,0.00148,6.65847e-07,0.0154111111111111,0.0157,6.76e-06,0.0805555555555555,0.023,9e-06,0.0031111111111111,0.0401799999999999,0.0990777777777777,10000000.0,7.238218640838865e-10,28.0,4.0,,0.0926626758665384,3.5175338108154093,0.023096985972733,0.1293299518912253,0.1890487467599992,246.8306085054789,1.0,4.012033523042576
412,0.0075,0.009,500000.0,0.000127,1.0,25.0,350.0,0.0010527487035435,4566.705241811475,319.92671377973846,123.44854547350036,0.0,0.000471802636961,0.1972378466998264,0.0490601950825364,63.5,3.1483624070870995e-09,5.451618865827382e-10,1297.525,3.5910248770657067,8.310402603109687e-05,0.00148,6.65847e-07,0.0154111111111111,0.0157,6.76e-06,0.0805555555555555,0.023,9e-06,0.0031111111111111,0.0401799999999999,0.0990777777777777,10000000.0,6.272414861212141e-10,27.0,3.0,,0.0774307824434508,3.581976606331444,0.0149396700846272,0.030566869173839,0.1310296833047544,62.51166238002425,1.0,1.0155544651598931
413,0.0075,0.009,500000.0,0.000127,1.0,25.0,375.0,0.0012530252284354,4566.705241811475,351.11917342151344,141.11764517282373,0.0,0.0005393314020744,0.3355450591134764,0.0583934816955485,63.5,3.5489154568708876e-09,5.841166720568361e-10,1297.525,3.5505409803240595,0.000100255817057,0.00148,6.65847e-07,0.0154111111111111,0.0157,6.76e-06,0.0805555555555555,0.023,9e-06,0.0031111111111111,0.0401799999999999,0.0990777777777777,10000000.0,6.993465606352868e-10,30.0,3.0,,0.0959243371125945,3.5497433425033456,0.0190198300628676,0.1410472403053332,0.1610517809008632,278.4869817523185,1.0,4.535560191504713
414,0.0075,0.009,500000.0,0.000127,1.0,25.0,400.0,0.0014712900886147,4566.705241811475,385.3528593710531,132.77248879163344,0.0,0.0005074374111699,0.3368341538968549,0.0685650607096239,63.5,3.9854451772294724e-09,6.265702786860094e-10,1297.525,3.5064209214874174,0.0001210220025112,0.00148,6.65847e-07,0.0154111111111111,0.0157,6.76e-06,0.0805555555555555,0.023,9e-06,0.0031111111111111,0.0401799999999999,0.0990777777777777,10000000.0,8.779281362577083e-10,30.0,3.0,,0.1204190872498402,3.5148213217807096,0.0234403390151,0.1076700059373907,0.1913214113038237,204.91598125433308,1.0,3.329131909203452
415,0.0075,0.009,500000.0,0.000127,1.0,30.0,325.0,0.0012600386943802,5480.04629017377,319.92671377973846,121.78066518836717,0.0,0.0003878568647525,0.1928972607301655,0.0587203232355069,63.5,3.562942388760437e-09,5.854808262504241e-10,1297.525,3.5491232783179827,9.235321497354304e-05,0.00148,6.65847e-07,0.0154111111111111,0.0157,6.76e-06,0.0805555555555555,0.023,9e-06,0.0031111111111111,0.0401799999999999,0.0990777777777777,10000000.0,3.7849533972504724e-10,28.0,4.0,,0.0484544509115197,3.611683634400477,0.0111792867847498,0.0455424865831388,0.1013929295969053,96.31450988520515,1.0,1.564710117273764
416,0.0075,0.009,500000.0,0.000127,1.0,30.0,375.0,0.0018153153412303,5480.04629017377,351.11917342151344,141.88840433719545,0.0,0.0004518976108879,0.3400641932296608,0.0845973255320157,63.5,5.304126364921312e-09,8.66792942707795e-10,1108.3357952618032,2.396149841658881,0.0001457459378579,0.00148,6.65847e-07,0.0154111111111111,0.0157,6.76e-06,0.0805555555555555,0.023,9e-06,0.0031111111111111,0.0401799999999999,0.0990777777777777,10000000.0,6.476947745960875e-10,28.0,4.0,,0.0829169909571733,3.555114655825592,0.0183399169841023,0.1323698767404718,0.1561938089595034,262.86757608165715,1.0,4.275635687247041
417,0.0075,0.009,500000.0,0.000127,1.0,30.0,400.0,0.0021310095917252,5480.04629017377,385.3528593710531,137.17304158683774,0.0,0.0004368797440558,0.3814787528440186,0.0993093089935789,63.5,6.52323350299249e-09,1.041411509309844e-09,980.0570544366368,1.699355990580561,0.0001933287587829,0.00148,6.65847e-07,0.0154111111111111,0.0157,6.76e-06,0.0805555555555555,0.023,9e-06,0.0031111111111111,0.0401799999999999,0.0990777777777777,10000000.0,9.37167502178515e-10,28.0,4.0,,0.1199748899502114,3.499279861244637,0.0254076125006788,0.1220145539002282,0.2041011595324201,228.5465432300955,1.0,3.7135586108446894
418,0.0075,0.009,500000.0,0.000127,1.0,35.0,300.0,0.0013961240933672,6393.387338536066,291.5053062825179,121.54330377111656,0.0,0.0003318007688618,0.1779844323882245,0.0650621749991001,63.5,3.835113186734482e-09,6.119501167803952e-10,1297.525,3.521614975766746,9.037695719973632e-05,0.00148,6.65847e-07,0.0154111111111111,0.0157,6.76e-06,0.0805555555555555,0.023,9e-06,0.0031111111111111,0.0401799999999999,0.0990777777777777,100000000.0,1.0406579746010064e-10,24.0,4.0,,0.011419165488865,3.5531677434266986,0.0185863615915571,0.0613230919002593,0.1579611399970945,121.52379599038709,1.0,1.9742561464555408
419,0.0075,0.009,500000.0,0.000127,1.0,35.0,325.0,0.0017285671268758,6393.387338536066,319.92671377973846,124.31683937285068,0.0,0.0003393722369441,0.2270083659956291,0.0805546852466669,63.5,4.957133507503275e-09,8.022402132262445e-10,1160.3847238745088,2.7000062820069948,0.000125112934683,0.00148,6.65847e-07,0.0154111111111111,0.0157,6.76e-06,0.0805555555555555,0.023,9e-06,0.0031111111111111,0.0401799999999999,0.0990777777777777,10000000.0,5.379683665217193e-10,28.0,4.0,,0.0688699676633089,3.577598243613732,0.0154938932134516,0.0374037130856532,0.1352331957752258,76.1235223510319,1.0,1.236690564351288
420,0.0075,0.009,550000.0,0.000127,1.0,25.0,375.0,0.0010355580400292,4151.550219828614,351.11917342151344,141.11764517282364,0.0,0.0005932645422818,0.3523899275967497,0.048259075781445,69.85,3.1139810800585837e-09,5.418182165758975e-10,1297.525,3.59449979778848,9.856298157278702e-05,0.00148,6.65847e-07,0.0154111111111111,0.0157,6.76e-06,0.0805555555555555,0.023,9e-06,0.0031111111111111,0.0401799999999999,0.0990777777777777,10000000.0,8.843696373799785e-10,33.0,3.0,,0.1334328837854438,3.504805486994431,0.0247081662032365,0.1305179680298608,0.199603972863237,245.855753853576,1.0,3.996077826075583
421,0.0075,0.009,550000.0,0.000127,1.0,25.0,400.0,0.0012159422219956,4151.550219828614,385.3528593710531,132.77248879163363,0.0,0.0005581811522869,0.3202166054813833,0.0566653394294413,69.85,3.474749443991301e-09,5.769038418892641e-10,1297.525,3.5580369392458,0.0001180143527498,0.00148,6.65847e-07,0.0154111111111111,0.0157,6.76e-06,0.0805555555555555,0.023,9e-06,0.0031111111111111,0.0401799999999999,0.0990777777777777,10000000.0,1.118166744925552e-09,33.0,3.0,,0.1687079780016168,3.4588725094328585,0.0305224671603976,0.0546632880503251,0.2355124187840706,98.34931395556364,1.0,1.5977672186324898
422,0.0075,0.009,550000.0,0.000127,1.0,30.0,325.0,0.0010413542928762,4981.860263794337,319.92671377973846,121.78066518836704,0.0,0.0004266425512278,0.1859012185290659,0.0485291927566173,69.85,3.125573585752427e-09,5.429456167358875e-10,1297.525,3.5933281432380024,9.085523158077146e-05,0.00148,6.65847e-07,0.0154111111111111,0.0157,6.76e-06,0.0805555555555555,0.023,9e-06,0.0031111111111111,0.0401799999999999,0.0990777777777777,10000000.0,4.365144675280895e-10,32.0,4.0,,0.063865119499974,3.589060352639804,0.0140429933367336,0.0333269062724745,0.1241415983853051,68.69641111092884,1.0,1.116030903482372
423,0.0075,0.009,550000.0,0.000127,1.0,30.0,350.0,0.0012608306622549,4981.860263794337,319.92671377973846,127.49559918807626,0.0,0.0004466640712118,0.2188192664326136,0.0587572305224068,69.85,3.56452632450997e-09,5.856348679619055e-10,1297.525,3.548963189931777,0.0001016274109824,0.00148,6.65847e-07,0.0154111111111111,0.0157,6.76e-06,0.0805555555555555,0.023,9e-06,0.0031111111111111,0.0401799999999999,0.0990777777777777,10000000.0,4.967983384947594e-10,32.0,4.0,,0.0726850714365262,3.574864663150017,0.0158399160569599,0.0471969644736805,0.13783705127027,95.76538768474984,1.0,1.5557891658646508
424,0.0075,0.009,550000.0,0.000127,1.0,30.0,375.0,0.001500260612587,4981.860263794337,351.11917342151344,141.88840433719545,0.0,0.0004970873719767,0.3737001501742269,0.0699151450677816,69.85,4.043907450348194e-09,6.323484319899137e-10,1297.3686324477708,3.499704641866842,0.0001236227078723,0.00148,6.65847e-07,0.0154111111111111,0.0157,6.76e-06,0.0805555555555555,0.023,9e-06,0.0031111111111111,0.0401799999999999,0.0990777777777777,10000000.0,6.27407300980222e-10,32.0,4.0,,0.0917940761028261,3.544960385864067,0.0196252676121433,0.1718109290036191,0.1653307844603094,337.4973217045605,1.0,5.601056596803109
425,0.0075,0.009,550000.0,0.000127,1.0,30.0,400.0,0.001761164951839,4981.860263794337,385.3528593710531,137.17304158683783,0.0,0.0004805677184614,0.4097328767334259,0.0820738090856024,69.85,5.087524807356115e-09,8.26497526096543e-10,1140.8260288965826,2.5858245765953605,0.0001682256604009,0.00148,6.65847e-07,0.0154111111111111,0.0157,6.76e-06,0.0805555555555555,0.023,9e-06,0.0031111111111111,0.0401799999999999,0.0990777777777777,10000000.0,9.316854100869114e-10,32.0,4.0,,0.1363120915293695,3.4795017264770456,0.0279111738636651,0.1511669761184539,0.2197921433549053,277.569915750377,1.0,4.520174907930132
426,0.0075,0.009,600000.0,0.000127,1.0,25.0,400.0,0.0010217292282046,3805.587701509565,385.3528593710531,132.7724887916336,0.0,0.0006089248934039,0.339740240014619,0.0476146254927944,76.2,3.086323456409358e-09,5.391284435319512e-10,1297.525,3.5972951538107063,0.0001162082521891,0.00148,6.65847e-07,0.0154111111111111,0.0157,6.76e-06,0.0805555555555555,0.023,9e-06,0.0031111111111111,0.0401799999999999,0.0990777777777777,10000000.0,7.054320565672052e-10,36.0,4.0,,0.1161108489777321,3.5140737955131947,0.0235349625932665,0.1358347655440923,0.1919454905097647,258.31923406737064,1.0,4.20061975033851
427,0.0075,0.009,600000.0,0.000127,1.0,30.0,350.0,0.0010594479870337,4566.705241811477,319.92671377973846,127.49559918807628,0.0,0.0004872698958674,0.2223255937542298,0.0493723950917446,76.2,3.161760974067405e-09,5.4646493071799e-10,1297.525,3.589670683901008,0.0001000835003261,0.00148,6.65847e-07,0.0154111111111111,0.0157,6.76e-06,0.0805555555555555,0.023,9e-06,0.0031111111111111,0.0401799999999999,0.0990777777777777,10000000.0,5.876720899858225e-10,36.0,4.0,,0.0967281039379182,3.542557511283554,0.0199294289514488,0.0360450947245669,0.1674640511208173,70.62432582859448,1.0,1.1473514975192134
428,0.0075,0.009,600000.0,0.000127,1.0,30.0,375.0,0.0012606356536321,4566.705241811477,351.11917342151344,141.88840433719545,0.0,0.0005422771330655,0.3441307287335247,0.0587481427305665,76.2,3.564136307264346e-09,5.855969378097259e-10,1297.525,3.549002608974793,0.0001207543997491,0.00148,6.65847e-07,0.0154111111111111,0.0157,6.76e-06,0.0805555555555555,0.023,9e-06,0.0031111111111111,0.0401799999999999,0.0990777777777777,10000000.0,7.402841590617878e-10,36.0,4.0,,0.1218473436147878,3.505820130860866,0.0245797302707764,0.1233552423881703,0.1987726476028062,232.60472174812656,1.0,3.779689721718423
429,0.0075,0.009,600000.0,0.000127,1.0,30.0,400.0,0.0014798677720314,4566.705241811477,385.3528593710531,137.17304158683783,0.0,0.000524255692867,0.3865100389861829,0.0689647979122076,76.2,4.002600544062815e-09,6.282386809989689e-10,1297.525,3.5046870285615714,0.0001457801725038,0.00148,6.65847e-07,0.0154111111111111,0.0157,6.76e-06,0.0805555555555555,0.023,9e-06,0.0031111111111111,0.0401799999999999,0.0990777777777777,10000000.0,9.477350962768406e-10,36.0,4.0,,0.155992806975895,3.4582782183280454,0.0305976938825258,0.1213724340980802,0.2359559097088095,218.24466249029885,1.0,3.545863069045949
430,0.0075,0.0095,400000.0,0.000127,1.0,20.0,350.0,0.0013625123547059,4566.705241811475,319.92671377973846,119.61092441473146,0.0,0.0004571357996302,0.2331853558515332,0.0634958007540054,50.8,3.767889709411848e-09,6.054124655520753e-10,1297.525,3.5284092526197446,7.754091271188623e-05,0.00148,6.65847e-07,0.0154111111111111,0.0157,6.76e-06,0.0805555555555555,0.023,9e-06,0.0031111111111111,0.0401799999999999,0.0990777777777777,10000000.0,7.627818704082225e-10,22.0,2.0,,0.0223901862362227,3.587792117256162,0.0142035294612453,0.1071193688613049,0.1253828174076061,220.49114813358315,1.0,3.5824139774729353
431,0.0075,0.0095,400000.0,0.000127,1.0,20.0,400.0,0.0018822003976696,4566.705241811475,385.3528593710531,123.78680712401538,0.0,0.0004730954244789,0.3810527790644294,0.0877143029322026,50.8,5.571666590678741e-09,9.165647217215215e-10,1068.2047613981888,2.161868879066487,0.0001335906583339,0.00148,6.65847e-07,0.0154111111111111,0.0157,6.76e-06,0.0805555555555555,0.023,9e-06,0.0031111111111111,0.0401799999999999,0.0990777777777777,10000000.0,5.646806738596551e-10,24.0,3.0,,0.0619625488925841,3.586369296323957,0.0143836333767143,0.1911959272396425,0.1267711482728624,392.92699054317575,1.0,6.959893366193853
432,0.0075,0.0095,400000.0,0.000127,1.0,25.0,300.0,0.0014565921747676,5708.381552264345,291.5053062825179,121.05824340372916,0.0,0.0003701337961961,0.2094415354234169,0.0678801085285209,50.8,3.9560493495352535e-09,6.237114609531772e-10,1297.525,3.5093919577924724,7.42680487872356e-05,0.00148,6.65847e-07,0.0154111111111111,0.0157,6.76e-06,0.0805555555555555,0.023,9e-06,0.0031111111111111,0.0401799999999999,0.0990777777777777,10000000.0,7.257637658817008e-10,22.0,2.0,,0.0213035816817422,3.592956511716863,0.0135498086434351,0.0800778452131537,0.1203063039348155,165.78644032126775,1.0,2.6933415316732017
433,0.0075,0.0095,400000.0,0.000127,1.0,25.0,325.0,0.0017833236658179,5708.381552264345,319.92671377973846,118.51131084405964,0.0,0.0003623465874075,0.2198184118525538,0.08310644947445,50.8,5.176159663271967e-09,8.429866893581347e-10,1127.530800509205,2.508208362792687,0.0001043142513749,0.00148,6.65847e-07,0.0154111111111111,0.0157,6.76e-06,0.0805555555555555,0.023,9e-06,0.0031111111111111,0.0401799999999999,0.0990777777777777,10000000.0,4.289418929835902e-10,24.0,3.0,,0.0470678991622069,3.612328650041511,0.0110976392352517,0.0494640632158967,0.100727000052465,104.68549026847326,1.0,1.700703725228714
434,0.0075,0.0095,400000.0,0.000127,1.0,25.0,350.0,0.0021407346294574,5708.381552264345,319.92671377973846,124.89766151733932,0.0,0.0003818727605295,0.2605806845408789,0.0997625152019752,50.8,6.558891974677251e-09,1.0441719936869236e-09,978.7603827390092,1.6956524692945891,0.0001300564112996,0.00148,6.65847e-07,0.0154111111111111,0.0157,6.76e-06,0.0805555555555555,0.023,9e-06,0.0031111111111111,0.0401799999999999,0.0990777777777777,10000000.0,5.478709915799706e-10,24.0,3.0,,0.0601180183316132,3.5895404349634688,0.0139822234223457,0.0605201510072904,0.123670823225946,124.81662148851464,1.0,2.0277508633477637
435,0.0075,0.0095,400000.0,0.000127,1.0,25.0,375.0,0.0025308123337988,5708.381552264345,351.11917342151344,139.53168116443095,0.0,0.0004266160600628,0.4324760780433122,0.117940916379692,50.8,7.989176890595631e-09,1.154896850323237e-09,926.7500221601588,1.547101777668292,0.0001696452322287,0.00148,6.65847e-07,0.0154111111111111,0.0157,6.76e-06,0.0805555555555555,0.023,9e-06,0.0031111111111111,0.0401799999999999,0.0990777777777777,10000000.0,7.434957605533307e-10,24.0,3.0,,0.0815839722295236,3.553372498337468,0.0185604432484217,0.1927711894340964,0.1577756199176807,382.0982815578677,1.0,6.645344597471609
436,0.0075,0.0095,400000.0,0.000127,1.0,25.0,400.0,0.0029560667403128,5708.381552264345,385.3528593710531,130.37807421359813,0.0,0.0003986290416298,0.3859148734489981,0.1377586222320596,50.8,9.548443047813805e-09,1.2756067311269383e-09,870.0494346249526,1.385154977064924,0.0002185122642361,0.00148,6.65847e-07,0.0154111111111111,0.0157,6.76e-06,0.0805555555555555,0.023,9e-06,0.0031111111111111,0.0401799999999999,0.0990777777777777,10000000.0,5.703726901563361e-10,24.0,4.0,,0.0625871352374111,3.5632739751761275,0.0173070917498572,0.1453891159795272,0.1487056850267619,291.28409909552727,1.0,4.752474138969039
437,0.0075,0.0095,400000.0,0.000127,1.0,30.0,350.0,0.0031034146392268,6850.0578627172135,319.92671377973846,128.43278461552006,0.0,0.0003272344561125,0.2710350718580004,0.1446253290172508,50.8,1.0088718677165213e-08,1.317431923393346e-09,850.4030481030833,1.3290414590408235,0.0001918899227365,0.00148,6.65847e-07,0.0154111111111111,0.0157,6.76e-06,0.0805555555555555,0.023,9e-06,0.0031111111111111,0.0401799999999999,0.0990777777777777,10000000.0,4.903424905312323e-10,24.0,4.0,,0.0538054017963509,3.580846344410626,0.0150827412138448,0.0324243410443985,0.1321187162345651,66.22723598579292,1.0,1.075917079467434
438,0.0075,0.0095,400000.0,0.000127,1.0,30.0,375.0,0.0036679533730777,6850.0578627172135,351.11917342151344,140.2969009165428,0.0,0.0003574630901536,0.426800300416738,0.1709339630921683,50.8,1.1878771746155456e-08,1.421461051678401e-09,747.1389880766814,1.188323101588784,0.000243803465688,0.00148,6.65847e-07,0.0154111111111111,0.0157,6.76e-06,0.0805555555555555,0.023,9e-06,0.0031111111111111,0.0401799999999999,0.0990777777777777,10000000.0,6.499006233338828e-10,24.0,4.0,,0.0713137548579449,3.546276624597371,0.0194586551142568,0.1443725824666246,0.1641575896921091,283.9973429424585,1.0,4.6284183113246
439,0.0075,0.0095,400000.0,0.000127,1.0,30.0,400.0,0.0042833212609042,6850.0578627172135,385.3528593710531,134.7669317500622,0.0,0.0003433732574218,0.4450202951077354,0.1996113374006592,50.8,1.3109507521808473e-08,1.3901603640641059e-09,562.5286217287293,1.2261003310998242,0.0002904765561225,0.00148,6.65847e-07,0.0154111111111111,0.0157,6.76e-06,0.0805555555555555,0.023,9e-06,0.0031111111111111,0.0401799999999999,0.0990777777777777,10000000.0,8.06815451977024e-10,24.0,4.0,,0.0885320575055553,3.514028429708064,0.023540705100245,0.1166969002015207,0.1919833335702145,221.91404383700944,1.0,3.6055693489896052
440,0.0075,0.0095,400000.0,0.000127,1.0,35.0,375.0,0.0050303634610438,7991.734173170083,351.11917342151344,141.19339245767094,0.0,0.0003083547984766,0.4076488393658621,0.2344249980115661,50.8,1.4664318844175457e-08,1.356571231822566e-09,346.9910889010047,1.2687253610108045,0.00029232398147,0.00148,6.65847e-07,0.0154111111111111,0.0157,6.76e-06,0.0805555555555555,0.023,9e-06,0.0031111111111111,0.0401799999999999,0.0990777777777777,10000000.0,8.133254555273647e-10,24.0,4.0,,0.0892464017924276,3.512726034675717,0.0237055652309218,0.0437974395618683,0.1930682505463485,83.17459101865535,1.0,1.351241097754512
441,0.0075,0.0095,450000.0,0.000127,1.0,20.0,350.0,0.0010765529716194,4059.293548276868,319.92671377973846,119.61092441473136,0.0,0.000514277774584,0.2152416583382313,0.0501695215834117,57.15,3.1959709432389904e-09,5.497919357448495e-10,1297.525,3.5862130823168354,7.574946395478373e-05,0.00148,6.65847e-07,0.0154111111111111,0.0157,6.76e-06,0.0805555555555555,0.023,9e-06,0.0031111111111111,0.0401799999999999,0.0990777777777777,10000000.0,4.4894185920734887e-10,24.0,3.0,,0.0492625003631286,3.619750084033911,0.0101582172108974,0.0756296363916909,0.09299331426377,161.43869911250127,1.0,2.622708138812728
442,0.0075,0.0095,450000.0,0.000127,1.0,20.0,375.0,0.0012729929889083,4059.293548276868,351.11917342151344,138.89533725432747,0.0,0.0005971928174016,0.3873811799935833,0.0593240192691085,57.15,3.5888509778167712e-09,5.880005013076252e-10,1297.525,3.54650469722206,9.111067284623142e-05,0.00148,6.65847e-07,0.0154111111111111,0.0157,6.76e-06,0.0805555555555555,0.023,9e-06,0.0031111111111111,0.0401799999999999,0.0990777777777777,10000000.0,4.845340685928262e-10,27.0,3.0,,0.0598140475108831,3.59790506088462,0.012923410014605,0.2280631132135915,0.1153863657103464,474.8034060272895,1.0,10.834320667156824
443,0.0075,0.0095,450000.0,0.000127,1.0,20.0,400.0,0.0014871706845785,4059.293548276868,385.3528593710531,123.78680712401538,0.0,0.0005322323525388,0.3831955961727996,0.0693051282427281,57.15,4.017206369157036e-09,6.296591340039442e-10,1297.525,3.5032108178192987,0.0001096887346865,0.00148,6.65847e-07,0.0154111111111111,0.0157,6.76e-06,0.0805555555555555,0.023,9e-06,0.0031111111111111,0.0401799999999999,0.0990777777777777,10000000.0,5.972837423774106e-10,27.0,3.0,,0.0737326030505865,3.5756872118855227,0.0157357959638579,0.1999778648794848,0.1370551882590828,406.1347006634683,1.0,7.38908366675504
444,0.0075,0.0095,450000.0,0.000127,1.0,25.0,300.0,0.0011508876442608,5074.116935346085,291.5053062825179,121.0582434037293,0.0,0.0004164005207206,0.2185513403727712,0.0536336659978437,57.15,3.3446402885216835e-09,5.64250401246955e-10,1297.525,3.571187071589114,7.236808085274294e-05,0.00148,6.65847e-07,0.0154111111111111,0.0157,6.76e-06,0.0805555555555555,0.023,9e-06,0.0031111111111111,0.0401799999999999,0.0990777777777777,10000000.0,4.2643986315559366e-10,24.0,3.0,,0.0467933508152831,3.6235739125577977,0.009674188283823,0.0779443235596442,0.0889564449652641,167.12013626418775,1.0,2.715008835339383
445,0.0075,0.0095,450000.0,0.000127,1.0,25.0,325.0,0.0014090458594117,5074.116935346085,319.92671377973846,118.51131084405932,0.0,0.0004076399108335,0.2435760009426866,0.0656643551403061,57.15,3.860956718823491e-09,6.144634648848816e-10,1297.525,3.51900296997851,8.910254801810315e-05,0.00148,6.65847e-07,0.0154111111111111,0.0157,6.76e-06,0.0805555555555555,0.023,9e-06,0.0031111111111111,0.0401799999999999,0.0990777777777777,10000000.0,4.726779061947576e-10,27.0,3.0,,0.058350445450796,3.600273387028008,0.0126236218951888,0.0793812003515843,0.1130122087292338,165.7068464689126,1.0,2.6920484466306975
446,0.0075,0.0095,450000.0,0.000127,1.0,25.0,350.0,0.0016914446454972,5074.116935346085,319.92671377973846,124.89766151733927,0.0,0.0004296068555957,0.2675307222748038,0.0788247033694619,57.15,4.8086435819889205e-09,7.74615927055663e-10,1182.658212701662,2.8300366824310323,0.0001093794292502,0.00148,6.65847e-07,0.0154111111111111,0.0157,6.76e-06,0.0805555555555555,0.023,9e-06,0.0031111111111111,0.0401799999999999,0.0990777777777777,10000000.0,5.953594196738546e-10,27.0,3.0,,0.0734950520978722,3.576061848749144,0.0156883735760576,0.0750309668074696,0.1366986118379877,152.44322587167937,1.0,2.4765684891000297
447,0.0075,0.0095,450000.0,0.000127,1.0,25.0,375.0,0.0019996541896681,5074.116935346085,351.11917342151344,139.53168116443098,0.0,0.0004799430675706,0.4248381648189254,0.0931878845469172,57.15,6.041481758672779e-09,1.0039666690455e-09,997.7324861990832,1.7504587836816277,0.0001487136660144,0.00148,6.65847e-07,0.0154111111111111,0.0157,6.76e-06,0.0805555555555555,0.023,9e-06,0.0031111111111111,0.0401799999999999,0.0990777777777777,10000000.0,8.546058136186636e-10,27.0,3.0,,0.1054981188161193,3.526961099364018,0.0219036583083521,0.1859721614558888,0.1810497462830442,358.4351638545885,1.0,6.050230306329367
448,0.0075,0.0095,450000.0,0.000127,1.0,25.0,400.0,0.0023356576713583,5074.116935346085,385.3528593710531,130.37807421359793,0.0,0.0004484576718336,0.378829220970508,0.1088463188006397,57.15,7.273609794980452e-09,1.099501548873959e-09,952.7706438188928,1.6214212267344257,0.0001918144417563,0.00148,6.65847e-07,0.0154111111111111,0.0157,6.76e-06,0.0805555555555555,0.023,9e-06,0.0031111111111111,0.0401799999999999,0.0990777777777777,10000000.0,6.222041407691655e-10,28.0,4.0,,0.079653715202266,3.540694223213341,0.0201652882008428,0.1501491869676021,0.1691107825461177,293.610279579195,1.0,4.792430900690793
449,0.0075,0.0095,450000.0,0.000127,1.0,30.0,350.0,0.002452080702599,6088.940322415301,319.92671377973846,128.43278461552003,0.0,0.0003681387631265,0.2744694020919817,0.1142718649025192,57.15,7.700494242863053e-09,1.1325486143684051e-09,937.247572986798,1.577084619900568,0.0001688125118537,0.00148,6.65847e-07,0.0154111111111111,0.0157,6.76e-06,0.0805555555555555,0.023,9e-06,0.0031111111111111,0.0401799999999999,0.0990777777777777,10000000.0,5.357671290228411e-10,28.0,4.0,,0.0685881682773205,3.560973293371979,0.0175983172946862,0.0514293689121418,0.1508305303134839,102.78049742879672,1.0,1.6697555163516051
450,0.0075,0.0095,450000.0,0.000127,1.0,30.0,375.0,0.0028981359984811,6088.940322415301,351.11917342151344,140.29690091654282,0.0,0.0004021459764228,0.426800300416738,0.1350589338012195,57.15,9.336030327764292e-09,1.259162896955542e-09,877.773533535844,1.4072163552717392,0.000219984250358,0.00148,6.65847e-07,0.0154111111111111,0.0157,6.76e-06,0.0805555555555555,0.023,9e-06,0.0031111111111111,0.0401799999999999,0.0990777777777777,10000000.0,7.338772381806351e-10,28.0,4.0,,0.0939499509778299,3.515280790666066,0.0233821783967005,0.1576114156376884,0.1909373408837918,300.1062056168013,1.0,4.90507587319161
451,0.0075,0.0095,500000.0,0.000127,1.0,20.0,375.0,0.0010311243210157,3653.36419344918,351.11917342151344,138.8953372543276,0.0,0.0006635475748907,0.4170200919297114,0.0480524556079779,63.5,3.105113642031586e-09,5.409558360591769e-10,1297.525,3.5953960297498675,8.938553747023263e-05,0.00148,6.65847e-07,0.0154111111111111,0.0157,6.76e-06,0.0805555555555555,0.023,9e-06,0.0031111111111111,0.0401799999999999,0.0990777777777777,10000000.0,1.0084221029243159e-09,24.0,4.0,,0.1106544047801788,3.5569942087373385,0.0181019988940078,0.2181332315415545,0.154480571717683,434.0608065589265,1.0,8.505251634979732
452,0.0075,0.0095,500000.0,0.000127,1.0,20.0,400.0,0.0012046082545085,3653.36419344918,385.3528593710531,123.78680712401535,0.0,0.0005913692805987,0.3978307241860451,0.0561371538766097,63.5,3.452081509017198e-09,5.746993285431952e-10,1297.525,3.560327987433632,0.0001066761383573,0.00148,6.65847e-07,0.0154111111111111,0.0157,6.76e-06,0.0805555555555555,0.023,9e-06,0.0031111111111111,0.0401799999999999,0.0990777777777777,10000000.0,7.52921567683533e-10,30.0,3.0,,0.1032728354482941,3.539130887337499,0.0203631788180381,0.1982407348611412,0.1704874056471807,387.0089705385496,1.0,6.784195988874691
453,0.0075,0.0095,500000.0,0.000127,1.0,25.0,325.0,0.0011413271461235,4566.705241811475,319.92671377973846,118.5113108440595,0.0,0.0004529332342594,0.2435191141131694,0.053188127663648,63.5,3.325519292247028e-09,5.623908365567542e-10,1297.525,3.5731196306825934,8.705614383138745e-05,0.00148,6.65847e-07,0.0154111111111111,0.0157,6.76e-06,0.0805555555555555,0.023,9e-06,0.0031111111111111,0.0401799999999999,0.0990777777777777,10000000.0,9.426043357124298e-10,24.0,4.0,,0.1034322050349812,3.56492874506214,0.017097627207324,0.0467187814145401,0.147170799271297,93.768877477372,1.0,1.5233541804771038
454,0.0075,0.0095,500000.0,0.000127,1.0,25.0,350.0,0.0013700701628527,4566.705241811475,319.92671377973846,124.89766151733932,0.0,0.0004773409506619,0.28135415162095,0.0638480097292641,63.5,3.783005325705512e-09,6.068824970256753e-10,1297.525,3.526881517280944,9.726342490094838e-05,0.00148,6.65847e-07,0.0154111111111111,0.0157,6.76e-06,0.0805555555555555,0.023,9e-06,0.0031111111111111,0.0401799999999999,0.0990777777777777,10000000.0,6.748398441203142e-10,30.0,3.0,,0.0925629270924043,3.5546373861418417,0.0184003308681213,0.0847632147992816,0.1566277417998226,168.24101492244142,1.0,2.7332187347313175
455,0.0075,0.0095,500000.0,0.000127,1.0,25.0,375.0,0.0016197198936312,4566.705241811475,351.11917342151344,139.5316811644309,0.0,0.0005332700750785,0.4212593670799696,0.0754821864830028,63.5,4.521744574524945e-09,7.212427419268545e-10,1225.6930638212582,3.081269839782124,0.000125039230052,0.00148,6.65847e-07,0.0154111111111111,0.0157,6.76e-06,0.0805555555555555,0.023,9e-06,0.0031111111111111,0.0401799999999999,0.0990777777777777,10000000.0,9.143583698019788e-10,30.0,3.0,,0.1254159603315019,3.5078534602137017,0.0243223468083922,0.1801812202654648,0.197101476922805,340.4672410019274,1.0,5.661393140817694
456,0.0075,0.0095,500000.0,0.000127,1.0,25.0,400.0,0.0018918827138002,4566.705241811475,385.3528593710531,130.37807421359784,0.0,0.0004982863020373,0.3611357344112305,0.0881655182285181,63.5,5.6103958552009054e-09,9.237697107645867e-10,1062.3953717198642,2.127954243063395,0.0001681121254493,0.00148,6.65847e-07,0.0154111111111111,0.0157,6.76e-06,0.0805555555555555,0.023,9e-06,0.0031111111111111,0.0401799999999999,0.0990777777777777,10000000.0,7.765652817005257e-10,28.0,4.0,,0.0994148153820943,3.5296566561637683,0.0215624485868647,0.1333754008006178,0.1787334891240252,257.78936684786345,1.0,4.1918956812839365
457,0.0075,0.0095,500000.0,0.000127,1.0,30.0,300.0,0.0013523798014045,5480.04629017377,291.5053062825179,122.21918244574292,0.0,0.0003892534898106,0.1677203766339558,0.0630236035050529,63.5,3.74762460280902e-09,6.034416332721843e-10,1297.525,3.5304574469440926,8.859876380654089e-05,0.00148,6.65847e-07,0.0154111111111111,0.0157,6.76e-06,0.0805555555555555,0.023,9e-06,0.0031111111111111,0.0401799999999999,0.0990777777777777,100000000.0,9.848493685734411e-11,24.0,4.0,,0.0108067762856054,3.5598170104632514,0.0177446822198416,0.0537099968432973,0.1518944406769318,107.20380137427564,1.0,1.7416158045304895
458,0.0075,0.0095,500000.0,0.000127,1.0,30.0,350.0,0.0019861853691052,5480.04629017377,319.92671377973846,128.43278461551998,0.0,0.0004090430701406,0.2745390700552256,0.0925602105710406,63.5,5.987606476420807e-09,9.939439943805754e-10,1005.8137785368788,1.7976365602204454,0.0001499400943857,0.00148,6.65847e-07,0.0154111111111111,0.0157,6.76e-06,0.0805555555555555,0.023,9e-06,0.0031111111111111,0.0401799999999999,0.0990777777777777,10000000.0,6.710173061501004e-10,28.0,4.0,,0.0859027092519803,3.550432979870428,0.0189325341936168,0.0558961502322046,0.1604311850154758,110.44430961977992,1.0,1.7942605830256597
459,0.0075,0.0095,500000.0,0.000127,1.0,30.0,375.0,0.0023474901587697,5480.04629017377,351.11917342151344,140.29690091654285,0.0,0.000446828862692,0.4280803097859377,0.1093977363789877,63.5,7.31699558215574e-09,1.102860239867322e-09,951.1929788307004,1.6169151394367756,0.0001959000915864,0.00148,6.65847e-07,0.0154111111111111,0.0157,6.76e-06,0.0805555555555555,0.023,9e-06,0.0031111111111111,0.0401799999999999,0.0990777777777777,10000000.0,9.546245021793731e-10,28.0,4.0,,0.1222097109924426,3.496064174271005,0.0258146614846828,0.1562928624145072,0.2066951501398219,291.7994056749741,1.0,4.761309595678964
460,0.0075,0.0095,550000.0,0.000127,1.0,25.0,375.0,0.0013386114823398,4151.550219828614,351.11917342151344,139.53168116443092,0.0,0.0005865970825863,0.414031417859396,0.0623819723000023,69.85,3.7200879646797294e-09,6.007636263725155e-10,1297.525,3.53324057495982,0.0001148938781391,0.00148,6.65847e-07,0.0154111111111111,0.0157,6.76e-06,0.0805555555555555,0.023,9e-06,0.0031111111111111,0.0401799999999999,0.0990777777777777,10000000.0,1.0785732732712551e-09,33.0,3.0,,0.1627341511326147,3.466502225190905,0.0295566803555816,0.1487352944267788,0.2297726502251778,269.6113194704862,1.0,4.38735745822447
461,0.0075,0.0095,550000.0,0.000127,1.0,30.0,325.0,0.0013678456620701,4981.860263794337,319.92671377973846,122.00504585466211,0.0,0.0004274286393951,0.2456641977648065,0.0637443435437916,69.85,3.7785563241402375e-09,6.064498205009485e-10,1297.525,3.5273311778691463,0.0001068805665508,0.00148,6.65847e-07,0.0154111111111111,0.0157,6.76e-06,0.0805555555555555,0.023,9e-06,0.0031111111111111,0.0401799999999999,0.0990777777777777,10000000.0,5.270337670945267e-10,32.0,4.0,,0.0771087261016096,3.5678396679843662,0.016729155951346,0.0646311281194052,0.1444572912229601,130.13334088599993,1.0,2.1141254388827675
462,0.0075,0.0095,550000.0,0.000127,1.0,30.0,350.0,0.0016414755116571,4981.860263794337,319.92671377973846,128.43278461552,0.0,0.0004499473771547,0.2732836786892136,0.0764960417942484,69.85,4.608767046628763e-09,7.3743194576907e-10,1212.6396930056856,3.005065566297892,0.0001283839498064,0.00148,6.65847e-07,0.0154111111111111,0.0157,6.76e-06,0.0805555555555555,0.023,9e-06,0.0031111111111111,0.0401799999999999,0.0990777777777777,10000000.0,6.571574365133094e-10,32.0,4.0,,0.0961467289982053,3.538306544169502,0.0204675260544935,0.0604609078967598,0.1712114604117832,117.92979673385943,1.0,1.91586860921829
463,0.0075,0.0095,550000.0,0.000127,1.0,30.0,375.0,0.0019400745113799,4981.860263794337,351.11917342151344,140.29690091654285,0.0,0.0004915117489612,0.4176775884147164,0.0904113523793287,69.85,5.803163045519831e-09,9.596311068237703e-10,1033.4802931720255,1.959150906008968,0.0001748347089225,0.00148,6.65847e-07,0.0154111111111111,0.0157,6.76e-06,0.0805555555555555,0.023,9e-06,0.0031111111111111,0.0401799999999999,0.0990777777777777,10000000.0,9.825390978267078e-10,32.0,4.0,,0.1437523417068907,3.469097632060077,0.0292281478404966,0.1433338943284969,0.2278004519249867,260.48552347702497,1.0,4.236318543214045
464,0.0075,0.0095,600000.0,0.000127,1.0,25.0,375.0,0.0011248054816883,3805.587701509565,351.11917342151344,139.53168116443095,0.0,0.0006399240900942,0.3981239676486351,0.0524181850576409,76.2,3.29247596337672e-09,5.591772902157941e-10,1297.525,3.576459319931516,0.0001127693280754,0.00148,6.65847e-07,0.0154111111111111,0.0157,6.76e-06,0.0805555555555555,0.023,9e-06,0.0031111111111111,0.0401799999999999,0.0990777777777777,10000000.0,6.795734003165884e-10,36.0,4.0,,0.1118546339351479,3.520249022574859,0.0227532882816634,0.1936711486558461,0.1867609717094827,370.6707268656527,1.0,6.343980017794611
465,0.0075,0.0095,600000.0,0.000127,1.0,25.0,400.0,0.001313807440139,3805.587701509565,385.3528593710531,130.37807421359796,0.0,0.0005979435624448,0.3754254596334858,0.0612260543253598,76.2,3.670479880278095e-09,5.959391161442455e-10,1297.525,3.538254464050293,0.0001350600404202,0.00148,6.65847e-07,0.0154111111111111,0.0157,6.76e-06,0.0805555555555555,0.023,9e-06,0.0031111111111111,0.0401799999999999,0.0990777777777777,10000000.0,8.553766090299541e-10,36.0,4.0,,0.1407910277758971,3.4791154614029343,0.0279600681768437,0.1332283775322287,0.2200924296751004,244.53724976707048,1.0,3.9745069611706225
466,0.0075,0.0095,600000.0,0.000127,1.0,30.0,325.0,0.0011493703132672,4566.705241811477,319.92671377973846,122.0050458546622,0.0,0.0004662857884311,0.2434475773192563,0.0535629553388805,76.2,3.341605626534506e-09,5.639552727820472e-10,1297.525,3.5714937848761577,0.0001048980281953,0.00148,6.65847e-07,0.0154111111111111,0.0157,6.76e-06,0.0805555555555555,0.023,9e-06,0.0031111111111111,0.0401799999999999,0.0990777777777777,10000000.0,6.219300841200186e-10,36.0,4.0,,0.1023668110907406,3.5341748011371035,0.0209905315016325,0.047337810889635,0.1748215797124749,91.9308299364725,1.0,1.4934935542151908
467,0.0075,0.0095,600000.0,0.000127,1.0,30.0,350.0,0.0013792953952119,4566.705241811477,319.92671377973846,128.43278461552,0.0,0.0004908516841687,0.2694143065107413,0.0642779240076671,76.2,3.801455790423892e-09,6.086768508456996e-10,1297.525,3.525016728811857,0.0001172101487149,0.00148,6.65847e-07,0.0154111111111111,0.0157,6.76e-06,0.0805555555555555,0.023,9e-06,0.0031111111111111,0.0401799999999999,0.0990777777777777,10000000.0,7.130464622378116e-10,36.0,4.0,,0.1173641448814897,3.512263796653752,0.0237640763729427,0.0475922376215843,0.1934526024312976,90.33814469737518,1.0,1.4676190446504374
468,0.008,0.0075,400000.0,0.000127,1.0,30.0,375.0,0.0010097357926356,6020.558668403799,351.11917342151344,134.37887325085512,0.0,0.0003895574999802,0.1423650413137702,0.0501927545689665,50.8,3.290385585271283e-09,5.59955460346595e-10,1313.844,4.192518006876632,7.517356173421789e-05,0.00148,6.65847e-07,0.0154111111111111,0.0157,6.76e-06,0.0805555555555555,0.023,9e-06,0.0031111111111111,0.0401799999999999,0.0990777777777777,10000000.0,7.359522099970429e-10,22.0,2.0,,0.0216026464210205,3.591532411799214,0.0137300744557957,0.0303896403237831,0.1217120456062492,62.81561774247959,1.0,1.0204924753454847
469,0.008,0.008,400000.0,0.000127,1.0,25.0,375.0,0.0010166962719233,5017.1322236698325,351.11917342151344,141.74914894767204,0.0,0.0004931082639929,0.1904216119697471,0.0505387516417839,50.8,3.304306543846722e-09,5.613093083704534e-10,1313.844,4.191111015593412,7.54464219594925e-05,0.00148,6.65847e-07,0.0154111111111111,0.0157,6.76e-06,0.0805555555555555,0.023,9e-06,0.0031111111111111,0.0401799999999999,0.0990777777777777,10000000.0,7.390302750447035e-10,22.0,2.0,,0.0216929978731695,3.5911025777795045,0.0137844838253792,0.0780098624547935,0.1221354563480911,161.16924417703555,1.0,2.6183305855121644
470,0.008,0.008,400000.0,0.000127,1.0,25.0,400.0,0.0012227039005553,5017.1322236698325,385.3528593710531,124.76313943041374,0.0,0.0004340183736662,0.2141949256423874,0.0607791436519245,50.8,3.7163218011106525e-09,6.013788221775133e-10,1313.844,4.149468633541748,9.107238961958544e-05,0.00148,6.65847e-07,0.0154111111111111,0.0157,6.76e-06,0.0805555555555555,0.023,9e-06,0.0031111111111111,0.0401799999999999,0.0990777777777777,10000000.0,9.218524018254251e-10,22.0,2.0,,0.0270594356786878,3.5659054445636165,0.0169739943590359,0.0861763463117749,0.1462622590461199,173.14809037710387,1.0,2.812940070978157
471,0.008,0.008,400000.0,0.000127,1.0,30.0,375.0,0.0014719767151856,6020.558668403799,351.11917342151344,142.4836857514906,0.0,0.0004130529380589,0.2031296135461265,0.0731701961398209,50.8,4.358820860742641e-09,6.89424480861542e-10,1270.6579708886038,3.86151428065058,9.657938901556948e-05,0.00148,6.65847e-07,0.0154111111111111,0.0157,6.76e-06,0.0805555555555555,0.023,9e-06,0.0031111111111111,0.0401799999999999,0.0990777777777777,10000000.0,9.89617659040548e-10,22.0,2.0,,0.0290485714831087,3.5567292142956357,0.0181355424942234,0.0607308459231967,0.1547225388047937,120.81302759675152,1.0,1.9627091167601816
472,0.008,0.008,400000.0,0.000127,1.0,30.0,400.0,0.0017696458031298,6020.558668403799,385.3528593710531,131.78679655838252,0.0,0.0003820432018494,0.2249133713871676,0.0879669692986191,50.8,5.549497212519245e-09,9.109316582952143e-10,1092.0565181221132,2.818856859545085,0.0001331081352597,0.00148,6.65847e-07,0.0154111111111111,0.0157,6.76e-06,0.0805555555555555,0.023,9e-06,0.0031111111111111,0.0401799999999999,0.0990777777777777,10000000.0,5.623785403021692e-10,24.0,3.0,,0.06170993521247,3.586802874959346,0.014328750005146,0.0350564668760782,0.1263485469952255,72.07945532698356,1.0,1.1709912985293227
473,0.008,0.008,450000.0,0.000127,1.0,30.0,375.0,0.001163043330517,5351.607705247823,351.11917342151344,142.48368575149073,0.0,0.0004646845553163,0.2260519723753115,0.0578134883080067,57.15,3.597000661034133e-09,5.89774543002222e-10,1313.844,4.1615284211692805,9.133183360410302e-05,0.00148,6.65847e-07,0.0154111111111111,0.0157,6.76e-06,0.0805555555555555,0.023,9e-06,0.0031111111111111,0.0401799999999999,0.0990777777777777,10000000.0,4.858436279372764e-10,27.0,3.0,,0.0599757080625854,3.597643848222153,0.0129564749085882,0.0680827760047192,0.1156474435087206,141.699343947688,1.0,2.3020249090866036
474,0.008,0.008,450000.0,0.000127,1.0,30.0,400.0,0.001398238659263,5351.607705247823,385.3528593710531,131.78679655838272,0.0,0.0004297986020806,0.2161560520884593,0.0695047658655756,57.15,4.0673913185261234e-09,6.355212104199618e-10,1313.844,4.1139860374165655,0.00011095894996,0.00148,6.65847e-07,0.0154111111111111,0.0157,6.76e-06,0.0805555555555555,0.023,9e-06,0.0031111111111111,0.0401799999999999,0.0990777777777777,10000000.0,6.052037425134166e-10,27.0,3.0,,0.0747102995535322,3.574146951503676,0.0159307656324461,0.0317609866693514,0.1385181062212283,64.39398293358663,1.0,1.046134343701779
475,0.008,0.008,500000.0,0.000127,1.0,35.0,350.0,0.0010539924308892,5619.188090510213,319.92671377973846,127.42799971967575,0.0,0.0003957935058437,0.1413647117660398,0.0523926989485864,63.5,3.378898861778456e-09,5.68563597770109e-10,1313.844,4.183571970020052,8.828392852156536e-05,0.00148,6.65847e-07,0.0154111111111111,0.0157,6.76e-06,0.0805555555555555,0.023,9e-06,0.0031111111111111,0.0401799999999999,0.0990777777777777,100000000.0,9.758341734098051e-11,24.0,4.0,,0.0107078523278782,3.5609021328513712,0.0176073249555226,0.038084160489575,0.1508960830738315,76.10450744020925,1.0,1.236381651152449
476,0.008,0.008,550000.0,0.000127,1.0,35.0,375.0,0.0010664555700021,5108.352809554739,351.11917342151344,143.31405121716858,0.0,0.000489649433264,0.2302818402698906,0.0530122266381243,69.85,3.4038251400043606e-09,5.70987740643274e-10,1313.844,4.18105267107976,0.0001064210250581,0.00148,6.65847e-07,0.0154111111111111,0.0157,6.76e-06,0.0805555555555555,0.023,9e-06,0.0031111111111111,0.0401799999999999,0.0990777777777777,10000000.0,5.24365953216176e-10,32.0,4.0,,0.0767184062730152,3.5684570000732623,0.0166510126489541,0.0603712073587509,0.1438796049587674,121.6381631095238,1.0,1.9761141363910961
477,0.008,0.0085,400000.0,0.000127,1.0,20.0,400.0,0.0010629940840626,4013.705778935866,351.11917342151344,117.76849888432064,0.0,0.0005121073077777,0.1600758011752636,0.0528401603258526,50.8,3.3969021681252676e-09,5.703144643206027e-10,1313.844,4.18175237584758,7.726140726329235e-05,0.00148,6.65847e-07,0.0154111111111111,0.0157,6.76e-06,0.0805555555555555,0.023,9e-06,0.0031111111111111,0.0401799999999999,0.0990777777777777,10000000.0,7.595994664941119e-10,22.0,2.0,,0.0222967720911308,3.588235028411749,0.0141474647580064,0.0447588687582801,0.1249497412516935,92.17587049105892,1.0,1.497474443858529
478,0.008,0.0085,400000.0,0.000127,1.0,25.0,350.0,0.0011624264508296,5017.1322236698325,319.92671377973846,129.1541222491972,0.0,0.0004492934559581,0.1721108217896618,0.057782823959002,50.8,3.595766901659346e-09,5.896545568186256e-10,1313.844,4.1616531172292905,7.449901647709364e-05,0.00148,6.65847e-07,0.0154111111111111,0.0157,6.76e-06,0.0805555555555555,0.023,9e-06,0.0031111111111111,0.0401799999999999,0.0990777777777777,10000000.0,7.28358672242886e-10,22.0,2.0,,0.0213797508186166,3.592593610238084,0.013595745539483,0.052768247012043,0.1206649542785737,109.20240364893748,1.0,1.774084777318447
479,0.008,0.0085,400000.0,0.000127,1.0,25.0,375.0,0.0014029773464615,5017.1322236698325,351.11917342151344,144.25769038120023,0.0,0.0005018348244035,0.2651682705583983,0.0697403203197883,50.8,4.0828233858462325e-09,6.380793596185571e-10,1312.057592123065,4.1032011294552415,9.072764792370988e-05,0.00148,6.65847e-07,0.0154111111111111,0.0157,6.76e-06,0.0805555555555555,0.023,9e-06,0.0031111111111111,0.0401799999999999,0.0990777777777777,10000000.0,9.176715862671767e-10,22.0,2.0,,0.0269367148293861,3.5664744352439683,0.0169019702222824,0.1283112354092238,0.1457320826587217,257.966868335523,1.0,4.194817850484675
480,0.008,0.0085,400000.0,0.000127,1.0,25.0,400.0,0.0016681991208641,5017.1322236698325,351.11917342151344,128.12927854926997,0.0,0.0004457282924176,0.2582392955115253,0.0829241764592097,50.8,5.143710483456426e-09,8.35441225600695e-10,1152.9245274815362,3.17419821138446,0.0001132137706755,0.00148,6.65847e-07,0.0154111111111111,0.0157,6.76e-06,0.0805555555555555,0.023,9e-06,0.0031111111111111,0.0401799999999999,0.0990777777777777,10000000.0,4.69380746114907e-10,24.0,3.0,,0.0515052644383771,3.604510062005847,0.0120873339233105,0.0836298546139384,0.108733160416482,175.4180337956259,1.0,2.849818414424722
481,0.008,0.0085,400000.0,0.000127,1.0,30.0,375.0,0.0020316068725943,6020.558668403799,351.11917342151344,145.22915186752115,0.0,0.0004210119043054,0.2529145271424481,0.1009887397084194,50.8,6.586805866179384e-09,1.091318916142156e-09,949.6297503207496,1.9999493654223672,0.0001435280560123,0.00148,6.65847e-07,0.0154111111111111,0.0157,6.76e-06,0.0805555555555555,0.023,9e-06,0.0031111111111111,0.0401799999999999,0.0990777777777777,10000000.0,6.12605032187713e-10,24.0,3.0,,0.0672213004906351,3.5773946828336167,0.015519660400808,0.0445244869433935,0.1354276382393697,90.59524846776418,1.0,1.4717959113675738
482,0.008,0.0085,450000.0,0.000127,1.0,25.0,375.0,0.0011085253107844,4459.673087706519,351.11917342151344,144.2576903812004,0.0,0.0005645641774539,0.2626194685440278,0.0551034629687217,57.15,3.487964621568885e-09,5.791705155741281e-10,1313.844,4.172548693678033,8.892722264197946e-05,0.00148,6.65847e-07,0.0154111111111111,0.0157,6.76e-06,0.0805555555555555,0.023,9e-06,0.0031111111111111,0.0401799999999999,0.0990777777777777,10000000.0,4.716457087440512e-10,27.0,3.0,,0.0582230242613295,3.600479865758697,0.0125974853470003,0.1091129813139765,0.1128046175537082,227.8247191587324,1.0,3.701800900964434
483,0.008,0.0085,450000.0,0.000127,1.0,25.0,400.0,0.0013180832559913,4459.673087706519,351.11917342151344,128.12927854927003,0.0,0.0005014443289698,0.2605968200511706,0.0655203369554249,57.15,3.907080511982786e-09,6.19930583706606e-10,1313.844,4.1301886506339,9.817076017954583e-05,0.00148,6.65847e-07,0.0154111111111111,0.0157,6.76e-06,0.0805555555555555,0.023,9e-06,0.0031111111111111,0.0401799999999999,0.0990777777777777,10000000.0,5.267183467687482e-10,27.0,3.0,,0.0650215501047766,3.5895283271688654,0.0139837560545739,0.089874932990969,0.1236827025123254,185.35534427865872,1.0,3.0112686616057127
484,0.008,0.0085,450000.0,0.000127,1.0,30.0,375.0,0.0016052202450128,5351.607705247823,351.11917342151344,145.22915186752124,0.0,0.0004736383923435,0.2655947747672109,0.0797935721152943,57.15,4.891794980051371e-09,7.885761879036112e-10,1190.7118529922946,3.394796838983716,0.0001213608364571,0.00148,6.65847e-07,0.0154111111111111,0.0157,6.76e-06,0.0805555555555555,0.023,9e-06,0.0031111111111111,0.0401799999999999,0.0990777777777777,10000000.0,6.71144284580098e-10,27.0,3.0,,0.0828504303961878,3.561424948043421,0.0175411458172885,0.0627707722557286,0.1504142318977005,125.50754914568708,1.0,2.038975563739379
485,0.008,0.0085,450000.0,0.000127,1.0,30.0,400.0,0.0019081359452743,5351.607705247823,351.11917342151344,135.30045392115463,0.0,0.0004412577547587,0.2356076466946972,0.094851148076453,57.15,6.103457781097361e-09,1.013987574180502e-09,1008.962432835396,2.333761899049758,0.0001502214848926,0.00148,6.65847e-07,0.0154111111111111,0.0157,6.76e-06,0.0805555555555555,0.023,9e-06,0.0031111111111111,0.0401799999999999,0.0990777777777777,10000000.0,4.687238176044953e-10,28.0,4.0,,0.0600053760970367,3.57708340736034,0.0155590623594506,0.0405711225212073,0.1357248013886753,82.52285090470039,1.0,1.340653032141618
486,0.008,0.0085,450000.0,0.000127,1.0,40.0,375.0,0.0028940896363255,7135.476940330431,351.11917342151344,147.2782557261118,0.0,0.0003602408781515,0.3230147216889572,0.143861722914179,57.15,9.749242666526985e-09,1.3361375235697927e-09,834.6320484899279,1.6714958043957195,0.0002298948756711,0.00148,6.65847e-07,0.0154111111111111,0.0157,6.76e-06,0.0805555555555555,0.023,9e-06,0.0031111111111111,0.0401799999999999,0.0990777777777777,10000000.0,7.748372314913293e-10,28.0,4.0,,0.0991935927797368,3.506173731238152,0.0245349707293479,0.0397794059950412,0.1984825272931587,75.03716828782366,1.0,1.2190418300570571
487,0.008,0.0085,500000.0,0.000127,1.0,25.0,400.0,0.001067647437353,4013.7057789358673,351.11917342151344,128.12927854927,0.0,0.000557160365522,0.2668475914918223,0.0530714729338942,63.5,3.406208874706057e-09,5.712195648023504e-10,1313.844,4.180811747013459,9.68047930499255e-05,0.00148,6.65847e-07,0.0154111111111111,0.0157,6.76e-06,0.0805555555555555,0.023,9e-06,0.0031111111111111,0.0401799999999999,0.0990777777777777,10000000.0,6.711090620884093e-10,30.0,3.0,,0.092051202557723,3.555384630517667,0.0183057429724472,0.081544916000205,0.1559481506045399,161.98364376358154,1.0,2.6315612895494636
488,0.008,0.0085,500000.0,0.000127,1.0,30.0,350.0,0.001077665970283,4816.44693472304,319.92671377973846,132.17310045914974,0.0,0.0004789538464444,0.1762425778726505,0.0535694821836079,63.5,3.4262459405661753e-09,5.73168219549912e-10,1313.844,4.178786600766977,8.934053080892384e-05,0.00148,6.65847e-07,0.0154111111111111,0.0157,6.76e-06,0.0805555555555555,0.023,9e-06,0.0031111111111111,0.0401799999999999,0.0990777777777777,100000000.0,1.0070299628848482e-10,24.0,4.0,,0.0110501644912072,3.5571603334585284,0.0180809704482875,0.0714429311978352,0.154328812163469,142.18898288797746,1.0,2.3099795085258146
489,0.008,0.0085,500000.0,0.000127,1.0,30.0,375.0,0.0013002283984604,4816.44693472304,351.11917342151344,145.22915186752124,0.0,0.0005262648803817,0.2719625370916383,0.0646327934133884,63.5,3.871370796920804e-09,6.164577246425405e-10,1313.844,4.133797831535215,0.0001082034713901,0.00148,6.65847e-07,0.0154111111111111,0.0157,6.76e-06,0.0805555555555555,0.023,9e-06,0.0031111111111111,0.0401799999999999,0.0990777777777777,10000000.0,7.658733345283481e-10,30.0,3.0,,0.1050493361404504,3.5365829914582245,0.020685697283769,0.0621004075377994,0.1727212513927026,120.90700601764937,1.0,1.964235875161276
490,0.008,0.0085,500000.0,0.000127,1.0,30.0,400.0,0.0015455901156722,4816.44693472304,351.11917342151344,135.3004539211546,0.0,0.0004902863941763,0.2225122496268037,0.0768294299419269,63.5,4.653274462688853e-09,7.44203083086205e-10,1226.489930596672,3.603665678230312,0.0001285265964237,0.00148,6.65847e-07,0.0154111111111111,0.0157,6.76e-06,0.0805555555555555,0.023,9e-06,0.0031111111111111,0.0401799999999999,0.0990777777777777,10000000.0,5.555804476967352e-10,28.0,4.0,,0.0711246419833796,3.5739376674103798,0.0159572572898254,0.0343781777014972,0.1387164986775354,69.6841695334767,1.0,1.1320778687737372
491,0.008,0.0085,500000.0,0.000127,1.0,35.0,375.0,0.0017813894731057,5619.188090510213,351.11917342151344,146.2200249381846,0.0,0.0004541618515723,0.2974758101073502,0.0885507330407199,63.5,5.596471892423068e-09,9.196705811274523e-10,1085.0103161365396,2.7777218369735053,0.0001535026459584,0.00148,6.65847e-07,0.0154111111111111,0.0157,6.76e-06,0.0805555555555555,0.023,9e-06,0.0031111111111111,0.0401799999999999,0.0990777777777777,10000000.0,6.911201255120165e-10,28.0,4.0,,0.0884762444364894,3.546424336429575,0.0194399574139779,0.0802688326301408,0.1640257247788705,157.92286307176474,1.0,2.5655900918467416
492,0.008,0.0085,550000.0,0.000127,1.0,30.0,375.0,0.0010745689243474,4378.58812247549,351.11917342151344,145.22915186752107,0.0,0.0005788913684199,0.2789519303904713,0.0534155317466019,69.85,3.420051848694877e-09,5.725658286301986e-10,1313.844,4.179412637632409,0.000106858374755,0.00148,6.65847e-07,0.0154111111111111,0.0157,6.76e-06,0.0805555555555555,0.023,9e-06,0.0031111111111111,0.0401799999999999,0.0990777777777777,10000000.0,9.804506928214e-10,33.0,3.0,,0.1479295057439718,3.485669963109834,0.0271303844164766,0.0374268928998975,0.2149653710567365,69.14769973463176,1.0,1.12336246625687
493,0.008,0.0085,550000.0,0.000127,1.0,30.0,400.0,0.0012773472030348,4378.58812247549,351.11917342151344,135.30045392115477,0.0,0.0005393150335939,0.2347307011841098,0.0634953966462206,69.85,3.825608406069774e-09,6.120072177263007e-10,1313.844,4.138423036378528,0.0001177901716385,0.00148,6.65847e-07,0.0154111111111111,0.0157,6.76e-06,0.0805555555555555,0.023,9e-06,0.0031111111111111,0.0401799999999999,0.0990777777777777,10000000.0,5.917140925712299e-10,32.0,4.0,,0.0865719100809609,3.5530196159004865,0.0186051119113308,0.0444833944569282,0.1580953013686301,88.13857040065483,1.0,1.4318851125577896
494,0.008,0.0085,550000.0,0.000127,1.0,35.0,375.0,0.001472222705046,5108.352809554739,351.11917342151344,146.2200249381846,0.0,0.0004995780367296,0.2853734659662513,0.0731824240005949,69.85,4.359804820184352e-09,6.89607531510291e-10,1270.510376972347,3.8606526421268654,0.0001328253429655,0.00148,6.65847e-07,0.0154111111111111,0.0157,6.76e-06,0.0805555555555555,0.023,9e-06,0.0031111111111111,0.0401799999999999,0.0990777777777777,10000000.0,6.854291734659602e-10,32.0,4.0,,0.1002830818416232,3.532036130657548,0.0212612492838546,0.071727960124033,0.1766779223914249,138.98354662019062,1.0,2.2579044849809544
495,0.008,0.0085,600000.0,0.000127,1.0,35.0,375.0,0.0012370760229901,4682.6567420918445,351.11917342151344,146.2200249381846,0.0,0.0005449942218868,0.2884262750400201,0.061493564611611,76.2,3.745066045980232e-09,6.041742718516925e-10,1313.844,4.146563452712779,0.0001261298123758,0.00148,6.65847e-07,0.0154111111111111,0.0157,6.76e-06,0.0805555555555555,0.023,9e-06,0.0031111111111111,0.0401799999999999,0.0990777777777777,10000000.0,7.825268538358618e-10,36.0,4.0,,0.1288002955081182,3.4959213343740814,0.0258327424842934,0.0579524149202908,0.2068099822984849,108.18173108247645,1.0,1.757503094105435
496,0.008,0.009,400000.0,0.000127,1.0,20.0,400.0,0.0014020946509492,4013.705778935866,351.11917342151344,121.93082407016288,0.0,0.0005302068604187,0.2269927851017119,0.0696964425851069,50.8,4.0792926037970695e-09,6.37422511462737e-10,1312.5872094304395,4.106292982333962,9.065278262031904e-05,0.00148,6.65847e-07,0.0154111111111111,0.0157,6.76e-06,0.0805555555555555,0.023,9e-06,0.0031111111111111,0.0401799999999999,0.0990777777777777,10000000.0,9.167645979165471e-10,22.0,2.0,,0.0269100917030737,3.566597916454629,0.0168863396892874,0.0902062508135311,0.1456169378780756,181.38209402836696,1.0,2.9467145207575323
497,0.008,0.009,400000.0,0.000127,1.0,25.0,300.0,0.0010334019358905,5017.1322236698325,291.5053062825179,118.30919398454344,0.0,0.000411566783245,0.1526986738824242,0.0513691701507951,50.8,3.337717871781057e-09,5.64558643540387e-10,1313.844,4.187734132679089,6.423926689095674e-05,0.00148,6.65847e-07,0.0154111111111111,0.0157,6.76e-06,0.0805555555555555,0.023,9e-06,0.0031111111111111,0.0401799999999999,0.0990777777777777,10000000.0,6.155340778979101e-10,22.0,2.0,,0.018067973523676,3.60849698081636,0.0115826606561569,0.043081530207953,0.1046684869504823,90.77790166053067,1.0,1.4747632659127476
498,0.008,0.009,400000.0,0.000127,1.0,25.0,325.0,0.0012840864726393,5017.1322236698325,319.92671377973846,112.85555450372068,0.0,0.0003925949959941,0.1761333096893864,0.063830397651134,50.8,3.839086945278665e-09,6.13318039360713e-10,1313.844,4.1370607604206855,7.88435937136968e-05,0.00148,6.65847e-07,0.0154111111111111,0.0157,6.76e-06,0.0805555555555555,0.023,9e-06,0.0031111111111111,0.0401799999999999,0.0990777777777777,10000000.0,7.776666511991777e-10,22.0,2.0,,0.0228271040851177,3.585723179746461,0.014465420285258,0.0492958079531345,0.127400148419523,101.23490330643132,1.0,1.644646041533505
499,0.008,0.009,400000.0,0.000127,1.0,25.0,350.0,0.00156042308225,5017.1322236698325,319.92671377973846,132.97064610250516,0.0,0.0004625701455592,0.2329212000003906,0.0775667589109489,50.8,4.712606329000013e-09,7.55240872002435e-10,1217.590150649998,3.5517096528796235,9.537290155506133e-05,0.00148,6.65847e-07,0.0154111111111111,0.0157,6.76e-06,0.0805555555555555,0.023,9e-06,0.0031111111111111,0.0401799999999999,0.0990777777777777,10000000.0,9.74610676575814e-10,22.0,2.0,,0.028608066608433,3.558753847227922,0.0178792598445669,0.0865663744810084,0.1528703206582508,172.58548812186487,1.0,2.803799868960485
500,0.008,0.009,400000.0,0.000127,1.0,25.0,375.0,0.0018649517354475,5017.1322236698325,351.11917342151344,143.7731405034467,0.0,0.0005001492019443,0.3176040753029751,0.0927045128270133,50.8,5.930720941790055e-09,9.818525194641774e-10,1034.8729587314915,2.485024958178576,0.0001298761492635,0.00148,6.65847e-07,0.0154111111111111,0.0157,6.76e-06,0.0805555555555555,0.023,9e-06,0.0031111111111111,0.0401799999999999,0.0990777777777777,10000000.0,5.47016857290402e-10,24.0,3.0,,0.0600242939664486,3.5897018918090597,0.0139617858469545,0.124695268509513,0.1235123827380011,257.2177341555437,1.0,4.182487224049822
501,0.008,0.009,400000.0,0.000127,1.0,30.0,350.0,0.0022609481562173,6020.558668403799,319.92671377973846,135.40961333467428,0.0,0.0003925455629135,0.2659762113081624,0.1123890197077771,50.8,7.427723906130289e-09,1.1564182039694827e-09,919.0509125043532,1.9126108533221209,0.0001460464735351,0.00148,6.65847e-07,0.0154111111111111,0.0157,6.76e-06,0.0805555555555555,0.023,9e-06,0.0031111111111111,0.0401799999999999,0.0990777777777777,10000000.0,6.249088380549003e-10,24.0,3.0,,0.0685714001273015,3.575106292865594,0.0158093300170134,0.0448357914730837,0.1376075202907166,90.99865009270115,1.0,1.47834950962204
502,0.008,0.009,400000.0,0.000127,1.0,30.0,375.0,0.002701378937489,6020.558668403799,351.11917342151344,144.97255219637168,0.0,0.0004202680349458,0.3442337347063868,0.1342823053278554,50.8,9.042636770793166e-09,1.281435949336057e-09,860.326808334794,1.74488453509563,0.0001907620251106,0.00148,6.65847e-07,0.0154111111111111,0.0157,6.76e-06,0.0805555555555555,0.023,9e-06,0.0031111111111111,0.0401799999999999,0.0990777777777777,10000000.0,8.550666005779284e-10,24.0,3.0,,0.093826667880427,3.533443409114137,0.0210831127703623,0.0759447614981042,0.1754573611612495,147.37237752700952,1.0,2.3941881693145364
503,0.008,0.009,400000.0,0.000127,1.0,30.0,400.0,0.0031872750811074,6020.558668403799,351.11917342151344,137.64096276872894,0.0,0.0003990141311198,0.3349091965886193,0.1584356195517541,50.8,1.082425596406066e-08,1.4193591893559543e-09,795.5406558523396,1.559843946029056,0.0002250231378131,0.00148,6.65847e-07,0.0154111111111111,0.0157,6.76e-06,0.0805555555555555,0.023,9e-06,0.0031111111111111,0.0401799999999999,0.0990777777777777,10000000.0,5.905069338245042e-10,24.0,4.0,,0.0647964707352542,3.55892766464432,0.0178572576399594,0.0714971063016108,0.1527109268506778,142.56903801412722,1.0,2.3161538262603636
504,0.008,0.009,400000.0,0.000127,1.0,35.0,375.0,0.0037023239624121,7023.985113137765,351.11917342151344,146.12023278612773,0.0,0.0003630815163785,0.3689934906865096,0.1840380813827551,50.8,1.2712768528844705e-08,1.565557531143909e-09,726.8674716783745,1.3637013142209808,0.0002613320362238,0.00148,6.65847e-07,0.0154111111111111,0.0157,6.76e-06,0.0805555555555555,0.023,9e-06,0.0031111111111111,0.0401799999999999,0.0990777777777777,10000000.0,7.07199553321969e-10,24.0,4.0,,0.0776011805043944,3.5343070820651854,0.0209737870803562,0.06717422879936,0.1747064863764266,130.47168449654808,1.0,2.119622115352501
505,0.008,0.009,450000.0,0.000127,1.0,20.0,400.0,0.0011078278723549,3567.7384701652154,351.11917342151344,121.93082407016291,0.0,0.0005964827179711,0.2252404697327629,0.055068794141319,57.15,3.486569744709954e-09,5.790348603124048e-10,1313.844,4.172689673882165,8.889646170227225e-05,0.00148,6.65847e-07,0.0154111111111111,0.0157,6.76e-06,0.0805555555555555,0.023,9e-06,0.0031111111111111,0.0401799999999999,0.0990777777777777,10000000.0,4.71464657581556e-10,27.0,3.0,,0.0582006741242858,3.600516087706866,0.01259290029027,0.0717910014671579,0.1127681904339872,149.9036695488747,1.0,2.4353111870382027
506,0.008,0.009,450000.0,0.000127,1.0,25.0,325.0,0.0010145868425792,4459.673087706519,319.92671377973846,112.85555450372078,0.0,0.0004416693704934,0.1769497997938245,0.0504338944404022,57.15,3.300087685158453e-09,5.608990138158725e-10,1313.844,4.191537415641036,7.787270238970554e-05,0.00148,6.65847e-07,0.0154111111111111,0.0157,6.76e-06,0.0805555555555555,0.023,9e-06,0.0031111111111111,0.0401799999999999,0.0990777777777777,10000000.0,4.632144330867202e-10,24.0,3.0,,0.0508286333968285,3.617334981824824,0.0104639263512881,0.0355072719565936,0.0955245897850851,75.58214611766925,1.0,1.227895452684276
507,0.008,0.009,450000.0,0.000127,1.0,25.0,350.0,0.0012329268798024,4459.673087706519,319.92671377973846,132.9706461025053,0.0,0.0005203914137541,0.2335902967593771,0.061287315682725,57.15,3.736767759604943e-09,6.033672427559798e-10,1313.844,4.147402160516729,8.664366349940997e-05,0.00148,6.65847e-07,0.0154111111111111,0.0157,6.76e-06,0.0805555555555555,0.023,9e-06,0.0031111111111111,0.0401799999999999,0.0990777777777777,10000000.0,5.233939139976846e-10,24.0,3.0,,0.0574321426028169,3.607238599292509,0.0117419494566444,0.074690838473835,0.1059554083886718,157.15625231669165,1.0,2.55313580097059
508,0.008,0.009,450000.0,0.000127,1.0,25.0,375.0,0.0014735421119585,4459.673087706519,351.11917342151344,143.77314050344657,0.0,0.0005626678521873,0.305850523079336,0.0732480101349241,57.15,4.365082447834117e-09,6.905893536507082e-10,1269.7187328248824,3.8560311027583807,0.0001088011546301,0.00148,6.65847e-07,0.0154111111111111,0.0157,6.76e-06,0.0805555555555555,0.023,9e-06,0.0031111111111111,0.0401799999999999,0.0990777777777777,10000000.0,5.91766165354068e-10,27.0,3.0,,0.0730514773349528,3.576761820626151,0.0155997695409935,0.119371035609459,0.136031593853595,242.7179925527861,1.0,3.9447604660842703
509,0.008,0.009,450000.0,0.000127,1.0,25.0,400.0,0.001739028319721,4459.673087706519,351.11917342151344,131.27891199007962,0.0,0.0005137706750252,0.2526292328852985,0.0864450109393475,57.15,5.4270272788840245e-09,8.881479948088693e-10,1110.4270081673965,2.926101943380443,0.0001341162727649,0.00148,6.65847e-07,0.0154111111111111,0.0157,6.76e-06,0.0805555555555555,0.023,9e-06,0.0031111111111111,0.0401799999999999,0.0990777777777777,10000000.0,7.547858456937145e-10,27.0,3.0,,0.0931756905473754,3.5455453203745093,0.0195512252690494,0.0328285313985754,0.1648098253117064,64.52707512458133,1.0,1.0482965381419285
510,0.008,0.009,450000.0,0.000127,1.0,30.0,350.0,0.0017864281728137,5351.607705247823,319.92671377973846,135.40961333467422,0.0,0.0004416137582777,0.2547478559795457,0.0888012007567622,57.15,5.616626691254851e-09,9.234200740894235e-10,1081.9870963117723,2.760072581958496,0.0001269186009619,0.00148,6.65847e-07,0.0154111111111111,0.0157,6.76e-06,0.0805555555555555,0.023,9e-06,0.0031111111111111,0.0401799999999999,0.0990777777777777,10000000.0,7.071981612985174e-10,27.0,3.0,,0.0873011562269844,3.554545079743036,0.0184120152224004,0.0384654989957989,0.1567116151304524,76.34008476479528,1.0,1.2402088026753018
511,0.008,0.009,450000.0,0.000127,1.0,30.0,375.0,0.0021344228641888,5351.607705247823,351.11917342151344,144.97255219637174,0.0,0.000472801539314,0.3426746226978581,0.106099599271392,57.15,6.963797835359217e-09,1.1205035780762267e-09,935.9209514414832,1.960794636783378,0.0001696266419649,0.00148,6.65847e-07,0.0154111111111111,0.0157,6.76e-06,0.0805555555555555,0.023,9e-06,0.0031111111111111,0.0401799999999999,0.0990777777777777,10000000.0,1.0062020554384852e-09,27.0,3.0,,0.1242121482279541,3.4994743942105933,0.0253829880746084,0.0721828751985119,0.2039436918194232,135.23313426110775,1.0,2.196975873657205
512,0.008,0.009,450000.0,0.000127,1.0,30.0,400.0,0.0025183408048256,5351.607705247823,351.11917342151344,137.64096276872877,0.0,0.0004488908975098,0.342182450806433,0.125183699398917,57.15,8.371496951027363e-09,1.2294799652524414e-09,884.7318926899143,1.814589726903616,0.0002000861862108,0.00148,6.65847e-07,0.0154111111111111,0.0157,6.76e-06,0.0805555555555555,0.023,9e-06,0.0031111111111111,0.0401799999999999,0.0990777777777777,10000000.0,6.543002007123427e-10,28.0,4.0,,0.0837626084903568,3.533301000564867,0.0211011391690042,0.0930561429171591,0.1755810395457991,180.5502804807332,1.0,2.93320013041715
513,0.008,0.009,450000.0,0.000127,1.0,35.0,375.0,0.002925293007338,6243.542322789127,351.11917342151344,146.1202327861277,0.0,0.0004084667059258,0.363500421467912,0.1454128050431646,57.15,9.863655026906111e-09,1.344994704442924e-09,830.471599021596,1.6596128326355069,0.000232370122992,0.00148,6.65847e-07,0.0154111111111111,0.0157,6.76e-06,0.0805555555555555,0.023,9e-06,0.0031111111111111,0.0401799999999999,0.0990777777777777,10000000.0,7.852120852599965e-10,28.0,4.0,,0.1005217672376132,3.503884783104344,0.0248247109994502,0.077385849187134,0.2003568390307651,145.63405043188078,1.0,2.3659475593948764
514,0.008,0.009,500000.0,0.000127,1.0,25.0,375.0,0.0011935691106864,4013.7057789358673,351.11917342151344,143.77314050344674,0.0,0.0006251865024303,0.318431610201755,0.0593308882092886,63.5,3.6580522213728197e-09,5.9571195987406e-10,1313.844,4.15535793996585,0.0001029758633971,0.00148,6.65847e-07,0.0154111111111111,0.0157,6.76e-06,0.0805555555555555,0.023,9e-06,0.0031111111111111,0.0401799999999999,0.0990777777777777,10000000.0,7.218756309200214e-10,30.0,3.0,,0.099014487625186,3.545266243893976,0.0195865514058258,0.1199062343672803,0.1650584597796068,235.61502493822948,1.0,3.828779914288694
515,0.008,0.009,500000.0,0.000127,1.0,30.0,325.0,0.0011911931148234,4816.44693472304,319.92671377973846,118.0699101245666,0.0,0.0004278483095809,0.1818122415069173,0.0592127803061364,63.5,3.65330022964692e-09,5.95249816798737e-10,1313.844,4.155838223769587,9.440782111998772e-05,0.00148,6.65847e-07,0.0154111111111111,0.0157,6.76e-06,0.0805555555555555,0.023,9e-06,0.0031111111111111,0.0401799999999999,0.0990777777777777,10000000.0,3.8802905142841856e-10,28.0,4.0,,0.0496749435233209,3.609597076809367,0.0114434079988144,0.0327445176774599,0.1035404019456157,69.08352154054252,1.0,1.1223198375842074
516,0.008,0.009,500000.0,0.000127,1.0,30.0,375.0,0.0017288825199929,4816.44693472304,351.11917342151344,144.97255219637174,0.0,0.0005253350436822,0.3394460635582842,0.0859406754098275,63.5,5.386444079971958e-09,8.805981095450632e-10,1116.5144880042062,2.961640041919756,0.0001479438199361,0.00148,6.65847e-07,0.0154111111111111,0.0157,6.76e-06,0.0805555555555555,0.023,9e-06,0.0031111111111111,0.0401799999999999,0.0990777777777777,10000000.0,6.59870895067747e-10,28.0,4.0,,0.0844757610918739,3.5526662938974365,0.0186498362155143,0.1288496270565827,0.1584151379860378,255.20326682606932,1.0,4.149357179236249
517,0.008,0.009,500000.0,0.000127,1.0,30.0,400.0,0.0020398560519087,4816.44693472304,351.11917342151344,137.64096276872883,0.0,0.0004987676638998,0.326034869575812,0.1013987965131227,63.5,6.617052856998827e-09,1.0936604731878111e-09,948.5298597454972,1.996807885458596,0.0001801372981863,0.00148,6.65847e-07,0.0154111111111111,0.0157,6.76e-06,0.0805555555555555,0.023,9e-06,0.0031111111111111,0.0401799999999999,0.0990777777777777,10000000.0,8.508890620402053e-10,28.0,4.0,,0.1089296431436295,3.515418288816932,0.023364773567477,0.0755264299190598,0.1908223351340884,143.82950695333895,1.0,2.3366312142109478
518,0.008,0.009,500000.0,0.000127,1.0,35.0,375.0,0.0023694873359438,5619.188090510213,351.11917342151344,146.12023278612767,0.0,0.0004538518954732,0.36986313546099,0.1177843720849633,63.5,7.825700898460614e-09,1.1872274119321015e-09,904.5790218741596,1.871276601101428,0.0002091962300125,0.00148,6.65847e-07,0.0154111111111111,0.0157,6.76e-06,0.0805555555555555,0.023,9e-06,0.0031111111111111,0.0401799999999999,0.0990777777777777,10000000.0,8.909719528259032e-10,32.0,4.0,,0.1303554279897721,3.4674703965729035,0.0294341270160881,0.0815433353862546,0.229038135130755,147.9539337639716,1.0,2.4036360492689455
519,0.008,0.009,550000.0,0.000127,1.0,25.0,400.0,0.0011641429247719,3648.8234353962425,351.11917342151344,131.27891199007956,0.0,0.0006279419361419,0.2478127340336494,0.057868147818902,69.85,3.599199849543826e-09,5.899884195827605e-10,1313.844,4.161306149186606,0.0001116870752801,0.00148,6.65847e-07,0.0154111111111111,0.0157,6.76e-06,0.0805555555555555,0.023,9e-06,0.0031111111111111,0.0401799999999999,0.0990777777777777,10000000.0,5.55207288965833e-10,32.0,4.0,,0.081230709391729,3.561349789232189,0.0175506595908622,0.0685338768230183,0.1504835354638935,137.01945905119487,1.0,2.225996225209987
520,0.008,0.009,550000.0,0.000127,1.0,30.0,375.0,0.0014288285289198,4378.58812247549,351.11917342151344,144.9725521963717,0.0,0.0005778685480504,0.3560051731586729,0.0710253515783698,69.85,4.186228115679303e-09,6.5731623268187e-10,1296.5468826481044,4.012651158611369,0.000127765205363,0.00148,6.65847e-07,0.0154111111111111,0.0157,6.76e-06,0.0805555555555555,0.023,9e-06,0.0031111111111111,0.0401799999999999,0.0990777777777777,10000000.0,6.532591710053667e-10,32.0,4.0,,0.0955763854906528,3.539175163367076,0.0203575742573321,0.1492234360896502,0.1704484803741169,291.33022739190284,1.0,4.753264693961832
521,0.008,0.009,550000.0,0.000127,1.0,30.0,400.0,0.0016858314478584,4378.58812247549,351.11917342151344,137.64096276872883,0.0,0.0005486444302897,0.3391190024410275,0.083800658275308,69.85,5.214239791433953e-09,8.485621277779677e-10,1142.345131284907,3.112436754328159,0.0001577232433632,0.00148,6.65847e-07,0.0154111111111111,0.0157,6.76e-06,0.0805555555555555,0.023,9e-06,0.0031111111111111,0.0401799999999999,0.0990777777777777,10000000.0,8.543322359393943e-10,32.0,4.0,,0.1249947811579428,3.495612244581817,0.0258718677744535,0.0901435630077765,0.2070583526676644,168.22134353270377,1.0,2.7328991511706
522,0.008,0.009,550000.0,0.000127,1.0,35.0,375.0,0.0019582539966477,5108.352809554739,351.11917342151344,146.1202327861276,0.0,0.0004992370850205,0.3631504281931281,0.0973424562685646,69.85,6.30392998659108e-09,1.051282370811474e-09,978.891602011338,2.15821139578199,0.0001894328618692,0.00148,6.65847e-07,0.0154111111111111,0.0157,6.76e-06,0.0805555555555555,0.023,9e-06,0.0031111111111111,0.0401799999999999,0.0990777777777777,10000000.0,1.101692045079704e-09,32.0,4.0,,0.1611852512234511,3.4452827238771238,0.0322426931801109,0.0644427207011122,0.245526786074735,114.42550604034253,1.0,1.85893846314893
523,0.008,0.009,600000.0,0.000127,1.0,30.0,350.0,0.0010048658472077,4013.7057789358655,319.92671377973846,135.40961333467425,0.0,0.0005888183443702,0.2527487452823677,0.0499506754256787,76.2,3.2806456944154246e-09,5.590082316111362e-10,1313.844,4.193502417645433,0.0001033096556117,0.00148,6.65847e-07,0.0154111111111111,0.0157,6.76e-06,0.0805555555555555,0.023,9e-06,0.0031111111111111,0.0401799999999999,0.0990777777777777,10000000.0,6.105468202548117e-10,36.0,4.0,,0.100493178585353,3.536951320794608,0.0206390733171383,0.0621248912713358,0.1723990660326914,121.00178090570776,1.0,1.9657755728407855
524,0.008,0.009,600000.0,0.000127,1.0,30.0,375.0,0.0012006128611062,4013.7057789358655,351.11917342151344,144.97255219637168,0.0,0.0006304020524187,0.3586113377042654,0.059681024590158,76.2,3.6721397222124845e-09,5.970820045494699e-10,1313.844,4.153934116255984,0.0001239852943581,0.00148,6.65847e-07,0.0154111111111111,0.0157,6.76e-06,0.0805555555555555,0.023,9e-06,0.0031111111111111,0.0401799999999999,0.0990777777777777,10000000.0,7.655357668363887e-10,36.0,4.0,,0.1260036412900442,3.4998891487731894,0.0253304874970646,0.1327466718240632,0.2036077542043093,248.80311464125987,1.0,4.044337352546519
525,0.008,0.009,600000.0,0.000127,1.0,30.0,400.0,0.0014165667027144,4013.7057789358655,351.11917342151344,137.64096276872888,0.0,0.0005985211966797,0.3310061594156939,0.0704158309118907,76.2,4.137180810857698e-09,6.481917295912093e-10,1303.9039783713451,4.055601147734077,0.0001378203105726,0.00148,6.65847e-07,0.0154111111111111,0.0157,6.76e-06,0.0805555555555555,0.023,9e-06,0.0031111111111111,0.0401799999999999,0.0990777777777777,10000000.0,8.786189226558511e-10,36.0,4.0,,0.1446166049412474,3.473822947982192,0.0286300065845326,0.0757937235625556,0.2241837232357626,138.38763228472644,1.0,2.248223353524337
526,0.008,0.0095,400000.0,0.000127,1.0,20.0,325.0,0.0010734658811064,4013.705778935866,291.5053062825179,106.1107743650375,0.0,0.0004614145845542,0.1633271547401508,0.0533607007907425,50.8,3.417845762212829e-09,5.723512812046033e-10,1313.844,4.17963560679315,6.554219093881797e-05,0.00148,6.65847e-07,0.0154111111111111,0.0157,6.76e-06,0.0805555555555555,0.023,9e-06,0.0031111111111111,0.0401799999999999,0.0990777777777777,10000000.0,6.295932747740702e-10,22.0,2.0,,0.0184806577373431,3.606501227233571,0.0118352876919531,0.051305796212065,0.1067077863354436,107.86117048565131,1.0,1.7522953179375722
527,0.008,0.0095,400000.0,0.000127,1.0,20.0,350.0,0.0012932874867074,4013.705778935866,319.92671377973846,131.00195910606686,0.0,0.0005696519971551,0.2849355776113133,0.0642877690192413,50.8,3.857488973414819e-09,6.151076826020248e-10,1313.844,4.135200867436965,7.91721869596853e-05,0.00148,6.65847e-07,0.0154111111111111,0.0157,6.76e-06,0.0805555555555555,0.023,9e-06,0.0031111111111111,0.0401799999999999,0.0990777777777777,10000000.0,7.81435038555688e-10,22.0,2.0,,0.0229377187942446,3.58520007799359,0.0145316356970138,0.1575300897978272,0.1279087291497924,323.31853969367074,1.0,5.3250445115265785
528,0.008,0.0095,400000.0,0.000127,1.0,20.0,375.0,0.0015356896015558,4013.705778935866,351.11917342151344,139.9323400254495,0.0,0.0006084850753838,0.3794233094963102,0.0763372872658211,50.8,4.613672406223537e-09,7.368357244121942e-10,1232.4302390664693,3.638344605046142,0.0001019818704414,0.00148,6.65847e-07,0.0154111111111111,0.0157,6.76e-06,0.0805555555555555,0.023,9e-06,0.0031111111111111,0.0401799999999999,0.0990777777777777,10000000.0,4.1845738901622446e-10,24.0,3.0,,0.0459174319693915,3.614367716279162,0.0108395295849161,0.2169885902610975,0.0986153122287559,460.3119218821181,1.0,9.892000981345886
529,0.008,0.0095,400000.0,0.000127,1.0,20.0,400.0,0.0018033205630516,4013.705778935866,351.11917342151344,123.71963041016784,0.0,0.0005379853479395,0.2967418552301645,0.0896409012046208,50.8,5.684196252206517e-09,9.359903604686763e-10,1071.8516621690226,2.700902930976537,0.0001246591152193,0.00148,6.65847e-07,0.0154111111111111,0.0157,6.76e-06,0.0805555555555555,0.023,9e-06,0.0031111111111111,0.0401799999999999,0.0990777777777777,10000000.0,5.224311868339029e-10,24.0,3.0,,0.0573265023149206,3.59436284705781,0.0133717915116696,0.109594451710623,0.1189136747802952,227.25433569683796,1.0,3.692510954333609
530,0.008,0.0095,400000.0,0.000127,1.0,25.0,300.0,0.0013741037512337,5017.1322236698325,291.5053062825179,119.6131056427855,0.0,0.0004161027513194,0.1960428344952515,0.0683050485493279,50.8,4.019121502467486e-09,6.30826850133719e-10,1313.844,4.118864667725612,7.532078682761732e-05,0.00148,6.65847e-07,0.0154111111111111,0.0157,6.76e-06,0.0805555555555555,0.023,9e-06,0.0031111111111111,0.0401799999999999,0.0990777777777777,10000000.0,7.376125583175156e-10,22.0,2.0,,0.0216513831694338,3.59130053037857,0.0137594265343582,0.0659064027764897,0.1219405126016438,136.19359898958763,1.0,2.2125794323649113
531,0.008,0.0095,400000.0,0.000127,1.0,25.0,350.0,0.0020316761829528,5017.1322236698325,319.92671377973846,133.88043624031755,0.0,0.0004657350678094,0.3267687669457652,0.1009921850431681,50.8,6.5870600041605644e-09,1.0913385901184519e-09,949.620508939616,1.999922970420608,0.0001313161611697,0.00148,6.65847e-07,0.0154111111111111,0.0157,6.76e-06,0.0805555555555555,0.023,9e-06,0.0031111111111111,0.0401799999999999,0.0990777777777777,10000000.0,5.538487842038167e-10,24.0,3.0,,0.0607739629829382,3.588411334266249,0.0141251475612343,0.1248226189196588,0.124777230967604,257.1088620773023,1.0,4.180695685136562
532,0.008,0.0095,400000.0,0.000127,1.0,25.0,375.0,0.0024119292421505,5017.1322236698325,351.11917342151344,141.65086588085606,0.0,0.0004927663628752,0.3640274406637945,0.1198941083122123,50.8,7.981321221218617e-09,1.199274688481902e-09,898.9201010465957,1.8551137329067608,0.0001703500950891,0.00148,6.65847e-07,0.0154111111111111,0.0157,6.76e-06,0.0805555555555555,0.023,9e-06,0.0031111111111111,0.0401799999999999,0.0990777777777777,10000000.0,7.471333967196994e-10,24.0,3.0,,0.081983130938589,3.55271490899602,0.018643682405567,0.121970201412993,0.1583711447048866,241.59030740095417,1.0,3.926330934161278
533,0.008,0.0095,400000.0,0.000127,1.0,25.0,400.0,0.0028317113758917,5017.1322236698325,351.11917342151344,132.09989241002603,0.0,0.0004595410209059,0.3365467798627392,0.1407609744419257,50.8,9.520522378269594e-09,1.318431246418114e-09,842.9491498811057,1.6952509014616668,0.0001999524976479,0.00148,6.65847e-07,0.0154111111111111,0.0157,6.76e-06,0.0805555555555555,0.023,9e-06,0.0031111111111111,0.0401799999999999,0.0990777777777777,10000000.0,9.053886000168134e-10,24.0,3.0,,0.0993485132258539,3.5246143005709216,0.0222007214467188,0.0562572921949594,0.183055707224934,108.1624251812323,1.0,1.7571894535226693
534,0.008,0.0095,400000.0,0.000127,1.0,30.0,350.0,0.0029447933547325,6020.558668403799,319.92671377973846,135.91900599243235,0.0,0.0003940222662483,0.2765195758055772,0.1463821439117292,50.8,9.935156300686008e-09,1.350529943052016e-09,827.8715527023271,1.6521866453395688,0.000189979369289,0.00148,6.65847e-07,0.0154111111111111,0.0157,6.76e-06,0.0805555555555555,0.023,9e-06,0.0031111111111111,0.0401799999999999,0.0990777777777777,10000000.0,4.847352913255586e-10,24.0,4.0,,0.0531901224517308,3.5820956114215434,0.0149246061491717,0.0367673094421171,0.1309148601553377,75.20198824506538,1.0,1.221719468711213
535,0.008,0.0095,400000.0,0.000127,1.0,30.0,375.0,0.0034949904058347,6020.558668403799,351.11917342151344,143.02035452647428,0.0,0.0004146087134665,0.4159686835380525,0.1737317790855596,50.8,1.1952545488060841e-08,1.506705209997553e-09,754.5119458886968,1.4426587703486484,0.0002467169627905,0.00148,6.65847e-07,0.0154111111111111,0.0157,6.76e-06,0.0805555555555555,0.023,9e-06,0.0031111111111111,0.0401799999999999,0.0990777777777777,10000000.0,6.592963135193643e-10,24.0,4.0,,0.0723447462473229,3.5442982404064565,0.0197090834928535,0.1297121582051698,0.1659197261551555,254.62068612068424,1.0,4.139783233904588
536,0.008,0.0095,400000.0,0.000127,1.0,35.0,350.0,0.0040389857604679,7023.985113137765,319.92671377973846,137.60675812357542,0.0,0.0003419271202269,0.3602626853322592,0.2007731353699487,50.8,1.354888552093588e-08,1.5811271892937983e-09,642.1482718596181,1.3411752561732069,0.0002524778836199,0.00148,6.65847e-07,0.0154111111111111,0.0157,6.76e-06,0.0805555555555555,0.023,9e-06,0.0031111111111111,0.0401799999999999,0.0990777777777777,10000000.0,6.780233280355089e-10,24.0,4.0,,0.0743996661450369,3.5403734355894527,0.0202058942291832,0.0449098838172735,0.1693936302363674,87.78945186283389,1.0,1.4262133886513166
537,0.008,0.0095,400000.0,0.000127,1.0,35.0,375.0,0.0047920866526674,7023.985113137765,351.11917342151344,144.29070535914272,0.0,0.0003585354820629,0.4586254009431768,0.238208877000114,50.8,1.505508730533483e-08,1.542820712412072e-09,416.21800419977535,1.3874078689117018,0.0003027012871426,0.00148,6.65847e-07,0.0154111111111111,0.0157,6.76e-06,0.0805555555555555,0.023,9e-06,0.0031111111111111,0.0401799999999999,0.0990777777777777,10000000.0,8.503527111568457e-10,24.0,4.0,,0.0933094116376524,3.505370394421324,0.0246366589340096,0.0869271123054102,0.1991413418581431,163.83861815975092,1.0,2.6616971725466447
538,0.008,0.0095,450000.0,0.000127,1.0,20.0,350.0,0.0010218567796206,3567.7384701652154,319.92671377973846,131.00195910606683,0.0,0.0006408584967995,0.2738994819139452,0.0507952742868079,57.15,3.31462755924134e-09,5.62313052920118e-10,1313.844,4.190067870567479,7.816471458777931e-05,0.00148,6.65847e-07,0.0154111111111111,0.0157,6.76e-06,0.0805555555555555,0.023,9e-06,0.0031111111111111,0.0401799999999999,0.0990777777777777,10000000.0,4.651861443846533e-10,24.0,3.0,,0.0510449897613295,3.617001967372084,0.010506080079483,0.1318792178658076,0.0958725152126681,280.61519444602214,1.0,4.5713371568066625
539,0.008,0.0095,450000.0,0.000127,1.0,20.0,375.0,0.0012133843765379,3567.7384701652154,351.11917342151344,139.93234002544938,0.0,0.0006845457098068,0.3725802282179866,0.0603158812964512,57.15,3.697682753075965e-09,5.9956612815852e-10,1313.844,4.151352482126613,9.355231605184718e-05,0.00148,6.65847e-07,0.0154111111111111,0.0157,6.76e-06,0.0805555555555555,0.023,9e-06,0.0031111111111111,0.0401799999999999,0.0990777777777777,10000000.0,4.990339811681353e-10,27.0,3.0,,0.0616040113460412,3.595017003403456,0.013288986910955,0.2104803355754941,0.1182643902560237,436.7722686992621,1.0,8.631635774388085
540,0.008,0.0095,450000.0,0.000127,1.0,20.0,400.0,0.001424845876979,3567.7384701652154,351.11917342151344,123.71963041016788,0.0,0.000605233516432,0.2893472484046803,0.070827378729577,57.15,4.170297507916265e-09,6.543525860493251e-10,1298.9364738125605,4.026601352870346,0.000104155175105,0.00148,6.65847e-07,0.0154111111111111,0.0157,6.76e-06,0.0805555555555555,0.023,9e-06,0.0031111111111111,0.0401799999999999,0.0990777777777777,10000000.0,5.631048373144535e-10,27.0,3.0,,0.0695133359570611,3.5823647036268174,0.0148905438447067,0.108826533718042,0.1306551121638088,222.6547936136632,1.0,3.6176253733688735
541,0.008,0.0095,450000.0,0.000127,1.0,25.0,300.0,0.001085711605913,4459.673087706519,291.5053062825179,119.61310564278531,0.0,0.0004681155952343,0.1893432732652939,0.0539694210760121,57.15,3.442337211826161e-09,5.747331359081238e-10,1313.844,4.177160255980731,7.418300176494913e-05,0.00148,6.65847e-07,0.0154111111111111,0.0157,6.76e-06,0.0805555555555555,0.023,9e-06,0.0031111111111111,0.0401799999999999,0.0990777777777777,10000000.0,4.3848312334582286e-10,24.0,3.0,,0.0481148607108895,3.621524893589789,0.0099335577734445,0.0470789914783921,0.0911240810252889,100.70172179757876,1.0,1.635984060049437
542,0.008,0.0095,450000.0,0.000127,1.0,25.0,350.0,0.0016052750087528,4459.673087706519,319.92671377973846,133.8804362403175,0.0,0.0005239519512856,0.2745196385793488,0.0797962943550958,57.15,4.892014035011578e-09,7.8861693973837e-10,1190.6789947482634,3.394605015840886,0.000111190425323,0.00148,6.65847e-07,0.0154111111111111,0.0157,6.76e-06,0.0805555555555555,0.023,9e-06,0.0031111111111111,0.0401799999999999,0.0990777777777777,10000000.0,6.066500628506532e-10,27.0,3.0,,0.0748888427746904,3.573865960514671,0.0159663341120669,0.0796545014495624,0.1387844527615182,161.446016482929,1.0,2.622827016513222
543,0.008,0.0095,450000.0,0.000127,1.0,25.0,375.0,0.0019057218703411,4459.673087706519,351.11917342151344,141.650865880856,0.0,0.0005543621582346,0.3744537264190887,0.0947311473084147,57.15,6.093801481364647e-09,1.0121911668738016e-09,1010.4108777953028,2.342217775881199,0.0001499917203316,0.00148,6.65847e-07,0.0154111111111111,0.0157,6.76e-06,0.0805555555555555,0.023,9e-06,0.0031111111111111,0.0401799999999999,0.0990777777777777,10000000.0,8.63568428558342e-10,27.0,3.0,,0.1066045224945656,3.525311601884748,0.0221124554576268,0.1329380566161082,0.1824607055147324,255.77795461954008,1.0,4.158804522352243
544,0.008,0.0095,450000.0,0.000127,1.0,25.0,400.0,0.0022374015809514,4459.673087706519,351.11917342151344,132.09989241002597,0.0,0.0005169836485191,0.3191651736568204,0.1112185477072005,57.15,7.341386463488734e-09,1.1497344300916783e-09,922.190455873137,1.921577938603457,0.0001777970352351,0.00148,6.65847e-07,0.0154111111111111,0.0157,6.76e-06,0.0805555555555555,0.023,9e-06,0.0031111111111111,0.0401799999999999,0.0990777777777777,10000000.0,5.690522972884228e-10,28.0,4.0,,0.0728492895713842,3.5530997394176724,0.0185949696939655,0.0949173363782355,0.1580227375793255,188.08365440731663,1.0,3.055597391255577
545,0.008,0.0095,450000.0,0.000127,1.0,30.0,350.0,0.0023267503049738,5351.607705247823,319.92671377973846,135.91900599243235,0.0,0.0004432750495294,0.2693046293037669,0.1156599655598848,57.15,7.668998451570839e-09,1.1750963632345148e-09,910.2772926701514,1.8875518596921688,0.0001690583525863,0.00148,6.65847e-07,0.0154111111111111,0.0157,6.76e-06,0.0805555555555555,0.023,9e-06,0.0031111111111111,0.0401799999999999,0.0990777777777777,10000000.0,5.366700250691565e-10,28.0,4.0,,0.0687037557827998,3.5607586347431077,0.0176254892730244,0.0447609079610822,0.1510282421258342,89.4328928960703,1.0,1.4529124687267103
546,0.008,0.0095,450000.0,0.000127,1.0,30.0,375.0,0.0027614739009064,5351.607705247823,351.11917342151344,143.0203545264741,0.0,0.0004664348026498,0.4167969659369253,0.1372695538453804,57.15,9.262984969990452e-09,1.2984941050186427e-09,852.3141465458018,1.7219989708104553,0.0002193746686972,0.00148,6.65847e-07,0.0154111111111111,0.0157,6.76e-06,0.0805555555555555,0.023,9e-06,0.0031111111111111,0.0401799999999999,0.0990777777777777,10000000.0,7.313875286837437e-10,28.0,4.0,,0.0936312218048665,3.515837998598024,0.0233116457470856,0.1457161902866783,0.1904710805533772,277.6165320492662,1.0,4.520956532467258
547,0.008,0.0095,500000.0,0.000127,1.0,20.0,400.0,0.001154125160353,3210.9646231486936,351.11917342151344,123.71963041016777,0.0,0.0006724816849244,0.3146350686116156,0.0573701767709573,63.5,3.5791643207060873e-09,5.880399143144688e-10,1313.844,4.163331140086236,0.000101042749152,0.00148,6.65847e-07,0.0154111111111111,0.0157,6.76e-06,0.0805555555555555,0.023,9e-06,0.0031111111111111,0.0401799999999999,0.0990777777777777,10000000.0,7.058393706909942e-10,30.0,3.0,,0.0968149091632041,3.5484509010448493,0.0191834302474874,0.120269982677454,0.1622123650503313,237.13537386575828,1.0,3.8535858996778938
548,0.008,0.0095,500000.0,0.000127,1.0,25.0,325.0,0.0010795546959809,4013.7057789358673,291.5053062825179,114.05404335990752,0.0,0.000495955282096,0.1627382533591147,0.0536633684715783,63.5,3.430023391961921e-09,5.735355861417768e-10,1313.844,4.178404813754409,8.217526322545156e-05,0.00148,6.65847e-07,0.0154111111111111,0.0157,6.76e-06,0.0805555555555555,0.023,9e-06,0.0031111111111111,0.0401799999999999,0.0990777777777777,100000000.0,8.3174601049989e-11,24.0,4.0,,0.0091267693809227,3.5786753022474023,0.015357556677544,0.0597681155066135,0.1342029256142034,121.78416568455498,1.0,1.978486070886741
549,0.008,0.0095,500000.0,0.000127,1.0,25.0,350.0,0.0013002727570898,4013.7057789358673,319.92671377973846,133.88043624031758,0.0,0.0005821688347618,0.3442191652461447,0.0646349984276276,63.5,3.8714595141796885e-09,6.1646635261776e-10,1313.844,4.13378886488186,9.927706445368943e-05,0.00148,6.65847e-07,0.0154111111111111,0.0157,6.76e-06,0.0805555555555555,0.023,9e-06,0.0031111111111111,0.0401799999999999,0.0990777777777777,10000000.0,6.912991989815509e-10,30.0,3.0,,0.0948205384016397,3.55134765853392,0.0188167520843139,0.1445836284168772,0.1596066594974765,285.96104158875784,1.0,4.6616971242164045
550,0.008,0.0095,500000.0,0.000127,1.0,25.0,375.0,0.0015436347149763,4013.7057789358673,351.11917342151344,141.65086588085595,0.0,0.000615957953594,0.3531480454251471,0.0767322293198159,63.5,4.645452859905363e-09,7.42747993167779e-10,1227.6631710141955,3.610514938463772,0.0001283193655912,0.00148,6.65847e-07,0.0154111111111111,0.0157,6.76e-06,0.0805555555555555,0.023,9e-06,0.0031111111111111,0.0401799999999999,0.0990777777777777,10000000.0,9.446028861200118e-10,30.0,3.0,,0.1295643830769615,3.5021079136473765,0.0250496311838764,0.1066714330283696,0.2018058009380898,200.38344798171647,1.0,3.255464161808625
551,0.008,0.0095,500000.0,0.000127,1.0,25.0,400.0,0.0018122952805706,4013.7057789358673,351.11917342151344,132.099892410026,0.0,0.0005744262761323,0.318683247744119,0.0900870236428324,63.5,5.720095122282772e-09,9.42668797788595e-10,1066.4668316575842,2.6694668289338104,0.0001567737028949,0.00148,6.65847e-07,0.0154111111111111,0.0157,6.76e-06,0.0805555555555555,0.023,9e-06,0.0031111111111111,0.0401799999999999,0.0990777777777777,10000000.0,7.098224966599035e-10,28.0,4.0,,0.0908704961738361,3.542716955975394,0.0199092460790641,0.0975457279274504,0.1673228343203019,191.15693470447465,1.0,3.1055328258029857
552,0.008,0.0095,500000.0,0.000127,1.0,30.0,300.0,0.0012756047743265,4816.44693472304,291.5053062825179,121.73058485327712,0.0,0.0004411134462525,0.1694443717756241,0.0634087826060457,63.5,3.8221235486531844e-09,6.116683066303939e-10,1313.844,4.138775250917623,9.01459022330428e-05,0.00148,6.65847e-07,0.0154111111111111,0.0157,6.76e-06,0.0805555555555555,0.023,9e-06,0.0031111111111111,0.0401799999999999,0.0990777777777777,100000000.0,1.032856324172272e-10,24.0,4.0,,0.0113335577872893,3.5540902679647663,0.0184695863335739,0.054522031382289,0.1571246320426024,108.15349025175776,1.0,1.7570442980879757
553,0.008,0.0095,500000.0,0.000127,1.0,30.0,325.0,0.0015652598747589,4816.44693472304,291.5053062825179,119.49635815676515,0.0,0.0004330173096982,0.2198405805377624,0.0778071900624159,63.5,4.7319534990356595e-09,7.58840117943224e-10,1214.688075144651,3.534767626286959,0.0001097347773211,0.00148,6.65847e-07,0.0154111111111111,0.0157,6.76e-06,0.0805555555555555,0.023,9e-06,0.0031111111111111,0.0401799999999999,0.0990777777777777,10000000.0,4.6105303345986813e-10,28.0,4.0,,0.0590233728996956,3.593823476228885,0.0134400663001411,0.0428300175756507,0.1194483098239412,88.75815298409742,1.0,1.4419507520751846
554,0.008,0.0095,500000.0,0.000127,1.0,30.0,350.0,0.0018846677470288,4816.44693472304,319.92671377973846,135.91900599243235,0.0,0.0004925278328104,0.2841933217246941,0.0936845721035067,63.5,6.0095849881153235e-09,9.965239726062872e-10,1023.0433517827016,2.415964895772233,0.0001504909732578,0.00148,6.65847e-07,0.0154111111111111,0.0157,6.76e-06,0.0805555555555555,0.023,9e-06,0.0031111111111111,0.0401799999999999,0.0990777777777777,10000000.0,6.7410801046438e-10,28.0,4.0,,0.0862983769518444,3.549815068868581,0.019010750776129,0.0640303726693429,0.1609872780102495,126.4327907348362,1.0,2.054006890909952
555,0.008,0.0095,500000.0,0.000127,1.0,30.0,375.0,0.0022367938597342,4816.44693472304,351.11917342151344,143.02035452647428,0.0,0.0005182608918331,0.430724014357441,0.1111883386147582,63.5,7.339158152358939e-09,1.149561926398434e-09,922.271485368766,1.9218093730231351,0.000197498687349,0.00148,6.65847e-07,0.0154111111111111,0.0157,6.76e-06,0.0805555555555555,0.023,9e-06,0.0031111111111111,0.0401799999999999,0.0990777777777777,10000000.0,9.655897879909467e-10,28.0,4.0,,0.1236134717454116,3.494052703091183,0.0260692780897236,0.1557422039972711,0.2083091600438793,290.1797384948152,1.0,4.733568300111911
556,0.008,0.0095,500000.0,0.000127,1.0,35.0,350.0,0.0025849508866994,5619.188090510213,319.92671377973846,137.6067581235754,0.0,0.0004274089002836,0.3663730616143165,0.1284948066367672,63.5,8.615733917898103e-09,1.248387459025937e-09,875.8505484400691,1.7892230534908142,0.0002085780337747,0.00148,6.65847e-07,0.0154111111111111,0.0157,6.76e-06,0.0805555555555555,0.023,9e-06,0.0031111111111111,0.0401799999999999,0.0990777777777777,10000000.0,8.876070715912251e-10,32.0,4.0,,0.1298631223317881,3.4682396240444384,0.0293367564500711,0.067835132645761,0.2284535518231779,123.17481068079026,1.0,2.0010782672429297
557,0.008,0.0095,550000.0,0.000127,1.0,25.0,350.0,0.0010746055843717,3648.8234353962425,319.92671377973846,133.8804362403175,0.0,0.000640385718238,0.3205814963577935,0.0534173540724195,69.85,3.4201251687435433e-09,5.725729591882314e-10,1313.844,4.17940522717509,9.812433144199348e-05,0.00148,6.65847e-07,0.0154111111111111,0.0157,6.76e-06,0.0805555555555555,0.023,9e-06,0.0031111111111111,0.0401799999999999,0.0990777777777777,10000000.0,8.794240965838376e-10,33.0,3.0,,0.132686705103572,3.505800454613396,0.0245822209350131,0.0942974371818019,0.1987887853056436,177.80831146139136,1.0,2.888652108928876
558,0.008,0.0095,550000.0,0.000127,1.0,25.0,375.0,0.0012757311694019,3648.8234353962425,351.11917342151344,141.65086588085603,0.0,0.0006775537489534,0.3640274406637945,0.0634150655535668,69.85,3.822376338803869e-09,6.11692891104523e-10,1313.844,4.138749701417094,0.0001177030435447,0.00148,6.65847e-07,0.0154111111111111,0.0157,6.76e-06,0.0805555555555555,0.023,9e-06,0.0031111111111111,0.0401799999999999,0.0990777777777777,10000000.0,1.1141769896609316e-09,33.0,3.0,,0.1681060073684621,3.4596386498782232,0.0304254873571869,0.0923263677417655,0.2349399246843574,166.23651952546132,1.0,2.7006535400972416
559,0.008,0.0095,550000.0,0.000127,1.0,25.0,400.0,0.0014977646946865,3648.8234353962425,351.11917342151344,132.0998924100259,0.0,0.0006318689037456,0.3131704759509395,0.0744520856552334,69.85,4.461972778746094e-09,7.086143221393351e-10,1255.1851831880858,3.771185693333727,0.0001358035024924,0.00148,6.65847e-07,0.0154111111111111,0.0157,6.76e-06,0.0805555555555555,0.023,9e-06,0.0031111111111111,0.0401799999999999,0.0990777777777777,10000000.0,7.046789059099154e-10,32.0,4.0,,0.1030994523272054,3.527795818858584,0.0217979976128375,0.0954389379685006,0.1803338803196617,184.105910263582,1.0,2.990968647097972
560,0.008,0.0095,550000.0,0.000127,1.0,30.0,350.0,0.001557576650437,4378.58812247549,319.92671377973846,135.91900599243226,0.0,0.0005417806160915,0.2820307665475212,0.0774252662012452,69.85,4.7012206017481985e-09,7.531227310795754e-10,1219.2980097377704,3.561679963448129,0.0001308355278229,0.00148,6.65847e-07,0.0154111111111111,0.0157,6.76e-06,0.0805555555555555,0.023,9e-06,0.0031111111111111,0.0401799999999999,0.0990777777777777,10000000.0,6.726994902905404e-10,32.0,4.0,,0.098420640164034,3.534853134922026,0.0209046664655664,0.0660048601822419,0.1742310435280707,128.27428901949656,1.0,2.08392357833825
561,0.008,0.0095,550000.0,0.000127,1.0,30.0,375.0,0.0018485899667225,4378.58812247549,351.11917342151344,143.0203545264743,0.0,0.0005700869810164,0.4050023392393765,0.0918911889378166,69.85,5.865273866890099e-09,9.696770892469327e-10,1044.6900199664851,2.542335979962344,0.000176675630221,0.00148,6.65847e-07,0.0154111111111111,0.0157,6.76e-06,0.0805555555555555,0.023,9e-06,0.0031111111111111,0.0401799999999999,0.0990777777777777,10000000.0,9.97027818194812e-10,32.0,4.0,,0.1458721428281472,3.466160067871069,0.0295999914087254,0.1270590074734126,0.2300318974742543,230.24135956055625,1.0,3.74117092965153
562,0.008,0.0095,550000.0,0.000127,1.0,30.0,400.0,0.0021698117254921,4378.58812247549,351.11917342151344,137.74886337108816,0.0,0.0005490745280115,0.4212390686084458,0.1078587371001451,69.85,7.093556993471285e-09,1.1305488243200367e-09,931.2024366010442,1.947317732658988,0.0002107531897916,0.00148,6.65847e-07,0.0154111111111111,0.0157,6.76e-06,0.0805555555555555,0.023,9e-06,0.0031111111111111,0.0401799999999999,0.0990777777777777,10000000.0,1.2965273552388372e-09,32.0,4.0,,0.1896910197414828,3.407957973388272,0.0369673451407251,0.0835093117668178,0.2717285584935687,143.13087718756591,1.0,2.3252813803075725
563,0.008,0.0095,600000.0,0.000127,1.0,25.0,375.0,0.0010719685520669,3344.754815779889,351.11917342151344,141.65086588085617,0.0,0.0007391495443128,0.3536665424508306,0.0532862703609833,76.2,3.4148511041338082e-09,5.720600432197732e-10,1313.844,4.1799382768851965,0.0001164198562139,0.00148,6.65847e-07,0.0154111111111111,0.0157,6.76e-06,0.0805555555555555,0.023,9e-06,0.0031111111111111,0.0401799999999999,0.0990777777777777,10000000.0,7.07037168812163e-10,36.0,4.0,,0.1163750430184361,3.5136919331011573,0.0235832996074484,0.1438252290714111,0.19226392030932,273.40704761883484,1.0,4.450554866028352
564,0.008,0.0095,600000.0,0.000127,1.0,25.0,400.0,0.0012585383892852,3344.754815779889,351.11917342151344,132.099892410026,0.0,0.0006893115313588,0.3191651736568204,0.0625604330853003,76.2,3.787990778570408e-09,6.083488094079182e-10,1313.844,4.142225049989889,0.0001273921154307,0.00148,6.65847e-07,0.0154111111111111,0.0157,6.76e-06,0.0805555555555555,0.023,9e-06,0.0031111111111111,0.0401799999999999,0.0990777777777777,10000000.0,7.926163406210145e-10,36.0,4.0,,0.1304609782988528,3.493573887782903,0.0261298876224173,0.0859637622726671,0.2086923954607705,160.09062583464595,1.0,2.6008074085211708
565,0.008,0.0095,600000.0,0.000127,1.0,30.0,350.0,0.0013087970465477,4013.7057789358655,319.92671377973846,135.91900599243232,0.0,0.0005910333993725,0.2818069567808878,0.0650587306274352,76.2,3.888508093095597e-09,6.181243695387796e-10,1313.844,4.132065765010829,0.0001195891213884,0.00148,6.65847e-07,0.0154111111111111,0.0157,6.76e-06,0.0805555555555555,0.023,9e-06,0.0031111111111111,0.0401799999999999,0.0990777777777777,10000000.0,7.312764165880404e-10,36.0,4.0,,0.1203647109271139,3.507945775600605,0.0243106613163791,0.0562035152263387,0.1970254384839721,106.211224218018,1.0,1.7254905548590245
