,length,wingLength,appliedElectricField,activeMaterialThickness,multiLayers,staticStrokeAmplitude,operatingFrequency,width,transmissionRatio,naturalFrequency,strokeAmplitude,netThrust,loadedDisplacement,liftableMass,totalMechanicalMass,appliedVoltage,intBulk,intCapacitance,intResistance,intInductance,averageCurrent,xt018-m0-mass,xt018-m0-area,xt018-m0-current,xt018-mem-mass,xt018-mem-area,xt018-mem-current,IMU-sensor-mass,IMU-sensor-area,IMU-sensor-current,total-additional-mass,total-additional-current,ccount,boost-frequency,inductance,boost-mass,vin,load,battery-mass,battery-alpha,runtime,runtime-new
0,0.006,0.008,450000.0,0.000127,1.0,25.0,400.0,0.0012338666332986,7928.307711478257,385.3528593710531,137.44796765153689,0.0,0.0003025764984147,0.2575205397498564,0.0460005222759875,57.15,2.82645126659733e-09,5.109108295097569e-10,1248.5680000000002,1.776018198745008,8.073802462335153e-05,0.00148,6.65847e-07,0.0154111111111111,0.0157,6.76e-06,0.0805555555555555,0.023,9e-06,0.0031111111111111,0.0401799999999999,0.0990777777777777,1.0,367601.0131552892,1.9e-06,0.12776,3.566841108856593,0.0168555558409376,0.0435800174738688,0.1453900730256981,87.65172788329947,1.4239759469156372
1,0.006,0.008,600000.0,0.000127,1.0,30.0,400.0,0.0010050273387698,7135.476940330432,385.3528593710531,138.32852276301628,0.0,0.000338349936777,0.2476232770821375,0.0374690272330834,76.2,2.368772677539774e-09,4.66400442527437e-10,1248.568,1.822275773741055,9.290111358807009e-05,0.00148,6.65847e-07,0.0154111111111111,0.0157,6.76e-06,0.0805555555555555,0.023,9e-06,0.0031111111111111,0.0401799999999999,0.0990777777777777,1.0,584391.3173111281,1.9e-06,0.12776,3.484370935538537,0.0272948182862611,0.0422142498490542,0.2159868447462261,77.89105293934514,1.265405583484131
2,0.006,0.0085,400000.0,0.000127,1.0,20.0,400.0,0.0013537304389833,7135.476940330428,385.3528593710531,137.94972593203784,0.0,0.0003374234041917,0.2855217501264838,0.0504692367340019,50.8,3.066178877966714e-09,5.342249390344574e-10,1248.5680000000002,1.7517889290639044,7.691834528139005e-05,0.00148,6.65847e-07,0.0154111111111111,0.0157,6.76e-06,0.0805555555555555,0.023,9e-06,0.0031111111111111,0.0401799999999999,0.0990777777777777,1.0,508194.6714470867,1.9e-06,0.12776,3.5928032084705945,0.0135692141176462,0.0671125133924818,0.1204578470257179,138.92017140789778,2.2568749011429112
3,0.006,0.0085,400000.0,0.000127,1.0,25.0,400.0,0.0021254636197495,8919.346175413035,385.3528593710531,138.7287537884801,0.0,0.0002714631177195,0.2986026084151628,0.0792406844860558,50.8,5.218751272415116e-09,8.054676666779832e-10,1111.8395173667232,0.9132525261149,0.0001243657818102,0.00148,6.65847e-07,0.0154111111111111,0.0157,6.76e-06,0.0805555555555555,0.023,9e-06,0.0031111111111111,0.0401799999999999,0.0990777777777777,1.0,377980.9132829774,1.9e-06,0.12776,3.569312598667334,0.0165427090294514,0.0514219239291069,0.143077662845622,103.70386286287189,1.6847563634561797
4,0.006,0.0085,400000.0,0.000127,1.0,30.0,400.0,0.003078713011036,10703.21541049564,385.3528593710531,139.5271408487878,0.0,0.0002275211616611,0.323336504393515,0.1147793469922434,50.8,7.916144022072197e-09,9.158166626936487e-10,904.9540966891705,0.7619260321765023,0.0001793296057185,0.00148,6.65847e-07,0.0154111111111111,0.0157,6.76e-06,0.0805555555555555,0.023,9e-06,0.0031111111111111,0.0401799999999999,0.0990777777777777,1.0,869019.4223022674,1.9e-06,0.12776,3.471283245801704,0.028951487873202,0.0406171574012715,0.2261317967106572,73.97443848096786,1.201776891651647
5,0.006,0.0085,450000.0,0.000127,1.0,20.0,400.0,0.0010696141740115,6342.646169182605,385.3528593710531,137.94972593203786,0.0,0.0003796013297156,0.2628204378646086,0.0398769277898287,57.15,2.497946348023085e-09,4.789629049161151e-10,1248.5680000000002,1.809220190865307,7.279773584552418e-05,0.00148,6.65847e-07,0.0154111111111111,0.0157,6.76e-06,0.0805555555555555,0.023,9e-06,0.0031111111111111,0.0401799999999999,0.0990777777777777,1.0,390731.7925573327,1.9e-06,0.12776,3.571864027390118,0.0162197433683395,0.0550035100747798,0.1406772947684118,111.23765901742924,1.8071492104122422
6,0.006,0.0085,450000.0,0.000127,1.0,25.0,400.0,0.0016793786625181,7928.307711478257,385.3528593710531,138.7287537884801,0.0,0.0003053960074344,0.2958129592873128,0.062609923544538,57.15,3.717475325036374e-09,5.975651467530995e-10,1248.568,1.685962397158574,0.0001022794259465,0.00148,6.65847e-07,0.0154111111111111,0.0157,6.76e-06,0.0805555555555555,0.023,9e-06,0.0031111111111111,0.0401799999999999,0.0990777777777777,1.0,279732.6110964909,1.9e-06,0.12776,3.543910068075555,0.0197582192309424,0.0652630357427747,0.1662645976664175,128.05621554407296,2.0803807914183703
7,0.006,0.0085,450000.0,0.000127,1.0,30.0,400.0,0.0024325633667445,9513.969253773908,385.3528593710531,139.52714084878787,0.0,0.0002559613068687,0.3355172681811641,0.0906898544136246,57.15,6.344783678063449e-09,8.926389535283373e-10,1070.8928844340564,0.7963017767984409,0.0001666319265928,0.00148,6.65847e-07,0.0154111111111111,0.0157,6.76e-06,0.0805555555555555,0.023,9e-06,0.0031111111111111,0.0401799999999999,0.0990777777777777,1.0,584152.0812084243,1.9e-06,0.12776,3.4094361264820523,0.0367802371541705,0.0768874137675394,0.2707255598618449,131.96276115445963,2.1438459097881575
8,0.006,0.0085,500000.0,0.000127,1.0,25.0,400.0,0.0013602967166397,7135.476940330431,385.3528593710531,138.7287537884801,0.0,0.0003393288971494,0.3083739701205671,0.0507140380710758,63.5,3.079311433279464e-09,5.35502112870011e-10,1248.5680000000002,1.7504616216984443,9.650068334448828e-05,0.00148,6.65847e-07,0.0154111111111111,0.0157,6.76e-06,0.0805555555555555,0.023,9e-06,0.0031111111111111,0.0401799999999999,0.0990777777777777,1.0,594297.5690948138,1.9e-06,0.12776,3.411638367463018,0.0365014724730356,0.0897199320494912,0.2692260976920153,154.30397493111604,2.5067979968427707
9,0.006,0.0085,500000.0,0.000127,1.0,30.0,400.0,0.0019703763270631,8562.572328396516,385.3528593710531,139.52714084878784,0.0,0.0002844014520764,0.3131752432776575,0.0734587820750359,63.5,4.640223308252431e-09,7.47810269644414e-10,1146.3422037621351,1.0647960241429697,0.0001398928492949,0.00148,6.65847e-07,0.0154111111111111,0.0157,6.76e-06,0.0805555555555555,0.023,9e-06,0.0031111111111111,0.0401799999999999,0.0990777777777777,1.0,905098.9558046951,1.9e-06,0.12776,3.2941477713388387,0.0513736998305267,0.0717764612026214,0.3414635778073017,111.24153958345512,1.8072122534670678
10,0.006,0.0085,550000.0,0.000127,1.0,25.0,400.0,0.0011242121625121,6486.797218482209,385.3528593710531,138.7287537884801,0.0,0.0003732617868643,0.2966698316010765,0.0419124281579138,69.85,2.607142325024348e-09,4.895824866694305e-10,1248.5680000000002,1.798183753469789,9.22007506062126e-05,0.00148,6.65847e-07,0.0154111111111111,0.0157,6.76e-06,0.0805555555555555,0.023,9e-06,0.0031111111111111,0.0401799999999999,0.0990777777777777,1.0,589491.0055125512,1.9e-06,0.12776,3.4174987895096027,0.0357596468975186,0.0868174034431626,0.2652056503128259,150.13354842849083,2.4390457683541285
11,0.006,0.0085,550000.0,0.000127,1.0,30.0,400.0,0.0016284101876554,7784.156662178651,385.3528593710531,139.52714084878787,0.0,0.000312841597284,0.312967667565503,0.0607097372520957,69.85,3.6155383753109165e-09,5.87651523549925e-10,1248.568,1.6962651646673257,0.0001219958124166,0.00148,6.65847e-07,0.0154111111111111,0.0157,6.76e-06,0.0805555555555555,0.023,9e-06,0.0031111111111111,0.0401799999999999,0.0990777777777777,1.0,778251.3579664659,1.9e-06,0.12776,3.2709713325952205,0.0543074262537695,0.0843179303134071,0.3540590932264885,128.17929397091277,2.0823803039208717
12,0.006,0.0085,550000.0,0.000127,1.0,35.0,400.0,0.0022317885391641,9081.516105875093,385.3528593710531,140.39775301264126,0.0,0.0002698231246748,0.305966698214247,0.0832046476017004,69.85,5.608609310268381e-09,8.356483494701944e-10,1097.662861444786,0.8727615158870619,0.000182310208183,0.00148,6.65847e-07,0.0154111111111111,0.0157,6.76e-06,0.0805555555555555,0.023,9e-06,0.0031111111111111,0.0401799999999999,0.0990777777777777,1.0,964191.6455738244,1.9e-06,0.12776,3.449846337352592,0.0316650205882795,0.0548220506125463,0.242193229638721,97.77299208011372,1.588404385655307
13,0.006,0.0085,600000.0,0.000127,1.0,30.0,400.0,0.0013683168937938,7135.476940330432,385.3528593710531,139.5271408487878,0.0,0.0003412817424916,0.3355172681811641,0.0510130431076638,76.2,3.095351787587647e-09,5.370620774273677e-10,1248.5680000000002,1.7488404230885166,0.000116317851645,0.00148,6.65847e-07,0.0154111111111111,0.0157,6.76e-06,0.0805555555555555,0.023,9e-06,0.0031111111111111,0.0401799999999999,0.0990777777777777,1.0,902866.140776304,1.9e-06,0.12776,3.42758728787295,0.0344826217882342,0.1165642250735002,0.2581799837398004,203.5021382929018,3.306151283135259
14,0.006,0.0085,600000.0,0.000127,1.0,35.0,400.0,0.0018753223141587,8324.72309705217,385.3528593710531,140.39775301264123,0.0,0.0002943524996453,0.3005696879548951,0.0699150163875399,76.2,4.2600072566349005e-09,6.770768715357596e-10,1203.374611504765,1.397745517303667,0.0001546403368869,0.00148,6.65847e-07,0.0154111111111111,0.0157,6.76e-06,0.0805555555555555,0.023,9e-06,0.0031111111111111,0.0401799999999999,0.0990777777777777,1.0,1109229.9407967643,1.9e-06,0.12776,3.3598623090533457,0.043055403917298,0.0627146715673551,0.3029229586210671,102.8857149996552,1.6714648641730534
15,0.006,0.009,400000.0,0.000127,1.0,20.0,400.0,0.0017824147828915,7135.476940330428,385.3528593710531,136.91980218548818,0.0,0.000334904222843,0.354794725906665,0.066451274969848,50.8,3.923547565783018e-09,6.17606187346313e-10,1248.5680000000002,1.6651346757863106,9.534405517343796e-05,0.00148,6.65847e-07,0.0154111111111111,0.0157,6.76e-06,0.0805555555555555,0.023,9e-06,0.0031111111111111,0.0401799999999999,0.0990777777777777,1.0,462350.6817417175,1.9e-06,0.12776,3.585521660480998,0.0144909290530382,0.1204034509368169,0.1275961438446728,247.20750972843535,4.018204015267513
16,0.006,0.009,400000.0,0.000127,1.0,25.0,400.0,0.0027994402760015,8919.346175413035,385.3528593710531,137.61804872149483,0.0,0.0002692897005142,0.3903561247521427,0.1043676125937809,50.8,7.357598552003184e-09,9.30021870361179e-10,988.7359171995224,0.7447815720636457,0.0001686750758633,0.00148,6.65847e-07,0.0154111111111111,0.0157,6.76e-06,0.0805555555555555,0.023,9e-06,0.0031111111111111,0.0401799999999999,0.0990777777777777,1.0,899967.347807839,1.9e-06,0.12776,3.476484732914324,0.0282930717829969,0.1180485121583616,0.2221314522166001,216.1085144435503,3.511114579473882
17,0.006,0.009,400000.0,0.000127,1.0,30.0,400.0,0.0040565496435433,10703.21541049564,385.3528593710531,138.38940492864495,0.0,0.0002256659025578,0.4027654440539278,0.1512346611907268,50.8,9.871817287086758e-09,8.66079002381166e-10,611.6031069369864,0.8219550971005802,0.0002166352056825,0.00148,6.65847e-07,0.0154111111111111,0.0157,6.76e-06,0.0805555555555555,0.023,9e-06,0.0031111111111111,0.0401799999999999,0.0990777777777777,1.0,744961.907663598,1.9e-06,0.12776,3.447898569835978,0.0319115734384838,0.0835907828632008,0.2436196006940921,148.80030015400578,2.417385999040439
18,0.006,0.009,450000.0,0.000127,1.0,20.0,350.0,0.0010190072890898,6342.646169182605,351.11917342151344,117.1079722512694,0.0,0.0003222503102963,0.2424015495863636,0.0379902221489326,57.15,2.396732578179727e-09,4.691196127644239e-10,1248.5680000000002,1.8194498665833752,6.473590857586539e-05,0.00148,6.65847e-07,0.0154111111111111,0.0157,6.76e-06,0.0805555555555555,0.023,9e-06,0.0031111111111111,0.0401799999999999,0.0990777777777777,1.0,412462.81607465656,1.9e-06,0.12776,3.576266161592156,0.0156625111908663,0.0364713274374308,0.136504024276482,74.11686427323178,1.2040907182846399
19,0.006,0.009,450000.0,0.000127,1.0,20.0,400.0,0.001408327729692,6342.646169182605,385.3528593710531,136.91980218548818,0.0,0.0003767672506984,0.3351795863320695,0.0525047110872873,57.15,3.1753734593841153e-09,5.448443850637532e-10,1248.5680000000002,1.7407526327200475,8.917293167912734e-05,0.00148,6.65847e-07,0.0154111111111111,0.0157,6.76e-06,0.0805555555555555,0.023,9e-06,0.0031111111111111,0.0401799999999999,0.0990777777777777,1.0,339975.2900849637,1.9e-06,0.12776,3.56033664279724,0.0176789059750329,0.1147348752447819,0.1514166504802545,229.13693645684324,3.7231765065780333
20,0.006,0.009,450000.0,0.000127,1.0,25.0,400.0,0.0022119034279518,7928.307711478257,385.3528593710531,137.6180487214948,0.0,0.0003029509130785,0.3772989648669281,0.0824632988395307,57.15,5.535697235823552e-09,8.300038943689e-10,1100.3142096064164,0.8803342302226058,0.0001474326935513,0.00148,6.65847e-07,0.0154111111111111,0.0157,6.76e-06,0.0805555555555555,0.023,9e-06,0.0031111111111111,0.0401799999999999,0.0990777777777777,1.0,674408.8409466143,1.9e-06,0.12776,3.431862878045876,0.0339414078422942,0.1268956660273973,0.255161747413169,222.4405246051789,3.6141379429818956
21,0.006,0.009,450000.0,0.000127,1.0,30.0,400.0,0.0032051750269972,9513.969253773908,385.3528593710531,138.38940492864492,0.0,0.0002538741403775,0.3658816898666528,0.1194940532865003,57.15,8.169068053994481e-09,9.093841722517852e-10,867.0154919008279,0.7696894931823515,0.0002071735512379,0.00148,6.65847e-07,0.0154111111111111,0.0157,6.76e-06,0.0805555555555555,0.023,9e-06,0.0031111111111111,0.0401799999999999,0.0990777777777777,1.0,864812.4709882777,1.9e-06,0.12776,3.280779717079118,0.0530658585975799,0.0784476365801525,0.3487878945305325,120.22851352779556,1.9532131946505344
22,0.006,0.009,450000.0,0.000127,1.0,35.0,400.0,0.0043947976177349,11099.63079606956,385.3528593710531,139.2612892471342,0.0,0.000218977375247,0.4078339977064311,0.163845086865346,57.15,1.0548313235469832e-08,8.488740191739132e-10,510.12871467952544,0.842720027486874,0.0002582322335658,0.00148,6.65847e-07,0.0154111111111111,0.0157,6.76e-06,0.0805555555555555,0.023,9e-06,0.0031111111111111,0.0401799999999999,0.0990777777777777,1.0,1249342.510662701,1.9e-06,0.12776,3.1946782782024816,0.0639647749110782,0.0760489108410849,0.3923195132570462,108.76106160038708,1.7669148050096561
23,0.006,0.009,500000.0,0.000127,1.0,20.0,400.0,0.0011407454610505,5708.3815522643445,385.3528593710531,136.91980218548815,0.0,0.0004186302785538,0.3501736628767907,0.0425288159807027,63.5,2.6402089221011323e-09,4.927982959016404e-10,1248.5680000000002,1.7948417125032383,8.47069083429868e-05,0.00148,6.65847e-07,0.0154111111111111,0.0157,6.76e-06,0.0805555555555555,0.023,9e-06,0.0031111111111111,0.0401799999999999,0.0990777777777777,1.0,638914.361563787,1.9e-06,0.12776,3.422942401812998,0.0350705820489876,0.1397048468960877,0.2614313145108639,242.8328921529344,3.9466386295000255
24,0.006,0.009,500000.0,0.000127,1.0,25.0,400.0,0.001791641776641,7135.476940330431,385.3528593710531,137.6180487214948,0.0,0.0003366121256428,0.3663256866677029,0.0667952720600199,63.5,3.942001553282041e-09,6.194008837655614e-10,1248.5680000000002,1.663269531269784,0.0001196758566992,0.00148,6.65847e-07,0.0154111111111111,0.0157,6.76e-06,0.0805555555555555,0.023,9e-06,0.0031111111111111,0.0401799999999999,0.0990777777777777,1.0,821897.886156511,1.9e-06,0.12776,3.2687743694334523,0.054585522856525,0.1315904146076829,0.3552281034651922,199.68043016305384,3.2440389217572716
25,0.006,0.009,500000.0,0.000127,1.0,30.0,400.0,0.0025961917718677,8562.572328396516,385.3528593710531,138.38940492864495,0.0,0.0002820823781973,0.3751138053934184,0.0967901831620652,63.5,6.944754496848473e-09,9.390854217505714e-10,1049.0757637509646,0.7339882621314112,0.0002009646938575,0.00148,6.65847e-07,0.0154111111111111,0.0157,6.76e-06,0.0805555555555555,0.023,9e-06,0.0031111111111111,0.0401799999999999,0.0990777777777777,1.0,1196855.5349044022,1.9e-06,0.12776,3.200024888778605,0.0632879887622019,0.1103836222313532,0.389786530195812,158.52274347799138,2.575335700203346
26,0.006,0.009,500000.0,0.000127,1.0,35.0,400.0,0.0035597860703652,9989.667716462602,385.3528593710531,139.26128924713427,0.0,0.0002433081947189,0.3910961211725189,0.1327145203609304,63.5,8.87829014073057e-09,8.913468815308698e-10,760.6321788904145,0.7914589469310347,0.0002471038554609,0.00148,6.65847e-07,0.0154111111111111,0.0157,6.76e-06,0.0805555555555555,0.023,9e-06,0.0031111111111111,0.0401799999999999,0.0990777777777777,1.0,1098021.3735411798,1.9e-06,0.12776,3.484205438979298,0.0273157672178103,0.0904416008115883,0.2161167899734427,166.84943935714722,2.710611073494958
27,0.006,0.009,550000.0,0.000127,1.0,25.0,400.0,0.0014806956831743,6486.797218482209,385.3528593710531,137.61804872149483,0.0,0.0003702733382071,0.3592040097675382,0.0552027041818346,69.85,3.320109366348795e-09,5.589203138558362e-10,1248.5680000000002,1.7261241746031273,0.0001132658617105,0.00148,6.65847e-07,0.0154111111111111,0.0157,6.76e-06,0.0805555555555555,0.023,9e-06,0.0031111111111111,0.0401799999999999,0.0990777777777777,1.0,834181.5782363723,1.9e-06,0.12776,3.2861507830112133,0.0523859768340236,0.1360613055857036,0.3458647712007924,209.4630009968976,3.403048943098436
28,0.006,0.009,550000.0,0.000127,1.0,30.0,400.0,0.0021456130346014,7784.156662178651,385.3528593710531,138.389404928645,0.0,0.000310290616017,0.381189869807889,0.0799918869107977,69.85,5.292632460205351e-09,8.11187145248406e-10,1109.1529287198057,0.90557915878629,0.0001731457774137,0.00148,6.65847e-07,0.0154111111111111,0.0157,6.76e-06,0.0805555555555555,0.023,9e-06,0.0031111111111111,0.0401799999999999,0.0990777777777777,1.0,1006860.6041618616,1.9e-06,0.12776,3.458378451189397,0.0305850061785573,0.1332579828970912,0.2358811468127747,239.63999337140103,3.8944726511785466
29,0.006,0.009,550000.0,0.000127,1.0,35.0,400.0,0.0029419719589795,9081.516105875093,385.3528593710531,139.26128924713427,0.0,0.0002676390141908,0.4022844331092007,0.1096814217858928,69.85,7.642661917959146e-09,9.22771996306504e-10,945.976412306128,0.753531544571103,0.0002394050928853,0.00148,6.65847e-07,0.0154111111111111,0.0157,6.76e-06,0.0805555555555555,0.023,9e-06,0.0031111111111111,0.0401799999999999,0.0990777777777777,1.0,1209584.0562066855,1.9e-06,0.12776,3.394472512399967,0.0386743655189915,0.1246630113233079,0.2807532760900324,211.01855964235213,3.4283403406895014
30,0.006,0.009,550000.0,0.000127,1.0,40.0,400.0,0.0038750260223639,10378.875549571534,385.3528593710531,140.2444315262848,0.0,0.000235837406088,0.3938271164379805,0.1444671701553631,69.85,9.508770044727861e-09,8.753122013724583e-10,666.0601932908211,0.8108114225042475,0.0002883510617527,0.00148,6.65847e-07,0.0154111111111111,0.0157,6.76e-06,0.0805555555555555,0.023,9e-06,0.0031111111111111,0.0401799999999999,0.0990777777777777,1.0,1467390.1136266673,1.9e-06,0.12776,3.3523564631199685,0.0440055109974723,0.0814199462826174,0.3075517160260034,132.68545052620786,2.155586606660336
31,0.006,0.009,600000.0,0.000127,1.0,25.0,400.0,0.0012441956782229,5946.230783608694,385.3528593710531,137.6180487214949,0.0,0.0004039345507714,0.3524419742296054,0.046385605597236,76.2,2.847109356445863e-09,5.129198803927514e-10,1248.5680000000002,1.7739302856040169,0.000108316517716,0.00148,6.65847e-07,0.0154111111111111,0.0157,6.76e-06,0.0805555555555555,0.023,9e-06,0.0031111111111111,0.0401799999999999,0.0990777777777777,1.0,479504.710446881,1.9e-06,0.12776,3.45313246626785,0.0312490549028037,0.1381163686323694,0.2397745288523368,247.11136307963093,4.016629847463833
32,0.006,0.009,600000.0,0.000127,1.0,30.0,375.0,0.0015455510964327,7135.476940330432,351.11917342151344,126.04768590116616,0.0,0.0003083111545159,0.2761111588402195,0.0576206177567663,76.2,3.449820192865452e-09,5.715350160116474e-10,1248.568,1.7130143013670889,0.0001172340332454,0.00148,6.65847e-07,0.0154111111111111,0.0157,6.76e-06,0.0805555555555555,0.023,9e-06,0.0031111111111111,0.0401799999999999,0.0990777777777777,1.0,898509.3278485008,1.9e-06,0.12776,3.4265786199062784,0.0346103012776863,0.0505505410834531,0.2588884627725656,88.16871906187332,1.4323749028841595
33,0.006,0.009,600000.0,0.000127,1.0,30.0,400.0,0.0018029109526859,7135.476940330432,385.3528593710531,138.38940492864498,0.0,0.0003384988538367,0.398703215901144,0.0672154049736564,76.2,3.97036181074379e-09,6.23192753420768e-10,1246.8214283884315,1.6513836895888234,0.000144555458744,0.00148,6.65847e-07,0.0154111111111111,0.0157,6.76e-06,0.0805555555555555,0.023,9e-06,0.0031111111111111,0.0401799999999999,0.0990777777777777,1.0,691906.7240070138,1.9e-06,0.12776,3.369512539555628,0.0418338557524521,0.1635478109274875,0.2968800708954772,270.63209017047564,4.404328496542045
34,0.006,0.0095,400000.0,0.000127,1.0,20.0,350.0,0.0016769290218943,7135.476940330428,351.11917342151344,116.5776222136802,0.0,0.0002851474903204,0.2800198204949692,0.0625185970226575,50.8,3.712576043788761e-09,5.970886794035665e-10,1248.5680000000002,1.68645756751427,8.33003026196457e-05,0.00148,6.65847e-07,0.0154111111111111,0.0157,6.76e-06,0.0805555555555555,0.023,9e-06,0.0031111111111111,0.0401799999999999,0.0990777777777777,1.0,492685.7545610723,1.9e-06,0.12776,3.59044235060661,0.0138680568852392,0.0495612234723115,0.1227850228086387,102.3182739989668,1.6622463084659127
35,0.006,0.0095,400000.0,0.000127,1.0,20.0,400.0,0.0022895052282285,7135.476940330428,385.3528593710531,134.46100351272275,0.0,0.0003288900302611,0.4349160939928063,0.0853564181167244,50.8,5.820237170171243e-09,8.52031424050093e-10,1089.9673029028638,0.8507816539685871,0.0001370531496131,0.00148,6.65847e-07,0.0154111111111111,0.0157,6.76e-06,0.0805555555555555,0.023,9e-06,0.0031111111111111,0.0401799999999999,0.0990777777777777,1.0,326210.63210061233,1.9e-06,0.12776,3.5570435311756525,0.0180957555473857,0.1816196758760818,0.1544355199835869,361.4221590377206,6.119493845351393
36,0.006,0.0095,400000.0,0.000127,1.0,25.0,350.0,0.0026356584957211,8919.346175413035,351.11917342151344,120.75933760004048,0.0,0.0002363007335064,0.3079115446801936,0.0982615657740777,50.8,7.030034991442304e-09,9.383526306151435e-10,1037.8704512836543,0.7347270631661563,0.0001485521252796,0.00148,6.65847e-07,0.0154111111111111,0.0157,6.76e-06,0.0805555555555555,0.023,9e-06,0.0031111111111111,0.0401799999999999,0.0990777777777777,1.0,955439.444523842,1.9e-06,0.12776,3.485260391573241,0.0271822289147796,0.0417099789061158,0.2152877195782848,77.02923201655189,1.2514045786637793
37,0.006,0.0095,400000.0,0.000127,1.0,25.0,400.0,0.0035972512537132,8919.346175413035,385.3528593710531,135.1301442765301,0.0,0.000264421392548,0.3898047686919278,0.1341112823404342,50.8,8.953220507426413e-09,8.894412149798775e-10,749.3926238860382,0.7937589220483693,0.0001991124252415,0.00148,6.65847e-07,0.0154111111111111,0.0157,6.76e-06,0.0805555555555555,0.023,9e-06,0.0031111111111111,0.0401799999999999,0.0990777777777777,1.0,807257.1719266032,1.9e-06,0.12776,3.460180553807629,0.0303568919230849,0.0877534863514935,0.2345344720486634,158.0866387310435,2.568250777538699
38,0.006,0.0095,400000.0,0.000127,1.0,30.0,400.0,0.0052150361757188,10703.21541049564,385.3528593710531,135.9033845594569,0.0,0.0002216120515373,0.4708727572832414,0.1944248926886786,50.8,1.2618862702875276e-08,8.38378633106719e-10,324.7868038861603,0.8701591557980782,0.0002698662712827,0.00148,6.65847e-07,0.0154111111111111,0.0157,6.76e-06,0.0805555555555555,0.023,9e-06,0.0031111111111111,0.0401799999999999,0.0990777777777777,1.0,1151447.4566997413,1.9e-06,0.12776,3.344284790046529,0.0450272417662621,0.1085078645945626,0.3124613001596478,175.5753382895204,2.8523740529800317
39,0.006,0.0095,450000.0,0.000127,1.0,20.0,350.0,0.0013249809555708,6342.646169182605,351.11917342151344,116.57762221367967,0.0,0.0003207909266105,0.2792714487411992,0.0493974099932108,57.15,3.008679911141732e-09,5.286330207633114e-10,1248.5680000000002,1.7576003496409052,7.821015576789954e-05,0.00148,6.65847e-07,0.0154111111111111,0.0157,6.76e-06,0.0805555555555555,0.023,9e-06,0.0031111111111111,0.0401799999999999,0.0990777777777777,1.0,375198.7923997429,1.9e-06,0.12776,3.5685314068646203,0.0166415940677695,0.0619340387479883,0.1438099239769589,124.797170766287,2.0274348700207856
40,0.006,0.0095,450000.0,0.000127,1.0,20.0,375.0,0.0015584878771785,6342.646169182605,351.11917342151344,116.5462377997317,0.0,0.0003207045649654,0.2681404707166376,0.0581029216418207,57.15,3.475693754357151e-09,5.740512845506189e-10,1248.5680000000002,1.7103992605071228,8.849538534422144e-05,0.00148,6.65847e-07,0.0154111111111111,0.0157,6.76e-06,0.0805555555555555,0.023,9e-06,0.0031111111111111,0.0401799999999999,0.0990777777777777,1.0,342361.17496704083,1.9e-06,0.12776,3.5609216525631213,0.017604854105934,0.0420975490748167,0.1508781026081019,84.12634121226965,1.3667030791199388
41,0.006,0.0095,450000.0,0.000127,1.0,20.0,400.0,0.0018089917852669,6342.646169182605,385.3528593710531,134.46100351272273,0.0,0.0003700012840437,0.4048705633731595,0.0674421081416093,57.15,3.994685141067913e-09,6.27717738096784e-10,1243.172928839813,1.6300841140739442,0.0001090518823204,0.00148,6.65847e-07,0.0154111111111111,0.0157,6.76e-06,0.0805555555555555,0.023,9e-06,0.0031111111111111,0.0401799999999999,0.0990777777777777,1.0,799854.9297792552,1.9e-06,0.12776,3.4581594720451845,0.0306127250575715,0.16948845523155,0.2360444626885014,304.728695889738,4.986320226456955
42,0.006,0.0095,450000.0,0.000127,1.0,25.0,350.0,0.0020824956015574,7928.307711478257,351.11917342151344,120.7593376000408,0.0,0.0002658383251947,0.2977266693659959,0.0776387680190245,57.15,5.0612018723773445e-09,7.932710514874229e-10,1117.5685864590057,0.9296157500295504,0.0001247021834738,0.00148,6.65847e-07,0.0154111111111111,0.0157,6.76e-06,0.0805555555555555,0.023,9e-06,0.0031111111111111,0.0401799999999999,0.0990777777777777,1.0,752921.1833043158,1.9e-06,0.12776,3.448910102871452,0.0317835312820946,0.0521479013469713,0.2428795150410188,92.91952490628704,1.5095557345036354
43,0.006,0.0095,450000.0,0.000127,1.0,25.0,400.0,0.0028422725955264,7928.307711478257,385.3528593710531,135.1301442765301,0.0,0.0002974740666165,0.3984937033169164,0.1059644699973802,57.15,7.4432631910529725e-09,9.278432044285451e-10,975.886221342054,0.7474110338818392,0.0001915978142611,0.00148,6.65847e-07,0.0154111111111111,0.0157,6.76e-06,0.0805555555555555,0.023,9e-06,0.0031111111111111,0.0401799999999999,0.0990777777777777,1.0,952752.4629457564,1.9e-06,0.12776,3.3018753278542365,0.0503955281197169,0.1245892333195362,0.3371540344085051,194.3561462605661,3.1575169067797613
44,0.006,0.0095,450000.0,0.000127,1.0,30.0,400.0,0.0041205224104445,9513.969253773908,385.3528593710531,135.90338455945692,0.0,0.0002493135579795,0.4283306470578512,0.1536196682972278,57.15,9.999762820889013e-09,8.6282502759274e-10,592.4112768666487,0.8258823639363847,0.0002464603230026,0.00148,6.65847e-07,0.0154111111111111,0.0157,6.76e-06,0.0805555555555555,0.023,9e-06,0.0031111111111111,0.0401799999999999,0.0990777777777777,1.0,810857.6737997968,1.9e-06,0.12776,3.2716627919770795,0.0542198997497367,0.1067709787606232,0.3536902882302647,162.40487229456406,2.63840455597878
45,0.006,0.0095,450000.0,0.000127,1.0,40.0,400.0,0.0074502981826898,12685.29233836521,385.3528593710531,137.80892297239225,0.0,0.0001896069385189,0.5110609469412387,0.2777590367277707,57.15,1.8659314365379745e-08,1.0940235640829584e-09,252.9720726924052,0.7533191981939964,0.0004422928396294,0.00148,6.65847e-07,0.0154111111111111,0.0157,6.76e-06,0.0805555555555555,0.023,9e-06,0.0031111111111111,0.0401799999999999,0.0990777777777777,1.0,1567887.8356400214,1.9e-06,0.12776,3.479738487978834,0.0278812040533121,0.0653619102134678,0.2196079682680992,120.04462269200567,1.9502257335353443
46,0.006,0.0095,500000.0,0.000127,1.0,20.0,350.0,0.0010732345740124,5708.3815522643445,351.11917342151344,116.57762221367996,0.0,0.0003564343629005,0.2670317474567716,0.0400119020945008,63.5,2.505187148024807e-09,4.796670908182821e-10,1248.5680000000002,1.8084883632091329,7.458179049022128e-05,0.00148,6.65847e-07,0.0154111111111111,0.0157,6.76e-06,0.0805555555555555,0.023,9e-06,0.0031111111111111,0.0401799999999999,0.0990777777777777,1.0,229485.57087863743,1.9e-06,0.12776,3.5272224296882646,0.0218705785204728,0.0590798453622707,0.180825760596047,113.89922919505224,1.8503886537114935
47,0.006,0.0095,500000.0,0.000127,1.0,20.0,375.0,0.0012623751805146,5708.3815522643445,351.11917342151344,116.5462377997318,0.0,0.0003563384055171,0.2765287212057634,0.0470633665298748,63.5,2.8834683610292942e-09,5.164558844860013e-10,1248.5680000000002,1.7702554810107691,8.383650219054218e-05,0.00148,6.65847e-07,0.0154111111111111,0.0157,6.76e-06,0.0805555555555555,0.023,9e-06,0.0031111111111111,0.0401799999999999,0.0990777777777777,1.0,641948.7228007384,1.9e-06,0.12776,3.42368182552006,0.0349769841113848,0.0615253546758883,0.2609156408804342,107.0171266256217,1.7385831164311418
48,0.006,0.0095,500000.0,0.000127,1.0,20.0,400.0,0.0014652833460662,5708.3815522643445,385.3528593710531,134.46100351272275,0.0,0.0004111125378263,0.4153532536164018,0.0546281075947036,63.5,3.2892846921325076e-09,5.559225372266167e-10,1248.5680000000002,1.7292396244261676,0.0001021409327803,0.00148,6.65847e-07,0.0154111111111111,0.0157,6.76e-06,0.0805555555555555,0.023,9e-06,0.0031111111111111,0.0401799999999999,0.0990777777777777,1.0,569644.6687280857,1.9e-06,0.12776,3.405028274355648,0.0373381931195382,0.1927851460216982,0.2737083706103864,329.5260527555297,5.443623977820039
49,0.006,0.0095,500000.0,0.000127,1.0,25.0,350.0,0.0016868214372615,7135.476940330431,351.11917342151344,120.75933760004052,0.0,0.000295375916883,0.2993631388856983,0.0628874020954097,63.5,3.732360874523078e-09,5.990128036545552e-10,1248.5680000000002,1.6844579146719527,0.0001046095824804,0.00148,6.65847e-07,0.0154111111111111,0.0157,6.76e-06,0.0805555555555555,0.023,9e-06,0.0031111111111111,0.0401799999999999,0.0990777777777777,1.0,557793.2750757501,1.9e-06,0.12776,3.401753301728623,0.03775274661663,0.0685357367902886,0.2759088060483453,116.79264671574776,1.8973946519051796
50,0.006,0.0095,500000.0,0.000127,1.0,25.0,375.0,0.0019837362363667,7135.476940330431,351.11917342151344,121.945562973477,0.0,0.0002982774101694,0.2804054247671778,0.0739568608697294,63.5,4.693662945466869e-09,7.577518991936921e-10,1138.3262581799695,1.0179997354288446,0.0001295731421211,0.00148,6.65847e-07,0.0154111111111111,0.0157,6.76e-06,0.0805555555555555,0.023,9e-06,0.0031111111111111,0.0401799999999999,0.0990777777777777,1.0,548539.1190877988,1.9e-06,0.12776,3.4013154680650075,0.0378081685993661,0.0385085638974483,0.276201973979113,65.59637887830712,1.065668275836357
51,0.006,0.0095,500000.0,0.000127,1.0,25.0,400.0,0.0023022408023764,7135.476940330431,385.3528593710531,135.13014427653007,0.0,0.000330526740685,0.3902762025111661,0.0858312206978779,63.5,5.866934275380331e-09,8.556464592238976e-10,1088.2692263498063,0.8459316501696577,0.0001725476673428,0.00148,6.65847e-07,0.0154111111111111,0.0157,6.76e-06,0.0805555555555555,0.023,9e-06,0.0031111111111111,0.0401799999999999,0.0990777777777777,1.0,958957.3294612888,1.9e-06,0.12776,3.319078813867822,0.048217871662301,0.1365049818132881,0.3273543505568133,216.09264612037776,3.5108564752438345
52,0.006,0.0095,500000.0,0.000127,1.0,30.0,350.0,0.0024464221242962,8562.572328396516,351.11917342151344,123.58805969024102,0.0,0.0002519124481544,0.3250408854459105,0.0912065310691619,63.5,6.39559912241947e-09,8.965728080552294e-10,1069.0450500938375,0.7910240385517661,0.0001706136963227,0.00148,6.65847e-07,0.0154111111111111,0.0157,6.76e-06,0.0805555555555555,0.023,9e-06,0.0031111111111111,0.0401799999999999,0.0990777777777777,1.0,1001387.1403447712,1.9e-06,0.12776,3.132527460363484,0.0718319670425969,0.0658943543767485,0.4202918161166997,89.90064077084584,1.460511425860654
53,0.006,0.0095,500000.0,0.000127,1.0,30.0,400.0,0.00333762315246,8562.572328396516,385.3528593710531,135.9033845594569,0.0,0.0002770150644217,0.4419942555263139,0.1244319313207545,63.5,8.433964304920097e-09,9.026471983501195e-10,827.2810542619856,0.7778204394551381,0.0002365091397979,0.00148,6.65847e-07,0.0154111111111111,0.0157,6.76e-06,0.0805555555555555,0.023,9e-06,0.0031111111111111,0.0401799999999999,0.0990777777777777,1.0,1141743.455100724,1.9e-06,0.12776,3.491207276646782,0.026429458652306,0.1496223242055593,0.2105811537570513,277.97711009863383,4.5270039983547905
54,0.006,0.0095,500000.0,0.000127,1.0,35.0,400.0,0.0045788674216627,9989.667716462602,385.3528593710531,136.79465888508074,0.0,0.0002389986598605,0.3728990069831534,0.1707075036674623,63.5,1.0916452843325522e-08,8.395113085971236e-10,454.9077735011721,0.8540200113934031,0.0002957027955168,0.00148,6.65847e-07,0.0154111111111111,0.0157,6.76e-06,0.0805555555555555,0.023,9e-06,0.0031111111111111,0.0401799999999999,0.0990777777777777,1.0,1542300.4375933143,1.9e-06,0.12776,3.463054798475756,0.0299930634840816,0.0342515033156911,0.2323767567550876,61.87752049474849,1.005252297554405
55,0.006,0.0095,500000.0,0.000127,1.0,40.0,400.0,0.0060347415279787,11416.763104528687,385.3528593710531,137.80892297239228,0.0,0.0002106743761321,0.4356147349944467,0.2249848197494943,63.5,1.5828201055957596e-08,9.167882269071963e-10,309.59433888084806,0.8327497625371371,0.0004177945543275,0.00148,6.65847e-07,0.0154111111111111,0.0157,6.76e-06,0.0805555555555555,0.023,9e-06,0.0031111111111111,0.0401799999999999,0.0990777777777777,1.0,1604522.167475457,1.9e-06,0.12776,3.393814218514178,0.0387576938589647,0.0426899152449523,0.2811880962043532,72.21804070135373,1.1732427343476806
56,0.006,0.0095,550000.0,0.000127,1.0,20.0,375.0,0.0010432852731525,5189.437774785767,351.11917342151344,116.54623779973213,0.0,0.0003919722460689,0.269132031923715,0.0388953442395659,69.85,2.4452885463051983e-09,4.738418020545463e-10,1248.568,1.8145423148849336,8.042818876766184e-05,0.00148,6.65847e-07,0.0154111111111111,0.0157,6.76e-06,0.0805555555555555,0.023,9e-06,0.0031111111111111,0.0401799999999999,0.0990777777777777,1.0,638282.4821929762,1.9e-06,0.12776,3.429973298495989,0.03418059512709,0.062296687684149,0.2564986678284846,109.00636444336138,1.770899955749653
57,0.006,0.0095,550000.0,0.000127,1.0,20.0,400.0,0.0012109779719555,5189.437774785767,385.3528593710531,134.46100351272273,0.0,0.000452223791609,0.418581979406148,0.0451471963592591,69.85,2.78067394391116e-09,5.064588704352201e-10,1248.5680000000002,1.780644912748899,9.732735636312693e-05,0.00148,6.65847e-07,0.0154111111111111,0.0157,6.76e-06,0.0805555555555555,0.023,9e-06,0.0031111111111111,0.0401799999999999,0.0990777777777777,1.0,564547.6574096492,1.9e-06,0.12776,3.4107113575382906,0.0366188155014822,0.2054947830468888,0.2698580311896386,353.11263844105656,5.930335806131045
58,0.006,0.0095,550000.0,0.000127,1.0,25.0,350.0,0.0013940673035219,6486.797218482209,351.11917342151344,120.75933760004024,0.0,0.0003249135085713,0.2993631388856983,0.0519730595829832,69.85,3.146852607043862e-09,5.42070660871533e-10,1248.5680000000002,1.743635235266077,9.930925722747316e-05,0.00148,6.65847e-07,0.0154111111111111,0.0157,6.76e-06,0.0805555555555555,0.023,9e-06,0.0031111111111111,0.0401799999999999,0.0990777777777777,1.0,553927.5187812028,1.9e-06,0.12776,3.407732214952583,0.0369959221579008,0.079450079302715,0.2718815037394345,136.1449532328473,2.2117891410523556
59,0.006,0.0095,550000.0,0.000127,1.0,25.0,375.0,0.0016394514350138,6486.797218482209,351.11917342151344,121.945562973477,0.0,0.0003281051511863,0.2734340013047852,0.061121372619611,69.85,3.6376208700276275e-09,5.89799101367362e-10,1248.5680000000002,1.6940332869263075,0.0001125200792098,0.00148,6.65847e-07,0.0154111111111111,0.0157,6.76e-06,0.0805555555555555,0.023,9e-06,0.0031111111111111,0.0401799999999999,0.0990777777777777,1.0,838380.925464665,1.9e-06,0.12776,3.2872522781824696,0.0522465470655101,0.044372628685174,0.3452620530084435,68.37350104932625,1.1107849582871865
60,0.006,0.0095,550000.0,0.000127,1.0,25.0,400.0,0.0019026783490714,6486.797218482209,385.3528593710531,135.13014427653007,0.0,0.0003635794147535,0.3747906560549168,0.0709348931387421,69.85,4.369431396285794e-09,6.974335639996784e-10,1186.960990557131,1.3019244395734746,0.0001452449945229,0.00148,6.65847e-07,0.0154111111111111,0.0157,6.76e-06,0.0805555555555555,0.023,9e-06,0.0031111111111111,0.0401799999999999,0.0990777777777777,1.0,575624.0370848014,1.9e-06,0.12776,3.487530382597599,0.0268948882787849,0.1359157629161746,0.2134978096495073,251.57930453218935,4.089850770624133
61,0.006,0.0095,550000.0,0.000127,1.0,30.0,325.0,0.0016918834182601,7784.156662178651,319.92671377973846,124.48320436304016,0.0,0.0002791107468487,0.2682493413997566,0.0630761208462064,69.85,3.742484836520234e-09,5.999973842686842e-10,1248.5680000000002,1.6834346858329,0.0001058674526333,0.00148,6.65847e-07,0.0154111111111111,0.0157,6.76e-06,0.0805555555555555,0.023,9e-06,0.0031111111111111,0.0401799999999999,0.0990777777777777,1.0,511949.9703824412,1.9e-06,0.12776,3.395407033034269,0.038556071767814,0.0372332205535501,0.2801350968174598,63.07928349784116,1.024775947020568
62,0.006,0.0095,550000.0,0.000127,1.0,30.0,350.0,0.0020218364663605,7784.156662178651,351.11917342151344,123.58805969024084,0.0,0.0002771036929699,0.3024266054598619,0.0753772984042659,69.85,4.83878504332187e-09,7.760527537646521e-10,1125.656471151932,0.9527161640923694,0.0001465363789855,0.00148,6.65847e-07,0.0154111111111111,0.0157,6.76e-06,0.0805555555555555,0.023,9e-06,0.0031111111111111,0.0401799999999999,0.0990777777777777,1.0,566455.8410289371,1.9e-06,0.12776,3.485060429525367,0.0272075405664092,0.0591093070555958,0.2154450012332857,109.14011586355844,1.7730728599228118
63,0.006,0.0095,550000.0,0.000127,1.0,30.0,375.0,0.0023771980706142,7784.156662178651,351.11917342151344,125.5536930136629,0.0,0.0002815109492559,0.3046658818586958,0.0886257475894136,69.85,6.141777592252393e-09,8.769233296707675e-10,1078.2749239180948,0.8173861734217642,0.0001809679812828,0.00148,6.65847e-07,0.0154111111111111,0.0157,6.76e-06,0.0805555555555555,0.023,9e-06,0.0031111111111111,0.0401799999999999,0.0990777777777777,1.0,970766.94883651,1.9e-06,0.12776,3.451197736683236,0.0314939573818689,0.048100134269282,0.2412004201626186,85.89710341370154,1.3954705985224491
64,0.006,0.0095,550000.0,0.000127,1.0,30.0,400.0,0.0027583662417025,7784.156662178651,385.3528593710531,135.9033845594569,0.0,0.0003047165708639,0.4287372161438927,0.1028363068766565,69.85,7.275450483405032e-09,9.32111101115801e-10,1001.0581274892452,0.7422600507893702,0.0002297735891233,0.00148,6.65847e-07,0.0154111111111111,0.0157,6.76e-06,0.0805555555555555,0.023,9e-06,0.0031111111111111,0.0401799999999999,0.0990777777777777,1.0,1266684.5907369254,1.9e-06,0.12776,3.405821738571567,0.0372377546111941,0.1579609092672362,0.273173232415932,270.2002127733926,4.397146119878252
65,0.006,0.0095,550000.0,0.000127,1.0,35.0,400.0,0.0037841879517874,9081.516105875093,385.3528593710531,136.79465888508085,0.0,0.0002628985258466,0.3707384409095427,0.1410805815433574,69.85,9.327093903574816e-09,8.799326798323332e-10,693.3116144637778,0.8052349036309117,0.0002835858881176,0.00148,6.65847e-07,0.0154111111111111,0.0157,6.76e-06,0.0805555555555555,0.023,9e-06,0.0031111111111111,0.0401799999999999,0.0990777777777777,1.0,1503000.2160368983,1.9e-06,0.12776,3.359271888747458,0.0431301406648787,0.0617178593661852,0.3032893044016424,101.19719637770623,1.6440334608025275
66,0.006,0.0095,550000.0,0.000127,1.0,40.0,375.0,0.0043001840629889,10378.875549571534,351.11917342151344,130.49659598830925,0.0,0.0002194452811157,0.3706086066418076,0.1603177421627299,69.85,1.0359086125977956e-08,8.536865376360653e-10,538.5127811033066,0.8369117328988724,0.0002838193548107,0.00148,6.65847e-07,0.0154111111111111,0.0157,6.76e-06,0.0805555555555555,0.023,9e-06,0.0031111111111111,0.0401799999999999,0.0990777777777777,1.0,1501346.3904817556,1.9e-06,0.12776,3.358956384679836,0.0431700778886284,0.0423508644790776,0.3034849115045299,69.42213362500267,1.1278208753304135
67,0.006,0.0095,600000.0,0.000127,1.0,20.0,400.0,0.0010175578792126,4756.984626886955,385.3528593710531,134.4610035127227,0.0,0.0004933350453916,0.4022578201529933,0.0379361858296553,76.2,2.393833758425352e-09,4.688376952962611e-10,1248.5680000000002,1.8197428502959496,9.370866602656588e-05,0.00148,6.65847e-07,0.0154111111111111,0.0157,6.76e-06,0.0805555555555555,0.023,9e-06,0.0031111111111111,0.0401799999999999,0.0990777777777777,1.0,580445.2769702142,1.9e-06,0.12776,3.483327158579652,0.0274269419519428,0.1963816343233379,0.2168056813258903,361.9724747094832,6.1324184822555505
68,0.006,0.0095,600000.0,0.000127,1.0,25.0,350.0,0.001171403775876,5946.230783608694,351.11917342151344,120.7593376000407,0.0,0.0003544511002596,0.2977266693659959,0.0436718070107012,76.2,2.701525551752139e-09,4.987614914267751e-10,1248.5680000000002,1.7886444407444115,9.52620290526334e-05,0.00148,6.65847e-07,0.0154111111111111,0.0157,6.76e-06,0.0805555555555555,0.023,9e-06,0.0031111111111111,0.0401799999999999,0.0990777777777777,1.0,572622.8909389362,1.9e-06,0.12776,3.4812304073511524,0.0276923534998541,0.0861148623552945,0.2184454115552404,158.3954045450656,2.5732669619289794
69,0.006,0.0095,600000.0,0.000127,1.0,25.0,375.0,0.0013775946085879,5946.230783608694,351.11917342151344,121.94556297347712,0.0,0.0003579328922032,0.2547951847249237,0.0513589311595342,76.2,3.113907217175995e-09,5.388666393434085e-10,1248.5680000000002,1.7469650258200222,0.0001073699785041,0.00148,6.65847e-07,0.0154111111111111,0.0157,6.76e-06,0.0805555555555555,0.023,9e-06,0.0031111111111111,0.0401799999999999,0.0990777777777777,1.0,490263.7832932413,1.9e-06,0.12776,3.456702266174444,0.0307971814969058,0.0354962535653893,0.2371294795309256,63.72920479625653,1.0353344644472162
70,0.006,0.0095,600000.0,0.000127,1.0,25.0,400.0,0.0015987783349836,5946.230783608694,385.3528593710531,135.1301442765301,0.0,0.000396632088822,0.3923204963558042,0.0596050143735263,76.2,3.5562746699672967e-09,5.818879800459946e-10,1248.568,1.7022549473664057,0.0001311758383849,0.00148,6.65847e-07,0.0154111111111111,0.0157,6.76e-06,0.0805555555555555,0.023,9e-06,0.0031111111111111,0.0401799999999999,0.0990777777777777,1.0,822363.6075354512,1.9e-06,0.12776,3.407771914711268,0.0369908968719914,0.1647754819822778,0.2718546128798806,282.3682366762654,4.600887703999836
71,0.006,0.0095,600000.0,0.000127,1.0,30.0,325.0,0.0014216520389546,7135.476940330432,319.92671377973846,124.4832043630402,0.0,0.0003044844511076,0.2718857515453349,0.0530014626554929,76.2,3.202022077909366e-09,5.474360298368802e-10,1248.568,1.7380592568457005,0.0001010331855838,0.00148,6.65847e-07,0.0154111111111111,0.0157,6.76e-06,0.0805555555555555,0.023,9e-06,0.0031111111111111,0.0401799999999999,0.0990777777777777,1.0,539951.9164437284,1.9e-06,0.12776,3.472057972709973,0.0288534211759528,0.0509442888898419,0.2255385817683798,92.85396215716396,1.508490612571422
72,0.006,0.0095,600000.0,0.000127,1.0,30.0,350.0,0.0016989042529834,7135.476940330432,351.11917342151344,123.58805969024056,0.0,0.0003022949377853,0.3283728672799543,0.063337868798029,76.2,3.756526505966967e-09,6.013629717265525e-10,1248.568,1.6820154943019188,0.0001262412035775,0.00148,6.65847e-07,0.0154111111111111,0.0157,6.76e-06,0.0805555555555555,0.023,9e-06,0.0031111111111111,0.0401799999999999,0.0990777777777777,1.0,851948.0224466731,1.9e-06,0.12776,3.4153531086849744,0.0360312520651931,0.0970949984819253,0.2666827828389421,167.5690816388561,2.7223024394064206
73,0.006,0.0095,600000.0,0.000127,1.0,30.0,375.0,0.0019975067121133,7135.476940330432,351.11917342151344,125.55369301366296,0.0,0.0003071028537337,0.2993674916818188,0.0744702462383267,76.2,4.748744848453584e-09,7.679990472453504e-10,1130.0639727319626,0.9697653392119232,0.0001572336515936,0.00148,6.65847e-07,0.0154111111111111,0.0157,6.76e-06,0.0805555555555555,0.023,9e-06,0.0031111111111111,0.0401799999999999,0.0990777777777777,1.0,1091727.0567249309,1.9e-06,0.12776,3.3556507614158746,0.0435885112131804,0.0569572454434919,0.3055277565672363,93.09128367516335,1.5123460999813974
74,0.006,0.0095,600000.0,0.000127,1.0,35.0,350.0,0.0023318184581502,8324.72309705217,351.11917342151344,125.7760606073203,0.0,0.0002636972247837,0.3024807420819097,0.0869339230293745,76.2,5.975385679884264e-09,8.640421754074763e-10,1084.3255389132996,0.8346677887056929,0.0001926230527304,0.00148,6.65847e-07,0.0154111111111111,0.0157,6.76e-06,0.0805555555555555,0.023,9e-06,0.0031111111111111,0.0401799999999999,0.0990777777777777,1.0,1227980.0672514876,1.9e-06,0.12776,3.2819720823634824,0.0529149262831035,0.0476068190525351,0.348141225659807,73.03446099188393,1.1865061677603876
75,0.0065,0.008,550000.0,0.000127,1.0,40.0,400.0,0.0019984587305552,8843.53892981243,385.3528593710531,142.38970747857832,0.0,0.0002810152401856,0.2853868337136556,0.0807145505931579,69.85,5.180601922221026e-09,8.468306812966575e-10,1085.811761666846,1.2291691661348818,0.0001711355361959,0.00148,6.65847e-07,0.0154111111111111,0.0157,6.76e-06,0.0805555555555555,0.023,9e-06,0.0031111111111111,0.0401799999999999,0.0990777777777777,1.0,1015622.0599306612,1.9e-06,0.12776,3.4600630577441183,0.0303717648425166,0.0367322831204977,0.2346224191120098,66.1650749084904,1.0749072205513497
76,0.0065,0.008,600000.0,0.000127,1.0,40.0,400.0,0.0016792604610915,8106.577352328061,385.3528593710531,142.3897074785783,0.0,0.0003065620802025,0.2924737080981713,0.0678226432067507,76.2,3.9452879221831385e-09,6.207019559846157e-10,1264.887,2.278784790394952,0.000143787582018,0.00148,6.65847e-07,0.0154111111111111,0.0157,6.76e-06,0.0805555555555555,0.023,9e-06,0.0031111111111111,0.0401799999999999,0.0990777777777777,1.0,706700.6666730896,1.9e-06,0.12776,3.374289729105865,0.0412291482144474,0.0567110648914205,0.2938497007391644,94.24755629285914,1.5311307199249147
77,0.0065,0.0085,400000.0,0.000127,1.0,20.0,400.0,0.0012554697175384,6079.933014246046,385.3528593710531,140.12889072901902,0.0,0.0004022594516515,0.3265503394904382,0.0507064131398319,50.8,3.097706435076998e-09,5.382725374098258e-10,1264.887,2.364449851296769,7.763599842686194e-05,0.00148,6.65847e-07,0.0154111111111111,0.0157,6.76e-06,0.0805555555555555,0.023,9e-06,0.0031111111111111,0.0401799999999999,0.0990777777777777,1.0,506466.7281466558,1.9e-06,0.12776,3.592545063324214,0.0136018907184539,0.1079039263506062,0.120712910323381,223.2919636645441,3.6279964562467812
78,0.0065,0.0085,400000.0,0.000127,1.0,25.0,400.0,0.0019709916267368,7599.916267807557,385.3528593710531,140.85116170471434,0.0,0.000323466264677,0.3013704567623059,0.0796051982172982,50.8,5.070733506947366e-09,8.263913381283262e-10,1102.2920239578953,1.3253792893637972,0.0001219144568603,0.00148,6.65847e-07,0.0154111111111111,0.0157,6.76e-06,0.0805555555555555,0.023,9e-06,0.0031111111111111,0.0401799999999999,0.0990777777777777,1.0,386224.33462191024,1.9e-06,0.12776,3.5710855179732697,0.0163182888641431,0.0538252585450076,0.1414111359166122,108.76183456068328,1.7669273623989736
79,0.0065,0.0085,450000.0,0.000127,1.0,25.0,400.0,0.0015573267174217,6755.481126940053,385.3528593710531,140.85116170471426,0.0,0.0003638995477617,0.2832026457561929,0.0628979343939146,57.15,3.701420434843403e-09,5.969852331721082e-10,1264.887,2.3034324773403783,0.0001019418459876,0.00148,6.65847e-07,0.0154111111111111,0.0157,6.76e-06,0.0805555555555555,0.023,9e-06,0.0031111111111111,0.0401799999999999,0.0990777777777777,1.0,282038.8462186741,1.9e-06,0.12776,3.5446027674513565,0.0196705357656511,0.0523647113622783,0.1656489694774247,102.82356784657404,1.6704552314675856
80,0.0065,0.0085,500000.0,0.000127,1.0,25.0,400.0,0.0012614346411115,6079.933014246046,385.3528593710531,140.85116170471417,0.0,0.0004043328308463,0.2902416526732747,0.0509473268590708,63.5,3.109636282223154e-09,5.394327448694072e-10,1264.8870000000002,2.363244101645708,9.736556002010895e-05,0.00148,6.65847e-07,0.0154111111111111,0.0157,6.76e-06,0.0805555555555555,0.023,9e-06,0.0031111111111111,0.0401799999999999,0.0990777777777777,1.0,590696.6106879661,1.9e-06,0.12776,3.410689540099918,0.0366215772025419,0.0713543258142039,0.2698728907580522,122.60944583232906,1.9918934402620092
81,0.0065,0.0085,500000.0,0.000127,1.0,30.0,400.0,0.0018269552747627,7295.919617095255,385.3528593710531,141.62030787635967,0.0,0.0003387839765036,0.2923668496733683,0.0737878004192288,63.5,4.494588099051094e-09,7.192082712066952e-10,1188.7138351423357,1.8299011808774432,0.0001356810977248,0.00148,6.65847e-07,0.0154111111111111,0.0157,6.76e-06,0.0805555555555555,0.023,9e-06,0.0031111111111111,0.0401799999999999,0.0990777777777777,1.0,497445.7214132977,1.9e-06,0.12776,3.386151235448729,0.0397276917153508,0.0506390492541394,0.2862112844718811,85.06685357885272,1.3819824925454687
82,0.0065,0.0085,550000.0,0.000127,1.0,25.0,400.0,0.0010425079678608,5527.2118311327695,385.3528593710531,140.8511617047143,0.0,0.0004447661139309,0.3132721247421499,0.0421052288091494,69.85,2.671782935721617e-09,4.968504122887661e-10,1264.887,2.4074979393766176,9.416133468374188e-05,0.00148,6.65847e-07,0.0154111111111111,0.0157,6.76e-06,0.0805555555555555,0.023,9e-06,0.0031111111111111,0.0401799999999999,0.0990777777777777,1.0,580315.5307626867,1.9e-06,0.12776,3.4150355918944406,0.0360714440639948,0.1032268959330003,0.2669008638926972,178.09868975636542,2.8933697747562737
83,0.0065,0.0085,550000.0,0.000127,1.0,30.0,400.0,0.0015098803923659,6632.654197359322,385.3528593710531,141.62030787635973,0.0,0.000372662374154,0.291098198743836,0.060981653239032,69.85,3.606527784731858e-09,5.87756685717135e-10,1264.887,2.3130232774871526,0.0001217903038995,0.00148,6.65847e-07,0.0154111111111111,0.0157,6.76e-06,0.0805555555555555,0.023,9e-06,0.0031111111111111,0.0401799999999999,0.0990777777777777,1.0,779763.7125099605,1.9e-06,0.12776,3.2713945488201976,0.0542538545797218,0.0621765455048038,0.3538334115769833,94.5532009528078,1.5360961741673118
84,0.0065,0.0085,550000.0,0.000127,1.0,35.0,400.0,0.0020690455613483,7738.096563585876,385.3528593710531,142.47505909921702,0.0,0.0003213527852516,0.3315651467615557,0.0835654397499611,69.85,5.4399340582772315e-09,8.67576412740596e-10,1075.680925153555,1.1974763391754562,0.0001786764480737,0.00148,6.65847e-07,0.0154111111111111,0.0157,6.76e-06,0.0805555555555555,0.023,9e-06,0.0031111111111111,0.0401799999999999,0.0990777777777777,1.0,981710.3311596176,1.9e-06,0.12776,3.453416805989584,0.0312130625329641,0.0800597070115946,0.2395645193362898,143.27866195906637,2.3276822693766794
85,0.0065,0.0085,550000.0,0.000127,1.0,40.0,400.0,0.0027233964008356,8843.53892981243,385.3528593710531,143.43098975062904,0.0,0.0002830702776807,0.3247470682844223,0.1099936231955088,69.85,7.83922046973056e-09,1.053316079698523e-09,988.4341465552524,0.9482842713124484,0.0002482745292089,0.00148,6.65847e-07,0.0154111111111111,0.0157,6.76e-06,0.0805555555555555,0.023,9e-06,0.0031111111111111,0.0401799999999999,0.0990777777777777,1.0,1144629.7192150275,1.9e-06,0.12776,3.3805346413010837,0.0404386529998629,0.0468134450889133,0.2898486778543918,78.23960538482346,1.2710681107449804
86,0.0065,0.0085,600000.0,0.000127,1.0,30.0,400.0,0.0012687189408074,6079.933014246046,385.3528593710531,141.62030787635956,0.0,0.0004065407718043,0.2958876496953653,0.0512415280689088,76.2,3.124204881614962e-09,5.40849577581759e-10,1264.887,2.361771653305177,0.0001173084344856,0.00148,6.65847e-07,0.0154111111111111,0.0157,6.76e-06,0.0805555555555555,0.023,9e-06,0.0031111111111111,0.0401799999999999,0.0990777777777777,1.0,898152.9647953588,1.9e-06,0.12776,3.426495810839404,0.0346207834380502,0.0767061216264563,0.2589465669878251,133.77799936034936,2.1733359819501388
87,0.0065,0.0085,600000.0,0.000127,1.0,35.0,400.0,0.0017385730064107,7093.255183287054,385.3528593710531,142.47505909921696,0.0,0.00035056667482,0.32597873392723,0.0702181820121201,76.2,4.1410590256430195e-09,6.534395784174923e-10,1241.7431961535472,2.1394812875247933,0.0001505020358976,0.00148,6.65847e-07,0.0154111111111111,0.0157,6.76e-06,0.0805555555555555,0.023,9e-06,0.0031111111111111,0.0401799999999999,0.0990777777777777,1.0,1135084.2740136783,1.9e-06,0.12776,3.365913662526247,0.0422894098068041,0.0878205519151097,0.2991458663737075,144.85348552289383,2.3532666171625394
88,0.0065,0.009,400000.0,0.000127,1.0,20.0,400.0,0.00165334280439,6079.933014246046,385.3528593710531,138.5575086235642,0.0,0.0003977485809753,0.4069850991860474,0.0667758705208288,50.8,3.893452608780184e-09,6.156608421678944e-10,1264.887,2.284023785520588,9.474384750086588e-05,0.00148,6.65847e-07,0.0154111111111111,0.0157,6.76e-06,0.0805555555555555,0.023,9e-06,0.0031111111111111,0.0401799999999999,0.0990777777777777,1.0,463902.7099179101,1.9e-06,0.12776,3.5857837308811336,0.0144577555846666,0.1722692286652186,0.1273412398434995,353.799577881898,5.9455675385288025
89,0.0065,0.009,400000.0,0.000127,1.0,25.0,400.0,0.0025964349073276,7599.916267807557,385.3528593710531,139.41005467577077,0.0,0.0003201567463031,0.3955210213248359,0.1048658516111128,50.8,7.373694993534783e-09,1.0172776365613166e-09,1005.3623456896444,0.9966341704751202,0.0001707430466492,0.00148,6.65847e-07,0.0154111111111111,0.0157,6.76e-06,0.0805555555555555,0.023,9e-06,0.0031111111111111,0.0401799999999999,0.0990777777777777,1.0,894059.8223564061,1.9e-06,0.12776,3.4755094319092583,0.028416527606423,0.1227151697137231,0.2228846811690182,224.43411428314465,3.646589096021688
90,0.0065,0.009,400000.0,0.000127,1.0,30.0,400.0,0.003761877321378,9119.899521369069,385.3528593710531,140.26770761209008,0.0,0.0002684386298686,0.4003878510708246,0.1519362060067435,50.8,1.0210521642756016e-08,1.059606210048108e-09,706.3238035865978,0.9339398614669556,0.0002271037578323,0.00148,6.65847e-07,0.0154111111111111,0.0157,6.76e-06,0.0805555555555555,0.023,9e-06,0.0031111111111111,0.0401799999999999,0.0990777777777777,1.0,701416.9676511289,1.9e-06,0.12776,3.438588516337368,0.0330900612231179,0.0805116450640811,0.2503639423422344,142.04119490709834,2.3075785675306126
91,0.0065,0.009,400000.0,0.000127,1.0,35.0,400.0,0.005157306578065,10639.88277493058,385.3528593710531,141.1937905426124,0.0,0.0002316093683048,0.4289363905796801,0.2082953609975217,50.8,1.3315993312260133e-08,1.01147066102728e-09,332.1209211313045,1.0028416326424905,0.0002869491966661,0.00148,6.65847e-07,0.0154111111111111,0.0157,6.76e-06,0.0805555555555555,0.023,9e-06,0.0031111111111111,0.0401799999999999,0.0990777777777777,1.0,1079780.5256670392,1.9e-06,0.12776,3.330394131910764,0.0467855529226881,0.0527010295821582,0.3207492431306365,84.24698731020482,1.3686630763236178
92,0.0065,0.009,450000.0,0.000127,1.0,20.0,375.0,0.0011181192548357,5404.384901552042,351.11917342151344,124.19637727870996,0.0,0.0004010883277281,0.2500128197817473,0.0451590477120074,57.15,2.823005509671464e-09,5.11557185661824e-10,1264.887,2.3922138738275063,7.415720300889287e-05,0.00148,6.65847e-07,0.0154111111111111,0.0157,6.76e-06,0.0805555555555555,0.023,9e-06,0.0031111111111111,0.0401799999999999,0.0990777777777777,1.0,386913.2495920024,1.9e-06,0.12776,3.571059656924847,0.0163215624145763,0.0369137720697397,0.1414354916360067,74.58757822400574,1.2117378618146815
93,0.0065,0.009,450000.0,0.000127,1.0,20.0,400.0,0.0013063449318637,5404.384901552042,385.3528593710531,138.55750862356416,0.0,0.0004474671535972,0.3927586540506784,0.0527611816460869,57.15,3.1994568637275522e-09,5.481680209721634e-10,1264.887,2.3541659354730573,8.980122259136671e-05,0.00148,6.65847e-07,0.0154111111111111,0.0157,6.76e-06,0.0805555555555555,0.023,9e-06,0.0031111111111111,0.0401799999999999,0.0990777777777777,1.0,337729.44508608617,1.9e-06,0.12776,3.559781778456542,0.0177491419675263,0.1720574724045913,0.1519268162356886,343.40927301282585,5.722154328450696
94,0.0065,0.009,450000.0,0.000127,1.0,25.0,400.0,0.0020515041243082,6755.481126940053,385.3528593710531,139.41005467577094,0.0,0.000360176339591,0.405273339804289,0.0828569691742127,57.15,5.375615455797043e-09,8.62597217365321e-10,1078.019783425562,1.204156527700505,0.0001446631959518,0.00148,6.65847e-07,0.0154111111111111,0.0157,6.76e-06,0.0805555555555555,0.023,9e-06,0.0031111111111111,0.0401799999999999,0.0990777777777777,1.0,684970.5977568463,1.9e-06,0.12776,3.434280252419552,0.0336354110861326,0.1544763706300762,0.2534443740977684,271.4122081757583,4.417310327784337
95,0.0065,0.009,450000.0,0.000127,1.0,30.0,400.0,0.0029723475131875,8106.577352328062,385.3528593710531,140.26770761208994,0.0,0.0003019934586021,0.407705648187864,0.1200483603016244,57.15,8.63146202637512e-09,1.0997656437417151e-09,943.1827460437324,0.8854708897187467,0.0002216053834204,0.00148,6.65847e-07,0.0154111111111111,0.0157,6.76e-06,0.0805555555555555,0.023,9e-06,0.0031111111111111,0.0401799999999999,0.0990777777777777,1.0,1169820.67864852,1.9e-06,0.12776,3.168847717244009,0.0672344661716443,0.1197172878862394,0.4042664843851865,167.84718118199388,2.7268204707478785
96,0.0065,0.009,450000.0,0.000127,1.0,35.0,400.0,0.0040749089011871,9457.673577716074,385.3528593710531,141.19379054261245,0.0,0.000260560539343,0.4115423775721385,0.1645790506647086,57.15,1.0836584802374382e-08,1.043683858741114e-09,612.4143296438431,0.9531567658075814,0.0002689268753853,0.00148,6.65847e-07,0.0154111111111111,0.0157,6.76e-06,0.0805555555555555,0.023,9e-06,0.0031111111111111,0.0401799999999999,0.0990777777777777,1.0,1169520.383267696,1.9e-06,0.12776,3.176675606128887,0.0662435941609004,0.0790233269074297,0.4006958893703825,111.45709378607616,1.8107141125567474
97,0.0065,0.009,500000.0,0.000127,1.0,20.0,400.0,0.0010581393948096,4863.946411396836,385.3528593710531,138.55750862356425,0.0,0.0004971857262192,0.3813703623815015,0.0427365571333304,63.5,2.703045789619318e-09,4.998908029874528e-10,1264.887,2.404338202733177,8.644111378627297e-05,0.00148,6.65847e-07,0.0154111111111111,0.0157,6.76e-06,0.0805555555555555,0.023,9e-06,0.0031111111111111,0.0401799999999999,0.0990777777777777,1.0,632780.1067290828,1.9e-06,0.12776,3.421436463382134,0.0352612071668185,0.1706938052481711,0.2624793330198293,296.2764303280742,4.838465293776934
98,0.0065,0.009,500000.0,0.000127,1.0,25.0,400.0,0.0016617183406897,6079.933014246046,385.3528593710531,139.41005467577094,0.0,0.0004001959328789,0.3812614955262957,0.0671141450311122,63.5,3.9102036813794195e-09,6.172899258558521e-10,1264.8870000000002,2.282330754612984,0.000118880025477,0.00148,6.65847e-07,0.0154111111111111,0.0157,6.76e-06,0.0805555555555555,0.023,9e-06,0.0031111111111111,0.0401799999999999,0.0990777777777777,1.0,444532.4532437853,1.9e-06,0.12776,3.366953116567293,0.0421578333459122,0.1462073504951833,0.2984929438864515,241.3828437176368,3.922941122265521
99,0.0065,0.009,500000.0,0.000127,1.0,30.0,400.0,0.0024076014856819,7295.919617095255,385.3528593710531,140.26770761209022,0.0,0.0003355482873357,0.3994842481597631,0.0972391718443159,63.5,6.6813057808337325e-09,9.63676640382434e-10,1030.54013524241,1.0685463435509903,0.0001951704152628,0.00148,6.65847e-07,0.0154111111111111,0.0157,6.76e-06,0.0805555555555555,0.023,9e-06,0.0031111111111111,0.0401799999999999,0.0990777777777777,1.0,807316.6341840898,1.9e-06,0.12776,3.2812283341737825,0.0530090716235718,0.1343050763154471,0.3485447415882987,205.9122435175601,3.3453259641319213
100,0.0065,0.009,500000.0,0.000127,1.0,35.0,400.0,0.0033006762099616,8511.906219944463,385.3528593710531,141.1937905426125,0.0,0.0002895117103811,0.438374722405578,0.133309031038414,63.5,9.288119419923247e-09,1.0830652045803023e-09,844.6841370115134,0.9056268789708076,0.0002618857286775,0.00148,6.65847e-07,0.0154111111111111,0.0157,6.76e-06,0.0805555555555555,0.023,9e-06,0.0031111111111111,0.0401799999999999,0.0990777777777777,1.0,1028808.9445739262,1.9e-06,0.12776,3.4721621331433283,0.0288402363109711,0.137125691367164,0.2254587558790736,249.95885555557965,4.063277730249461
101,0.0065,0.009,500000.0,0.000127,1.0,40.0,400.0,0.0043467023215479,9727.892822793672,385.3528593710531,142.21417346010804,0.0,0.0002551534659248,0.4192644541895508,0.1755563520436088,63.5,1.1380171643095984e-08,1.029859086414461e-09,530.8763035356029,0.969842073285724,0.0003117689636609,0.00148,6.65847e-07,0.0154111111111111,0.0157,6.76e-06,0.0805555555555555,0.023,9e-06,0.0031111111111111,0.0401799999999999,0.0990777777777777,1.0,1474775.1529608488,1.9e-06,0.12776,3.4535543674215536,0.0311956496934742,0.0757681021459419,0.2394628766511752,135.6163262095992,2.2032011496511603
102,0.0065,0.009,550000.0,0.000127,1.0,25.0,400.0,0.0013733209427187,5527.2118311327695,385.3528593710531,139.41005467577105,0.0,0.0004402155261668,0.4051528335041454,0.0554662355629027,69.85,3.333408885437538e-09,5.611951899635142e-10,1264.887,2.3406274046388296,0.0001137165817369,0.00148,6.65847e-07,0.0154111111111111,0.0157,6.76e-06,0.0805555555555555,0.023,9e-06,0.0031111111111111,0.0401799999999999,0.0990777777777777,1.0,831609.788480704,1.9e-06,0.12776,3.285473623425428,0.0524716932372876,0.1817465979412426,0.3462347501831367,279.6361222883296,4.554865252992232
103,0.0065,0.009,550000.0,0.000127,1.0,30.0,400.0,0.001989753293952,6632.654197359322,385.3528593710531,140.26770761209016,0.0,0.0003691031160693,0.4119165470785422,0.0803629519374511,69.85,5.145780175808017e-09,8.403526264081501e-10,1091.0350236287973,1.2596620471425577,0.000170025336374,0.00148,6.65847e-07,0.0154111111111111,0.0157,6.76e-06,0.0805555555555555,0.023,9e-06,0.0031111111111111,0.0401799999999999,0.0990777777777777,1.0,1020384.1666971708,1.9e-06,0.12776,3.4609694388515324,0.030257033056768,0.163613595141091,0.2339434593171905,294.97510282796065,4.815963347974179
104,0.0065,0.009,550000.0,0.000127,1.0,35.0,400.0,0.0027278315784806,7738.096563585876,385.3528593710531,141.19379054261253,0.0,0.0003184628814192,0.4306330716265249,0.110172752924309,69.85,7.855482787762491e-09,1.0545750196570024e-09,987.8427895359094,0.9465952521777268,0.0002487462155478,0.00148,6.65847e-07,0.0154111111111111,0.0157,6.76e-06,0.0805555555555555,0.023,9e-06,0.0031111111111111,0.0401799999999999,0.0990777777777777,1.0,1140604.1501251531,1.9e-06,0.12776,3.3796321747461437,0.0405528892726401,0.1525203187022159,0.2904296751515001,254.6996200431177,4.1410802257641635
105,0.0065,0.009,550000.0,0.000127,1.0,40.0,400.0,0.0035923159682214,8843.53892981243,385.3528593710531,142.21417346010804,0.0,0.0002806688125173,0.4148067655375178,0.1450878942509164,69.85,9.871398936442962e-09,1.0682309482764148e-09,757.1922095335563,0.9235305465171276,0.0003033729460707,0.00148,6.65847e-07,0.0154111111111111,0.0157,6.76e-06,0.0805555555555555,0.023,9e-06,0.0031111111111111,0.0401799999999999,0.0990777777777777,1.0,1285156.4139667351,1.9e-06,0.12776,3.312512844282588,0.049049007052837,0.1017788712866013,0.3311285471356536,160.2158357956565,2.6028415621750645
106,0.0065,0.009,600000.0,0.000127,1.0,25.0,400.0,0.0011539710699234,5066.610845205039,385.3528593710531,139.41005467577097,0.0,0.0004802351194546,0.4049137031918783,0.0466070451604946,76.2,2.894709139846819e-09,5.185305429554524e-10,1264.8870000000002,2.384966787925684,0.0001099086834333,0.00148,6.65847e-07,0.0154111111111111,0.0157,6.76e-06,0.0805555555555555,0.023,9e-06,0.0031111111111111,0.0401799999999999,0.0990777777777777,1.0,453916.0955514138,1.9e-06,0.12776,3.4442617380600726,0.03237193189113,0.1903666580313836,0.2462685689657868,337.6856924977722,5.604854827165308
107,0.0065,0.009,600000.0,0.000127,1.0,30.0,400.0,0.001671945476168,6079.933014246046,385.3528593710531,140.26770761209005,0.0,0.0004026579448029,0.3834242284949468,0.0675272026696637,76.2,3.930657952336006e-09,6.192791548420571e-10,1264.887,2.280263441447401,0.0001433157290836,0.00148,6.65847e-07,0.0154111111111111,0.0157,6.76e-06,0.0805555555555555,0.023,9e-06,0.0031111111111111,0.0401799999999999,0.0990777777777777,1.0,714274.3613556656,1.9e-06,0.12776,3.376688601708952,0.040925493454563,0.147957025825283,0.2923181229576104,246.4216238956369,4.005338824528331
108,0.0065,0.009,600000.0,0.000127,1.0,35.0,375.0,0.0019631549907629,7093.255183287054,351.11917342151344,133.439826225405,0.0,0.0003283350536168,0.2893714268264339,0.0792886890289296,76.2,5.039386963051734e-09,8.205597916713383e-10,1106.9940055422398,1.3528289876550428,0.0001664588484806,0.00148,6.65847e-07,0.0154111111111111,0.0157,6.76e-06,0.0805555555555555,0.023,9e-06,0.0031111111111111,0.0401799999999999,0.0990777777777777,1.0,1015450.1640567333,1.9e-06,0.12776,3.3361375710794663,0.0460585353063966,0.0421427377975041,0.3173467365102778,67.70614163282558,1.099943143984223
109,0.0065,0.0095,400000.0,0.000127,1.0,20.0,375.0,0.0018276761339677,6079.933014246046,351.11917342151344,124.31866745074106,0.0,0.0003568740089114,0.288623155655259,0.0738169147691424,50.8,4.4974715358709365e-09,7.197446906546157e-10,1188.2813196193597,1.82737619850586,9.951385296645782e-05,0.00148,6.65847e-07,0.0154111111111111,0.0157,6.76e-06,0.0805555555555555,0.023,9e-06,0.0031111111111111,0.0401799999999999,0.0990777777777777,1.0,451426.93216485047,1.9e-06,0.12776,3.583643868842421,0.0147286241971618,0.0468662408861164,0.1294182395855478,96.02290330493958,1.5599727234277878
110,0.0065,0.0095,400000.0,0.000127,1.0,20.0,400.0,0.0021239934877275,6079.933014246046,385.3528593710531,135.75369209509867,0.0,0.000389699836042,0.4487397437799932,0.085784698579736,50.8,5.641409788334409e-09,8.831735648030955e-10,1068.3545349696578,1.1765508866919632,0.0001341972451051,0.00148,6.65847e-07,0.0154111111111111,0.0157,6.76e-06,0.0805555555555555,0.023,9e-06,0.0031111111111111,0.0401799999999999,0.0990777777777777,1.0,339953.2877083172,1.9e-06,0.12776,3.5605043123119366,0.0176576819858308,0.1950150452002571,0.1512623672497451,389.53521544894704,6.858036591900748
111,0.0065,0.0095,400000.0,0.000127,1.0,25.0,375.0,0.0028717471751492,7599.916267807557,351.11917342151344,127.98510017622648,0.0,0.0002939192107986,0.3282404382882028,0.1159852736087982,50.8,8.383173308880611e-09,1.0954259414900339e-09,968.6540433134325,0.8917888349357432,0.0001755242595116,0.00148,6.65847e-07,0.0154111111111111,0.0157,6.76e-06,0.0805555555555555,0.023,9e-06,0.0031111111111111,0.0401799999999999,0.0990777777777777,1.0,880223.7768711388,1.9e-06,0.12776,3.4731929347302266,0.0287097550974397,0.0443151646794044,0.2246678877936734,80.86215062850194,1.313673561166542
112,0.0065,0.0095,400000.0,0.000127,1.0,25.0,400.0,0.0033367921524644,7599.916267807557,385.3528593710531,136.70415011462867,0.0,0.000313942606282,0.4047695903366237,0.1347676961705953,50.8,9.360351304928908e-09,1.0812281671648959e-09,833.8493542606641,0.9078440246424088,0.0002108864358076,0.00148,6.65847e-07,0.0154111111111111,0.0157,6.76e-06,0.0805555555555555,0.023,9e-06,0.0031111111111111,0.0401799999999999,0.0990777777777777,1.0,766510.5563629527,1.9e-06,0.12776,3.4522789758452697,0.0313570916651557,0.1020618941660282,0.2404042093887692,182.4531316573804,2.964115672677895
113,0.0065,0.0095,400000.0,0.000127,1.0,30.0,375.0,0.0041634549109498,9119.899521369069,351.11917342151344,130.48834363034044,0.0,0.0002497232811048,0.3748856912216431,0.1681552823254088,50.8,1.1013676821899797e-08,1.0391799659545332e-09,585.850526715031,0.9585925758315774,0.0002214350537232,0.00148,6.65847e-07,0.0154111111111111,0.0157,6.76e-06,0.0805555555555555,0.023,9e-06,0.0031111111111111,0.0401799999999999,0.0990777777777777,1.0,725822.9096758082,1.9e-06,0.12776,3.443884247306288,0.0324197155308496,0.0387904088962341,0.2465424603551942,68.78413644216506,1.117456075177583
114,0.0065,0.0095,400000.0,0.000127,1.0,30.0,400.0,0.004836719677334,9119.899521369069,385.3528593710531,137.6333262265466,0.0,0.0002633970579934,0.4929404052950623,0.1953473690160402,50.8,1.2360206354668184e-08,1.0049343536124019e-09,383.8710967997728,0.9999240754183144,0.0002681095019663,0.00148,6.65847e-07,0.0154111111111111,0.0157,6.76e-06,0.0805555555555555,0.023,9e-06,0.0031111111111111,0.0401799999999999,0.0990777777777777,1.0,1158261.7653656988,1.9e-06,0.12776,3.345554617925687,0.0448665040600396,0.1296530362790221,0.3116935489705033,210.0243649566028,3.4121757426430017
115,0.0065,0.0095,400000.0,0.000127,1.0,35.0,400.0,0.0066343040540597,10639.88277493058,385.3528593710531,138.6210931547407,0.0,0.0002273892052612,0.537542266511759,0.2679489258569853,50.8,1.895537510811943e-08,1.154966692810168e-09,303.1388378376115,0.9346506503361692,0.0004001778125482,0.00148,6.65847e-07,0.0154111111111111,0.0157,6.76e-06,0.0805555555555555,0.023,9e-06,0.0031111111111111,0.0401799999999999,0.0990777777777777,1.0,1302861.82582661,1.9e-06,0.12776,3.2091697877634,0.0621304066122278,0.1016533406547735,0.3854047909994312,147.03339138172558,2.3886810489951578
116,0.0065,0.0095,450000.0,0.000127,1.0,20.0,325.0,0.0010250367060456,5404.384901552042,319.92671377973846,121.93660933074672,0.0,0.0003937904776042,0.2479351298439545,0.0413995924984526,57.15,2.6368404120912277e-09,4.934521645094022e-10,1264.887,2.411029580239941,6.44665727731314e-05,0.00148,6.65847e-07,0.0154111111111111,0.0157,6.76e-06,0.0805555555555555,0.023,9e-06,0.0031111111111111,0.0401799999999999,0.0990777777777777,1.0,413165.6216849874,1.9e-06,0.12776,3.5764037298500497,0.0156450974873354,0.0385955373455017,0.1363729548373088,78.4455792931853,1.2744143299044015
117,0.0065,0.0095,450000.0,0.000127,1.0,20.0,350.0,0.0012265168141213,5404.384901552042,351.11917342151344,111.09383518284318,0.0,0.0003587740765931,0.2544910281600882,0.049537051695458,57.15,3.0398006282426675e-09,5.326410529306701e-10,1264.887,2.3703023911935146,7.893260380516733e-05,0.00148,6.65847e-07,0.0154111111111111,0.0157,6.76e-06,0.0805555555555555,0.023,9e-06,0.0031111111111111,0.0401799999999999,0.0990777777777777,1.0,373052.4425466624,1.9e-06,0.12776,3.5680580116049927,0.0167015175183553,0.0370139764646299,0.1442530590261174,74.5446102441062,1.2110398108881102
118,0.0065,0.0095,450000.0,0.000127,1.0,20.0,375.0,0.0014440897848633,5404.384901552042,351.11917342151344,124.31866745074096,0.0,0.0004014832600254,0.3014699624465106,0.0583244758669767,57.15,3.4749465697267914e-09,5.749600836048548e-10,1264.887,2.3263221908877147,8.851891621729306e-05,0.00148,6.65847e-07,0.0154111111111111,0.0157,6.76e-06,0.0805555555555555,0.023,9e-06,0.0031111111111111,0.0401799999999999,0.0990777777777777,1.0,342278.915816832,1.9e-06,0.12776,3.5609015587996384,0.0176073976202989,0.0752054865795338,0.150896611846625,150.28486581063956,2.441504050271505
119,0.0065,0.0095,450000.0,0.000127,1.0,20.0,400.0,0.001678217076723,5404.384901552042,385.3528593710531,135.75369209509876,0.0,0.0004384123155472,0.5191304656501181,0.0677805025815198,57.15,3.943201153446032e-09,6.204990125080102e-10,1264.887,2.278995700111211,0.0001077902088285,0.00148,6.65847e-07,0.0154111111111111,0.0157,6.76e-06,0.0805555555555555,0.023,9e-06,0.0031111111111111,0.0401799999999999,0.0990777777777777,1.0,803475.1185838406,1.9e-06,0.12776,3.458846175090128,0.0305258006215028,0.2834099630685982,0.2355320817412887,509.8935596402849,13.76541968511535
120,0.0065,0.0095,450000.0,0.000127,1.0,25.0,375.0,0.0022690348050562,6755.481126940053,351.11917342151344,127.9851001762266,0.0,0.0003306591121484,0.3384805690270657,0.0916426853205319,57.15,6.173227951872741e-09,9.243440261978863e-10,1049.015692659173,1.1213157687558142,0.0001496796421377,0.00148,6.65847e-07,0.0154111111111111,0.0157,6.76e-06,0.0805555555555555,0.023,9e-06,0.0031111111111111,0.0401799999999999,0.0990777777777777,1.0,665547.7097164635,1.9e-06,0.12776,3.4298031408446894,0.0342021340702925,0.0788978837065337,0.2566188227171141,138.03272543169436,2.242457592198559
121,0.0065,0.0095,450000.0,0.000127,1.0,25.0,400.0,0.0026364777500953,6755.481126940053,385.3528593710531,136.7041501146287,0.0,0.0003531854320673,0.4656724503249142,0.1064831179619519,57.15,7.5205187503497e-09,1.0286439309570722e-09,1000.0232999872836,0.9813849216161804,0.0001955703818162,0.00148,6.65847e-07,0.0154111111111111,0.0157,6.76e-06,0.0805555555555555,0.023,9e-06,0.0031111111111111,0.0401799999999999,0.0990777777777777,1.0,932975.5243591316,1.9e-06,0.12776,3.2973006873260724,0.0509745965410035,0.1912493323629623,0.3397120290326743,297.192921825986,4.854351837432757
122,0.0065,0.0095,450000.0,0.000127,1.0,30.0,375.0,0.0032896433864295,8106.577352328062,351.11917342151344,130.48834363034035,0.0,0.000280938691243,0.3642826349297681,0.1328634329484711,57.15,9.266053772859096e-09,1.083626389149261e-09,847.993984071136,0.9049495776117812,0.0002149423240734,0.00148,6.65847e-07,0.0154111111111111,0.0157,6.76e-06,0.0805555555555555,0.023,9e-06,0.0031111111111111,0.0401799999999999,0.0990777777777777,1.0,799192.527859408,1.9e-06,0.12776,3.2636966288455835,0.055228274829673,0.063479201981297,0.3579138594788101,95.92457920528284,1.5583753658366035
123,0.0065,0.0095,450000.0,0.000127,1.0,30.0,400.0,0.00382160567098,8106.577352328062,385.3528593710531,137.63332622654664,0.0,0.0002963216902426,0.5129495536724931,0.1543485384818096,57.15,1.032997834196005e-08,1.056568127545601e-09,688.4052987059929,0.9376065649395736,0.0002580552395333,0.00148,6.65847e-07,0.0154111111111111,0.0157,6.76e-06,0.0805555555555555,0.023,9e-06,0.0031111111111111,0.0401799999999999,0.0990777777777777,1.0,1250490.0447598577,1.9e-06,0.12776,3.194928931991069,0.0639330465834089,0.1906610151906833,0.3922012346968512,272.72620116733685,4.43920030925781
124,0.0065,0.0095,450000.0,0.000127,1.0,35.0,400.0,0.0052419192525903,9457.673577716074,385.3528593710531,138.6210931547408,0.0,0.0002558128559188,0.5216684288677446,0.2117127315413218,57.15,1.3654444010361576e-08,1.0194536976433988e-09,330.63309186245056,0.999019339683482,0.0003304487311129,0.00148,6.65847e-07,0.0154111111111111,0.0157,6.76e-06,0.0805555555555555,0.023,9e-06,0.0031111111111111,0.0401799999999999,0.0990777777777777,1.0,1671411.8242893757,1.9e-06,0.12776,3.1478042153453774,0.0698982005891927,0.1420156973264225,0.4136576172821005,195.9714412913282,3.1837650587499784
125,0.0065,0.0095,450000.0,0.000127,1.0,40.0,400.0,0.006907218846139,10808.769803104084,385.3528593710531,139.7002443789149,0.0,0.0002255787915431,0.5181674867017935,0.2789715176454027,57.15,1.950120469227812e-08,1.1891370985183795e-09,292.2222461544377,0.919336691774138,0.0004629800927494,0.00148,6.65847e-07,0.0154111111111111,0.0157,6.76e-06,0.0805555555555555,0.023,9e-06,0.0031111111111111,0.0401799999999999,0.0990777777777777,1.0,1464280.8033561986,1.9e-06,0.12776,3.4658222154778646,0.0296427575344475,0.0712559690563905,0.2302877117667814,129.0787702773963,2.0969930526685014
126,0.0065,0.0095,500000.0,0.000127,1.0,20.0,375.0,0.0011697127257393,4863.946411396836,351.11917342151344,124.3186674507412,0.0,0.0004460925111393,0.2885464345536503,0.0472428254522511,63.5,2.926192451478699e-09,5.215923737199322e-10,1264.887,2.381784769619049,8.492229920051285e-05,0.00148,6.65847e-07,0.0154111111111111,0.0157,6.76e-06,0.0805555555555555,0.023,9e-06,0.0031111111111111,0.0401799999999999,0.0990777777777777,1.0,638158.9984228773,1.9e-06,0.12776,3.422757768295497,0.0350939533803168,0.073363609101399,0.2615599655561249,127.49732429793524,2.0713011333483218
127,0.0065,0.0095,500000.0,0.000127,1.0,20.0,400.0,0.0013593558321456,4863.946411396836,385.3528593710531,135.75369209509876,0.0,0.0004871247950525,0.4565608652202401,0.054902207091031,63.5,3.3054786642912847e-09,5.584789061314883e-10,1264.887,2.343450312090081,0.0001026281533485,0.00148,6.65847e-07,0.0154111111111111,0.0157,6.76e-06,0.0805555555555555,0.023,9e-06,0.0031111111111111,0.0401799999999999,0.0990777777777777,1.0,567366.1407551714,1.9e-06,0.12776,3.404403626057664,0.0374172625243464,0.2337186581292089,0.274129099793849,399.2619456927404,7.158987968971086
128,0.0065,0.0095,500000.0,0.000127,1.0,25.0,375.0,0.0018379181920955,6079.933014246046,351.11917342151344,127.98510017622654,0.0,0.0003673990134983,0.3496070486534055,0.0742305751096308,63.5,4.5384397683820975e-09,7.273662055477711e-10,1182.1360847426854,1.7915009318193236,0.0001254755490813,0.00148,6.65847e-07,0.0154111111111111,0.0157,6.76e-06,0.0805555555555555,0.023,9e-06,0.0031111111111111,0.0401799999999999,0.0990777777777777,1.0,788014.8286229536,1.9e-06,0.12776,3.259704826428265,0.0557335662749031,0.1074364735437745,0.3600095756286279,161.81931908247094,2.628891676345819
129,0.0065,0.0095,500000.0,0.000127,1.0,25.0,400.0,0.0021355469775772,6079.933014246046,385.3528593710531,136.70415011462848,0.0,0.0003924282578525,0.4047695903366237,0.0862513255491809,63.5,5.683772584449909e-09,8.864530614085602e-10,1066.8140696563669,1.1721510481757744,0.000168863765105,0.00148,6.65847e-07,0.0154111111111111,0.0157,6.76e-06,0.0805555555555555,0.023,9e-06,0.0031111111111111,0.0401799999999999,0.0990777777777777,1.0,1019819.3516501822,1.9e-06,0.12776,3.137384306933674,0.0712171763375096,0.1505782647874427,0.4181989813350346,206.1778060857392,3.349642750835496
130,0.0065,0.0095,500000.0,0.000127,1.0,30.0,325.0,0.0018931663483256,7295.919617095255,319.92671377973846,124.67553501087868,0.0,0.0002982487056911,0.295055429595019,0.0764619597427141,63.5,4.759432393302449e-09,7.68478513276673e-10,1148.9871910046325,1.5979810050659449,0.0001203457596401,0.00148,6.65847e-07,0.0154111111111111,0.0157,6.76e-06,0.0805555555555555,0.023,9e-06,0.0031111111111111,0.0401799999999999,0.0990777777777777,1.0,818233.6399798595,1.9e-06,0.12776,3.2678093917537328,0.0547076719299072,0.0506534698523049,0.3557402344233183,76.80250043326893,1.2477211336388179
131,0.0065,0.0095,500000.0,0.000127,1.0,30.0,375.0,0.0026646111430079,7295.919617095255,351.11917342151344,130.48834363034047,0.0,0.0003121541013811,0.3736431957112333,0.1076193806882616,63.5,7.623674524362428e-09,1.036629688313279e-09,996.2721809322752,0.970671069149242,0.0002011590773179,0.00148,6.65847e-07,0.0154111111111111,0.0157,6.76e-06,0.0805555555555555,0.023,9e-06,0.0031111111111111,0.0401799999999999,0.0990777777777777,1.0,1195576.8391521832,1.9e-06,0.12776,3.199730462065835,0.06332525796635,0.0980838150229715,0.3899265655730808,140.82657344622342,2.2878460134905376
132,0.0065,0.0095,500000.0,0.000127,1.0,30.0,400.0,0.0030955005934938,7295.919617095255,385.3528593710531,137.6333262265467,0.0,0.0003292463224918,0.4722541434190019,0.1250223161702658,63.5,8.877768186987642e-09,1.093501462311937e-09,906.2368219518538,0.8930312162677214,0.0002521011998994,0.00148,6.65847e-07,0.0154111111111111,0.0157,6.76e-06,0.0805555555555555,0.023,9e-06,0.0031111111111111,0.0401799999999999,0.0990777777777777,1.0,1075929.165096087,1.9e-06,0.12776,3.480494881307318,0.0277854580623648,0.179291827248736,0.2190189922112396,329.5384651070928,5.443864402547201
133,0.0065,0.0095,500000.0,0.000127,1.0,35.0,375.0,0.0036557679111473,8511.906219944463,351.11917342151344,132.46261348713543,0.0,0.0002716088125747,0.3617122615397091,0.1476506167025829,63.5,9.998302822294663e-09,1.0650034651994911e-09,738.1566266558004,0.9274258401426978,0.0002547337160229,0.00148,6.65847e-07,0.0154111111111111,0.0157,6.76e-06,0.0805555555555555,0.023,9e-06,0.0031111111111111,0.0401799999999999,0.0990777777777777,1.0,1063813.9455329976,1.9e-06,0.12776,3.478408146698486,0.0280496016837359,0.0461216448371261,0.2206417044270753,84.59546815088451,1.3743244403043657
134,0.0065,0.0095,500000.0,0.000127,1.0,35.0,400.0,0.0042459545945982,8511.906219944463,385.3528593710531,138.6210931547407,0.0,0.0002842365065765,0.5595202638761756,0.1714873125484706,63.5,1.1178676189196437e-08,1.0349836195457621e-09,561.1006216205351,0.9636572039108532,0.0003069644959669,0.00148,6.65847e-07,0.0154111111111111,0.0157,6.76e-06,0.0805555555555555,0.023,9e-06,0.0031111111111111,0.0401799999999999,0.0990777777777777,1.0,1495693.7529951893,1.9e-06,0.12776,3.456574335090268,0.0308133753050294,0.2200929513277049,0.2372245882318524,395.1008533509598,7.026879203049711
135,0.0065,0.0095,500000.0,0.000127,1.0,40.0,400.0,0.0055948472653726,9727.892822793672,385.3528593710531,139.7002443789149,0.0,0.0002506431017146,0.5579660443060696,0.225966929292776,63.5,1.5066156061490536e-08,1.0527517497933776e-09,324.4272056856877,0.983076169634057,0.0004025311280682,0.00148,6.65847e-07,0.0154111111111111,0.0157,6.76e-06,0.0805555555555555,0.023,9e-06,0.0031111111111111,0.0401799999999999,0.0990777777777777,1.0,1704751.6062521006,1.9e-06,0.12776,3.409700043691378,0.0367468299124838,0.1640591150132934,0.2705461884806793,281.6458205418276,4.5887010192101565
136,0.0065,0.0095,550000.0,0.000127,1.0,20.0,400.0,0.0011234345720211,4421.769464906215,385.3528593710531,135.7536920950987,0.0,0.0005358372745577,0.5114819853968979,0.0453737248686207,69.85,2.8336361440423836e-09,5.12591041430982e-10,1264.8870000000002,2.3911394356116378,9.894462683080684e-05,0.00148,6.65847e-07,0.0154111111111111,0.0157,6.76e-06,0.0805555555555555,0.023,9e-06,0.0031111111111111,0.0401799999999999,0.0990777777777777,1.0,555932.439757771,1.9e-06,0.12776,3.408298807496034,0.0369242015827805,0.2981682605282771,0.2714975308182086,511.2079373838116,13.895506032799778
137,0.0065,0.0095,550000.0,0.000127,1.0,25.0,325.0,0.0010786275965276,5527.2118311327695,319.92671377973846,123.43618139719774,0.0,0.0003897747810813,0.2519535699376395,0.0435640428195993,69.85,2.7440221930553995e-09,5.038758606626204e-10,1264.887,2.400196717637892,8.142062891737577e-05,0.00148,6.65847e-07,0.0154111111111111,0.0157,6.76e-06,0.0805555555555555,0.023,9e-06,0.0031111111111111,0.0401799999999999,0.0990777777777777,1.0,634486.2984862392,1.9e-06,0.12776,3.429038991951304,0.0342988617783159,0.04044952711804,0.257157939294842,70.71557604039566,1.1488339338601015
138,0.0065,0.0095,550000.0,0.000127,1.0,25.0,350.0,0.0012903388450499,5527.2118311327695,351.11917342151344,117.1699623900078,0.0,0.0003699879234996,0.2746171681320036,0.0521147214094159,69.85,3.167444690099927e-09,5.450547570564433e-10,1264.887,2.357401405861602,9.990989372628576e-05,0.00148,6.65847e-07,0.0154111111111111,0.0157,6.76e-06,0.0805555555555555,0.023,9e-06,0.0031111111111111,0.0401799999999999,0.0990777777777777,1.0,550569.5093205653,1.9e-06,0.12776,3.406778843689504,0.0371166020646197,0.0545624467225877,0.2725266792034344,93.4148791429932,1.5176031801765026
139,0.0065,0.0095,550000.0,0.000127,1.0,25.0,375.0,0.0015189406546244,5527.2118311327695,351.11917342151344,127.98510017622664,0.0,0.0004041389148481,0.316588250466053,0.0613475827352321,69.85,3.624648309248801e-09,5.89518952027719e-10,1264.887,2.311191836074225,0.0001122209979126,0.00148,6.65847e-07,0.0154111111111111,0.0157,6.76e-06,0.0805555555555555,0.023,9e-06,0.0031111111111111,0.0401799999999999,0.0990777777777777,1.0,840046.0969073467,1.9e-06,0.12776,3.2876876163188427,0.0521914409722984,0.0873006677308209,0.3450235375283325,134.5700479947677,2.1862034788357287
140,0.0065,0.0095,550000.0,0.000127,1.0,25.0,400.0,0.0017649148575018,5527.2118311327695,385.3528593710531,136.70415011462873,0.0,0.0004316710836378,0.4816132186812876,0.0712820872307281,69.85,4.246426430007441e-09,6.730415771465768e-10,1225.938085498884,2.0472126320339354,0.0001413254241634,0.00148,6.65847e-07,0.0154111111111111,0.0157,6.76e-06,0.0805555555555555,0.023,9e-06,0.0031111111111111,0.0401799999999999,0.0990777777777777,1.0,600137.4822385553,1.9e-06,0.12776,3.4938848232340898,0.0260905287045456,0.2423911314505595,0.2084435704035847,451.5478256787573,9.386492816930064
141,0.0065,0.0095,550000.0,0.000127,1.0,30.0,325.0,0.0015646002878724,6632.654197359322,319.92671377973846,124.67553501087842,0.0,0.0003280735762602,0.2889280563671039,0.0631917022667058,69.85,3.715967575744807e-09,5.983999789926221e-10,1264.887,2.3019621978094733,0.0001052593383641,0.00148,6.65847e-07,0.0154111111111111,0.0157,6.76e-06,0.0805555555555555,0.023,9e-06,0.0031111111111111,0.0401799999999999,0.0990777777777777,1.0,516504.581838947,1.9e-06,0.12776,3.3967881184987245,0.0383812508229463,0.0577963541003981,0.2792195697412643,98.04119101119078,1.5927615025778086
142,0.0065,0.0095,550000.0,0.000127,1.0,30.0,350.0,0.0018711671942234,6632.654197359322,351.11917342151344,121.2484420780368,0.0,0.0003190554586756,0.2784828662858033,0.0755734491071738,69.85,4.6714357768937486e-09,7.52108084742234e-10,1162.1866834659377,1.6750383221057985,0.000141890814573,0.00148,6.65847e-07,0.0154111111111111,0.0157,6.76e-06,0.0805555555555555,0.023,9e-06,0.0031111111111111,0.0401799999999999,0.0990777777777777,1.0,596840.4772357533,1.9e-06,0.12776,3.4930506667179744,0.0261961181369652,0.0349694171786293,0.2091107484578705,65.08924231554953,1.0574294163796472
143,0.0065,0.0095,550000.0,0.000127,1.0,30.0,375.0,0.002202157969428,6632.654197359322,351.11917342151344,130.48834363034038,0.0,0.0003433695115192,0.3751930702751277,0.0889416369324476,69.85,5.928012887902834e-09,9.053608134820487e-10,1057.9326040762603,1.146784028222514,0.0001764608418978,0.00148,6.65847e-07,0.0154111111111111,0.0157,6.76e-06,0.0805555555555555,0.023,9e-06,0.0031111111111111,0.0401799999999999,0.0990777777777777,1.0,991984.6487047344,1.9e-06,0.12776,3.4554666561246457,0.0309535878323233,0.1183114333426801,0.238047087232304,212.1582859479925,3.446872342737415
144,0.0065,0.0095,550000.0,0.000127,1.0,30.0,400.0,0.0025582649533006,6632.654197359322,385.3528593710531,137.6333262265467,0.0,0.000362170954741,0.4820839555575607,0.103324228239889,69.85,7.233738495435816e-09,1.006442967877575e-09,1010.451672893243,1.011170179600859,0.0002307120484619,0.00148,6.65847e-07,0.0154111111111111,0.0157,6.76e-06,0.0805555555555555,0.023,9e-06,0.0031111111111111,0.0401799999999999,0.0990777777777777,1.0,1261514.5017463197,1.9e-06,0.12776,3.4048266864981893,0.0373637105698494,0.2108197273176716,0.2738442025394342,360.28501959830265,6.092950315461385
145,0.0065,0.0095,550000.0,0.000127,1.0,35.0,325.0,0.0021478783743299,7738.096563585876,319.92671377973846,125.85779557780076,0.0,0.0002838725136193,0.3037289953999496,0.086749370933788,69.85,5.728987705876512e-09,8.89953369481473e-10,1065.1698834226722,1.1674549645597516,0.0001567545266302,0.00148,6.65847e-07,0.0154111111111111,0.0157,6.76e-06,0.0805555555555555,0.023,9e-06,0.0031111111111111,0.0401799999999999,0.0990777777777777,1.0,1073848.197396194,1.9e-06,0.12776,3.470718202190684,0.029023012380926,0.0490396244661614,0.22656388258784,89.26407993272746,1.4501699603343166
146,0.0065,0.0095,550000.0,0.000127,1.0,35.0,375.0,0.0030212957943366,7738.096563585876,351.11917342151344,132.4626134871354,0.0,0.0002987696938322,0.3458059457476534,0.1220253030599859,69.85,8.72935858867328e-09,1.097275889421067e-09,928.498261699008,0.888475808382395,0.0002498809776204,0.00148,6.65847e-07,0.0154111111111111,0.0157,6.76e-06,0.0805555555555555,0.023,9e-06,0.0031111111111111,0.0401799999999999,0.0990777777777777,1.0,1130567.574856318,1.9e-06,0.12776,3.3773615809218707,0.0408403062124214,0.0558406426876674,0.2918872603721631,93.0589106708027,1.5118201733322347
147,0.0065,0.0095,550000.0,0.000127,1.0,35.0,400.0,0.0035090533839654,7738.096563585876,385.3528593710531,138.62109315474075,0.0,0.0003126601572341,0.5293714287637648,0.1417250516929509,69.85,9.704873767930937e-09,1.072466099624597e-09,782.1709848103598,0.9184190842238455,0.0002990052159993,0.00148,6.65847e-07,0.0154111111111111,0.0157,6.76e-06,0.0805555555555555,0.023,9e-06,0.0031111111111111,0.0401799999999999,0.0990777777777777,1.0,1362615.320538359,1.9e-06,0.12776,3.330422077897202,0.0467820154560504,0.2197063770708137,0.3207327695923308,351.2274695987966,5.888887737021267
148,0.0065,0.0095,550000.0,0.000127,1.0,40.0,375.0,0.0039821747991479,8843.53892981243,351.11917342151344,134.198797588601,0.0,0.0002648499530253,0.3822597284272429,0.1608336686579078,69.85,1.0651116598295936e-08,1.0484007788413391e-09,640.2345602556098,0.9474638501947608,0.0002958084875036,0.00148,6.65847e-07,0.0154111111111111,0.0157,6.76e-06,0.0805555555555555,0.023,9e-06,0.0031111111111111,0.0401799999999999,0.0990777777777777,1.0,1399948.6352041347,1.9e-06,0.12776,3.338523116303092,0.0457565675565706,0.0534860597693349,0.3159234603570179,86.1093776571009,1.3989191719168361
149,0.0065,0.0095,600000.0,0.000127,1.0,25.0,350.0,0.0010842430572989,5066.610845205039,351.11917342151344,117.16996239000784,0.0,0.0004036231892723,0.2468850545839136,0.043790842295412,76.2,2.7552531145978557e-09,5.049680958599275e-10,1264.8870000000002,2.3990616083975964,9.688653955364504e-05,0.00148,6.65847e-07,0.0154111111111111,0.0157,6.76e-06,0.0805555555555555,0.023,9e-06,0.0031111111111111,0.0401799999999999,0.0990777777777777,1.0,564070.2149163001,1.9e-06,0.12776,3.478895010190242,0.0279879733936402,0.0351542122885014,0.220263707062048,64.51047928862877,1.048026924846377
150,0.0065,0.0095,600000.0,0.000127,1.0,25.0,375.0,0.0012763320778441,5066.610845205039,351.11917342151344,127.9851001762266,0.0,0.0004408788161979,0.3601942489865828,0.0515490104927992,76.2,3.139431155688228e-09,5.423303708010691e-10,1264.8870000000002,2.360232733784592,0.0001081697864285,0.00148,6.65847e-07,0.0154111111111111,0.0157,6.76e-06,0.0805555555555555,0.023,9e-06,0.0031111111111111,0.0401799999999999,0.0990777777777777,1.0,481298.9816901215,1.9e-06,0.12776,3.4537342036462446,0.0311728856143994,0.1407052384937836,0.2393299565817924,251.8904651944736,4.094955730801717
151,0.0065,0.0095,600000.0,0.000127,1.0,25.0,400.0,0.0014830187344286,5066.610845205039,385.3528593710531,136.70415011462865,0.0,0.000470913909423,0.4596904936369254,0.0598967538535979,76.2,3.552804468857291e-09,5.825319589400433e-10,1264.887,2.318453093022595,0.0001311295940418,0.00148,6.65847e-07,0.0154111111111111,0.0157,6.76e-06,0.0805555555555555,0.023,9e-06,0.0031111111111111,0.0401799999999999,0.0990777777777777,1.0,822660.034420431,1.9e-06,0.12776,3.407849700114371,0.036981050618434,0.2318537397833273,0.2718019187313809,397.3459440362387,7.097509903451488
152,0.0065,0.0095,600000.0,0.000127,1.0,30.0,325.0,0.0013146988530038,6079.933014246046,319.92671377973846,124.67553501087842,0.0,0.0003578984468293,0.2979910347925578,0.0530985831546625,76.2,3.21616470600779e-09,5.497929004035225e-10,1264.887,2.352477273853794,0.0001014541058006,0.00148,6.65847e-07,0.0154111111111111,0.0157,6.76e-06,0.0805555555555555,0.023,9e-06,0.0031111111111111,0.0401799999999999,0.0990777777777777,1.0,537263.7304170025,1.9e-06,0.12776,3.4712721271278424,0.0289528953002731,0.0769524516378951,0.2261403037584806,140.14894657019607,2.2768373918119775
153,0.0065,0.0095,600000.0,0.000127,1.0,30.0,350.0,0.0015723002118127,6079.933014246046,351.11917342151344,121.248442078037,0.0,0.0003480605003734,0.2900316864517653,0.0635026898747781,76.2,3.731367423625502e-09,5.998976526986392e-10,1264.887,2.300405735184172,0.0001255580349596,0.00148,6.65847e-07,0.0154111111111111,0.0157,6.76e-06,0.0805555555555555,0.023,9e-06,0.0031111111111111,0.0401799999999999,0.0990777777777777,1.0,855768.1256286679,1.9e-06,0.12776,3.416305847039641,0.0359106522734631,0.0585889965769871,0.2660276311075819,101.20475537683532,1.644156263092939
154,0.0065,0.0095,600000.0,0.000127,1.0,30.0,375.0,0.0018504244048666,6079.933014246046,351.11917342151344,130.4883436303404,0.0,0.0003745849216573,0.3663153354623189,0.074735681033515,76.2,4.588464619466482e-09,7.36672566213042e-10,1174.6323570800275,1.747694920097494,0.000152157797805,0.00148,6.65847e-07,0.0154111111111111,0.0157,6.76e-06,0.0805555555555555,0.023,9e-06,0.0031111111111111,0.0401799999999999,0.0990777777777777,1.0,1125007.9778960228,1.9e-06,0.12776,3.36357887015969,0.042584953144343,0.1236396544288039,0.3006080206639119,203.5089804714144,3.3062624930056743
155,0.0065,0.0095,600000.0,0.000127,1.0,35.0,325.0,0.0018048144673189,7093.255183287054,319.92671377973846,125.85779557780086,0.0,0.0003096791057665,0.308396038619994,0.0728935686318636,76.2,4.406024869275699e-09,7.027324328962371e-10,1201.998319608645,1.90745467274331,0.0001341992436523,0.00148,6.65847e-07,0.0154111111111111,0.0157,6.76e-06,0.0805555555555555,0.023,9e-06,0.0031111111111111,0.0401799999999999,0.0990777777777777,1.0,801951.2923833515,1.9e-06,0.12776,3.4023234794625288,0.0376805722199331,0.0675624699881302,0.2755266659810084,115.1948521761872,1.8714371373991343
156,0.007,0.0085,400000.0,0.000127,1.0,20.0,400.0,0.0011750825504191,5242.391221467255,385.3528593710531,137.22460611195592,0.0,0.0004568566309203,0.2850298354287119,0.0511104505469901,50.8,3.164981100838258e-09,5.457966314692724e-10,1281.206,2.973497813258277,7.912309781090465e-05,0.00148,6.65847e-07,0.0154111111111111,0.0157,6.76e-06,0.0805555555555555,0.023,9e-06,0.0031111111111111,0.0401799999999999,0.0990777777777777,1.0,502873.75741838303,1.9e-06,0.12776,3.592004417434456,0.0136703269070309,0.0659793848817217,0.1212466226837855,136.45216101747204,2.2167799904205174
157,0.007,0.0085,400000.0,0.000127,1.0,25.0,400.0,0.0018445818561214,6552.989026834069,385.3528593710531,139.85343431247202,0.0,0.0003724869504555,0.3391301005097506,0.0802304567483747,50.8,4.9931434244859e-09,8.10448097832378e-10,1134.456886327115,2.030898349289064,0.0001201337712028,0.00148,6.65847e-07,0.0154111111111111,0.0157,6.76e-06,0.0805555555555555,0.023,9e-06,0.0031111111111111,0.0401799999999999,0.0990777777777777,1.0,392012.9339012005,1.9e-06,0.12776,3.5723035213092738,0.0161641112266742,0.0909596437613757,0.1402624632962222,184.043205189406,2.9899498605519654
158,0.007,0.0085,450000.0,0.000127,1.0,25.0,400.0,0.001457447392491,5824.879134963618,385.3528593710531,139.85343431247207,0.0,0.0004190478192625,0.3653370522321973,0.0633919658258763,57.15,3.729710784982085e-09,6.0071800507647e-10,1281.206,2.916420584081861,0.0001026773266685,0.00148,6.65847e-07,0.0154111111111111,0.0157,6.76e-06,0.0805555555555555,0.023,9e-06,0.0031111111111111,0.0401799999999999,0.0990777777777777,1.0,276870.65973286226,1.9e-06,0.12776,3.5430427479554782,0.0198680065879141,0.134005086406321,0.1670341382325172,262.6961054793626,4.2728031446879395
159,0.007,0.0085,450000.0,0.000127,1.0,30.0,400.0,0.0021105534390868,6989.85496195634,385.3528593710531,141.7009326058979,0.0,0.0003538196200894,0.3141538246962879,0.0917989439437694,57.15,6.020178609985044e-09,9.574817621962603e-10,1026.4655414550894,1.4444076708154896,0.0001610019827143,0.00148,6.65847e-07,0.0154111111111111,0.0157,6.76e-06,0.0805555555555555,0.023,9e-06,0.0031111111111111,0.0401799999999999,0.0990777777777777,1.0,615214.8004767766,1.9e-06,0.12776,3.41752925756967,0.0357557901810544,0.0544148807525183,0.2651846325981044,94.10247815783438,1.5287738037558039
160,0.007,0.0085,500000.0,0.000127,1.0,25.0,375.0,0.0010009730349191,5242.391221467256,351.11917342151344,134.1336771662829,0.0,0.0004465661194403,0.2538201246813054,0.0435375223484157,63.5,2.816762069838314e-09,5.119314601569507e-10,1281.206,3.008692310721442,8.228397901894214e-05,0.00148,6.65847e-07,0.0154111111111111,0.0157,6.76e-06,0.0805555555555555,0.023,9e-06,0.0031111111111111,0.0401799999999999,0.0990777777777777,1.0,647291.738727356,1.9e-06,0.12776,3.424975066292532,0.0348132827477808,0.0423426023328896,0.2600120023781224,73.74071937157221,1.1979799283954629
161,0.007,0.0085,500000.0,0.000127,1.0,25.0,400.0,0.0011805323879177,5242.391221467256,385.3528593710531,139.85343431247207,0.0,0.0004656086880694,0.3279735695512206,0.0513474923189598,63.5,3.175880775835489e-09,5.468566521119409e-10,1281.206,2.972396183106307,9.919686543503688e-05,0.00148,6.65847e-07,0.0154111111111111,0.0157,6.76e-06,0.0805555555555555,0.023,9e-06,0.0031111111111111,0.0401799999999999,0.0990777777777777,1.0,582873.4478281141,1.9e-06,0.12776,3.408608693053605,0.0368849755628348,0.1086860772322606,0.2712873537536489,186.3954767707872,3.028168259173252
162,0.007,0.0085,500000.0,0.000127,1.0,30.0,400.0,0.0017095482856603,6290.869465760706,385.3528593710531,141.7009326058979,0.0,0.0003931329112104,0.2989614547479886,0.0743571445944532,63.5,4.4530091426413275e-09,7.099643517429937e-10,1215.4770286038008,2.503885837886129,0.0001344838273909,0.00148,6.65847e-07,0.0154111111111111,0.0157,6.76e-06,0.0805555555555555,0.023,9e-06,0.0031111111111111,0.0401799999999999,0.0990777777777777,1.0,510235.064346962,1.9e-06,0.12776,3.39007106565762,0.0392315106762506,0.0566643101535352,0.2836505856892652,95.5299751156418,1.551964690932915
163,0.007,0.0085,500000.0,0.000127,1.0,35.0,400.0,0.002342278703446,7339.347710054157,385.3528593710531,143.22293927936323,0.0,0.0003405904657418,0.3245248415981896,0.1018778806621256,63.5,6.869837912635433e-09,1.023257750902166e-09,995.5688395405298,1.356161283224672,0.0002013033657431,0.00148,6.65847e-07,0.0154111111111111,0.0157,6.76e-06,0.0805555555555555,0.023,9e-06,0.0031111111111111,0.0401799999999999,0.0990777777777777,1.0,1194624.3196215043,1.9e-06,0.12776,3.1995109367006025,0.0633530459872655,0.0547069609360638,0.3900309345158894,78.53360768602799,1.275844425089981
164,0.007,0.0085,550000.0,0.000127,1.0,30.0,400.0,0.0014128498228597,5718.972241600641,385.3528593710531,141.7009326058979,0.0,0.0004324462023315,0.3084587667844417,0.0614521856152506,69.85,3.640515645719557e-09,5.92043554795341e-10,1281.206,2.9254355368071243,0.0001228566007004,0.00148,6.65847e-07,0.0154111111111111,0.0157,6.76e-06,0.0805555555555555,0.023,9e-06,0.0031111111111111,0.0401799999999999,0.0990777777777777,1.0,771769.6785125355,1.9e-06,0.12776,3.269149259746853,0.0545380683864743,0.0790665811691909,0.3550289227854797,120.0157790773956,1.9497571447843947
165,0.007,0.0085,550000.0,0.000127,1.0,35.0,400.0,0.0019357675235091,6672.134281867415,385.3528593710531,143.2229392793632,0.0,0.000374649512316,0.3041110980912667,0.0841965955885335,69.85,5.35788609403645e-09,8.783029091765471e-10,1079.7454858945323,1.711498664703691,0.000176824070432,0.00148,6.65847e-07,0.0154111111111111,0.0157,6.76e-06,0.0805555555555555,0.023,9e-06,0.0031111111111111,0.0401799999999999,0.0990777777777777,1.0,990319.5459177936,1.9e-06,0.12776,3.4551366239586465,0.0309953640558675,0.051974502502733,0.2382918073548845,93.17172072632628,1.513652867444662
166,0.007,0.0085,600000.0,0.000127,1.0,30.0,400.0,0.0011871863094863,5242.391221467255,385.3528593710531,141.7009326058979,0.0,0.0004717594934525,0.2973079587053377,0.0516369059683703,76.2,3.1891886189726846e-09,5.48150873126641e-10,1281.206,2.9710511594004307,0.0001194655129921,0.00148,6.65847e-07,0.0154111111111111,0.0157,6.76e-06,0.0805555555555555,0.023,9e-06,0.0031111111111111,0.0401799999999999,0.0990777777777777,1.0,887644.227679344,1.9e-06,0.12776,3.424032864922621,0.034932548743972,0.0777310527369672,0.2606705740568621,135.25012959781503,2.197251977217136
167,0.007,0.0085,600000.0,0.000127,1.0,35.0,400.0,0.0016265824329486,6116.123091711797,385.3528593710531,143.22293927936326,0.0,0.0004087085588902,0.3294965474320613,0.0707485282375872,76.2,4.1211457317945185e-09,6.482262250719604e-10,1265.256540230822,2.7944936488135164,0.0001498101402887,0.00148,6.65847e-07,0.0154111111111111,0.0157,6.76e-06,0.0805555555555555,0.023,9e-06,0.0031111111111111,0.0401799999999999,0.0990777777777777,1.0,1139200.2787935075,1.9e-06,0.12776,3.366858853619976,0.04216976536456,0.0908080191944739,0.2985522043527851,149.9079640056231,2.4353809542023543
168,0.007,0.009,400000.0,0.000127,1.0,20.0,375.0,0.0013222957244063,5242.391221467255,351.11917342151344,133.1056891335236,0.0,0.0004431436782136,0.2749640856302168,0.0575135169921989,50.8,3.4594074488126953e-09,5.744303298756562e-10,1281.206,2.943740142268501,7.841480190392966e-05,0.00148,6.65847e-07,0.0154111111111111,0.0157,6.76e-06,0.0805555555555555,0.023,9e-06,0.0031111111111111,0.0401799999999999,0.0990777777777777,1.0,504587.18098241766,1.9e-06,0.12776,3.592262897774332,0.0136376078766668,0.0495105686380178,0.1209915380893617,102.42267606894664,1.6639424077905662
169,0.007,0.009,400000.0,0.000127,1.0,20.0,400.0,0.0015479608490795,5242.391221467255,385.3528593710531,135.31439072573525,0.0,0.0004504970239197,0.3749776885544394,0.067328866722885,50.8,3.910737698159108e-09,6.183233249502182e-10,1281.206,2.898124193967059,9.51625700150446e-05,0.00148,6.65847e-07,0.0154111111111111,0.0157,6.76e-06,0.0805555555555555,0.023,9e-06,0.0031111111111111,0.0401799999999999,0.0990777777777777,1.0,462820.4803449514,1.9e-06,0.12776,3.585601111257076,0.0144808719927751,0.1397088218315542,0.1275188814065156,286.86992240985336,4.677136358624895
170,0.007,0.009,400000.0,0.000127,1.0,25.0,375.0,0.0020766875064042,6552.989026834069,351.11917342151344,135.25854829460295,0.0,0.0003602488878802,0.3094776822815016,0.0903259384285527,50.8,5.896003523482133e-09,9.478688043178586e-10,1030.9809991461043,1.457304608186124,0.0001285548413788,0.00148,6.65847e-07,0.0154111111111111,0.0157,6.76e-06,0.0805555555555555,0.023,9e-06,0.0031111111111111,0.0401799999999999,0.0990777777777777,1.0,362967.65729221934,1.9e-06,0.12776,3.565962889988325,0.0169667227862879,0.0512117438529488,0.1462087621887865,102.90261387750604,1.6717394006388164
171,0.007,0.009,400000.0,0.000127,1.0,25.0,400.0,0.0024306358139081,6552.989026834069,385.3528593710531,138.1963547852081,0.0,0.0003680734692793,0.4489745133177643,0.105720990853099,50.8,7.1938139843299865e-09,1.048338211230549e-09,983.7878914789096,1.3225128338947745,0.0001678791004734,0.00148,6.65847e-07,0.0154111111111111,0.0157,6.76e-06,0.0805555555555555,0.023,9e-06,0.0031111111111111,0.0401799999999999,0.0990777777777777,1.0,902229.5085116334,1.9e-06,0.12776,3.4768560541729023,0.0282460690920377,0.1753135224646652,0.2218442953653326,321.0606421531458,5.282682447332229
172,0.007,0.009,400000.0,0.000127,1.0,30.0,375.0,0.003009066839704,7863.586832200882,351.11917342151344,136.84986681254895,0.0,0.0003037393504722,0.3457410487192403,0.1308799640062957,50.8,9.314727745581528e-09,1.212527786006128e-09,906.6637547061264,1.1022328025477697,0.0001942760446119,0.00148,6.65847e-07,0.0154111111111111,0.0157,6.76e-06,0.0805555555555555,0.023,9e-06,0.0031111111111111,0.0401799999999999,0.0990777777777777,1.0,822999.8220416079,1.9e-06,0.12776,3.463106734521956,0.0299864893010182,0.0469210847129445,0.2323376561129113,84.77024332299983,1.3771638097865238
173,0.007,0.009,400000.0,0.000127,1.0,30.0,400.0,0.0035211177468853,7863.586832200882,385.3528593710531,140.20901825787266,0.0,0.0003111950133961,0.383479122467463,0.1531517206243297,50.8,1.0657051493770793e-08,1.2503911458046744e-09,784.8706759343811,1.0492343114420457,0.0002396480626348,0.00148,6.65847e-07,0.0154111111111111,0.0157,6.76e-06,0.0805555555555555,0.023,9e-06,0.0031111111111111,0.0401799999999999,0.0990777777777777,1.0,634677.5876492566,1.9e-06,0.12776,3.4230145617250938,0.0350614478828995,0.0623874018431332,0.2613810219211498,108.44824052126457,1.7618327638078433
174,0.007,0.009,450000.0,0.000127,1.0,20.0,375.0,0.0010447768686667,4659.903307970893,351.11917342151344,133.10568913352367,0.0,0.0004985366379903,0.2495276618987632,0.0454427788580337,57.15,2.904369737333487e-09,5.20451524840025e-10,1281.206,2.9998378037677047,7.598581798620252e-05,0.00148,6.65847e-07,0.0154111111111111,0.0157,6.76e-06,0.0805555555555555,0.023,9e-06,0.0031111111111111,0.0401799999999999,0.0990777777777777,1.0,381692.7565091221,1.9e-06,0.12776,3.5699443935762845,0.0164627349903437,0.0361448830407293,0.1424845242238355,72.94473299139614,1.185048461020943
175,0.007,0.009,450000.0,0.000127,1.0,20.0,400.0,0.0012230801770505,4659.903307970893,385.3528593710531,135.31439072573534,0.0,0.0005068091519097,0.3840502355790035,0.0531981169168474,57.15,3.260976354101024e-09,5.551324098372094e-10,1281.206,2.96379557301101,9.13359213966584e-05,0.00148,6.65847e-07,0.0154111111111111,0.0157,6.76e-06,0.0805555555555555,0.023,9e-06,0.0031111111111111,0.0401799999999999,0.0990777777777777,1.0,332095.04181178566,1.9e-06,0.12776,3.5583715690851525,0.0179276494828921,0.1629121186621559,0.1532206659350264,324.6600047096322,5.350399782847337
176,0.007,0.009,450000.0,0.000127,1.0,25.0,375.0,0.0016408395112329,5824.879134963618,351.11917342151344,135.25854829460303,0.0,0.0004052799988653,0.3034698904474099,0.0713686427089799,57.15,4.178174044931847e-09,6.58835473049385e-10,1256.7022932602229,2.744554810423855,0.0001043499278567,0.00148,6.65847e-07,0.0154111111111111,0.0157,6.76e-06,0.0805555555555555,0.023,9e-06,0.0031111111111111,0.0401799999999999,0.0990777777777777,1.0,262026.16921187704,1.9e-06,0.12776,3.53840338602844,0.0204552675913367,0.0641612477384299,0.1711264657247835,125.1601925320666,2.0333324636561056
177,0.007,0.009,450000.0,0.000127,1.0,25.0,400.0,0.001920502371483,5824.879134963618,385.3528593710531,138.1963547852079,0.0,0.0004140826529392,0.4102115313048922,0.0835326347481275,57.15,5.296825485932018e-09,8.669435142129915e-10,1088.9045771101974,1.7649685233116206,0.0001430804006892,0.00148,6.65847e-07,0.0154111111111111,0.0157,6.76e-06,0.0805555555555555,0.023,9e-06,0.0031111111111111,0.0401799999999999,0.0990777777777777,1.0,690847.5985508937,1.9e-06,0.12776,3.4356079485772018,0.0334673482813668,0.1587388965567645,0.2524977664318867,279.2550273286012,4.548459714046116
178,0.007,0.009,450000.0,0.000127,1.0,30.0,375.0,0.0023775342930994,6989.85496195634,351.11917342151344,136.849866812549,0.0,0.0003417067692812,0.3395745485162422,0.1034113295852213,57.15,6.999108408031491e-09,1.033265167543936e-09,990.8680942534004,1.3427351320542054,0.0001684826126692,0.00148,6.65847e-07,0.0154111111111111,0.0157,6.76e-06,0.0805555555555555,0.023,9e-06,0.0031111111111111,0.0401799999999999,0.0990777777777777,1.0,572262.0187310975,1.9e-06,0.12776,3.4062268156335063,0.0371864790337333,0.0682232189310209,0.2728997310363785,116.74321801763716,1.8965916411819048
179,0.007,0.009,450000.0,0.000127,1.0,30.0,400.0,0.0027821177259341,6989.85496195634,385.3528593710531,140.20901825787254,0.0,0.0003500943900706,0.3948975321762198,0.1210087669130506,57.15,8.482580995091845e-09,1.148107523565492e-09,936.9236365421148,1.188660320550674,0.0002194562441678,0.00148,6.65847e-07,0.0154111111111111,0.0157,6.76e-06,0.0805555555555555,0.023,9e-06,0.0031111111111111,0.0401799999999999,0.0990777777777777,1.0,1183930.0448006757,1.9e-06,0.12776,3.1720917338742347,0.0668238311551601,0.1059487652631692,0.4027919414703944,148.9109751523041,2.4191840097149995
180,0.007,0.009,500000.0,0.000127,1.0,25.0,375.0,0.0013290800040987,5242.391221467256,351.11917342151344,135.25854829460303,0.0,0.0004503111098503,0.3066066619035552,0.0578086005942737,63.5,3.4729760081973993e-09,5.757499061972177e-10,1281.206,2.942368767971489,9.83507600414857e-05,0.00148,6.65847e-07,0.0154111111111111,0.0157,6.76e-06,0.0805555555555555,0.023,9e-06,0.0031111111111111,0.0401799999999999,0.0990777777777777,1.0,586522.9286419536,1.9e-06,0.12776,3.409582741882226,0.0367616782427562,0.0808580613092813,0.2706259235696527,138.79658997813388,2.2548672164722565
181,0.007,0.009,500000.0,0.000127,1.0,25.0,400.0,0.0015556069209012,5242.391221467256,385.3528593710531,138.1963547852079,0.0,0.0004600918365991,0.4268881321898679,0.0676614341459833,63.5,3.926029841802467e-09,6.198105241498942e-10,1281.206,2.8965786170090246,0.0001193643864964,0.00148,6.65847e-07,0.0154111111111111,0.0157,6.76e-06,0.0805555555555555,0.023,9e-06,0.0031111111111111,0.0401799999999999,0.0990777777777777,1.0,426854.6153042568,1.9e-06,0.12776,3.3609015915532576,0.0429238491704737,0.1912866980438844,0.3022771646561215,314.103558109226,5.1544406358679
182,0.007,0.009,500000.0,0.000127,1.0,30.0,375.0,0.0019258027774105,6290.869465760706,351.11917342151344,136.84986681254898,0.0,0.0003796741880902,0.3282759224968152,0.0837631769640292,63.5,5.3180271096423745e-09,8.708877529795417e-10,1085.724333553644,1.7464025794528169,0.0001460945480422,0.00148,6.65847e-07,0.0154111111111111,0.0157,6.76e-06,0.0805555555555555,0.023,9e-06,0.0031111111111111,0.0401799999999999,0.0990777777777777,1.0,873180.4818859348,1.9e-06,0.12776,3.2863106052718662,0.0523657461681182,0.0765727455327859,0.3457773881887889,117.89758744691376,1.9153453422940325
183,0.007,0.009,500000.0,0.000127,1.0,30.0,400.0,0.0022535153580066,6290.869465760706,385.3528593710531,140.20901825787263,0.0,0.0003889937667452,0.3915304352778379,0.098017101199571,63.5,6.5443723126910675e-09,9.98061979421382e-10,1007.4039522657796,1.3899644363127124,0.000192718375589,0.00148,6.65847e-07,0.0154111111111111,0.0157,6.76e-06,0.0805555555555555,0.023,9e-06,0.0031111111111111,0.0401799999999999,0.0990777777777777,1.0,831113.4086974679,1.9e-06,0.12776,3.287604277990611,0.0522019901277707,0.1255733340782668,0.3450692108436013,193.55214181368885,3.144452341720626
184,0.007,0.009,500000.0,0.000127,1.0,35.0,400.0,0.0030888762469216,7339.347710054157,385.3528593710531,141.85234810167896,0.0,0.0003373311394782,0.3685613275983096,0.1343512901351053,63.5,9.607362238712614e-09,1.2351819522761923e-09,896.0225004104504,1.0718395180598177,0.0002735025561204,0.00148,6.65847e-07,0.0154111111111111,0.0157,6.76e-06,0.0805555555555555,0.023,9e-06,0.0031111111111111,0.0401799999999999,0.0990777777777777,1.0,961886.3570767856,1.9e-06,0.12776,3.4592488255378124,0.0304748322104034,0.0662700374632042,0.2352313258156948,119.27583212335618,1.9377360848905287
185,0.007,0.009,550000.0,0.000127,1.0,25.0,375.0,0.0010984132265278,4765.810201333868,351.11917342151344,135.25854829460306,0.0,0.0004953422208353,0.2964767428515045,0.0477757029704741,69.85,3.011642453055698e-09,5.308840646257994e-10,1281.206,2.9889957503896607,9.576043620925144e-05,0.00148,6.65847e-07,0.0154111111111111,0.0157,6.76e-06,0.0805555555555555,0.023,9e-06,0.0031111111111111,0.0401799999999999,0.0990777777777777,1.0,572514.3637110671,1.9e-06,0.12776,3.4129107660084594,0.0363404093660178,0.0807610398810304,0.2683569329386259,139.06130879452843,2.259167797169973
186,0.007,0.009,550000.0,0.000127,1.0,25.0,400.0,0.0012856255544638,4765.810201333868,385.3528593710531,138.19635478520811,0.0,0.000506101020259,0.444337938066023,0.0559185406165151,69.85,3.3860671089276594e-09,5.672977984709873e-10,1281.206,2.9511526504206818,0.0001153318281802,0.00148,6.65847e-07,0.0154111111111111,0.0157,6.76e-06,0.0805555555555555,0.023,9e-06,0.0031111111111111,0.0401799999999999,0.0990777777777777,1.0,822167.2259578935,1.9e-06,0.12776,3.2829704752002176,0.0527885474430104,0.2204793974495078,0.3475987673124029,338.5228081682506,5.621780443138954
187,0.007,0.009,550000.0,0.000127,1.0,30.0,375.0,0.0015915725433145,5718.972241600641,351.11917342151344,136.84986681254895,0.0,0.0004176416068993,0.3499052590603062,0.0692257660859745,69.85,3.997961086629079e-09,6.268060175373946e-10,1281.206,2.8893085260944,0.0001223281255352,0.00148,6.65847e-07,0.0154111111111111,0.0157,6.76e-06,0.0805555555555555,0.023,9e-06,0.0031111111111111,0.0401799999999999,0.0990777777777777,1.0,775777.9238236622,1.9e-06,0.12776,3.270277602477178,0.0543952401927622,0.1127394929743315,0.3544286866320943,171.2874128215892,2.7827110121849614
188,0.007,0.009,550000.0,0.000127,1.0,30.0,400.0,0.0018624093867823,5718.972241600641,385.3528593710531,140.20901825787232,0.0,0.0004278931434197,0.3822025103731234,0.0810058687599759,69.85,5.064453547129423e-09,8.23714258670835e-10,1123.7603679305864,1.9684531445419704,0.0001674603500732,0.00148,6.65847e-07,0.0154111111111111,0.0157,6.76e-06,0.0805555555555555,0.023,9e-06,0.0031111111111111,0.0401799999999999,0.0990777777777777,1.0,1031193.1256552916,1.9e-06,0.12776,3.4630029548070764,0.0299996259737878,0.1332566416131475,0.2324157838774626,240.7243640734489,3.9121834720036475
189,0.007,0.009,550000.0,0.000127,1.0,35.0,375.0,0.0021821434177953,6672.134281867415,351.11917342151344,138.23092545838242,0.0,0.0003615911604003,0.3095373515593804,0.0949127643856935,69.85,6.282675198583058e-09,9.778028162859444e-10,1016.920210960616,1.4171445364904374,0.0001869845922706,0.00148,6.65847e-07,0.0154111111111111,0.0157,6.76e-06,0.0805555555555555,0.023,9e-06,0.0031111111111111,0.0401799999999999,0.0990777777777777,1.0,940176.0416561228,1.9e-06,0.12776,3.4447917529222627,0.0323048414022452,0.0466845871736867,0.2458836762721296,82.8546740231119,1.3460437774316323
190,0.007,0.009,550000.0,0.000127,1.0,35.0,400.0,0.002552790286712,6672.134281867415,385.3528593710531,141.85234810167884,0.0,0.000371064253426,0.3745975513222889,0.1110341240785993,69.85,7.641713717944302e-09,1.0830121655175135e-09,967.500628438389,1.2759935603800154,0.0002438290313025,0.00148,6.65847e-07,0.0154111111111111,0.0157,6.76e-06,0.0805555555555555,0.023,9e-06,0.0031111111111111,0.0401799999999999,0.0990777777777777,1.0,1179303.2211523792,1.9e-06,0.12776,3.388117818379166,0.0394787571671942,0.0956234272436893,0.2849288716903414,160.92321372848895,2.614333586340806
191,0.007,0.009,600000.0,0.000127,1.0,25.0,400.0,0.0010802825839591,4368.659351222713,385.3528593710531,138.196354785208,0.0,0.0005521102039189,0.4691932951707441,0.0469871070458217,76.2,2.9753811679183807e-09,5.273575639929824e-10,1281.206,2.9926606784784893,0.0001125689707088,0.00148,6.65847e-07,0.0154111111111111,0.0157,6.76e-06,0.0805555555555555,0.023,9e-06,0.0031111111111111,0.0401799999999999,0.0990777777777777,1.0,920134.4223572124,1.9e-06,0.12776,3.4315182420263723,0.0339850326548895,0.2542661881249223,0.2554059435869705,445.56731582133233,9.066946929927973
192,0.007,0.009,600000.0,0.000127,1.0,30.0,375.0,0.0013373630398684,5242.391221467255,351.11917342151344,136.84986681254895,0.0,0.0004556090257083,0.3387834473465113,0.0581688728916869,76.2,3.4895420797369356e-09,5.77360998069616e-10,1281.206,2.940694435120988,0.000118507705146,0.00148,6.65847e-07,0.0154111111111111,0.0157,6.76e-06,0.0805555555555555,0.023,9e-06,0.0031111111111111,0.0401799999999999,0.0990777777777777,1.0,892353.6473057684,1.9e-06,0.12776,3.425141662936469,0.0347921945650039,0.1126745744548242,0.2598954340254631,196.25654932713775,3.188398088029402
193,0.007,0.009,600000.0,0.000127,1.0,30.0,400.0,0.0015649412208379,5242.391221467255,385.3528593710531,140.20901825787251,0.0,0.0004667925200942,0.3714376438261936,0.0680674313885909,76.2,3.944698441675906e-09,6.216260921590861e-10,1281.206,2.8946917816198163,0.0001438396186258,0.00148,6.65847e-07,0.0154111111111111,0.0157,6.76e-06,0.0805555555555555,0.023,9e-06,0.0031111111111111,0.0401799999999999,0.0990777777777777,1.0,705809.5583644694,1.9e-06,0.12776,3.3740054187667043,0.0412651368649741,0.1354302124376027,0.2940307814613664,225.0124113158055,3.656004046342619
194,0.007,0.009,600000.0,0.000127,1.0,35.0,375.0,0.0018336066218975,6116.123091711797,351.11917342151344,138.23092545838242,0.0,0.0003944630840731,0.2957587058541172,0.0797530867407565,76.2,4.949242487590033e-09,8.022809980121895e-10,1141.0420268614948,2.0693417412147213,0.0001636141006183,0.00148,6.65847e-07,0.0154111111111111,0.0157,6.76e-06,0.0805555555555555,0.023,9e-06,0.0031111111111111,0.0401799999999999,0.0990777777777777,1.0,1042251.6229651896,1.9e-06,0.12776,3.343217122133504,0.0451623896033539,0.0480656191133606,0.3131054991361702,77.70155831530866,1.262327084141174
195,0.007,0.0095,400000.0,0.000127,1.0,20.0,325.0,0.0012088577353653,5242.391221467255,319.92671377973846,118.93557185194068,0.0,0.0003959676488962,0.25763163111139,0.0525795089712642,50.8,3.2325314707307594e-09,5.523660738172431e-10,1281.206,2.9666704973732423,6.795661716923064e-05,0.00148,6.65847e-07,0.0154111111111111,0.0157,6.76e-06,0.0805555555555555,0.023,9e-06,0.0031111111111111,0.0401799999999999,0.0990777777777777,1.0,529479.085676837,1.9e-06,0.12776,3.595886999992502,0.0131788607604428,0.0371121221401255,0.1173993888651471,77.08771296032302,1.2523546507193342
196,0.007,0.0095,400000.0,0.000127,1.0,20.0,375.0,0.0017081381145196,5242.391221467255,351.11917342151344,132.53077490115157,0.0,0.000441229638256,0.342714246548083,0.0742958089186568,50.8,4.447368458078758e-09,7.089149884005672e-10,1216.3231312881862,2.508825300747303,9.845496326416456e-05,0.00148,6.65847e-07,0.0154111111111111,0.0157,6.76e-06,0.0805555555555555,0.023,9e-06,0.0031111111111111,0.0401799999999999,0.0990777777777777,1.0,454225.4934876125,1.9e-06,0.12776,3.5841305608446645,0.0146670176145994,0.1004784376294261,0.128946714124402,205.97890515574176,3.34640956116673
197,0.007,0.0095,400000.0,0.000127,1.0,20.0,400.0,0.0019890616808657,5242.391221467255,385.3528593710531,132.49898742095732,0.0,0.0004411238094144,0.4888045738551587,0.0865146356215899,50.8,5.571062723462818e-09,9.179611701377243e-10,1047.7689914805774,1.5248230879644622,0.0001335439689821,0.00148,6.65847e-07,0.0154111111111111,0.0157,6.76e-06,0.0805555555555555,0.023,9e-06,0.0031111111111111,0.0401799999999999,0.0990777777777777,1.0,342849.191752515,1.9e-06,0.12776,3.561213824819059,0.0175678702760685,0.2343499382335687,0.1506088788495461,468.4656034922898,10.405032903660363
198,0.007,0.0095,400000.0,0.000127,1.0,25.0,375.0,0.0026835775796467,6552.989026834069,351.11917342151344,134.30221020611705,0.0,0.0003577017680334,0.3838437624357265,0.1167227435422532,50.8,8.121267125371576e-09,1.120136574574674e-09,950.0623227137608,1.2261867075269757,0.0001713348892861,0.00148,6.65847e-07,0.0154111111111111,0.0157,6.76e-06,0.0805555555555555,0.023,9e-06,0.0031111111111111,0.0401799999999999,0.0990777777777777,1.0,892360.844417907,1.9e-06,0.12776,3.475227426795713,0.0284522244562388,0.0991810188934732,0.2231022030724133,181.3416671136868,2.946057707070925
199,0.007,0.0095,400000.0,0.000127,1.0,25.0,400.0,0.0031243785612114,6552.989026834069,385.3528593710531,135.4787991404889,0.0,0.0003608355060518,0.4166969432419483,0.1358954703956031,50.8,9.737537391108552e-09,1.2452594025283995e-09,891.2888585051436,1.0583194083909282,0.0002215481602594,0.00148,6.65847e-07,0.0154111111111111,0.0157,6.76e-06,0.0805555555555555,0.023,9e-06,0.0031111111111111,0.0401799999999999,0.0990777777777777,1.0,725356.8574074473,1.9e-06,0.12776,3.443785000994084,0.0324322783551792,0.1128614728463451,0.2466144362556591,200.10970703397567,3.2510153759676066
200,0.007,0.0095,400000.0,0.000127,1.0,30.0,400.0,0.0045280543664481,7863.586832200882,385.3528593710531,137.56708642974564,0.0,0.000305331225026,0.4732764497955886,0.196948630279534,50.8,1.267092473289623e-08,1.1991733146506168e-09,482.7896900655657,1.111049814871461,0.0002780625244432,0.00148,6.65847e-07,0.0154111111111111,0.0157,6.76e-06,0.0805555555555555,0.023,9e-06,0.0031111111111111,0.0401799999999999,0.0990777777777777,1.0,1118428.9641691844,1.9e-06,0.12776,3.338008782948105,0.0458216730445437,0.1083878195160545,0.3162308261660091,174.4195436105149,2.8335965358410515
201,0.007,0.0095,450000.0,0.000127,1.0,20.0,375.0,0.0013496399917192,4659.903307970893,351.11917342151344,132.53077490115166,0.0,0.000496383343038,0.3313442385683131,0.0587028613678275,57.15,3.51409598343852e-09,5.797489265893543e-10,1281.206,2.938212772073869,8.942191917200771e-05,0.00148,6.65847e-07,0.0154111111111111,0.0157,6.76e-06,0.0805555555555555,0.023,9e-06,0.0031111111111111,0.0401799999999999,0.0990777777777777,1.0,339089.23722609825,1.9e-06,0.12776,3.560118220073373,0.017706554421092,0.1047013772004854,0.1516175508110103,209.04954100073775,3.396326985483642
202,0.007,0.0095,450000.0,0.000127,1.0,20.0,400.0,0.0015716042910543,4659.903307970893,385.3528593710531,132.49898742095743,0.0,0.0004962642855912,0.5011939748295124,0.0683572429602686,57.15,3.9580245821087684e-09,6.22922092631533e-10,1281.206,2.8933449086062666,0.0001082021980734,0.00148,6.65847e-07,0.0154111111111111,0.0157,6.76e-06,0.0805555555555555,0.023,9e-06,0.0031111111111111,0.0401799999999999,0.0990777777777777,1.0,802295.2868970209,1.9e-06,0.12776,3.4586227828056435,0.0305540781258679,0.2648967318692438,0.2356988404808346,476.48174577589054,10.952684320297074
203,0.007,0.0095,450000.0,0.000127,1.0,25.0,375.0,0.0021203575937949,5824.879134963618,351.11917342151344,134.3022102061171,0.0,0.0004024144890376,0.3448625033830956,0.0922253776136322,57.15,6.056127177248329e-09,9.602647041906895e-10,1025.1583208273337,1.4406740199390091,0.0001480874684381,0.00148,6.65847e-07,0.0154111111111111,0.0157,6.76e-06,0.0805555555555555,0.023,9e-06,0.0031111111111111,0.0401799999999999,0.0990777777777777,1.0,671855.366162597,1.9e-06,0.12776,3.4312723165150665,0.0340161624664472,0.0846971257694632,0.255580099319535,148.38561323345442,2.410649053173311
204,0.007,0.0095,450000.0,0.000127,1.0,25.0,400.0,0.0024686447891053,5824.879134963618,385.3528593710531,135.4787991404893,0.0,0.0004059399443082,0.416480937078643,0.1073741988310939,57.15,7.333180226719528e-09,1.0591271855368435e-09,978.72002811929,1.3080381292636123,0.0001921723838435,0.00148,6.65847e-07,0.0154111111111111,0.0157,6.76e-06,0.0805555555555555,0.023,9e-06,0.0031111111111111,0.0401799999999999,0.0990777777777777,1.0,949969.238183441,1.9e-06,0.12776,3.301237268663733,0.0504762951058565,0.1411667382475489,0.3375120057421062,220.09771864124784,3.576012171981106
205,0.007,0.0095,450000.0,0.000127,1.0,30.0,400.0,0.0035777219685515,6989.85496195634,385.3528593710531,137.5670864297458,0.0,0.0003434976281543,0.5260996711521817,0.1556137325665455,57.15,1.07702599371032e-08,1.2475119720696231e-09,767.8894094345203,1.0527092257420598,0.0002720334629924,0.00148,6.65847e-07,0.0154111111111111,0.0157,6.76e-06,0.0805555555555555,0.023,9e-06,0.0031111111111111,0.0401799999999999,0.0990777777777777,1.0,1139964.2338421147,1.9e-06,0.12776,3.169715912411033,0.0671245680492363,0.2025459385856361,0.4038725669919281,284.1631744475033,4.631224616661841
206,0.007,0.0095,450000.0,0.000127,1.0,35.0,400.0,0.0049064142576635,8154.830788949064,385.3528593710531,139.27622858575234,0.0,0.0002980845122961,0.5061463166399118,0.2134054694199267,57.15,1.3427644515327057e-08,1.1799280387839447e-09,369.2817227009417,1.1342772024732115,0.0003290587874759,0.00148,6.65847e-07,0.0154111111111111,0.0157,6.76e-06,0.0805555555555555,0.023,9e-06,0.0031111111111111,0.0401799999999999,0.0990777777777777,1.0,1091633.2531336818,1.9e-06,0.12776,3.179067533983029,0.0659408184831609,0.1248008472199851,0.3995962877958967,176.34617775092642,2.8648974761575006
207,0.007,0.0095,450000.0,0.000127,1.0,40.0,400.0,0.0064636436445247,9319.806615941789,385.3528593710531,140.834781404645,0.0,0.0002637426652858,0.5122586653542075,0.2811374730473324,57.15,1.9469390578098963e-08,1.31325965057362e-09,315.46929015467697,1.0739037620022396,0.0004650851865126,0.00148,6.65847e-07,0.0154111111111111,0.0157,6.76e-06,0.0805555555555555,0.023,9e-06,0.0031111111111111,0.0401799999999999,0.0990777777777777,1.0,1452336.046363106,1.9e-06,0.12776,3.4641091803071937,0.0298595974294691,0.063181192306875,0.231582172209373,114.2589945579012,1.856233344242671
208,0.007,0.0095,500000.0,0.000127,1.0,20.0,375.0,0.0010932083932926,4193.912977173804,351.11917342151344,132.5307749011517,0.0,0.00055153704782,0.3238063592984308,0.0475493177079403,63.5,3.001232786585201e-09,5.298716985373774e-10,1281.206,2.9900478553798338,8.680008603238098e-05,0.00148,6.65847e-07,0.0154111111111111,0.0157,6.76e-06,0.0805555555555555,0.023,9e-06,0.0031111111111111,0.0401799999999999,0.0990777777777777,1.0,631494.9242757065,1.9e-06,0.12776,3.4211190564325245,0.0353013852617057,0.1083170415904903,0.2626998447023626,187.9517024053613,3.0534534458812734
209,0.007,0.0095,500000.0,0.000127,1.0,20.0,400.0,0.001272999475754,4193.912977173804,385.3528593710531,132.49898742095743,0.0,0.000551404761768,0.4664280413882332,0.0553693667978176,63.5,3.360814951508104e-09,5.648419630315416e-10,1281.206,2.953704885971076,0.0001041682609733,0.00148,6.65847e-07,0.0154111111111111,0.0157,6.76e-06,0.0805555555555555,0.023,9e-06,0.0031111111111111,0.0401799999999999,0.0990777777777777,1.0,559970.8517428072,1.9e-06,0.12776,3.4023598900050382,0.0376759632905015,0.2431186745904156,0.2755022494901286,414.5343362334944,7.69225780343546
210,0.007,0.0095,500000.0,0.000127,1.0,25.0,375.0,0.0017174896509739,5242.391221467256,351.11917342151344,134.30221020611717,0.0,0.0004471272100417,0.3589047305677129,0.074702555867042,63.5,4.4847746038957934e-09,7.158738313861029e-10,1210.7122094156312,2.476069299947512,0.000124058516878,0.00148,6.65847e-07,0.0154111111111111,0.0157,6.76e-06,0.0805555555555555,0.023,9e-06,0.0031111111111111,0.0401799999999999,0.0990777777777777,1.0,796796.8788451286,1.9e-06,0.12776,3.2620873283301903,0.0554319837556721,0.1162621747006706,0.3587603993788552,175.4542634213581,2.8504070168481834
211,0.007,0.0095,500000.0,0.000127,1.0,25.0,400.0,0.0019996022791753,5242.391221467256,385.3528593710531,135.47879914048914,0.0,0.0004510443825647,0.4065146088237432,0.0869731010531861,63.5,5.613225116701254e-09,9.258048404232383e-10,1041.444632494812,1.4879021126414618,0.0001681520409793,0.00148,6.65847e-07,0.0154111111111111,0.0157,6.76e-06,0.0805555555555555,0.023,9e-06,0.0031111111111111,0.0401799999999999,0.0990777777777777,1.0,1026768.1152458563,1.9e-06,0.12776,3.139196885703148,0.0709877359869433,0.151601507770557,0.4174140565920502,207.85892217976408,3.3769709409033215
212,0.007,0.0095,500000.0,0.000127,1.0,30.0,375.0,0.0024896243422991,6290.869465760706,351.11917342151344,135.6932478143091,0.0,0.0003764652819414,0.3571008916787546,0.1082867086931709,63.5,7.410105255096961e-09,1.0650823016427606e-09,975.9227543601106,1.3000486258844883,0.000197079471772,0.00148,6.65847e-07,0.0154111111111111,0.0157,6.76e-06,0.0805555555555555,0.023,9e-06,0.0031111111111111,0.0401799999999999,0.0990777777777777,1.0,784663.5842849937,1.9e-06,0.12776,3.274996113487184,0.053797960318078,0.0808741829855836,0.3519064633025402,123.35386034352176,2.003987079453903
213,0.007,0.0095,500000.0,0.000127,1.0,30.0,400.0,0.0028979547945267,6290.869465760706,385.3528593710531,137.5670864297457,0.0,0.0003816640312825,0.4732764497955886,0.1260471233789018,63.5,8.907316913264913e-09,1.180988261609079e-09,921.478694063094,1.1445468619656576,0.0002550417283532,0.00148,6.65847e-07,0.0154111111111111,0.0157,6.76e-06,0.0805555555555555,0.023,9e-06,0.0031111111111111,0.0401799999999999,0.0990777777777777,1.0,1062372.3164849766,1.9e-06,0.12776,3.4781573314376164,0.0280813504509346,0.1792893264166868,0.2208362926209015,328.76706115310765,5.428948665509621
214,0.007,0.0095,500000.0,0.000127,1.0,35.0,375.0,0.0034150618755278,7339.347710054157,351.11917342151344,136.96782093191013,0.0,0.0003257155184607,0.3927461100675906,0.1485387992884597,63.5,1.0444939751055736e-08,1.255785677701275e-09,816.6874373416398,1.042723576851364,0.0002690099595876,0.00148,6.65847e-07,0.0154111111111111,0.0157,6.76e-06,0.0805555555555555,0.023,9e-06,0.0031111111111111,0.0401799999999999,0.0990777777777777,1.0,989768.5915306116,1.9e-06,0.12776,3.464792397502685,0.0297731142401664,0.0762673107791308,0.2310664192842384,138.01694482317703,2.242201222898225
215,0.007,0.0095,500000.0,0.000127,1.0,35.0,400.0,0.0039741955487074,7339.347710054157,385.3528593710531,139.27622858575242,0.0,0.0003312050136624,0.5173744227550192,0.1728584302301406,63.5,1.1563207097414916e-08,1.2273453434149951e-09,648.9473353877627,1.077048606669968,0.000321166240669,0.00148,6.65847e-07,0.0154111111111111,0.0157,6.76e-06,0.0805555555555555,0.023,9e-06,0.0031111111111111,0.0401799999999999,0.0990777777777777,1.0,1431579.1066765068,1.9e-06,0.12776,3.4470867674501413,0.0320143332341593,0.1765759925248784,0.2442125081900935,314.0772681359222,5.153962093135073
216,0.007,0.0095,500000.0,0.000127,1.0,40.0,375.0,0.0045002198215727,8387.825954347609,351.11917342151344,138.2390445292216,0.0,0.0002876462262066,0.4442134603499492,0.1957379611832717,63.5,1.2615255643145532e-08,1.200589118775701e-09,491.1400535281703,1.109341061439745,0.0003161617609706,0.00148,6.65847e-07,0.0154111111111111,0.0157,6.76e-06,0.0805555555555555,0.023,9e-06,0.0031111111111111,0.0401799999999999,0.0990777777777777,1.0,1454995.3289769124,1.9e-06,0.12776,3.4506323630980646,0.0315655236584728,0.0805354991666774,0.2416160898526875,143.74131506534516,2.3351984620469612
217,0.007,0.0095,500000.0,0.000127,1.0,40.0,400.0,0.005235551352065,8387.825954347609,385.3528593710531,140.83478140464493,0.0,0.0002930474058732,0.5476667470297575,0.2277213531683393,63.5,1.4557021408260162e-08,1.1973915989646323e-09,337.0640650252883,1.1293816032218138,0.0003936890935708,0.00148,6.65847e-07,0.0154111111111111,0.0157,6.76e-06,0.0805555555555555,0.023,9e-06,0.0031111111111111,0.0401799999999999,0.0990777777777777,1.0,1753780.6575975409,1.9e-06,0.12776,3.416915090729974,0.0358335328189906,0.152005393861418,0.2656080699274518,262.7193394522239,4.27318692764597
218,0.007,0.0095,550000.0,0.000127,1.0,20.0,400.0,0.0010520656824413,3812.6481610670944,385.3528593710531,132.49898742095726,0.0,0.0006065452379448,0.4984602746976133,0.0457598072709236,69.85,2.918947364882728e-09,5.218692355632577e-10,1281.206,2.9983644429513028,0.0001015196984108,0.00148,6.65847e-07,0.0154111111111111,0.0157,6.76e-06,0.0805555555555555,0.023,9e-06,0.0031111111111111,0.0401799999999999,0.0990777777777777,1.0,541189.846978102,1.9e-06,0.12776,3.4040864229375454,0.0374574148180322,0.2847604674266897,0.2743425640370888,486.3136902883947,11.687457382146896
219,0.007,0.0095,550000.0,0.000127,1.0,25.0,375.0,0.0014194129346892,4765.810201333868,351.11917342151344,134.30221020611702,0.0,0.0004918399310459,0.3364169278703737,0.0617376494768942,69.85,3.653641869378425e-09,5.933201128617254e-10,1281.206,2.9241088693819224,0.0001130524272473,0.00148,6.65847e-07,0.0154111111111111,0.0157,6.76e-06,0.0805555555555555,0.023,9e-06,0.0031111111111111,0.0401799999999999,0.0990777777777777,1.0,835390.3991207811,1.9e-06,0.12776,3.286468392292074,0.0523457731275855,0.1067392783934793,0.3456910950417524,164.36609675216064,2.670266592649927
220,0.007,0.0095,550000.0,0.000127,1.0,25.0,400.0,0.001652563867087,4765.810201333868,385.3528593710531,135.478799140489,0.0,0.0004961488208212,0.4204615571624702,0.0718785959117239,69.85,4.225071468348138e-09,6.675600234902787e-10,1249.6676797477794,2.7034874401995608,0.0001406478436418,0.00148,6.65847e-07,0.0154111111111111,0.0157,6.76e-06,0.0805555555555555,0.023,9e-06,0.0031111111111111,0.0401799999999999,0.0990777777777777,1.0,604003.291480136,1.9e-06,0.12776,3.494855004769176,0.0259677209152941,0.1806429612507461,0.207666179004434,336.84832087454646,5.587999420221342
221,0.007,0.0095,550000.0,0.000127,1.0,30.0,375.0,0.0020575407787596,5718.972241600641,351.11917342151344,135.69324781430907,0.0,0.0004141118101355,0.3688607120860093,0.0894931476803065,69.85,5.825798855452035e-09,9.42433941853521e-10,1033.5338961653806,1.4645961288301557,0.000174907034435,0.00148,6.65847e-07,0.0154111111111111,0.0157,6.76e-06,0.0805555555555555,0.023,9e-06,0.0031111111111111,0.0401799999999999,0.0990777777777777,1.0,999027.1237691068,1.9e-06,0.12776,3.4568533161831048,0.0307780612426449,0.1114275644057027,0.2370171528274863,200.08409207023476,3.2505990882904805
222,0.007,0.0095,550000.0,0.000127,1.0,30.0,400.0,0.0023950039624188,5718.972241600641,385.3528593710531,137.5670864297456,0.0,0.0004198304344108,0.5007982971941168,0.1041711763461998,69.85,7.063163862202401e-09,1.0382239914124615e-09,988.5388050108218,1.3360822743517835,0.0002270430191721,0.00148,6.65847e-07,0.0154111111111111,0.0157,6.76e-06,0.0805555555555555,0.023,9e-06,0.0031111111111111,0.0401799999999999,0.0990777777777777,1.0,1281346.6878105805,1.9e-06,0.12776,3.4086098020533746,0.0368848351831171,0.228687120847917,0.2712866013668469,392.1964065532094,6.937683621145483
223,0.007,0.0095,550000.0,0.000127,1.0,35.0,375.0,0.0028223651863866,6672.134281867415,351.11917342151344,136.96782093191013,0.0,0.0003582870703067,0.3566888753877039,0.1227593382549252,69.85,8.630155016751104e-09,1.1595318993731427e-09,931.557308481778,1.173333148502942,0.0002490362006397,0.00148,6.65847e-07,0.0154111111111111,0.0157,6.76e-06,0.0805555555555555,0.023,9e-06,0.0031111111111111,0.0401799999999999,0.0990777777777777,1.0,1138088.4019498276,1.9e-06,0.12776,3.379065798625191,0.0406245824525075,0.0659895371327786,0.2907938161212308,110.1419457587025,1.78934842811409
224,0.007,0.0095,550000.0,0.000127,1.0,40.0,325.0,0.0026382819162227,7625.296322134189,319.92671377973846,127.2889780125891,0.0,0.0002913475980427,0.3274017958257357,0.1147525996024917,69.85,7.955183026150079e-09,1.107279249526214e-09,956.1017445036337,1.243436353057665,0.000211407128007,0.00148,6.65847e-07,0.0154111111111111,0.0157,6.76e-06,0.0805555555555555,0.023,9e-06,0.0031111111111111,0.0401799999999999,0.0990777777777777,1.0,1357019.8606276389,1.9e-06,0.12776,3.422244315555031,0.0351589473980973,0.0447091962232438,0.2619174994922781,77.66170472902287,1.261679629154949
225,0.007,0.0095,600000.0,0.000127,1.0,25.0,375.0,0.0011927011465096,4368.659351222713,351.11917342151344,134.3022102061171,0.0,0.0005365526520501,0.3790349040593702,0.0518767749076681,76.2,3.2002182930193742e-09,5.492235365018667e-10,1281.206,2.9699363902445324,0.0001100063823248,0.00148,6.65847e-07,0.0154111111111111,0.0157,6.76e-06,0.0805555555555555,0.023,9e-06,0.0031111111111111,0.0401799999999999,0.0990777777777777,1.0,451576.7021447876,1.9e-06,0.12776,3.4434230038129217,0.0324781007831744,0.1592181291517021,0.2468768491263337,282.2043234950549,4.598121456158243
226,0.007,0.0095,600000.0,0.000127,1.0,25.0,400.0,0.0013886126938717,4368.659351222713,385.3528593710531,135.47879914048906,0.0,0.0005412532590777,0.4346226881585624,0.0603979868424903,76.2,3.592041387743489e-09,5.873293120215233e-10,1281.206,2.9303348300607657,0.0001324614837854,0.00148,6.65847e-07,0.0154111111111111,0.0157,6.76e-06,0.0805555555555555,0.023,9e-06,0.0031111111111111,0.0401799999999999,0.0990777777777777,1.0,813944.8489489785,1.9e-06,0.12776,3.40554690937485,0.0372725431171076,0.2062847013160721,0.2733586754507283,352.770501097334,5.922775321428099
227,0.007,0.0095,600000.0,0.000127,1.0,30.0,375.0,0.0017289057932633,5242.391221467255,351.11917342151344,135.69324781430907,0.0,0.0004517583383297,0.3623927176274974,0.0751991032591465,76.2,4.5304391730532566e-09,7.243690280931693e-10,1203.8625240420115,2.4360815217048586,0.0001503201614554,0.00148,6.65847e-07,0.0154111111111111,0.0157,6.76e-06,0.0805555555555555,0.023,9e-06,0.0031111111111111,0.0401799999999999,0.0990777777777777,1.0,1136171.4070732233,1.9e-06,0.12776,3.3661637876169803,0.0422577484029138,0.1192536143683507,0.29898886391019,196.7440541395741,3.1963201502585994
228,0.007,0.0095,600000.0,0.000127,1.0,40.0,325.0,0.0022168896657149,6989.85496195634,319.92671377973846,127.28897801258913,0.0,0.0003178337433194,0.3130758074643796,0.0964240593882048,76.2,6.410078107621483e-09,9.8766565457874e-10,1012.2873779046732,1.4039123545368803,0.0001900321307775,0.00148,6.65847e-07,0.0154111111111111,0.0157,6.76e-06,0.0805555555555555,0.023,9e-06,0.0031111111111111,0.0401799999999999,0.0990777777777777,1.0,1261514.3428174162,1.9e-06,0.12776,3.290583074732755,0.0518249272490183,0.0487117480761745,0.3434327253432317,75.26933791521999,1.2228136206765976
229,0.0075,0.0085,400000.0,0.000127,1.0,20.0,400.0,0.0011109905667227,4566.705241811475,385.3528593710531,127.90514235100336,0.0,0.0004888351111033,0.2559914654302432,0.0517743823904151,50.8,3.264846133445566e-09,5.56490220180415e-10,1297.525,3.579251866842657,8.1312652768196e-05,0.00148,6.65847e-07,0.0154111111111111,0.0157,6.76e-06,0.0805555555555555,0.023,9e-06,0.0031111111111111,0.0401799999999999,0.0990777777777777,1.0,497551.7824786533,1.9e-06,0.12776,3.591193849870344,0.013772930396159,0.0362770830398279,0.1220455823363627,74.95653048243882,1.217731801172824
230,0.0075,0.0085,400000.0,0.000127,1.0,25.0,400.0,0.0017437561160826,5708.381552264345,385.3528593710531,134.35882635626868,0.0,0.0004108001326754,0.2931067897335657,0.0812625225216859,50.8,5.017889464330794e-09,8.135429324656631e-10,1151.271330350381,2.6468032019524887,0.0001207277315512,0.00148,6.65847e-07,0.0154111111111111,0.0157,6.76e-06,0.0805555555555555,0.023,9e-06,0.0031111111111111,0.0401799999999999,0.0990777777777777,1.0,390099.1611449007,1.9e-06,0.12776,3.5719032550579577,0.0162147778407648,0.0439042672118797,0.1406402846547451,88.79466490938435,1.4425439189714881
231,0.0075,0.0085,450000.0,0.000127,1.0,25.0,375.0,0.0011645441297954,5074.116935346085,351.11917342151344,140.72821706645283,0.0,0.00048405875733,0.2559609743990297,0.0542700855367279,57.15,3.3719532595909147e-09,5.669066559658655e-10,1297.525,3.568426549603146,8.632901593155072e-05,0.00148,6.65847e-07,0.0154111111111111,0.0157,6.76e-06,0.0805555555555555,0.023,9e-06,0.0031111111111111,0.0401799999999999,0.0990777777777777,1.0,349764.03747539764,1.9e-06,0.12776,3.5627081049484155,0.0173787208926056,0.0337508888623016,0.1492292924055198,67.57761993487584,1.0978552010428033
232,0.0075,0.0085,450000.0,0.000127,1.0,25.0,400.0,0.0013777826102381,5074.116935346085,385.3528593710531,134.35882635626902,0.0,0.0004621501492598,0.3087490401011691,0.0642074252023198,57.15,3.798430220476366e-09,6.083826066043773e-10,1297.525,3.525322523166454,0.0001043923821217,0.00148,6.65847e-07,0.0154111111111111,0.0157,6.76e-06,0.0805555555555555,0.023,9e-06,0.0031111111111111,0.0401799999999999,0.0990777777777777,1.0,261548.68834611928,1.9e-06,0.12776,3.538250146023453,0.0204746650603223,0.0766016148988492,0.1712609510459731,149.40353613112856,2.4271860875534124
233,0.0075,0.0085,500000.0,0.000127,1.0,25.0,400.0,0.0011160039142929,4566.705241811475,385.3528593710531,134.35882635626885,0.0,0.0005135001658443,0.2901980514786113,0.052008014413879,63.5,3.2748728285858556e-09,5.57465341349546e-10,1297.525,3.578238468764828,0.0001019104532193,0.00148,6.65847e-07,0.0154111111111111,0.0157,6.76e-06,0.0805555555555555,0.023,9e-06,0.0031111111111111,0.0401799999999999,0.0990777777777777,1.0,570712.9992182296,1.9e-06,0.12776,3.405320340894848,0.0373012226715382,0.0702500370647322,0.273511483062973,120.11035771274535,1.9512936541715378
234,0.0075,0.0085,500000.0,0.000127,1.0,30.0,400.0,0.0016158579875462,5480.04629017377,385.3528593710531,138.61238122805202,0.0,0.0004414638687992,0.2901471021901729,0.07530221393563,63.5,4.506296950184973e-09,7.183689469946735e-10,1228.010207472254,3.094797092702272,0.000136042318652,0.00148,6.65847e-07,0.0154111111111111,0.0157,6.76e-06,0.0805555555555555,0.023,9e-06,0.0031111111111111,0.0401799999999999,0.0990777777777777,1.0,493002.6154782965,1.9e-06,0.12776,3.384769420718248,0.0399026049723736,0.0469048882545428,0.2871096206729235,78.69479493439734,1.2784630473370298
235,0.0075,0.0085,500000.0,0.000127,1.0,40.0,400.0,0.0029124168196147,7306.72838689836,385.3528593710531,144.2066021613106,0.0,0.0003444605954343,0.3511947630503937,0.1357244486276859,63.5,9.388393338587364e-09,1.2632165556370411e-09,875.8694240513686,1.4017778853649177,0.0002689184796987,0.00148,6.65847e-07,0.0154111111111111,0.0157,6.76e-06,0.0805555555555555,0.023,9e-06,0.0031111111111111,0.0401799999999999,0.0990777777777777,1.0,990305.2363148028,1.9e-06,0.12776,3.464896740335529,0.0297599062866419,0.0475303144227077,0.2309875911131854,86.02193025291118,1.3974985153799546
236,0.0075,0.0085,550000.0,0.000127,1.0,30.0,375.0,0.0011290451647417,4981.860263794337,351.11917342151344,141.57618301807082,0.0,0.0004959935456297,0.2622265360253497,0.0526157627672948,69.85,3.300955329483493e-09,5.60001929768093e-10,1297.525,3.575602310399104,0.0001036003400885,0.00148,6.65847e-07,0.0154111111111111,0.0157,6.76e-06,0.0805555555555555,0.023,9e-06,0.0031111111111111,0.0401799999999999,0.0990777777777777,1.0,528061.3328138605,1.9e-06,0.12776,3.400243814896475,0.0379438208991804,0.0416707732580547,0.2769185388694574,70.91268587557197,1.152036148704802
237,0.0075,0.0085,550000.0,0.000127,1.0,30.0,400.0,0.0013354198244183,4981.860263794337,385.3528593710531,138.61238122805227,0.0,0.0004856102556791,0.288403590291621,0.0622332346575455,69.85,3.7137046488367677e-09,6.001428329484978e-10,1297.525,3.533885736692068,0.0001250839026307,0.00148,6.65847e-07,0.0154111111111111,0.0157,6.76e-06,0.0805555555555555,0.023,9e-06,0.0031111111111111,0.0401799999999999,0.0990777777777777,1.0,753688.0221755523,1.9e-06,0.12776,3.2639948910593493,0.0551905201190697,0.0582303556340753,0.3577567191152473,88.01448668912553,1.4298692684336785
238,0.0075,0.0085,550000.0,0.000127,1.0,35.0,400.0,0.0018293522878196,5812.17030776006,385.3528593710531,141.71881102323897,0.0,0.0004255656206537,0.3154654070525848,0.0852514753169735,69.85,5.360274151278787e-09,8.77238382105861e-10,1099.913627308182,2.346982067362436,0.0001769379889597,0.00148,6.65847e-07,0.0154111111111111,0.0157,6.76e-06,0.0805555555555555,0.023,9e-06,0.0031111111111111,0.0401799999999999,0.0990777777777777,1.0,989795.8089707372,1.9e-06,0.12776,3.4550326435108927,0.0310085261378617,0.0622739317356113,0.238368876695664,111.62362380743852,1.8134195326410891
239,0.0075,0.0085,550000.0,0.000127,1.0,40.0,400.0,0.0024069560492683,6642.480351725782,385.3528593710531,144.20660216131049,0.0,0.0003789066549778,0.322839759090879,0.1121689658080048,69.85,7.53503718065071e-09,1.1197398311049923e-09,943.2641934308832,1.594269140797453,0.0002420270583001,0.00148,6.65847e-07,0.0154111111111111,0.0157,6.76e-06,0.0805555555555555,0.023,9e-06,0.0031111111111111,0.0401799999999999,0.0990777777777777,1.0,1192048.31676001,1.9e-06,0.12776,3.390822094577867,0.0391364437243206,0.0427307932828741,0.2831578639230442,72.08910426320438,1.1711480536033363
240,0.0075,0.0085,600000.0,0.000127,1.0,30.0,400.0,0.0011221236024626,4566.705241811477,385.3528593710531,138.61238122805213,0.0,0.000529756642559,0.2939893965852591,0.0522932041219653,76.2,3.28711220492534e-09,5.586556512970017e-10,1297.525,3.577001434998196,0.0001226875145387,0.00148,6.65847e-07,0.0154111111111111,0.0157,6.76e-06,0.0805555555555555,0.023,9e-06,0.0031111111111111,0.0401799999999999,0.0990777777777777,1.0,871237.9723925246,1.9e-06,0.12776,3.420104904455981,0.0354297589296226,0.0737561924632936,0.2634035221884587,127.85958053574116,2.077186290422291
241,0.0075,0.0085,600000.0,0.000127,1.0,35.0,375.0,0.0013000255768304,5327.822782113391,351.11917342151344,142.48692300344294,0.0,0.0004667696447777,0.2669541793284524,0.0605837919314539,76.2,3.6429161536609555e-09,5.93258474821412e-10,1297.525,3.541040329899487,0.0001230701886007,0.00148,6.65847e-07,0.0154111111111111,0.0157,6.76e-06,0.0805555555555555,0.023,9e-06,0.0031111111111111,0.0401799999999999,0.0990777777777777,1.0,869225.8947727504,1.9e-06,0.12776,3.419616082999398,0.0354916350633673,0.0384303873969983,0.2637422153670545,66.59012201448458,1.0818124678277943
242,0.0075,0.0085,600000.0,0.000127,1.0,35.0,400.0,0.0015371640751818,5327.822782113391,385.3528593710531,141.71881102323923,0.0,0.0004642534043495,0.3091705296110207,0.0716349202316236,76.2,4.191521300727321e-09,6.59809737741732e-10,1275.2265548909018,3.370441407297596,0.0001522678522539,0.00148,6.65847e-07,0.0154111111111111,0.0157,6.76e-06,0.0805555555555555,0.023,9e-06,0.0031111111111111,0.0401799999999999,0.0990777777777777,1.0,1124326.2686653845,1.9e-06,0.12776,3.3634198299749047,0.0426050848133032,0.0695956093793971,0.3007073970284481,114.53703193068252,1.8607502949222678
243,0.0075,0.009,400000.0,0.000127,1.0,20.0,375.0,0.0012467904450667,4566.705241811475,351.11917342151344,140.43844109667435,0.0,0.0005367355815005,0.2840053030347153,0.0581029283210028,50.8,3.536445890133592e-09,5.829039755177172e-10,1297.525,3.551801279434198,7.996029175724362e-05,0.00148,6.65847e-07,0.0154111111111111,0.0157,6.76e-06,0.0805555555555555,0.023,9e-06,0.0031111111111111,0.0401799999999999,0.0990777777777777,1.0,500843.4390529766,1.9e-06,0.12776,3.5916965720300875,0.0137092946797357,0.0579623747137123,0.121550230722586,119.83074291768725,1.9467510769208933
244,0.0075,0.009,400000.0,0.000127,1.0,20.0,400.0,0.0014642621399122,4566.705241811475,385.3528593710531,126.13046794148602,0.0,0.0004820525600173,0.2695185714582954,0.0682375442441901,50.8,3.971389279824476e-09,6.252033075236294e-10,1297.525,3.5078415510381404,9.6515123890223e-05,0.00148,6.65847e-07,0.0154111111111111,0.0157,6.76e-06,0.0805555555555555,0.023,9e-06,0.0031111111111111,0.0401799999999999,0.0990777777777777,1.0,459308.3256808876,1.9e-06,0.12776,3.5850045649030227,0.0145563841894908,0.0333410272141052,0.1280986627391478,68.41502158547108,1.1114594942741096
245,0.0075,0.009,400000.0,0.000127,1.0,25.0,375.0,0.0019578519194303,5708.381552264345,351.11917342151344,141.11764517282364,0.0,0.0004314651216595,0.3451648702859871,0.0912398151492946,50.8,5.8742726777215275e-09,9.72859969473004e-10,1022.813848341771,1.896881267734425,0.000128655840085,0.00148,6.65847e-07,0.0154111111111111,0.0157,6.76e-06,0.0805555555555555,0.023,9e-06,0.0031111111111111,0.0401799999999999,0.0990777777777777,1.0,362588.1289808679,1.9e-06,0.12776,3.5658761203436544,0.0169777062856133,0.0859850551366925,0.1462895650526943,172.75821674400947,2.80660606738503
246,0.0075,0.009,400000.0,0.000127,1.0,25.0,400.0,0.0022988907634605,5708.381552264345,385.3528593710531,132.77248879163372,0.0,0.0004059499289359,0.3337998589980659,0.1071329073587874,50.8,7.138797799355266e-09,1.089065139510815e-09,957.6728982052632,1.6354229231564172,0.0001676562072544,0.00148,6.65847e-07,0.0154111111111111,0.0157,6.76e-06,0.0805555555555555,0.023,9e-06,0.0031111111111111,0.0401799999999999,0.0990777777777777,1.0,902861.8324319388,1.9e-06,0.12776,3.476959635045757,0.0282329575891447,0.0587269516392783,0.2217641545135569,107.56075386169177,1.7474147975300849
247,0.0075,0.009,400000.0,0.000127,1.0,30.0,375.0,0.0028364302206723,6850.0578627172135,351.11917342151344,141.88840433719542,0.0,0.0003615180887103,0.3484548677809033,0.1321833211437746,50.8,9.109775809132084e-09,1.241647506238592e-09,886.0009705770151,1.430715355262806,0.0001911915065415,0.00148,6.65847e-07,0.0154111111111111,0.0157,6.76e-06,0.0805555555555555,0.023,9e-06,0.0031111111111111,0.0401799999999999,0.0990777777777777,1.0,832797.8941994312,1.9e-06,0.12776,3.4648939133096954,0.0297602641380132,0.0483315466371285,0.2309897270672948,87.47178377741947,1.4210526037625524
248,0.0075,0.009,400000.0,0.000127,1.0,30.0,400.0,0.0033297024870706,6850.0578627172135,385.3528593710531,137.17304158683763,0.0,0.0003495037952446,0.3677516810677861,0.155170795302467,50.8,1.091844078592576e-08,1.381664483296631e-09,820.231335057245,1.2428657665321268,0.0002474199093588,0.00148,6.65847e-07,0.0154111111111111,0.0157,6.76e-06,0.0805555555555555,0.023,9e-06,0.0031111111111111,0.0401799999999999,0.0990777777777777,1.0,560432.1153623508,1.9e-06,0.12776,3.403580245507099,0.0375214879104938,0.0446408857653189,0.2746829400688019,76.20190776418886,1.23796400123177
249,0.0075,0.009,450000.0,0.000127,1.0,20.0,400.0,0.0011569478636343,4059.293548276868,385.3528593710531,126.13046794148605,0.0,0.0005423091300195,0.2568424497465786,0.0539160843410885,57.15,3.356760727268723e-09,5.654291442162015e-10,1297.525,3.5699620588449505,9.3701361203896e-05,0.00148,6.65847e-07,0.0154111111111111,0.0157,6.76e-06,0.0805555555555555,0.023,9e-06,0.0031111111111111,0.0401799999999999,0.0990777777777777,1.0,322923.3462682165,1.9e-06,0.12776,3.5560191061427635,0.0182254296021818,0.0349863654054899,0.1553702580624877,69.54571018767169,1.1298284803952843
250,0.0075,0.009,450000.0,0.000127,1.0,25.0,375.0,0.0015469447264635,5074.116935346085,351.11917342151344,141.11764517282367,0.0,0.0004853982618669,0.3473519806756243,0.0720907181426525,57.15,4.230643905854046e-09,6.67087901805831e-10,1269.358164121893,3.3361823288271992,0.0001055972855314,0.00148,6.65847e-07,0.0154111111111111,0.0157,6.76e-06,0.0805555555555555,0.023,9e-06,0.0031111111111111,0.0401799999999999,0.0990777777777777,1.0,809718.4083497586,1.9e-06,0.12776,3.460021795225188,0.0303769879461787,0.1073212625329715,0.2346532997553234,193.3076920676812,3.1404802259748426
251,0.0075,0.009,450000.0,0.000127,1.0,25.0,400.0,0.0018164075168083,5074.116935346085,385.3528593710531,132.77248879163344,0.0,0.0004566936700529,0.3413593919618403,0.0846482230983012,57.15,5.308495067233268e-09,8.67605673150224e-10,1107.6804899150095,2.3923242345748355,0.0001434144920213,0.00148,6.65847e-07,0.0154111111111111,0.0157,6.76e-06,0.0805555555555555,0.023,9e-06,0.0031111111111111,0.0401799999999999,0.0990777777777777,1.0,689616.1104991188,1.9e-06,0.12776,3.435330759708884,0.0335024354798881,0.0887711688635389,0.2526955920245591,156.12578349873553,2.5363949035570403
252,0.0075,0.009,450000.0,0.000127,1.0,30.0,375.0,0.0022411300509016,6088.940322415301,351.11917342151344,141.88840433719542,0.0,0.0004067078497991,0.3520265575447001,0.1044411426321182,57.15,6.927008519972683e-09,1.072669568715267e-09,965.374326546448,1.657419550248801,0.0001678735419272,0.00148,6.65847e-07,0.0154111111111111,0.0157,6.76e-06,0.0805555555555555,0.023,9e-06,0.0031111111111111,0.0401799999999999,0.0990777777777777,1.0,576301.7926314212,1.9e-06,0.12776,3.407324313730387,0.0370475552240016,0.0796454149125817,0.2721576829752724,136.42791113507568,2.2163860306421035
253,0.0075,0.009,450000.0,0.000127,1.0,30.0,400.0,0.0026308760391669,6088.940322415301,385.3528593710531,137.17304158683783,0.0,0.0003931917696502,0.3847767129350218,0.1226040851772579,57.15,8.35607714361213e-09,1.183300266637668e-09,913.4081947777408,1.5089951838443134,0.0002175172029821,0.00148,6.65847e-07,0.0154111111111111,0.0157,6.76e-06,0.0805555555555555,0.023,9e-06,0.0031111111111111,0.0401799999999999,0.0990777777777777,1.0,764961.7549562707,1.9e-06,0.12776,3.2542941837640464,0.0564184577513865,0.0942326277577637,0.3628284476430615,141.30672407846666,2.2956464668572107
254,0.0075,0.009,450000.0,0.000127,1.0,35.0,400.0,0.0036054031821615,7103.763709484519,385.3528593710531,140.39797921496591,0.0,0.0003449448912801,0.3817486791941263,0.1680189990950902,57.15,1.1753671364323002e-08,1.4246426671393551e-09,765.9040453515499,1.1844831662185005,0.0002976914789227,0.00148,6.65847e-07,0.0154111111111111,0.0157,6.76e-06,0.0805555555555555,0.023,9e-06,0.0031111111111111,0.0401799999999999,0.0990777777777777,1.0,1382976.4037153574,1.9e-06,0.12776,3.2442303035800726,0.0576923666354338,0.045789680099036,0.3680060820979375,68.10604433528962,1.1064398993040216
255,0.0075,0.009,500000.0,0.000127,1.0,25.0,375.0,0.0012530252284354,4566.705241811475,351.11917342151344,141.11764517282373,0.0,0.0005393314020744,0.3355450591134764,0.0583934816955485,63.5,3.5489154568708876e-09,5.841166720568361e-10,1297.525,3.5505409803240595,0.000100255817057,0.00148,6.65847e-07,0.0154111111111111,0.0157,6.76e-06,0.0805555555555555,0.023,9e-06,0.0031111111111111,0.0401799999999999,0.0990777777777777,1.0,578214.8611477248,1.9e-06,0.12776,3.407356755415053,0.0370434486816389,0.1092115774179277,0.2721357252293278,187.0786521441231,3.0392682782163956
256,0.0075,0.009,500000.0,0.000127,1.0,25.0,400.0,0.0014712900886147,4566.705241811475,385.3528593710531,132.77248879163344,0.0,0.0005074374111699,0.3368341538968549,0.0685650607096239,63.5,3.9854451772294724e-09,6.265702786860094e-10,1297.525,3.5064209214874174,0.0001210220025112,0.00148,6.65847e-07,0.0154111111111111,0.0157,6.76e-06,0.0805555555555555,0.023,9e-06,0.0031111111111111,0.0401799999999999,0.0990777777777777,1.0,814476.8995850441,1.9e-06,0.12776,3.266816109275932,0.0548334038891226,0.1003290931872309,0.3562665382414833,151.9980863306488,2.4693368078683817
257,0.0075,0.009,500000.0,0.000127,1.0,30.0,375.0,0.0018153153412303,5480.04629017377,351.11917342151344,141.88840433719545,0.0,0.0004518976108879,0.3400641932296608,0.0845973255320157,63.5,5.304126364921312e-09,8.66792942707795e-10,1108.3357952618032,2.396149841658881,0.0001457459378579,0.00148,6.65847e-07,0.0154111111111111,0.0157,6.76e-06,0.0805555555555555,0.023,9e-06,0.0031111111111111,0.0401799999999999,0.0990777777777777,1.0,875073.4438099185,1.9e-06,0.12776,3.2867829576269085,0.052305954730771,0.087526867697645,0.3455189924572464,134.81666620315147,2.190209999302904
258,0.0075,0.009,500000.0,0.000127,1.0,30.0,400.0,0.0021310095917252,5480.04629017377,385.3528593710531,137.17304158683774,0.0,0.0004368797440558,0.3814787528440186,0.0993093089935789,63.5,6.52323350299249e-09,1.041411509309844e-09,980.0570544366368,1.699355990580561,0.0001933287587829,0.00148,6.65847e-07,0.0154111111111111,0.0157,6.76e-06,0.0805555555555555,0.023,9e-06,0.0031111111111111,0.0401799999999999,0.0990777777777777,1.0,825575.9582179729,1.9e-06,0.12776,3.28613597514383,0.0523878512476164,0.1142294438504396,0.345872866238408,175.85121581243243,2.8568560854040395
259,0.0075,0.009,500000.0,0.000127,1.0,35.0,400.0,0.0029203765775508,6393.387338536066,385.3528593710531,140.3979792149659,0.0,0.0003832721014223,0.3918307376086875,0.136095389267023,63.5,9.417579117686318e-09,1.2654759594597235e-09,874.8081229932249,1.3987466238151738,0.000269688359261,0.00148,6.65847e-07,0.0154111111111111,0.0157,6.76e-06,0.0805555555555555,0.023,9e-06,0.0031111111111111,0.0401799999999999,0.0990777777777777,1.0,985754.349540491,1.9e-06,0.12776,3.4640091154564288,0.0298722638662748,0.0877953483416645,0.2316576519512326,158.7564669526084,2.5791327538156708
260,0.0075,0.009,500000.0,0.000127,1.0,40.0,400.0,0.0038442049372317,7306.72838689836,385.3528593710531,142.98661534238573,0.0,0.0003415464612701,0.4066873010191233,0.1791476384848734,63.5,1.2231274874463474e-08,1.4124960158677075e-09,694.2635188304789,1.1991431263616772,0.0003421559397747,0.00148,6.65847e-07,0.0154111111111111,0.0157,6.76e-06,0.0805555555555555,0.023,9e-06,0.0031111111111111,0.0401799999999999,0.0990777777777777,1.0,1317862.0525649907,1.9e-06,0.12776,3.4284156037751536,0.0343777716740312,0.0595996625342498,0.2575971686096509,104.13304519112404,1.6917287908923904
261,0.0075,0.009,550000.0,0.000127,1.0,25.0,375.0,0.0010355580400292,4151.550219828614,351.11917342151344,141.11764517282364,0.0,0.0005932645422818,0.3523899275967497,0.048259075781445,69.85,3.1139810800585837e-09,5.418182165758975e-10,1297.525,3.59449979778848,9.856298157278702e-05,0.00148,6.65847e-07,0.0154111111111111,0.0157,6.76e-06,0.0805555555555555,0.023,9e-06,0.0031111111111111,0.0401799999999999,0.0990777777777777,1.0,558005.1186355723,1.9e-06,0.12776,3.4088824963415227,0.0368503169187945,0.1361908518153047,0.2711015482196989,233.62542935588303,3.796331168588322
262,0.0075,0.009,550000.0,0.000127,1.0,25.0,400.0,0.0012159422219956,4151.550219828614,385.3528593710531,132.77248879163363,0.0,0.0005581811522869,0.3202166054813833,0.0566653394294413,69.85,3.474749443991301e-09,5.769038418892641e-10,1297.525,3.5580369392458,0.0001180143527498,0.00148,6.65847e-07,0.0154111111111111,0.0157,6.76e-06,0.0805555555555555,0.023,9e-06,0.0031111111111111,0.0401799999999999,0.0990777777777777,1.0,805588.3886952909,1.9e-06,0.12776,3.27851051965281,0.0533530987781253,0.0956112660519419,0.3500150362158314,146.25729188240675,2.3760726488377153
263,0.0075,0.009,550000.0,0.000127,1.0,30.0,375.0,0.001500260612587,4981.860263794337,351.11917342151344,141.88840433719545,0.0,0.0004970873719767,0.3737001501742269,0.0699151450677816,69.85,4.043907450348194e-09,6.323484319899137e-10,1297.3686324477708,3.499704641866842,0.0001236227078723,0.00148,6.65847e-07,0.0154111111111111,0.0157,6.76e-06,0.0805555555555555,0.023,9e-06,0.0031111111111111,0.0401799999999999,0.0990777777777777,1.0,765782.2904573472,1.9e-06,0.12776,3.267454191914144,0.0547526339349184,0.1358450051064453,0.3559285405617851,205.91257888247577,3.3453314155415925
264,0.0075,0.009,550000.0,0.000127,1.0,30.0,400.0,0.001761164951839,4981.860263794337,385.3528593710531,137.17304158683783,0.0,0.0004805677184614,0.4097328767334259,0.0820738090856024,69.85,5.087524807356115e-09,8.26497526096543e-10,1140.8260288965826,2.5858245765953605,0.0001682256604009,0.00148,6.65847e-07,0.0154111111111111,0.0157,6.76e-06,0.0805555555555555,0.023,9e-06,0.0031111111111111,0.0401799999999999,0.0990777777777777,1.0,1027995.2786808816,1.9e-06,0.12776,3.462404744722142,0.0300753487693491,0.1597190676478234,0.2328658203901467,288.35882556375003,4.702480611275348
265,0.0075,0.009,550000.0,0.000127,1.0,35.0,400.0,0.0024135343616122,5812.17030776006,385.3528593710531,140.39797921496594,0.0,0.0004215993115645,0.3859993106256633,0.1124755283198537,69.85,7.559157659244893e-09,1.121607106991507e-09,942.3870851183676,1.5917639659629534,0.0002427270790898,0.00148,6.65847e-07,0.0154111111111111,0.0157,6.76e-06,0.0805555555555555,0.023,9e-06,0.0031111111111111,0.0401799999999999,0.0990777777777777,1.0,1187170.9440366288,1.9e-06,0.12776,3.389792354249131,0.0392667906013758,0.1055837823058095,0.283833265457589,177.95758710655656,2.8910773327711454
266,0.0075,0.009,600000.0,0.000127,1.0,25.0,400.0,0.0010217292282046,3805.587701509565,385.3528593710531,132.7724887916336,0.0,0.0006089248934039,0.339740240014619,0.0476146254927944,76.2,3.086323456409358e-09,5.391284435319512e-10,1297.525,3.5972951538107063,0.0001162082521891,0.00148,6.65847e-07,0.0154111111111111,0.0157,6.76e-06,0.0805555555555555,0.023,9e-06,0.0031111111111111,0.0401799999999999,0.0990777777777777,1.0,903383.5085212588,1.9e-06,0.12776,3.4277066091174406,0.0344675178332353,0.1241856145218245,0.2580960839955858,216.8323630049209,3.5228886147898035
267,0.0075,0.009,600000.0,0.000127,1.0,30.0,375.0,0.0012606356536321,4566.705241811477,351.11917342151344,141.88840433719545,0.0,0.0005422771330655,0.3441307287335247,0.0587481427305665,76.2,3.564136307264346e-09,5.855969378097259e-10,1297.525,3.549002608974793,0.0001207543997491,0.00148,6.65847e-07,0.0154111111111111,0.0157,6.76e-06,0.0805555555555555,0.023,9e-06,0.0031111111111111,0.0401799999999999,0.0990777777777777,1.0,881190.4563805244,1.9e-06,0.12776,3.42249990253856,0.0351265946153722,0.1174425860029581,0.2617395692032249,204.05176039322112,3.3150846992757477
268,0.0075,0.009,600000.0,0.000127,1.0,30.0,400.0,0.0014798677720314,4566.705241811477,385.3528593710531,137.17304158683783,0.0,0.000524255692867,0.3865100389861829,0.0689647979122076,76.2,4.002600544062815e-09,6.282386809989689e-10,1297.525,3.5046870285615714,0.0001457801725038,0.00148,6.65847e-07,0.0154111111111111,0.0157,6.76e-06,0.0805555555555555,0.023,9e-06,0.0031111111111111,0.0401799999999999,0.0990777777777777,1.0,1162204.5065372938,1.9e-06,0.12776,3.372052235694762,0.0415123752285111,0.1496052410739752,0.2952722814566839,248.12659193741635,4.033254896490342
269,0.0075,0.0095,400000.0,0.000127,1.0,20.0,375.0,0.0016111317515871,4566.705241811475,351.11917342151344,138.89533725432756,0.0,0.0005308380599126,0.3970868419865412,0.0750819618874655,50.8,4.4873920063487e-09,7.148519704943289e-10,1230.845949047695,3.1113518684455386,9.9303687970107e-05,0.00148,6.65847e-07,0.0154111111111111,0.0157,6.76e-06,0.0805555555555555,0.023,9e-06,0.0031111111111111,0.0401799999999999,0.0990777777777777,1.0,451983.7809687381,1.9e-06,0.12776,3.583741022111961,0.0147163263149416,0.1540648800990756,0.1293241546411827,315.6932492550991,5.1834581083554925
270,0.0075,0.0095,400000.0,0.000127,1.0,20.0,400.0,0.0018822003976696,4566.705241811475,385.3528593710531,123.78680712401538,0.0,0.0004730954244789,0.3810527790644294,0.0877143029322026,50.8,5.571666590678741e-09,9.165647217215215e-10,1068.2047613981888,2.161868879066487,0.0001335906583339,0.00148,6.65847e-07,0.0154111111111111,0.0157,6.76e-06,0.0805555555555555,0.023,9e-06,0.0031111111111111,0.0401799999999999,0.0990777777777777,1.0,342644.72170806763,1.9e-06,0.12776,3.5611639488604183,0.0175741836885546,0.1253984761322266,0.1506548494139712,250.6580281763139,4.074740661787166
271,0.0075,0.0095,400000.0,0.000127,1.0,25.0,375.0,0.0025308123337988,5708.381552264345,351.11917342151344,139.53168116443095,0.0,0.0004266160600628,0.4324760780433122,0.117940916379692,50.8,7.989176890595631e-09,1.154896850323237e-09,926.7500221601588,1.547101777668292,0.0001696452322287,0.00148,6.65847e-07,0.0154111111111111,0.0157,6.76e-06,0.0805555555555555,0.023,9e-06,0.0031111111111111,0.0401799999999999,0.0990777777777777,1.0,897201.4531716922,1.9e-06,0.12776,3.4760291124195053,0.0283507452633537,0.14659516166362,0.2224835114364676,268.2467031710159,4.3646960999095334
272,0.0075,0.0095,400000.0,0.000127,1.0,25.0,400.0,0.0029560667403128,5708.381552264345,385.3528593710531,130.37807421359813,0.0,0.0003986290416298,0.3859148734489981,0.1377586222320596,50.8,9.548443047813805e-09,1.2756067311269383e-09,870.0494346249526,1.385154977064924,0.0002185122642361,0.00148,6.65847e-07,0.0154111111111111,0.0157,6.76e-06,0.0805555555555555,0.023,9e-06,0.0031111111111111,0.0401799999999999,0.0990777777777777,1.0,737617.8567795759,1.9e-06,0.12776,3.446372229043271,0.0321047811337632,0.0802162512169384,0.2447336094077271,142.58297419108618,2.3163802312736563
273,0.0075,0.0095,400000.0,0.000127,1.0,30.0,375.0,0.0036679533730777,6850.0578627172135,351.11917342151344,140.2969009165428,0.0,0.0003574630901536,0.426800300416738,0.1709339630921683,50.8,1.1878771746155456e-08,1.421461051678401e-09,747.1389880766814,1.188323101588784,0.000243803465688,0.00148,6.65847e-07,0.0154111111111111,0.0157,6.76e-06,0.0805555555555555,0.023,9e-06,0.0031111111111111,0.0401799999999999,0.0990777777777777,1.0,603427.0519315805,1.9e-06,0.12776,3.415123515699905,0.0360603144683665,0.0879263373245695,0.2668404878965234,151.71293304022018,2.464704243728539
274,0.0075,0.0095,400000.0,0.000127,1.0,30.0,400.0,0.0042833212609042,6850.0578627172135,385.3528593710531,134.7669317500622,0.0,0.0003433732574218,0.4450202951077354,0.1996113374006592,50.8,1.3109507521808473e-08,1.3901603640641059e-09,562.5286217287293,1.2261003310998242,0.0002904765561225,0.00148,6.65847e-07,0.0154111111111111,0.0157,6.76e-06,0.0805555555555555,0.023,9e-06,0.0031111111111111,0.0401799999999999,0.0990777777777777,1.0,1063367.3791592722,1.9e-06,0.12776,3.327069228308278,0.0472064267964205,0.0774689577070761,0.3227035135736512,123.4842829071642,2.0061059035840136
275,0.0075,0.0095,400000.0,0.000127,1.0,40.0,400.0,0.0077347368894558,9133.41048362295,385.3528593710531,140.61731837129634,0.0,0.0002687096123955,0.564426501180997,0.3604542085224219,50.8,2.5012338778911723e-08,1.618966826139076e-09,294.17552442176554,1.143990302816719,0.0005280343536056,0.00148,6.65847e-07,0.0154111111111111,0.0157,6.76e-06,0.0805555555555555,0.023,9e-06,0.0031111111111111,0.0401799999999999,0.0990777777777777,1.0,1962296.4117649973,1.9e-06,0.12776,3.533413888899702,0.0210868495063667,0.0360322926585749,0.1754830018030533,69.91923343943299,1.135896679379678
276,0.0075,0.0095,450000.0,0.000127,1.0,20.0,375.0,0.0012729929889083,4059.293548276868,351.11917342151344,138.89533725432747,0.0,0.0005971928174016,0.3873811799935833,0.0593240192691085,57.15,3.5888509778167712e-09,5.880005013076252e-10,1297.525,3.54650469722206,9.111067284623142e-05,0.00148,6.65847e-07,0.0154111111111111,0.0157,6.76e-06,0.0805555555555555,0.023,9e-06,0.0031111111111111,0.0401799999999999,0.0990777777777777,1.0,332936.1108791774,1.9e-06,0.12776,3.5585837420490884,0.017900792145685,0.1601171607244747,0.1530262522220713,319.1633231855409,5.247377916039512
277,0.0075,0.0095,450000.0,0.000127,1.0,20.0,400.0,0.0014871706845785,4059.293548276868,385.3528593710531,123.78680712401538,0.0,0.0005322323525388,0.3831955961727996,0.0693051282427281,57.15,4.017206369157036e-09,6.296591340039442e-10,1297.525,3.5032108178192987,0.0001096887346865,0.00148,6.65847e-07,0.0154111111111111,0.0157,6.76e-06,0.0805555555555555,0.023,9e-06,0.0031111111111111,0.0401799999999999,0.0990777777777777,1.0,798019.491931922,1.9e-06,0.12776,3.4578098951629563,0.0306569752958283,0.1459504679300714,0.2363050344608498,262.3194951915198,4.266583170396929
278,0.0075,0.0095,450000.0,0.000127,1.0,25.0,375.0,0.0019996541896681,5074.116935346085,351.11917342151344,139.53168116443098,0.0,0.0004799430675706,0.4248381648189254,0.0931878845469172,57.15,6.041481758672779e-09,1.0039666690455e-09,997.7324861990832,1.7504587836816277,0.0001487136660144,0.00148,6.65847e-07,0.0154111111111111,0.0157,6.76e-06,0.0805555555555555,0.023,9e-06,0.0031111111111111,0.0401799999999999,0.0990777777777777,1.0,669391.6435846696,1.9e-06,0.12776,3.43070022846696,0.0340885786750683,0.1637102802720081,0.2559849167844362,286.6571908046612,4.673520544774088
279,0.0075,0.0095,450000.0,0.000127,1.0,25.0,400.0,0.0023356576713583,5074.116935346085,385.3528593710531,130.37807421359793,0.0,0.0004484576718336,0.378829220970508,0.1088463188006397,57.15,7.273609794980452e-09,1.099501548873959e-09,952.7706438188928,1.6214212267344257,0.0001918144417563,0.00148,6.65847e-07,0.0154111111111111,0.0157,6.76e-06,0.0805555555555555,0.023,9e-06,0.0031111111111111,0.0401799999999999,0.0990777777777777,1.0,951705.963574638,1.9e-06,0.12776,3.3016356345615336,0.0504258690428438,0.1020429021698682,0.3372885552641144,159.15211742586797,2.585560462384762
280,0.0075,0.0095,450000.0,0.000127,1.0,30.0,375.0,0.0028981359984811,6088.940322415301,351.11917342151344,140.29690091654282,0.0,0.0004021459764228,0.426800300416738,0.1350589338012195,57.15,9.336030327764292e-09,1.259162896955542e-09,877.773533535844,1.4072163552717392,0.000219984250358,0.00148,6.65847e-07,0.0154111111111111,0.0157,6.76e-06,0.0805555555555555,0.023,9e-06,0.0031111111111111,0.0401799999999999,0.0990777777777777,1.0,1180526.2156140243,1.9e-06,0.12776,3.1713123704356807,0.0669224847549771,0.1238013666155184,0.4031468609380791,173.89939442938,2.825146003370319
281,0.0075,0.0095,450000.0,0.000127,1.0,30.0,400.0,0.0033843526012082,6088.940322415301,385.3528593710531,134.7669317500621,0.0,0.0003862949145995,0.4321728342329091,0.1577175999215084,57.15,1.111882453776371e-08,1.3971771003616422e-09,812.9446531722288,1.2220537278991903,0.0002831035655933,0.00148,6.65847e-07,0.0154111111111111,0.0157,6.76e-06,0.0805555555555555,0.023,9e-06,0.0031111111111111,0.0401799999999999,0.0990777777777777,1.0,1426634.5187699895,1.9e-06,0.12776,3.066423121644441,0.080199604855134,0.1065152343114005,0.4473492622287479,138.53759043556133,2.2506595502568922
282,0.0075,0.0095,450000.0,0.000127,1.0,35.0,375.0,0.0039746081667507,7103.763709484519,351.11917342151344,141.19339245767094,0.0,0.0003468991482862,0.4185041719752159,0.1852246897869164,57.15,1.2492081333501417e-08,1.405863055598225e-09,655.1425499747879,1.2071485371541038,0.0002862708867594,0.00148,6.65847e-07,0.0154111111111111,0.0157,6.76e-06,0.0805555555555555,0.023,9e-06,0.0031111111111111,0.0401799999999999,0.0990777777777777,1.0,1390014.984687518,1.9e-06,0.12776,3.0581583687722373,0.08124577610478,0.0653394821882993,0.4505555395036986,84.48986887985099,1.3726088914430385
283,0.0075,0.0095,450000.0,0.000127,1.0,40.0,400.0,0.0061113970484589,8118.587096553735,385.3528593710531,140.61731837129622,0.0,0.000302298313945,0.5757419538340619,0.284803325252284,57.15,1.8988453193835814e-08,1.458564588728005e-09,327.98219429989774,1.2198907497329154,0.0004577911821311,0.00148,6.65847e-07,0.0154111111111111,0.0157,6.76e-06,0.0805555555555555,0.023,9e-06,0.0031111111111111,0.0401799999999999,0.0990777777777777,1.0,1492371.04925884,1.9e-06,0.12776,3.469758577927798,0.0291444838066078,0.1229986285817777,0.2272965976928062,223.67541005747967,3.634238130190548
284,0.0075,0.0095,500000.0,0.000127,1.0,20.0,375.0,0.0010311243210157,3653.36419344918,351.11917342151344,138.8953372543276,0.0,0.0006635475748907,0.4170200919297114,0.0480524556079779,63.5,3.105113642031586e-09,5.409558360591769e-10,1297.525,3.5953960297498675,8.938553747023263e-05,0.00148,6.65847e-07,0.0154111111111111,0.0157,6.76e-06,0.0805555555555555,0.023,9e-06,0.0031111111111111,0.0401799999999999,0.0990777777777777,1.0,622070.0831687911,1.9e-06,0.12776,3.4187710279627965,0.0355986040553422,0.2010276363217334,0.2643270005534686,348.0532807234805,5.82022399590915
285,0.0075,0.0095,500000.0,0.000127,1.0,20.0,400.0,0.0012046082545085,3653.36419344918,385.3528593710531,123.78680712401535,0.0,0.0005913692805987,0.3978307241860451,0.0561371538766097,63.5,3.452081509017198e-09,5.746993285431952e-10,1297.525,3.560327987433632,0.0001066761383573,0.00148,6.65847e-07,0.0154111111111111,0.0157,6.76e-06,0.0805555555555555,0.023,9e-06,0.0031111111111111,0.0401799999999999,0.0990777777777777,1.0,547198.0703631142,1.9e-06,0.12776,3.398770316080281,0.0381303397366733,0.1737535703094353,0.2779014859135967,295.28088726147485,4.821245095379047
286,0.0075,0.0095,500000.0,0.000127,1.0,25.0,350.0,0.0013700701628527,4566.705241811475,319.92671377973846,124.89766151733932,0.0,0.0004773409506619,0.28135415162095,0.0638480097292641,63.5,3.783005325705512e-09,6.068824970256753e-10,1297.525,3.526881517280944,9.726342490094838e-05,0.00148,6.65847e-07,0.0154111111111111,0.0157,6.76e-06,0.0805555555555555,0.023,9e-06,0.0031111111111111,0.0401799999999999,0.0990777777777777,1.0,591124.8443940415,1.9e-06,0.12776,3.4108026714848743,0.0366072567740665,0.0495661418916859,0.2697958319056858,85.17939909270805,1.3838108889562803
287,0.0075,0.0095,500000.0,0.000127,1.0,25.0,375.0,0.0016197198936312,4566.705241811475,351.11917342151344,139.5316811644309,0.0,0.0005332700750785,0.4212593670799696,0.0754821864830028,63.5,4.521744574524945e-09,7.212427419268545e-10,1225.6930638212582,3.081269839782124,0.000125039230052,0.00148,6.65847e-07,0.0154111111111111,0.0157,6.76e-06,0.0805555555555555,0.023,9e-06,0.0031111111111111,0.0401799999999999,0.0990777777777777,1.0,790759.8523719079,1.9e-06,0.12776,3.260451948859003,0.055638993815316,0.1778371805969667,0.3596183738996766,268.01961293534185,4.360927785293334
288,0.0075,0.0095,500000.0,0.000127,1.0,25.0,400.0,0.0018918827138002,4566.705241811475,385.3528593710531,130.37807421359784,0.0,0.0004982863020373,0.3611357344112305,0.0881655182285181,63.5,5.6103958552009054e-09,9.237697107645867e-10,1062.3953717198642,2.127954243063395,0.0001681121254493,0.00148,6.65847e-07,0.0154111111111111,0.0157,6.76e-06,0.0805555555555555,0.023,9e-06,0.0031111111111111,0.0401799999999999,0.0990777777777777,1.0,1027149.8471991264,1.9e-06,0.12776,3.139296170081648,0.0709751683440951,0.1050302161827121,0.4173710009894739,144.01625216204758,2.339665048858874
289,0.0075,0.0095,500000.0,0.000127,1.0,30.0,375.0,0.0023474901587697,5480.04629017377,351.11917342151344,140.29690091654285,0.0,0.000446828862692,0.4280803097859377,0.1093977363789877,63.5,7.31699558215574e-09,1.102860239867322e-09,951.1929788307004,1.6169151394367756,0.0001959000915864,0.00148,6.65847e-07,0.0154111111111111,0.0157,6.76e-06,0.0805555555555555,0.023,9e-06,0.0031111111111111,0.0401799999999999,0.0990777777777777,1.0,799234.1953886253,1.9e-06,0.12776,3.279023183481547,0.053288204622589,0.1507425734069498,0.3497382012906627,230.69028981689783,3.748486394826764
290,0.0075,0.0095,500000.0,0.000127,1.0,30.0,400.0,0.0027413256069787,5480.04629017377,385.3528593710531,134.76693175006196,0.0,0.0004292165717772,0.393398773485234,0.1277512559364217,63.5,8.761058892255267e-09,1.214651744626263e-09,898.6815857361721,1.4669334112650114,0.0002523696437332,0.00148,6.65847e-07,0.0154111111111111,0.0157,6.76e-06,0.0805555555555555,0.023,9e-06,0.0031111111111111,0.0401799999999999,0.0990777777777777,1.0,1074709.976552911,1.9e-06,0.12776,3.4802865775113947,0.027811825631469,0.0977075175488121,0.2191812795077453,179.5491465223437,2.9169349012853614
291,0.0075,0.0095,500000.0,0.000127,1.0,35.0,375.0,0.003219432615068,6393.387338536066,351.11917342151344,141.19339245767102,0.0,0.0003854434980958,0.4201794922424703,0.1500319987274024,63.5,1.0514117921916273e-08,1.350364012562456e-09,834.9339846575901,1.2848591067543924,0.0002727378022173,0.00148,6.65847e-07,0.0154111111111111,0.0157,6.76e-06,0.0805555555555555,0.023,9e-06,0.0031111111111111,0.0401799999999999,0.0990777777777777,1.0,966869.5517897132,1.9e-06,0.12776,3.460257498010129,0.0303471521506165,0.1022074935150678,0.2344768675355394,184.13918016619544,2.9915091925553514
292,0.0075,0.0095,500000.0,0.000127,1.0,35.0,400.0,0.0037585673684538,6393.387338536066,385.3528593710531,138.002819302594,0.0,0.0003767335602126,0.4010101991978603,0.1751567565046864,63.5,1.2059999736907704e-08,1.416851970803594e-09,719.9547894638445,1.1938858645602592,0.0003380721882793,0.00148,6.65847e-07,0.0154111111111111,0.0157,6.76e-06,0.0805555555555555,0.023,9e-06,0.0031111111111111,0.0401799999999999,0.0990777777777777,1.0,1342696.8439086424,1.9e-06,0.12776,3.432711874403094,0.0338339399489754,0.0579134426931738,0.2545594965414035,101.60089122613824,1.6505918227192333
293,0.0075,0.0095,500000.0,0.000127,1.0,40.0,400.0,0.0049502316092517,7306.72838689836,385.3528593710531,140.61731837129625,0.0,0.0003358870154944,0.5837536515417662,0.23069069345435,63.5,1.4443328218503502e-08,1.356237969195409e-09,362.4555172244748,1.2670417350814285,0.000394897603485,0.00148,6.65847e-07,0.0154111111111111,0.0157,6.76e-06,0.0805555555555555,0.023,9e-06,0.0031111111111111,0.0401799999999999,0.0990777777777777,1.0,1747347.152960388,1.9e-06,0.12776,3.415987817144321,0.0359509092222378,0.185122958087416,0.266246454890239,319.680129421287,5.256968729823084
294,0.0075,0.0095,550000.0,0.000127,1.0,25.0,375.0,0.0013386114823398,4151.550219828614,351.11917342151344,139.53168116443092,0.0,0.0005865970825863,0.414031417859396,0.0623819723000023,69.85,3.7200879646797294e-09,6.007636263725155e-10,1297.525,3.53324057495982,0.0001148938781391,0.00148,6.65847e-07,0.0154111111111111,0.0157,6.76e-06,0.0805555555555555,0.023,9e-06,0.0031111111111111,0.0401799999999999,0.0990777777777777,1.0,824763.9463489574,1.9e-06,0.12776,3.2836615031942777,0.0527010755450281,0.1837094455593935,0.3472227809821608,282.228992077412,4.598537727469729
295,0.0075,0.0095,550000.0,0.000127,1.0,25.0,400.0,0.0015635394328927,4151.550219828614,385.3528593710531,130.3780742135979,0.0,0.000548114932241,0.3741509245780881,0.0728640646516678,69.85,4.297022731570996e-09,6.794366700533774e-10,1259.4013402643504,3.278055386829253,0.0001429535519756,0.00148,6.65847e-07,0.0154111111111111,0.0157,6.76e-06,0.0805555555555555,0.023,9e-06,0.0031111111111111,0.0401799999999999,0.0990777777777777,1.0,590449.2808450214,1.9e-06,0.12776,3.4914157910906547,0.0264030644189045,0.1333468599264201,0.2104151036659413,247.7917108073731,4.027770220869612
296,0.0075,0.0095,550000.0,0.000127,1.0,30.0,375.0,0.0019400745113799,4981.860263794337,351.11917342151344,140.29690091654285,0.0,0.0004915117489612,0.4176775884147164,0.0904113523793287,69.85,5.803163045519831e-09,9.596311068237703e-10,1033.4802931720255,1.959150906008968,0.0001748347089225,0.00148,6.65847e-07,0.0154111111111111,0.0157,6.76e-06,0.0805555555555555,0.023,9e-06,0.0031111111111111,0.0401799999999999,0.0990777777777777,1.0,999351.8502998366,1.9e-06,0.12776,3.4569168982045624,0.0307700128854984,0.1593262360353876,0.2369698608526336,286.1107247976858,4.664238184579852
297,0.0075,0.0095,550000.0,0.000127,1.0,30.0,400.0,0.0022655583528749,4981.860263794337,385.3528593710531,134.7669317500621,0.0,0.0004721382289549,0.4003780294731318,0.1055795503606791,69.85,7.016578960541542e-09,1.0796036236580684e-09,962.1172196166712,1.648116682863646,0.0002269801526263,0.00148,6.65847e-07,0.0154111111111111,0.0157,6.76e-06,0.0805555555555555,0.023,9e-06,0.0031111111111111,0.0401799999999999,0.0990777777777777,1.0,1281677.9834465445,1.9e-06,0.12776,3.408672227624746,0.0368769332120575,0.1268584791124526,0.2712442470258692,217.5738241742547,3.534949901344984
298,0.0075,0.0095,550000.0,0.000127,1.0,35.0,375.0,0.0026606881116265,5812.17030776006,351.11917342151344,141.19339245767094,0.0,0.0004239878479054,0.4065873858338837,0.1239933873780184,69.85,8.465388075963858e-09,1.1917625227788894e-09,909.4332517831324,1.497642051036688,0.0002458524741634,0.00148,6.65847e-07,0.0154111111111111,0.0157,6.76e-06,0.0805555555555555,0.023,9e-06,0.0031111111111111,0.0401799999999999,0.0990777777777777,1.0,1164170.9985621776,1.9e-06,0.12776,3.384849681623104,0.039892445364164,0.1146539984558653,0.2870575038468393,192.3750987906905,3.1253264765750934
299,0.0075,0.0095,600000.0,0.000127,1.0,25.0,375.0,0.0011248054816883,3805.587701509565,351.11917342151344,139.53168116443095,0.0,0.0006399240900942,0.3981239676486351,0.0524181850576409,76.2,3.29247596337672e-09,5.591772902157941e-10,1297.525,3.576459319931516,0.0001127693280754,0.00148,6.65847e-07,0.0154111111111111,0.0157,6.76e-06,0.0805555555555555,0.023,9e-06,0.0031111111111111,0.0401799999999999,0.0990777777777777,1.0,919232.6133523366,1.9e-06,0.12776,3.431315560539931,0.0340106885392492,0.1777657825909941,0.2555494813369716,311.45058753947296,5.106362412810162
300,0.0075,0.0095,600000.0,0.000127,1.0,25.0,400.0,0.001313807440139,3805.587701509565,385.3528593710531,130.37807421359796,0.0,0.0005979435624448,0.3754254596334858,0.0612260543253598,76.2,3.670479880278095e-09,5.959391161442455e-10,1297.525,3.538254464050293,0.0001350600404202,0.00148,6.65847e-07,0.0154111111111111,0.0157,6.76e-06,0.0805555555555555,0.023,9e-06,0.0031111111111111,0.0401799999999999,0.0990777777777777,1.0,795703.6602571198,1.9e-06,0.12776,3.4006188959910046,0.0378963422796196,0.1462594053081259,0.2766679009417228,248.98127688464385,4.0472564565912394
301,0.0075,0.0095,600000.0,0.000127,1.0,30.0,350.0,0.0013792953952119,4566.705241811477,319.92671377973846,128.43278461552,0.0,0.0004908516841687,0.2694143065107413,0.0642779240076671,76.2,3.801455790423892e-09,6.086768508456996e-10,1297.525,3.525016728811857,0.0001172101487149,0.00148,6.65847e-07,0.0154111111111111,0.0157,6.76e-06,0.0805555555555555,0.023,9e-06,0.0031111111111111,0.0401799999999999,0.0990777777777777,1.0,898623.6459865932,1.9e-06,0.12776,3.4266051745070456,0.034606939935817,0.037196382503074,0.258869828411941,64.87843234267476,1.0540046312899194
302,0.0075,0.0095,600000.0,0.000127,1.0,30.0,375.0,0.0016302014991456,4566.705241811477,351.11917342151344,140.29690091654282,0.0,0.0005361946352304,0.4189646214716716,0.075970650263186,76.2,4.56367099658264e-09,7.29042513372752e-10,1219.404100512604,3.0445555008825305,0.0001513792279816,0.00148,6.65847e-07,0.0154111111111111,0.0157,6.76e-06,0.0805555555555555,0.023,9e-06,0.0031111111111111,0.0401799999999999,0.0990777777777777,1.0,1129787.2217427697,1.9e-06,0.12776,3.3646899933314915,0.0424443046415833,0.1750539712084855,0.2999129458525882,288.42251722314,4.703566258020017
303,0.008,0.0085,450000.0,0.000127,1.0,25.0,375.0,0.0011085253107844,4459.673087706519,351.11917342151344,144.2576903812004,0.0,0.0005645641774539,0.2626194685440278,0.0551034629687217,57.15,3.487964621568885e-09,5.791705155741281e-10,1313.844,4.172548693678033,8.892722264197946e-05,0.00148,6.65847e-07,0.0154111111111111,0.0157,6.76e-06,0.0805555555555555,0.023,9e-06,0.0031111111111111,0.0401799999999999,0.0990777777777777,1.0,340844.72082484525,1.9e-06,0.12776,3.5605503527832982,0.0176518540780635,0.039576005575306,0.1512199927081344,79.05552888301085,1.2843234733487732
304,0.008,0.0085,500000.0,0.000127,1.0,25.0,400.0,0.001067647437353,4013.7057789358673,351.11917342151344,128.12927854927,0.0,0.000557160365522,0.2668475914918223,0.0530714729338942,63.5,3.406208874706057e-09,5.712195648023504e-10,1313.844,4.180811747013459,9.68047930499255e-05,0.00148,6.65847e-07,0.0154111111111111,0.0157,6.76e-06,0.0805555555555555,0.023,9e-06,0.0031111111111111,0.0401799999999999,0.0990777777777777,1.0,593037.8669490815,1.9e-06,0.12776,3.411307083864264,0.0365434071057894,0.045836118557928,0.2694520560129488,78.80643933490616,1.280276804404592
305,0.008,0.0085,500000.0,0.000127,1.0,30.0,375.0,0.0013002283984604,4816.44693472304,351.11917342151344,145.22915186752124,0.0,0.0005262648803817,0.2719625370916383,0.0646327934133884,63.5,3.871370796920804e-09,6.164577246425405e-10,1313.844,4.133797831535215,0.0001082034713901,0.00148,6.65847e-07,0.0154111111111111,0.0157,6.76e-06,0.0805555555555555,0.023,9e-06,0.0031111111111111,0.0401799999999999,0.0990777777777777,1.0,538874.9309286607,1.9e-06,0.12776,3.3963897780930528,0.0384316736591072,0.0393897436782498,0.2794838700723557,66.79316313775719,1.0851110414299014
306,0.008,0.0085,500000.0,0.000127,1.0,35.0,375.0,0.0017813894731057,5619.188090510213,351.11917342151344,146.2200249381846,0.0,0.0004541618515723,0.2974758101073502,0.0885507330407199,63.5,5.596471892423068e-09,9.196705811274523e-10,1085.0103161365396,2.7777218369735053,0.0001535026459584,0.00148,6.65847e-07,0.0154111111111111,0.0157,6.76e-06,0.0805555555555555,0.023,9e-06,0.0031111111111111,0.0401799999999999,0.0990777777777777,1.0,829029.5905158991,1.9e-06,0.12776,3.2750143158803984,0.0537956562176711,0.0409850770666301,0.3518966952706293,62.513690831383045,1.015587419056116
307,0.008,0.0085,550000.0,0.000127,1.0,30.0,375.0,0.0010745689243474,4378.58812247549,351.11917342151344,145.22915186752107,0.0,0.0005788913684199,0.2789519303904713,0.0534155317466019,69.85,3.420051848694877e-09,5.725658286301986e-10,1313.844,4.179412637632409,0.000106858374755,0.00148,6.65847e-07,0.0154111111111111,0.0157,6.76e-06,0.0805555555555555,0.023,9e-06,0.0031111111111111,0.0401799999999999,0.0990777777777777,1.0,504059.0204957147,1.9e-06,0.12776,3.3929882340459114,0.0388622488549479,0.0575963986438692,0.2817329371584161,97.36131459269004,1.5817163390629498
308,0.008,0.0085,550000.0,0.000127,1.0,35.0,375.0,0.001472222705046,5108.352809554739,351.11917342151344,146.2200249381846,0.0,0.0004995780367296,0.2853734659662513,0.0731824240005949,69.85,4.359804820184352e-09,6.89607531510291e-10,1270.510376972347,3.8606526421268654,0.0001328253429655,0.00148,6.65847e-07,0.0154111111111111,0.0157,6.76e-06,0.0805555555555555,0.023,9e-06,0.0031111111111111,0.0401799999999999,0.0990777777777777,1.0,643687.815723243,1.9e-06,0.12776,3.504344754081787,0.0247664868250902,0.0442510419656562,0.1999808945897422,83.3161145658768,1.353540266658904
309,0.008,0.0085,600000.0,0.000127,1.0,35.0,375.0,0.0012370760229901,4682.6567420918445,351.11917342151344,146.2200249381846,0.0,0.0005449942218868,0.2884262750400201,0.061493564611611,76.2,3.745066045980232e-09,6.041742718516925e-10,1313.844,4.146563452712779,0.0001261298123758,0.00148,6.65847e-07,0.0154111111111111,0.0157,6.76e-06,0.0805555555555555,0.023,9e-06,0.0031111111111111,0.0401799999999999,0.0990777777777777,1.0,852574.843525855,1.9e-06,0.12776,3.4155098405926223,0.0360114125832124,0.058992710428409,0.2665750863335656,101.82611100812052,1.654250707262299
310,0.008,0.0085,600000.0,0.000127,1.0,40.0,375.0,0.0016279254204331,5351.607705247822,351.11917342151344,147.27825572611184,0.0,0.0004803211708687,0.3071192439999258,0.0809222191392257,76.2,4.982615681732467e-09,8.05471994435679e-10,1177.0887477401295,3.3152665128321046,0.00016470112584,0.00148,6.65847e-07,0.0154111111111111,0.0157,6.76e-06,0.0805555555555555,0.023,9e-06,0.0031111111111111,0.0401799999999999,0.0990777777777777,1.0,1032491.4901383284,1.9e-06,0.12776,3.3406679460817923,0.0454850701162288,0.0582570248607,0.3146387248097,93.9664916560986,1.5265645888064276
311,0.008,0.009,400000.0,0.000127,1.0,20.0,375.0,0.0011877972384452,4013.705778935866,351.11917342151344,142.32624943407453,0.0,0.0006188948073064,0.3225766953471431,0.0590439753664296,50.8,3.646508476890598e-09,5.945893018638025e-10,1313.844,4.156524666220668,8.215438774196508e-05,0.00148,6.65847e-07,0.0154111111111111,0.0157,6.76e-06,0.0805555555555555,0.023,9e-06,0.0031111111111111,0.0401799999999999,0.0990777777777777,1.0,495495.27871826605,1.9e-06,0.12776,3.590877468528939,0.0138129786672229,0.0955927199807134,0.1223570388063836,197.4457735235448,3.2077234045642
312,0.008,0.009,400000.0,0.000127,1.0,25.0,375.0,0.0018649517354475,5017.1322236698325,351.11917342151344,143.7731405034467,0.0,0.0005001492019443,0.3176040753029751,0.0927045128270133,50.8,5.930720941790055e-09,9.818525194641774e-10,1034.8729587314915,2.485024958178576,0.0001298761492635,0.00148,6.65847e-07,0.0154111111111111,0.0157,6.76e-06,0.0805555555555555,0.023,9e-06,0.0031111111111111,0.0401799999999999,0.0990777777777777,1.0,357924.469619964,1.9e-06,0.12776,3.5648012299420886,0.0171137683617609,0.0569595624759616,0.1472892730182661,114.30718235485767,1.857016195483216
313,0.008,0.009,400000.0,0.000127,1.0,30.0,375.0,0.002701378937489,6020.558668403799,351.11917342151344,144.97255219637168,0.0,0.0004202680349458,0.3442337347063868,0.1342823053278554,50.8,9.042636770793166e-09,1.281435949336057e-09,860.326808334794,1.74488453509563,0.0001907620251106,0.00148,6.65847e-07,0.0154111111111111,0.0157,6.76e-06,0.0805555555555555,0.023,9e-06,0.0031111111111111,0.0401799999999999,0.0990777777777777,1.0,834148.3968490307,1.9e-06,0.12776,3.465138235198652,0.0297293373166263,0.0420114293785312,0.2308050863093812,76.05171471185486,1.2355239889344403
314,0.008,0.009,450000.0,0.000127,1.0,25.0,375.0,0.0014735421119585,4459.673087706519,351.11917342151344,143.77314050344657,0.0,0.0005626678521873,0.305850523079336,0.0732480101349241,57.15,4.365082447834117e-09,6.905893536507082e-10,1269.7187328248824,3.8560311027583807,0.0001088011546301,0.00148,6.65847e-07,0.0154111111111111,0.0157,6.76e-06,0.0805555555555555,0.023,9e-06,0.0031111111111111,0.0401799999999999,0.0990777777777777,1.0,800576.0384934237,1.9e-06,0.12776,3.4582965525839144,0.0305953730906437,0.0646625129444118,0.2359422354261191,116.27435000817268,1.8889744864980054
315,0.008,0.009,450000.0,0.000127,1.0,30.0,375.0,0.0021344228641888,5351.607705247823,351.11917342151344,144.97255219637174,0.0,0.000472801539314,0.3426746226978581,0.106099599271392,57.15,6.963797835359217e-09,1.1205035780762267e-09,935.9209514414832,1.960794636783378,0.0001696266419649,0.00148,6.65847e-07,0.0154111111111111,0.0157,6.76e-06,0.0805555555555555,0.023,9e-06,0.0031111111111111,0.0401799999999999,0.0990777777777777,1.0,564268.6631889263,1.9e-06,0.12776,3.4040334160469525,0.0374641245510186,0.068635023426466,0.274378223183123,117.20907613750758,1.9041598976834306
316,0.008,0.009,450000.0,0.000127,1.0,30.0,400.0,0.0025183408048256,5351.607705247823,351.11917342151344,137.64096276872877,0.0,0.0004488908975098,0.342182450806433,0.125183699398917,57.15,8.371496951027363e-09,1.2294799652524414e-09,884.7318926899143,1.814589726903616,0.0002000861862108,0.00148,6.65847e-07,0.0154111111111111,0.0157,6.76e-06,0.0805555555555555,0.023,9e-06,0.0031111111111111,0.0401799999999999,0.0990777777777777,1.0,908695.9403556932,1.9e-06,0.12776,3.291552510910442,0.0517022138088048,0.0490587514075159,0.3428983730849714,75.86722197288833,1.2325267494160281
317,0.008,0.009,450000.0,0.000127,1.0,35.0,375.0,0.002925293007338,6243.542322789127,351.11917342151344,146.1202327861277,0.0,0.0004084667059258,0.363500421467912,0.1454128050431646,57.15,9.863655026906111e-09,1.344994704442924e-09,830.471599021596,1.6596128326355069,0.000232370122992,0.00148,6.65847e-07,0.0154111111111111,0.0157,6.76e-06,0.0805555555555555,0.023,9e-06,0.0031111111111111,0.0401799999999999,0.0990777777777777,1.0,1083586.000512645,1.9e-06,0.12776,3.148228138330487,0.069844539451837,0.0501476164247473,0.4134713553384302,69.22208411561041,1.1245709030087483
318,0.008,0.009,500000.0,0.000127,1.0,25.0,375.0,0.0011935691106864,4013.7057789358673,351.11917342151344,143.77314050344674,0.0,0.0006251865024303,0.318431610201755,0.0593308882092886,63.5,3.6580522213728197e-09,5.9571195987406e-10,1313.844,4.15535793996585,0.0001029758633971,0.00148,6.65847e-07,0.0154111111111111,0.0157,6.76e-06,0.0805555555555555,0.023,9e-06,0.0031111111111111,0.0401799999999999,0.0990777777777777,1.0,565722.7801288503,1.9e-06,0.12776,3.403951638533963,0.0374744761349413,0.0911607219924663,0.2744332302189179,155.66475374328235,2.5289050612698314
319,0.008,0.009,500000.0,0.000127,1.0,30.0,375.0,0.0017288825199929,4816.44693472304,351.11917342151344,144.97255219637174,0.0,0.0005253350436822,0.3394460635582842,0.0859406754098275,63.5,5.386444079971958e-09,8.805981095450632e-10,1116.5144880042062,2.961640041919756,0.0001479438199361,0.00148,6.65847e-07,0.0154111111111111,0.0157,6.76e-06,0.0805555555555555,0.023,9e-06,0.0031111111111111,0.0401799999999999,0.0990777777777777,1.0,862902.8890927674,1.9e-06,0.12776,3.2837290893397504,0.0526925203367404,0.0855653881484566,0.3471859842891088,131.45973223121595,2.135673781785487
320,0.008,0.009,500000.0,0.000127,1.0,30.0,400.0,0.0020398560519087,4816.44693472304,351.11917342151344,137.64096276872883,0.0,0.0004987676638998,0.326034869575812,0.1013987965131227,63.5,6.617052856998827e-09,1.0936604731878111e-09,948.5298597454972,1.996807885458596,0.0001801372981863,0.00148,6.65847e-07,0.0154111111111111,0.0157,6.76e-06,0.0805555555555555,0.023,9e-06,0.0031111111111111,0.0401799999999999,0.0990777777777777,1.0,918361.1090926216,1.9e-06,0.12776,3.309567033074372,0.0494218945475478,0.0566960730626893,0.3328081050527631,89.02436607247125,1.446275607314812
321,0.008,0.009,500000.0,0.000127,1.0,35.0,375.0,0.0023694873359438,5619.188090510213,351.11917342151344,146.12023278612767,0.0,0.0004538518954732,0.36986313546099,0.1177843720849633,63.5,7.825700898460614e-09,1.1872274119321015e-09,904.5790218741596,1.871276601101428,0.0002091962300125,0.00148,6.65847e-07,0.0154111111111111,0.0157,6.76e-06,0.0805555555555555,0.023,9e-06,0.0031111111111111,0.0401799999999999,0.0990777777777777,1.0,1137010.8899644034,1.9e-06,0.12776,3.1859049101928667,0.0650753278236877,0.0841387633760266,0.3964306833260838,119.5166542332652,1.9416484423780667
322,0.008,0.009,500000.0,0.000127,1.0,40.0,375.0,0.0031193328305057,6421.929246297387,351.11917342151344,147.29897989578524,0.0,0.0004003239658071,0.3829823975494555,0.1550582918050445,63.5,1.0575134378521107e-08,1.400073555048494e-09,804.5996225992325,1.5857179403773627,0.0002752910363464,0.00148,6.65847e-07,0.0154111111111111,0.0157,6.76e-06,0.0805555555555555,0.023,9e-06,0.0031111111111111,0.0401799999999999,0.0990777777777777,1.0,949766.6718774108,1.9e-06,0.12776,3.456762133641461,0.0307896033365239,0.0599841057444109,0.2370849636940375,107.7004484724248,1.749684253825498
323,0.008,0.009,550000.0,0.000127,1.0,30.0,375.0,0.0014288285289198,4378.58812247549,351.11917342151344,144.9725521963717,0.0,0.0005778685480504,0.3560051731586729,0.0710253515783698,69.85,4.186228115679303e-09,6.5731623268187e-10,1296.5468826481044,4.012651158611369,0.000127765205363,0.00148,6.65847e-07,0.0154111111111111,0.0157,6.76e-06,0.0805555555555555,0.023,9e-06,0.0031111111111111,0.0401799999999999,0.0990777777777777,1.0,728308.452983805,1.9e-06,0.12776,3.2565793076540444,0.0561292015627792,0.1170398215803031,0.3616409635781898,175.83438635519616,2.8565826662011164
324,0.008,0.009,550000.0,0.000127,1.0,30.0,400.0,0.0016858314478584,4378.58812247549,351.11917342151344,137.64096276872883,0.0,0.0005486444302897,0.3391190024410275,0.083800658275308,69.85,5.214239791433953e-09,8.485621277779677e-10,1142.345131284907,3.112436754328159,0.0001577232433632,0.00148,6.65847e-07,0.0154111111111111,0.0157,6.76e-06,0.0805555555555555,0.023,9e-06,0.0031111111111111,0.0401799999999999,0.0990777777777777,1.0,1070130.489747971,1.9e-06,0.12776,3.470064750593981,0.0291057277729137,0.0873783441657193,0.2270629723213772,158.94726952839883,2.5822325182475545
325,0.008,0.009,550000.0,0.000127,1.0,35.0,375.0,0.0019582539966477,5108.352809554739,351.11917342151344,146.1202327861276,0.0,0.0004992370850205,0.3631504281931281,0.0973424562685646,69.85,6.30392998659108e-09,1.051282370811474e-09,978.891602011338,2.15821139578199,0.0001894328618692,0.00148,6.65847e-07,0.0154111111111111,0.0157,6.76e-06,0.0805555555555555,0.023,9e-06,0.0031111111111111,0.0401799999999999,0.0990777777777777,1.0,926771.014238984,1.9e-06,0.12776,3.4418867290436355,0.0326725659438436,0.0978679719245634,0.2479884683479714,173.20891353447826,2.8139282228682947
326,0.008,0.009,550000.0,0.000127,1.0,40.0,375.0,0.0025779610169469,5838.117496633988,351.11917342151344,147.29897989578518,0.0,0.0004403563623878,0.3862174128421363,0.1281473485992103,69.85,8.590104395471988e-09,1.246403361197102e-09,876.7825310737459,1.7918849589895562,0.0002503308575594,0.00148,6.65847e-07,0.0154111111111111,0.0157,6.76e-06,0.0805555555555555,0.023,9e-06,0.0031111111111111,0.0401799999999999,0.0990777777777777,1.0,1126435.8447448942,1.9e-06,0.12776,3.3764182342971387,0.0409597171775774,0.0901300642429258,0.2924910731274908,150.07444745522417,2.43808562188402
327,0.008,0.009,600000.0,0.000127,1.0,30.0,350.0,0.0010048658472077,4013.7057789358655,319.92671377973846,135.40961333467425,0.0,0.0005888183443702,0.2527487452823677,0.0499506754256787,76.2,3.2806456944154246e-09,5.590082316111362e-10,1313.844,4.193502417645433,0.0001033096556117,0.00148,6.65847e-07,0.0154111111111111,0.0157,6.76e-06,0.0805555555555555,0.023,9e-06,0.0031111111111111,0.0401799999999999,0.0990777777777777,1.0,524681.2355625927,1.9e-06,0.12776,3.46752786274963,0.0294268528165025,0.0348580698566888,0.2289944936646692,63.25079144837322,1.0275622377436398
328,0.008,0.009,600000.0,0.000127,1.0,30.0,375.0,0.0012006128611062,4013.7057789358655,351.11917342151344,144.97255219637168,0.0,0.0006304020524187,0.3586113377042654,0.059681024590158,76.2,3.6721397222124845e-09,5.970820045494699e-10,1313.844,4.153934116255984,0.0001239852943581,0.00148,6.65847e-07,0.0154111111111111,0.0157,6.76e-06,0.0805555555555555,0.023,9e-06,0.0031111111111111,0.0401799999999999,0.0990777777777777,1.0,864353.9831014642,1.9e-06,0.12776,3.4184259574270133,0.0356422838699983,0.1309903131141074,0.2645655252384359,226.7192066152313,3.683795952133835
329,0.008,0.009,600000.0,0.000127,1.0,30.0,400.0,0.0014165667027144,4013.7057789358655,351.11917342151344,137.64096276872888,0.0,0.0005985211966797,0.3310061594156939,0.0704158309118907,76.2,4.137180810857698e-09,6.481917295912093e-10,1303.9039783713451,4.055601147734077,0.0001378203105726,0.00148,6.65847e-07,0.0154111111111111,0.0157,6.76e-06,0.0805555555555555,0.023,9e-06,0.0031111111111111,0.0401799999999999,0.0990777777777777,1.0,773893.1210616283,1.9e-06,0.12776,3.394527553247421,0.0386673983231113,0.092650328503803,0.2807168963564289,156.8382438108561,2.5479694643616764
330,0.008,0.009,600000.0,0.000127,1.0,35.0,375.0,0.0016454773166276,4682.6567420918445,351.11917342151344,146.12023278612767,0.0,0.0005446222745678,0.3519828762950435,0.0817947028367801,76.2,5.052823266510565e-09,8.18533044917976e-10,1166.5576100234152,3.253786783955696,0.0001669324200926,0.00148,6.65847e-07,0.0154111111111111,0.0157,6.76e-06,0.0805555555555555,0.023,9e-06,0.0031111111111111,0.0401799999999999,0.0990777777777777,1.0,1010533.0266240154,1.9e-06,0.12776,3.334811237637052,0.046226425615563,0.1022481734582634,0.3181355014928742,164.0811859973224,2.665637930270425
331,0.008,0.0095,400000.0,0.000127,1.0,20.0,350.0,0.0012932874867074,4013.705778935866,319.92671377973846,131.00195910606686,0.0,0.0005696519971551,0.2849355776113133,0.0642877690192413,50.8,3.857488973414819e-09,6.151076826020248e-10,1313.844,4.135200867436965,7.91721869596853e-05,0.00148,6.65847e-07,0.0154111111111111,0.0157,6.76e-06,0.0805555555555555,0.023,9e-06,0.0031111111111111,0.0401799999999999,0.0990777777777777,1.0,502754.86211037263,1.9e-06,0.12776,3.5919864367677112,0.013672602940796,0.0527078085920718,0.1212643616248447,109.0029744090125,1.770844881794007
332,0.008,0.0095,400000.0,0.000127,1.0,20.0,375.0,0.0015356896015558,4013.705778935866,351.11917342151344,139.9323400254495,0.0,0.0006084850753838,0.3794233094963102,0.0763372872658211,50.8,4.613672406223537e-09,7.368357244121942e-10,1232.4302390664693,3.638344605046142,0.0001019818704414,0.00148,6.65847e-07,0.0154111111111111,0.0157,6.76e-06,0.0805555555555555,0.023,9e-06,0.0031111111111111,0.0401799999999999,0.0990777777777777,1.0,444833.3364428404,1.9e-06,0.12776,3.582481517716627,0.0148757572510598,0.135146022230489,0.1305423061013015,276.53930756763845,4.502906283409149
333,0.008,0.0095,400000.0,0.000127,1.0,20.0,400.0,0.0018033205630516,4013.705778935866,351.11917342151344,123.71963041016784,0.0,0.0005379853479395,0.2967418552301645,0.0896409012046208,50.8,5.684196252206517e-09,9.359903604686763e-10,1071.8516621690226,2.700902930976537,0.0001246591152193,0.00148,6.65847e-07,0.0154111111111111,0.0157,6.76e-06,0.0805555555555555,0.023,9e-06,0.0031111111111111,0.0401799999999999,0.0990777777777777,1.0,376970.58551727625,1.9e-06,0.12776,3.569092136856228,0.0165706155878193,0.0391609540255436,0.1432844426591811,78.95780478227336,1.2827358632440478
334,0.008,0.0095,400000.0,0.000127,1.0,25.0,350.0,0.0020316761829528,5017.1322236698325,319.92671377973846,133.88043624031755,0.0,0.0004657350678094,0.3267687669457652,0.1009921850431681,50.8,6.5870600041605644e-09,1.0913385901184519e-09,949.620508939616,1.999922970420608,0.0001313161611697,0.00148,6.65847e-07,0.0154111111111111,0.0157,6.76e-06,0.0805555555555555,0.023,9e-06,0.0031111111111111,0.0401799999999999,0.0990777777777777,1.0,352215.72809817945,1.9e-06,0.12776,3.5634633198833403,0.0172831240653999,0.0578365819025969,0.1485303378680653,115.89826798256756,1.8828647180679507
335,0.008,0.0095,400000.0,0.000127,1.0,25.0,375.0,0.0024119292421505,5017.1322236698325,351.11917342151344,141.65086588085606,0.0,0.0004927663628752,0.3640274406637945,0.1198941083122123,50.8,7.981321221218617e-09,1.199274688481902e-09,898.9201010465957,1.8551137329067608,0.0001703500950891,0.00148,6.65847e-07,0.0154111111111111,0.0157,6.76e-06,0.0805555555555555,0.023,9e-06,0.0031111111111111,0.0401799999999999,0.0990777777777777,1.0,895185.7928874264,1.9e-06,0.12776,3.4756959527482274,0.0283929173736421,0.0761933323515821,0.2227407431952479,139.37600745123612,2.2642803426459244
336,0.008,0.0095,400000.0,0.000127,1.0,30.0,375.0,0.0034949904058347,6020.558668403799,351.11917342151344,143.02035452647428,0.0,0.0004146087134665,0.4159686835380525,0.1737317790855596,50.8,1.1952545488060841e-08,1.506705209997553e-09,754.5119458886968,1.4426587703486484,0.0002467169627905,0.00148,6.65847e-07,0.0154111111111111,0.0157,6.76e-06,0.0805555555555555,0.023,9e-06,0.0031111111111111,0.0401799999999999,0.0990777777777777,1.0,571802.4444509818,1.9e-06,0.12776,3.4067135950988057,0.037124861379898,0.0742969044524927,0.2725707931174537,127.19399329731772,2.066373266292214
337,0.008,0.0095,400000.0,0.000127,1.0,35.0,375.0,0.0047920866526674,7023.985113137765,351.11917342151344,144.29070535914272,0.0,0.0003585354820629,0.4586254009431768,0.238208877000114,50.8,1.505508730533483e-08,1.542820712412072e-09,416.21800419977535,1.3874078689117018,0.0003027012871426,0.00148,6.65847e-07,0.0154111111111111,0.0157,6.76e-06,0.0805555555555555,0.023,9e-06,0.0031111111111111,0.0401799999999999,0.0990777777777777,1.0,999328.2182398952,1.9e-06,0.12776,3.313548459467995,0.0489179165230386,0.0524765239430626,0.3305360791348969,82.6794130453037,1.3431965156279169
338,0.008,0.0095,450000.0,0.000127,1.0,20.0,350.0,0.0010218567796206,3567.7384701652154,319.92671377973846,131.00195910606683,0.0,0.0006408584967995,0.2738994819139452,0.0507952742868079,57.15,3.31462755924134e-09,5.62313052920118e-10,1313.844,4.190067870567479,7.816471458777931e-05,0.00148,6.65847e-07,0.0154111111111111,0.0157,6.76e-06,0.0805555555555555,0.023,9e-06,0.0031111111111111,0.0401799999999999,0.0990777777777777,1.0,375333.1600853956,1.9e-06,0.12776,3.5685609363422026,0.0166378561592149,0.0551642076271371,0.1437822668652902,111.1595426385264,1.8058801442183248
339,0.008,0.0095,450000.0,0.000127,1.0,20.0,375.0,0.0012133843765379,3567.7384701652154,351.11917342151344,139.93234002544938,0.0,0.0006845457098068,0.3725802282179866,0.0603158812964512,57.15,3.697682753075965e-09,5.9956612815852e-10,1313.844,4.151352482126613,9.355231605184718e-05,0.00148,6.65847e-07,0.0154111111111111,0.0157,6.76e-06,0.0805555555555555,0.023,9e-06,0.0031111111111111,0.0401799999999999,0.0990777777777777,1.0,323521.38859204925,1.9e-06,0.12776,3.5561746924056408,0.0182057351385265,0.1443243469215353,0.155228426279476,286.93534017024547,4.678248532508569
340,0.008,0.0095,450000.0,0.000127,1.0,20.0,400.0,0.001424845876979,3567.7384701652154,351.11917342151344,123.71963041016788,0.0,0.000605233516432,0.2893472484046803,0.070827378729577,57.15,4.170297507916265e-09,6.543525860493251e-10,1298.9364738125605,4.026601352870346,0.000104155175105,0.00148,6.65847e-07,0.0154111111111111,0.0157,6.76e-06,0.0805555555555555,0.023,9e-06,0.0031111111111111,0.0401799999999999,0.0990777777777777,1.0,264119.95466422965,1.9e-06,0.12776,3.539072351205452,0.0203705884550061,0.0505798696751031,0.1705388620829473,98.7367658625684,1.6040617003214726
341,0.008,0.0095,450000.0,0.000127,1.0,25.0,375.0,0.0019057218703411,4459.673087706519,351.11917342151344,141.650865880856,0.0,0.0005543621582346,0.3744537264190887,0.0947311473084147,57.15,6.093801481364647e-09,1.0121911668738016e-09,1010.4108777953028,2.342217775881199,0.0001499917203316,0.00148,6.65847e-07,0.0154111111111111,0.0157,6.76e-06,0.0805555555555555,0.023,9e-06,0.0031111111111111,0.0401799999999999,0.0990777777777777,1.0,664294.1823387763,1.9e-06,0.12776,3.429509401536497,0.0342393162612029,0.1117825791106738,0.2568261520251236,195.5103228258055,3.176271906069539
342,0.008,0.0095,450000.0,0.000127,1.0,25.0,400.0,0.0022374015809514,4459.673087706519,351.11917342151344,132.09989241002597,0.0,0.0005169836485191,0.3191651736568204,0.1112185477072005,57.15,7.341386463488734e-09,1.1497344300916783e-09,922.190455873137,1.921577938603457,0.0001777970352351,0.00148,6.65847e-07,0.0154111111111111,0.0157,6.76e-06,0.0805555555555555,0.023,9e-06,0.0031111111111111,0.0401799999999999,0.0990777777777777,1.0,1013768.8643833628,1.9e-06,0.12776,3.3154078390922948,0.0486825520136335,0.0400066259496197,0.3294697032847534,63.13286230214175,1.0256463797026267
343,0.008,0.0095,450000.0,0.000127,1.0,30.0,375.0,0.0027614739009064,5351.607705247823,351.11917342151344,143.0203545264741,0.0,0.0004664348026498,0.4167969659369253,0.1372695538453804,57.15,9.262984969990452e-09,1.2984941050186427e-09,852.3141465458018,1.7219989708104553,0.0002193746686972,0.00148,6.65847e-07,0.0154111111111111,0.0157,6.76e-06,0.0805555555555555,0.023,9e-06,0.0031111111111111,0.0401799999999999,0.0990777777777777,1.0,1184452.4908971954,1.9e-06,0.12776,3.172211174873425,0.0668087120413386,0.1115874120915448,0.4027375111390161,156.85038675053022,2.548166737413773
344,0.008,0.0095,450000.0,0.000127,1.0,35.0,375.0,0.0037863400712433,6243.542322789127,351.11917342151344,144.2907053591426,0.0,0.0004033524173208,0.4857429616634823,0.1882144213334234,57.15,1.30208275945591e-08,1.5894057836893403e-09,715.6653238342146,1.3317060196021877,0.0003006606525786,0.00148,6.65847e-07,0.0154111111111111,0.0157,6.76e-06,0.0805555555555555,0.023,9e-06,0.0031111111111111,0.0401799999999999,0.0990777777777777,1.0,1365844.4168315732,1.9e-06,0.12776,3.240815488360312,0.0581246217265428,0.1295885403300587,0.3697438582987109,192.2156891661509,3.1227362465150708
345,0.008,0.0095,500000.0,0.000127,1.0,20.0,400.0,0.001154125160353,3210.9646231486936,351.11917342151344,123.71963041016777,0.0,0.0006724816849244,0.3146350686116156,0.0573701767709573,63.5,3.5791643207060873e-09,5.880399143144688e-10,1313.844,4.163331140086236,0.000101042749152,0.00148,6.65847e-07,0.0154111111111111,0.0157,6.76e-06,0.0805555555555555,0.023,9e-06,0.0031111111111111,0.0401799999999999,0.0990777777777777,1.0,574682.6305280433,1.9e-06,0.12776,3.4064010649216394,0.0371644221618178,0.0893248918406582,0.2727820174534402,152.87703709548268,2.4836161328753286
346,0.008,0.0095,500000.0,0.000127,1.0,25.0,350.0,0.0013002727570898,4013.7057789358673,319.92671377973846,133.88043624031758,0.0,0.0005821688347618,0.3442191652461447,0.0646349984276276,63.5,3.8714595141796885e-09,6.1646635261776e-10,1313.844,4.13378886488186,9.927706445368943e-05,0.00148,6.65847e-07,0.0154111111111111,0.0157,6.76e-06,0.0805555555555555,0.023,9e-06,0.0031111111111111,0.0401799999999999,0.0990777777777777,1.0,582524.2589786566,1.9e-06,0.12776,3.408515186463829,0.0368968118400216,0.111644166818517,0.2713507865236595,191.45190232812712,3.1103256478947703
347,0.008,0.0095,500000.0,0.000127,1.0,25.0,375.0,0.0015436347149763,4013.7057789358673,351.11917342151344,141.65086588085595,0.0,0.000615957953594,0.3531480454251471,0.0767322293198159,63.5,4.645452859905363e-09,7.42747993167779e-10,1227.6631710141955,3.610514938463772,0.0001283193655912,0.00148,6.65847e-07,0.0154111111111111,0.0157,6.76e-06,0.0805555555555555,0.023,9e-06,0.0031111111111111,0.0401799999999999,0.0990777777777777,1.0,556490.0578845207,1.9e-06,0.12776,3.403559762562254,0.0375240806883223,0.108475816105331,0.2746967069824642,185.1644988083216,3.008167910068311
348,0.008,0.0095,500000.0,0.000127,1.0,25.0,400.0,0.0018122952805706,4013.7057789358673,351.11917342151344,132.099892410026,0.0,0.0005744262761323,0.318683247744119,0.0900870236428324,63.5,5.720095122282772e-09,9.42668797788595e-10,1066.4668316575842,2.6694668289338104,0.0001567737028949,0.00148,6.65847e-07,0.0154111111111111,0.0157,6.76e-06,0.0805555555555555,0.023,9e-06,0.0031111111111111,0.0401799999999999,0.0990777777777777,1.0,806128.0746908534,1.9e-06,0.12776,3.2689377082469777,0.0545648470573446,0.0606562241012864,0.3551413360446003,92.05450760690071,1.4955028018605403
349,0.008,0.0095,500000.0,0.000127,1.0,30.0,375.0,0.0022367938597342,4816.44693472304,351.11917342151344,143.02035452647428,0.0,0.0005182608918331,0.430724014357441,0.1111883386147582,63.5,7.339158152358939e-09,1.149561926398434e-09,922.271485368766,1.9218093730231351,0.000197498687349,0.00148,6.65847e-07,0.0154111111111111,0.0157,6.76e-06,0.0805555555555555,0.023,9e-06,0.0031111111111111,0.0401799999999999,0.0990777777777777,1.0,778873.4507641343,1.9e-06,0.12776,3.27337711865476,0.0540028963728151,0.1515956757426827,0.3527740955706133,230.91271779365488,3.752111156805782
350,0.008,0.0095,500000.0,0.000127,1.0,35.0,350.0,0.0025849508866994,5619.188090510213,319.92671377973846,137.6067581235754,0.0,0.0004274089002836,0.3663730616143165,0.1284948066367672,63.5,8.615733917898103e-09,1.248387459025937e-09,875.8505484400691,1.7892230534908142,0.0002085780337747,0.00148,6.65847e-07,0.0154111111111111,0.0157,6.76e-06,0.0805555555555555,0.023,9e-06,0.0031111111111111,0.0401799999999999,0.0990777777777777,1.0,1142010.3662090078,1.9e-06,0.12776,3.1871116101452044,0.0649225809942779,0.0699382549775491,0.3958685302909241,99.4377753770532,1.6154501887324841
351,0.008,0.0095,500000.0,0.000127,1.0,35.0,375.0,0.0030669354577071,5619.188090510213,351.11917342151344,144.2907053591427,0.0,0.0004481693525787,0.4975644106663539,0.152453681280073,63.5,1.0383010678259536e-08,1.385200386121699e-09,811.5859389723805,1.6056720825444386,0.0002706730370833,0.00148,6.65847e-07,0.0154111111111111,0.0157,6.76e-06,0.0805555555555555,0.023,9e-06,0.0031111111111111,0.0401799999999999,0.0990777777777777,1.0,979813.991304554,1.9e-06,0.12776,3.4628409620318275,0.0300201313883762,0.1771707293862809,0.232537703997508,320.0030887424095,5.262971849190809
352,0.008,0.0095,500000.0,0.000127,1.0,35.0,400.0,0.0035988671902564,5619.188090510213,351.11917342151344,141.8779667649453,0.0,0.0004406753460104,0.4283809865738299,0.1788953693870209,63.5,1.23334270309404e-08,1.5361909815116007e-09,740.6617079658038,1.4031000670492293,0.0003175493802101,0.00148,6.65847e-07,0.0154111111111111,0.0157,6.76e-06,0.0805555555555555,0.023,9e-06,0.0031111111111111,0.0401799999999999,0.0990777777777777,1.0,1448602.7304902424,1.9e-06,0.12776,3.449673846849577,0.0316868548291675,0.081545617186809,0.2423197633599632,145.4091487033908,2.362293839007833
353,0.008,0.0095,500000.0,0.000127,1.0,40.0,375.0,0.0040394883904718,6421.929246297387,351.11917342151344,145.56850948516052,0.0,0.0003956209544353,0.4101268545090715,0.2007981205042878,63.5,1.3549890780943733e-08,1.581101623018648e-09,641.9974828584408,1.341206112461604,0.0003456766448942,0.00148,6.65847e-07,0.0154111111111111,0.0157,6.76e-06,0.0805555555555555,0.023,9e-06,0.0031111111111111,0.0401799999999999,0.0990777777777777,1.0,1294807.9969033997,1.9e-06,0.12776,3.424309411085204,0.0348975429006071,0.0413887340047836,0.2604773978065751,72.03420093476323,1.170256102914014
354,0.008,0.0095,500000.0,0.000127,1.0,40.0,400.0,0.0047386062007372,6421.929246297387,351.11917342151344,145.14065556058358,0.0,0.0003944581481485,0.4525269540642517,0.2355504279112091,63.5,1.4948126401474552e-08,1.5455409955994987e-09,432.2621397788173,1.3841247217945278,0.0003760529341313,0.00148,6.65847e-07,0.0154111111111111,0.0157,6.76e-06,0.0805555555555555,0.023,9e-06,0.0031111111111111,0.0401799999999999,0.0990777777777777,1.0,1840538.8691126392,1.9e-06,0.12776,3.4288792715188743,0.0343190795545728,0.0490365261530425,0.2572705252648409,85.71473835764762,1.3925079250002061
355,0.008,0.0095,550000.0,0.000127,1.0,25.0,350.0,0.0010746055843717,3648.8234353962425,319.92671377973846,133.8804362403175,0.0,0.000640385718238,0.3205814963577935,0.0534173540724195,69.85,3.4201251687435433e-09,5.725729591882314e-10,1313.844,4.17940522717509,9.812433144199348e-05,0.00148,6.65847e-07,0.0154111111111111,0.0157,6.76e-06,0.0805555555555555,0.023,9e-06,0.0031111111111111,0.0401799999999999,0.0990777777777777,1.0,560356.2415867527,1.9e-06,0.12776,3.409542083495517,0.0367668248739852,0.0992241422853739,0.2706535567573255,170.31636181324248,2.766935121474687
356,0.008,0.0095,550000.0,0.000127,1.0,25.0,375.0,0.0012757311694019,3648.8234353962425,351.11917342151344,141.65086588085603,0.0,0.0006775537489534,0.3640274406637945,0.0634150655535668,69.85,3.822376338803869e-09,6.11692891104523e-10,1313.844,4.138749701417094,0.0001177030435447,0.00148,6.65847e-07,0.0154111111111111,0.0157,6.76e-06,0.0805555555555555,0.023,9e-06,0.0031111111111111,0.0401799999999999,0.0990777777777777,1.0,807577.1535304353,1.9e-06,0.12776,3.279049946483092,0.0532848169008744,0.1326723751102275,0.349723742978107,203.0409093492964,3.298654727955458
357,0.008,0.0095,550000.0,0.000127,1.0,25.0,400.0,0.0014977646946865,3648.8234353962425,351.11917342151344,132.0998924100259,0.0,0.0006318689037456,0.3131704759509395,0.0744520856552334,69.85,4.461972778746094e-09,7.086143221393351e-10,1255.1851831880858,3.771185693333727,0.0001358035024924,0.00148,6.65847e-07,0.0154111111111111,0.0157,6.76e-06,0.0805555555555555,0.023,9e-06,0.0031111111111111,0.0401799999999999,0.0990777777777777,1.0,629469.5655304991,1.9e-06,0.12776,3.501040277986136,0.0251847749384638,0.0707783902957061,0.2026738899849759,132.8133759359712,2.1576648625849937
358,0.008,0.0095,550000.0,0.000127,1.0,30.0,350.0,0.001557576650437,4378.58812247549,319.92671377973846,135.91900599243226,0.0,0.0005417806160915,0.2820307665475212,0.0774252662012452,69.85,4.7012206017481985e-09,7.531227310795754e-10,1219.2980097377704,3.561679963448129,0.0001308355278229,0.00148,6.65847e-07,0.0154111111111111,0.0157,6.76e-06,0.0805555555555555,0.023,9e-06,0.0031111111111111,0.0401799999999999,0.0990777777777777,1.0,652728.1204657166,1.9e-06,0.12776,3.506392990544492,0.0245072163867731,0.036665500346276,0.1983025249339115,69.17884076090972,1.1238683783872176
359,0.008,0.0095,550000.0,0.000127,1.0,30.0,375.0,0.0018485899667225,4378.58812247549,351.11917342151344,143.0203545264743,0.0,0.0005700869810164,0.4050023392393765,0.0918911889378166,69.85,5.865273866890099e-09,9.696770892469327e-10,1044.6900199664851,2.542335979962344,0.000176675630221,0.00148,6.65847e-07,0.0154111111111111,0.0157,6.76e-06,0.0805555555555555,0.023,9e-06,0.0031111111111111,0.0401799999999999,0.0990777777777777,1.0,991000.9064308468,1.9e-06,0.12776,3.455271774288956,0.0309782564191195,0.1451711503015599,0.2381916118726203,260.2742579274585,4.232834737286805
360,0.008,0.0095,550000.0,0.000127,1.0,30.0,400.0,0.0021698117254921,4378.58812247549,351.11917342151344,137.74886337108816,0.0,0.0005490745280115,0.4212390686084458,0.1078587371001451,69.85,7.093556993471285e-09,1.1305488243200367e-09,931.2024366010442,1.947317732658988,0.0002107531897916,0.00148,6.65847e-07,0.0154111111111111,0.0157,6.76e-06,0.0805555555555555,0.023,9e-06,0.0031111111111111,0.0401799999999999,0.0990777777777777,1.0,1359946.209676279,1.9e-06,0.12776,3.422747442974554,0.0350952603829678,0.1454403315083006,0.2615671588275589,252.7557287110104,4.109155583547378
361,0.008,0.0095,550000.0,0.000127,1.0,35.0,350.0,0.002136323046859,5108.352809554739,319.92671377973846,137.60675812357533,0.0,0.0004701497903119,0.3248010584773762,0.1061940550717084,69.85,6.970765171816615e-09,1.121042951261105e-09,935.6675937521233,1.9600710028849704,0.0001898043949889,0.00148,6.65847e-07,0.0154111111111111,0.0157,6.76e-06,0.0805555555555555,0.023,9e-06,0.0031111111111111,0.0401799999999999,0.0990777777777777,1.0,924678.1057659565,1.9e-06,0.12776,3.441427608123013,0.0327306825160743,0.0506670034056676,0.2483200429100301,89.63205186950564,1.4561479735437053
362,0.008,0.0095,550000.0,0.000127,1.0,35.0,375.0,0.0025346574030637,5108.352809554739,351.11917342151344,144.2907053591427,0.0,0.0004929862878366,0.4623562083272412,0.1259947779174156,69.85,8.431324477900441e-09,1.2341114860509908e-09,882.5563462581658,1.8083759855739163,0.0002461319308387,0.00148,6.65847e-07,0.0154111111111111,0.0157,6.76e-06,0.0805555555555555,0.023,9e-06,0.0031111111111111,0.0401799999999999,0.0990777777777777,1.0,1162002.7320855835,1.9e-06,0.12776,3.384376207869791,0.0399523787506593,0.1684214304098255,0.2873648404652953,282.46831909129725,4.602577056806593
363,0.008,0.0095,550000.0,0.000127,1.0,35.0,400.0,0.0029742704051706,5108.352809554739,351.11917342151344,141.87796676494534,0.0,0.0004847428806114,0.405308890720369,0.1478474127165461,69.85,1.0043238818959e-08,1.3588971020757023e-09,823.9412793105819,1.6409610967349009,0.000288756430795,0.00148,6.65847e-07,0.0154111111111111,0.0157,6.76e-06,0.0805555555555555,0.023,9e-06,0.0031111111111111,0.0401799999999999,0.0990777777777777,1.0,1464154.3341872112,1.9e-06,0.12776,3.3517151707123727,0.0440866872515983,0.0895214780038228,0.3079443438883538,145.80533491508834,2.368730221973461
364,0.008,0.0095,550000.0,0.000127,1.0,40.0,350.0,0.0028147938204891,5838.117496633988,319.92671377973846,139.16116722371578,0.0,0.0004160280364985,0.364913049090574,0.1399200230639306,69.85,9.458491341793524e-09,1.3136291419252447e-09,845.2048239347811,1.7016935013019232,0.0002497387726233,0.00148,6.65847e-07,0.0154111111111111,0.0157,6.76e-06,0.0805555555555555,0.023,9e-06,0.0031111111111111,0.0401799999999999,0.0990777777777777,1.0,1131854.6238328873,1.9e-06,0.12776,3.3776544049836854,0.0408032398754829,0.0570530260266431,0.2916996212926235,95.1045524989164,1.545053343169179
365,0.008,0.0095,600000.0,0.000127,1.0,25.0,375.0,0.0010719685520669,3344.754815779889,351.11917342151344,141.65086588085617,0.0,0.0007391495443128,0.3536665424508306,0.0532862703609833,76.2,3.4148511041338082e-09,5.720600432197732e-10,1313.844,4.1799382768851965,0.0001164198562139,0.00148,6.65847e-07,0.0154111111111111,0.0157,6.76e-06,0.0805555555555555,0.023,9e-06,0.0031111111111111,0.0401799999999999,0.0990777777777777,1.0,902383.9017465642,1.9e-06,0.12776,3.427475981254473,0.0344967112336109,0.1324402720898473,0.2582582309610762,231.19473975453224,3.7567073009380025
366,0.008,0.0095,600000.0,0.000127,1.0,25.0,400.0,0.0012585383892852,3344.754815779889,351.11917342151344,132.099892410026,0.0,0.0006893115313588,0.3191651736568204,0.0625604330853003,76.2,3.787990778570408e-09,6.083488094079182e-10,1313.844,4.142225049989889,0.0001273921154307,0.00148,6.65847e-07,0.0154111111111111,0.0157,6.76e-06,0.0805555555555555,0.023,9e-06,0.0031111111111111,0.0401799999999999,0.0990777777777777,1.0,845377.0001738996,1.9e-06,0.12776,3.4137005049573577,0.036240442410461,0.0886647405715199,0.2678164282684745,152.78336693059654,2.4820943788162317
367,0.008,0.0095,600000.0,0.000127,1.0,30.0,350.0,0.0013087970465477,4013.7057789358655,319.92671377973846,135.91900599243232,0.0,0.0005910333993725,0.2818069567808878,0.0650587306274352,76.2,3.888508093095597e-09,6.181243695387796e-10,1313.844,4.132065765010829,0.0001195891213884,0.00148,6.65847e-07,0.0154111111111111,0.0157,6.76e-06,0.0805555555555555,0.023,9e-06,0.0031111111111111,0.0401799999999999,0.0990777777777777,1.0,887031.2077442058,1.9e-06,0.12776,3.4238879264159867,0.0349508953903814,0.0488082261534525,0.2607717778906182,84.91349405769229,1.3794910383022199
368,0.008,0.0095,600000.0,0.000127,1.0,30.0,375.0,0.0015533290692598,4013.7057789358655,351.11917342151344,143.02035452647422,0.0,0.0006219130701997,0.419558394917566,0.0772141240380264,76.2,4.684230277039597e-09,7.49961940269992e-10,1221.8465584440603,3.57655813594058,0.0001552160956281,0.00148,6.65847e-07,0.0154111111111111,0.0157,6.76e-06,0.0805555555555555,0.023,9e-06,0.0031111111111111,0.0401799999999999,0.0990777777777777,1.0,1105441.6037882343,1.9e-06,0.12776,3.358958756860804,0.0431697776125564,0.1744042708795395,0.303483441202884,285.8865410408452,4.660432619667734
369,0.008,0.0095,600000.0,0.000127,1.0,30.0,400.0,0.0018232445748927,4013.7057789358655,351.11917342151344,137.74886337108808,0.0,0.0005989903941944,0.4377861224063366,0.0906312999244275,76.2,5.763892299570905e-09,9.50816594716098e-10,1059.897255064364,2.631114297740252,0.0001895188841424,0.00148,6.65847e-07,0.0154111111111111,0.0157,6.76e-06,0.0805555555555555,0.023,9e-06,0.0031111111111111,0.0401799999999999,0.0990777777777777,1.0,1267399.0505079376,1.9e-06,0.12776,3.29206140257555,0.0516377971423354,0.1792148224819089,0.3426175242320249,277.2663706248747,4.515086445209057
370,0.008,0.0095,600000.0,0.000127,1.0,35.0,350.0,0.0017951047824301,4682.6567420918445,319.92671377973846,137.60675812357542,0.0,0.0005128906803403,0.3573970989604143,0.0892325046088661,76.2,5.651333129720787e-09,9.298766776928239e-10,1076.781130541882,2.729680674390453,0.0001702287742636,0.00148,6.65847e-07,0.0154111111111111,0.0157,6.76e-06,0.0805555555555555,0.023,9e-06,0.0031111111111111,0.0401799999999999,0.0990777777777777,1.0,970276.2328378072,1.9e-06,0.12776,3.32361866660506,0.0476432067588532,0.1002245943515479,0.3247197863980964,159.28081909057892,2.587651340574305
