width (mm),length (mm),frequency (Hz),admittance (S),phase (rad)
1,5,1,1.4699684220700345E-8,1.547420361363152
1,5,1.0471285480508996,1.5392458996527642E-8,1.5474203613651618
1,5,1.096478196143185,1.6117883242666974E-8,1.5474203613684363
1,5,1.1481536214968828,1.687749568017668E-8,1.5474203613714106
1,5,1.202264434617413,1.7672907548450176E-8,1.5474203613734594
1,5,1.2589254117941673,1.8505806024077227E-8,1.5474203613765525
1,5,1.318256738556407,1.9377957795926876E-8,1.5474203613798418
1,5,1.3803842646028848,2.0291212814339822E-8,1.5474203613830309
1,5,1.4454397707459274,2.1247508217803228E-8,1.547420361387521
1,5,1.5135612484362082,2.224887243453776E-8,1.5474203613917403
1,5,1.5848931924611136,2.3297429492540925E-8,1.5474203613950268
1,5,1.6595869074375607,2.4395403525786455E-8,1.5474203614011879
1,5,1.7378008287493754,2.5545123481556006E-8,1.5474203614072297
1,5,1.8197008586099834,2.67490280717093E-8,1.5474203614148327
1,5,1.9054607179632472,2.8009670941599657E-8,1.547420361424799
1,5,1.9952623149688795,2.932972608235639E-8,1.5474203614361086
1,5,2.0892961308540396,3.071199350200314E-8,1.5474203614450677
1,5,2.1877616239495525,3.215940518045511E-8,1.547420361454801
1,5,2.290867652767773,3.367503127215346E-8,1.5474203614652684
1,5,2.3988329190194904,3.5262086624218895E-8,1.5474203614775632
1,5,2.51188643150958,3.6923937593843884E-8,1.547420361490347
1,5,2.6302679918953817,3.866410919186008E-8,1.5474203615055229
1,5,2.7542287033381663,4.0486292564109434E-8,1.5474203615259188
1,5,2.884031503126606,4.2394352786503856E-8,1.5474203615424167
1,5,3.019951720402016,4.43923371227661E-8,1.5474203615608775
1,5,3.1622776601683795,4.648448356431086E-8,1.5474203615801552
1,5,3.311311214825911,4.8675229849106465E-8,1.5474203616061124
1,5,3.4673685045253166,5.096922282883074E-8,1.5474203616318516
1,5,3.630780547701014,5.3371328369520433E-8,1.547420361657599
1,5,3.8018939632056115,5.588664167440382E-8,1.5474203616880025
1,5,3.9810717055349722,5.852049805428345E-8,1.547420361720458
1,5,4.168693834703354,6.1278484272298E-8,1.547420361755066
1,5,4.36515832240166,6.416645041130325E-8,1.5474203617981404
1,5,4.570881896148751,6.719052220879535E-8,1.547420361841452
1,5,4.786300923226384,7.035711415450219E-8,1.5474203618919211
1,5,5.011872336272724,7.367294300223878E-8,1.547420361945957
1,5,5.248074602497725,7.714504207803102E-8,1.5474203620040747
1,5,5.495408738576246,8.078077615977885E-8,1.5474203620637181
1,5,5.7543993733715695,8.458785717523915E-8,1.5474203621350269
1,5,6.025595860743578,8.857436043852659E-8,1.547420362213403
1,5,6.309573444801933,9.274874186414664E-8,1.5474203622983902
1,5,6.606934480075961,9.711985587366439E-8,1.5474203623888851
1,5,6.918309709189364,1.016969742208009E-7,1.5474203624900558
1,5,7.244359600749901,1.0648980559036663E-7,1.5474203626007663
1,5,7.5857757502918375,1.11508516219046E-7,1.5474203627190337
1,5,7.943282347242816,1.1676375151025622E-7,1.547420362850748
1,5,8.31763771102671,1.222666585510603E-7,1.547420362998036
1,5,8.709635899560807,1.2802890974072378E-7,1.5474203631575496
1,5,9.120108393559097,1.3406272763772204E-7,1.5474203633341712
1,5,9.549925860214358,1.403809107922802E-7,1.5474203635269956
1,5,10,1.469968609683111E-7,1.5474203637392379
1,5,10.471285480508996,1.5392461150180118E-7,1.5474203639699364
1,5,10.964781961431852,1.61178857130239E-7,1.5474203642215436
1,5,11.481536214968829,1.6877498516920828E-7,1.5474203645003002
1,5,12.02264434617413,1.7672910806013014E-7,1.5474203648048972
1,5,12.589254117941675,1.8505809766088692E-7,1.5474203651405243
1,5,13.182567385564074,1.9377962090202077E-7,1.547420365505089
1,5,13.803842646028853,2.029121774592203E-7,1.5474203659070849
1,5,14.454397707459272,2.1247513878959638E-7,1.5474203663473263
1,5,15.13561248436208,2.224887893561617E-7,1.547420366830832
1,5,15.848931924611133,2.329743695877103E-7,1.5474203673607039
1,5,16.595869074375607,2.439541210085774E-7,1.5474203679444354
1,5,17.378008287493753,2.554513332527643E-7,1.5474203685806345
1,5,18.197008586099834,2.674903937062467E-7,1.547420369277727
1,5,19.054607179632473,2.800968390975582E-7,1.5474203700430922
1,5,19.952623149688797,2.93297409700765E-7,1.547420370884953
1,5,20.892961308540396,3.0712010589685095E-7,1.5474203718020625
1,5,21.87761623949553,3.215942480165256E-7,1.5474203728120592
1,5,22.908676527677734,3.3675053801069044E-7,1.5474203739189145
1,5,23.98832919019491,3.526211249188911E-7,1.5474203751329054
1,5,25.11886431509581,3.69239672907734E-7,1.5474203764618777
1,5,26.302679918953814,3.8664143300036675E-7,1.547420377926695
1,5,27.542287033381662,4.048633170501131E-7,1.5474203795216315
1,5,28.84031503126606,4.239439773575606E-7,1.5474203812788228
1,5,30.19951720402016,4.4392388726504665E-7,1.547420383199206
1,5,31.622776601683793,4.6484542828306446E-7,1.547420385312339
1,5,33.11311214825911,4.867529788012676E-7,1.5474203876226342
1,5,34.673685045253166,5.09693009395073E-7,1.547420390158936
1,5,36.30780547701014,5.337141805846633E-7,1.5474203929386543
1,5,38.018939632056124,5.588674465745788E-7,1.547420395989285
1,5,39.810717055349734,5.852061628515449E-7,1.5474203993280295
1,5,41.68693834703355,6.12786199515377E-7,1.5474204029701029
1,5,43.65158322401661,6.416660615487705E-7,1.5474204069789463
1,5,45.708818961487516,6.719070101928522E-7,1.5474204113790697
1,5,47.86300923226383,7.035731944738736E-7,1.5474204162065226
1,5,50.11872336272722,7.367317869749788E-7,1.5474204214972227
1,5,52.48074602497726,7.71453126981567E-7,1.5474204273024728
1,5,54.954087385762456,8.078108688219832E-7,1.5474204336641535
1,5,57.543993733715695,8.458821394541335E-7,1.5474204406461562
1,5,60.25595860743578,8.857477004193625E-7,1.54742044829379
1,5,63.09573444801933,9.274921214276617E-7,1.5474204566820642
1,5,66.06934480075961,9.712039583657946E-7,1.5474204658804351
1,5,69.18309709189366,1.0169759419455508E-6,1.5474204759684453
1,5,72.44359600749902,1.0649051740083213E-6,1.5474204870246933
1,5,75.8577575029184,1.1150933352315564E-6,1.5474204991534142
1,5,79.43282347242817,1.167646899289647E-6,1.5474205124523501
1,5,83.17637711026708,1.2226773599082723E-6,1.5474205270311834
1,5,87.09635899560806,1.2803014683263178E-6,1.5474205430199535
1,5,91.20108393559097,1.3406414804996228E-6,1.5474205605547764
1,5,95.49925860214358,1.40382541699522E-6,1.5474205797819873
1,5,100,1.4699873368138927E-6,1.547420600880739
1,5,104.71285480508996,1.5392676170301734E-6,1.5474206239947246
1,5,109.64781961431851,1.6118132605501742E-6,1.5474206493511609
1,5,114.81536214968828,1.6877781995838752E-6,1.5474206771475052
1,5,120.22644346174131,1.7673236291006608E-6,1.547420707622831
1,5,125.89254117941675,1.8506183480186133E-6,1.5474207410396148
1,5,131.82567385564073,1.9378391174993355E-6,1.5474207776722333
1,5,138.03842646028852,2.0291710411507065E-6,1.5474208178470785
1,5,144.5439770745928,2.1248079547101895E-6,1.5474208618987313
1,5,151.35612484362088,2.2249528423824914E-6,1.5474209102019891
1,5,158.48931924611142,2.3298182686175983E-6,1.5474209631646247
1,5,165.95869074375614,2.439626833240868E-6,1.547421021243945
1,5,173.78008287493762,2.554611643476153E-6,1.5474210849229986
1,5,181.97008586099844,2.6750168170374796E-6,1.547421154754136
1,5,190.54607179632484,2.80109799838565E-6,1.5474212313207905
1,5,199.52623149688807,2.9331229114736296E-6,1.5474213152839158
1,5,208.92961308540387,3.0713719279998333E-6,1.5474214073499084
1,5,218.77616239495518,3.2161386741558273E-6,1.5474215083164642
1,5,229.08676527677724,3.3677306524613087E-6,1.5474216190266614
1,5,239.88329190194898,3.5264699102404468E-6,1.5474217404251291
1,5,251.18864315095797,3.692693728604979E-6,1.5474218735430507
1,5,263.02679918953817,3.8667553514647605E-6,1.5474220195210873
1,5,275.4228703338166,4.049024743704612E-6,1.5474221795995116
1,5,288.40315031266056,4.2398893936536695E-6,1.5474223551439956
1,5,301.9951720402016,4.4397551493536355E-6,1.5474225476473369
1,5,316.22776601683796,4.649047101359504E-6,1.5474227587542582
1,5,331.1311214825911,4.868210504889355E-6,1.5474229902667809
1,5,346.73685045253166,5.097711747010571E-6,1.5474232441517288
1,5,363.0780547701014,5.338039371568017E-6,1.5474235225817106
1,5,380.1893963205613,5.589705145048236E-6,1.5474238279381018
1,5,398.1071705534973,5.853245181113459E-6,1.5474241628321108
1,5,416.8693834703355,6.129221120575149E-6,1.5474245301248817
1,5,436.5158322401661,6.418221374343527E-6,1.54742493295341
1,5,457.0881896148752,6.720862437055592E-6,1.5474253747775684
1,5,478.6300923226385,7.037786039108281E-6,1.5474258481492653
1,5,501.18723362727246,7.369674448177712E-6,1.547426372532641
1,5,524.8074602497728,7.717237428604628E-6,1.547426953221197
1,5,549.5408738576248,8.081216635677948E-6,1.5474275907854802
1,5,575.4399373371573,8.462390878773979E-6,1.547428290187455
1,5,602.5595860743581,8.861576758683185E-6,1.5474290576032792
1,5,630.9573444801937,9.279630084571778E-6,1.5474298993772737
1,5,660.6934480075957,9.71744825851324E-6,1.5474308229251066
1,5,691.8309709189363,1.0175972147197701E-5,1.5474318362655715
1,5,724.4359600749899,1.0656188350322233E-5,1.547432948173899
1,5,758.5775750291835,1.1159131612439035E-5,1.5474341683350645
1,5,794.3282347242813,1.1685887321804365E-5,1.5474355074005923
1,5,831.7637711026708,1.223759417745793E-5,1.547436977073951
1,5,870.9635899560806,1.2815447051247926E-5,1.547438590247692
1,5,912.0108393559096,1.342070002058381E-5,1.5474403611237089
1,5,954.992586021436,1.4054669297383528E-5,1.5474423049289667
1,5,1000,1.4718737660317285E-5,1.5474444394149733
1,5,1047.1285480508996,1.541435723388176E-5,1.5474467836769457
1,5,1096.4781961431852,1.6143053489206534E-5,1.5474493584505933
1,5,1148.1536214968828,1.6906429957779487E-5,1.5474521868737234
1,5,1202.2644346174131,1.7706177299851832E-5,1.5474552993662973
1,5,1258.9254117941675,1.8544060550822115E-5,1.5474587149008059
1,5,1318.2567385564075,1.9421950334837875E-5,1.5474624692203494
1,5,1380.3842646028852,2.0341811889108132E-5,1.5474665967319088
1,5,1445.439770745928,2.1305716038967035E-5,1.5474711358373212
1,5,1513.5612484362086,2.2315845919343446E-5,1.5474761290216348
1,5,1584.893192461114,2.337450486658404E-5,1.5474816234629056
1,5,1659.5869074375614,2.448412520768191E-5,1.5474876717481332
1,5,1737.8008287493763,2.5647277088582304E-5,1.5474943319679826
1,5,1819.7008586099844,2.6866680184729036E-5,1.5475016693049952
1,5,1905.4607179632483,2.8145214997777007E-5,1.5475097563839018
1,5,1995.262314968881,2.9485936490638258E-5,1.5475186744064404
1,5,2089.2961308540407,3.0892089405172856E-5,1.5475285143458748
1,5,2187.761623949552,3.236712570509881E-5,1.5475393783075344
1,5,2290.8676527677726,3.391472520683091E-5,1.5475513814531783
1,5,2398.83291901949,3.553881676538687E-5,1.5475646527500437
1,5,2511.88643150958,3.724360832035688E-5,1.5475793388966586
1,5,2630.2679918953813,3.903361687529555E-5,1.5475956059207547
1,5,2754.2287033381663,4.0913706648769135E-5,1.5476136426167875
1,5,2884.031503126606,4.288913427125783E-5,1.547633664426743
1,5,3019.9517204020162,4.4965603218370315E-5,1.5476559180793674
1,5,3162.2776601683795,4.714933019076214E-5,1.547680687269275
1,5,3311.311214825911,4.944712686244439E-5,1.547708299625757
1,5,3467.368504525317,5.186650158553946E-5,1.5477391353048497
1,5,3630.780547701014,5.4415787408195646E-5,1.5477736376738092
1,5,3801.8939632056126,5.7104305485982106E-5,1.547812326798772
1,5,3981.0717055349733,5.994257579168595E-5,1.5478558164134875
1,5,4168.693834703355,6.294259343048073E-5,1.5479048357136187
1,5,4365.158322401661,6.611819582174567E-5,1.5479602574101996
1,5,4570.881896148751,6.94855594434222E-5,1.5480231344398714
1,5,4786.300923226385,7.30638831957225E-5,1.5480947482997565
1,5,5011.872336272725,7.687634820620381E-5,1.548176673719066
1,5,5248.074602497728,8.095149543017749E-5,1.5482708661341376
1,5,5495.408738576249,8.532525210138046E-5,1.5483797815608542
1,5,5754.399373371572,9.004399831518241E-5,1.5485065432627971
1,5,6025.5958607435805,9.516935699031453E-5,1.5486551760772278
1,5,6309.573444801937,1.0078596231762768E-4,1.5488309396536082
1,5,6606.9344800759645,1.0701462098831904E-4,1.5490408036247305
1,5,6918.309709189362,1.1403581887026739E-4,1.5492941169468328
1,5,7244.359600749898,1.221345028858126E-4,1.5496034963089937
1,5,7585.775750291836,1.3179261594689653E-4,1.5499857536319581
1,5,7943.282347242814,1.4390166748463648E-4,1.5504616430800704
1,5,8317.63771102671,1.6032716658139824E-4,1.551047931421724
1,5,8709.635899560806,1.8576338226924981E-4,1.5517039898873959
1,5,9120.108393559096,2.364380957891008E-4,1.5519355260443166
1,5,9549.92586021436,4.324109128375428E-4,1.5449201228168858
1,5,10000,3.850918659267908E-4,-1.5147944232370827
1,10,1,2.991681249098113E-8,1.5478650836848244
1,10,1.0471285480508996,3.132674849008269E-8,1.5478650837226935
1,10,1.096478196143185,3.280313269844886E-8,1.54786508374268
1,10,1.1481536214968828,3.434909678188731E-8,1.5478650837797545
1,10,1.202264434617413,3.5967919921648204E-8,1.5478650838218246
1,10,1.2589254117941673,3.7663035874639325E-8,1.5478650838758872
1,10,1.318256738556407,3.943804017930326E-8,1.5478650839252697
1,10,1.3803842646028848,4.129669787767452E-8,1.5478650839822325
1,10,1.4454397707459274,4.324295142221423E-8,1.547865084040595
1,10,1.5135612484362082,4.528092911052476E-8,1.5478650841110397
1,10,1.5848931924611136,4.741495372894334E-8,1.5478650841796295
1,10,1.6595869074375607,4.9649551867634546E-8,1.5478650842577992
1,10,1.7378008287493754,5.198946344511922E-8,1.5478650843604875
1,10,1.8197008586099834,5.4439651709340066E-8,1.5478650844767097
1,10,1.9054607179632472,5.7005314119979366E-8,1.547865084694023
1,10,1.9952623149688795,5.969189222582385E-8,1.547865084822927
1,10,2.0892961308540396,6.250508489572079E-8,1.547865084960289
1,10,2.1877616239495525,6.545085937520768E-8,1.5478650851237756
1,10,2.290867652767773,6.853546396107551E-8,1.5478650852901121
1,10,2.3988329190194904,7.176544158943196E-8,1.5478650854752027
1,10,2.51188643150958,7.5147643462577E-8,1.5478650856729261
1,10,2.6302679918953817,7.868924381745235E-8,1.547865085915675
1,10,2.7542287033381663,8.23977550421848E-8,1.5478650862346086
1,10,2.884031503126606,8.628104284172316E-8,1.5478650864996115
1,10,3.019951720402016,9.034734453389795E-8,1.5478650867885422
1,10,3.1622776601683795,9.460528529390918E-8,1.5478650871007889
1,10,3.311311214825911,9.906389735824302E-8,1.547865087535387
1,10,3.4673685045253166,1.0373263707600911E-7,1.5478650879045077
1,10,3.630780547701014,1.0862140801073924E-7,1.5478650883056806
1,10,3.8018939632056115,1.1374058041988083E-7,1.5478650888200984
1,10,3.9810717055349722,1.1910101211062754E-7,1.5478650893291044
1,10,4.168693834703354,1.2471407353059964E-7,1.5478650898700257
1,10,4.36515832240166,1.305916715198978E-7,1.547865090547524
1,10,4.570881896148751,1.3674627252940582E-7,1.5478650912407246
1,10,4.786300923226384,1.431909319007352E-7,1.5478650920309882
1,10,5.011872336272724,1.4993931988522553E-7,1.5478650929248081
1,10,5.248074602497725,1.5700574983195577E-7,1.5478650938081422
1,10,5.495408738576246,1.6440521168214112E-7,1.5478650947990003
1,10,5.7543993733715695,1.7215340118074078E-7,1.5478650959356366
1,10,6.025595860743578,1.8026675316057234E-7,1.5478650971776247
1,10,6.309573444801933,1.887624770662332E-7,1.5478650985089766
1,10,6.606934480075961,1.9765859388204663E-7,1.5478650999436732
1,10,6.918309709189364,2.069739740624155E-7,1.5478651015153826
1,10,7.244359600749901,2.1672837804773963E-7,1.547865103316151
1,10,7.5857757502918375,2.2694249460447512E-7,1.547865105170704
1,10,7.943282347242816,2.3763799213316446E-7,1.5478651072914706
1,10,8.31763771102671,2.488375565970867E-7,1.5478651095880351
1,10,8.709635899560807,2.605649451197724E-7,1.547865112125119
1,10,9.120108393559097,2.7284503441065766E-7,1.5478651149535294
1,10,9.549925860214358,2.8570387257741494E-7,1.5478651180477982
1,10,10,2.9916873488093265E-7,1.547865121361617
1,10,10.471285480508996,3.132681856111394E-7,1.547865125053317
1,10,10.964781961431852,3.2803213110335645E-7,1.5478651290402408
1,10,11.481536214968829,3.4349189122169265E-7,1.547865133453105
1,10,12.02264434617413,3.5968026022400537E-7,1.547865138329576
1,10,12.589254117941675,3.766315769511877E-7,1.547865143643484
1,10,13.182567385564074,3.9438179945589566E-7,1.5478651494130622
1,10,13.803842646028853,4.129685840889366E-7,1.547865155813674
1,10,14.454397707459272,4.324313579743605E-7,1.5478651628264526
1,10,15.13561248436208,4.5281140654831784E-7,1.547865170440691
1,10,15.848931924611133,4.7415196803333804E-7,1.5478651789103226
1,10,16.595869074375607,4.964983092895677E-7,1.5478651881186818
1,10,17.378008287493753,5.198978375246926E-7,1.5478651982048388
1,10,18.197008586099834,5.444001952879368E-7,1.5478652093244827
1,10,19.054607179632473,5.700573609144445E-7,1.547865221474201
1,10,19.952623149688797,5.969237657393347E-7,1.5478652347578
1,10,20.892961308540396,6.250564119192363E-7,1.5478652494152239
1,10,21.87761623949553,6.54514980453126E-7,1.547865265434123
1,10,22.908676527677734,6.853619720600402E-7,1.5478652829817798
1,10,23.98832919019491,7.176628345018867E-7,1.5478653022372375
1,10,25.11886431509581,7.514861006279341E-7,1.5478653233521236
1,10,26.302679918953814,7.869035361859588E-7,1.547865346523192
1,10,27.542287033381662,8.23990288897949E-7,1.5478653718974698
1,10,28.84031503126606,8.62825056796881E-7,1.5478653997815641
1,10,30.19951720402016,9.034902410377112E-7,1.547865430295743
1,10,31.622776601683793,9.460721400144594E-7,1.5478654638062117
1,10,33.11311214825911,9.906611137100186E-7,1.5478655005023363
1,10,34.673685045253166,1.0373517942326057E-6,1.5478655407707729
1,10,36.30780547701014,1.0862432715987865E-6,1.5478655848853873
1,10,38.018939632056124,1.1374393207148124E-6,1.5478656333088148
1,10,39.810717055349734,1.1910485966631076E-6,1.5478656862467084
1,10,41.68693834703355,1.247184908604619E-6,1.5478657443344632
1,10,43.65158322401661,1.3059674260943047E-6,1.5478658080537857
1,10,45.708818961487516,1.3675209483188846E-6,1.5478658779535746
1,10,47.86300923226383,1.4319761691886847E-6,1.5478659546519922
1,10,50.11872336272722,1.4994699510167585E-6,1.5478660387410101
1,10,52.48074602497726,1.57014562406609E-6,1.5478661308949495
1,10,54.954087385762456,1.644153292469732E-6,1.5478662318646288
1,10,57.543993733715695,1.721650176107459E-6,1.547866342680291
1,10,60.25595860743578,1.802800915931691E-6,1.54786646429591
1,10,63.09573444801933,1.887777919536354E-6,1.5478665975355315
1,10,66.06934480075961,1.976761794663148E-6,1.547866743737278
1,10,69.18309709189366,2.0699416573001E-6,1.5478669039445212
1,10,72.44359600749902,2.1675156266951834E-6,1.5478670797349368
1,10,75.8577575029184,2.269691166613265E-6,1.5478672724427531
1,10,79.43282347242817,2.3766856119308727E-6,1.5478674838407767
1,10,83.17637711026708,2.48872659475847E-6,1.5478677157349632
1,10,87.09635899560806,2.6060525310383725E-6,1.5478679699651319
1,10,91.20108393559097,2.728913204200814E-6,1.5478682488638573
1,10,95.49925860214358,2.8575702386390883E-6,1.5478685547348234
1,10,100,2.9922977174784853E-6,1.547868890188446
1,10,104.71285480508996,3.1333827827845744E-6,1.5478692581329043
1,10,109.64781961431851,3.2811262470650918E-6,1.5478696616455163
1,10,114.81536214968828,3.4358432976986536E-6,1.5478701042274972
1,10,120.22644346174131,3.5978641538934925E-6,1.5478705895590898
1,10,125.89254117941675,3.7675348984942506E-6,1.5478711220321673
1,10,131.82567385564073,3.945218114519186E-6,1.5478717060142428
1,10,138.03842646028852,4.131293843618178E-6,1.547872346616205
1,10,144.5439770745928,4.326160381914034E-6,1.5478730493565012
1,10,151.35612484362088,4.530235191193543E-6,1.5478738202059292
1,10,158.48931924611142,4.7439559471541145E-6,1.5478746659893752
1,10,165.95869074375614,4.967781431858338E-6,1.5478755939048823
1,10,173.78008287493762,5.202192634072923E-6,1.5478766117119052
1,10,181.97008586099844,5.447694221559287E-6,1.5478777289539492
1,10,190.54607179632484,5.704815180541785E-6,1.5478789549714276
1,10,199.52623149688807,5.974110519698167E-6,1.5478803004929882
1,10,208.92961308540387,6.256162564126106E-6,1.5478817774352274
1,10,218.77616239495518,6.551582219981587E-6,1.5478833984216136
1,10,229.08676527677724,6.861010854613589E-6,1.5478851779254688
1,10,239.88329190194898,7.1851216603864345E-6,1.5478871314926037
1,10,251.18864315095797,7.524621624807405E-6,1.547889276478968
1,10,263.02679918953817,7.880253518837248E-6,1.5478916323689111
1,10,275.4228703338166,8.252796530077949E-6,1.5478942177357518
1,10,288.40315031266056,8.64307165264909E-6,1.5478970579291873
1,10,301.9951720402016,9.051941681065651E-6,1.5479001794671827
1,10,316.22776601683796,9.480313815209838E-6,1.547903610618642
1,10,331.1311214825911,9.929141919145893E-6,1.547907380919696
1,10,346.73685045253166,1.0399432967571877E-5,1.5479115280174072
1,10,363.0780547701014,1.0892245047638717E-5,1.5479160879625868
1,10,380.1893963205613,1.1408694334328575E-5,1.5479211022495762
1,10,398.1071705534973,1.19499615156378E-5,1.5479266218361798
1,10,416.8693834703355,1.2517288616828147E-5,1.5479326954604469
1,10,436.5158322401661,1.311199325359968E-5,1.5479393850865988
1,10,457.0881896148752,1.3735462649505896E-5,1.5479467497185253
1,10,478.6300923226385,1.4389107276426905E-5,1.5479547813609078
1,10,501.18723362727246,1.5074562662542233E-5,1.5479636607870877
1,10,524.8074602497728,1.5793533226030312E-5,1.547973528645569
1,10,549.5408738576248,1.6547738592466507E-5,1.5479844261937297
1,10,575.4399373371573,1.7339060943035806E-5,1.5479964667117543
1,10,602.5595860743581,1.8169511909682407E-5,1.5480097794776315
1,10,630.9573444801937,1.9041246184094973E-5,1.5480245114291038
1,10,660.6934480075957,1.9956581044005272E-5,1.548040832639218
1,10,691.8309709189363,2.0918006945543443E-5,1.5480589310117807
1,10,724.4359600749899,2.1928218179397303E-5,1.5480790234768054
1,10,758.5775750291835,2.2990138301847187E-5,1.5481013581538043
1,10,794.3282347242813,2.4106954248232965E-5,1.548126220117889
1,10,831.7637711026708,2.5282162542327006E-5,1.5481539414861327
1,10,870.9635899560806,2.6519613191998386E-5,1.5481849037070081
1,10,912.0108393559096,2.7823582952769974E-5,1.5482195539884374
1,10,954.992586021436,2.919884692600349E-5,1.5482584108654311
1,10,1000,3.0650824560313325E-5,1.5483021049365182
1,10,1047.1285480508996,3.2185669913417536E-5,1.5483513680019252
1,10,1096.4781961431852,3.381049501605881E-5,1.5484070834971162
1,10,1148.1536214968828,3.553361961214512E-5,1.5484703196289569
1,10,1202.2644346174131,3.736504153019013E-5,1.5485424331216144
1,10,1258.9254117941675,3.931644736202819E-5,1.5486249097364975
1,10,1318.2567385564075,4.140263184633386E-5,1.5487197925676655
1,10,1380.3842646028852,4.364208288473937E-5,1.5488295855147411
1,10,1445.439770745928,4.605867016266953E-5,1.548957481635931
1,10,1513.5612484362086,4.868411018974932E-5,1.549107610810348
1,10,1584.893192461114,5.15619546186904E-5,1.549285393874142
1,10,1659.5869074375614,5.475435888009155E-5,1.5494980621004417
1,10,1737.8008287493763,5.8354146761325766E-5,1.5497554075025088
1,10,1819.7008586099844,6.25077621535368E-5,1.5500708405651944
1,10,1905.4607179632483,6.74626918201521E-5,1.550462723105828
1,10,1995.262314968881,7.36761512386578E-5,1.5509551451004928
1,10,2089.2961308540407,8.210302199745561E-5,1.5515731400376276
1,10,2187.761623949552,9.513873905777472E-5,1.5523013772151473
1,10,2290.8676527677726,1.2101668733438886E-4,1.5527563524452244
1,10,2398.83291901949,2.1952911535459766E-4,1.5472624752340014
1,10,2511.88643150958,2.102622958969006E-4,-1.5201207342270973
1,10,2630.2679918953813,4.955337955942748E-6,-1.096950188483292
1,10,2754.2287033381663,3.0018638834834394E-5,1.5051018366378859
1,10,2884.031503126606,4.60319033702349E-5,1.5278421719815234
1,10,3019.9517204020162,5.645238874950506E-5,1.5346330995641781
1,10,3162.2776601683795,6.450408872637846E-5,1.537830941602003
1,10,3311.311214825911,7.139200657207193E-5,1.539671724662042
1,10,3467.368504525317,7.767180469332122E-5,1.5408604954946596
1,10,3630.780547701014,8.363818707501272E-5,1.5416878520511283
1,10,3801.8939632056126,8.946456402670393E-5,1.5422948506943785
1,10,3981.0717055349733,9.52619333021457E-5,1.5427580612905547
1,10,4168.693834703355,1.011067294723286E-4,1.5431226023724784
1,10,4365.158322401661,1.0705526154829397E-4,1.5434168094186413
1,10,4570.881896148751,1.1315178388671972E-4,1.5436594285803007
1,10,4786.300923226385,1.1943339357540602E-4,1.5438634419899284
1,10,5011.872336272725,1.259333213923038E-4,1.5440382483135742
1,10,5248.074602497728,1.32683555863101E-4,1.5441910040284528
1,10,5495.408738576249,1.3971758153654562E-4,1.5443275462676196
1,10,5754.399373371572,1.470743610111196E-4,1.5444531783593871
1,10,6025.5958607435805,1.5480617532247744E-4,1.5445736404156072
1,10,6309.573444801937,1.6299845918912466E-4,1.5446969843551308
1,10,6606.9344800759645,1.718351717749181E-4,1.5448389337238704
1,10,6918.309709189362,1.8191828266258148E-4,1.545045492751866
1,10,7244.359600749898,1.9820310280797962E-4,1.5455509514976464
1,10,7585.775750291836,1.8382078617027313E-4,1.542925604181574
1,10,7943.282347242814,2.022493430900221E-4,1.544407776045775
1,10,8317.63771102671,2.142870320545811E-4,1.5446871973880825
1,10,8709.635899560806,2.2597911889355365E-4,1.5448459213551429
1,10,9120.108393559096,2.3804734531569937E-4,1.5449754130795543
1,10,9549.92586021436,2.5080376290208717E-4,1.545103786684825
1,10,10000,2.6456286676385473E-4,1.5452496942247935
1,12,1,3.600877124791583E-8,1.547941627293683
1,12,1.0471285480508996,3.770581244773641E-8,1.547941627340738
1,12,1.096478196143185,3.94828331219127E-8,1.5479416275633542
1,12,1.1481536214968828,4.13436018924606E-8,1.5479416276435938
1,12,1.202264434617413,4.3292066041525125E-8,1.5479416277354867
1,12,1.2589254117941673,4.533235847866894E-8,1.5479416278228741
1,12,1.318256738556407,4.746880700195045E-8,1.5479416279343459
1,12,1.3803842646028848,4.970594327203547E-8,1.5479416280579237
1,12,1.4454397707459274,5.2048512586659845E-8,1.5479416281948255
1,12,1.5135612484362082,5.450148380005821E-8,1.5479416283172862
1,12,1.5848931924611136,5.707006003196976E-8,1.5479416284585017
1,12,1.6595869074375607,5.97596896130039E-8,1.5479416286200705
1,12,1.7378008287493754,6.257607771809013E-8,1.5479416288249945
1,12,1.8197008586099834,6.552519821324931E-8,1.5479416290528856
1,12,1.9054607179632472,6.861330721760574E-8,1.5479416294734534
1,12,1.9952623149688795,7.184695388033169E-8,1.5479416297600697
1,12,2.0892961308540396,7.523299775817378E-8,1.547941630070017
1,12,2.1877616239495525,7.877862113396961E-8,1.5479416304028484
1,12,2.290867652767773,8.249134466236752E-8,1.5479416307401774
1,12,2.3988329190194904,8.637904373257348E-8,1.547941631114556
1,12,2.51188643150958,9.04499646543274E-8,1.5479416315280292
1,12,2.6302679918953817,9.471274292588998E-8,1.5479416320652768
1,12,2.7542287033381663,9.917642025455118E-8,1.5479416326784308
1,12,2.884031503126606,1.03850464011369E-7,1.547941633222949
1,12,3.019951720402016,1.0874478913243491E-7,1.5479416338177856
1,12,3.1622776601683795,1.1386977712989312E-7,1.5479416344691102
1,12,3.311311214825911,1.1923630023345848E-7,1.5479416353719495
1,12,3.4673685045253166,1.2485573907190356E-7,1.547941636125968
1,12,3.630780547701014,1.3074001485922018E-7,1.5479416369837438
1,12,3.8018939632056115,1.369016096492253E-7,1.5479416380280657
1,12,3.9810717055349722,1.4335359161915125E-7,1.5479416390444423
1,12,4.168693834703354,1.501096485349793E-7,1.5479416403110022
1,12,4.36515832240166,1.571841092309565E-7,1.5479416415937788
1,12,4.570881896148751,1.6459198198460683E-7,1.5479416431525699
1,12,4.786300923226384,1.7234897744901426E-7,1.5479416446885021
1,12,5.011872336272724,1.8047155249486917E-7,1.54794164652529
1,12,5.248074602497725,1.8897693319620447E-7,1.5479416483317463
1,12,5.495408738576246,1.9788316381243028E-7,1.5479416503957448
1,12,5.7543993733715695,2.0720913668058828E-7,1.5479416527709897
1,12,6.025595860743578,2.1697463197393178E-7,1.547941655286327
1,12,6.309573444801933,2.272003655123586E-7,1.5479416580614538
1,12,6.606934480075961,2.3790802758497343E-7,1.5479416610643446
1,12,6.918309709189364,2.491203320509213E-7,1.5479416643662565
1,12,7.244359600749901,2.6086106472726235E-7,1.547941668128657
1,12,7.5857757502918375,2.7315512322921906E-7,1.5479416718598615
1,12,7.943282347242816,2.86028596759138E-7,1.5479416763305383
1,12,8.31763771102671,2.995087862635143E-7,1.5479416810740223
1,12,8.709635899560807,3.1362428962016673E-7,1.5479416863199942
1,12,9.120108393559097,3.284050507729743E-7,1.5479416921516673
1,12,9.549925860214358,3.4388242205172166E-7,1.5479416984927803
1,12,10,3.6008923490910904E-7,1.5479417053403413
1,12,10.471285480508996,3.7705987478495383E-7,1.5479417130271396
1,12,10.964781961431852,3.9483033483074497E-7,1.5479417212417155
1,12,11.481536214968829,4.1343832159246315E-7,1.5479417304521195
1,12,12.02264434617413,4.329233036130555E-7,1.5479417404385172
1,12,12.589254117941675,4.533266193667158E-7,1.5479417513956795
1,12,13.182567385564074,4.7469155444157246E-7,1.5479417634388346
1,12,13.803842646028853,4.970634348723003E-7,1.547941776690257
1,12,14.454397707459272,5.204897197537286E-7,1.5479417911154572
1,12,15.13561248436208,5.450201112791073E-7,1.5479418069248125
1,12,15.848931924611133,5.70706656079127E-7,1.5479418243416312
1,12,16.595869074375607,5.976038503702461E-7,1.5479418434325132
1,12,17.378008287493753,6.257687598660138E-7,1.547941864314197
1,12,18.197008586099834,6.552611469147985E-7,1.5479418872423334
1,12,19.054607179632473,6.861435862243561E-7,1.5479419123441505
1,12,19.952623149688797,7.184816107987427E-7,1.5479419399224157
1,12,20.892961308540396,7.523438387038347E-7,1.5479419701728485
1,12,21.87761623949553,7.878021273714145E-7,1.547942003350223
1,12,22.908676527677734,8.249317181704243E-7,1.5479420396095713
1,12,23.98832919019491,8.638114174308094E-7,1.5479420794632024
1,12,25.11886431509581,9.045237349108077E-7,1.5479421231266037
1,12,26.302679918953814,9.471550871736604E-7,1.547942171108577
1,12,27.542287033381662,9.917959532679657E-7,1.5479422236354816
1,12,28.84031503126606,1.038541089647679E-6,1.54794228109578
1,12,30.19951720402016,1.0874897472148759E-6,1.5479423443025877
1,12,31.622776601683793,1.138745831467857E-6,1.547942413541623
1,12,33.11311214825911,1.1924181775306604E-6,1.5479424895262741
1,12,34.673685045253166,1.248620749137373E-6,1.5479425728154377
1,12,36.30780547701014,1.3074728979138016E-6,1.5479426640987815
1,12,38.018939632056124,1.3690996209361572E-6,1.5479427641785792
1,12,39.810717055349734,1.4336318226806894E-6,1.5479428739284748
1,12,41.68693834703355,1.5012065483211385E-6,1.5479429936801
1,12,43.65158322401661,1.5719674541401463E-6,1.5479431254282872
1,12,45.708818961487516,1.646064895446548E-6,1.5479432700521092
1,12,47.86300923226383,1.723656354037579E-6,1.5479434286367377
1,12,50.11872336272722,1.8049067858850323E-6,1.547943602578212
1,12,52.48074602497726,1.8899889636997388E-6,1.5479437934052
1,12,54.954087385762456,1.9790838291819816E-6,1.5479440025707556
1,12,57.543993733715695,2.072380939155176E-6,1.5479442319899337
1,12,60.25595860743578,2.1700788293460663E-6,1.5479444835956022
1,12,63.09573444801933,2.272385473008325E-6,1.5479447595430411
1,12,66.06934480075961,2.379518727902858E-6,1.547945062208512
1,12,69.18309709189366,2.4917068064755553E-6,1.5479453940989514
1,12,72.44359600749902,2.6091888053357714E-6,1.547945758135266
1,12,75.8577575029184,2.73221518104507E-6,1.5479461572268107
1,12,79.43282347242817,2.8610484156895236E-6,1.5479465951154414
1,12,83.17637711026708,2.995963455575773E-6,1.5479470753562716
1,12,87.09635899560806,3.1372484417128994E-6,1.5479476021314427
1,12,91.20108393559097,3.2852052948889092E-6,1.547948179899248
1,12,95.49925860214358,3.4401505175046106E-6,1.547948814069907
1,12,100,3.6024156403307698E-6,1.5479495095324958
1,12,104.71285480508996,3.772348304965395E-6,1.5479502724811662
1,12,109.64781961431851,3.950312888727585E-6,1.5479511094927039
1,12,114.81536214968828,4.136691396226053E-6,1.5479520277964827
1,12,120.22644346174131,4.3318843515190055E-6,1.5479530353125672
1,12,125.89254117941675,4.536311830144485E-6,1.5479541410344204
1,12,131.82567385564073,4.750414232416115E-6,1.5479553541656825
1,12,138.03842646028852,4.974653664718943E-6,1.5479566854773676
1,12,144.5439770745928,5.20951484854346E-6,1.5479581464577463
1,12,151.35612484362088,5.455506601409615E-6,1.5479597504084517
1,12,158.48931924611142,5.71316258139305E-6,1.5479615106855396
1,12,165.95869074375614,5.983043548386253E-6,1.547963443797239
1,12,173.78008287493762,6.265737908894308E-6,1.547965566435377
1,12,181.97008586099844,6.561863782896553E-6,1.547967897345366
1,12,190.54607179632484,6.872070742967255E-6,1.5479704575520723
1,12,199.52623149688807,7.19704140647845E-6,1.547973269891967
1,12,208.92961308540387,7.5374932917634526E-6,1.547976359084437
1,12,218.77616239495518,7.894182143156104E-6,1.5479797548560896
1,12,229.08676527677724,8.267902096879886E-6,1.5479834869986868
1,12,239.88329190194898,8.65948986742731E-6,1.547987589857168
1,12,251.18864315095797,9.069827548111005E-6,1.5479921025681413
1,12,263.02679918953817,9.499844247060655E-6,1.5479970666335376
1,12,275.4228703338166,9.950520790169385E-6,1.5480025293140436
1,12,288.40315031266056,1.0422892473176692E-5,1.5480085424068737
1,12,301.9951720402016,1.0918053438742204E-5,1.548015163545009
1,12,316.22776601683796,1.143716203255781E-5,1.5480224583119648
1,12,331.1311214825911,1.1981444344344066E-5,1.5480304984569178
1,12,346.73685045253166,1.255220148506792E-5,1.5480393654102982
1,12,363.0780547701014,1.3150813862046566E-5,1.548049148167717
1,12,380.1893963205613,1.377875218650448E-5,1.5480599498221965
1,12,398.1071705534973,1.4437582185699232E-5,1.5480718837126821
1,12,416.8693834703355,1.5128976315526144E-5,1.5480850780613957
1,12,436.5158322401661,1.585472329849163E-5,1.548099675898233
1,12,457.0881896148752,1.6616749269055832E-5,1.5481158465606109
1,12,478.6300923226385,1.7416977155780536E-5,1.5481336238697398
1,12,501.18723362727246,1.8257811361770286E-5,1.5481534103386856
1,12,524.8074602497728,1.9141736561079444E-5,1.5481755021511971
1,12,549.5408738576248,2.0071315701293488E-5,1.5482000962262759
1,12,575.4399373371573,2.104944210231007E-5,1.5482275152758027
1,12,602.5595860743581,2.2079307019460087E-5,1.5482581369945425
1,12,630.9573444801937,2.3164450456087304E-5,1.5482924017003776
1,12,660.6934480075957,2.430883103570919E-5,1.548330826599416
1,12,691.8309709189363,2.5516914378693453E-5,1.5483740225028046
1,12,724.4359600749899,2.6793787929198645E-5,1.5484227147298844
1,12,758.5775750291835,2.8145315261926542E-5,1.5484777715634888
1,12,794.3282347242813,2.9578347831043635E-5,1.54854024339816
1,12,831.7637711026708,3.110100082046871E-5,1.54861140542312
1,12,870.9635899560806,3.272306584647E-5,1.548692830379821
1,12,912.0108393559096,3.4456576785736004E-5,1.5487864725242912
1,12,954.992586021436,3.631662990622374E-5,1.5488947801968382
1,12,1000,3.832271112112131E-5,1.5490208952110507
1,12,1047.1285480508996,4.0500627754925714E-5,1.549168871866158
1,12,1096.4781961431852,4.288566660220105E-5,1.5493440160280108
1,12,1148.1536214968828,4.552803026026277E-5,1.549553419489951
1,12,1202.2644346174131,4.85029849808379E-5,1.5498068822150202
1,12,1258.9254117941675,5.192650892860079E-5,1.5501172338353435
1,12,1318.2567385564075,5.5995603713461304E-5,1.550502814998858
1,12,1380.3842646028852,6.106983332146966E-5,1.5509878934453563
1,12,1445.439770745928,6.789029687760976E-5,1.5515997158293697
1,12,1513.5612484362086,7.827788779822103E-5,1.552336236247459
1,12,1584.893192461114,9.825255258700795E-5,1.5529095126206534
1,12,1659.5869074375614,1.6676745530406613E-4,1.5492574075631647
1,12,1737.8008287493763,2.550515885008132E-4,-1.5127057931565981
1,12,1819.7008586099844,8.61416546940659E-6,-1.34388678549971
1,12,1905.4607179632483,2.3411720160745904E-5,1.5005438856397755
1,12,1995.262314968881,3.752433042138763E-5,1.5270226093395798
1,12,2089.2961308540407,4.651241515086337E-5,1.534364324048775
1,12,2187.761623949552,5.33729392108841E-5,1.537733565951244
1,12,2290.8676527677726,5.919814833394511E-5,1.5396474024870257
1,12,2398.83291901949,6.448376407477373E-5,1.540873320631303
1,12,2511.88643150958,6.948986372957348E-5,1.5417218490597708
1,12,2630.2679918953813,7.436816180691776E-5,1.5423419062875157
1,12,2754.2287033381663,7.921504610417706E-5,1.5428136368631797
1,12,2884.031503126606,8.409647116345957E-5,1.543183969806728
1,12,3019.9517204020162,8.906071233244852E-5,1.5434822249001654
1,12,3162.2776601683795,9.414547720653594E-5,1.5437277171225763
1,12,3311.311214825911,9.938217014270722E-5,1.5439337688357617
1,12,3467.368504525317,1.0479872140341579E-4,1.5441099828569993
1,12,3630.780547701014,1.1042179431993938E-4,1.5442636299306733
1,12,3801.8939632056126,1.1627900631025718E-4,1.5444005886451488
1,12,3981.0717055349733,1.2240203753350424E-4,1.54452612147887
1,12,4168.693834703355,1.2883256186369603E-4,1.5446457893905934
1,12,4365.158322401661,1.3563681572731918E-4,1.5447671334008202
1,12,4570.881896148751,1.4295193556499136E-4,1.5449042864968412
1,12,4786.300923226385,1.5119895177400638E-4,1.5450964962551443
1,12,5011.872336272725,1.632568445911115E-4,1.5455340730052742
1,12,5248.074602497728,1.4939303539615185E-4,1.5421104261315004
1,12,5495.408738576249,1.6804841627019422E-4,1.544440894538436
1,12,5754.399373371572,1.7825846170421673E-4,1.5447495012079557
1,12,6025.5958607435805,1.8802863478057052E-4,1.544913434924166
1,12,6309.573444801937,1.9807181506074253E-4,1.5450431445924753
1,12,6606.9344800759645,2.0866121501984236E-4,1.5451693460749019
1,12,6918.309709189362,2.2004899269055284E-4,1.5453107809697726
1,12,7244.359600749898,2.3264671059064208E-4,1.5454894932170942
1,12,7585.775750291836,2.4741321219195957E-4,1.5457434046277736
1,12,7943.282347242814,2.676170082975993E-4,1.5461377847147366
1,12,8317.63771102671,3.183415887965887E-4,1.5458806724068406
1,12,8709.635899560806,1.7845158857340008E-4,1.5188701443305048
1,12,9120.108393559096,2.554864084362036E-4,1.5413844429132086
1,12,9549.92586021436,2.798717117266944E-4,1.54311148887806
1,12,10000,2.98518081531917E-4,1.543711458803573
1,15,1,4.5146483410423976E-8,1.5480184231978698
1,15,1.0471285480508996,4.727417209127452E-8,1.548018423366902
1,15,1.096478196143185,4.950213576381397E-8,1.5480184235875991
1,15,1.1481536214968828,5.1835100110694566E-8,1.548018423793117
1,15,1.202264434617413,5.427801377758095E-8,1.5480184240152077
1,15,1.2589254117941673,5.683605855643972E-8,1.5480184242715624
1,15,1.318256738556407,5.951466034192145E-8,1.548018424543093
1,15,1.3803842646028848,6.231950076533529E-8,1.5480184248048658
1,15,1.4454397707459274,6.525652961956668E-8,1.5480184251596358
1,15,1.5135612484362082,6.833197624030826E-8,1.548018425468783
1,15,1.5848931924611136,7.15523643532601E-8,1.548018425801137
1,15,1.6595869074375607,7.492452504784662E-8,1.5480184262095935
1,15,1.7378008287493754,7.845561120582422E-8,1.5480184266952635
1,15,1.8197008586099834,8.215311271296038E-8,1.548018427244911
1,15,1.9054607179632472,8.602487482064594E-8,1.5480184283685279
1,15,1.9952623149688795,9.007910554473461E-8,1.5480184290398764
1,15,2.0892961308540396,9.432440665222402E-8,1.5480184297566613
1,15,2.1877616239495525,9.876978316105325E-8,1.5480184305297817
1,15,2.290867652767773,1.0342466426864923E-7,1.548018431359142
1,15,2.3988329190194904,1.0829892379998721E-7,1.5480184322511652
1,15,2.51188643150958,1.1340290094186717E-7,1.5480184332495739
1,15,2.6302679918953817,1.1874742482507996E-7,1.548018434773403
1,15,2.7542287033381663,1.2434382770363442E-7,1.548018436139819
1,15,2.884031503126606,1.3020398106851742E-7,1.5480184374635195
1,15,3.019951720402016,1.3634031648431628E-7,1.5480184389154787
1,15,3.1622776601683795,1.4276585011845262E-7,1.5480184405396704
1,15,3.311311214825911,1.4949421540281212E-7,1.548018442771117
1,15,3.4673685045253166,1.5653967612337923E-7,1.5480184445776313
1,15,3.630780547701014,1.6391718249376668E-7,1.5480184466876579
1,15,3.8018939632056115,1.7164238397241458E-7,1.548018449118204
1,15,3.9810717055349722,1.7973166455618154E-7,1.5480184516011086
1,15,4.168693834703354,1.882021890549084E-7,1.5480184547553701
1,15,4.36515832240166,1.970719180054385E-7,1.5480184578497531
1,15,4.570881896148751,2.0635967276585546E-7,1.548018461547946
1,15,4.786300923226384,2.160851495936129E-7,1.5480184653986326
1,15,5.011872336272724,2.2626898563959018E-7,1.5480184700315263
1,15,5.248074602497725,2.3693276978012585E-7,1.5480184743344283
1,15,5.495408738576246,2.480991341069131E-7,1.548018479311708
1,15,5.7543993733715695,2.5979176758914257E-7,1.548018485106221
1,15,6.025595860743578,2.7203546863721893E-7,1.5480184913566342
1,15,6.309573444801933,2.848562094575992E-7,1.5480184980990197
1,15,6.606934480075961,2.982811849282476E-7,1.548018505269585
1,15,6.918309709189364,3.123388797074205E-7,1.5480185132707924
1,15,7.244359600749901,3.2705912185643576E-7,1.5480185225508227
1,15,7.5857757502918375,3.4247311175762526E-7,1.5480185316178732
1,15,7.943282347242816,3.5861358640349806E-7,1.5480185426360753
1,15,8.31763771102671,3.7551475845258506E-7,1.5480185541354232
1,15,8.709635899560807,3.9321249268738206E-7,1.5480185667664101
1,15,9.120108393559097,4.1174434539786037E-7,1.5480185810520741
1,15,9.549925860214358,4.3114961961438025E-7,1.5480185964978876
1,15,10,4.51469483804896E-7,1.5480186131988667
1,15,10.471285480508996,4.727470646783798E-7,1.548018631909257
1,15,10.964781961431852,4.950274881920799E-7,1.5480186520740422
1,15,11.481536214968829,5.183580453443115E-7,1.5480186745053968
1,15,12.02264434617413,5.42788224767267E-7,1.5480186988880482
1,15,12.589254117941675,5.683698695509947E-7,1.5480187256227351
1,15,13.182567385564074,5.951572648510721E-7,1.5480187550409819
1,15,13.803842646028853,6.232072551886148E-7,1.5480187873860782
1,15,14.454397707459272,6.525793525435072E-7,1.5480188225581084
1,15,15.13561248436208,6.833358979555501E-7,1.5480188611162111
1,15,15.848931924611133,7.155421749835661E-7,1.5480189036077827
1,15,16.595869074375607,7.492665351606515E-7,1.5480189502982784
1,15,17.378008287493753,7.845805401289725E-7,1.5480190011089865
1,15,18.197008586099834,8.215591734288313E-7,1.5480190570544412
1,15,19.054607179632473,8.602809265591167E-7,1.5480191184364598
1,15,19.952623149688797,9.0082800400176E-7,1.5480191857401264
1,15,20.892961308540396,9.432864939631921E-7,1.548019259548244
1,15,21.87761623949553,9.877465441790758E-7,1.5480193403679785
1,15,22.908676527677734,1.0343025675618184E-6,1.5480194288836178
1,15,23.98832919019491,1.0830534488111615E-6,1.5480195260278908
1,15,25.11886431509581,1.1341027444802792E-6,1.5480196327092453
1,15,26.302679918953814,1.1875588910062502E-6,1.5480197496915546
1,15,27.542287033381662,1.243535463502512E-6,1.5480198779535217
1,15,28.84031503126606,1.3021513896840826E-6,1.5480200182718433
1,15,30.19951720402016,1.3635313053754038E-6,1.5480201726388336
1,15,31.622776601683793,1.4278056365347323E-6,1.5480203416368956
1,15,33.11311214825911,1.4951110767002928E-6,1.5480205271027563
1,15,34.673685045253166,1.5655907547349377E-6,1.5480207304958125
1,15,36.30780547701014,1.639394595310443E-6,1.548020953498531
1,15,38.018939632056124,1.7166796190679357E-6,1.5480211977870775
1,15,39.810717055349734,1.7976103769600628E-6,1.5480214659932603
1,15,41.68693834703355,1.8823589671306005E-6,1.5480217581930247
1,15,43.65158322401661,1.971106250416292E-6,1.5480220804128555
1,15,45.708818961487516,2.0640411987372526E-6,1.548022433990489
1,15,47.86300923226383,2.161361887818379E-6,1.5480228215645429
1,15,50.11872336272722,2.263275913566786E-6,1.548023246690667
1,15,52.48074602497726,2.370000777012938E-6,1.5480237131716719
1,15,54.954087385762456,2.481764336577911E-6,1.5480242248180838
1,15,57.543993733715695,2.5988053692111275E-6,1.5480247858736633
1,15,60.25595860743578,2.7213741399264205E-6,1.5480254013358716
1,15,63.09573444801933,2.8497329353633603E-6,1.5480260766102496
1,15,66.06934480075961,2.984156607890308E-6,1.5480268172306686
1,15,69.18309709189366,3.1249333466503595E-6,1.5480276298775522
1,15,72.44359600749902,3.2723652012383835E-6,1.5480285213743141
1,15,75.8577575029184,3.426768836915648E-6,1.5480294991702024
1,15,79.43282347242817,3.5884764624350602E-6,1.548030572312868
1,15,83.17637711026708,3.7578363970818294E-6,1.5480317502779333
1,15,87.09635899560806,3.935213933525159E-6,1.5480330431240672
1,15,91.20108393559097,4.120992259710843E-6,1.548034461862552
1,15,95.49925860214358,4.3155738036401085E-6,1.5480360202334376
1,15,100,4.51938021697801E-6,1.5480377302109003
1,15,104.71285480508996,4.73285466428813E-6,1.548039607563391
1,15,109.64781961431851,4.9564620203425645E-6,1.5480416678718523
1,15,114.81536214968828,5.190691246884568E-6,1.548043931099051
1,15,120.22644346174131,5.436055360337435E-6,1.5480464165440053
1,15,125.89254117941675,5.693093785236789E-6,1.548049146624576
1,15,131.82567385564073,5.962373631463291E-6,1.5480521460676289
1,15,138.03842646028852,6.244491273529729E-6,1.5480554418581836
1,15,144.5439770745928,6.540074513489614E-6,1.5480590646374137
1,15,151.35612484362088,6.849783948345479E-6,1.548063047227932
1,15,158.48931924611142,7.174315527770548E-6,1.548067426334285
1,15,165.95869074375614,7.514403219706469E-6,1.5480722436084164
1,15,173.78008287493762,7.870820602240716E-6,1.5480775437271237
1,15,181.97008586099844,8.244384476299811E-6,1.5480833768164746
1,15,190.54607179632484,8.635958620289737E-6,1.548089800386834
1,15,199.52623149688807,9.046455151537278E-6,1.5480968752845932
1,15,208.92961308540387,9.47684141400685E-6,1.5481046728543548
1,15,218.77616239495518,9.928140823839991E-6,1.5481132686441117
1,15,229.08676527677724,1.0401442661151745E-5,1.548122752732837
1,15,239.88329190194898,1.0897903825753344E-5,1.548133223341258
1,15,251.18864315095797,1.1418755949464269E-5,1.5481447897099418
1,15,263.02679918953817,1.1965313459784413E-5,1.5481575748966168
1,15,275.4228703338166,1.253898340201401E-5,1.5481717195500446
1,15,288.40315031266056,1.314127022215153E-5,1.5481873762844924
1,15,301.9951720402016,1.3773806688670502E-5,1.5482047391958498
1,15,316.22776601683796,1.4438340123010095E-5,1.5482240071725788
1,15,331.1311214825911,1.5136764025056494E-5,1.5482454098837237
1,15,346.73685045253166,1.5871152533782464E-5,1.5482692282223274
1,15,363.0780547701014,1.6643760492475244E-5,1.54829576872806
1,15,380.1893963205613,1.7457069862591843E-5,1.5483253900211758
1,15,398.1071705534973,1.8313839279408974E-5,1.548358521232663
1,15,416.8693834703355,1.921713263242948E-5,1.5483956509876446
1,15,436.5158322401661,2.0170392619324278E-5,1.5484373530390245
1,15,457.0881896148752,2.117752384026753E-5,1.5484843052724384
1,15,478.6300923226385,2.224179431983789E-5,1.5485363611148935
1,15,501.18723362727246,2.3370023002889596E-5,1.5485958556643458
1,15,524.8074602497728,2.45685258176899E-5,1.5486640457710932
1,15,549.5408738576248,2.5844182419501324E-5,1.5487419993280584
1,15,575.4399373371573,2.720597119330971E-5,1.5488315103071748
1,15,602.5595860743581,2.8665156366949897E-5,1.5489348758035018
1,15,630.9573444801937,3.0236106136713428E-5,1.549054999752689
1,15,660.6934480075957,3.1937679148905424E-5,1.5491956229349924
1,15,691.8309709189363,3.37954150411665E-5,1.5493616387418871
1,15,724.4359600749899,3.584515450977426E-5,1.5495595449062571
1,15,758.5775750291835,3.813937051109043E-5,1.5497981162807815
1,15,794.3282347242813,4.075898137183862E-5,1.5500894220183092
1,15,831.7637711026708,4.3836508207168045E-5,1.550450119872115
1,15,870.9635899560806,4.760735155741629E-5,1.5509030542652746
1,15,912.0108393559096,5.253643369701188E-5,1.5514768183045633
1,15,954.992586021436,5.969445743201873E-5,1.552190422337838
1,15,1000,7.223657999683516E-5,1.5529296456492518
1,15,1047.1285480508996,1.0533701551283902E-4,1.5521433258930875
1,15,1096.4781961431852,0.0013801804016400781,1.3316497010429156
1,15,1148.1536214968828,2.510533538153488E-5,-1.4963484058182035
1,15,1202.2644346174131,1.3331386238435156E-5,1.470406365249423
1,15,1258.9254117941675,2.7197695639976524E-5,1.522800613962829
1,15,1318.2567385564075,3.5315051680282615E-5,1.5328671359467823
1,15,1380.3842646028852,4.122812157621692E-5,1.5370187564564726
1,15,1445.439770745928,4.610904503588313E-5,1.5392560423114217
1,15,1513.5612484362086,5.0459498652248405E-5,1.5406446922789228
1,15,1584.893192461114,5.453218099517922E-5,1.5415858643218152
1,15,1659.5869074375614,5.847001778316561E-5,1.5422633330406224
1,15,1737.8008287493763,6.236154385228055E-5,1.542772899624416
1,15,1819.7008586099844,6.626596700747858E-5,1.5431693313719472
1,15,1905.4607179632483,7.022573648232604E-5,1.5434862179408848
1,15,1995.262314968881,7.427332669235435E-5,1.5437453422513254
1,15,2089.2961308540407,7.843523487188522E-5,1.543961522197409
1,15,2187.761623949552,8.273451520301729E-5,1.5441452868447005
1,15,2290.8676527677726,8.71926615561999E-5,1.5443044771944063
1,15,2398.83291901949,9.183128798301911E-5,1.5444452769731538
1,15,2511.88643150958,9.667428655902854E-5,1.544573011164212
1,15,2630.2679918953813,1.017514993339157E-4,1.5446929550881103
1,15,2754.2287033381663,1.0710706074032759E-4,1.54481162474267
1,15,2884.031503126606,1.1282352805173076E-4,1.5449398913031418
1,15,3019.9517204020162,1.191173735077467E-4,1.545103890464184
1,15,3162.2776601683795,1.2700780076874583E-4,1.5454059908460114
1,15,3311.311214825911,5.615077172004967E-4,-0.9297691374013891
1,15,3467.368504525317,1.317603144911886E-4,1.5442986769234257
1,15,3630.780547701014,1.4055335126888447E-4,1.5447583772304545
1,15,3801.8939632056126,1.4841548027037248E-4,1.5449480884819609
1,15,3981.0717055349733,1.5637695059863378E-4,1.5450833723636872
1,15,4168.693834703355,1.647104017831323E-4,1.545207269044036
1,15,4365.158322401661,1.736069624542067E-4,1.5453400681027571
1,15,4570.881896148751,1.83331823380072E-4,1.5455013985472188
1,15,4786.300923226385,1.9443653685063307E-4,1.5457221633530804
1,15,5011.872336272725,2.0854126377662407E-4,1.5460613282173299
1,15,5248.074602497728,2.3408177063490547E-4,1.546482973412818
1,15,5495.408738576249,2.3834958949085197E-4,-1.253203311794615
1,15,5754.399373371572,1.952869249229539E-4,1.5399736793807561
1,15,6025.5958607435805,2.1929386228344434E-4,1.5428845641499371
1,15,6309.573444801937,2.3512319691304555E-4,1.5436733561185514
1,15,6606.9344800759645,2.492052583290665E-4,1.544039311109522
1,15,6918.309709189362,2.6291563356628045E-4,1.5442528881593736
1,15,7244.359600749898,2.7674347966560186E-4,1.5443949943118669
1,15,7585.775750291836,2.909207340503903E-4,1.544498212758412
1,15,7943.282347242814,3.0558386771483315E-4,1.5445783077008788
1,15,8317.63771102671,3.208294728263054E-4,1.5446440065831837
1,15,8709.635899560806,3.367381255413001E-4,1.5447007553019076
1,15,9120.108393559096,3.533877267395904E-4,1.544752429053636
1,15,9549.92586021436,3.708647168146066E-4,1.544802284837366
1,15,10000,3.892794167474304E-4,1.5448536930824568
1,20,1,6.038120631943215E-8,1.5480967996159545
1,20,1.0471285480508996,6.322688709574293E-8,1.5480968002478004
1,20,1.096478196143185,6.62066803222942E-8,1.5480968007637537
1,20,1.1481536214968828,6.932690748170338E-8,1.5480968014076188
1,20,1.202264434617413,7.259418659646932E-8,1.5480968020870813
1,20,1.2589254117941673,7.601544835143189E-8,1.5480968028378075
1,20,1.318256738556407,7.959794972146882E-8,1.5480968036862433
1,20,1.3803842646028848,8.334928989947107E-8,1.5480968046549763
1,20,1.4454397707459274,8.727742597838118E-8,1.5480968057186781
1,20,1.5135612484362082,9.139068932771603E-8,1.548096806728401
1,20,1.5848931924611136,9.569780509402908E-8,1.5480968077347401
1,20,1.6595869074375607,1.0020791116517401E-7,1.548096809126516
1,20,1.7378008287493754,1.0493057314172402E-7,1.5480968106279918
1,20,1.8197008586099834,1.0987580884666894E-7,1.5480968123297307
1,20,1.9054607179632472,1.1505411980448965E-7,1.548096816121927
1,20,1.9952623149688795,1.2047646786399486E-7,1.548096818342444
1,20,2.0892961308540396,1.261543641765727E-7,1.5480968205602923
1,20,2.1877616239495525,1.3209985391433622E-7,1.5480968230156906
1,20,2.290867652767773,1.3832554811230425E-7,1.548096825673923
1,20,2.3988329190194904,1.4484465235949476E-7,1.5480968284562937
1,20,2.51188643150958,1.5167099576137011E-7,1.548096831501506
1,20,2.6302679918953817,1.5881906103038638E-7,1.5480968351792614
1,20,2.7542287033381663,1.6630401990048646E-7,1.548096840394536
1,20,2.884031503126606,1.7414172734800027E-7,1.5480968446624508
1,20,3.019951720402016,1.8234881912900115E-7,1.548096849200262
1,20,3.1622776601683795,1.9094270543766537E-7,1.5480968541510245
1,20,3.311311214825911,1.9994163737278003E-7,1.5480968614819612
1,20,3.4673685045253166,2.0936466061896216E-7,1.548096867110114
1,20,3.630780547701014,2.192317915375347E-7,1.5480968736880805
1,20,3.8018939632056115,2.295639561070447E-7,1.5480968808052367
1,20,3.9810717055349722,2.403830735769097E-7,1.5480968885726076
1,20,4.168693834703354,2.517120959920783E-7,1.5480968971537312
1,20,4.36515832240166,2.635750832610633E-7,1.5480969084317566
1,20,4.570881896148751,2.759971548851616E-7,1.5480969191394698
1,20,4.786300923226384,2.8900470325055247E-7,1.5480969320919176
1,20,5.011872336272724,3.0262531652737516E-7,1.5480969467843568
1,20,5.248074602497725,3.168878421525877E-7,1.5480969603532926
1,20,5.495408738576246,3.3182258339033143E-7,1.5480969757244545
1,20,5.7543993733715695,3.474612415441721E-7,1.5480969938294933
1,20,6.025595860743578,3.6383698035483826E-7,1.5480970138023733
1,20,6.309573444801933,3.8098453560149943E-7,1.5480970353819883
1,20,6.606934480075961,3.9894025922403533E-7,1.548097057345151
1,20,6.918309709189364,4.1774231092992936E-7,1.548097082742716
1,20,7.244359600749901,4.3743058200142605E-7,1.5480971114771669
1,20,7.5857757502918375,4.5804678219303667E-7,1.5480971408862458
1,20,7.943282347242816,4.79634755132961E-7,1.5480971751679726
1,20,8.31763771102671,5.022402490725482E-7,1.5480972119755427
1,20,8.709635899560807,5.25911232786697E-7,1.5480972515032494
1,20,9.120108393559097,5.506980070085983E-7,1.5480972963635613
1,20,9.549925860214358,5.76653149709387E-7,1.5480973456947587
1,20,10,6.038316755964931E-7,1.5480973975043897
1,20,10.471285480508996,6.322914326870612E-7,1.5480974571254262
1,20,10.964781961431852,6.620926879091731E-7,1.5480975204365486
1,20,11.481536214968829,6.932987653639358E-7,1.5480975897539122
1,20,12.02264434617413,7.259759901460466E-7,1.5480976673379294
1,20,12.589254117941675,7.601936561198413E-7,1.5480977513923728
1,20,13.182567385564074,7.960244711414899E-7,1.5480978436970378
1,20,13.803842646028853,8.335445479325002E-7,1.5480979452646646
1,20,14.454397707459272,8.728335806106165E-7,1.548098056796552
1,20,15.13561248436208,9.139749974349741E-7,1.5480981783562675
1,20,15.848931924611133,9.570562646554193E-7,1.548098312088727
1,20,16.595869074375607,1.002168906834075E-6,1.5480984584548416
1,20,17.378008287493753,1.049408829103396E-6,1.5480986190655115
1,20,18.197008586099834,1.0988764547362166E-6,1.5480987951186669
1,20,19.054607179632473,1.1506770002491127E-6,1.5480989885411995
1,20,19.952623149688797,1.2049205860067195E-6,1.5480992000801324
1,20,20.892961308540396,1.2617226339520216E-6,1.548099431871409
1,20,21.87761623949553,1.3212040848357074E-6,1.5480996866720977
1,20,22.908676527677734,1.383491580277386E-6,1.548099966894773
1,20,23.98832919019491,1.4487176334901512E-6,1.5481002730641067
1,20,25.11886431509581,1.5170213030441337E-6,1.548100609186763
1,20,26.302679918953814,1.5885481283885183E-6,1.548100977714294
1,20,27.542287033381662,1.663450619613575E-6,1.5481013817101859
1,20,28.84031503126606,1.7418886501271343E-6,1.5481018255445367
1,20,30.19951720402016,1.8240295123633718E-6,1.5481023115138035
1,20,31.622776601683793,1.9100488522760473E-6,1.548102845873402
1,20,33.11311214825911,2.000130270117453E-6,1.548103430742279
1,20,34.673685045253166,2.094466618072231E-6,1.548104072886096
1,20,36.30780547701014,2.193259760422895E-6,1.5481047771146446
1,20,38.018939632056124,2.2967213748254355E-6,1.548105549607582
1,20,39.810717055349734,2.4050731961728098E-6,1.548106395956108
1,20,41.68693834703355,2.518547899679413E-6,1.5481073239466911
1,20,43.65158322401661,2.6373895989779454E-6,1.5481083432021774
1,20,45.708818961487516,2.761853944826886E-6,1.5481094615921773
1,20,47.86300923226383,2.8922093831873424E-6,1.5481106900414434
1,20,50.11872336272722,3.028736857497015E-6,1.548112036358687
1,20,52.48074602497726,3.171732105925333E-6,1.5481135155299166
1,20,54.954087385762456,3.321503834407557E-6,1.5481151342320083
1,20,57.543993733715695,3.4783789612396653E-6,1.5481169166761914
1,20,60.25595860743578,3.642698007487603E-6,1.548118873665447
1,20,63.09573444801933,3.8148194799389414E-6,1.548121022628434
1,20,66.06934480075961,3.995119678337965E-6,1.5481233815459916
1,20,69.18309709189366,4.183994754305889E-6,1.5481259738000648
1,20,72.44359600749902,4.3818604012046975E-6,1.5481288217136575
1,20,75.8577575029184,4.589153712276804E-6,1.5481319500376447
1,20,79.43282347242817,4.806335148467356E-6,1.5481353888401133
1,20,83.17637711026708,5.033888590482803E-6,1.5481391682842203
1,20,87.09635899560806,5.2723242849207535E-6,1.5481433244161182
1,20,91.20108393559097,5.522177323642351E-6,1.5481478883892408
1,20,95.49925860214358,5.784018346065896E-6,1.548152917026856
1,20,100,6.058443541065556E-6,1.5481584520796527
1,20,104.71285480508996,6.346084089888015E-6,1.5481645458740796
1,20,109.64781961431851,6.647606802614288E-6,1.5481712557154195
1,20,114.81536214968828,6.9637184038959625E-6,1.5481786488976363
1,20,120.22644346174131,7.2951669305190755E-6,1.5481867984639213
1,20,125.89254117941675,7.642740489182657E-6,1.5481957732477951
1,20,131.82567385564073,8.00729272486068E-6,1.548205691114482
1,20,138.03842646028852,8.38971590009077E-6,1.5482166428378903
1,20,144.5439770745928,8.790966486929151E-6,1.5482287443748166
1,20,151.35612484362088,9.212066988801216E-6,1.5482421277774525
1,20,158.48931924611142,9.654111567245052E-6,1.5482569402668127
1,20,165.95869074375614,1.0118276499789336E-5,1.5482733512069977
1,20,173.78008287493762,1.0605829578865235E-5,1.5482915540059876
1,20,181.97008586099844,1.1118139898594436E-5,1.5483117662178727
1,20,190.54607179632484,1.1656684714158375E-5,1.5483342235925959
1,20,199.52623149688807,1.2223106671695416E-5,1.5483592475650623
1,20,208.92961308540387,1.2819168642338076E-5,1.5483871475754842
1,20,218.77616239495518,1.344683993265769E-5,1.5484183223591488
1,20,229.08676527677724,1.4108297088584371E-5,1.5484532206143355
1,20,239.88329190194898,1.4805982091409992E-5,1.5484923764407372
1,20,251.18864315095797,1.5542661117380748E-5,1.5485364287834795
1,20,263.02679918953817,1.632147690148063E-5,1.5485861192899442
1,20,275.4228703338166,1.714607243831705E-5,1.5486423522611923
1,20,288.40315031266056,1.8020712361444054E-5,1.5487062193719308
1,20,301.9951720402016,1.8950441068700274E-5,1.548779028728626
1,20,316.22776601683796,1.9941409400747154E-5,1.5488624402738151
1,20,331.1311214825911,2.1001166223855133E-5,1.5489584851094638
1,20,346.73685045253166,2.2139263039029278E-5,1.5490697500664152
1,20,363.0780547701014,2.336807907057571E-5,1.5491995529557387
1,20,380.1893963205613,2.4704043024446604E-5,1.5493521520176707
1,20,398.1071705534973,2.6169855022774915E-5,1.5495332067863308
1,20,416.8693834703355,2.7797846899924577E-5,1.5497501995498482
1,20,436.5158322401661,2.963672098596923E-5,1.5500134528354943
1,20,457.0881896148752,3.1763557443192E-5,1.5503371506444907
1,20,478.6300923226385,3.429027376949239E-5,1.5507338674713314
1,20,501.18723362727246,3.7480931811968074E-5,1.5512399056284498
1,20,524.8074602497728,4.185090974590515E-5,1.5518844919611232
1,20,549.5408738576248,4.870218595166593E-5,1.5526562038768306
1,20,575.4399373371573,6.269052482187922E-5,1.5531566802014303
1,20,602.5595860743581,1.2161521817890883E-4,1.5465793196233164
1,20,630.9573444801937,8.148692632306739E-5,-1.5260110144713297
1,20,660.6934480075957,1.0862935181466662E-6,-0.033034396429541105
1,20,691.8309709189363,1.60243360575961E-5,1.5097487539240557
1,20,724.4359600749899,2.3771374005249263E-5,1.5292369892879565
1,20,758.5775750291835,2.8900174515628176E-5,1.5354170665239213
1,20,794.3282347242813,3.2902926808942314E-5,1.5383955835152099
1,20,831.7637711026708,3.634842264589452E-5,1.540132002868215
1,20,870.9635899560806,3.950237684787465E-5,1.5412625110092433
1,20,912.0108393559096,4.25068794697475E-5,1.5420537327853068
1,20,954.992586021436,4.544612343849507E-5,1.542636579061861
1,20,1000,4.8374459292687705E-5,1.5430827892738048
1,20,1047.1285480508996,5.132934086690956E-5,1.5434348048610027
1,20,1096.4781961431852,5.433856962372739E-5,1.543719461479763
1,20,1148.1536214968828,5.742409236114732E-5,1.5439545861770172
1,20,1202.2644346174131,6.060460627746106E-5,1.5441526695916354
1,20,1258.9254117941675,6.389605958485835E-5,1.544322425551278
1,20,1318.2567385564075,6.731481884057622E-5,1.544470892502035
1,20,1380.3842646028852,7.087766876815089E-5,1.5446036934730718
1,20,1445.439770745928,7.460416300043146E-5,1.5447259583746746
1,20,1513.5612484362086,7.852053288481309E-5,1.5448432627610718
1,20,1584.893192461114,8.266961652394805E-5,1.5449634671337433
1,20,1659.5869074375614,8.714352155026424E-5,1.5451019933258343
1,20,1737.8008287493763,9.224293848738897E-5,1.5453042445068386
1,20,1819.7008586099844,1.0042494494799804E-4,1.545809888136907
1,20,1905.4607179632483,9.321787601031055E-5,1.5432347137664137
1,20,1995.262314968881,1.0257291635222299E-4,1.5446798008576412
1,20,2089.2961308540407,1.0866740622842081E-4,1.5449516856504135
1,20,2187.761623949552,1.1458616490480305E-4,1.5451059964873628
1,20,2290.8676527677726,1.2069394169370025E-4,1.5452318226816302
1,20,2398.83291901949,1.2714687166380897E-4,1.5453565542671635
1,20,2511.88643150958,1.3410174840192818E-4,1.5454985982425358
1,20,2630.2679918953813,1.4182671685952913E-4,1.5456811851688936
1,20,2754.2287033381663,1.5097216729314516E-4,1.5459462691555075
1,20,2884.031503126606,1.638996206464807E-4,1.5463674740571396
1,20,3019.9517204020162,2.030224127343218E-4,1.545416388678989
1,20,3162.2776601683795,1.226889808266896E-4,1.5304620938458793
1,20,3311.311214825911,1.573026429516792E-4,1.5420819923328373
1,20,3467.368504525317,1.7117430683643268E-4,1.5434673044417853
1,20,3630.780547701014,1.8224418582867973E-4,1.5439864151298384
1,20,3801.8939632056126,1.9264287408393046E-4,1.5442600174312546
1,20,3981.0717055349733,2.0297710373497926E-4,1.5444312912370821
1,20,4168.693834703355,2.1349729163923752E-4,1.5445505878504633
1,20,4365.158322401661,2.243355907384223E-4,1.54464022407902
1,20,4570.881896148751,2.3557710084869322E-4,1.5447117556807934
1,20,4786.300923226385,2.472870784128374E-4,1.544771960538048
1,20,5011.872336272725,2.5952399034435E-4,1.5448253339361864
1,20,5248.074602497728,2.723481617002814E-4,1.544875329477455
1,20,5495.408738576249,2.858309254550667E-4,1.5449251520553167
1,20,5754.399373371572,3.0006976150288736E-4,1.5449785132082094
1,20,6025.5958607435805,3.1522209632807706E-4,1.5450407536825344
1,20,6309.573444801937,3.316003393204846E-4,1.5451210701889857
1,20,6606.9344800759645,3.500247119730713E-4,1.5452368866967474
1,20,6918.309709189362,3.73945330994347E-4,1.5453959646985393
1,20,7244.359600749898,4.7670399976275097E-4,1.5371775984641785
1,20,7585.775750291836,3.6731245215917497E-4,1.5422688459047584
1,20,7943.282347242814,3.9975218597696816E-4,1.543998118490978
1,20,8317.63771102671,4.232860120083595E-4,1.5443709737618763
1,20,8709.635899560806,4.4568387549798763E-4,1.5445342183777084
1,20,9120.108393559096,4.682966010938038E-4,1.5446288946440208
1,20,9549.92586021436,4.915939687749572E-4,1.5446938080924826
1,20,10000,5.1583088613339E-4,1.5447445880317257
2,5,1,2.8560380832259168E-8,1.5468117533747179
2,5,1.0471285480508996,2.9906390116261944E-8,1.5468117533771193
2,5,1.096478196143185,3.1315834863493994E-8,1.5468117533794554
2,5,1.1481536214968828,3.2791704695662024E-8,1.5468117533818615
2,5,1.202264434617413,3.433713013061194E-8,1.5468117533845247
2,5,1.2589254117941673,3.595538922368322E-8,1.5468117533875627
2,5,1.318256738556407,3.764991451858431E-8,1.5468117533907506
2,5,1.3803842646028848,3.942430033225928E-8,1.5468117533948627
2,5,1.4454397707459274,4.128231037248927E-8,1.5468117533984627
2,5,1.5135612484362082,4.322788572991738E-8,1.5468117534027335
2,5,1.5848931924611136,4.526515323006067E-8,1.5468117534071706
2,5,1.6595869074375607,4.7398434192778635E-8,1.5468117534128143
2,5,1.7378008287493754,4.963225359163202E-8,1.5468117534188484
2,5,1.8197008586099834,5.197134965710356E-8,1.5468117534253796
2,5,1.9054607179632472,5.44206839381495E-8,1.546811753436696
2,5,1.9952623149688795,5.698545178860211E-8,1.5468117534477939
2,5,2.0892961308540396,5.967109341825237E-8,1.5468117534566062
2,5,2.1877616239495525,6.2483305443908E-8,1.5468117534667933
2,5,2.290867652767773,6.542805294445549E-8,1.5468117534780763
2,5,2.3988329190194904,6.851158211957725E-8,1.5468117534889552
2,5,2.51188643150958,7.174043355565233E-8,1.5468117535013826
2,5,2.6302679918953817,7.512145608402796E-8,1.5468117535167436
2,5,2.7542287033381663,7.866182132175349E-8,1.5468117535378552
2,5,2.884031503126606,8.23690388182334E-8,1.5468117535546246
2,5,3.019951720402016,8.625097210445452E-8,1.5468117535733534
2,5,3.1622776601683795,9.031585527566623E-8,1.5468117535924337
2,5,3.311311214825911,9.457231052608599E-8,1.5468117536182489
2,5,3.4673685045253166,9.902936633862642E-8,1.5468117536443773
2,5,3.630780547701014,1.03696476721177E-7,1.546811753669332
2,5,3.8018939632056115,1.0858354127072178E-7,1.546811753698724
2,5,3.9810717055349722,1.1370092610029997E-7,1.5468117537309674
2,5,4.168693834703354,1.1905948587414543E-7,1.5468117537662307
2,5,4.36515832240166,1.2467058685449517E-7,1.5468117538101571
2,5,4.570881896148751,1.3054613089091974E-7,1.5468117538540243
2,5,4.786300923226384,1.3669858085367266E-7,1.5468117539056556
2,5,5.011872336272724,1.4314098689131406E-7,1.5468117539605066
2,5,5.248074602497725,1.4988701421167432E-7,1.5468117540181574
2,5,5.495408738576246,1.569509720726063E-7,1.5468117540815183
2,5,5.7543993733715695,1.6434784408448225E-7,1.5468117541510107
2,5,6.025595860743578,1.7209332003770056E-7,1.5468117542289828
2,5,6.309573444801933,1.802038291349894E-7,1.5468117543152875
2,5,6.606934480075961,1.886965748299861E-7,1.5468117544059437
2,5,6.918309709189364,1.975895714314304E-7,1.546811754505733
2,5,7.244359600749901,2.0690168224271728E-7,1.5468117546191518
2,5,7.5857757502918375,2.1665265943906822E-7,1.5468117547385316
2,5,7.943282347242816,2.2686318623537624E-7,1.546811754870182
2,5,8.31763771102671,2.3755492061245063E-7,1.5468117550187641
2,5,8.709635899560807,2.4875054111648975E-7,1.5468117551771026
2,5,9.120108393559097,2.6047379533306135E-7,1.5468117553563636
2,5,9.549925860214358,2.727495498293159E-7,1.5468117555511494
2,5,10,2.8560384319612776E-7,1.546811755763679
2,5,10.471285480508996,2.9906394116862894E-7,1.5468117559942265
2,5,10.964781961431852,3.131583945564371E-7,1.5468117562483417
2,5,11.481536214968829,3.279170997285501E-7,1.5468117565302446
2,5,12.02264434617413,3.433713618966737E-7,1.5468117568366282
2,5,12.589254117941675,3.5955396182910627E-7,1.546811757174332
2,5,13.182567385564074,3.764992250436384E-7,1.546811757540338
2,5,13.803842646028853,3.942430949634283E-7,1.5468117579424192
2,5,14.454397707459272,4.1282320901799014E-7,1.546811758388482
2,5,15.13561248436208,4.322789782200779E-7,1.546811758875303
2,5,15.848931924611133,4.526516710985604E-7,1.5468117594061515
2,5,16.595869074375607,4.7398450132804684E-7,1.5468117599922273
2,5,17.378008287493753,4.963227188730781E-7,1.546811760630705
2,5,18.197008586099834,5.197137066498645E-7,1.5468117613336654
2,5,19.054607179632473,5.442070804769236E-7,1.5468117621040296
2,5,19.952623149688797,5.698547945991007E-7,1.5468117629479112
2,5,20.892961308540396,5.967112518813658E-7,1.5468117638728613
2,5,21.87761623949553,6.24833419233704E-7,1.5468117648887942
2,5,22.908676527677734,6.542809482743034E-7,1.5468117660016674
2,5,23.98832919019491,6.851163021270554E-7,1.546811767222315
2,5,25.11886431509581,7.17404887754701E-7,1.5468117685601723
2,5,26.302679918953814,7.51215194844531E-7,1.546811770028223
2,5,27.542287033381662,7.866189409004034E-7,1.5468117716359786
2,5,28.84031503126606,8.236912237252951E-7,1.5468117734001865
2,5,30.19951720402016,8.62510680423613E-7,1.5468117753345314
2,5,31.622776601683793,9.031596543804481E-7,1.546811777455407
2,5,33.11311214825911,9.457243699971553E-7,1.546811779781604
2,5,34.673685045253166,9.902951154655444E-7,1.5468117823311662
2,5,36.30780547701014,1.0369664347005718E-6,1.5468117851291407
2,5,38.018939632056124,1.0858373272865972E-6,1.5468117881946528
2,5,39.810717055349734,1.1370114585530396E-6,1.5468117915433282
2,5,41.68693834703355,1.1905973815260094E-6,1.5468117952209066
2,5,43.65158322401661,1.2467087639848683E-6,1.546811799246872
2,5,45.708818961487516,1.305464632704919E-6,1.5468118036654113
2,5,47.86300923226383,1.3669896240073656E-6,1.546811808511708
2,5,50.11872336272722,1.4314142493067253E-6,1.5468118138300102
2,5,52.48074602497726,1.498875171779759E-6,1.5468118196676113
2,5,54.954087385762456,1.5695154953940412E-6,1.5468118260629327
2,5,57.543993733715695,1.6434850712111594E-6,1.5468118330787057
2,5,60.25595860743578,1.720940812987704E-6,1.5468118407706843
2,5,63.09573444801933,1.8020470317951042E-6,1.546811849206363
2,5,66.06934480075961,1.8869757837979017E-6,1.5468118584531283
2,5,69.18309709189366,1.975907236881454E-6,1.5468118685937475
2,5,72.44359600749902,2.069030051938293E-6,1.5468118797126273
2,5,75.8577575029184,2.166541784339767E-6,1.5468118919046172
2,5,79.43282347242817,2.2686493030490673E-6,1.5468119052721436
2,5,83.17637711026708,2.3755692309938303E-6,1.546811919933237
2,5,87.09635899560806,2.48752840384412E-6,1.5468119360102606
2,5,91.20108393559097,2.604764352325647E-6,1.5468119536348806
2,5,95.49925860214358,2.727525809909785E-6,1.54681197296988
2,5,100,2.856073234766157E-6,1.5468119941607144
2,5,104.71285480508996,2.9906793725200894E-6,1.5468120174032471
2,5,109.64781961431851,3.131629829546466E-6,1.5468120428945702
2,5,114.81536214968828,3.2792236804891643E-6,1.546812070839021
2,5,120.22644346174131,3.433774108028603E-6,1.5468121014721627
2,5,125.89254117941675,3.5956090697621786E-6,1.5468121350625463
2,5,131.82567385564073,3.765071993410189E-6,1.5468121718958918
2,5,138.03842646028852,3.942522509063698E-6,1.5468122122838646
2,5,144.5439770745928,4.1283372158418965E-6,1.546812256568546
2,5,151.35612484362088,4.322910484586024E-6,1.5468123051257845
2,5,158.48931924611142,4.526655299799788E-6,1.5468123583723217
2,5,165.95869074375614,4.74000413741762E-6,1.5468124167542479
2,5,173.78008287493762,4.963409893275274E-6,1.5468124807741324
2,5,181.97008586099844,5.1973468464641276E-6,1.5468125509774242
2,5,190.54607179632484,5.4423116716918515E-6,1.5468126279521086
2,5,199.52623149688807,5.698824509231805E-6,1.5468127123626274
2,5,208.92961308540387,5.9674300683103605E-6,1.5468128049182945
2,5,218.77616239495518,6.248698803618268E-6,1.5468129064120304
2,5,229.08676527677724,6.543228134287776E-6,1.5468130177107493
2,5,239.88329190194898,6.851643751457619E-6,1.5468131398340004
2,5,251.18864315095797,7.1746008619252695E-6,1.5468132736706282
2,5,263.02679918953817,7.512785751946202E-6,1.5468134204350068
2,5,275.4228703338166,7.866917163634625E-6,1.5468135813738246
2,5,288.40315031266056,8.237747876979971E-6,1.5468137578656305
2,5,301.9951720402016,8.626066329046232E-6,1.546813951409498
2,5,316.22776601683796,9.032698328257373E-6,1.5468141636550818
2,5,331.1311214825911,9.458508916570049E-6,1.546814396557567
2,5,346.73685045253166,9.904403980199469E-6,1.546814651830424
2,5,363.0780547701014,1.037133261702014E-5,1.5468149317839963
2,5,380.1893963205613,1.0860288960735247E-5,1.5468152388110197
2,5,398.1071705534973,1.1372314422289588E-5,1.54681557553781
2,5,416.8693834703355,1.1908499978050591E-5,1.5468159448409748
2,5,436.5158322401661,1.2469988586073143E-5,1.5468163498860084
2,5,457.0881896148752,1.3057977714284473E-5,1.5468167941431719
2,5,478.6300923226385,1.3673716863651862E-5,1.5468172740169372
2,5,501.18723362727246,1.4318526462430188E-5,1.546817802655214
2,5,524.8074602497728,1.4993786310874025E-5,1.5468183874345918
2,5,549.5408738576248,1.5700937105862925E-5,1.5468190291757917
2,5,575.4399373371573,1.6441491555071756E-5,1.546819733114688
2,5,602.5595860743581,1.721703542541003E-5,1.546820505382913
2,5,630.9573444801937,1.802923087356533E-5,1.546821352633831
2,5,660.6934480075957,1.887982039061601E-5,1.5468222822017819
2,5,691.8309709189363,1.9770631001298E-5,1.546823302277958
2,5,724.4359600749899,2.0703578101583173E-5,1.5468244214924427
2,5,758.5775750291835,2.1680670733475338E-5,1.5468256497014041
2,5,794.3282347242813,2.2704016011187644E-5,1.546826997629064
2,5,831.7637711026708,2.377582438731341E-5,1.5468284770741692
2,5,870.9635899560806,2.4898415195426327E-5,1.5468301010623677
2,5,912.0108393559096,2.6074222315799502E-5,1.5468318838254929
2,5,954.992586021436,2.7305799387094913E-5,1.546833840224364
2,5,1000,2.8595831307274195E-5,1.5468359893991013
2,5,1047.1285480508996,2.9947134175551545E-5,1.546838349653632
2,5,1096.4781961431852,3.1362667620945874E-5,1.546840942117534
2,5,1148.1536214968828,3.284554191927605E-5,1.5468437901198395
2,5,1202.2644346174131,3.4399034276232176E-5,1.546846923655966
2,5,1258.9254117941675,3.602656994790019E-5,1.5468503631887822
2,5,1318.2567385564075,3.7731773957490986E-5,1.5468541441339116
2,5,1380.3842646028852,3.951845541988342E-5,1.5468583012700694
2,5,1445.439770745928,4.1390627022895724E-5,1.5468628733465266
2,5,1513.5612484362086,4.335251806871426E-5,1.5468679032788129
2,5,1584.893192461114,4.5408589470709566E-5,1.5468734387348009
2,5,1659.5869074375614,4.756355015681408E-5,1.546879532717112
2,5,1737.8008287493763,4.982237531326901E-5,1.5468862442531688
2,5,1819.7008586099844,5.219032662025911E-5,1.5468936391492176
2,5,1905.4607179632483,5.467297508863487E-5,1.5469017909248135
2,5,1995.262314968881,5.7276226594947455E-5,1.5469107818179404
2,5,2089.2961308540407,6.00063509665849E-5,1.5469207040112654
2,5,2187.761623949552,6.287001516689927E-5,1.5469316610617232
2,5,2290.8676527677726,6.587432529912179E-5,1.5469437707169675
2,5,2398.83291901949,6.902685526142269E-5,1.5469571622895903
2,5,2511.88643150958,7.233572032422407E-5,1.5469719856987765
2,5,2630.2679918953813,7.580962319627392E-5,1.5469884098828834
2,5,2754.2287033381663,7.945792883098474E-5,1.5470066271466119
2,5,2884.031503126606,8.329075003558396E-5,1.5470268571948742
2,5,3019.9517204020162,8.731905052447724E-5,1.5470493519522215
2,5,3162.2776601683795,9.155477078062419E-5,1.5470744015026945
2,5,3311.311214825911,9.601098295127112E-5,1.5471023413537024
2,5,3467.368504525317,1.0070208394046836E-4,1.5471335614645385
2,5,3630.780547701014,1.0564403874899257E-4,1.5471685175053855
2,5,3801.8939632056126,1.1085469112627574E-4,1.5472077450439834
2,5,3981.0717055349733,1.1635416539232128E-4,1.547251877570255
2,5,4168.693834703355,1.2216539388051418E-4,1.5473016696414812
2,5,4365.158322401661,1.2831481995185205E-4,1.5473580269021656
2,5,4570.881896148751,1.3483335082083248E-4,1.5474220454338516
2,5,4786.300923226385,1.4175767308659176E-4,1.5474950639908192
2,5,5011.872336272725,1.4913210647388874E-4,1.5475787342541039
2,5,5248.074602497728,1.570112746636756E-4,1.5476751165161344
2,5,5495.408738576249,1.6546405296649272E-4,1.5477868119983555
2,5,5754.399373371572,1.7457957255775228E-4,1.5479171484800753
2,5,6025.5958607435805,1.8447665858397022E-4,1.5480704445258395
2,5,6309.573444801937,1.9531924666791917E-4,1.5482523905165229
2,5,6606.9344800759645,2.0734273094150143E-4,1.5484706023003691
2,5,6918.309709189362,2.2090152270628995E-4,1.5487354213053595
2,5,7244.359600749898,2.3656085527046892E-4,1.5490610209481737
2,5,7585.775750291836,2.552897189733783E-4,1.549466677033195
2,5,7943.282347242814,2.7891420383409935E-4,1.5499768947369148
2,5,8317.63771102671,3.113604319927932E-4,1.5506126645695846
2,5,8709.635899560806,3.629479876558839E-4,1.5513247106020351
2,5,9120.108393559096,4.7251377046701043E-4,1.5514318420912512
2,5,9549.92586021436,0.0010278272454478836,1.5379943498790027
2,5,10000,3.770297461979216E-4,-1.5138775603549968
2,10,1,5.885278203520528E-8,1.5475228870445588
2,10,1.0471285480508996,6.162642830603892E-8,1.5475228870765836
2,10,1.096478196143185,6.45307925173368E-8,1.5475228871120918
2,10,1.1481536214968828,6.757203521576687E-8,1.5475228871526887
2,10,1.202264434617413,7.075660727165905E-8,1.547522887194186
2,10,1.2589254117941673,7.409126365184271E-8,1.547522887248154
2,10,1.318256738556407,7.758307755961997E-8,1.547522887304806
2,10,1.3803842646028848,8.123945562317192E-8,1.5475228873655817
2,10,1.4454397707459274,8.506815350836166E-8,1.5475228874316664
2,10,1.5135612484362082,8.907729236375095E-8,1.5475228874951772
2,10,1.5848931924611136,9.327537611767185E-8,1.5475228875562128
2,10,1.6595869074375607,9.767130961953975E-8,1.547522887647585
2,10,1.7378008287493754,1.0227441715591269E-7,1.5475228877456626
2,10,1.8197008586099834,1.0709446255299658E-7,1.5475228878539098
2,10,1.9054607179632472,1.1214167055477875E-7,1.5475228881042626
2,10,1.9952623149688795,1.1742674549741344E-7,1.547522888241028
2,10,2.0892961308540396,1.2296089844658945E-7,1.5475228883857246
2,10,2.1877616239495525,1.2875586817485896E-7,1.5475228885494068
2,10,2.290867652767773,1.3482394646611228E-7,1.5475228887156454
2,10,2.3988329190194904,1.4117800470647814E-7,1.5475228889054777
2,10,2.51188643150958,1.4783152064241054E-7,1.5475228891057518
2,10,2.6302679918953817,1.547986077537549E-7,1.5475228893759378
2,10,2.7542287033381663,1.6209404408250537E-7,1.5475228896932254
2,10,2.884031503126606,1.6973330346955067E-7,1.5475228899694493
2,10,3.019951720402016,1.7773259029324883E-7,1.5475228902537241
2,10,3.1622776601683795,1.8610887232245247E-7,1.547522890573642
2,10,3.311311214825911,1.9487991804852207E-7,1.5475228910423218
2,10,3.4673685045253166,2.0406432956293034E-7,1.547522891409603
2,10,3.630780547701014,2.136815898555993E-7,1.5475228918308588
2,10,3.8018939632056115,2.2375209833522175E-7,1.5475228922904258
2,10,3.9810717055349722,2.3429721602130755E-7,1.5475228927914075
2,10,4.168693834703354,2.453393112112505E-7,1.5475228933827356
2,10,4.36515832240166,2.569018062834726E-7,1.547522894091072
2,10,4.570881896148751,2.6900922545972067E-7,1.5475228948032307
2,10,4.786300923226384,2.8168725166626183E-7,1.5475228956136386
2,10,5.011872336272724,2.949627772852098E-7,1.5475228965477423
2,10,5.248074602497725,3.0886395925647384E-7,1.5475228974465274
2,10,5.495408738576246,3.2342028564206855E-7,1.5475228984140101
2,10,5.7543993733715695,3.3866263520786667E-7,1.5475228996005528
2,10,6.025595860743578,3.5462333734260023E-7,1.5475229008843587
2,10,6.309573444801933,3.7133624757835413E-7,1.5475229022815231
2,10,6.606934480075961,3.8883681414569927E-7,1.5475229036723648
2,10,6.918309709189364,4.071621645552727E-7,1.5475229053550419
2,10,7.244359600749901,4.2635116708456015E-7,1.5475229071827554
2,10,7.5857757502918375,4.464445240040465E-7,1.5475229091233056
2,10,7.943282347242816,4.674848592483993E-7,1.5475229112846982
2,10,8.31763771102671,4.895168037512695E-7,1.5475229136923678
2,10,8.709635899560807,5.125870897683893E-7,1.547522916288572
2,10,9.120108393559097,5.367446560300529E-7,1.5475229191650193
2,10,9.549925860214358,5.620407448570643E-7,1.5475229223006297
2,10,10,5.885290140450298E-7,1.5475229256983734
2,10,10.471285480508996,6.162656547992613E-7,1.5475229294971573
2,10,10.964781961431852,6.453095000306485E-7,1.5475229336210237
2,10,11.481536214968829,6.757221590293205E-7,1.5475229381140971
2,10,12.02264434617413,7.075681484328076E-7,1.547522943101909
2,10,12.589254117941675,7.409150193505271E-7,1.5475229485389
2,10,13.182567385564074,7.758335111816052E-7,1.5475229545020102
2,10,13.803842646028853,8.123976968270968E-7,1.547522961040945
2,10,14.454397707459272,8.506851439999352E-7,1.5475229682813751
2,10,15.13561248436208,8.907770649698883E-7,1.5475229760969775
2,10,15.848931924611133,9.327585188868506E-7,1.5475229847638923
2,10,16.595869074375607,9.76718556203654E-7,1.547522994181214
2,10,17.378008287493753,1.0227504402900291E-6,1.5475230045535648
2,10,18.197008586099834,1.0709518235323617E-6,1.5475230159432718
2,10,19.054607179632473,1.1214249641734087E-6,1.547523028452887
2,10,19.952623149688797,1.174276935166294E-6,1.5475230420955517
2,10,20.892961308540396,1.2296198684801856E-6,1.5475230570731275
2,10,21.87761623949553,1.2875711788480903E-6,1.5475230735222145
2,10,22.908676527677734,1.3482538164338798E-6,1.5475230915772151
2,10,23.98832919019491,1.411796524400549E-6,1.5475231113282244
2,10,25.11886431509581,1.478334126809115E-6,1.5475231330118906
2,10,26.302679918953814,1.5480077983761889E-6,1.5475231567784824
2,10,27.542287033381662,1.6209653738233299E-6,1.547523182826159
2,10,28.84031503126606,1.6973616644030567E-6,1.5475232114119684
2,10,30.19951720402016,1.7773587775793294E-6,1.5475232427469552
2,10,31.622776601683793,1.8611264738114223E-6,1.5475232771267915
2,10,33.11311214825911,1.948842511356786E-6,1.5475233147670862
2,10,34.673685045253166,2.040693055873552E-6,1.5475233561024726
2,10,36.30780547701014,2.1368730345360605E-6,1.5475234013863397
2,10,38.018939632056124,2.2375865915466113E-6,1.5475234510683238
2,10,39.810717055349734,2.343047479980956E-6,1.5475235054077614
2,10,41.68693834703355,2.4534795766927196E-6,1.5475235649909669
2,10,43.65158322401661,2.5691173279444777E-6,1.5475236304180846
2,10,45.708818961487516,2.6902062224814315E-6,1.547523702139049
2,10,47.86300923226383,2.8170033567899105E-6,1.5475237807530449
2,10,50.11872336272722,2.9497779930686713E-6,1.5475238670476457
2,10,52.48074602497726,3.088812069284063E-6,1.5475239615756373
2,10,54.954087385762456,3.2344009034010484E-6,1.547524065301625
2,10,57.543993733715695,3.3868537458557218E-6,1.5475241790858447
2,10,60.25595860743578,3.5464944601505047E-6,1.5475243038167135
2,10,63.09573444801933,3.713662224608901E-6,1.5475244404533786
2,10,66.06934480075961,3.888712349004494E-6,1.5475245904691872
2,10,69.18309709189366,4.0720168673743E-6,1.5475247549532325
2,10,72.44359600749902,4.263965475803023E-6,1.5475249353310858
2,10,75.8577575029184,4.464966303461622E-6,1.5475251330186501
2,10,79.43282347242817,4.675446921551356E-6,1.5475253499738229
2,10,83.17637711026708,4.895855068093543E-6,1.5475255878332759
2,10,87.09635899560806,5.1266598249159335E-6,1.5475258487745884
2,10,91.20108393559097,5.368352493694095E-6,1.5475261349377598
2,10,95.49925860214358,5.621447764310753E-6,1.54752644879881
2,10,100,5.8864847984855815E-6,1.5475267930188632
2,10,104.71285480508996,6.164028407898542E-6,1.547527170450791
2,10,109.64781961431851,6.454670370717828E-6,1.5475275843644747
2,10,114.81536214968828,6.759030740717712E-6,1.5475280384481276
2,10,120.22644346174131,7.0777591119033766E-6,1.5475285364844213
2,10,125.89254117941675,7.411536141682604E-6,1.5475290826138086
2,10,131.82567385564073,7.761075260012187E-6,1.5475296818132327
2,10,138.03842646028852,8.127123974350681E-6,1.5475303391036694
2,10,144.5439770745928,8.510465787552608E-6,1.5475310601714543
2,10,151.35612484362088,8.911921930861914E-6,1.5475318512323775
2,10,158.48931924611142,9.332353201545285E-6,1.5475327189685555
2,10,165.95869074375614,9.772662214458078E-6,1.5475336710885128
2,10,173.78008287493762,1.023379525615464E-5,1.5475347158208725
2,10,181.97008586099844,1.0716744580082224E-5,1.5475358621104753
2,10,190.54607179632484,1.1222550938592189E-5,1.5475371199653862
2,10,199.52623149688807,1.1752306118581373E-5,1.5475385005242248
2,10,208.92961308540387,1.2307155440646961E-5,1.547540015828197
2,10,218.77616239495518,1.2888300727772866E-5,1.5475416791286534
2,10,229.08676527677724,1.3497003288014715E-5,1.5475435049143333
2,10,239.88329190194898,1.4134587582635116E-5,1.5475455096233839
2,10,251.18864315095797,1.4802444042850422E-5,1.5475477108346405
2,10,263.02679918953817,1.5502033315192224E-5,1.5475501281900927
2,10,275.4228703338166,1.623489006924065E-5,1.547552783280002
2,10,288.40315031266056,1.7002626873726123E-5,1.547555699394669
2,10,301.9951720402016,1.7806940709666575E-5,1.5475589038734305
2,10,316.22776601683796,1.864961507068779E-5,1.547562425041549
2,10,331.1311214825911,1.9532528527173597E-5,1.5475662959145184
2,10,346.73685045253166,2.0457657893377103E-5,1.5475705516294798
2,10,363.0780547701014,2.1427087021414888E-5,1.5475752321453948
2,10,380.1893963205613,2.2443011366622065E-5,1.5475803803262846
2,10,398.1071705534973,2.350774990222515E-5,1.5475860460630733
2,10,416.8693834703355,2.462374995907746E-5,1.5475922834134102
2,10,436.5158322401661,2.5793596111013424E-5,1.5475991510232974
2,10,457.0881896148752,2.7020023517687854E-5,1.5476067150635717
2,10,478.6300923226385,2.8305681993072453E-5,1.5476148842120967
2,10,501.18723362727246,2.96539698723433E-5,1.5476239720617313
2,10,524.8074602497728,3.1068198682027056E-5,1.547634092905384
2,10,549.5408738576248,3.255172072122579E-5,1.5476452705368042
2,10,575.4399373371573,3.410823402398746E-5,1.5476576205792294
2,10,602.5595860743581,3.57417032074237E-5,1.5476712817981997
2,10,630.9573444801937,3.745634927078808E-5,1.5476863977932054
2,10,660.6934480075957,3.9256725959692756E-5,1.547703143782764
2,10,691.8309709189363,4.1147734609308453E-5,1.5477217168523514
2,10,724.4359600749899,4.313466011660432E-5,1.5477423361388394
2,10,758.5775750291835,4.522324969150438E-5,1.5477652587904087
2,10,794.3282347242813,4.741976560317557E-5,1.5477907790424394
2,10,831.7637711026708,4.97310691350268E-5,1.5478192363218743
2,10,870.9635899560806,5.216473768110107E-5,1.5478510294562167
2,10,912.0108393559096,5.472914962294545E-5,1.5478866117638606
2,10,954.992586021436,5.743369798441175E-5,1.5479265234986328
2,10,1000,6.0289014749037744E-5,1.547971411692695
2,10,1047.1285480508996,6.330719052920508E-5,1.5480220337162491
2,10,1096.4781961431852,6.650218886675414E-5,1.5480793013071141
2,10,1148.1536214968828,6.989034225639676E-5,1.5481443170516653
2,10,1202.2644346174131,7.349150472739129E-5,1.548218536951637
2,10,1258.9254117941675,7.732828157022761E-5,1.5483034111520033
2,10,1318.2567385564075,8.142990269522393E-5,1.5484010969124122
2,10,1380.3842646028852,8.583273892184877E-5,1.5485141979383006
2,10,1445.439770745928,9.058375785724122E-5,1.5486460353003073
2,10,1513.5612484362086,9.574542703818232E-5,1.5488009145004686
2,10,1584.893192461114,1.0140359928200047E-4,1.5489844976451401
2,10,1659.5869074375614,1.0768097934489684E-4,1.549204362530253
2,10,1737.8008287493763,1.1476112560042838E-4,1.5494708084076543
2,10,1819.7008586099844,1.2293424823896243E-4,1.5497980102101234
2,10,1905.4607179632483,1.3269220579674638E-4,1.5502055206907914
2,10,1995.262314968881,1.4494718843749882E-4,1.5507193161699733
2,10,2089.2961308540407,1.6161506335379155E-4,1.5513673086204163
2,10,2187.761623949552,1.875448715117507E-4,1.5521368082425546
2,10,2290.8676527677726,2.3968655333368182E-4,1.5526234952422344
2,10,2398.83291901949,4.479439115893764E-4,1.5463994338283646
2,10,2511.88643150958,3.556127401338363E-4,-1.5211269722233969
2,10,2630.2679918953813,5.30635470770011E-6,-0.5686628556363813
2,10,2754.2287033381663,6.156388163832186E-5,1.5066596899074647
2,10,2884.031503126606,9.212436828176336E-5,1.5277614457036461
2,10,3019.9517204020162,1.1221425843968008E-4,1.5343204433845157
2,10,3162.2776601683795,1.278367485674779E-4,1.5374559653146151
2,10,3311.311214825911,1.412585735406225E-4,1.5392756820679145
2,10,3467.368504525317,1.5353185980448853E-4,1.540456986829855
2,10,3630.780547701014,1.652173151738251E-4,1.5412821664627712
2,10,3801.8939632056126,1.7664622782393713E-4,1.541889251404901
2,10,3981.0717055349733,1.8803145767303816E-4,1.5423535652543676
2,10,4168.693834703355,1.9952018488928472E-4,1.5427196758306947
2,10,4365.158322401661,2.1122131796999345E-4,1.543015665553327
2,10,4570.881896148751,2.2322090284757174E-4,1.543260168162372
2,10,4786.300923226385,2.355915156445196E-4,1.5434661240602578
2,10,5011.872336272725,2.483986499827789E-4,1.5436429301361525
2,10,5248.074602497728,2.6170589860179463E-4,1.543797767331149
2,10,5495.408738576249,2.7558049139912635E-4,1.543936519977933
2,10,5754.399373371572,2.901014806462229E-4,1.5440645640905286
2,10,6025.5958607435805,3.053759043497226E-4,1.5441877449938677
2,10,6309.573444801937,3.2157935963700833E-4,1.5443142528262337
2,10,6606.9344800759645,3.390873734987484E-4,1.544459878307862
2,10,6918.309709189362,3.5909565099691233E-4,1.5446693704884744
2,10,7244.359600749898,3.904578586749771E-4,1.545155685078232
2,10,7585.775750291836,3.547206412228997E-4,1.5418253752572257
2,10,7943.282347242814,3.9732482717496026E-4,1.5439460691381768
2,10,8317.63771102671,4.217574785380926E-4,1.5442690860668444
2,10,8709.635899560806,4.4510344411239884E-4,1.5444434918894612
2,10,9120.108393559096,4.6910448284620955E-4,1.5445824964018553
2,10,9549.92586021436,4.944622313983395E-4,1.5447187004232232
2,10,10000,5.218552639729733E-4,1.544872559063296
2,12,1,7.100170424225578E-8,1.547644777634946
2,12,1.0471285480508996,7.43479118127318E-8,1.547644777723975
2,12,1.096478196143185,7.785182160676917E-8,1.5476447778825064
2,12,1.1481536214968828,8.152086527133814E-8,1.5476447779632698
2,12,1.202264434617413,8.536282573636854E-8,1.5476447780639322
2,12,1.2589254117941673,8.93858522894617E-8,1.5476447781756555
2,12,1.318256738556407,9.359847825542496E-8,1.5476447782827283
2,12,1.3803842646028848,9.800963923065422E-8,1.5476447783950573
2,12,1.4454397707459274,1.0262869196160357E-7,1.5476447785326626
2,12,1.5135612484362082,1.0746543397581868E-7,1.5476447786705771
2,12,1.5848931924611136,1.12530124604743E-7,1.5476447787970715
2,12,1.6595869074375607,1.1783350716029223E-7,1.547644778986369
2,12,1.7378008287493754,1.2338683057058816E-7,1.5476447791886454
2,12,1.8197008586099834,1.292018743836615E-7,1.5476447794278894
2,12,1.9054607179632472,1.3529097456835207E-7,1.5476447799085151
2,12,1.9952623149688795,1.4166704390172456E-7,1.5476447801959274
2,12,2.0892961308540396,1.4834360824314515E-7,1.5476447804853408
2,12,2.1877616239495525,1.553348298700374E-7,1.5476447808198421
2,12,2.290867652767773,1.6265553792921707E-7,1.5476447811773313
2,12,2.3988329190194904,1.7032126071207468E-7,1.547644781561618
2,12,2.51188643150958,1.783482583295014E-7,1.5476447819742494
2,12,2.6302679918953817,1.8675355845328313E-7,1.5476447825459645
2,12,2.7542287033381663,1.9555498894817518E-7,1.5476447831704296
2,12,2.884031503126606,2.047712177906841E-7,1.5476447837396905
2,12,3.019951720402016,2.1442179479545738E-7,1.5476447843424341
2,12,3.1622776601683795,2.2452719089587965E-7,1.5476447850414248
2,12,3.311311214825911,2.351088426858048E-7,1.5476447859485094
2,12,3.4673685045253166,2.4618919091825077E-7,1.5476447867100793
2,12,3.630780547701014,2.577917420339567E-7,1.5476447875912953
2,12,3.8018939632056115,2.699411068500894E-7,1.5476447885942783
2,12,3.9810717055349722,2.826630545960306E-7,1.5476447896205237
2,12,4.168693834703354,2.9598457358983457E-7,1.5476447908806652
2,12,4.36515832240166,3.099339197912166E-7,1.54764479228609
2,12,4.570881896148751,3.245406812647735E-7,1.5476447937955913
2,12,4.786300923226384,3.3983584180760346E-7,1.5476447954363153
2,12,5.011872336272724,3.5585184768600857E-7,1.547644797358013
2,12,5.248074602497725,3.7262266491811313E-7,1.5476447992051239
2,12,5.495408738576246,3.9018387356699807E-7,1.5476448013165849
2,12,5.7543993733715695,4.0857272411537197E-7,1.5476448036847137
2,12,6.025595860743578,4.278282232816889E-7,1.5476448063379218
2,12,6.309573444801933,4.479912143205416E-7,1.5476448092187507
2,12,6.606934480075961,4.6910446451694673E-7,1.5476448122360165
2,12,6.918309709189364,4.912127649005856E-7,1.54764481563193
2,12,7.244359600749901,5.143630121152857E-7,1.5476448194240349
2,12,7.5857757502918375,5.386043060439806E-7,1.5476448233632796
2,12,7.943282347242816,5.639880796507498E-7,1.5476448278905435
2,12,8.31763771102671,5.905681708239318E-7,1.5476448327581598
2,12,8.709635899560807,6.184009682487427E-7,1.5476448381839196
2,12,9.120108393559097,6.47545510088036E-7,1.5476448440945572
2,12,9.549925860214358,6.780636252936444E-7,1.5476448506774667
2,12,10,7.100200440233091E-7,1.547644857741371
2,12,10.471285480508996,7.434825613036092E-7,1.5476448654736232
2,12,10.964781961431852,7.785221672043491E-7,1.5476448740471842
2,12,11.481536214968829,8.152131884046728E-7,1.5476448833890029
2,12,12.02264434617413,8.536334674426755E-7,1.5476448937129206
2,12,12.589254117941675,8.938645052390444E-7,1.5476449049859027
2,12,13.182567385564074,9.359916467572857E-7,1.5476449172396878
2,12,13.803842646028853,9.801042741561766E-7,1.5476449307743987
2,12,14.454397707459272,1.0262959730356863E-6,1.5476449456805763
2,12,15.13561248436208,1.0746647319280276E-6,1.5476449618985928
2,12,15.848931924611133,1.1253131870316036E-6,1.5476449798616516
2,12,16.595869074375607,1.1783487789841866E-6,1.5476449994044421
2,12,17.378008287493753,1.233884040559121E-6,1.5476450208175982
2,12,18.197008586099834,1.2920368129442776E-6,1.5476450444122656
2,12,19.054607179632473,1.352930470815321E-6,1.5476450701675297
2,12,19.952623149688797,1.4166942295893283E-6,1.5476450983899117
2,12,20.892961308540396,1.4834634085553789E-6,1.547645129512217
2,12,21.87761623949553,1.5533796728622721E-6,1.5476451635186472
2,12,22.908676527677734,1.626591396717315E-6,1.5476452007376253
2,12,23.98832919019491,1.7032539668361544E-6,1.5476452416661721
2,12,25.11886431509581,1.78353007278264E-6,1.5476452864933001
2,12,26.302679918953814,1.86759011017677E-6,1.5476453357454714
2,12,27.542287033381662,1.955612480273147E-6,1.5476453896111009
2,12,28.84031503126606,2.047784047962713E-6,1.54764544874389
2,12,30.19951720402016,2.1443004735624666E-6,1.5476455135701057
2,12,31.622776601683793,2.2453666664702982E-6,1.5476455846628485
2,12,33.11311214825911,2.351197198210121E-6,1.5476456625138453
2,12,34.673685045253166,2.4620168132612815E-6,1.5476457479701606
2,12,36.30780547701014,2.5780608440053966E-6,1.5476458416934122
2,12,38.018939632056124,2.6995757505170982E-6,1.5476459444499855
2,12,39.810717055349734,2.826819630461209E-6,1.5476460570117605
2,12,41.68693834703355,2.9600627979224992E-6,1.5476461803005939
2,12,43.65158322401661,3.0995883968451434E-6,1.547646315604666
2,12,45.708818961487516,3.2456929004573395E-6,1.5476464638824083
2,12,47.86300923226383,3.3986868984522346E-6,1.5476466266697313
2,12,50.11872336272722,3.558895614874677E-6,1.5476468051971268
2,12,52.48074602497726,3.7266597325642166E-6,1.5476470010836616
2,12,54.954087385762456,3.902336033373457E-6,1.5476472158367465
2,12,57.543993733715695,4.08629827586495E-6,1.5476474513895198
2,12,60.25595860743578,4.2789379193859165E-6,1.5476477096517052
2,12,63.09573444801933,4.480665063972919E-6,1.5476479929592482
2,12,66.06934480075961,4.691909248769392E-6,1.5476483035941995
2,12,69.18309709189366,4.91312049302702E-6,1.5476486442946744
2,12,72.44359600749902,5.144770234497878E-6,1.5476490179847002
2,12,75.8577575029184,5.387352343601376E-6,1.5476494277511827
2,12,79.43282347242817,5.641384335066807E-6,1.547649877265325
2,12,83.17637711026708,5.907408375143739E-6,1.5476503702742224
2,12,87.09635899560806,6.18599261757939E-6,1.5476509110846668
2,12,91.20108393559097,6.477732398588856E-6,1.5476515042946961
2,12,95.49925860214358,6.78325168439273E-6,1.5476521551430984
2,12,100,7.1032043408989934E-6,1.5476528691004725
2,12,104.71285480508996,7.438275693612265E-6,1.5476536521172395
2,12,109.64781961431851,7.789184428276273E-6,1.5476545114857447
2,12,114.81536214968828,8.156683695171701E-6,1.5476554543865377
2,12,120.22644346174131,8.541563114975217E-6,1.547656488653436
2,12,125.89254117941675,8.94465091616274E-6,1.5476576233971593
2,12,131.82567385564073,9.366815826505117E-6,1.547658868813975
2,12,138.03842646028852,9.808968833526825E-6,1.5476602355375229
2,12,144.5439770745928,1.0272065772852653E-5,1.5476617354852817
2,12,151.35612484362088,1.0757109726908715E-5,1.5476633819611725
2,12,158.48931924611142,1.1265153440762659E-5,1.5476651894921916
2,12,165.95869074375614,1.1797302018952657E-5,1.5476671739917598
2,12,173.78008287493762,1.2354715866628822E-5,1.5476693529570846
2,12,181.97008586099844,1.2938613712266183E-5,1.5476717455283497
2,12,190.54607179632484,1.3550276741466185E-5,1.5476743738154435
2,12,199.52623149688807,1.4191050832575833E-5,1.5476772610898906
2,12,208.92961308540387,1.4862351240261774E-5,1.547680433280686
2,12,218.77616239495518,1.5565666895444895E-5,1.5476839193085874
2,12,229.08676527677724,1.6302564272780835E-5,1.547687750563488
2,12,239.88329190194898,1.7074694491682956E-5,1.5476919637352673
2,12,251.18864315095797,1.7883794713977163E-5,1.5476965965751104
2,12,263.02679918953817,1.873169799110017E-5,1.5477016928659453
2,12,275.4228703338166,1.9620338103808502E-5,1.5477073009177547
2,12,288.40315031266056,2.055175645514166E-5,1.5477134739282516
2,12,301.9951720402016,2.1528111362141657E-5,1.5477202718776288
2,12,316.22776601683796,2.255168391357069E-5,1.5477277595454633
2,12,331.1311214825911,2.3624894978056603E-5,1.5477360134499472
2,12,346.73685045253166,2.4750309408809505E-5,1.5477451165858678
2,12,363.0780547701014,2.5930649431491417E-5,1.5477551605011726
2,12,380.1893963205613,2.71688114311628E-5,1.5477662485442913
2,12,398.1071705534973,2.8467882783187642E-5,1.54777849741666
2,12,416.8693834703355,2.9831166448207637E-5,1.547792042313237
2,12,436.5158322401661,3.126218841612726E-5,1.5478070292630477
2,12,457.0881896148752,3.2764740209346196E-5,1.5478236284159783
2,12,478.6300923226385,3.4342359422933396E-5,1.547841737975099
2,12,501.18723362727246,3.6000128596733604E-5,1.5478619667365787
2,12,524.8074602497728,3.774296997948519E-5,1.5478846231481065
2,12,549.5408738576248,3.9575838694695304E-5,1.5479098557650997
2,12,575.4399373371573,4.15044235680165E-5,1.5479379882549902
2,12,602.5595860743581,4.353502232890389E-5,1.5479694113233262
2,12,630.9573444801937,4.567460475256429E-5,1.5480045733744148
2,12,660.6934480075957,4.793098397295874E-5,1.5480440095116073
2,12,691.8309709189363,5.0312985308694574E-5,1.5480883549657132
2,12,724.4359600749899,5.283060707165621E-5,1.5481383431319604
2,12,758.5775750291835,5.549543267455474E-5,1.5481948746821281
2,12,794.3282347242813,5.832097137521232E-5,1.5482590293625247
2,12,831.7637711026708,6.132325370284375E-5,1.5483321268999088
2,12,870.9635899560806,6.452161843763915E-5,1.5484157921716046
2,12,912.0108393559096,6.793978763520844E-5,1.548512031541042
2,12,954.992586021436,7.1607571133054E-5,1.5486233729009422
2,12,1000,7.556356929551227E-5,1.5487530862752608
2,12,1047.1285480508996,7.98587295495566E-5,1.5489053480022643
2,12,1096.4781961431852,8.456289675986803E-5,1.549085662150147
2,12,1148.1536214968828,8.977556317565887E-5,1.5493014024729543
2,12,1202.2644346174131,9.564668316817619E-5,1.5495628722225046
2,12,1258.9254117941675,1.0240539128745753E-4,1.5498832640708375
2,12,1318.2567385564075,1.1044414540931351E-4,1.5502818818377921
2,12,1380.3842646028852,1.2048026760768965E-4,1.5507843477511958
2,12,1445.439770745928,1.3399717926682945E-4,1.5514198745651628
2,12,1513.5612484362086,1.546599010159824E-4,1.5521882259554478
2,12,1584.893192461114,1.94709665499723E-4,1.5527900697362056
2,12,1659.5869074375614,3.3573028438863234E-4,1.5488236866643896
2,12,1737.8008287493763,4.4824908846418954E-4,-1.514997280277906
2,12,1819.7008586099844,1.3881437921051074E-5,-1.289581282073945
2,12,1905.4607179632483,4.738752608467132E-5,1.5012136071695001
2,12,1995.262314968881,7.470198467035101E-5,1.5266940188024012
2,12,2089.2961308540407,9.22130640228488E-5,1.5339517018245699
2,12,2187.761623949552,1.0563228024961805E-4,1.537314201423818
2,12,2290.8676527677726,1.1705592618489866E-4,1.539233891549619
2,12,2398.83291901949,1.2743945819499824E-4,1.540467456877829
2,12,2511.88643150958,1.3728593086472497E-4,1.541323175577567
2,12,2630.2679918953813,1.4688948524167587E-4,1.5419495239252154
2,12,2754.2287033381663,1.5643748010557944E-4,1.5424266708546919
2,12,2884.031503126606,1.6605841644337253E-4,1.5428016707766117
2,12,3019.9517204020162,1.7584662470454136E-4,1.5431039823809594
2,12,3162.2776601683795,1.8587601698415767E-4,1.543353043820144
2,12,3311.311214825911,1.962083876983706E-4,1.543562283030641
2,12,3467.368504525317,2.0689895604404394E-4,1.5437413941766704
2,12,3630.780547701014,2.180007283520158E-4,1.5438977285338957
2,12,3801.8939632056126,2.295689628816737E-4,1.5440372396137036
2,12,3981.0717055349733,2.4166748649444278E-4,1.544165263871501
2,12,4168.693834703355,2.543807546960869E-4,1.5442874362922674
2,12,4365.158322401661,2.6784328825438393E-4,1.5444113556650783
2,12,4570.881896148751,2.823319814532261E-4,1.5445510675584535
2,12,4786.300923226385,2.9867923874396453E-4,1.5447445239132414
2,12,5011.872336272725,3.221813394416116E-4,1.5451647896096696
2,12,5248.074602497728,2.8645999660044434E-4,1.5406201825737276
2,12,5495.408738576249,3.306867024896419E-4,1.5440225731099428
2,12,5754.399373371572,3.513715528440862E-4,1.5443702638894918
2,12,6025.5958607435805,3.708612217091419E-4,1.5445467669260933
2,12,6309.573444801937,3.908223849902301E-4,1.5446836403681334
2,12,6606.9344800759645,4.1185632391191936E-4,1.5448154342310707
2,12,6918.309709189362,4.3449755893004536E-4,1.5449622463903419
2,12,7244.359600749898,4.596092264969793E-4,1.5451469154674407
2,12,7585.775750291836,4.892057676174809E-4,1.5454077683571532
2,12,7943.282347242814,5.30206951804251E-4,1.5458057485255923
2,12,8317.63771102671,6.370625831592301E-4,1.5453559957165
2,12,8709.635899560806,3.5062922291055767E-4,1.5187044615473795
2,12,9120.108393559096,5.018648155623786E-4,1.5409151792845468
2,12,9549.92586021436,5.505670005205086E-4,1.5426918531531262
2,12,10000,5.876647527374053E-4,1.5433119721478998
2,15,1,8.923960492556389E-8,1.547769020764948
2,15,1.0471285480508996,9.344533855248588E-8,1.5477690208880075
2,15,1.096478196143185,9.78492832286598E-8,1.547769021191697
2,15,1.1481536214968828,1.0246077887664438E-7,1.5477690213793265
2,15,1.202264434617413,1.0728960794959872E-7,1.5477690216107713
2,15,1.2589254117941673,1.1234601294376043E-7,1.5477690218671365
2,15,1.318256738556407,1.1764071897906741E-7,1.5477690221152427
2,15,1.3803842646028848,1.2318495726828345E-7,1.5477690224242877
2,15,1.4454397707459274,1.2899048783516648E-7,1.5477690227734369
2,15,1.5135612484362082,1.3506962449767073E-7,1.5477690230897254
2,15,1.5848931924611136,1.4143526211383177E-7,1.5477690234022248
2,15,1.6595869074375607,1.4810090421958737E-7,1.5477690238565165
2,15,1.7378008287493754,1.5508068871541424E-7,1.5477690243233895
2,15,1.8197008586099834,1.6238942136475378E-7,1.5477690249065355
2,15,1.9054607179632472,1.700426097063283E-7,1.5477690260827865
2,15,1.9952623149688795,1.7805647755482953E-7,1.5477690267778157
2,15,2.0892961308540396,1.8644802751581582E-7,1.5477690274634543
2,15,2.1877616239495525,1.952350611848675E-7,1.5477690283061343
2,15,2.290867652767773,2.0443621535435587E-7,1.547769029156084
2,15,2.3988329190194904,2.1407100794200756E-7,1.5477690300829623
2,15,2.51188643150958,2.241598759820226E-7,1.5477690311133205
2,15,2.6302679918953817,2.347242226295942E-7,1.5477690324913096
2,15,2.7542287033381663,2.4578645504043697E-7,1.5477690340713086
2,15,2.884031503126606,2.5737003202302526E-7,1.5477690354017317
2,15,3.019951720402016,2.694995293011365E-7,1.5477690369001962
2,15,3.1622776601683795,2.822006761679823E-7,1.5477690385882914
2,15,3.311311214825911,2.955004209141375E-7,1.5477690409283502
2,15,3.4673685045253166,3.094269569252686E-7,1.547769042761682
2,15,3.630780547701014,3.240098365546108E-7,1.5477690448772288
2,15,3.8018939632056115,3.392799938955393E-7,1.5477690473317325
2,15,3.9810717055349722,3.55269814924575E-7,1.5477690498508534
2,15,4.168693834703354,3.720132253802006E-7,1.5477690528825918
2,15,4.36515832240166,3.8954573906593055E-7,1.5477690562890614
2,15,4.570881896148751,4.079045444471946E-7,1.5477690599997507
2,15,4.786300923226384,4.2712858430043627E-7,1.5477690640040889
2,15,5.011872336272724,4.4725864593551497E-7,1.5477690687062644
2,15,5.248074602497725,4.6833740720098254E-7,1.5477690731539226
2,15,5.495408738576246,4.904096009703256E-7,1.54776907820765
2,15,5.7543993733715695,5.135220519625695E-7,1.5477690840259206
2,15,6.025595860743578,5.377237843971294E-7,1.547769090460945
2,15,6.309573444801933,5.63066134903398E-7,1.5477690974590474
2,15,6.606934480075961,5.896028512891575E-7,1.5477691047027755
2,15,6.918309709189364,6.173902487499017E-7,1.547769112979208
2,15,7.244359600749901,6.464872727734052E-7,1.5477691222394745
2,15,7.5857757502918375,6.769556243128679E-7,1.547769131837137
2,15,7.943282347242816,7.08859974911844E-7,1.5477691428538323
2,15,8.31763771102671,7.422679833154064E-7,1.5477691547074262
2,15,8.709635899560807,7.772505379406162E-7,1.5477691678383476
2,15,9.120108393559097,8.138818491865306E-7,1.5477691822276758
2,15,9.549925860214358,8.522396438909032E-7,1.5477691982439536
2,15,10,8.924052755182689E-7,1.5477692154351559
2,15,10.471285480508996,9.344639842657399E-7,1.54776923444544
2,15,10.964781961431852,9.785049991126463E-7,1.5477692553102014
2,15,11.481536214968829,1.0246217525963642E-6,1.5477692779790766
2,15,12.02264434617413,1.0729121178904545E-6,1.5477693030648003
2,15,12.589254117941675,1.1234785422372785E-6,1.5477693304518108
2,15,13.182567385564074,1.1764283260451163E-6,1.5477693603949345
2,15,13.803842646028853,1.2318738372228724E-6,1.54776939329553
2,15,14.454397707459272,1.2899327526054934E-6,1.5477694296406794
2,15,15.13561248436208,1.3507282327997899E-6,1.5477694689820676
2,15,15.848931924611133,1.4143893641828966E-6,1.5477695125281876
2,15,16.595869074375607,1.4810512358315243E-6,1.5477695602558454
2,15,17.378008287493753,1.5508553187829398E-6,1.5477696123227895
2,15,18.197008586099834,1.623949822622437E-6,1.5477696696473497
2,15,19.054607179632473,1.7004898914289493E-6,1.5477697324431425
2,15,19.952623149688797,1.7806380120562669E-6,1.5477698011827477
2,15,20.892961308540396,1.8645643753984826E-6,1.5477698767001942
2,15,21.87761623949553,1.9524471747264103E-6,1.5477699595099574
2,15,22.908676527677734,2.044473019806024E-6,1.5477700501634544
2,15,23.98832919019491,2.140837384548385E-6,1.547770149705421
2,15,25.11886431509581,2.2417449271720312E-6,1.5477702587532172
2,15,26.302679918953814,2.3474100553529746E-6,1.5477703786203232
2,15,27.542287033381662,2.4580572277238017E-6,1.5477705099308259
2,15,28.84031503126606,2.5739215644470563E-6,1.5477706537890614
2,15,30.19951720402016,2.6952493487464286E-6,1.5477708116269084
2,15,31.622776601683793,2.8222984897244342E-6,1.547770984734091
2,15,33.11311214825911,2.9553391276377824E-6,1.5477711746088465
2,15,34.673685045253166,3.094654160610252E-6,1.547771382591895
2,15,36.30780547701014,3.240540010698319E-6,1.5477716108328934
2,15,38.018939632056124,3.3933070963186213E-6,1.5477718612397144
2,15,39.810717055349734,3.553280480160748E-6,1.5477721353666534
2,15,41.68693834703355,3.7208007937854747E-6,1.5477724356772005
2,15,43.65158322401661,3.896224975756358E-6,1.547772765348051
2,15,45.708818961487516,4.07992672558519E-6,1.547773126661671
2,15,47.86300923226383,4.272297800838556E-6,1.5477735233725578
2,15,50.11872336272722,4.473748431532685E-6,1.547773958510618
2,15,52.48074602497726,4.684708550203352E-6,1.5477744359424435
2,15,54.954087385762456,4.905628552093399E-6,1.5477749595155894
2,15,57.543993733715695,5.136980544147722E-6,1.5477755340357828
2,15,60.25595860743578,5.379259101853336E-6,1.5477761640775138
2,15,63.09573444801933,5.632982717522216E-6,1.5477768552835118
2,15,66.06934480075961,5.898694727398744E-6,1.5477776134462946
2,15,69.18309709189366,6.176964833082865E-6,1.5477784454222632
2,15,72.44359600749902,6.468390013157418E-6,1.547779357946218
2,15,75.8577575029184,6.773596375947897E-6,1.5477803590354908
2,15,79.43282347242817,7.093240612147121E-6,1.5477814579230802
2,15,83.17637711026708,7.428011017127555E-6,1.5477826636063479
2,15,87.09635899560806,7.778629861261134E-6,1.5477839868970977
2,15,91.20108393559097,8.145854699989847E-6,1.5477854392074468
2,15,95.49925860214358,8.530480527572748E-6,1.547787033417921
2,15,100,8.93334151027023E-6,1.5477887833061095
2,15,104.71285480508996,9.355313478627094E-6,1.5477907044639705
2,15,109.64781961431851,9.797315949857165E-6,1.5477928138814812
2,15,114.81536214968828,1.0260314559392116E-5,1.5477951300555186
2,15,120.22644346174131,1.0745324191877814E-5,1.5477976741581274
2,15,125.89254117941675,1.1253411027127751E-5,1.547800468713463
2,15,131.82567385564073,1.1785696226668404E-5,1.547803539058411
2,15,138.03842646028852,1.2343358308740468E-5,1.5478069120821598
2,15,144.5439770745928,1.2927639110566304E-5,1.5478106202546815
2,15,151.35612484362088,1.3539843850925358E-5,1.5478146960260941
2,15,158.48931924611142,1.4181349621823543E-5,1.5478191786051134
2,15,165.95869074375614,1.485360684469503E-5,1.5478241096797116
2,15,173.78008287493762,1.5558145180527304E-5,1.547829535180624
2,15,181.97008586099844,1.6296578606476114E-5,1.5478355053255992
2,15,190.54607179632484,1.7070614585259967E-5,1.547842078665539
2,15,199.52623149688807,1.788205941945012E-5,1.5478493205861519
2,15,208.92961308540387,1.8732822939047378E-5,1.5478573009840038
2,15,218.77616239495518,1.9624934637005523E-5,1.5478661028989114
2,15,229.08676527677724,2.056054250541387E-5,1.547875812510484
2,15,239.88329190194898,2.1541934797298697E-5,1.5478865309293097
2,15,251.18864315095797,2.2571544991209508E-5,1.5478983682992808
2,15,263.02679918953817,2.3651979662017955E-5,1.5479114565156769
2,15,275.4228703338166,2.4786018942678124E-5,1.5479259370591487
2,15,288.40315031266056,2.5976645256570546E-5,1.5479419709386613
2,15,301.9951720402016,2.7227072975587143E-5,1.5479597455699485
2,15,316.22776601683796,2.854077150302058E-5,1.5479794737070256
2,15,331.1311214825911,2.9921489847353168E-5,1.5480013919595197
2,15,346.73685045253166,3.1373316690452216E-5,1.5480257782318467
2,15,363.0780547701014,3.290072201037493E-5,1.5480529517427415
2,15,380.1893963205613,3.4508615473069986E-5,1.5480832785893164
2,15,398.1071705534973,3.620245359024503E-5,1.548117196695779
2,15,416.8693834703355,3.798832555328421E-5,1.5481552184502878
2,15,436.5158322401661,3.9872984398580615E-5,1.5481979017079681
2,15,457.0881896148752,4.1864225735233245E-5,1.548245971625029
2,15,478.6300923226385,4.396778346294747E-5,1.5482989827468678
2,15,501.18723362727246,4.619847984784279E-5,1.5483598724310568
2,15,524.8074602497728,4.85682691216767E-5,1.5484296856197832
2,15,549.5408738576248,5.109073369477494E-5,1.5485094993393458
2,15,575.4399373371573,5.3783685271332385E-5,1.5486011585394097
2,15,602.5595860743581,5.666952571973455E-5,1.5487070389163418
2,15,630.9573444801937,5.977660602964076E-5,1.54883007407686
2,15,660.6934480075957,6.314245329431856E-5,1.5489741360824303
2,15,691.8309709189363,6.681782996770495E-5,1.5491442634458303
2,15,724.4359600749899,7.087381848489058E-5,1.5493471048584306
2,15,758.5775750291835,7.54147514878062E-5,1.549591694151992
2,15,794.3282347242813,8.060163853917979E-5,1.5498904658107928
2,15,831.7637711026708,8.669843477859315E-5,1.5502606046067673
2,15,870.9635899560806,9.417479879982132E-5,1.550725745181258
2,15,912.0108393559096,1.0395916893018446E-4,1.5513154810309333
2,15,954.992586021436,1.1819631485319693E-4,1.5520498198435533
2,15,1000,1.4323479095453538E-4,1.5528109797693441
2,15,1047.1285480508996,2.0993257516154987E-4,1.5519747850544086
2,15,1096.4781961431852,0.0036825380536098106,1.2370924071437956
2,15,1148.1536214968828,4.764639264595039E-5,-1.4927437183878582
2,15,1202.2644346174131,2.6832592140354934E-5,1.4707354070914282
2,15,1258.9254117941675,5.396666756523602E-5,1.5222779889232836
2,15,1318.2567385564075,6.99178177752284E-5,1.5323904376895974
2,15,1380.3842646028852,8.156322369155914E-5,1.536583631637377
2,15,1445.439770745928,9.118851304923295E-5,1.5388493004708599
2,15,1513.5612484362086,9.977474972819405E-5,1.540257808326955
2,15,1584.893192461114,1.0781705745112678E-4,1.541213459576944
2,15,1659.5869074375614,1.1559593058236452E-4,1.5419018858582476
2,15,1737.8008287493763,1.2328531513190725E-4,1.5424199973121913
2,15,1819.7008586099844,1.3100172595291305E-4,1.542823268545201
2,15,1905.4607179632483,1.3882877826935564E-4,1.5431457462682254
2,15,1995.262314968881,1.4683055569542197E-4,1.5434095291678185
2,15,2089.2961308540407,1.5505942813737886E-4,1.5436296558187739
2,15,2187.761623949552,1.6356107891898121E-4,1.5438168189284882
2,15,2290.8676527677726,1.723781966336254E-4,1.5439789797081775
2,15,2398.83291901949,1.8155386861131147E-4,1.5441224171896044
2,15,2511.88643150958,1.9113586223273692E-4,1.5442525268285383
2,15,2630.2679918953813,2.0118400881423626E-4,1.5443746317871538
2,15,2754.2287033381663,2.1178682773101103E-4,1.544495250936388
2,15,2884.031503126606,2.2310910975250101E-4,1.5446251058869143
2,15,3019.9517204020162,2.355768104816951E-4,1.5447894152359052
2,15,3162.2776601683795,2.511192978925143E-4,1.5450829657314478
2,15,3311.311214825911,4.4197877767045564E-4,1.5239050512696966
2,15,3467.368504525317,2.595788311369637E-4,1.543910784101142
2,15,3630.780547701014,2.77526795092188E-4,1.544425855750826
2,15,3801.8939632056126,2.9322460206430317E-4,1.5446273411213298
2,15,3981.0717055349733,3.0905080987902783E-4,1.5447681707198546
2,15,4168.693834703355,3.255989434549801E-4,1.544895855914725
2,15,4365.158322401661,3.432693290135123E-4,1.5450318923768294
2,15,4570.881896148751,3.6260863761089274E-4,1.545196396402472
2,15,4786.300923226385,3.847509373664774E-4,1.545420351892851
2,15,5011.872336272725,4.130334708001682E-4,1.5457609542567992
2,15,5248.074602497728,4.6492668697062004E-4,1.5461522123761005
2,15,5495.408738576249,4.2475543436239286E-4,-1.2574632057758013
2,15,5754.399373371572,3.8417459947257703E-4,1.539519543588121
2,15,6025.5958607435805,4.322882206803032E-4,1.5425166088615534
2,15,6309.573444801937,4.638385977538826E-4,1.543327990393365
2,15,6606.9344800759645,4.918114122233767E-4,1.5437041782405854
2,15,6918.309709189362,5.189959448415648E-4,1.543923695220935
2,15,7244.359600749898,5.463849207144743E-4,1.5440697968618846
2,15,7585.775750291836,5.744485688837379E-4,1.5441759901131238
2,15,7943.282347242814,6.034628308440383E-4,1.5442584777397728
2,15,8317.63771102671,6.336222525995708E-4,1.5443262266030984
2,15,8709.635899560806,6.65088412435725E-4,1.5443848306214432
2,15,9120.108393559096,6.980168882153909E-4,1.5444382699577062
2,15,9549.92586021436,7.325797555468063E-4,1.5444898903280717
2,15,10000,7.68996178189891E-4,1.5445431558855867
2,20,1,1.1965385810154952E-7,1.5478961419585848
2,20,1.0471285480508996,1.252929747321976E-7,1.5478961425576734
2,20,1.096478196143185,1.3119785528468718E-7,1.5478961432152794
2,20,1.1481536214968828,1.3738102419374715E-7,1.5478961438431733
2,20,1.202264434617413,1.4385559799098835E-7,1.547896144558328
2,20,1.2589254117941673,1.5063531019257584E-7,1.5478961453913058
2,20,1.318256738556407,1.577345405094562E-7,1.5478961462146634
2,20,1.3803842646028848,1.6516834853251615E-7,1.547896147137257
2,20,1.4454397707459274,1.7295250235669586E-7,1.547896148134267
2,20,1.5135612484362082,1.811035115522959E-7,1.547896149058759
2,20,1.5848931924611136,1.8963866795220334E-7,1.5478961501374713
2,20,1.6595869074375607,1.9857607794576433E-7,1.5478961515515195
2,20,1.7378008287493754,2.0793469706425378E-7,1.547896153059573
2,20,1.8197008586099834,2.1773437831697035E-7,1.5478961548649457
2,20,1.9054607179632472,2.2799593070812045E-7,1.5478961587329518
2,20,1.9952623149688795,2.3874107615904866E-7,1.5478961609483022
2,20,2.0892961308540396,2.499926254118405E-7,1.547896163126908
2,20,2.1877616239495525,2.617744507943941E-7,1.5478961656806338
2,20,2.290867652767773,2.741115396202825E-7,1.547896168347755
2,20,2.3988329190194904,2.8703006367687135E-7,1.5478961713039003
2,20,2.51188643150958,3.005574246248927E-7,1.5478961744625361
2,20,2.6302679918953817,3.1472233275332605E-7,1.5478961788045107
2,20,2.7542287033381663,3.295548244078088E-7,1.547896183634674
2,20,2.884031503126606,3.4508634335459234E-7,1.5478961879090882
2,20,3.019951720402016,3.6134985041059173E-7,1.5478961924879018
2,20,3.1622776601683795,3.7837984725170146E-7,1.547896197588349
2,20,3.311311214825911,3.9621249671170734E-7,1.5478962049844553
2,20,3.4673685045253166,4.1488554555310316E-7,1.5478962108026841
2,20,3.630780547701014,4.34438651431061E-7,1.5478962173743993
2,20,3.8018939632056115,4.5491329851668776E-7,1.5478962249556851
2,20,3.9810717055349722,4.7635290179958453E-7,1.5478962328222357
2,20,4.168693834703354,4.988029709527331E-7,1.5478962421306544
2,20,4.36515832240166,5.22311140423897E-7,1.5478962532077762
2,20,4.570881896148751,5.469272370658137E-7,1.54789626452054
2,20,4.786300923226384,5.727035142844847E-7,1.5478962773210567
2,20,5.011872336272724,5.99694672470847E-7,1.5478962920610415
2,20,5.248074602497725,6.279578846966119E-7,1.5478963061460251
2,20,5.495408738576246,6.575531851676301E-7,1.5478963219967528
2,20,5.7543993733715695,6.885433924106083E-7,1.547896340471331
2,20,6.025595860743578,7.209942183158868E-7,1.547896360606745
2,20,6.309573444801933,7.549745177291155E-7,1.5478963826197236
2,20,6.606934480075961,7.905563221783841E-7,1.5478964051536228
2,20,6.918309709189364,8.278152594481657E-7,1.5478964314838766
2,20,7.244359600749901,8.668303195980882E-7,1.5478964601763878
2,20,7.5857757502918375,9.076842506693259E-7,1.5478964906044503
2,20,7.943282347242816,9.504638246345743E-7,1.5478965247044054
2,20,8.31763771102671,9.952598044302153E-7,1.5478965623014387
2,20,8.709635899560807,1.0421672507583657E-6,1.5478966035226238
2,20,9.120108393559097,1.0912857284518192E-6,1.5478966489242034
2,20,9.549925860214358,1.142719479854957E-6,1.5478966986930418
2,20,10,1.196577662938631E-6,1.5478967529852878
2,20,10.471285480508996,1.2529746094416254E-6,1.5478968123863632
2,20,10.964781961431852,1.3120300448188774E-6,1.5478968774275335
2,20,11.481536214968829,1.3738693134996495E-6,1.5478969481934746
2,20,12.02264434617413,1.4386238412428198E-6,1.5478970270013859
2,20,12.589254117941675,1.5064309985654556E-6,1.547897112749373
2,20,13.182567385564074,1.577434832024565E-6,1.547897206746949
2,20,13.803842646028853,1.6517861904240494E-6,1.5478973103249427
2,20,14.454397707459272,1.7296430153488596E-6,1.547897424301644
2,20,15.13561248436208,1.8111705485892986E-6,1.5478975479190884
2,20,15.848931924611133,1.8965422992513778E-6,1.547897685136634
2,20,16.595869074375607,1.985939417869242E-6,1.547897834270378
2,20,17.378008287493753,2.0795520813736894E-6,1.5478979981699605
2,20,18.197008586099834,2.177579291950763E-6,1.5478981780391934
2,20,19.054607179632473,2.2802295030503605E-6,1.547898375381247
2,20,19.952623149688797,2.3877209992839408E-6,1.5478985915114378
2,20,20.892961308540396,2.50028252324582E-6,1.5478988286650084
2,20,21.87761623949553,2.61815364087224E-6,1.5478990888889101
2,20,22.908676527677734,2.741585258634248E-6,1.547899374310408
2,20,23.98832919019491,2.870840177722446E-6,1.547899686901057
2,20,25.11886431509581,3.0061938417811894E-6,1.547900029904346
2,20,26.302679918953814,3.147934788551454E-6,1.5479004064919475
2,20,27.542287033381662,3.296365083579498E-6,1.5479008188924015
2,20,28.84031503126606,3.4518015783095225E-6,1.5479012717368756
2,20,30.19951720402016,3.614575903762302E-6,1.5479017679490104
2,20,31.622776601683793,3.785035955356932E-6,1.5479023129762681
2,20,33.11311214825911,3.963545746328451E-6,1.5479029098692942
2,20,34.673685045253166,4.150487456537208E-6,1.547903565468222
2,20,36.30780547701014,4.346260955051396E-6,1.5479042839612442
2,20,38.018939632056124,4.551286055657837E-6,1.5479050730351478
2,20,39.810717055349734,4.7660018686822395E-6,1.547905936979737
2,20,41.68693834703355,4.990869620041663E-6,1.5479068843592627
2,20,43.65158322401661,5.226373047806013E-6,1.5479079247802043
2,20,45.708818961487516,5.4730187592797E-6,1.5479090661902042
2,20,47.86300923226383,5.731338456602957E-6,1.5479103187888297
2,20,50.11872336272722,6.001889986119882E-6,1.5479116940268394
2,20,52.48074602497726,6.285258354803237E-6,1.547913203619232
2,20,54.954087385762456,6.582056992144661E-6,1.5479148591898981
2,20,57.543993733715695,6.892931524877987E-6,1.5479166787169163
2,20,60.25595860743578,7.218557655219526E-6,1.547918675838342
2,20,63.09573444801933,7.559646396766408E-6,1.5479208696168103
2,20,66.06934480075961,7.916943552005476E-6,1.5479232782994794
2,20,69.18309709189366,8.291233620769681E-6,1.5479259241858887
2,20,72.44359600749902,8.683340184577042E-6,1.5479288294532099
2,20,75.8577575029184,9.094131136820986E-6,1.547932022848435
2,20,79.43282347242817,9.524517518923405E-6,1.5479355316228693
2,20,83.17637711026708,9.975459870688456E-6,1.547939389414054
2,20,87.09635899560806,1.0447968641450454E-5,1.547943631150146
2,20,91.20108393559097,1.0943108483606906E-5,1.5479482956328874
2,20,95.49925860214358,1.146200475758768E-5,1.5479534303842517
2,20,100,1.2005839754734916E-5,1.5479590792954492
2,20,104.71285480508996,1.2575865352304732E-5,1.5479652970550994
2,20,109.64781961431851,1.31734054650582E-5,1.5479721452194066
2,20,114.81536214968828,1.3799859928315992E-5,1.5479796904766943
2,20,120.22644346174131,1.4456711060442355E-5,1.5479880064865714
2,20,125.89254117941675,1.5145533918457231E-5,1.547997179054761
2,20,131.82567385564073,1.5867999284164716E-5,1.5480073007339312
2,20,138.03842646028852,1.6625887274586615E-5,1.5480184781265023
2,20,144.5439770745928,1.7421095307367333E-5,1.5480308302342105
2,20,151.35612484362088,1.8255649905788376E-5,1.5480444903076664
2,20,158.48931924611142,1.9131721851635232E-5,1.5480596092329286
2,20,165.95869074375614,2.0051643906618016E-5,1.5480763595530216
2,20,173.78008287493762,2.1017930001210877E-5,1.548094937606485
2,20,181.97008586099844,2.203329946127152E-5,1.5481155683109344
2,20,190.54607179632484,2.3100702770975266E-5,1.5481385074238876
2,20,199.52623149688807,2.4223355502656455E-5,1.5481640471306084
2,20,208.92961308540387,2.5404794612019222E-5,1.5481925335279683
2,20,218.77616239495518,2.6648914786826672E-5,1.5482243619854217
2,20,229.08676527677724,2.7960036634605814E-5,1.5482599902786907
2,20,239.88329190194898,2.9343024970910786E-5,1.5482999733071223
2,20,251.18864315095797,3.0803344731859246E-5,1.5483449452003142
2,20,263.02679918953817,3.234725328965635E-5,1.5483956722730274
2,20,275.4228703338166,3.3981998104707064E-5,1.548453082559576
2,20,288.40315031266056,3.571604065358234E-5,1.5485182830725057
2,20,301.9951720402016,3.755945255024363E-5,1.548592630551878
2,20,316.22776601683796,3.95244216640255E-5,1.5486777981750919
2,20,331.1311214825911,4.162604443946078E-5,1.548775894678292
2,20,346.73685045253166,4.388325726079538E-5,1.5488895309041537
2,20,363.0780547701014,4.632067404358627E-5,1.5490220879126506
2,20,380.1893963205613,4.89711042616664E-5,1.5491779524598113
2,20,398.1071705534973,5.1879741894815834E-5,1.5493628985942658
2,20,416.8693834703355,5.5111381744589175E-5,1.5495846768620025
2,20,436.5158322401661,5.876309565265692E-5,1.5498538091898806
2,20,457.0881896148752,6.298893814410053E-5,1.5501848478465812
2,20,478.6300923226385,6.80147537870034E-5,1.5505911318446035
2,20,501.18723362727246,7.435894892768449E-5,1.5511080731576659
2,20,524.8074602497728,8.30614587012763E-5,1.5517674760003595
2,20,549.5408738576248,9.673034939226065E-5,1.552557585649822
2,20,575.4399373371573,1.2472451403687144E-4,1.5530698775610026
2,20,602.5595860743581,2.4393340488660896E-4,1.546246240142531
2,20,630.9573444801937,1.5866633970891442E-4,-1.525628902468348
2,20,660.6934480075957,2.1789698206225417E-6,-0.0075184190221931
2,20,691.8309709189363,3.168945826600891E-5,1.5088637315832107
2,20,724.4359600749899,4.702206417818809E-5,1.5286766059367725
2,20,758.5775750291835,5.7183229667605596E-5,1.5349678942371923
2,20,794.3282347242813,6.51163901127394E-5,1.5380018039312693
2,20,831.7637711026708,7.194592650173224E-5,1.5397711856708396
2,20,870.9635899560806,7.819758328071708E-5,1.54092343038472
2,20,912.0108393559096,8.415268688675924E-5,1.5417299723789426
2,20,954.992586021436,8.997812553640958E-5,1.5423241585976
2,20,1000,9.578162619137617E-5,1.5427790609687007
2,20,1047.1285480508996,1.0163753251122948E-4,1.5431379383639898
2,20,1096.4781961431852,1.0760095910196559E-4,1.5434281184296232
2,20,1148.1536214968828,1.1371546237146569E-4,1.5436677640677974
2,20,1202.2644346174131,1.2001829728571429E-4,1.5438696214231535
2,20,1258.9254117941675,1.2654108349683944E-4,1.544042550801256
2,20,1318.2567385564075,1.3331638968640873E-4,1.5441937068406446
2,20,1380.3842646028852,1.403776191114918E-4,1.5443287884410142
2,20,1445.439770745928,1.477637150033815E-4,1.5444529693152125
2,20,1513.5612484362086,1.5552685120591054E-4,1.5445718156849886
2,20,1584.893192461114,1.6375188308939183E-4,1.544693060729033
2,20,1659.5869074375614,1.726195401645194E-4,1.5448315946848257
2,20,1737.8008287493763,1.827078272415458E-4,1.5450301166191185
2,20,1819.7008586099844,1.9842290225940387E-4,1.545502623099162
2,20,1905.4607179632483,1.828364352360119E-4,1.5426651211478681
2,20,1995.262314968881,2.0288658048359814E-4,1.5443924458478542
2,20,2089.2961308540407,2.1510554671338536E-4,1.5446797328291682
2,20,2187.761623949552,2.2688532293138665E-4,1.5448386704524761
2,20,2290.8676527677726,2.390192284612286E-4,1.5449667895430987
2,20,2398.83291901949,2.518335083881642E-4,1.5450929495009147
2,20,2511.88643150958,2.656475108798095E-4,1.5452358963570603
2,20,2630.2679918953813,2.8100310334416693E-4,1.54541876638522
2,20,2754.2287033381663,2.9921210941915384E-4,1.5456826011253786
2,20,2884.031503126606,3.250346549399816E-4,1.546095478854744
2,20,3019.9517204020162,4.0357213314758854E-4,1.5450361958809604
2,20,3162.2776601683795,2.4116351018095184E-4,1.5298004528591176
2,20,3311.311214825911,3.108563425168477E-4,1.5417795695145555
2,20,3467.368504525317,3.3855359581719155E-4,1.543189783171636
2,20,3630.780547701014,3.6057238217007204E-4,1.5437164869743414
2,20,3801.8939632056126,3.8121880893522106E-4,1.543993711097855
2,20,3981.0717055349733,4.0171800979704216E-4,1.5441671704810391
2,20,4168.693834703355,4.2257497602777704E-4,1.544288002163636
2,20,4365.158322401661,4.440556649928756E-4,1.5443788418310211
2,20,4570.881896148751,4.66330863037124E-4,1.5444514017941446
2,20,4786.300923226385,4.895311121016091E-4,1.5445125509879551
2,20,5011.872336272725,5.13773001249176E-4,1.5445668485642736
2,20,5248.074602497728,5.391764979192229E-4,1.544617804404921
2,20,5495.408738576249,5.658831681910258E-4,1.5446686870308524
2,20,5754.399373371572,5.940862224115077E-4,1.5447232984899544
2,20,6025.5958607435805,6.240975789867216E-4,1.5447871351008973
2,20,6309.573444801937,6.565367350280716E-4,1.5448697089039083
2,20,6606.9344800759645,6.930342358989596E-4,1.5449891814096735
2,20,6918.309709189362,7.40492285718049E-4,1.5451543495607525
2,20,7244.359600749898,9.531272345183351E-4,1.5358453278826734
2,20,7585.775750291836,7.283926232335857E-4,1.5420184362813407
2,20,7943.282347242814,7.919575799542256E-4,1.5437326103635118
2,20,8317.63771102671,8.384568872687082E-4,1.54410806405188
2,20,8709.635899560806,8.827928218257881E-4,1.5442734865619143
2,20,9120.108393559096,9.275857937406754E-4,1.5443698661269916
2,20,9549.92586021436,9.737533353703311E-4,1.5444361940593003
2,20,10000,0.0010217973226530714,1.5444881888370716
5,5,1,6.747600478196983E-8,1.5456260381151168
5,5,1.0471285480508996,7.065605092308392E-8,1.545626038117428
5,5,1.096478196143185,7.398596801867307E-8,1.5456260381186782
5,5,1.1481536214968828,7.747281927670665E-8,1.545626038121152
5,5,1.202264434617413,8.112400077269238E-8,1.5456260381238989
5,5,1.2589254117941673,8.494725715302395E-8,1.5456260381268727
5,5,1.318256738556407,8.89506980567088E-8,1.5456260381299904
5,5,1.3803842646028848,9.314281532017945E-8,1.545626038133747
5,5,1.4454397707459274,9.753250098636471E-8,1.5456260381378055
5,5,1.5135612484362082,1.0212906616501E-7,1.5456260381418665
5,5,1.5848931924611136,1.0694226078700662E-7,1.5456260381458695
5,5,1.6595869074375607,1.1198229429049376E-7,1.5456260381511397
5,5,1.7378008287493754,1.1725985725924524E-7,1.5456260381569007
5,5,1.8197008586099834,1.2278614411467438E-7,1.5456260381635827
5,5,1.9054607179632472,1.2857287687793173E-7,1.5456260381753237
5,5,1.9952623149688795,1.346323299503076E-7,1.5456260381860054
5,5,2.0892961308540396,1.409773562402695E-7,1.5456260381949436
5,5,2.1877616239495525,1.476214144171924E-7,1.545626038204946
5,5,2.290867652767773,1.545785974127456E-7,1.5456260382151952
5,5,2.3988329190194904,1.6186366235362613E-7,1.5456260382264175
5,5,2.51188643150958,1.694920618409952E-7,1.5456260382389848
5,5,2.6302679918953817,1.7747997674980968E-7,1.545626038254433
5,5,2.7542287033381663,1.858443505141387E-7,1.545626038272002
5,5,2.884031503126606,1.9460292507329136E-7,1.5456260382892215
5,5,3.019951720402016,2.0377427854498794E-7,1.5456260383067986
5,5,3.1622776601683795,2.1337786461863335E-7,1.545626038326543
5,5,3.311311214825911,2.2343405383404179E-7,1.5456260383524776
5,5,3.4673685045253166,2.3396417663961768E-7,1.5456260383766633
5,5,3.630780547701014,2.449905688719919E-7,1.545626038402245
5,5,3.8018939632056115,2.565366190025876E-7,1.5456260384301452
5,5,3.9810717055349722,2.6862681775173463E-7,1.545626038460036
5,5,4.168693834703354,2.8128681010610895E-7,1.545626038495735
5,5,4.36515832240166,2.9454344960124443E-7,1.5456260385358236
5,5,4.570881896148751,3.084248553494944E-7,1.5456260385795801
5,5,4.786300923226384,3.229604716914489E-7,1.5456260386280227
5,5,5.011872336272724,3.3818113064347266E-7,1.5456260386817529
5,5,5.248074602497725,3.5411911722768714E-7,1.5456260387374274
5,5,5.495408738576246,3.708082380858466E-7,1.5456260387969674
5,5,5.7543993733715695,3.8828389319342984E-7,1.5456260388657082
5,5,6.025595860743578,4.0658315076439104E-7,1.5456260389424537
5,5,6.309573444801933,4.2574482598340285E-7,1.5456260390263838
5,5,6.606934480075961,4.4580956326906287E-7,1.545626039113106
5,5,6.918309709189364,4.6681992283823183E-7,1.545626039211771
5,5,7.244359600749901,4.888204704747382E-7,1.5456260393204735
5,5,7.5857757502918375,5.118578723121569E-7,1.545626039438485
5,5,7.943282347242816,5.359809938496061E-7,1.5456260395670143
5,5,8.31763771102671,5.612410035924341E-7,1.5456260397094472
5,5,8.709635899560807,5.876914814339294E-7,1.5456260398643467
5,5,9.120108393559097,6.153885325365085E-7,1.545626040034902
5,5,9.549925860214358,6.443909062581438E-7,1.5456260402248674
5,5,10,6.747601204735637E-7,1.5456260404295887
5,5,10.471285480508996,7.065605926930443E-7,1.5456260406565676
5,5,10.964781961431852,7.398597760743876E-7,1.5456260409046012
5,5,11.481536214968829,7.747283028757272E-7,1.5456260411763436
5,5,12.02264434617413,8.112401340139857E-7,1.5456260414701135
5,5,12.589254117941675,8.49472716613724E-7,1.5456260417982608
5,5,13.182567385564074,8.895071470616863E-7,1.5456260421536159
5,5,13.803842646028853,9.314283443039272E-7,1.5456260425440254
5,5,14.454397707459272,9.753252293416625E-7,1.5456260429751114
5,5,15.13561248436208,1.0212909136321081E-6,1.545626043445532
5,5,15.848931924611133,1.0694228972761218E-6,1.5456260439630123
5,5,16.595869074375607,1.1198232751192602E-6,1.5456260445281509
5,5,17.378008287493753,1.1725989539573983E-6,1.5456260451480688
5,5,18.197008586099834,1.2278618791636082E-6,1.5456260458317508
5,5,19.054607179632473,1.285729271392961E-6,1.5456260465784377
5,5,19.952623149688797,1.346323876391106E-6,1.5456260473967216
5,5,20.892961308540396,1.4097742247344815E-6,1.545626048293911
5,5,21.87761623949553,1.476214904726859E-6,1.545626049279764
5,5,22.908676527677734,1.5457868473161467E-6,1.5456260503577366
5,5,23.98832919019491,1.6186376262159135E-6,1.5456260515421814
5,5,25.11886431509581,1.6949217696180075E-6,1.5456260528391397
5,5,26.302679918953814,1.7748010890781936E-6,1.545626054260876
5,5,27.542287033381662,1.8584450223641296E-6,1.5456260558210615
5,5,28.84031503126606,1.94603099295882E-6,1.5456260575337624
5,5,30.19951720402016,2.0377447857138787E-6,1.545626059407098
5,5,31.622776601683793,2.13378094284722E-6,1.5456260614631685
5,5,33.11311214825911,2.234343174650113E-6,1.5456260637154333
5,5,34.673685045253166,2.339644793591265E-6,1.5456260661893133
5,5,36.30780547701014,2.4499091645750996E-6,1.5456260688995973
5,5,38.018939632056124,2.5653701810910223E-6,1.5456260718721058
5,5,39.810717055349734,2.6862727587498385E-6,1.5456260751193194
5,5,41.68693834703355,2.8128733597454367E-6,1.5456260786820688
5,5,43.65158322401661,2.9454405332524173E-6,1.5456260825952344
5,5,45.708818961487516,3.084255484692906E-6,1.5456260868866827
5,5,47.86300923226383,3.2296126739609615E-6,1.5456260915885953
5,5,50.11872336272722,3.3818204417459687E-6,1.5456260967479754
5,5,52.48074602497726,3.5412016612048575E-6,1.5456261024070443
5,5,54.954087385762456,3.7080944238833396E-6,1.545626108609831
5,5,57.543993733715695,3.882852759173846E-6,1.545626115413942
5,5,60.25595860743578,4.0658473832007E-6,1.5456261228747827
5,5,63.09573444801933,4.257466487130187E-6,1.5456261310547703
5,5,66.06934480075961,4.458116561061974E-6,1.5456261400230837
5,5,69.18309709189366,4.66822325754951E-6,1.5456261498582586
5,5,72.44359600749902,4.888232293846636E-6,1.545626160641542
5,5,75.8577575029184,5.118610400318542E-6,1.5456261724669094
5,5,79.43282347242817,5.359846309519687E-6,1.5456261854326856
5,5,83.17637711026708,5.612451795168293E-6,1.5456261996467318
5,5,87.09635899560806,5.876962763023835E-6,1.5456262152417128
5,5,91.20108393559097,6.153940377393584E-6,1.5456262323305443
5,5,95.49925860214358,6.443972272417737E-6,1.545626251078109
5,5,100,6.747673780176449E-6,1.545626271627895
5,5,104.71285480508996,7.065689258818094E-6,1.5456262941725571
5,5,109.64781961431851,7.398693440358644E-6,1.5456263188841386
5,5,114.81536214968828,7.747392885188552E-6,1.5456263459784028
5,5,120.22644346174131,8.112527476225153E-6,1.5456263756889546
5,5,125.89254117941675,8.494871991803104E-6,1.5456264082660585
5,5,131.82567385564073,8.895237755791035E-6,1.5456264439839311
5,5,138.03842646028852,9.314474367823447E-6,1.545626483149909
5,5,144.5439770745928,9.753471509711144E-6,1.5456265260999165
5,5,151.35612484362088,1.0213160836169595E-5,1.5456265731918937
5,5,158.48931924611142,1.0694517969969052E-5,1.5456266248304054
5,5,165.95869074375614,1.1198564571662681E-5,1.545626681447769
5,5,173.78008287493762,1.1726370532764802E-5,1.5456267435356832
5,5,181.97008586099844,1.227905624098045E-5,1.5456268116133203
5,5,190.54607179632484,1.28577949920532E-5,1.5456268862683438
5,5,199.52623149688807,1.346381547707854E-5,1.545626968125525
5,5,208.92961308540387,1.4098404427500183E-5,1.5456270578840223
5,5,218.77616239495518,1.4762909365878365E-5,1.5456271563145294
5,5,229.08676527677724,1.545874148253718E-5,1.545627264252397
5,5,239.88329190194898,1.6187378666438015E-5,1.5456273826125566
5,5,251.18864315095797,1.6950368683323205E-5,1.5456275124070147
5,5,263.02679918953817,1.7749332481177395E-5,1.545627654725229
5,5,275.4228703338166,1.8585967723275126E-5,1.5456278108024
5,5,288.40315031266056,1.9462052399369265E-5,1.5456279819700833
5,5,301.9951720402016,2.0379448649401785E-5,1.5456281696579393
5,5,316.22776601683796,2.1340106880144596E-5,1.5456283755074378
5,5,331.1311214825911,2.2346069862972533E-5,1.545628601248747
5,5,346.73685045253166,2.3399477284008022E-5,1.5456288488408767
5,5,363.0780547701014,2.4502570283369698E-5,1.545629120374993
5,5,380.1893963205613,2.565769641628035E-5,1.5456294181707675
5,5,398.1071705534973,2.6867314740634995E-5,1.5456297447577527
5,5,416.8693834703355,2.8134001289461883E-5,1.5456301029653818
5,5,436.5158322401661,2.946045458600477E-5,1.5456304958292315
5,5,457.0881896148752,3.084950160553665E-5,1.5456309266383748
5,5,478.6300923226385,3.2304093785373945E-5,1.5456313921512383
5,5,501.18723362727246,3.382734915453829E-5,1.5456319067765474
5,5,524.8074602497728,3.5422518967872014E-5,1.5456324743950929
5,5,549.5408738576248,3.709300633328571E-5,1.5456330972125412
5,5,575.4399373371573,3.884238145731613E-5,1.5456337804817646
5,5,602.5595860743581,4.0674386495903116E-5,1.5456345303028753
5,5,630.9573444801937,4.259294259370339E-5,1.5456353528430018
5,5,660.6934480075957,4.46021606808338E-5,1.5456362553643685
5,5,691.8309709189363,4.670635036873024E-5,1.545637245897708
5,5,724.4359600749899,4.891002889448566E-5,1.545638332799833
5,5,758.5775750291835,5.1217933686036365E-5,1.5456395257266493
5,5,794.3282347242813,5.3635032350070414E-5,1.5456408350999506
5,5,831.7637711026708,5.616653520702076E-5,1.5456422724542496
5,5,870.9635899560806,5.881790811954454E-5,1.5456438505661108
5,5,912.0108393559096,6.159488503307346E-5,1.5456455832102094
5,5,954.992586021436,6.450348392447157E-5,1.5456474858625369
5,5,1000,6.755002159751259E-5,1.5456495756069475
5,5,1047.1285480508996,7.074112986705235E-5,1.5456518712179879
5,5,1096.4781961431852,7.408377299050776E-5,1.5456543933086924
5,5,1148.1536214968828,7.758526756703469E-5,1.5456571648470572
5,5,1202.2644346174131,8.12533162494201E-5,1.5456602148894352
5,5,1258.9254117941675,8.509597530178936E-5,1.545663564302214
5,5,1318.2567385564075,8.91217576176239E-5,1.5456672475521598
5,5,1380.3842646028852,9.333960739970591E-5,1.5456712990599655
5,5,1445.439770745928,9.775894104461769E-5,1.5456757571236759
5,5,1513.5612484362086,1.0238967686976796E-4,1.545680664159059
5,5,1584.893192461114,1.0724226977381482E-4,1.545686067454765
5,5,1659.5869074375614,1.1232774830389687E-4,1.5456920197520816
5,5,1737.8008287493763,1.1765775506285458E-4,1.5456985798046687
5,5,1819.7008586099844,1.2324459334568509E-4,1.5457058133632373
5,5,1905.4607179632483,1.2910127830171274E-4,1.5457137940915582
5,5,1995.262314968881,1.3524159413587106E-4,1.5457226045813919
5,5,2089.2961308540407,1.4168016025504392E-4,1.5457323377699184
5,5,2187.761623949552,1.484325060148872E-4,1.5457430984638483
5,5,2290.8676527677726,1.5551515656923826E-4,1.545755005134351
5,5,2398.83291901949,1.629457305937058E-4,1.5457681918266373
5,5,2511.88643150958,1.7074306015283912E-4,1.5457828112319905
5,5,2630.2679918953813,1.7892732508566686E-4,1.5457990374028006
5,5,2754.2287033381663,1.8752021760848987E-4,1.5458170696946436
5,5,2884.031503126606,1.9654513739828146E-4,1.5458371372152644
5,5,3019.9517204020162,2.0602743029373707E-4,1.5458595045059227
5,5,3162.2776601683795,2.1599468081206623E-4,1.5458844784845875
5,5,3311.311214825911,2.264770759600094E-4,1.5459124171336507
5,5,3467.368504525317,2.3750786031823717E-4,1.545943740180582
5,5,3630.780547701014,2.491239210598601E-4,1.5459789431177022
5,5,3801.8939632056126,2.613665404789862E-4,1.5460186147961674
5,5,3981.0717055349733,2.7428238225595496E-4,1.5460634601343366
5,5,4168.693834703355,2.879248112930785E-4,1.5461143302310492
5,5,4365.158322401661,3.023556810877397E-4,1.5461722619794458
5,5,4570.881896148751,3.1764780609775826E-4,1.5462385313290654
5,5,4786.300923226385,3.3388845746067265E-4,1.5463147261380878
5,5,5011.872336272725,3.511844109378786E-4,1.5464028467135196
5,5,5248.074602497728,3.69669443461665E-4,1.5465054478714153
5,5,5495.408738576249,3.895157919009269E-4,1.546625842899977
5,5,5754.399373371572,4.1095226897566197E-4,1.5467684020943349
5,5,6025.5958607435805,4.342940816689692E-4,1.5469389998904124
5,5,6309.573444801937,4.5999425058642615E-4,1.5471456974639386
5,5,6606.9344800759645,4.887374471302798E-4,1.5473998023287079
5,5,6918.309709189362,5.216236874528205E-4,1.5477175195300639
5,5,7244.359600749898,5.605614113467063E-4,1.5481224190803946
5,5,7585.775750291836,6.092139116140495E-4,1.5486483201233514
5,5,7943.282347242814,6.756868358784096E-4,1.549336974627479
5,5,8317.63771102671,7.823464377856363E-4,1.550182257886071
5,5,8709.635899560806,0.0010223397973746346,1.550465054730165
5,5,9120.108393559096,0.002911481500256025,1.522211515977273
5,5,9549.92586021436,2.471177091611614E-4,-1.449752923502684
5,5,10000,2.618209331502843E-4,1.4983233141255576
5,10,1,1.4136649460326302E-7,1.5467065607824124
5,10,1.0471285480508996,1.4802889250110875E-7,1.5467065608194743
5,10,1.096478196143185,1.5500527918331115E-7,1.5467065608080697
5,10,1.1481536214968828,1.6231045326442506E-7,1.546706560849853
5,10,1.202264434617413,1.6995990961795848E-7,1.546706560894334
5,10,1.2589254117941673,1.7796987381441007E-7,1.5467065609419444
5,10,1.318256738556407,1.8635733606697368E-7,1.5467065609980932
5,10,1.3803842646028848,1.9514008730364118E-7,1.5467065610570259
5,10,1.4454397707459274,2.0433675692817325E-7,1.5467065611212873
5,10,1.5135612484362082,2.1396685218391668E-7,1.5467065611778728
5,10,1.5848931924611136,2.2405080007432229E-7,1.5467065612529107
5,10,1.6595869074375607,2.3460998992828315E-7,1.5467065613363098
5,10,1.7378008287493754,2.456668192593495E-7,1.546706561432239
5,10,1.8197008586099834,2.572447411335604E-7,1.54670656154284
5,10,1.9054607179632472,2.693683150889598E-7,1.546706561755633
5,10,1.9952623149688795,2.820632548130294E-7,1.5467065619117644
5,10,2.0892961308540396,2.9535648855101747E-7,1.5467065620560683
5,10,2.1877616239495525,3.0927621339315225E-7,1.5467065622141452
5,10,2.290867652767773,3.2385195494728843E-7,1.5467065623827776
5,10,2.3988329190194904,3.391146304381404E-7,1.5467065625681877
5,10,2.51188643150958,3.5509661413202173E-7,1.546706562772966
5,10,2.6302679918953817,3.7183180722538684E-7,1.5467065630620318
5,10,2.7542287033381663,3.8935570573884415E-7,1.5467065633424846
5,10,2.884031503126606,4.077054803592447E-7,1.5467065636203523
5,10,3.019951720402016,4.269200536722992E-7,1.5467065639083477
5,10,3.1622776601683795,4.47040182883429E-7,1.5467065642269051
5,10,3.311311214825911,4.681085478394486E-7,1.5467065646745957
5,10,3.4673685045253166,4.901698331936285E-7,1.5467065650572802
5,10,3.630780547701014,5.132708361994379E-7,1.5467065654756385
5,10,3.8018939632056115,5.374605581011229E-7,1.5467065659566135
5,10,3.9810717055349722,5.627903072802621E-7,1.5467065664474688
5,10,4.168693834703354,5.893138149728078E-7,1.5467065670606057
5,10,4.36515832240166,6.170873393002302E-7,1.5467065677212293
5,10,4.570881896148751,6.461697928999988E-7,1.5467065684595673
5,10,4.786300923226384,6.766228625577025E-7,1.5467065692321795
5,10,5.011872336272724,7.085111466398175E-7,1.5467065701288003
5,10,5.248074602497725,7.41902281980118E-7,1.5467065710609758
5,10,5.495408738576246,7.768670955834905E-7,1.5467065720174156
5,10,5.7543993733715695,8.134797599758682E-7,1.5467065731797585
5,10,6.025595860743578,8.518179326902248E-7,1.5467065744502182
5,10,6.309573444801933,8.919629350894818E-7,1.5467065758286185
5,10,6.606934480075961,9.339999181131405E-7,1.546706577254256
5,10,6.918309709189364,9.780180581363927E-7,1.546706578931363
5,10,7.244359600749901,1.0241107182396601E-6,1.5467065807137146
5,10,7.5857757502918375,1.0723756699931633E-6,1.5467065826351405
5,10,7.943282347242816,1.1229152946134461E-6,1.5467065847582222
5,10,8.31763771102671,1.1758367973119608E-6,1.546706587117054
5,10,8.709635899560807,1.2312524339472627E-6,1.5467065897078607
5,10,9.120108393559097,1.2892797519570257E-6,1.5467065925451446
5,10,9.549925860214358,1.3500418394797597E-6,1.546706595654912
5,10,10,1.4136675869507952E-6,1.5467065990725253
5,10,10.471285480508996,1.480291958987591E-6,1.5467066028274168
5,10,10.964781961431852,1.5500562809481232E-6,1.5467066069444415
5,10,11.481536214968829,1.6231085389853767E-6,1.5467066114410302
5,10,12.02264434617413,1.6996036958977945E-6,1.546706616363363
5,10,12.589254117941675,1.7797040186053203E-6,1.5467066217558034
5,10,13.182567385564074,1.8635794222148403E-6,1.5467066276650268
5,10,13.803842646028853,1.951407829940592E-6,1.546706634127416
5,10,14.454397707459272,2.0433755570355702E-6,1.5467066412442336
5,10,15.13561248436208,2.1396776943227164E-6,1.5467066490417416
5,10,15.848931924611133,2.2405185356486294E-6,1.5467066576257917
5,10,16.595869074375607,2.3461119904112594E-6,1.5467066669680476
5,10,17.378008287493753,2.4566820761590502E-6,1.546706677263614
5,10,18.197008586099834,2.5724633490320728E-6,1.5467066885260528
5,10,19.054607179632473,2.6937014413943715E-6,1.5467067009266724
5,10,19.952623149688797,2.8206535343573977E-6,1.5467067144068032
5,10,20.892961308540396,2.9535889828810223E-6,1.5467067292783503
5,10,21.87761623949553,3.0927898056992715E-6,1.5467067455967969
5,10,22.908676527677734,3.2385513274809126E-6,1.546706763499032
5,10,23.98832919019491,3.391182787813623E-6,1.546706783071775
5,10,25.11886431509581,3.5510080247047164E-6,1.5467068045193597
5,10,26.302679918953814,3.718366143761487E-6,1.5467068280388947
5,10,27.542287033381662,3.89361224927758E-6,1.5467068538740754
5,10,28.84031503126606,4.077118151799763E-6,1.5467068820788845
5,10,30.19951720402016,4.269273280696823E-6,1.546706913140238
5,10,31.622776601683793,4.470485357407833E-6,1.5467069471844894
5,10,33.11311214825911,4.6811813618706955E-6,1.5467069844887054
5,10,34.673685045253166,4.90180843599777E-6,1.546707025436772
5,10,36.30780547701014,5.132834788332546E-6,1.546707070309735
5,10,38.018939632056124,5.374750754654406E-6,1.5467071195586468
5,10,39.810717055349734,5.628069750465523E-6,1.5467071734418614
5,10,41.68693834703355,5.893329511942804E-6,1.5467072325832545
5,10,43.65158322401661,6.171093096311527E-6,1.546707297416306
5,10,45.708818961487516,6.461950175582233E-6,1.5467073685279062
5,10,47.86300923226383,6.766518234151001E-6,1.5467074464576933
5,10,50.11872336272722,7.08544398005463E-6,1.5467075319776737
5,10,52.48074602497726,7.419404608056935E-6,1.5467076257311438
5,10,54.954087385762456,7.769109342707023E-6,1.5467077285251134
5,10,57.543993733715695,8.135300944956471E-6,1.5467078412798996
5,10,60.25595860743578,8.518757254646122E-6,1.5467079649049083
5,10,63.09573444801933,8.920292960826504E-6,1.546708100555922
5,10,66.06934480075961,9.340761184924833E-6,1.5467082492373385
5,10,69.18309709189366,9.781055517896834E-6,1.5467084122839228
5,10,72.44359600749902,1.02421118382031E-5,1.5467085911070388
5,10,75.8577575029184,1.0724910300282694E-5,1.5467087871491068
5,10,79.43282347242817,1.123047761733197E-5,1.546709002217237
5,10,83.17637711026708,1.1759889020838322E-5,1.5467092379734169
5,10,87.09635899560806,1.2314270934308455E-5,1.546709496589343
5,10,91.20108393559097,1.2894803145244562E-5,1.5467097802352017
5,10,95.49925860214358,1.3502721444474082E-5,1.546710091238446
5,10,100,1.4139320521895239E-5,1.5467104323863368
5,10,104.71285480508996,1.4805956481209366E-5,1.546710806446833
5,10,109.64781961431851,1.5504050241043835E-5,1.546711216791269
5,10,114.81536214968828,1.6235090338551892E-5,1.5467116669363405
5,10,120.22644346174131,1.7000636293557113E-5,1.5467121606565803
5,10,125.89254117941675,1.7802322204385595E-5,1.54671270218266
5,10,131.82567385564073,1.864186041305737E-5,1.5467132962165686
5,10,138.03842646028852,1.952104511961261E-5,1.5467139476985527
5,10,144.5439770745928,2.044175707409508E-5,1.5467146625303019
5,10,151.35612484362088,2.1405967051012E-5,1.5467154467239135
5,10,158.48931924611142,2.2415740941804207E-5,1.5467163070819467
5,10,165.95869074375614,2.3473244455987683E-5,1.546717251129105
5,10,173.78008287493762,2.458074789804178E-5,1.5467182869345115
5,10,181.97008586099844,2.574063193791046E-5,1.546719423559709
5,10,190.54607179632484,2.6955392971639413E-5,1.546720670858194
5,10,199.52623149688807,2.8227649502551242E-5,1.546722039865025
5,10,208.92961308540387,2.9560147908240575E-5,1.5467235424119734
5,10,218.77616239495518,3.095576975200332E-5,1.5467251916547544
5,10,229.08676527677724,3.241753951535366E-5,1.546727002495968
5,10,239.88329190194898,3.39486367014529E-5,1.5467289942710476
5,10,251.18864315095797,3.5552384616495636E-5,1.546731179049526
5,10,263.02679918953817,3.723228436505938E-5,1.5467335775808062
5,10,275.4228703338166,3.899201297144336E-5,1.5467362121000359
5,10,288.40315031266056,4.0835433265696396E-5,1.5467391065207794
5,10,301.9951720402016,4.276660578453898E-5,1.5467422872470244
5,10,316.22776601683796,4.478979957894612E-5,1.5467457829818465
5,10,331.1311214825911,4.69095236198615E-5,1.5467496332450466
5,10,346.73685045253166,4.913047428341618E-5,1.546753859398249
5,10,363.0780547701014,5.145764680275492E-5,1.546758507961232
5,10,380.1893963205613,5.389628769400606E-5,1.54676362224506
5,10,398.1071705534973,5.645193133183064E-5,1.5467692510722015
5,10,416.8693834703355,5.913041765962887E-5,1.5467754484065293
5,10,436.5158322401661,6.193791372193247E-5,1.5467822738674222
5,10,457.0881896148752,6.48809404529817E-5,1.5467897942588211
5,10,478.6300923226385,6.79658410726347E-5,1.5467979173141106
5,10,501.18723362727246,7.120073151178953E-5,1.546806978237799
5,10,524.8074602497728,7.459334172381452E-5,1.5468170514964812
5,10,549.5408738576248,7.815171846866841E-5,1.546828181372534
5,10,575.4399373371573,8.188463738870104E-5,1.5468404841182162
5,10,602.5595860743581,8.580148338224211E-5,1.5468540968681757
5,10,630.9573444801937,8.991226671640747E-5,1.5468691684313924
5,10,660.6934480075957,9.422774768849925E-5,1.5468858745635663
5,10,691.8309709189363,9.875950313407849E-5,1.5469044158892502
5,10,724.4359600749899,1.0351998549065833E-4,1.546925013189932
5,10,758.5775750291835,1.0852272758606125E-4,1.5469479290685197
5,10,794.3282347242813,1.1378244658245808E-4,1.546973463714179
5,10,831.7637711026708,1.1931524210304755E-4,1.5470019646963435
5,10,870.9635899560806,1.251388511958847E-4,1.5470338397482015
5,10,912.0108393559096,1.3127287948691774E-4,1.5470695581828935
5,10,954.992586021436,1.3773906592583844E-4,1.5471096516538114
5,10,1000,1.4456251567759645E-4,1.547154840193309
5,10,1047.1285480508996,1.5177118966974254E-4,1.547205887620007
5,10,1096.4781961431852,1.5939757400728542E-4,1.5472637535150957
5,10,1148.1536214968828,1.6747959472788372E-4,1.5473295991081086
5,10,1202.2644346174131,1.760632820150427E-4,1.5474049598860902
5,10,1258.9254117941675,1.8520122284865207E-4,1.5474913998671012
5,10,1318.2567385564075,1.9496144786379578E-4,1.547591245705731
5,10,1380.3842646028852,2.0542855149059363E-4,1.5477073124204948
5,10,1445.439770745928,2.1671245725439318E-4,1.5478432606241597
5,10,1513.5612484362086,2.2895999126829798E-4,1.5480038865616261
5,10,1584.893192461114,2.4237442607288648E-4,1.5481956020153884
5,10,1659.5869074375614,2.572489430766405E-4,1.5484271463382462
5,10,1737.8008287493763,2.740276183996862E-4,1.5487106861430997
5,10,1819.7008586099844,2.9342418843257876E-4,1.5490634951668452
5,10,1905.4607179632483,3.166751303586653E-4,1.549510431408473
5,10,1995.262314968881,3.46144646913994E-4,1.5500867536729017
5,10,2089.2961308540407,3.870257785106954E-4,1.5508358646424634
5,10,2187.761623949552,4.53456841594414E-4,1.5517580825898274
5,10,2290.8676527677726,6.026404622413963E-4,1.5522428446347607
5,10,2398.83291901949,0.001624869101278677,1.533124693730058
5,10,2511.88643150958,2.829971931748705E-4,-1.508359894218719
5,10,2630.2679918953813,8.779715553141353E-5,1.4554107015230144
5,10,2754.2287033381663,1.9409488025460387E-4,1.5210117858876682
5,10,2884.031503126606,2.521856909012148E-4,1.531693167228439
5,10,3019.9517204020162,2.9335562851998587E-4,1.5359313647893225
5,10,3162.2776601683795,3.26974800127885E-4,1.5381761100431972
5,10,3311.311214825911,3.568388203554131E-4,1.5395563767688791
5,10,3467.368504525317,3.8479325809118306E-4,1.540486770246779
5,10,3630.780547701014,4.11857156902597E-4,1.5411543950570463
5,10,3801.8939632056126,4.3865128276999473E-4,1.5416558116467616
5,10,3981.0717055349733,4.6558638386995143E-4,1.54204584213292
5,10,4168.693834703355,4.929552106523751E-4,1.5423579415583608
5,10,4365.158322401661,5.209816215149204E-4,1.5426137404607192
5,10,4570.881896148751,5.498489506825365E-4,1.5428279289288087
5,10,4786.300923226385,5.797180470823481E-4,1.5430109514732533
5,10,5011.872336272725,6.107404132061118E-4,1.5431706026571734
5,10,5248.074602497728,6.430701177321857E-4,1.5433130597373548
5,10,5495.408738576249,6.768782556519134E-4,1.5434436565822318
5,10,5754.399373371572,7.123764403658834E-4,1.5435676393899471
5,10,6025.5958607435805,7.49865117948427E-4,1.543691244399329
5,10,6309.573444801937,7.898554439762004E-4,1.5438239320580462
5,10,6606.9344800759645,8.334574759174492E-4,1.5439847071167558
5,10,6918.309709189362,8.841415967586718E-4,1.5442269122029995
5,10,7244.359600749898,9.649287559425155E-4,1.5447881668052872
5,10,7585.775750291836,8.097363281752744E-4,1.538476876565869
5,10,7943.282347242814,9.615109939788708E-4,1.543098642796475
5,10,8317.63771102671,0.0010260699259807304,1.5435705369029489
5,10,8709.635899560806,0.0010850545347782883,1.5437982442788445
5,10,9120.108393559096,0.0011449352169201465,1.5439685806099344
5,10,9549.92586021436,0.001208008456857546,1.5441300200937194
5,10,10000,0.001276316734968398,1.5443101593652873
5,12,1,1.7138553427972334E-7,1.546931899331499
5,12,1.0471285480508996,1.7946268629038685E-7,1.5469318994001444
5,12,1.096478196143185,1.8792050293186552E-7,1.5469318994863421
5,12,1.1481536214968828,1.9677692418952884E-7,1.5469318995691943
5,12,1.202264434617413,2.0605073581372906E-7,1.5469318996580632
5,12,1.2589254117941673,2.1576160900332276E-7,1.5469318997695338
5,12,1.318256738556407,2.259301416029546E-7,1.5469318998796069
5,12,1.3803842646028848,2.3657790266123686E-7,1.5469319000105328
5,12,1.4454397707459274,2.477274773745317E-7,1.5469319001460544
5,12,1.5135612484362082,2.594025152659356E-7,1.5469319002676893
5,12,1.5848931924611136,2.716277812033855E-7,1.546931900420463
5,12,1.6595869074375607,2.844292065757707E-7,1.5469319005930517
5,12,1.7378008287493754,2.97833945144871E-7,1.5469319008004876
5,12,1.8197008586099834,3.118704301463723E-7,1.5469319010317384
5,12,1.9054607179632472,3.2656843824004045E-7,1.5469319015007008
5,12,1.9952623149688795,3.4195913985103044E-7,1.5469319018113543
5,12,2.0892961308540396,3.580751828158338E-7,1.5469319021060248
5,12,2.1877616239495525,3.7495075238382163E-7,1.5469319024343124
5,12,2.290867652767773,3.926216438563128E-7,1.5469319027910098
5,12,2.3988329190194904,4.111253397287895E-7,1.546931903178674
5,12,2.51188643150958,4.3050108907405374E-7,1.546931903603056
5,12,2.6302679918953817,4.5078999389385376E-7,1.5469319042096028
5,12,2.7542287033381663,4.720350849650461E-7,1.5469319047739332
5,12,2.884031503126606,4.942814272320331E-7,1.5469319053511434
5,12,3.019951720402016,5.175762088845249E-7,1.5469319059615905
5,12,3.1622776601683795,5.41968844304859E-7,1.546931906713886
5,12,3.311311214825911,5.67511073418409E-7,1.5469319075831827
5,12,3.4673685045253166,5.942570698621803E-7,1.5469319083830833
5,12,3.630780547701014,6.222635697257611E-7,1.5469319092613163
5,12,3.8018939632056115,6.515899801943884E-7,1.5469319102533985
5,12,3.9810717055349722,6.822985044345575E-7,1.5469319112772275
5,12,4.168693834703354,7.144542888416176E-7,1.5469319125951786
5,12,4.36515832240166,7.48125531204962E-7,1.546931913919344
5,12,4.570881896148751,7.83383661817261E-7,1.5469319154836347
5,12,4.786300923226384,8.203034615955737E-7,1.5469319170902631
5,12,5.011872336272724,8.589632522672107E-7,1.5469319189637185
5,12,5.248074602497725,8.994450304318172E-7,1.5469319209246963
5,12,5.495408738576246,9.418346691585055E-7,1.5469319230778311
5,12,5.7543993733715695,9.86222081499169E-7,1.5469319253717142
5,12,6.025595860743578,1.03270143047953E-6,1.546931928001042
5,12,6.309573444801933,1.081371303528791E-6,1.5469319308791447
5,12,6.606934480075961,1.1323349366980522E-6,1.5469319339831742
5,12,6.918309709189364,1.1857004372331049E-6,1.5469319373749495
5,12,7.244359600749901,1.2415810071341642E-6,1.546931941119963
5,12,7.5857757502918375,1.3000951746334353E-6,1.5469319451192398
5,12,7.943282347242816,1.3613670713322903E-6,1.546931949559146
5,12,8.31763771102671,1.4255266687945266E-6,1.5469319544390525
5,12,8.709635899560807,1.4927100748087488E-6,1.546931959906546
5,12,9.120108393559097,1.563059789580677E-6,1.546931965810715
5,12,9.549925860214358,1.6367250682403427E-6,1.5469319724832735
5,12,10,1.71386214223001E-6,1.5469319795359915
5,12,10.471285480508996,1.794634659114987E-6,1.5469319872253446
5,12,10.964781961431852,1.8792139887201483E-6,1.546931995872447
5,12,11.481536214968829,1.9677795283601172E-6,1.546932005255099
5,12,12.02264434617413,2.0605191790287854E-6,1.546932015640837
5,12,12.589254117941675,2.1576296558374128E-6,1.546932026878681
5,12,13.182567385564074,2.2593169839318544E-6,1.546932039185859
5,12,13.803842646028853,2.3657969053207675E-6,1.5469320527935058
5,12,14.454397707459272,2.4772953062864285E-6,1.5469320677101868
5,12,15.13561248436208,2.594048716518961E-6,1.5469320839137852
5,12,15.848931924611133,2.7163048896378E-6,1.5469321019543179
5,12,16.595869074375607,2.8443231405118066E-6,1.546932121464862
5,12,17.378008287493753,2.9783751327723294E-6,1.5469321430018512
5,12,18.197008586099834,3.118745273705629E-6,1.546932166630264
5,12,19.054607179632473,3.265731380876331E-6,1.5469321924472101
5,12,19.952623149688797,3.4196453596313463E-6,1.546932220826774
5,12,20.892961308540396,3.580813789812154E-6,1.5469322519302862
5,12,21.87761623949553,3.749578670578015E-6,1.5469322860411268
5,12,22.908676527677734,3.926298114918796E-6,1.5469323233488383
5,12,23.98832919019491,4.111347174551032E-6,1.5469323643094761
5,12,25.11886431509581,4.305118584326126E-6,1.5469324093293184
5,12,26.302679918953814,4.508023568989633E-6,1.5469324586410778
5,12,27.542287033381662,4.720492786415008E-6,1.5469325126556017
5,12,28.84031503126606,4.9429772442186564E-6,1.5469325719017946
5,12,30.19951720402016,5.17594922549514E-6,1.546932636895152
5,12,31.622776601683793,5.419903299477379E-6,1.5469327081441098
5,12,33.11311214825911,5.675357401127884E-6,1.5469327862527937
5,12,34.673685045253166,5.942853946587829E-6,1.5469328719433864
5,12,36.30780547701014,6.222960941149615E-6,1.5469329658783049
5,12,38.018939632056124,6.516273246120671E-6,1.5469330688428569
5,12,39.810717055349734,6.82341386129943E-6,1.5469331817703484
5,12,41.68693834703355,7.1450351959273775E-6,1.5469333055366326
5,12,43.65158322401661,7.4818205784866255E-6,1.5469334412972464
5,12,45.708818961487516,7.834485580087805E-6,1.5469335900692094
5,12,47.86300923226383,8.203779760215989E-6,1.5469337533053347
5,12,50.11872336272722,8.59048803591902E-6,1.5469339322426798
5,12,52.48074602497726,8.995432686808203E-6,1.5469341286828255
5,12,54.954087385762456,9.419474708264936E-6,1.5469343439955399
5,12,57.543993733715695,9.86351611452368E-6,1.5469345801443006
5,12,60.25595860743578,1.0328501680732633E-5,1.5469348391844169
5,12,63.09573444801933,1.0815420919337887E-5,1.5469351231405077
5,12,66.06934480075961,1.1325310571074082E-5,1.546935434664927
5,12,69.18309709189366,1.185925651098719E-5,1.5469357763422187
5,12,72.44359600749902,1.2418396239257389E-5,1.5469361509457387
5,12,75.8577575029184,1.3003921654546023E-5,1.5469365618807407
5,12,79.43282347242817,1.3617081333306489E-5,1.5469370126214035
5,12,83.17637711026708,1.4259183413479066E-5,1.5469375069210376
5,12,87.09635899560806,1.4931598766621247E-5,1.5469380492218328
5,12,91.20108393559097,1.56357636748113E-5,1.5469386440813855
5,12,95.49925860214358,1.6373183304150735E-5,1.5469392965825453
5,12,100,1.7145435256631758E-5,1.5469400125131219
5,12,104.71285480508996,1.7954172606681167E-5,1.5469407977299428
5,12,109.64781961431851,1.8801128586616966E-5,1.5469416592648388
5,12,114.81536214968828,1.9688119872157063E-5,1.546942604511781
5,12,120.22644346174131,2.061705121156817E-5,1.5469436417212126
5,12,125.89254117941675,2.1589919685684687E-5,1.5469447798308906
5,12,131.82567385564073,2.260881970031794E-5,1.5469460287675445
5,12,138.03842646028852,2.367594794246103E-5,1.5469473994467058
5,12,144.5439770745928,2.479360892036089E-5,1.546948903999755
5,12,151.35612484362088,2.5964220158838687E-5,1.5469505554636533
5,12,158.48931924611142,2.7190318852990474E-5,1.5469523684058482
5,12,165.95869074375614,2.8474568256709153E-5,1.5469543589454489
5,12,173.78008287493762,2.981976420418625E-5,1.5469565446166322
5,12,181.97008586099844,3.122884304636954E-5,1.546958944949711
5,12,190.54607179632484,3.2704889652830765E-5,1.5469615816266633
5,12,199.52623149688807,3.4251145175875656E-5,1.5469644782340293
5,12,208.92961308540387,3.587101703263334E-5,1.5469676609951186
5,12,218.77616239495518,3.7568089085992676E-5,1.5469711591517565
5,12,229.08676527677724,3.934613291844396E-5,1.54697500546084
5,12,239.88329190194898,4.120914080009018E-5,1.5469792468025811
5,12,251.18864315095797,4.316126023946354E-5,1.5469839057588697
5,12,263.02679918953817,4.520689154205779E-5,1.546989024332895
5,12,275.4228703338166,4.735069496622811E-5,1.5469946578954714
5,12,288.40315031266056,4.9597572646878334E-5,1.5470008597003717
5,12,301.9951720402016,5.195270718561322E-5,1.547007690809118
5,12,316.22776601683796,5.442157509066107E-5,1.5470152177405878
5,12,331.1311214825911,5.701008873253084E-5,1.5470235552856486
5,12,346.73685045253166,5.972418814387147E-5,1.5470327128157304
5,12,363.0780547701014,6.257049239357638E-5,1.54704281940586
5,12,380.1893963205613,6.55559385011374E-5,1.5470539812524466
5,12,398.1071705534973,6.868791282515706E-5,1.547066317401108
5,12,416.8693834703355,7.197429825333013E-5,1.5470799623822407
5,12,436.5158322401661,7.542352384824663E-5,1.5470950677557571
5,12,457.0881896148752,7.904462038244318E-5,1.5471118035199083
5,12,478.6300923226385,8.284574626484905E-5,1.547129991865766
5,12,501.18723362727246,8.68396051516239E-5,1.547150414447118
5,12,524.8074602497728,9.103747804912327E-5,1.5471732860426546
5,12,549.5408738576248,9.54512054082224E-5,1.547198774429598
5,12,575.4399373371573,1.0009422534237624E-4,1.5472272024867637
5,12,602.5595860743581,1.0498154174613885E-4,1.5472589915554158
5,12,630.9573444801937,1.1012951557351026E-4,1.547294582289945
5,12,660.6934480075957,1.155566314792824E-4,1.5473345368485167
5,12,691.8309709189363,1.2128374160738407E-4,1.5473795223425635
5,12,724.4359600749899,1.2733429137768852E-4,1.5474302870117018
5,12,758.5775750291835,1.3373554607861465E-4,1.5474877766422952
5,12,794.3282347242813,1.4051925186826398E-4,1.5475531251905799
5,12,831.7637711026708,1.477230153905688E-4,1.5476277191103764
5,12,870.9635899560806,1.553922976685559E-4,1.5477132876271267
5,12,912.0108393559096,1.6358266764057464E-4,1.5478119520733449
5,12,954.992586021436,1.7236357105361404E-4,1.5479263598247262
5,12,1000,1.8182702066458557E-4,1.5480601704699235
5,12,1047.1285480508996,1.9209275062557089E-4,1.548217880151068
5,12,1096.4781961431852,2.033264114357647E-4,1.5484055703930626
5,12,1148.1536214968828,2.1576501393082124E-4,1.548631477766017
5,12,1202.2644346174131,2.2976998877215042E-4,1.5489074106726906
5,12,1258.9254117941675,2.458954990055565E-4,1.549248651599425
5,12,1318.2567385564075,2.651092950935126E-4,1.549678573227131
5,12,1380.3842646028852,2.892067745501362E-4,1.5502295026364135
5,12,1445.439770745928,3.22011137267489E-4,1.550942854706854
5,12,1513.5612484362086,3.7338794714142067E-4,1.5518353108972172
5,12,1584.893192461114,4.7916318728607316E-4,1.5525532033554283
5,12,1659.5869074375614,9.52157751069821E-4,1.5454780256982328
5,12,1737.8008287493763,4.84948372142385E-4,-1.521678041570875
5,12,1819.7008586099844,3.3887891067244645E-5,1.3078853473973289
5,12,1905.4607179632483,1.4438901806800838E-4,1.514653724934612
5,12,1995.262314968881,1.999879021745685E-4,1.5297387396779774
5,12,2089.2961308540407,2.376206633463127E-4,1.535033502004394
5,12,2187.761623949552,2.674984988448633E-4,1.5376919279996546
5,12,2290.8676527677726,2.935609005099771E-4,1.5392778204038489
5,12,2398.83291901949,3.176598357257147E-4,1.5403258129919266
5,12,2511.88643150958,3.4079639644866083E-4,1.541067373030925
5,12,2630.2679918953813,3.6356745220805965E-4,1.5416184330628901
5,12,2754.2287033381663,3.8636080760501014E-4,1.5420434271406938
5,12,2884.031503126606,4.0944800560299596E-4,1.5423810313277528
5,12,3019.9517204020162,4.3303296381026383E-4,1.5426559113547025
5,12,3162.2776601683795,4.5727960088455234E-4,1.5428846156387281
5,12,3311.311214825911,4.8232895712277385E-4,1.5430787674219701
5,12,3467.368504525317,5.083111918705305E-4,1.5432469203785089
5,12,3630.780547701014,5.353558109100117E-4,1.5433957281942001
5,12,3801.8939632056126,5.636032349550914E-4,1.5435307822140285
5,12,3981.0717055349733,5.932225143952358E-4,1.5436573683652257
5,12,4168.693834703355,6.244463704443198E-4,1.5437814546826631
5,12,4365.158322401661,6.576568984567933E-4,1.5439116053307187
5,12,4570.881896148751,6.936491791749902E-4,1.5440641584858494
5,12,4786.300923226385,7.347615210658913E-4,1.5442826647309291
5,12,5011.872336272725,7.943754293884679E-4,1.544751999578065
5,12,5248.074602497728,6.095955114343323E-4,1.5328480765496744
5,12,5495.408738576249,8.002435229625889E-4,1.5431780549823302
5,12,5754.399373371572,8.554237268654858E-4,1.543690214141168
5,12,6025.5958607435805,9.04795065799302E-4,1.5439205287563778
5,12,6309.573444801937,9.546890166520625E-4,1.544088277730105
5,12,6606.9344800759645,0.0010071060150629292,1.544244792972874
5,12,6918.309709189362,0.0010636666499033213,1.544417089107624
5,12,7244.359600749898,0.0011269568936618961,1.5446341320389454
5,12,7585.775750291836,0.0012032853419461384,1.5449440563448242
5,12,7943.282347242814,0.001316713509667659,1.545411072494647
5,12,8317.63771102671,0.0017511540063577889,1.542287859426749
5,12,8709.635899560806,9.9676922135557E-4,1.5311791090447882
5,12,9120.108393559096,0.0012427332886157908,1.5408270934572774
5,12,9549.92586021436,0.0013527243156146503,1.5422496948766666
5,12,10000,0.0014416753696215457,1.5428122104176414
5,15,1,2.166201960809115E-7,1.5471773242774254
5,15,1.0471285480508996,2.2682919342218662E-7,1.5471773244525207
5,15,1.096478196143185,2.3751932581230678E-7,1.5471773246062506
5,15,1.1481536214968828,2.487132692310235E-7,1.5471773248042384
5,15,1.202264434617413,2.604347676158764E-7,1.5471773250430039
5,15,1.2589254117941673,2.727086835347287E-7,1.5471773252970895
5,15,1.318256738556407,2.8556105178045174E-7,1.547177325569786
5,15,1.3803842646028848,2.9901913438128534E-7,1.5471773258933814
5,15,1.4454397707459274,3.131114771848306E-7,1.54717732622385
5,15,1.5135612484362082,3.2786797112925065E-7,1.5471773265038902
5,15,1.5848931924611136,3.4331991896242605E-7,1.5471773268753481
5,15,1.6595869074375607,3.5950009623613705E-7,1.547177327318056
5,15,1.7378008287493754,3.7644282281308775E-7,1.5471773277948029
5,15,1.8197008586099834,3.9418403799381913E-7,1.5471773283786268
5,15,1.9054607179632472,4.127613838513677E-7,1.5471773295513218
5,15,1.9952623149688795,4.322142454092214E-7,1.5471773303325564
5,15,2.0892961308540396,4.525838914634864E-7,1.5471773310465886
5,15,2.1877616239495525,4.739135323726718E-7,1.547177331850075
5,15,2.290867652767773,4.962484105346294E-7,1.5471773327140206
5,15,2.3988329190194904,5.196359024246239E-7,1.5471773336640275
5,15,2.51188643150958,5.441256157636908E-7,1.547177334681205
5,15,2.6302679918953817,5.697695102177985E-7,1.5471773362270917
5,15,2.7542287033381663,5.966219620228544E-7,1.54717733763304
5,15,2.884031503126606,6.247399332864782E-7,1.5471773390486767
5,15,3.019951720402016,6.541830684382933E-7,1.547177340543809
5,15,3.1622776601683795,6.8501383653491E-7,1.5471773425725528
5,15,3.311311214825911,7.172976170681782E-7,1.5471773446015575
5,15,3.4673685045253166,7.511028857511793E-7,1.5471773465518033
5,15,3.630780547701014,7.865013595062598E-7,1.547177348711058
5,15,3.8018939632056115,8.235681251241481E-7,1.547177351087754
5,15,3.9810717055349722,8.623818031447167E-7,1.5471773535839073
5,15,4.168693834703354,9.030247533806874E-7,1.5471773568519365
5,15,4.36515832240166,9.455831564496167E-7,1.547177360170405
5,15,4.570881896148751,9.901473111327263E-7,1.5471773640538247
5,15,4.786300923226384,1.0368117213658209E-6,1.5471773679977479
5,15,5.011872336272724,1.0856754054348289E-6,1.5471773726356746
5,15,5.248074602497725,1.1368419852619613E-6,1.547177377440705
5,15,5.495408738576246,1.1904200135376732E-6,1.5471773827279636
5,15,5.7543993733715695,1.2465231311950706E-6,1.5471773883307585
5,15,6.025595860743578,1.30527038252833E-6,1.5471773948280347
5,15,6.309573444801933,1.3667863693453662E-6,1.5471774019478428
5,15,6.606934480075961,1.431201573842322E-6,1.5471774095657473
5,15,6.918309709189364,1.4986526572054009E-6,1.547177417954418
5,15,7.244359600749901,1.5692827047498792E-6,1.5471774271332968
5,15,7.5857757502918375,1.6432415385962645E-6,1.5471774370527134
5,15,7.943282347242816,1.7206860794047667E-6,1.5471774480772174
5,15,8.31763771102671,1.801780595582763E-6,1.5471774600062944
5,15,8.709635899560807,1.8866971760117227E-6,1.5471774734826846
5,15,9.120108393559097,1.9756159320285657E-6,1.5471774881698612
5,15,9.549925860214358,2.0687255304093027E-6,1.5471775044123437
5,15,10,2.166223473733886E-6,1.5471775219918253
5,15,10.471285480508996,2.268316566249029E-6,1.5471775406449682
5,15,10.964781961431852,2.375221579930285E-6,1.5471775620003354
5,15,11.481536214968829,2.487165222201355E-6,1.547177585193731
5,15,12.02264434617413,2.6043850410944343E-6,1.5471776106759891
5,15,12.589254117941675,2.7271297348731535E-6,1.5471776384748595
5,15,13.182567385564074,2.8556597399121314E-6,1.547177668734635
5,15,13.803842646028853,2.9902478749608598E-6,1.5471777022758877
5,15,14.454397707459272,3.1311796889558726E-6,1.547177738983001
5,15,15.13561248436208,3.278754207963409E-6,1.5471777788544474
5,15,15.848931924611133,3.4332848030705674E-6,1.5471778233282043
5,15,16.595869074375607,3.5950992213005033E-6,1.5471778714577755
5,15,17.378008287493753,3.7645410578483644E-6,1.5471779244989419
5,15,18.197008586099834,3.941969926856945E-6,1.5471779826461862
5,15,19.054607179632473,4.127762463297081E-6,1.5471780463932308
5,15,19.952623149688797,4.322313076285249E-6,1.5471781162268157
5,15,20.892961308540396,4.526034877448612E-6,1.5471781930279513
5,15,21.87761623949553,4.7393602930629E-6,1.5471782768856115
5,15,22.908676527677734,4.962742402307097E-6,1.547178368901434
5,15,23.98832919019491,5.196655592882713E-6,1.547178469828634
5,15,25.11886431509581,5.4415967143475E-6,1.5471785806368246
5,15,26.302679918953814,5.698086057055267E-6,1.547178702177228
5,15,27.542287033381662,5.9666684709930565E-6,1.5471788352703228
5,15,28.84031503126606,6.247914768000548E-6,1.5471789814301928
5,15,30.19951720402016,6.542422551807768E-6,1.5471791415680425
5,15,31.622776601683793,6.850817833502739E-6,1.5471793170815356
5,15,33.11311214825911,7.173756374467229E-6,1.5471795097678234
5,15,34.673685045253166,7.511924821485424E-6,1.5471797210240583
5,15,36.30780547701014,7.866042443112283E-6,1.5471799525869074
5,15,38.018939632056124,8.236862711140433E-6,1.5471802065758482
5,15,39.810717055349734,8.625174577854837E-6,1.5471804846121693
5,15,41.68693834703355,9.031805127411666E-6,1.5471807900301462
5,15,43.65158322401661,9.457620012764836E-6,1.5471811246732117
5,15,45.708818961487516,9.903526553983494E-6,1.5471814917026379
5,15,47.86300923226383,1.0370475239493451E-5,1.547181894421921
5,15,50.11872336272722,1.0859461725887917E-5,1.547182336146216
5,15,52.48074602497726,1.1371529278830753E-5,1.5471828206807012
5,15,54.954087385762456,1.1907771059791844E-5,1.547183352267062
5,15,57.543993733715695,1.2469332440680824E-5,1.547183935368534
5,15,60.25595860743578,1.3057413732645625E-5,1.5471845749832507
5,15,63.09573444801933,1.3673272804505742E-5,1.5471852764860532
5,15,66.06934480075961,1.431822835512132E-5,1.5471860462896687
5,15,69.18309709189366,1.4993662189782966E-5,1.5471868907675257
5,15,72.44359600749902,1.5701023014230805E-5,1.5471878171932782
5,15,75.8577575029184,1.644182967955568E-5,1.5471888335887884
5,15,79.43282347242817,1.721767498409299E-5,1.547189949047213
5,15,83.17637711026708,1.8030228781149334E-5,1.5471911729614654
5,15,87.09635899560806,1.8881243128228654E-5,1.5471925164414884
5,15,91.20108393559097,1.977255505882079E-5,1.5471939907401153
5,15,95.49925860214358,2.0706092631083123E-5,1.5471956089803973
5,15,100,2.1683879342000334E-5,1.5471973857666346
5,15,104.71285480508996,2.2708037975411498E-5,1.5471993361033767
5,15,109.64781961431851,2.378079845793534E-5,1.547201477741655
5,15,114.81536214968828,2.4904502090248908E-5,1.547203829775373
5,15,120.22644346174131,2.60816079701942E-5,1.5472064129825929
5,15,125.89254117941675,2.7314700590082316E-5,1.5472092506743425
5,15,131.82567385564073,2.860649649173002E-5,1.5472123684058217
5,15,138.03842646028852,2.9959852175998948E-5,1.5472157942748173
5,15,144.5439770745928,3.137777391353675E-5,1.5472195600465946
5,15,151.35612484362088,3.286342545221218E-5,1.5472237003709355
5,15,158.48931924611142,3.442013827223377E-5,1.547228253363602
5,15,165.95869074375614,3.605142422855398E-5,1.5472332619188545
5,15,173.78008287493762,3.776098678610166E-5,1.547238773613918
5,15,181.97008586099844,3.955273233177672E-5,1.5472448402081938
5,15,190.54607179632484,4.143079065338436E-5,1.5472515212123141
5,15,199.52623149688807,4.3399524862102154E-5,1.5472588812388943
5,15,208.92961308540387,4.5463554847228026E-5,1.547266993360764
5,15,218.77616239495518,4.762777628701149E-5,1.5472759391783186
5,15,229.08676527677724,4.989738559899661E-5,1.5472858105709744
5,15,239.88329190194898,5.2277978086729475E-5,1.547296737726264
5,15,251.18864315095797,5.4775331084795285E-5,1.5473087957791
5,15,263.02679918953817,5.739570875914449E-5,1.5473221138504132
5,15,275.4228703338166,6.0145849905573403E-5,1.5473368516317927
5,15,288.40315031266056,6.30329423172614E-5,1.5473531759720485
5,15,301.9951720402016,6.606471357719702E-5,1.5473712767232524
5,15,316.22776601683796,6.924950032678112E-5,1.547391370941057
5,15,331.1311214825911,7.259663661470486E-5,1.5474137894980882
5,15,346.73685045253166,7.611536464633862E-5,1.547438660253158
5,15,363.0780547701014,7.981665566547959E-5,1.5474663828255177
5,15,380.1893963205613,8.371231554255988E-5,1.547497344893669
5,15,398.1071705534973,8.78153732940844E-5,1.5475319907684886
5,15,416.8693834703355,9.214036041969166E-5,1.5475708446976453
5,15,436.5158322401661,9.670355904916835E-5,1.5476145155383731
5,15,457.0881896148752,1.0152348216328945E-4,1.5476637357711482
5,15,478.6300923226385,1.066143008655469E-4,1.5477181313453539
5,15,501.18723362727246,1.1201069977700458E-4,1.547780637842308
5,15,524.8074602497728,1.1774104110989274E-4,1.5478523399463755
5,15,549.5408738576248,1.2383808867861038E-4,1.5479344461130011
5,15,575.4399373371573,1.303438920192883E-4,1.5480288496319543
5,15,602.5595860743581,1.373122330541334E-4,1.5481381304336164
5,15,630.9573444801937,1.4481025697284452E-4,1.5482653575399896
5,15,660.6934480075957,1.529276577234038E-4,1.5484147018798537
5,15,691.8309709189363,1.6178643570376346E-4,1.548591671184895
5,15,724.4359600749899,1.715561686753647E-4,1.5488034110138942
5,15,758.5775750291835,1.8248865139492093E-4,1.549059941135687
5,15,794.3282347242813,1.949733812911391E-4,1.5493751490255052
5,15,831.7637711026708,2.0965414763501734E-4,1.549768694030772
5,15,870.9635899560806,2.2768793088605952E-4,1.550268513765821
5,15,912.0108393559096,2.5139262580736656E-4,1.5509118348716886
5,15,954.992586021436,2.862224015410589E-4,1.5517315481967247
5,15,1000,3.4901566316776863E-4,1.5526211787358386
5,15,1047.1285480508996,5.293270644622593E-4,1.5516103366069742
5,15,1096.4781961431852,0.003709535614139028,-1.4113433783450404
5,15,1148.1536214968828,6.320816101135087E-5,-1.439321610714611
5,15,1202.2644346174131,8.409121463840525E-5,1.4922975565309975
5,15,1258.9254117941675,1.4247667932601295E-4,1.5249442989103652
5,15,1318.2567385564075,1.7816479856048716E-4,1.5330743003394387
5,15,1380.3842646028852,2.0487168445959303E-4,1.5366813131767016
5,15,1445.439770745928,2.2732485075363493E-4,1.5386971146440227
5,15,1513.5612484362086,2.4759672563584806E-4,1.5399763634075236
5,15,1584.893192461114,2.6674968179067995E-4,1.540856655435804
5,15,1659.5869074375614,2.853934011374405E-4,1.5414974964860764
5,15,1737.8008287493763,3.0391062080996014E-4,1.541983864991903
5,15,1819.7008586099844,3.225608605565121E-4,1.5423651509335392
5,15,1905.4607179632483,3.415329932745403E-4,1.5426720492571113
5,15,1995.262314968881,3.609740586654564E-4,1.542924698002228
5,15,2089.2961308540407,3.810064525989001E-4,1.5431369462674145
5,15,2187.761623949552,4.017392209097336E-4,1.5433187545936693
5,15,2290.8676527677726,4.232769522221236E-4,1.5434776599539288
5,15,2398.83291901949,4.457276155833133E-4,1.5436197009205523
5,15,2511.88643150958,4.692151968051712E-4,1.543750262976596
5,15,2630.2679918953813,4.938995414797918E-4,1.5438748725722404
5,15,2754.2287033381663,5.200231436748172E-4,1.5440005981031648
5,15,2884.031503126606,5.480424970408234E-4,1.5441393717096585
5,15,3019.9517204020162,5.79121025565384E-4,1.544319048413724
5,15,3162.2776601683795,6.181892292516901E-4,1.5446387534615955
5,15,3311.311214825911,8.017955733716743E-4,1.5437630849781496
5,15,3467.368504525317,6.267072371793223E-4,1.5429987897534738
5,15,3630.780547701014,6.762807079594097E-4,1.5437749195065498
5,15,3801.8939632056126,7.162636198028583E-4,1.5440356637878847
5,15,3981.0717055349733,7.55877305245801E-4,1.544206167303504
5,15,4168.693834703355,7.971183308406195E-4,1.5443557507323902
5,15,4365.158322401661,8.41201268444801E-4,1.5445129137726
5,15,4570.881896148751,8.897216371220683E-4,1.5447024483717158
5,15,4786.300923226385,9.460297341933348E-4,1.5449615312435943
5,15,5011.872336272725,0.0010204229243335346,1.5453569116161208
5,15,5248.074602497728,0.0011733970185893651,1.5456881040965424
5,15,5495.408738576249,2.1968421205159698E-4,1.2455851782718028
5,15,5754.399373371572,9.441092901331462E-4,1.5392538019670847
5,15,6025.5958607435805,0.001056263911185036,1.5419284674466156
5,15,6309.573444801937,0.0011332006223271135,1.542729809383481
5,15,6606.9344800759645,0.0012020272761717249,1.5431177314365592
5,15,6918.309709189362,0.0012690872088420373,1.5433512306588157
5,15,7244.359600749898,0.001336735592620572,1.5435112575973065
5,15,7585.775750291836,0.0014061239007265908,1.5436312844664886
5,15,7943.282347242814,0.0014779490876585355,1.5437278512364965
5,15,8317.63771102671,0.0015527196826111097,1.5438103229570506
5,15,8709.635899560806,0.0016308746532938375,1.5438847206265114
5,15,9120.108393559096,0.0017128548160391492,1.5439555156455222
5,15,9549.92586021436,0.0017991698408418313,1.5440266829757627
5,15,10000,0.0018904992962276307,1.5441025903689258
5,20,1,2.9225986944137854E-7,1.5474283127065962
5,20,1.0471285480508996,3.0603366013350683E-7,1.5474283131724509
5,20,1.096478196143185,3.2045659651059573E-7,1.5474283140395868
5,20,1.1481536214968828,3.3555926167281054E-7,1.547428314697378
5,20,1.202264434617413,3.5137369523348496E-7,1.547428315401769
5,20,1.2589254117941673,3.679334432689987E-7,1.547428316251155
5,20,1.318256738556407,3.852736293744614E-7,1.5474283171359096
5,20,1.3803842646028848,4.0343103700391944E-7,1.547428318138994
5,20,1.4454397707459274,4.224441783138613E-7,1.5474283191724272
5,20,1.5135612484362082,4.42353378615042E-7,1.5474283200401688
5,20,1.5848931924611136,4.632008804025779E-7,1.5474283212724362
5,20,1.6595869074375607,4.850309003974359E-7,1.5474283226905678
5,20,1.7378008287493754,5.07889740449758E-7,1.5474283241493751
5,20,1.8197008586099834,5.318258959475237E-7,1.5474283259705042
5,20,1.9054607179632472,5.568901852564055E-7,1.5474283297171056
5,20,1.9952623149688795,5.831356855249553E-7,1.5474283322240732
5,20,2.0892961308540396,6.106180942952347E-7,1.547428334472001
5,20,2.1877616239495525,6.393957237574782E-7,1.547428337088079
5,20,2.290867652767773,6.69529609789085E-7,1.5474283398438256
5,20,2.3988329190194904,7.010836738136874E-7,1.5474283427804716
5,20,2.51188643150958,7.341248510521377E-7,1.547428346026705
5,20,2.6302679918953817,7.687232818035365E-7,1.5474283509076372
5,20,2.7542287033381663,8.049522773484112E-7,1.5474283553799038
5,20,2.884031503126606,8.428887060523697E-7,1.5474283599481267
5,20,3.019951720402016,8.826130408707712E-7,1.5474283646803246
5,20,3.1622776601683795,9.242095530873689E-7,1.5474283697764533
5,20,3.311311214825911,9.677665814484553E-7,1.547428377341129
5,20,3.4673685045253166,1.0133763381744492E-6,1.5474283835705902
5,20,3.630780547701014,1.0611356611661211E-6,1.5474283903459174
5,20,3.8018939632056115,1.1111458750693111E-6,1.5474283979334627
5,20,3.9810717055349722,1.163513045703783E-6,1.547428405982624
5,20,4.168693834703354,1.2183483734468534E-6,1.5474284163680416
5,20,4.36515832240166,1.2757680401509925E-6,1.5474284267547596
5,20,4.570881896148751,1.3358939837549218E-6,1.5474284391702047
5,20,4.786300923226384,1.3988536248779575E-6,1.5474284517117465
5,20,5.011872336272724,1.464780673100481E-6,1.5474284665005142
5,20,5.248074602497725,1.5338148444230767E-6,1.5474284816252943
5,20,5.495408738576246,1.6061026257380332E-6,1.5474284976325376
5,20,5.7543993733715695,1.6817975108939442E-6,1.5474285162490382
5,20,6.025595860743578,1.7610600599922813E-6,1.547428537061745
5,20,6.309573444801933,1.8440583859496893E-6,1.5474285595666284
5,20,6.606934480075961,1.930968486324669E-6,1.5474285829221899
5,20,6.918309709189364,2.021975049710354E-6,1.547428610235988
5,20,7.244359600749901,2.1172709763354024E-6,1.5474286395778714
5,20,7.5857757502918375,2.2170584521931997E-6,1.5474286710765073
5,20,7.943282347242816,2.321549307401617E-6,1.5474287057030625
5,20,8.31763771102671,2.430965305585152E-6,1.547428743911063
5,20,8.709635899560807,2.545538734780647E-6,1.547428786662263
5,20,9.120108393559097,2.6655125582233395E-6,1.5474288327323533
5,20,9.549925860214358,2.7911416584544446E-6,1.547428884331208
5,20,10,2.9226923681020482E-6,1.5474289395772252
5,20,10.471285480508996,3.0604441368878718E-6,1.5474290004325844
5,20,10.964781961431852,3.204689492636421E-6,1.5474290679664882
5,20,11.481536214968829,3.355734399900962E-6,1.5474291410957122
5,20,12.02264434617413,3.5138998209144916E-6,1.5474292219549457
5,20,12.589254117941675,3.6795214486570748E-6,1.5474293103687928
5,20,13.182567385564074,3.8529509817342464E-6,1.5474294069476464
5,20,13.803842646028853,4.034556855549141E-6,1.5474295130570468
5,20,14.454397707459272,4.22472481735433E-6,1.5474296295066088
5,20,15.13561248436208,4.423858734497421E-6,1.5474297566831878
5,20,15.848931924611133,4.632382210430498E-6,1.547429897864632
5,20,16.595869074375607,4.850737468915207E-6,1.547430050304263
5,20,17.378008287493753,5.079389474093085E-6,1.5474302189009146
5,20,18.197008586099834,5.318823859878716E-6,1.5474304032288408
5,20,19.054607179632473,5.569550006724441E-6,1.5474306058229017
5,20,19.952623149688797,5.832100927170421E-6,1.5474308275130666
5,20,20.892961308540396,6.107035200905001E-6,1.5474310703059615
5,20,21.87761623949553,6.394938563962273E-6,1.5474313383595102
5,20,22.908676527677734,6.696423089161476E-6,1.5474316313825613
5,20,23.98832919019491,7.012130823990432E-6,1.5474319521650584
5,20,25.11886431509581,7.342734380266648E-6,1.5474323036999411
5,20,26.302679918953814,7.688938860729381E-6,1.5474326903814541
5,20,27.542287033381662,8.051481813872475E-6,1.5474331139478323
5,20,28.84031503126606,8.43113670813134E-6,1.5474335782829505
5,20,30.19951720402016,8.828714109615624E-6,1.5474340879433515
5,20,31.622776601683793,9.245063184519258E-6,1.5474346474256815
5,20,33.11311214825911,9.681072778655614E-6,1.5474352596086627
5,20,34.673685045253166,1.013767678719481E-5,1.5474359327003717
5,20,36.30780547701014,1.0615851154753128E-5,1.547436669827116
5,20,38.018939632056124,1.1116621523624945E-5,1.5474374797945472
5,20,39.810717055349734,1.1641059488867468E-5,1.5474383657068294
5,20,41.68693834703355,1.2190292999621324E-5,1.5474393391347245
5,20,43.65158322401661,1.2765501950061401E-5,1.5474404076711992
5,20,45.708818961487516,1.3367923108164385E-5,1.5474415791229952
5,20,47.86300923226383,1.3998855303743792E-5,1.5474428648453566
5,20,50.11872336272722,1.465966110412729E-5,1.5474442771984764
5,20,52.48074602497726,1.5351767314604104E-5,1.5474458261829596
5,20,54.954087385762456,1.6076674526310783E-5,1.54744752738405
5,20,57.543993733715695,1.6835955858124433E-5,1.547449395467456
5,20,60.25595860743578,1.7631261955415758E-5,1.5474514456770552
5,20,63.09573444801933,1.846432856774962E-5,1.5474536977600841
5,20,66.06934480075961,1.9336976253628057E-5,1.5474561704519951
5,20,69.18309709189366,2.0251119696545725E-5,1.5474588865036583
5,20,72.44359600749902,2.120877109502881E-5,1.5474618706427665
5,20,75.8577575029184,2.221204516521949E-5,1.547465149138226
5,20,79.43282347242817,2.3263167530051345E-5,1.5474687522071386
5,20,83.17637711026708,2.436448000486294E-5,1.5474727126956211
5,20,87.09635899560806,2.5518450173557206E-5,1.5474770683358408
5,20,91.20108393559097,2.672767501301758E-5,1.5474818585276244
5,20,95.49925860214358,2.799489747580724E-5,1.5474871306776279
5,20,100,2.9323002865400825E-5,1.5474929310696215
5,20,104.71285480508996,3.071504559389551E-5,1.5474993168167206
5,20,109.64781961431851,3.217425156679524E-5,1.547506349770722
5,20,114.81536214968828,3.370403682418586E-5,1.5475141005228865
5,20,120.22644346174131,3.530801399934533E-5,1.5475226443629524
5,20,125.89254117941675,3.6990016620009144E-5,1.5475320668824228
5,20,131.82567385564073,3.875412226262981E-5,1.5475424669885554
5,20,138.03842646028852,4.060466425796945E-5,1.5475539527896922
5,20,144.5439770745928,4.2546260408726465E-5,1.5475666455053505
5,20,151.35612484362088,4.45838489779733E-5,1.5475806844606161
5,20,158.48931924611142,4.67227189057661E-5,1.5475962274542208
5,20,165.95869074375614,4.896854124001487E-5,1.547613449944465
5,20,173.78008287493762,5.132741963824704E-5,1.5476325505105626
5,20,181.97008586099844,5.380598338853879E-5,1.547653768073156
5,20,190.54607179632484,5.6411395773287216E-5,1.5476773637388068
5,20,199.52623149688807,5.9151477102789564E-5,1.547703642348097
5,20,208.92961308540387,6.203481043778991E-5,1.547732959661345
5,20,218.77616239495518,6.507084567057972E-5,1.5477657239983866
5,20,229.08676527677724,6.827010627003014E-5,1.5478024210871613
5,20,239.88329190194898,7.164453470732324E-5,1.5478436630602712
5,20,251.18864315095797,7.520718748016308E-5,1.5478900537609608
5,20,263.02679918953817,7.897316306249934E-5,1.547942376036071
5,20,275.4228703338166,8.296010613481049E-5,1.5480016195249124
5,20,288.40315031266056,8.718853596470349E-5,1.5480689449587262
5,20,301.9951720402016,9.168286655783301E-5,1.5481457750540728
5,20,316.22776601683796,9.647266330101244E-5,1.5482338712390427
5,20,331.1311214825911,1.0159516947833072E-4,1.5483355645226877
5,20,346.73685045253166,1.0709509115523849E-4,1.5484533872067032
5,20,363.0780547701014,1.1303268084541546E-4,1.5485910157426666
5,20,380.1893963205613,1.194875557070268E-4,1.5487531000181267
5,20,398.1071705534973,1.2656980039540123E-4,1.5489458282622548
5,20,416.8693834703355,1.344372640410943E-4,1.549177518123419
5,20,436.5158322401661,1.4332701344339723E-4,1.5494595566290192
5,20,457.0881896148752,1.536168065023479E-4,1.549807900375553
5,20,478.6300923226385,1.658225604185888E-4,1.5502343860455507
5,20,501.18723362727246,1.8128466276338086E-4,1.5507845644725178
5,20,524.8074602497728,2.0256896984329582E-4,1.5514953633746333
5,20,549.5408738576248,2.3626005719226938E-4,1.5523674053246845
5,20,575.4399373371573,3.066178320185952E-4,1.552991451500138
5,20,602.5595860743581,6.328745732346026E-4,1.5450527517181232
5,20,630.9573444801937,3.119201498780932E-4,-1.5252570604574724
5,20,660.6934480075957,1.2612800635694202E-5,1.1343492229456131
5,20,691.8309709189363,8.300977882379456E-5,1.5117989492153778
5,20,724.4359600749899,1.1861708114905474E-4,1.528993089045415
5,20,758.5775750291835,1.4258978842497801E-4,1.5348027889818732
5,20,794.3282347242813,1.6150335128509597E-4,1.5376752640147644
5,20,831.7637711026708,1.7790533765334415E-4,1.53937399354307
5,20,870.9635899560806,1.9299834639185874E-4,1.5404903209553125
5,20,912.0108393559096,2.0743012719002754E-4,1.5412767898911452
5,20,954.992586021436,2.215862379178903E-4,1.5418589011911206
5,20,1000,2.3572153679884188E-4,1.5423066459918555
5,20,1047.1285480508996,2.500086238475238E-4,1.5426611795692924
5,20,1096.4781961431852,2.645780308219842E-4,1.5429488537958749
5,20,1148.1536214968828,2.795339048860771E-4,1.543187282067278
5,20,1202.2644346174131,2.9496627621444164E-4,1.543388898406048
5,20,1258.9254117941675,3.109524479016687E-4,1.5435623712472564
5,20,1318.2567385564075,3.2757353560865633E-4,1.543714809404168
5,20,1380.3842646028852,3.449140956975401E-4,1.5438519313293106
5,20,1445.439770745928,3.630746658237216E-4,1.5439790322124622
5,20,1513.5612484362086,3.8219229932945386E-4,1.5441019368438988
5,20,1584.893192461114,4.0249213725653595E-4,1.5442288705953655
5,20,1659.5869074375614,4.244511886539768E-4,1.5443756396527573
5,20,1737.8008287493763,4.4954464993413284E-4,1.5445861975458541
5,20,1819.7008586099844,4.876456929330519E-4,1.5450660542234802
5,20,1905.4607179632483,4.294127505904173E-4,1.5406002592244585
5,20,1995.262314968881,4.949319155085924E-4,1.543769231588915
5,20,2089.2961308540407,5.264604832778462E-4,1.5441376781670353
5,20,2187.761623949552,5.560021177016029E-4,1.5443259887579055
5,20,2290.8676527677726,5.862205028778978E-4,1.544472346020887
5,20,2398.83291901949,6.181019042920697E-4,1.5446140408072897
5,20,2511.88643150958,6.525535699836166E-4,1.544773593003646
5,20,2630.2679918953813,6.910916754683988E-4,1.5449775749011916
5,20,2754.2287033381663,7.374236118362828E-4,1.5452723757717202
5,20,2884.031503126606,8.053724999555535E-4,1.5457304391029436
5,20,3019.9517204020162,0.0010407026012265812,1.54388986579057
5,20,3162.2776601683795,5.918880313063543E-4,1.5299918145455909
5,20,3311.311214825911,7.574181470174778E-4,1.5411037250192707
5,20,3467.368504525317,8.262771443948219E-4,1.5425672636220553
5,20,3630.780547701014,8.809568002781042E-4,1.5431271459477174
5,20,3801.8939632056126,9.320754109249012E-4,1.5434256892022176
5,20,3981.0717055349733,9.82727611526831E-4,1.5436144620055814
5,20,4168.693834703355,0.0010342043840147835,1.5437473556480281
5,20,4365.158322401661,0.0010871903406865166,1.5438484297762447
5,20,4570.881896148751,0.001142127132680072,1.5439302208352879
5,20,4786.300923226385,0.001199353813225814,1.5440001340794098
5,20,5011.872336272725,0.0012591749517151718,1.5440631279448336
5,20,5248.074602497728,0.0013219065517484719,1.5441230630147826
5,20,5495.408738576249,0.0013879257249312204,1.5441835827360295
5,20,5754.399373371572,0.0014577546127136902,1.5442489823807632
5,20,6025.5958607435805,0.001532251465992537,1.5443255455227536
5,20,6309.573444801937,0.0016131614064625907,1.5444242546650344
5,20,6606.9344800759645,0.0017052437268593608,1.544566002124468
5,20,6918.309709189362,0.001830194171598707,1.5447472165717904
5,20,7244.359600749898,0.003058545896352752,1.495135092763546
5,20,7585.775750291836,0.0017979026307014749,1.5418332741318668
5,20,7943.282347242814,0.0019472864134036467,1.5433080197904572
5,20,8317.63771102671,0.002061934399215092,1.5436826493095133
5,20,8709.635899560806,0.002172178831832326,1.5438624267132273
5,20,9120.108393559096,0.0022839587411965377,1.5439764655501034
5,20,9549.92586021436,0.002399476579908013,1.5440623061827778
5,20,10000,0.0025199945232467604,1.544135587824797
10,5,1,1.3030445934598627E-7,1.544841418750512
10,5,1.0471285480508996,1.3644551933640504E-7,1.5448414187532964
10,5,1.096478196143185,1.4287599857564453E-7,1.5448414187572823
10,5,1.1481536214968828,1.496095369574239E-7,1.5448414187598416
10,5,1.202264434617413,1.5666041722971883E-7,1.544841418762843
10,5,1.2589254117941673,1.6404359525452096E-7,1.544841418766122
10,5,1.318256738556407,1.7177473174346945E-7,1.5448414187697634
10,5,1.3803842646028848,1.798702254739473E-7,1.5448414187737096
10,5,1.4454397707459274,1.8834724807496695E-7,1.5448414187781188
10,5,1.5135612484362082,1.9722378044122845E-7,1.5448414187821382
10,5,1.5848931924611136,2.0651865089951505E-7,1.5448414187870534
10,5,1.6595869074375607,2.1625157511588836E-7,1.5448414187926518
10,5,1.7378008287493754,2.264431979320352E-7,1.5448414187993387
10,5,1.8197008586099834,2.37115137155407E-7,1.5448414188078066
10,5,1.9054607179632472,2.4829002944036063E-7,1.5448414188214799
10,5,1.9952623149688795,2.5999157813989897E-7,1.5448414188316506
10,5,2.0892961308540396,2.7224460384168746E-7,1.5448414188413995
10,5,2.1877616239495525,2.8507509687631414E-7,1.5448414188525696
10,5,2.290867652767773,2.985102724252952E-7,1.5448414188637372
10,5,2.3988329190194904,3.125786283132371E-7,1.5448414188759638
10,5,2.51188643150958,3.2731000541699766E-7,1.5448414188897301
10,5,2.6302679918953817,3.4273565101858397E-7,1.5448414189084436
10,5,2.7542287033381663,3.588882849099461E-7,1.5448414189268993
10,5,2.884031503126606,3.758021690005855E-7,1.544841418945548
10,5,3.019951720402016,3.935131799317803E-7,1.5448414189656343
10,5,3.1622776601683795,4.1205888517498E-7,1.5448414189894455
10,5,3.311311214825911,4.3147862266031843E-7,1.5448414190164048
10,5,3.4673685045253166,4.5181358417330797E-7,1.5448414190419808
10,5,3.630780547701014,4.7310690298496434E-7,1.5448414190705109
10,5,3.8018939632056115,4.95403745067945E-7,1.5448414191011701
10,5,3.9810717055349722,5.187514050404884E-7,1.5448414191344915
10,5,4.168693834703354,5.431994065414144E-7,1.544841419175293
10,5,4.36515832240166,5.687996069693225E-7,1.544841419218776
10,5,4.570881896148751,5.956063078865577E-7,1.544841419268307
10,5,4.786300923226384,6.236763698321243E-7,1.5448414193205777
10,5,5.011872336272724,6.530693333223654E-7,1.5448414193801883
10,5,5.248074602497725,6.838475446091963E-7,1.5448414194405544
10,5,5.495408738576246,7.160762886285582E-7,1.5448414195083464
10,5,5.7543993733715695,7.498239269127728E-7,1.544841419583805
10,5,6.025595860743578,7.851620428103846E-7,1.544841419667935
10,5,6.309573444801933,8.221655932072849E-7,1.5448414197594005
10,5,6.606934480075961,8.609130675695544E-7,1.5448414198562237
10,5,6.918309709189364,9.014866548300898E-7,1.5448414199660299
10,5,7.244359600749901,9.439724169719071E-7,1.5448414200857492
10,5,7.5857757502918375,9.884604720093232E-7,1.5448414202140455
10,5,7.943282347242816,1.0350451855813477E-6,1.544841420360476
10,5,8.31763771102671,1.0838253697139604E-6,1.544841420513897
10,5,8.709635899560807,1.1349044944960891E-6,1.544841420688086
10,5,9.120108393559097,1.1883909055155706E-6,1.5448414208781667
10,5,9.549925860214358,1.2443980548880419E-6,1.5448414210861636
10,5,10,1.303044741573424E-6,1.54484142131401
10,5,10.471285480508996,1.3644553632372247E-6,1.54484142156102
10,5,10.964781961431852,1.4287601806850544E-6,1.5448414218340731
10,5,11.481536214968829,1.4960955934056495E-6,1.5448414221339093
10,5,12.02264434617413,1.5666044293713573E-6,1.5448414224636244
10,5,12.589254117941675,1.6404362477163735E-6,1.5448414228240557
10,5,13.182567385564074,1.7177476560994835E-6,1.5448414232160324
10,5,13.803842646028853,1.7987026437504663E-6,1.5448414236511587
10,5,14.454397707459272,1.8834729273865771E-6,1.5448414241260398
10,5,15.13561248436208,1.972238317440811E-6,1.5448414246485014
10,5,15.848931924611133,2.065187097952664E-6,1.5448414252185132
10,5,16.595869074375607,2.1625164275063296E-6,1.5448414258460732
10,5,17.378008287493753,2.2644327556912947E-6,1.5448414265314323
10,5,18.197008586099834,2.3711522627139307E-6,1.5448414272836568
10,5,19.054607179632473,2.4829013169660327E-6,1.5448414281092908
10,5,19.952623149688797,2.5999169552769023E-6,1.5448414290139543
10,5,20.892961308540396,2.7224473862714996E-6,1.5448414300065862
10,5,21.87761623949553,2.8507525161536336E-6,1.5448414310937166
10,5,22.908676527677734,2.9851045011307867E-6,1.5448414322877242
10,5,23.98832919019491,3.1257883232234556E-6,1.544841433594827
10,5,25.11886431509581,3.2731023966601778E-6,1.5448414350296138
10,5,26.302679918953814,3.42735919921695E-6,1.5448414366021748
10,5,27.542287033381662,3.5888859362769013E-6,1.544841438326184
10,5,28.84031503126606,3.7580252351140094E-6,1.544841440219744
10,5,30.19951720402016,3.935135869634424E-6,1.54484144229233
10,5,31.622776601683793,4.1205935247021105E-6,1.544841444564431
10,5,33.11311214825911,4.3147915915811996E-6,1.544841447057271
10,5,34.673685045253166,4.518142002248354E-6,1.5448414497916203
10,5,36.30780547701014,4.731076103125861E-6,1.5448414527871486
10,5,38.018939632056124,4.954045572713624E-6,1.5448414560744432
10,5,39.810717055349734,5.187523374922506E-6,1.5448414596714373
10,5,41.68693834703355,5.4320047695311105E-6,1.5448414636153125
10,5,43.65158322401661,5.6880083589306025E-6,1.5448414679432763
10,5,45.708818961487516,5.956077186623569E-6,1.5448414726854367
10,5,47.86300923226383,6.23677989531602E-6,1.5448414778880621
10,5,50.11872336272722,6.530711928556321E-6,1.544841483593629
10,5,52.48074602497726,6.838496797777286E-6,1.5448414898537552
10,5,54.954087385762456,7.160787401359372E-6,1.5448414967151003
10,5,57.543993733715695,7.4982674155247385E-6,1.544841504237191
10,5,60.25595860743578,7.851652744883783E-6,1.5448415124895918
10,5,63.09573444801933,8.22169303624139E-6,1.5448415215349782
10,5,66.06934480075961,8.609173278711323E-6,1.544841531455394
10,5,69.18309709189366,9.014915462370305E-6,1.5448415423300865
10,5,72.44359600749902,9.439780331038896E-6,1.544841554256298
10,5,75.8577575029184,9.88466920412836E-6,1.5448415673340639
10,5,79.43282347242817,1.0350525892325509E-5,1.5448415816719234
10,5,83.17637711026708,1.0838338704173366E-5,1.5448415973916136
10,5,87.09635899560806,1.1349142548168142E-5,1.54484161463464
10,5,91.20108393559097,1.1884021118828825E-5,1.5448416335363924
10,5,95.49925860214358,1.2444109216134988E-5,1.5448416542626418
10,5,100,1.3030595148872759E-5,1.5448416769922564
10,5,104.71285480508996,1.3644723258683826E-5,1.544841701916048
10,5,109.64781961431851,1.4287796566149215E-5,1.5448417292401064
10,5,114.81536214968828,1.4961179550901204E-5,1.544841759202156
10,5,120.22644346174131,1.5666301040914922E-5,1.54484179205158
10,5,125.89254117941675,1.6404657270033515E-5,1.5448418280785918
10,5,131.82567385564073,1.7177815038789523E-5,1.5448418675810138
10,5,138.03842646028852,1.7987415071714557E-5,1.5448419108982205
10,5,144.5439770745928,1.8835175491362753E-5,1.5448419583866375
10,5,151.35612484362088,1.9722895516917333E-5,1.5448420104700065
10,5,158.48931924611142,2.0652459247802345E-5,1.5448420675784509
10,5,165.95869074375614,2.1625839720749766E-5,1.5448421302008004
10,5,173.78008287493762,2.2645103104046413E-5,1.5448421988685552
10,5,181.97008586099844,2.3712413114595042E-5,1.5448422741678376
10,5,190.54607179632484,2.4830035636698048E-5,1.5448423567396348
10,5,199.52623149688807,2.6000343560005188E-5,1.5448424472801605
10,5,208.92961308540387,2.722582188162331E-5,1.5448425465697364
10,5,218.77616239495518,2.8509072981519334E-5,1.5448426554397237
10,5,229.08676527677724,2.985282226736969E-5,1.5448427748355409
10,5,239.88329190194898,3.1259924017222315E-5,1.5448429058156687
10,5,251.18864315095797,3.27333673379621E-5,1.54484304943389
10,5,263.02679918953817,3.427628277825204E-5,1.544843206895134
10,5,275.4228703338166,3.5891949098492566E-5,1.5448433795768037
10,5,288.40315031266056,3.758380021391269E-5,1.544843568950961
10,5,301.9951720402016,3.935543265936674E-5,1.544843776633173
10,5,316.22776601683796,4.1210613369764444E-5,1.5448440043953549
10,5,331.1311214825911,4.315328802062644E-5,1.5448442542753347
10,5,346.73685045253166,4.518758895495678E-5,1.5448445282455125
10,5,363.0780547701014,4.731784510195186E-5,1.5448448287341219
10,5,380.1893963205613,4.9548590816836874E-5,1.5448451583113432
10,5,398.1071705534973,5.188457595776052E-5,1.544845519797054
10,5,416.8693834703355,5.433077633180335E-5,1.5448459162940076
10,5,436.5158322401661,5.68924046605472E-5,1.5448463512154722
10,5,457.0881896148752,5.9574922015434565E-5,1.544846828280324
10,5,478.6300923226385,6.23840401453642E-5,1.5448473479699525
10,5,501.18723362727246,6.532576684373372E-5,1.544847919764202
10,5,524.8074602497728,6.840638559608212E-5,1.544848549061073
10,5,549.5408738576248,7.163247411638482E-5,1.544849239529961
10,5,575.4399373371573,7.501093067030992E-5,1.544849997127831
10,5,602.5595860743581,7.85489852761781E-5,1.5448508284778943
10,5,630.9573444801937,8.225421575774587E-5,1.5448517407635818
10,5,660.6934480075957,8.613456578334267E-5,1.5448527419490974
10,5,691.8309709189363,9.019836351913258E-5,1.5448538408715937
10,5,724.4359600749899,9.445434024012758E-5,1.5448550470645332
10,5,758.5775750291835,9.891165248354087E-5,1.5448563712063954
10,5,794.3282347242813,1.0357990326678428E-4,1.5448578250068572
10,5,831.7637711026708,1.0846916560116233E-4,1.5448594213540545
10,5,870.9635899560806,1.1359000782324256E-4,1.5448611745363117
10,5,912.0108393559096,1.189535187880015E-4,1.5448631001168953
10,5,954.992586021436,1.2457133555321677E-4,1.5448652150272113
10,5,1000,1.3045568185532727E-4,1.5448675392609654
10,5,1047.1285480508996,1.3661938703231924E-4,1.544870093549117
10,5,1096.4781961431852,1.4307592982798606E-4,1.5448729013133695
10,5,1148.1536214968828,1.498394733296729E-4,1.5448759884606749
10,5,1202.2644346174131,1.5692492077085766E-4,1.544879385926316
10,5,1258.9254117941675,1.643479000621922E-4,1.5448831213249328
10,5,1318.2567385564075,1.7212489777078678E-4,1.5448872321905847
10,5,1380.3842646028852,1.802732522581069E-4,1.5448917576694652
10,5,1445.439770745928,1.8881122775332612E-4,1.544896741632182
10,5,1513.5612484362086,1.9775807450143963E-4,1.5449022329741513
10,5,1584.893192461114,2.0713409696861544E-4,1.5449082862525523
10,5,1659.5869074375614,2.1696073008154314E-4,1.544914962494614
10,5,1737.8008287493763,2.2726062440960623E-4,1.5449223301406607
10,5,1819.7008586099844,2.3805774113811457E-4,1.5449304660726586
10,5,1905.4607179632483,2.4937745900431015E-4,1.5449394567986692
10,5,1995.262314968881,2.612466973721933E-4,1.544949399991902
10,5,2089.2961308540407,2.7369405644053627E-4,1.5449604062194078
10,5,2187.761623949552,2.8674997722676206E-4,1.5449726008468592
10,5,2290.8676527677726,3.0044693948497143E-4,1.5449861272369811
10,5,2398.83291901949,3.1481965761767975E-4,1.5450011477314185
10,5,2511.88643150958,3.299053789838984E-4,1.5450178499767975
10,5,2630.2679918953813,3.4574417855929055E-4,1.5450364496675009
10,5,2754.2287033381663,3.6237934746871506E-4,1.545057196397527
10,5,2884.031503126606,3.798578641409059E-4,1.5450803804607407
10,5,3019.9517204020162,3.982309801997214E-4,1.5451063413835153
10,5,3162.2776601683795,4.175549569816387E-4,1.5451354786357083
10,5,3311.311214825911,4.378920063226227E-4,1.5451682653304586
10,5,3467.368504525317,4.5931151034999475E-4,1.5452052659303253
10,5,3630.780547701014,4.8189162621888585E-4,1.5452471592789014
10,5,3801.8939632056126,5.057214341338209E-4,1.5452947689782495
10,5,3981.0717055349733,5.309038691643903E-4,1.545349104126079
10,5,4168.693834703355,5.575597960221354E-4,1.5454114143949136
10,5,4365.158322401661,5.858338139445927E-4,1.5454832663094018
10,5,4570.881896148751,6.159027062941715E-4,1.545566649730307
10,5,4786.300923226385,6.479881182415175E-4,1.5456641306564918
10,5,5011.872336272725,6.823761493840892E-4,1.5457790738486548
10,5,5248.074602497728,7.194487749572655E-4,1.545915975538845
10,5,5495.408738576249,7.597363980314146E-4,1.5460809722914608
10,5,5754.399373371572,8.040102963636041E-4,1.5462826390280495
10,5,6025.5958607435805,8.534555148088792E-4,1.5465332682561104
10,5,6309.573444801937,9.100199403147571E-4,1.5468509435082203
10,5,6606.9344800759645,9.771920689781563E-4,1.5472627934455787
10,5,6918.309709189362,0.0010619803550474015,1.5478090170519079
10,5,7244.359600749898,0.0011810115425995185,1.548538804230912
10,5,7585.775750291836,0.0013860601252271803,1.549403462353795
10,5,7943.282347242814,0.0019630160188631503,1.5484597655051446
10,5,8317.63771102671,0.006527321426459651,-1.4335640209242824
10,5,8709.635899560806,2.615186199951886E-4,1.42557039147373
10,5,9120.108393559096,6.846103156506704E-4,1.522937375543646
10,5,9549.92586021436,8.714667319592076E-4,1.53299085321742
10,5,10000,9.95722426661426E-4,1.5366202952457275
10,10,1,2.7078560455404504E-7,1.5457911434340148
10,10,1.0471285480508996,2.8354733777025015E-7,1.5457911434996119
10,10,1.096478196143185,2.969105136795206E-7,1.5457911436160232
10,10,1.1481536214968828,3.1090347560934287E-7,1.5457911436533631
10,10,1.202264434617413,3.2555590568632886E-7,1.5457911437000496
10,10,1.2589254117941673,3.408988836280528E-7,1.545791143751197
10,10,1.318256738556407,3.5696495384373043E-7,1.5457911437997929
10,10,1.3803842646028848,3.737881948363959E-7,1.545791143859328
10,10,1.4454397707459274,3.9140429085386837E-7,1.5457911439224141
10,10,1.5135612484362082,4.098506077034512E-7,1.5457911439719307
10,10,1.5848931924611136,4.2916627323875736E-7,1.5457911440471834
10,10,1.6595869074375607,4.4939225828747225E-7,1.5457911441316934
10,10,1.7378008287493754,4.7057146488206626E-7,1.545791144223037
10,10,1.8197008586099834,4.927488173809533E-7,1.5457911443389656
10,10,1.9054607179632472,5.159713588200833E-7,1.5457911445572112
10,10,1.9952623149688795,5.40288343267428E-7,1.545791144698974
10,10,2.0892961308540396,5.657513520247042E-7,1.5457911448387287
10,10,2.1877616239495525,5.924143959817374E-7,1.5457911449939437
10,10,2.290867652767773,6.203340308802483E-7,1.5457911451557436
10,10,2.3988329190194904,6.495694783657838E-7,1.5457911453356281
10,10,2.51188643150958,6.801827507636439E-7,1.5457911455307913
10,10,2.6302679918953817,7.122387858333277E-7,1.54579114582778
10,10,2.7542287033381663,7.458055743758735E-7,1.5457911460844094
10,10,2.884031503126606,7.809543178286076E-7,1.5457911463547436
10,10,3.019951720402016,8.177595715127268E-7,1.5457911466393237
10,10,3.1622776601683795,8.562994051009921E-7,1.5457911469560288
10,10,3.311311214825911,8.966555708378341E-7,1.545791147399045
10,10,3.4673685045253166,9.389136617593869E-7,1.5457911477687418
10,10,3.630780547701014,9.831633174163065E-7,1.5457911481720654
10,10,3.8018939632056115,1.0294983975338021E-6,1.5457911486098226
10,10,3.9810717055349722,1.0780171857069734E-6,1.5457911490886005
10,10,4.168693834703354,1.1288226021494835E-6,1.5457911497057546
10,10,4.36515832240166,1.182022405320927E-6,1.5457911503185107
10,10,4.570881896148751,1.237729446336003E-6,1.5457911510526825
10,10,4.786300923226384,1.2960618815809605E-6,1.5457911517914706
10,10,5.011872336272724,1.3571434506089493E-6,1.5457911526724357
10,10,5.248074602497725,1.4211037085364668E-6,1.5457911535644533
10,10,5.495408738576246,1.4880783256228467E-6,1.5457911544901257
10,10,5.7543993733715695,1.5582093770630347E-6,1.545791155627633
10,10,6.025595860743578,1.6316456133939459E-6,1.5457911568521057
10,10,6.309573444801933,1.708542806282458E-6,1.5457911581931518
10,10,6.606934480075961,1.789064058144257E-6,1.5457911595462754
10,10,6.918309709189364,1.8733801907435453E-6,1.5457911612036088
10,10,7.244359600749901,1.9616700343711136E-6,1.54579116294486
10,10,7.5857757502918375,2.054120869764786E-6,1.5457911648180276
10,10,7.943282347242816,2.150928806667367E-6,1.5457911668915727
10,10,8.31763771102671,2.2522991888785778E-6,1.545791169143205
10,10,8.709635899560807,2.3584470520639876E-6,1.5457911716849664
10,10,9.120108393559097,2.4695975441184284E-6,1.5457911744178097
10,10,9.549925860214358,2.5859864507490415E-6,1.5457911774803639
10,10,10,2.7078606401542683E-6,1.5457911807515432
10,10,10.471285480508996,2.8354786463167938E-6,1.545791184364355
10,10,10.964781961431852,2.9691111791880465E-6,1.5457911883738817
10,10,11.481536214968829,3.109041692619822E-6,1.5457911927215624
10,10,12.02264434617413,3.255567019518193E-6,1.545791197490494
10,10,12.589254117941675,3.408997981522541E-6,1.5457912027502896
10,10,13.182567385564074,3.569660037211748E-6,1.5457912084836782
10,10,13.803842646028853,3.7378939947151095E-6,1.5457912147379689
10,10,14.454397707459272,3.914056745262439E-6,1.5457912216706318
10,10,15.13561248436208,4.098521967348125E-6,1.5457912292400018
10,10,15.848931924611133,4.2916809780440755E-6,1.545791237548123
10,10,16.595869074375607,4.493943524409796E-6,1.5457912466177957
10,10,17.378008287493753,4.705738694264829E-6,1.5457912566030734
10,10,18.197008586099834,4.9275157774662025E-6,1.545791267542897
10,10,19.054607179632473,5.159745265542807E-6,1.5457912795792457
10,10,19.952623149688797,5.4029197912730435E-6,1.5457912926989343
10,10,20.892961308540396,5.657555260378944E-6,1.54579130709794
10,10,21.87761623949553,5.92419189715473E-6,1.545791322956407
10,10,22.908676527677734,6.203395354120442E-6,1.5457913403082633
10,10,23.98832919019491,6.495757993875912E-6,1.545791359348875
10,10,25.11886431509581,6.801900073650289E-6,1.5457913801619656
10,10,26.302679918953814,7.122471143036244E-6,1.5457914029957542
10,10,27.542287033381662,7.458151370132852E-6,1.5457914280704956
10,10,28.84031503126606,7.80965298430808E-6,1.54579145558092
10,10,30.19951720402016,8.177721802992384E-6,1.5457914857350579
10,10,31.622776601683793,8.563138821216006E-6,1.5457915187719569
10,10,33.11311214825911,8.966721883020906E-6,1.5457915549786796
10,10,34.673685045253166,9.389327450070669E-6,1.5457915947598073
10,10,36.30780547701014,9.831852286964707E-6,1.5457916383033674
10,10,38.018939632056124,1.0295235582084528E-5,1.5457916860939234
10,10,39.810717055349734,1.0780460724623461E-5,1.5457917383938566
10,10,41.68693834703355,1.1288557621562062E-5,1.5457917957395273
10,10,43.65158322401661,1.1820604814425868E-5,1.5457918587394126
10,10,45.708818961487516,1.2377731582678023E-5,1.5457919277221313
10,10,47.86300923226383,1.2961120678568304E-5,1.54579200335889
10,10,50.11872336272722,1.3572010728227812E-5,1.545792086402903
10,10,52.48074602497726,1.421169869549703E-5,1.5457921774007615
10,10,54.954087385762456,1.488154295417926E-5,1.5457922771982682
10,10,57.543993733715695,1.5582966020551953E-5,1.5457923866426893
10,10,60.25595860743578,1.6317457666822215E-5,1.5457925066980414
10,10,63.09573444801933,1.7086578049846916E-5,1.5457926383507719
10,10,66.06934480075961,1.789196110346523E-5,1.5457927826878377
10,10,69.18309709189366,1.8735318137462483E-5,1.545792941003819
10,10,72.44359600749902,1.9618441371347593E-5,1.5457931146145598
10,10,75.8577575029184,2.054320786688151E-5,1.545793304969647
10,10,79.43282347242817,2.1511583668744434E-5,1.5457935137415206
10,10,83.17637711026708,2.2525627882054206E-5,1.5457937426546782
10,10,87.09635899560806,2.3587497510547197E-5,1.545793993869231
10,10,91.20108393559097,2.4699451339929876E-5,1.5457942692219426
10,10,95.49925860214358,2.5863856034882488E-5,1.5457945713578833
10,10,100,2.708319011950155E-5,1.5457949026535636
10,10,104.71285480508996,2.836005019797923E-5,1.5457952659625216
10,10,109.64781961431851,2.9697156497082753E-5,1.5457956644696629
10,10,114.81536214968828,3.109735876157298E-5,1.545796101635038
10,10,120.22644346174131,3.2563642317932295E-5,1.5457965810650094
10,10,125.89254117941675,3.409913536528475E-5,1.5457971070096097
10,10,131.82567385564073,3.5707115324692405E-5,1.5457976839485374
10,10,138.03842646028852,3.739101637999366E-5,1.545798316780726
10,10,144.5439770745928,3.9154437827615707E-5,1.5457990112141886
10,10,151.35612484362088,4.1001150772054404E-5,1.5457997729534056
10,10,158.48931924611142,4.293510875388472E-5,1.545800608907484
10,10,165.95869074375614,4.496045489650016E-5,1.5458015261619018
10,10,173.78008287493762,4.708153201455687E-5,1.5458025323830393
10,10,181.97008586099844,4.930289521589735E-5,1.5458036370194885
10,10,190.54607179632484,5.162931842462539E-5,1.5458048493633205
10,10,199.52623149688807,5.4065808662934776E-5,1.5458061800415135
10,10,208.92961308540387,5.661761754499914E-5,1.5458076408121462
10,10,218.77616239495518,5.929025380762651E-5,1.5458092445549423
10,10,229.08676527677724,6.208949753117921E-5,1.545811005612175
10,10,239.88329190194898,6.502141668999701E-5,1.545812940578755
10,10,251.18864315095797,6.809237319824669E-5,1.54581506522925
10,10,263.02679918953817,7.130905052456021E-5,1.5458173986238704
10,10,275.4228703338166,7.467846883152408E-5,1.5458199622287623
10,10,288.40315031266056,7.820800259042994E-5,1.5458227796512856
10,10,301.9951720402016,8.19053990377038E-5,1.5458258763516857
10,10,316.22776601683796,8.577880356503888E-5,1.5458292809015524
10,10,331.1311214825911,8.983679169487979E-5,1.5458330271974934
10,10,346.73685045253166,9.408835876162467E-5,1.545837145873902
10,10,363.0780547701014,9.854300195786738E-5,1.545841678153755
10,10,380.1893963205613,1.0321071450349124E-4,1.5458466670958075
10,10,398.1071705534973,1.0810203033542428E-4,1.545852160857438
10,10,416.8693834703355,1.1322805900943439E-4,1.545858212804695
10,10,436.5158322401661,1.1860052832856778E-4,1.5458648825468868
10,10,457.0881896148752,1.2423181677293822E-4,1.5458722343934501
10,10,478.6300923226385,1.3013395669451194E-4,1.5458801631139996
10,10,501.18723362727246,1.3632237351094773E-4,1.545889024849495
10,10,524.8074602497728,1.428117362705866E-4,1.5458988949982069
10,10,549.5408738576248,1.4961727043969982E-4,1.5459098114114314
10,10,575.4399373371573,1.5675558424009439E-4,1.5459218908246601
10,10,602.5595860743581,1.6424445031682942E-4,1.545935275371337
10,10,630.9573444801937,1.7210276117272613E-4,1.5459501128649054
10,10,660.6934480075957,1.8035084346808638E-4,1.5459665842293966
10,10,691.8309709189363,1.8901055133432008E-4,1.5459848969200645
10,10,724.4359600749899,1.9810535366221975E-4,1.5460052775633404
10,10,758.5775750291835,2.0766075590284718E-4,1.54602799944738
10,10,794.3282347242813,2.177044896192734E-4,1.546053377270461
10,10,831.7637711026708,2.2826688254674613E-4,1.5460817772327111
10,10,870.9635899560806,2.3938135879298387E-4,1.5461136324527756
10,10,912.0108393559096,2.5108489541322615E-4,1.546149445957919
10,10,954.992586021436,2.6341881544039757E-4,1.5461898143733646
10,10,1000,2.7643018413155514E-4,1.54623548419892
10,10,1047.1285480508996,2.9017240682488275E-4,1.5462873238159993
10,10,1096.4781961431852,3.0470746235046513E-4,1.5463464033713028
10,10,1148.1536214968828,3.201083801214011E-4,1.5464140498643377
10,10,1202.2644346174131,3.364643140556313E-4,1.5464920199308632
10,10,1258.9254117941675,3.53878776674856E-4,1.5465821848195005
10,10,1318.2567385564075,3.724871783247455E-4,1.5466873190755666
10,10,1380.3842646028852,3.924616077813121E-4,1.5468108972987373
10,10,1445.439770745928,4.1403076535000334E-4,1.5469575400499416
10,10,1513.5612484362086,4.375094405083477E-4,1.547133497692919
10,10,1584.893192461114,4.633498748591806E-4,1.5473474318695084
10,10,1659.5869074375614,4.922351765770789E-4,1.5476116525523145
10,10,1737.8008287493763,5.25262326713645E-4,1.5479441523858584
10,10,1819.7008586099844,5.643334944173946E-4,1.5483719548568002
10,10,1905.4607179632483,6.130975230573662E-4,1.5489363053441358
10,10,1995.262314968881,6.796211851600425E-4,1.549697563202393
10,10,2089.2961308540407,7.86133148008649E-4,1.5507086555520329
10,10,2187.761623949552,0.0010249468793697386,1.5515404551589382
10,10,2290.8676527677726,0.002874635256847815,1.5302527927068257
10,10,2398.83291901949,2.464960794537491E-4,-1.4579293399927276
10,10,2511.88643150958,2.6651212962332726E-4,1.5006416301585193
10,10,2630.2679918953813,4.254138342007756E-4,1.5277887841008881
10,10,2754.2287033381663,5.16513582809766E-4,1.5344244831647167
10,10,2884.031503126606,5.836932768566747E-4,1.53734956178417
10,10,3019.9517204020162,6.403059092953096E-4,1.5389802600648799
10,10,3162.2776601683795,6.918239866812074E-4,1.5400146977140812
10,10,3311.311214825911,7.409353203928994E-4,1.5407271612647526
10,10,3467.368504525317,7.891399664006527E-4,1.5412468212358468
10,10,3630.780547701014,8.373635077912995E-4,1.5416423602718117
10,10,3801.8939632056126,8.862281019620197E-4,1.5419536558409477
10,10,3981.0717055349733,9.361855675600972E-4,1.542205477971553
10,10,4168.693834703355,9.875885965996835E-4,1.5424140769189978
10,10,4365.158322401661,0.0010407319699213676,1.5425906263123927
10,10,4570.881896148751,0.0010958786288631198,1.5427431536320055
10,10,4786.300923226385,0.0011532782909547653,1.542877696163025
10,10,5011.872336272725,0.0012131834959500495,1.5429990502273976
10,10,5248.074602497728,0.0012758674381247441,1.5431113195585973
10,10,5495.408738576249,0.0013416499188728243,1.5432184121814163
10,10,5754.399373371572,0.0014109446956897403,1.543324660037643
10,10,6025.5958607435805,0.001484363408519997,1.5434359083537061
10,10,6309.573444801937,0.001562989893295231,1.543562066936876
10,10,6606.9344800759645,0.0016492986211668439,1.5437248552742753
10,10,6918.309709189362,0.0017516818911339578,1.543990276038923
10,10,7244.359600749898,0.00194113031896932,1.5446598276133998
10,10,7585.775750291836,0.0016991789368662757,1.5405501516102234
10,10,7943.282347242814,0.0019097133118264802,1.5428959351604183
10,10,8317.63771102671,0.0020315680750781534,1.5433015989572856
10,10,8709.635899560806,0.002146261610914009,1.5435156187170251
10,10,9120.108393559096,0.0022632205801815693,1.5436796698363668
10,10,9549.92586021436,0.0023859169846910657,1.5438329742549788
10,10,10000,0.00251725167975712,1.5439968015557792
10,12,1,3.289003823258835E-7,1.5460681582790499
10,12,1.0471285480508996,3.444009816678615E-7,1.5460681583960274
10,12,1.096478196143185,3.6063210147228876E-7,1.5460681584925051
10,12,1.1481536214968828,3.776281701091894E-7,1.5460681585685143
10,12,1.202264434617413,3.954252391513914E-7,1.546068158659427
10,12,1.2589254117941673,4.140610585713739E-7,1.546068158765704
10,12,1.318256738556407,4.335751571092943E-7,1.5460681588702887
10,12,1.3803842646028848,4.5400892733914066E-7,1.5460681589931236
10,12,1.4454397707459274,4.754057117772821E-7,1.5460681591245726
10,12,1.5135612484362082,4.978108952030001E-7,1.5460681592321508
10,12,1.5848931924611136,5.212720035650263E-7,1.546068159386818
10,12,1.6595869074375607,5.458388005614996E-7,1.5460681595590768
10,12,1.7378008287493754,5.715633957247544E-7,1.5460681597486174
10,12,1.8197008586099834,5.985003551542788E-7,1.5460681599836716
10,12,1.9054607179632472,6.267068214965243E-7,1.5460681604537543
10,12,1.9952623149688795,6.562426129487697E-7,1.546068160748095
10,12,2.0892961308540396,6.87170383466306E-7,1.5460681610311413
10,12,2.1877616239495525,7.195557364822632E-7,1.5460681613497316
10,12,2.290867652767773,7.534673651215877E-7,1.546068161682595
10,12,2.3988329190194904,7.889772014619518E-7,1.546068162052338
10,12,2.51188643150958,8.261605666844978E-7,1.5460681624518493
10,12,2.6302679918953817,8.650963400576895E-7,1.5460681630892275
10,12,2.7542287033381663,9.058670965173784E-7,1.5460681636154645
10,12,2.884031503126606,9.485593217043274E-7,1.546068164168544
10,12,3.019951720402016,9.932635722628473E-7,1.5460681647576253
10,12,3.1622776601683795,1.040074677766568E-6,1.546068165497451
10,12,3.311311214825911,1.089091929199421E-6,1.5460681663336624
10,12,3.4673685045253166,1.1404192909078374E-6,1.546068167102395
10,12,3.630780547701014,1.1941656418348366E-6,1.5460681679303054
10,12,3.8018939632056115,1.2504449867760895E-6,1.5460681688335054
10,12,3.9810717055349722,1.309376702417723E-6,1.546068169810839
10,12,4.168693834703354,1.3710858091701386E-6,1.5460681711380635
10,12,4.36515832240166,1.4357031763008722E-6,1.5460681724020149
10,12,4.570881896148751,1.5033658887402143E-6,1.5460681739345126
10,12,4.786300923226384,1.5742174510702847E-6,1.5460681754614454
10,12,5.011872336272724,1.6484081723075568E-6,1.5460681772810125
10,12,5.248074602497725,1.726095402188527E-6,1.5460681791182496
10,12,5.495408738576246,1.8074439398137461E-6,1.5460681811274002
10,12,5.7543993733715695,1.892626348682998E-6,1.5460681834222008
10,12,6.025595860743578,1.9818233128615885E-6,1.5460681859644163
10,12,6.309573444801933,2.075224032887246E-6,1.5460681887315575
10,12,6.606934480075961,2.173026618126027E-6,1.5460681916190773
10,12,6.918309709189364,2.2754385638282725E-6,1.5460681950163335
10,12,7.244359600749901,2.38267707512718E-6,1.546068198615969
10,12,7.5857757502918375,2.494969633335997E-6,1.546068202502596
10,12,7.943282347242816,2.612554450791838E-6,1.5460682068281262
10,12,8.31763771102671,2.735680934808397E-6,1.5460682114733213
10,12,8.709635899560807,2.8646103042272684E-6,1.5460682167637212
10,12,9.120108393559097,2.9996160086982123E-6,1.5460682224024445
10,12,9.549925860214358,3.140984493098656E-6,1.5460682288722194
10,12,10,3.289015559499907E-6,1.5460682356481927
10,12,10.471285480508996,3.4440232602241305E-6,1.5460682430324664
10,12,10.964781961431852,3.606336471345042E-6,1.5460682514205824
10,12,11.481536214968829,3.776299454287844E-6,1.546068260500833
10,12,12.02264434617413,3.954272784038992E-6,1.5460682704769733
10,12,12.589254117941675,4.1406339919142645E-6,1.54606828133106
10,12,13.182567385564074,4.335778427836193E-6,1.5460682931718739
10,12,13.803842646028853,4.540120100486951E-6,1.5460683062145413
10,12,14.454397707459272,4.754092527736764E-6,1.5460683206199959
10,12,15.13561248436208,4.978149593854067E-6,1.5460683362481502
10,12,15.848931924611133,5.212766725377039E-6,1.5460683535891353
10,12,16.595869074375607,5.45844158960236E-6,1.5460683724050852
10,12,17.378008287493753,5.715695490764102E-6,1.546068393172322
10,12,18.197008586099834,5.985074200927683E-6,1.546068415923428
10,12,19.054607179632473,6.267149268002588E-6,1.54606844086751
10,12,19.952623149688797,6.562519176567439E-6,1.5460684681686314
10,12,20.892961308540396,6.871810688015398E-6,1.5460684981768509
10,12,21.87761623949553,7.195680054375487E-6,1.546068531038901
10,12,22.908676527677734,7.5348145019526014E-6,1.5460685669915772
10,12,23.98832919019491,7.889933763452367E-6,1.5460686065478446
10,12,25.11886431509581,8.261791400597146E-6,1.546068649885684
10,12,26.302679918953814,8.651176573803433E-6,1.5460686973541296
10,12,27.542287033381662,9.058915724107784E-6,1.5460687494324776
10,12,28.84031503126606,9.485874282433879E-6,1.5460688066029853
10,12,30.19951720402016,9.932958478960555E-6,1.546068869279749
10,12,31.622776601683793,1.040111728298129E-5,1.5460689378430668
10,12,33.11311214825911,1.0891344685790279E-5,1.5460690131852872
10,12,34.673685045253166,1.1404681374842097E-5,1.546069095741744
10,12,36.30780547701014,1.194221732444497E-5,1.546069186286646
10,12,38.018939632056124,1.2505093980734571E-5,1.5460692856197857
10,12,39.810717055349734,1.3094506595458053E-5,1.546069394381601
10,12,41.68693834703355,1.37117071394026E-5,1.5460695136921268
10,12,43.65158322401661,1.4358006671407884E-5,1.5460696445805289
10,12,45.708818961487516,1.5034778142813082E-5,1.5460697880021153
10,12,47.86300923226383,1.5743459686045788E-5,1.5460699453659166
10,12,50.11872336272722,1.648555737309601E-5,1.546070118015696
10,12,52.48074602497726,1.7262648513604785E-5,1.5460703073370816
10,12,54.954087385762456,1.8076385252441806E-5,1.546070515020853
10,12,57.543993733715695,1.8928497782927463E-5,1.5460707426234825
10,12,60.25595860743578,1.9820798626085914E-5,1.546070992224882
10,12,63.09573444801933,2.075518626130597E-5,1.5460712660397016
10,12,66.06934480075961,2.1733649225724115E-5,1.5460715664137166
10,12,69.18309709189366,2.275827032341475E-5,1.5460718957294408
10,12,72.44359600749902,2.3831231800236157E-5,1.5460722570261605
10,12,75.8577575029184,2.4954819304588927E-5,1.5460726532093274
10,12,79.43282347242817,2.613142770246691E-5,1.5460730878114728
10,12,83.17637711026708,2.7363565809571178E-5,1.5460735644966819
10,12,87.09635899560806,2.8653862433465184E-5,1.5460740874910703
10,12,91.20108393559097,3.0005071514370585E-5,1.5460746610481526
10,12,95.49925860214358,3.1420079320637265E-5,1.54607529026607
10,12,100,3.290191036234543E-5,1.5460759806560511
10,12,104.71285480508996,3.445373419420441E-5,1.5460767381658787
10,12,109.64781961431851,3.6078872391775264E-5,1.5460775690892417
10,12,114.81536214968828,3.7780807383685856E-5,1.5460784808665395
10,12,120.22644346174131,3.9563189395105604E-5,1.546079481418256
10,12,125.89254117941675,4.142984521596253E-5,1.546080579387176
10,12,131.82567385564073,4.338478758393362E-5,1.5460817844073231
10,12,138.03842646028852,4.543222443637276E-5,1.5460831070116927
10,12,144.5439770745928,4.757656931684676E-5,1.5460845588553291
10,12,151.35612484362088,4.982245188638527E-5,1.5460861527050542
10,12,158.48931924611142,5.217472948444766E-5,1.5460879025922198
10,12,165.95869074375614,5.46384996992326E-5,1.546089824117772
10,12,173.78008287493762,5.721911342780925E-5,1.5460919345760826
10,12,181.97008586099844,5.992218723809852E-5,1.5460942525436445
10,12,190.54607179632484,6.275362064023638E-5,1.546096798983684
10,12,199.52623149688807,6.571961187626737E-5,1.5460995973124791
10,12,208.92961308540387,6.882667235542746E-5,1.5461026726991576
10,12,218.77616239495518,7.208164819475878E-5,1.5461060533813284
10,12,229.08676527677724,7.549173937840862E-5,1.5461097706425042
10,12,239.88329190194898,7.906457129126035E-5,1.5461138727038897
10,12,251.18864315095797,8.280804440615226E-5,1.5461183768156663
10,12,263.02679918953817,8.673056983974596E-5,1.5461233293563084
10,12,275.4228703338166,9.084101728454994E-5,1.5461287820678604
10,12,288.40315031266056,9.514872372107023E-5,1.5461347873626912
10,12,301.9951720402016,9.966355125707186E-5,1.5461414050213382
10,12,316.22776601683796,1.0439591378214367E-4,1.5461487002703815
10,12,331.1311214825911,1.0935695724577429E-4,1.5461567719771845
10,12,346.73685045253166,1.1455811982558959E-4,1.5461656564176307
10,12,363.0780547701014,1.2001188173088684E-4,1.5461754685912938
10,12,380.1893963205613,1.2573138385403853E-4,1.546186313333232
10,12,398.1071705534973,1.3173060320662038E-4,1.5461983085451994
10,12,416.8693834703355,1.380244331633667E-4,1.5462115870032582
10,12,436.5158322401661,1.446287884914133E-4,1.546226300321563
10,12,457.0881896148752,1.5156068841994954E-4,1.5462426175694244
10,12,478.6300923226385,1.5883541872277186E-4,1.5462603314163856
10,12,501.18723362727246,1.6647706785623688E-4,1.5462802824702535
10,12,524.8074602497728,1.745067555636198E-4,1.546302676997688
10,12,549.5408738576248,1.8294665074326837E-4,1.5463276766199736
10,12,575.4399373371573,1.918219567131399E-4,1.5463556147855446
10,12,602.5595860743581,2.0116079658485638E-4,1.5463869303543654
10,12,630.9573444801937,2.1099368948454642E-4,1.5464220715658703
10,12,660.6934480075957,2.2135524210820413E-4,1.5464616312610175
10,12,691.8309709189363,2.322844648971769E-4,1.5465063141920854
10,12,724.4359600749899,2.4382520163595251E-4,1.5465569133753199
10,12,758.5775750291835,2.5602860166033315E-4,1.546614447565014
10,12,794.3282347242813,2.689543382284954E-4,1.546680147128698
10,12,831.7637711026708,2.82673439528008E-4,1.5467555377579858
10,12,870.9635899560806,2.972724823744026E-4,1.5468425604639309
10,12,912.0108393559096,3.128575979103223E-4,1.5469435949979793
10,12,954.992586021436,3.2956403600899095E-4,1.547061741692235
10,12,1000,3.475717174923406E-4,1.5472012370748183
10,12,1047.1285480508996,3.671209845825876E-4,1.5473675407575833
10,12,1096.4781961431852,3.8855117052643683E-4,1.5475681742000638
10,12,1148.1536214968828,4.1236311301518457E-4,1.547813696831112
10,12,1202.2644346174131,4.393474704494389E-4,1.5481197005679725
10,12,1258.9254117941675,4.707832646886764E-4,1.5485076855330269
10,12,1318.2567385564075,5.090430881262835E-4,1.5490118191141349
10,12,1380.3842646028852,5.589575104457531E-4,1.549682573140572
10,12,1445.439770745928,6.32298687658852E-4,1.5505844851996997
10,12,1513.5612484362086,7.67409593961908E-4,1.551672909481555
10,12,1584.893192461114,0.0012026011476330134,1.5504955226126453
10,12,1659.5869074375614,0.0018962891593657396,-1.5062971174514383
10,12,1737.8008287493763,6.673245886650126E-5,1.307105021695985
10,12,1819.7008586099844,2.9252851952735285E-4,1.5176242326682747
10,12,1905.4607179632483,3.957518884043604E-4,1.5310871998162099
10,12,1995.262314968881,4.636853564124763E-4,1.5357382756708897
10,12,2089.2961308540407,5.173071413328026E-4,1.5380598939823789
10,12,2187.761623949552,5.641860656429592E-4,1.5394414303185968
10,12,2290.8676527677726,6.077472749407035E-4,1.5403538446113483
10,12,2398.83291901949,6.497881793699263E-4,1.5409996128653358
10,12,2511.88643150958,6.913653987794144E-4,1.5414799939024346
10,12,2630.2679918953813,7.331576918781496E-4,1.5418511248379678
10,12,2754.2287033381663,7.756377946729271E-4,1.5421466601880616
10,12,2884.031503126606,8.191602310639116E-4,1.5423880478764713
10,12,3019.9517204020162,8.640102335463865E-4,1.542589670160611
10,12,3162.2776601683795,9.104334155892428E-4,1.5427616222460767
10,12,3311.311214825911,9.586557860510104E-4,1.5429113192734545
10,12,3467.368504525317,0.0010088996870794942,1.5430444971549189
10,12,3630.780547701014,0.001061399976285441,1.5431659049646635
10,12,3801.8939632056126,0.0011164257790747037,1.5432798792012468
10,12,3981.0717055349733,0.0011743180317417949,1.5433909848743148
10,12,4168.693834703355,0.0012355685641257655,1.5435050406382276
10,12,4365.158322401661,0.001301020103175687,1.543631361532922
10,12,4570.881896148751,0.0013724978193794515,1.5437891722873198
10,12,4786.300923226385,0.0014556145870014629,1.5440324728926582
10,12,5011.872336272725,0.0015854983022726568,1.544598258730828
10,12,5248.074602497728,0.0012744026706354881,1.5359345468010916
10,12,5495.408738576249,0.0015753352639140254,1.5427467545879763
10,12,5754.399373371572,0.001683929090764456,1.543280388266783
10,12,6025.5958607435805,0.001781230259961959,1.5435231068714457
10,12,6309.573444801937,0.0018792282834636093,1.5436966143896655
10,12,6606.9344800759645,0.0019817257019061406,1.5438542058143445
10,12,6918.309709189362,0.0020916903412238263,1.5440231103713857
10,12,7244.359600749898,0.0022140818068391716,1.5442327368324453
10,12,7585.775750291836,0.0023636774753713614,1.544535584738161
10,12,7943.282347242814,0.0026405765324396795,1.5447842792963413
10,12,8317.63771102671,0.001970682738662388,1.5297313730188598
10,12,8709.635899560806,0.002490950384136805,1.5422884813698254
10,12,9120.108393559096,0.002685472930939201,1.5432882696526113
10,12,9549.92586021436,0.0028557879361719024,1.5437243382900245
10,12,10000,0.0030271742509966767,1.544033603634076
10,15,1,4.1720486396136134E-7,1.546395711738599
10,15,1.0471285480508996,4.368671277913158E-7,1.5463957119517733
10,15,1.096478196143185,4.5745604417959133E-7,1.5463957120901852
10,15,1.1481536214968828,4.790152877983901E-7,1.5463957122863856
10,15,1.202264434617413,5.01590587825096E-7,1.5463957125021757
10,15,1.2589254117941673,5.252298305255836E-7,1.5463957127692984
10,15,1.318256738556407,5.499831567288945E-7,1.546395713030293
10,15,1.3803842646028848,5.759030726228979E-7,1.546395713340393
10,15,1.4454397707459274,6.030445571331603E-7,1.5463957136513136
10,15,1.5135612484362082,6.314651795429402E-7,1.546395713921763
10,15,1.5848931924611136,6.612252281759937E-7,1.5463957142936053
10,15,1.6595869074375607,6.923878269646234E-7,1.5463957147191447
10,15,1.7378008287493754,7.250190757453885E-7,1.5463957151838517
10,15,1.8197008586099834,7.591881923145415E-7,1.5463957157502135
10,15,1.9054607179632472,7.949676730527977E-7,1.5463957169145697
10,15,1.9952623149688795,8.324333742804823E-7,1.5463957176539802
10,15,2.0892961308540396,8.716647791032942E-7,1.5463957183533033
10,15,2.1877616239495525,9.127451080525494E-7,1.5463957191335058
10,15,2.290867652767773,9.557614970728582E-7,1.5463957199621188
10,15,2.3988329190194904,1.0008051911014884E-6,1.5463957208656447
10,15,2.51188643150958,1.0479717352814837E-6,1.5463957218520177
10,15,2.6302679918953817,1.097361202817374E-6,1.5463957234283396
10,15,2.7542287033381663,1.149078312896518E-6,1.54639572471937
10,15,2.884031503126606,1.2032327820956752E-6,1.546395726074987
10,15,3.019951720402016,1.259939483972052E-6,1.546395727558119
10,15,3.1622776601683795,1.319318715134521E-6,1.546395729374627
10,15,3.311311214825911,1.381496426521557E-6,1.5463957314688028
10,15,3.4673685045253166,1.446604475817513E-6,1.546395733358746
10,15,3.630780547701014,1.5147809927041715E-6,1.5463957354391284
10,15,3.8018939632056115,1.5861705884481022E-6,1.5463957376780775
10,15,3.9810717055349722,1.6609246944334145E-6,1.5463957401013808
10,15,4.168693834703354,1.7392019295039962E-6,1.5463957433525328
10,15,4.36515832240166,1.8211682604054034E-6,1.546395746498408
10,15,4.570881896148751,1.9069976144848433E-6,1.5463957502664172
10,15,4.786300923226384,1.9968719955307124E-6,1.5463957540206588
10,15,5.011872336272724,2.090982114871626E-6,1.5463957585091934
10,15,5.248074602497725,2.1895275371742955E-6,1.546395763083517
10,15,5.495408738576246,2.292717346326006E-6,1.546395768238752
10,15,5.7543993733715695,2.400770396328172E-6,1.5463957736473664
10,15,6.025595860743578,2.5139159656345373E-6,1.5463957799617771
10,15,6.309573444801933,2.632394024045421E-6,1.5463957868171452
10,15,6.606934480075961,2.756455888418274E-6,1.5463957941962503
10,15,6.918309709189364,2.8863647553430163E-6,1.5463958023242286
10,15,7.244359600749901,3.0223961989015116E-6,1.5463958112190237
10,15,7.5857757502918375,3.1648387733883922E-6,1.5463958208257298
10,15,7.943282347242816,3.313994685712499E-6,1.5463958314508066
10,15,8.31763771102671,3.470180313552068E-6,1.54639584291398
10,15,8.709635899560807,3.6337271134846185E-6,1.5463958560245008
10,15,9.120108393559097,3.8049818902800966E-6,1.5463958699631708
10,15,9.549925860214358,3.9843081552139E-6,1.5463958859391864
10,15,10,4.17208611359404E-6,1.5463959027598462
10,15,10.471285480508996,4.368714212846935E-6,1.5463959209625142
10,15,10.964781961431852,4.574609819367032E-6,1.5463959416437318
10,15,11.481536214968829,4.790209599925415E-6,1.546395964115765
10,15,12.02264434617413,5.015971055948547E-6,1.5463959888435141
10,15,12.589254117941675,5.252373101813836E-6,1.5463960156211287
10,15,13.182567385564074,5.4999173890328275E-6,1.5463960448851954
10,15,13.803842646028853,5.7591293010954055E-6,1.5463960773499985
10,15,14.454397707459272,6.0305587340320805E-6,1.5463961127220518
10,15,15.13561248436208,6.3147816688230315E-6,1.5463961513099072
10,15,15.848931924611133,6.612401564113879E-6,1.546396194420685
10,15,16.595869074375607,6.924049578194344E-6,1.5463962408870593
10,15,17.378008287493753,7.250387475219147E-6,1.5463962922005454
10,15,18.197008586099834,7.592107817528779E-6,1.5463963485208694
10,15,19.054607179632473,7.949935773099869E-6,1.5463964098793639
10,15,19.952623149688797,8.324631198421181E-6,1.5463964775613779
10,15,20.892961308540396,8.716989380126123E-6,1.5463965517301497
10,15,21.87761623949553,9.127843279948469E-6,1.546396632910602
10,15,22.908676527677734,9.558065232016602E-6,1.5463967217973102
10,15,23.98832919019491,1.0008568854129273E-5,1.5463968192937638
10,15,25.11886431509581,1.048031106069002E-5,1.546396926609524
10,15,26.302679918953814,1.0974293566809043E-5,1.5463970441528183
10,15,27.542287033381662,1.1491565656173E-5,1.5463971728850856
10,15,28.84031503126606,1.2033226336411012E-5,1.5463973140368428
10,15,30.19951720402016,1.2600426651619903E-5,1.5463974690073443
10,15,31.622776601683793,1.319437182442729E-5,1.5463976387996914
10,15,33.11311214825911,1.381632435017394E-5,1.5463978249289385
10,15,34.673685045253166,1.4467606697782516E-5,1.5463980292834225
10,15,36.30780547701014,1.5149603688434555E-5,1.5463982534137595
10,15,38.018939632056124,1.5863765678182936E-5,1.5463984989117818
10,15,39.810717055349734,1.661161236225809E-5,1.5463987682617129
10,15,41.68693834703355,1.7394734920421523E-5,1.5463990633049183
10,15,43.65158322401661,1.821480110567024E-5,1.5463993873105386
10,15,45.708818961487516,1.9073556915898704E-5,1.546399742525534
10,15,47.86300923226383,1.997283184993882E-5,1.546400131985865
10,15,50.11872336272722,2.0914542965287572E-5,1.5464005594578492
10,15,52.48074602497726,2.190069798506089E-5,1.5464010282580212
10,15,54.954087385762456,2.2933401020102703E-5,1.5464015426253428
10,15,57.543993733715695,2.401485607566827E-5,1.5464021065911544
10,15,60.25595860743578,2.5147373451310686E-5,1.546402725353353
10,15,63.09573444801933,2.6333373568120902E-5,1.54640340405933
10,15,66.06934480075961,2.757539351133056E-5,1.546404148773817
10,15,69.18309709189366,2.887609209761127E-5,1.5464049659005334
10,15,72.44359600749902,3.0238256048858627E-5,1.5464058623446295
10,15,75.8577575029184,3.1664806972170246E-5,1.546406845934275
10,15,79.43282347242817,3.315880827758477E-5,1.5464079255151242
10,15,83.17637711026708,3.4723470881556355E-5,1.5464091100167925
10,15,87.09635899560806,3.636216320468037E-5,1.546410410096919
10,15,91.20108393559097,3.807841726794564E-5,1.5464118369196425
10,15,95.49925860214358,3.987593902632215E-5,1.5464134032834453
10,15,100,4.1758616023467184E-5,1.546415122872981
10,15,104.71285480508996,4.373052871352971E-5,1.5464170112121476
10,15,109.64781961431851,4.5795958003882086E-5,1.5464190843880539
10,15,114.81536214968828,4.7959401891000344E-5,1.5464213618783418
10,15,120.22644346174131,5.02255803103336E-5,1.546423863360917
10,15,125.89254117941675,5.259945313039333E-5,1.5464266114235024
10,15,131.82567385564073,5.5086232951597025E-5,1.5464296312306618
10,15,138.03842646028852,5.76913984806588E-5,1.5464329502410166
10,15,144.5439770745928,6.0420712541233726E-5,1.5464365992458495
10,15,151.35612484362088,6.32802367989351E-5,1.5464406117535494
10,15,158.48931924611142,6.627635291643504E-5,1.5464450252056783
10,15,165.95869074375614,6.941578238944556E-5,1.5464498811174308
10,15,173.78008287493762,7.270561370878642E-5,1.5464552269167384
10,15,181.97008586099844,7.615331236961089E-5,1.5464611121046
10,15,190.54607179632484,7.976676938813462E-5,1.5464675951595743
10,15,199.52623149688807,8.355431634343815E-5,1.5464747397280674
10,15,208.92961308540387,8.752476814437374E-5,1.5464826178999664
10,15,218.77616239495518,9.168744887823222E-5,1.5464913081566949
10,15,229.08676527677724,9.605227224292592E-5,1.5465009052413865
10,15,239.88329190194898,1.0062985966351278E-4,1.5465115343897462
10,15,251.18864315095797,1.0543119155201778E-4,1.5465232680178045
10,15,263.02679918953817,1.1046816533116182E-4,1.5465362357727257
10,15,275.4228703338166,1.1575354228011181E-4,1.5465505946405684
10,15,288.40315031266056,1.213009322436812E-4,1.5465665115937899
10,15,301.9951720402016,1.2712494025109565E-4,1.5465841759134946
10,15,316.22776601683796,1.3324128906546618E-4,1.5466038032154101
10,15,331.1311214825911,1.3966750056255931E-4,1.5466257196123652
10,15,346.73685045253166,1.4642110641309832E-4,1.5466500701752113
10,15,363.0780547701014,1.5352262402136747E-4,1.5466772478614987
10,15,380.1893963205613,1.6099416026950968E-4,1.5467076429320543
10,15,398.1071705534973,1.6886011993835353E-4,1.5467417109133197
10,15,416.8693834703355,1.7714759309768016E-4,1.5467799809604972
10,15,436.5158322401661,1.8588702595468066E-4,1.546823087245535
10,15,457.0881896148752,1.9511278282535293E-4,1.5468717723544778
10,15,478.6300923226385,2.0485261959794153E-4,1.546925785133833
10,15,501.18723362727246,2.151693325123631E-4,1.5469879969381206
10,15,524.8074602497728,2.2611613235245487E-4,1.5470595992327185
10,15,549.5408738576248,2.3775442582138086E-4,1.5471419144917868
10,15,575.4399373371573,2.5016318063548267E-4,1.5472370047271677
10,15,602.5595860743581,2.6344363520834337E-4,1.5473476839177298
10,15,630.9573444801937,2.777229847714685E-4,1.5474773535413744
10,15,660.6934480075957,2.931727631151983E-4,1.5476307088125103
10,15,691.8309709189363,3.10028919378696E-4,1.5478140575512294
10,15,724.4359600749899,3.286250394424944E-4,1.5480358150313163
10,15,758.5775750291835,3.4946585901293606E-4,1.5483080500727042
10,15,794.3282347242813,3.733529253681524E-4,1.5486480730138914
10,15,831.7637711026708,4.0165740002566345E-4,1.54908142890175
10,15,870.9635899560806,4.36963778357489E-4,1.549646461959047
10,15,912.0108393559096,4.848049375007668E-4,1.5503976811809779
10,15,954.992586021436,5.596920690396477E-4,1.5513859481500083
10,15,1000,7.162527493797058E-4,1.5523480068114413
10,15,1047.1285480508996,0.0014954722099526623,1.544621615555415
10,15,1096.4781961431852,4.8572482953722845E-4,-1.5145230701469876
10,15,1148.1536214968828,1.1298549763931649E-4,1.4527053374833057
10,15,1202.2644346174131,2.580563148883645E-4,1.5217594017365892
10,15,1258.9254117941675,3.340383052045691E-4,1.5321384718523983
10,15,1318.2567385564075,3.8713513622475575E-4,1.5361967661297518
10,15,1380.3842646028852,4.302999066895542E-4,1.5383334048540738
10,15,1445.439770745928,4.6862477367761324E-4,1.5396435673787254
10,15,1513.5612484362086,5.045351786992588E-4,1.5405255030173772
10,15,1584.893192461114,5.393527140376944E-4,1.5411579883759012
10,15,1659.5869074375614,5.738751480062361E-4,1.5416329830962772
10,15,1737.8008287493763,6.086270819397399E-4,1.542002582047596
10,15,1819.7008586099844,6.439809735289438E-4,1.5422985286709696
10,15,1905.4607179632483,6.80220985670137E-4,1.54254132382313
10,15,1995.262314968881,7.175795101435845E-4,1.5427448773686132
10,15,2089.2961308540407,7.562600832971573E-4,1.5429190684204195
10,15,2187.761623949552,7.964536379828175E-4,1.543071253330016
10,15,2290.8676527677726,8.383527274013284E-4,1.5432072352260786
10,15,2398.83291901949,8.82167674258385E-4,1.5433319698214536
10,15,2511.88643150958,9.28151267048501E-4,1.5434502209051464
10,15,2630.2679918953813,9.76645993889215E-4,1.5435674125777923
10,15,2754.2287033381663,0.001028194109903184,1.5436912337105455
10,15,2884.031503126606,0.0010838513073650165,1.5438357022926903
10,15,3019.9517204020162,0.0011463679211791019,1.5440348773970882
10,15,3162.2776601683795,0.0012275298926382322,1.544410948485011
10,15,3311.311214825911,0.0016549334555792158,1.5432354457689286
10,15,3467.368504525317,0.0012210195991560885,1.5422697748122491
10,15,3630.780547701014,0.0013254636580298403,1.5432503484730156
10,15,3801.8939632056126,0.0014060881465269386,1.5435620017042706
10,15,3981.0717055349733,0.0014848833739362541,1.5437560301155995
10,15,4168.693834703355,0.001566444665847032,1.543920075855895
10,15,4365.158322401661,0.001653396125310186,1.5440885058863367
10,15,4570.881896148751,0.0017491619225403702,1.544290241852746
10,15,4786.300923226385,0.0018615858760050769,1.5445702599373299
10,15,5011.872336272725,0.002020522857552204,1.5450055410513484
10,15,5248.074602497728,0.0026084910050903944,1.5424015951744487
10,15,5495.408738576249,0.0017126639267654752,1.5360721615674335
10,15,5754.399373371572,0.0020135262183736593,1.5417637969895386
10,15,6025.5958607435805,0.0021707097125573385,1.542761279315847
10,15,6309.573444801937,0.002306744627453386,1.543201319661672
10,15,6606.9344800759645,0.0024396467295538958,1.543475684777732
10,15,6918.309709189362,0.0025752492153357136,1.5436848181854514
10,15,7244.359600749898,0.002716489258759405,1.5438675689608974
10,15,7585.775750291836,0.0028655034361059722,1.5440439943639543
10,15,7943.282347242814,0.0030243943050755114,1.5442277245598448
10,15,8317.63771102671,0.0031957300490758757,1.5444309684880904
10,15,8709.635899560806,0.003383152996250524,1.5446676137581234
10,15,9120.108393559096,0.003592481182191416,1.5449564496338744
10,15,9549.92586021436,0.0038341831463094547,1.5453260471811325
10,15,10000,0.004130063341454149,1.5458231056013485
10,20,1,5.661791200877246E-7,1.546780140857225
10,20,1.0471285480508996,5.928623349715824E-7,1.5467801413824496
10,20,1.096478196143185,6.208031090893162E-7,1.5467801425011782
10,20,1.1481536214968828,6.500606775835253E-7,1.5467801431189216
10,20,1.202264434617413,6.80697116683213E-7,1.5467801438245266
10,20,1.2589254117941673,7.127774130791491E-7,1.546780144684736
10,20,1.318256738556407,7.463696084197908E-7,1.5467801455365566
10,20,1.3803842646028848,7.815449616902009E-7,1.5467801465289857
10,20,1.4454397707459274,8.183780819327984E-7,1.5467801475673848
10,20,1.5135612484362082,8.569470868409118E-7,1.5467801483913115
10,20,1.5848931924611136,8.97333810482978E-7,1.5467801495965998
10,20,1.6595869074375607,9.396239122551484E-7,1.5467801509658028
10,20,1.7378008287493754,9.839070933052379E-7,1.5467801524520293
10,20,1.8197008586099834,1.0302772971266626E-6,1.5467801542772102
10,20,1.9054607179632472,1.0788329672119505E-6,1.5467801580557996
10,20,1.9952623149688795,1.1296769294108766E-6,1.5467801604531244
10,20,2.0892961308540396,1.1829170927841504E-6,1.5467801627324904
10,20,2.1877616239495525,1.2386664088989533E-6,1.5467801652542637
10,20,2.290867652767773,1.297043125704452E-6,1.546780167945439
10,20,2.3988329190194904,1.3581710803663637E-6,1.5467801709185278
10,20,2.51188643150958,1.4221799294568087E-6,1.5467801741060914
10,20,2.6302679918953817,1.489205568449471E-6,1.5467801791624243
10,20,2.7542287033381663,1.5593899791026591E-6,1.5467801833405508
10,20,2.884031503126606,1.632882111831415E-6,1.546780187752067
10,20,3.019951720402016,1.7098378633695323E-6,1.5467801924646114
10,20,3.1622776601683795,1.790420475097886E-6,1.546780197504894
10,20,3.311311214825911,1.874801065395372E-6,1.5467802049420671
10,20,3.4673685045253166,1.9631582956321556E-6,1.5467802110470585
10,20,3.630780547701014,2.0556797519791447E-6,1.5467802176649827
10,20,3.8018939632056115,2.152561723245071E-6,1.5467802250814628
10,20,3.9810717055349722,2.2540096773114174E-6,1.5467802328504596
10,20,4.168693834703354,2.36023907545082E-6,1.5467802433390914
10,20,4.36515832240166,2.4714749170106387E-6,1.5467802534211625
10,20,4.570881896148751,2.5879534806500477E-6,1.54678026574337
10,20,4.786300923226384,2.7099215532684453E-6,1.5467802778453923
10,20,5.011872336272724,2.837638208343377E-6,1.5467802923615823
10,20,5.248074602497725,2.971374091578035E-6,1.5467803071091513
10,20,5.495408738576246,3.11141304605654E-6,1.5467803231580695
10,20,5.7543993733715695,3.2580522720986817E-6,1.546780341268718
10,20,6.025595860743578,3.4116029040694538E-6,1.5467803616799822
10,20,6.309573444801933,3.5723905943174754E-6,1.5467803837130383
10,20,6.606934480075961,3.740756318581298E-6,1.5467804066809208
10,20,6.918309709189364,3.917057845833777E-6,1.5467804337434867
10,20,7.244359600749901,4.101668781143111E-6,1.5467804624835797
10,20,7.5857757502918375,4.294980914737316E-6,1.546780493554509
10,20,7.943282347242816,4.4974045161604105E-6,1.5467805276061721
10,20,8.31763771102671,4.709369142667886E-6,1.5467805649425341
10,20,8.709635899560807,4.9313248825915915E-6,1.5467806070149255
10,20,9.120108393559097,5.163742289484752E-6,1.5467806520714236
10,20,9.549925860214358,5.407115239218349E-6,1.5467807029602134
10,20,10,5.661959514799918E-6,1.5467807570828136
10,20,10.471285480508996,5.928816537731103E-6,1.5467808168522625
10,20,10.964781961431852,6.208253006125339E-6,1.5467808834695194
10,20,11.481536214968829,6.50086148954696E-6,1.5467809553184406
10,20,12.02264434617413,6.807263843918727E-6,1.546781035061863
10,20,12.589254117941675,7.1281100479669975E-6,1.5467811215564855
10,20,13.182567385564074,7.464081742153455E-6,1.5467812165727843
10,20,13.803842646028853,7.815892115813464E-6,1.5467813201023939
10,20,14.454397707459272,8.184289093037425E-6,1.5467814349117877
10,20,15.13561248436208,8.570054591532677E-6,1.546781560269078
10,20,15.848931924611133,8.974008754043984E-6,1.546781698696619
10,20,16.595869074375607,9.397008684727654E-6,1.5467818485222777
10,20,17.378008287493753,9.839954759837556E-6,1.5467820142922089
10,20,18.197008586099834,1.030378730481134E-5,1.5467821948488554
10,20,19.054607179632473,1.0789493787912338E-5,1.5467823945246837
10,20,19.952623149688797,1.1298105381596516E-5,1.5467826117551038
10,20,20.892961308540396,1.1830705122946092E-5,1.5467828507718449
10,20,21.87761623949553,1.2388426671697936E-5,1.546783114406748
10,20,22.908676527677734,1.2972455131887895E-5,1.5467834017885789
10,20,23.98832919019491,1.3584035049263646E-5,1.5467837175017358
10,20,25.11886431509581,1.4224467889367251E-5,1.5467840627567477
10,20,26.302679918953814,1.4895119275612728E-5,1.546784442371213
10,20,27.542287033381662,1.55974178562968E-5,1.5467848585077504
10,20,28.84031503126606,1.6332861122285998E-5,1.5467853147373858
10,20,30.19951720402016,1.7103018687000934E-5,1.5467858157196643
10,20,31.622776601683793,1.7909534306538278E-5,1.546786365425066
10,20,33.11311214825911,1.8754129850071112E-5,1.5467869677053934
10,20,34.673685045253166,1.9638611989959686E-5,1.546787629351733
10,20,36.30780547701014,2.056486976068626E-5,1.5467883531272313
10,20,38.018939632056124,2.153489048961903E-5,1.5467891498139426
10,20,39.810717055349734,2.2550746539557707E-5,1.5467900204859713
10,20,41.68693834703355,2.3614621767073566E-5,1.5467909775922803
10,20,43.65158322401661,2.472879921986664E-5,1.546792028248902
10,20,45.708818961487516,2.5895671296062956E-5,1.5467931794594625
10,20,47.86300923226383,2.7117751072698716E-5,1.5467944426218476
10,20,50.11872336272722,2.8397676704446313E-5,1.5467958316766484
10,20,52.48074602497726,2.9738205021432244E-5,1.546797354008012
10,20,54.954087385762456,3.11422395527627E-5,1.5467990261997449
10,20,57.543993733715695,3.261282206635332E-5,1.546800862502859
10,20,60.25595860743578,3.415314300889044E-5,1.546802877421998
10,20,63.09573444801933,3.576656015212989E-5,1.5468050920746172
10,20,66.06934480075961,3.7456589853197E-5,1.5468075236093146
10,20,69.18309709189366,3.922693307204416E-5,1.5468101953689233
10,20,72.44359600749902,4.10814727272363E-5,1.5468131296928846
10,20,75.8577575029184,4.302429596086819E-5,1.5468163543541509
10,20,79.43282347242817,4.5059697609346866E-5,1.5468198982929198
10,20,83.17637711026708,4.7192201506385205E-5,1.5468237959816804
10,20,87.09635899560806,4.942655915093773E-5,1.546828080878943
10,20,91.20108393559097,5.176778515361844E-5,1.5468327948109184
10,20,95.49925860214358,5.42211608510151E-5,1.5468379825650553
10,20,100,5.679224667356456E-5,1.5468436905012501
10,20,104.71285480508996,5.9486924498426706E-5,1.5468499755294296
10,20,109.64781961431851,6.231140760161841E-5,1.5468569006998405
10,20,114.81536214968828,6.52722590986393E-5,1.5468645338350808
10,20,120.22644346174131,6.837642325228875E-5,1.5468729499521026
10,20,125.89254117941675,7.163126323369891E-5,1.54688223441814
10,20,131.82567385564073,7.504460265282822E-5,1.5468924854440662
10,20,138.03842646028852,7.86247377327114E-5,1.5469038076355655
10,20,144.5439770745928,8.238053448363521E-5,1.5469163274408986
10,20,151.35612484362088,8.63214209745188E-5,1.5469301787612182
10,20,158.48931924611142,9.045750992898706E-5,1.5469455206441804
10,20,165.95869074375614,9.479962521751075E-5,1.546962528529105
10,20,173.78008287493762,9.935941879405939E-5,1.5469814047338224
10,20,181.97008586099844,1.041494690435482E-4,1.5470023809423303
10,20,190.54607179632484,1.0918340518529974E-4,1.547025722931038
10,20,199.52623149688807,1.1447609030552233E-4,1.547051741984774
10,20,208.92961308540387,1.2004375274711743E-4,1.5470807916361216
10,20,218.77616239495518,1.2590428841293024E-4,1.5471132892035482
10,20,229.08676527677724,1.3207753955880747E-4,1.5471497236905138
10,20,239.88329190194898,1.3858605149808128E-4,1.5471907246382142
10,20,251.18864315095797,1.4545432840682254E-4,1.5472368991727548
10,20,263.02679918953817,1.527108320726746E-4,1.5472890632136096
10,20,275.4228703338166,1.603885816779822E-4,1.5473482240298908
10,20,288.40315031266056,1.6852610188893032E-4,1.5474155908379372
10,20,301.9951720402016,1.771690748917358E-4,1.5474926374888842
10,20,316.22776601683796,1.863729064974765E-4,1.5475812106312832
10,20,331.1311214825911,1.9620750297676004E-4,1.5476837739336287
10,20,346.73685045253166,2.0675671451475964E-4,1.5478030158607556
10,20,363.0780547701014,2.1813385201432283E-4,1.547942866026553
10,20,380.1893963205613,2.3048976862421642E-4,1.5481083979110732
10,20,398.1071705534973,2.4403350756472945E-4,1.548306389332996
10,20,416.8693834703355,2.590673196094379E-4,1.5485461170205608
10,20,436.5158322401661,2.76050592386287E-4,1.5488405867166892
10,20,457.0881896148752,2.9572173253285635E-4,1.5492082829055
10,20,478.6300923226385,3.191701405131551E-4,1.5496671663329113
10,20,501.18723362727246,3.490987685398077E-4,1.5502701828554541
10,20,524.8074602497728,3.909988674844706E-4,1.5510692575182787
10,20,549.5408738576248,4.5997772096622756E-4,1.5520816306665512
10,20,575.4399373371573,6.196188550153714E-4,1.5527149814437304
10,20,602.5595860743581,0.0019477576342325296,1.528387720525904
10,20,630.9573444801937,2.3188857798185845E-4,-1.5037793566665936
10,20,660.6934480075957,9.851900715358424E-5,1.4696487277969474
10,20,691.8309709189363,1.9984287609277012E-4,1.5225190819942742
10,20,724.4359600749899,2.564348672977538E-4,1.532262101717291
10,20,758.5775750291835,2.9701354135864785E-4,1.5362470477266152
10,20,794.3282347242813,3.3038028047944237E-4,1.5383892224517557
10,20,831.7637711026708,3.6014883733937315E-4,1.5397183064343443
10,20,870.9635899560806,3.8809286761543136E-4,1.5406196921893656
10,20,912.0108393559096,4.15197082486624E-4,1.5412693158287114
10,20,954.992586021436,4.420634118449222E-4,1.5417586766396838
10,20,1000,4.690984830904089E-4,1.5421404988054275
10,20,1047.1285480508996,4.965867823394042E-4,1.5424466741260565
10,20,1096.4781961431852,5.247491014837564E-4,1.5426980563830663
10,20,1148.1536214968828,5.537671865989411E-4,1.5429088672197342
10,20,1202.2644346174131,5.838023349130109E-4,1.543089309296738
10,20,1258.9254117941675,6.150023524410997E-4,1.5432468034158933
10,20,1318.2567385564075,6.475233881870151E-4,1.5433874819745443
10,20,1380.3842646028852,6.815371974766718E-4,1.543516573898026
10,20,1445.439770745928,7.172565207882639E-4,1.5436392403619117
10,20,1513.5612484362086,7.549831679322476E-4,1.5437616280743398
10,20,1584.893192461114,7.952288281951096E-4,1.5438930604144372
10,20,1659.5869074375614,8.390958666313494E-4,1.544052205997768
10,20,1737.8008287493763,8.89974101228352E-4,1.5442911436250786
10,20,1819.7008586099844,9.69279889627931E-4,1.544844438991591
10,20,1905.4607179632483,7.908959110511621E-4,1.5373566087690194
10,20,1995.262314968881,9.657577050613093E-4,1.5431304286610148
10,20,2089.2961308540407,0.0010318166955608917,1.5436232127986118
10,20,2187.761623949552,0.0010914829211762516,1.5438550157815667
10,20,2290.8676527677726,0.0011518728945249972,1.5440264232696175
10,20,2398.83291901949,0.00121540008719404,1.5441878746044377
10,20,2511.88643150958,0.0012841505746728004,1.5443677986266495
10,20,2630.2679918953813,0.001361642085607723,1.5445988066395937
10,20,2754.2287033381663,0.0014571017032241188,1.544938805502862
10,20,2884.031503126606,0.0016110967098437567,1.545453322036034
10,20,3019.9517204020162,0.0030145308293138265,1.520238617092762
10,20,3162.2776601683795,0.0013194948608500992,1.5369781358232255
10,20,3311.311214825911,0.001529050665371293,1.5415293671922583
10,20,3467.368504525317,0.0016494070064558902,1.5425367533571652
10,20,3630.780547701014,0.0017530439678970114,1.5429866897464988
10,20,3801.8939632056126,0.001853026375245783,1.5432527792727373
10,20,3981.0717055349733,0.001953717518666141,1.543437958826428
10,20,4168.693834703355,0.0020571524921688257,1.5435822000957389
10,20,4365.158322401661,0.0021645585575753097,1.543704715815641
10,20,4570.881896148751,0.002276862687812733,1.5438164336479434
10,20,4786.300923226385,0.0023949159809454994,1.5439246805061762
10,20,5011.872336272725,0.0025196369669794197,1.5440353545201733
10,20,5248.074602497728,0.00265216044623055,1.544154256334157
10,20,5495.408738576249,0.0027940744162015573,1.5442883242963512
10,20,5754.399373371572,0.0029479164481470512,1.5444474038077662
10,20,6025.5958607435805,0.003118456146619041,1.5446475999499931
10,20,6309.573444801937,0.003316919816350962,1.5449180648927006
10,20,6606.9344800759645,0.003581441028348403,1.545300125652946
10,20,6918.309709189362,0.004222013024060318,1.5447323990313453
10,20,7244.359600749898,0.0028437828569454534,1.5295355804300657
10,20,7585.775750291836,0.0036375096524836727,1.5422655068730264
10,20,7943.282347242814,0.003976636377037215,1.543720853357378
10,20,8317.63771102671,0.004283896323449802,1.5444676225116103
10,20,8709.635899560806,0.004619031136735441,1.5451178254645233
10,20,9120.108393559096,0.005033043734906418,1.5458686388954468
10,20,9549.92586021436,0.005648439142981087,1.5468768913138675
10,20,10000,0.00706663235504933,1.5478192792504568
12,5,1,1.5555499432953515E-7,1.5447227185060624
12,5,1.0471285480508996,1.628860753710385E-7,1.5447227185083932
12,5,1.096478196143185,1.7056265961962122E-7,1.5447227185108534
12,5,1.1481536214968828,1.7860103014154088E-7,1.5447227185137056
12,5,1.202264434617413,1.870182373993373E-7,1.5447227185169434
12,5,1.2589254117941673,1.9583213541794857E-7,1.54472271852048
12,5,1.318256738556407,2.050614196525013E-7,1.5447227185238799
12,5,1.3803842646028848,2.1472566666461608E-7,1.5447227185283994
12,5,1.4454397707459274,2.248453756073222E-7,1.5447227185327916
12,5,1.5135612484362082,2.354420117407226E-7,1.5447227185370829
12,5,1.5848931924611136,2.465380519610875E-7,1.544722718542344
12,5,1.6595869074375607,2.581570324585077E-7,1.5447227185484143
12,5,1.7378008287493754,2.7032359864338873E-7,1.544722718554795
12,5,1.8197008586099834,2.830635574542449E-7,1.5447227185630619
12,5,1.9054607179632472,2.9640393212458346E-7,1.54472271857849
12,5,1.9952623149688795,3.103730192197377E-7,1.5447227185886245
12,5,2.0892961308540396,3.250004491154031E-7,1.5447227185987868
12,5,2.1877616239495525,3.4031724857940764E-7,1.544722718610887
12,5,2.290867652767773,3.563559065662267E-7,1.5447227186226409
12,5,2.3988329190194904,3.7315044324491433E-7,1.544722718635602
12,5,2.51188643150958,3.907364820819087E-7,1.544722718649658
12,5,2.6302679918953817,4.0915132553130975E-7,1.5447227186706212
12,5,2.7542287033381663,4.2843403379907336E-7,1.5447227186898893
12,5,2.884031503126606,4.486255081203601E-7,1.5447227187087151
12,5,3.019951720402016,4.697685773701482E-7,1.5447227187296866
12,5,3.1622776601683795,4.919080889012469E-7,1.5447227187554955
12,5,3.311311214825911,5.150910035542245E-7,1.5447227187841335
12,5,3.4673685045253166,5.393664953063019E-7,1.5447227188110697
12,5,3.630780547701014,5.64786055820586E-7,1.544722718840092
12,5,3.8018939632056115,5.914036034405124E-7,1.5447227188727455
12,5,3.9810717055349722,6.192755975287889E-7,1.5447227189073778
12,5,4.168693834703354,6.484611585649779E-7,1.544722718952278
12,5,4.36515832240166,6.790221927968086E-7,1.5447227189977628
12,5,4.570881896148751,7.110235244671253E-7,1.5447227190497954
12,5,4.786300923226384,7.445330325959112E-7,1.5447227191043518
12,5,5.011872336272724,7.796217955655211E-7,1.5447227191675665
12,5,5.248074602497725,8.163642411602657E-7,1.5447227192326127
12,5,5.495408738576246,8.548383052659283E-7,1.5447227193053479
12,5,5.7543993733715695,8.951255964734869E-7,1.5447227193829813
12,5,6.025595860743578,9.37311569825526E-7,1.5447227194718725
12,5,6.309573444801933,9.814857073600966E-7,1.5447227195684616
12,5,6.606934480075961,1.0277417084039962E-6,1.5447227196728044
12,5,6.918309709189364,1.0761776883143247E-6,1.5447227197871882
12,5,7.244359600749901,1.1268963864358264E-6,1.5447227199126208
12,5,7.5857757502918375,1.1800053840559454E-6,1.5447227200496296
12,5,7.943282347242816,1.2356173326880684E-6,1.5447227202000393
12,5,8.31763771102671,1.2938501928592113E-6,1.5447227203638276
12,5,8.709635899560807,1.354827484810594E-6,1.5447227205476712
12,5,9.120108393559097,1.418678549405474E-6,1.5447227207456822
12,5,9.549925860214358,1.4855388242469002E-6,1.5447227209696694
12,5,10,1.5555501284691814E-6,1.5447227212084609
12,5,10.471285480508996,1.628860966165315E-6,1.5447227214693957
12,5,10.964781961431852,1.7056268403315926E-6,1.5447227217602157
12,5,11.481536214968829,1.7860105818438996E-6,1.544722722078129
12,5,12.02264434617413,1.8701826960831147E-6,1.544722722426674
12,5,12.589254117941675,1.9583217238989502E-6,1.5447227228064153
12,5,13.182567385564074,2.0506146207304494E-6,1.5447227232201388
12,5,13.803842646028853,2.147257153583781E-6,1.5447227236765202
12,5,14.454397707459272,2.2484543153297484E-6,1.5447227241793782
12,5,15.13561248436208,2.354420759255779E-6,1.544722724725894
12,5,15.848931924611133,2.4653812570309754E-6,1.5447227253326814
12,5,16.595869074375607,2.5815711709815814E-6,1.5447227259913796
12,5,17.378008287493753,2.703236958239644E-6,1.5447227267159547
12,5,18.197008586099834,2.8306366901640347E-6,1.5447227275103408
12,5,19.054607179632473,2.964040601106962E-6,1.5447227283809926
12,5,19.952623149688797,3.103731661562315E-6,1.544722729335881
12,5,20.892961308540396,3.2500061784484544E-6,1.5447227303846052
12,5,21.87761623949553,3.4031744226440737E-6,1.544722731530986
12,5,22.908676527677734,3.5635612892580542E-6,1.5447227327878825
12,5,23.98832919019491,3.731506985724066E-6,1.5447227341688334
12,5,25.11886431509581,3.907367752443779E-6,1.5447227356820499
12,5,26.302679918953814,4.091516620461997E-6,1.5447227373418366
12,5,27.542287033381662,4.284344201248648E-6,1.5447227391599259
12,5,28.84031503126606,4.486259517003372E-6,1.544722741154702
12,5,30.19951720402016,4.697690867110334E-6,1.5447227433432633
12,5,31.622776601683793,4.919086736861063E-6,1.5447227457429613
12,5,33.11311214825911,5.1509167493489934E-6,1.5447227483733874
12,5,34.673685045253166,5.393672661947991E-6,1.5447227512567774
12,5,36.30780547701014,5.647869409848727E-6,1.5447227544188198
12,5,38.018939632056124,5.914046197621371E-6,1.5447227578846767
12,5,39.810717055349734,6.192767641970465E-6,1.5447227616746704
12,5,41.68693834703355,6.484624978045051E-6,1.5447227658360134
12,5,43.65158322401661,6.790237302407611E-6,1.5447227703977087
12,5,45.708818961487516,7.11025289513921E-6,1.544722775403057
12,5,47.86300923226383,7.445350590074914E-6,1.5447227808904183
12,5,50.11872336272722,7.796241220783904E-6,1.544722786911071
12,5,52.48074602497726,8.163669123685638E-6,1.54472279351231
12,5,54.954087385762456,8.548413721987716E-6,1.544722800750735
12,5,57.543993733715695,8.951291177508614E-6,1.5447228086852174
12,5,60.25595860743578,9.373156127896798E-6,1.5447228173895358
12,5,63.09573444801933,9.814903491815125E-6,1.5447228269301811
12,5,66.06934480075961,1.027747038018628E-5,1.5447228373944666
12,5,69.18309709189366,1.0761838076287246E-5,1.5447228488683675
12,5,72.44359600749902,1.1269034123763955E-5,1.5447228614477764
12,5,75.8577575029184,1.1800134509862943E-5,1.5447228752410256
12,5,79.43282347242817,1.23562659498535E-5,1.5447228903679981
12,5,83.17637711026708,1.2938608275293806E-5,1.544722906951339
12,5,87.09635899560806,1.3548396951039484E-5,1.544722925137336
12,5,91.20108393559097,1.4186925690004585E-5,1.5447229450783477
12,5,95.49925860214358,1.4855549207482678E-5,1.5447229669428182
12,5,100,1.5555686105740153E-5,1.5447229909246574
12,5,104.71285480508996,1.628882186985417E-5,1.5447230172140516
12,5,109.64781961431851,1.7056512051913085E-5,1.544723046038458
12,5,114.81536214968828,1.7860385568412676E-5,1.5447230776462573
12,5,120.22644346174131,1.8702148162963176E-5,1.544723112305906
12,5,125.89254117941675,1.9583586036206022E-5,1.5447231503083603
12,5,131.82567385564073,2.0506569657669397E-5,1.544723191981193
12,5,138.03842646028852,2.147305773368942E-5,1.5447232376734215
12,5,144.5439770745928,2.2485101398420346E-5,1.5447232877790866
12,5,151.35612484362088,2.35448485682294E-5,1.5447233427218023
12,5,158.48931924611142,2.4654548528148804E-5,1.544723402966301
12,5,165.95869074375614,2.5816556734225166E-5,1.5447234690261027
12,5,173.78008287493762,2.70333398428422E-5,1.5447235414686398
12,5,181.97008586099844,2.8307480957162086E-5,1.5447236209015445
12,5,190.54607179632484,2.964168518029454E-5,1.5447237080062317
12,5,199.52623149688807,3.103878538307688E-5,1.5447238035277908
12,5,208.92961308540387,3.250174824766242E-5,1.544723908267782
12,5,218.77616239495518,3.403368067447878E-5,1.5447240231289752
12,5,229.08676527677724,3.563783639454111E-5,1.5447241490867705
12,5,239.88329190194898,3.7317623819822115E-5,1.544724287736733
12,5,251.18864315095797,3.907661042652081E-5,1.5447244394444966
12,5,263.02679918953817,4.091853394519422E-5,1.544724605633217
12,5,275.4228703338166,4.284730910053501E-5,1.5447247878867367
12,5,288.40315031266056,4.486703567784457E-5,1.5447249877559945
12,5,301.9951720402016,4.6982007685899414E-5,1.5447252069557902
12,5,316.22776601683796,4.919672261906248E-5,1.5447254473593148
12,5,331.1311214825911,5.151589350687262E-5,1.5447257120453401
12,5,346.73685045253166,5.394445037198753E-5,1.5447260013154767
12,5,363.0780547701014,5.648756372189712E-5,1.5447263185817435
12,5,380.1893963205613,5.9150647619821046E-5,1.5447266665576143
12,5,398.1071705534973,6.193937358176222E-5,1.5447270482332063
12,5,416.8693834703355,6.485968306614447E-5,1.5447274669055229
12,5,436.5158322401661,6.791780045022138E-5,1.5447279261581877
12,5,457.0881896148752,7.112024676495386E-5,1.5447284298841257
12,5,478.6300923226385,7.447380069222325E-5,1.5447289657867969
12,5,501.18723362727246,7.798569441044045E-5,1.5447295624545612
12,5,524.8074602497728,8.166343199397284E-5,1.5447302249302148
12,5,549.5408738576248,8.551485288531319E-5,1.544730952184301
12,5,575.4399373371573,8.954819381230125E-5,1.5447317499986477
12,5,602.5595860743581,9.377209172734043E-5,1.5447326258378216
12,5,630.9573444801937,9.819559517170923E-5,1.54473358668639
12,5,660.6934480075957,1.0282819360636675E-4,1.544734641231261
12,5,691.8309709189363,1.0767983737869421E-4,1.5447357992544068
12,5,724.4359600749899,1.127609530327432E-4,1.5447370699808805
12,5,758.5775750291835,1.1808248137952848E-4,1.5447384650530893
12,5,794.3282347242813,1.2365589595049033E-4,1.5447399968526923
12,5,831.7637711026708,1.2949323287420066E-4,1.544741679012344
12,5,870.9635899560806,1.3560712323246768E-4,1.5447435269610414
12,5,912.0108393559096,1.4201081596568958E-4,1.5447455565335508
12,5,954.992586021436,1.4871821520237084E-4,1.5447477848800995
12,5,1000,1.557439464596435E-4,1.5447502351831706
12,5,1047.1285480508996,1.6310334258243464E-4,1.5447529284468018
12,5,1096.4781961431852,1.708125213332282E-4,1.5447558894653648
12,5,1148.1536214968828,1.7888842267255168E-4,1.5447591457782301
12,5,1202.2644346174131,1.873489283639148E-4,1.5447627366318355
12,5,1258.9254117941675,1.9621263881299875E-4,1.544766679052348
12,5,1318.2567385564075,2.0549933797700025E-4,1.5447710193468571
12,5,1380.3842646028852,2.1522977508521462E-4,1.5447757981324561
12,5,1445.439770745928,2.254258292179536E-4,1.5447810626901552
12,5,1513.5612484362086,2.361105641122955E-4,1.5447868651126986
12,5,1584.893192461114,2.4730831774995564E-4,1.5447932636520467
12,5,1659.5869074375614,2.5904479636474313E-4,1.5448003235827257
12,5,1737.8008287493763,2.7134717911656E-4,1.5448081181564026
12,5,1819.7008586099844,2.8424423685921503E-4,1.5448167298023388
12,5,1905.4607179632483,2.977664662410644E-4,1.5448262514821383
12,5,1995.262314968881,3.119462430843945E-4,1.5448367883098333
12,5,2089.2961308540407,3.268179992513027E-4,1.5448484594971146
12,5,2187.761623949552,3.4241842774008596E-4,1.5448614006559298
12,5,2290.8676527677726,3.5878675363747186E-4,1.544875768516049
12,5,2398.83291901949,3.759649029090976E-4,1.5448917368446284
12,5,2511.88643150958,3.9399801011637215E-4,1.544909511476448
12,5,2630.2679918953813,4.1293472256274846E-4,1.544929328316524
12,5,2754.2287033381663,4.328277294329577E-4,1.5449514613627093
12,5,2884.031503126606,4.5373438501749387E-4,1.5449762305936037
12,5,3019.9517204020162,4.7571748930941407E-4,1.5450040118686508
12,5,3162.2776601683795,4.988462814785566E-4,1.545035249590626
12,5,3311.311214825911,5.231977206824502E-4,1.5450704729511051
12,5,3467.368504525317,5.488581644758739E-4,1.5451103170679785
12,5,3630.780547701014,5.759256051305168E-4,1.5451555508043682
12,5,3801.8939632056126,6.04512703923731E-4,1.5452071138686425
12,5,3981.0717055349733,6.347509903339119E-4,1.5452661670092733
12,5,4168.693834703355,6.667967993833078E-4,1.5453341609535793
12,5,4365.158322401661,7.008398713399186E-4,1.545412932763794
12,5,4570.881896148751,7.371161477754879E-4,1.545504843093255
12,5,4786.300923226385,7.759273972301316E-4,1.545612975685246
12,5,5011.872336272725,8.176723848851839E-4,1.5457414339130038
12,5,5248.074602497728,8.628984446009367E-4,1.545895792616365
12,5,5495.408738576249,9.123910116958227E-4,1.5460838037531133
12,5,5754.399373371572,9.673384140036939E-4,1.5463165255035682
12,5,6025.5958607435805,0.0010296579424479613,1.5466101588276897
12,5,6309.573444801937,0.001102703527732697,1.5469889967976023
12,5,6606.9344800759645,0.0011930028496328299,1.547489551609735
12,5,6918.309709189362,0.0013153310026679265,1.54816120730056
12,5,7244.359600749898,0.0015121200339849258,1.5490120992928058
12,5,7585.775750291836,0.0019765219977032765,1.5491740897920567
12,5,7943.282347242814,0.00911172889434778,1.4682493926498383
12,5,8317.63771102671,9.126837664383211E-5,0.994908275888804
12,5,8709.635899560806,7.356197561780093E-4,1.518775258511306
12,5,9120.108393559096,9.78787949517293E-4,1.5320188670213841
12,5,9549.92586021436,0.001130649822241523,1.5362348765294753
12,5,10000,0.0012493012608025794,1.5382685598942474
12,10,1,3.214214814075042E-7,1.5455530390322139
12,10,1.0471285480508996,3.365696095002005E-7,1.5455530390554102
12,10,1.096478196143185,3.524316471630852E-7,1.5455530390971992
12,10,1.1481536214968828,3.6904123960492337E-7,1.5455530391344765
12,10,1.202264434617413,3.864336181412997E-7,1.545553039178113
12,10,1.2589254117941673,4.0464567442843264E-7,1.5455530392304164
12,10,1.318256738556407,4.237160384839874E-7,1.5455530392795744
12,10,1.3803842646028848,4.436851613667626E-7,1.5455530393409078
12,10,1.4454397707459274,4.645954001068751E-7,1.5455530394028567
12,10,1.5135612484362082,4.864911078438083E-7,1.5455530394531012
12,10,1.5848931924611136,5.094187290921175E-7,1.5455530395275516
12,10,1.6595869074375607,5.334268961284681E-7,1.5455530396109536
12,10,1.7378008287493754,5.585665335234094E-7,1.545553039702003
12,10,1.8197008586099834,5.848909661746917E-7,1.5455530398146073
12,10,1.9054607179632472,6.124560345107049E-7,1.5455530400454383
12,10,1.9952623149688795,6.413202020010869E-7,1.5455530401796413
12,10,2.0892961308540396,6.715446961525838E-7,1.5455530403190603
12,10,2.1877616239495525,7.031936275424471E-7,1.5455530404751798
12,10,2.290867652767773,7.36334127515704E-7,1.5455530406367233
12,10,2.3988329190194904,7.71036491984836E-7,1.5455530408153653
12,10,2.51188643150958,8.073743295594925E-7,1.5455530410145335
12,10,2.6302679918953817,8.454247212461557E-7,1.54555304132664
12,10,2.7542287033381663,8.852683707934863E-7,1.545553041577736
12,10,2.884031503126606,9.269897948706874E-7,1.5455530418455206
12,10,3.019951720402016,9.706774905806897E-7,1.5455530421365957
12,10,3.1622776601683795,1.0164241268596493E-6,1.5455530424779087
12,10,3.311311214825911,1.0643267405108578E-6,1.5455530429055675
12,10,3.4673685045253166,1.1144869326029808E-6,1.5455530432697864
12,10,3.630780547701014,1.1670111046764465E-6,1.545553043674868
12,10,3.8018939632056115,1.2220106680219804E-6,1.5455530441208978
12,10,3.9810717055349722,1.2796022836056052E-6,1.545553044594313
12,10,4.168693834703354,1.3399081199463872E-6,1.5455530452393393
12,10,4.36515832240166,1.4030560825800241E-6,1.5455530458507676
12,10,4.570881896148751,1.4691801277517319E-6,1.545553046599066
12,10,4.786300923226384,1.538420504846687E-6,1.5455530473375256
12,10,5.011872336272724,1.6109240934462806E-6,1.5455530482241349
12,10,5.248074602497725,1.6868446746631488E-6,1.545553049121926
12,10,5.495408738576246,1.7663432929898409E-6,1.5455530501084487
12,10,5.7543993733715695,1.8495885781993154E-6,1.5455530512015143
12,10,6.025595860743578,1.9367571099294145E-6,1.5455530524426344
12,10,6.309573444801933,2.028033782457116E-6,1.5455530537880382
12,10,6.606934480075961,2.1236122049317592E-6,1.5455530552074854
12,10,6.918309709189364,2.2236951277762695E-6,1.5455530568465354
12,10,7.244359600749901,2.3284948329416873E-6,1.5455530585978463
12,10,7.5857757502918375,2.4382336194564033E-6,1.5455530604862968
12,10,7.943282347242816,2.5531442689941827E-6,1.5455530625804672
12,10,8.31763771102671,2.673470521546019E-6,1.5455530648395848
12,10,8.709635899560807,2.7994676282665E-6,1.5455530674168998
12,10,9.120108393559097,2.9314028329611432E-6,1.5455530701620601
12,10,9.549925860214358,3.0695560204295007E-6,1.5455530732797906
12,10,10,3.2142202150901965E-6,1.5455530765926653
12,10,10.471285480508996,3.3657022920060187E-6,1.5455530802124544
12,10,10.964781961431852,3.524323594243105E-6,1.5455530842721321
12,10,11.481536214968829,3.6904205731555473E-6,1.5455530886634392
12,10,12.02264434617413,3.864345577667313E-6,1.5455530935293578
12,10,12.589254117941675,4.046467525799935E-6,1.545553098788544
12,10,13.182567385564074,4.237172762085029E-6,1.5455531045749156
12,10,13.803842646028853,4.436865818364195E-6,1.5455531109039928
12,10,14.454397707459272,4.645970318085366E-6,1.5455531179080664
12,10,15.13561248436208,4.8649298075426E-6,1.545553125508396
12,10,15.848931924611133,5.09420881500442E-6,1.5455531339731607
12,10,16.595869074375607,5.334293656995001E-6,1.5455531430961598
12,10,17.378008287493753,5.585693698179321E-6,1.545553153205987
12,10,18.197008586099834,5.848942222546742E-6,1.5455531642523739
12,10,19.054607179632473,6.124597689760239E-6,1.5455531763424122
12,10,19.952623149688797,6.413244895542129E-6,1.5455531896189945
12,10,20.892961308540396,6.715496184837639E-6,1.5455532041616855
12,10,21.87761623949553,7.031992808572024E-6,1.545553220179014
12,10,22.908676527677734,7.363406176169746E-6,1.5455532376545527
12,10,23.98832919019491,7.71043943999071E-6,1.5455532568513695
12,10,25.11886431509581,8.073828858211795E-6,1.5455532778997243
12,10,26.302679918953814,8.45434542370152E-6,1.5455533009912084
12,10,27.542287033381662,8.852796467703396E-6,1.5455533262901824
12,10,28.84031503126606,9.270027400681604E-6,1.5455533539937154
12,10,30.19951720402016,9.706923564051487E-6,1.5455533844625635
12,10,31.622776601683793,1.016441197030989E-5,1.5455534178721069
12,10,33.11311214825911,1.0643463360175204E-5,1.5455534544380578
12,10,34.673685045253166,1.1145094345316672E-5,1.545553494571229
12,10,36.30780547701014,1.1670369421993274E-5,1.5455535385498356
12,10,38.018939632056124,1.222040336867876E-5,1.5455535868022843
12,10,39.810717055349734,1.279636349691858E-5,1.5455536396593799
12,10,41.68693834703355,1.3399472285653438E-5,1.5455536976372064
12,10,43.65158322401661,1.4031009877087526E-5,1.54555376122789
12,10,45.708818961487516,1.469231680914292E-5,1.5455538309170986
12,10,47.86300923226383,1.5384796976536233E-5,1.545553907347532
12,10,50.11872336272722,1.6109920586101508E-5,1.5455539912392955
12,10,52.48074602497726,1.6869227126964623E-5,1.545554083158157
12,10,54.954087385762456,1.7664328999931054E-5,1.5455541839925133
12,10,57.543993733715695,1.8496914678057674E-5,1.545554294555355
12,10,60.25595860743578,1.936875245191848E-5,1.545554415767046
12,10,63.09573444801933,2.028169425177705E-5,1.545554548687833
12,10,66.06934480075961,2.1237679606170666E-5,1.5455546944951901
12,10,69.18309709189366,2.2238739721044045E-5,1.5455548543991904
12,10,72.44359600749902,2.328700190625657E-5,1.545555029714289
12,10,75.8577575029184,2.4384694305722408E-5,1.545555222008526
12,10,79.43282347242817,2.5534150484783814E-5,1.5455554328888017
12,10,83.17637711026708,2.673781457615138E-5,1.5455556641209298
12,10,87.09635899560806,2.7998246678339412E-5,1.5455559177202371
12,10,91.20108393559097,2.9318128348169755E-5,1.5455561958984252
12,10,95.49925860214358,3.0700268302415035E-5,1.5455565009811938
12,10,100,3.214760880498914E-5,1.5455568356242038
12,10,104.71285480508996,3.366323171555792E-5,1.5455572025518907
12,10,109.64781961431851,3.525036588443402E-5,1.5455576050210598
12,10,114.81536214968828,3.6912393943118654E-5,1.5455580465926713
12,10,120.22644346174131,3.865285940507161E-5,1.545558530942463
12,10,125.89254117941675,4.047547497960542E-5,1.5455590621815023
12,10,131.82567385564073,4.238413113109521E-5,1.5455596450331337
12,10,138.03842646028852,4.438290403973969E-5,1.545560284435729
12,10,144.5439770745928,4.647606538692911E-5,1.5455609859271031
12,10,151.35612484362088,4.8668091841242973E-5,1.5455617555789511
12,10,158.48931924611142,5.0963675411345985E-5,1.5455626001129856
12,10,165.95869074375614,5.3367733932129575E-5,1.545563526821092
12,10,173.78008287493762,5.58854227489914E-5,1.5455645437696517
12,10,181.97008586099844,5.852214678396764E-5,1.5455656598710426
12,10,190.54607179632484,6.128357326573007E-5,1.545566884947782
12,10,199.52623149688807,6.417564504733234E-5,1.5455682297512872
12,10,208.92961308540387,6.720459472170029E-5,1.545569706006272
12,10,218.77616239495518,7.037696113951468E-5,1.5455713269610738
12,10,229.08676527677724,7.369960411631554E-5,1.5455731069953311
12,10,239.88329190194898,7.717973768868884E-5,1.5455750664443377
12,10,251.18864315095797,8.082489648963493E-5,1.5455772163649604
12,10,263.02679918953817,8.464301299455706E-5,1.5455795762898656
12,10,275.4228703338166,8.864242324598876E-5,1.5455821691881169
12,10,288.40315031266056,9.283187890072774E-5,1.5455850188356488
12,10,301.9951720402016,9.722057664785385E-5,1.5455881515338337
12,10,316.22776601683796,1.0181818527640593E-4,1.5455915965753808
12,10,331.1311214825911,1.066349192615653E-4,1.5455953959899478
12,10,346.73685045253166,1.1168138546926402E-4,1.5455995659586783
12,10,363.0780547701014,1.169688862726376E-4,1.5456041550919608
12,10,380.1893963205613,1.2250928358149686E-4,1.5456092074238779
12,10,398.1071705534973,1.283150817702472E-4,1.545614772247409
12,10,416.8693834703355,1.3439946351069055E-4,1.5456209032794583
12,10,436.5158322401661,1.4077635200544913E-4,1.5456276617429048
12,10,457.0881896148752,1.474604400436333E-4,1.545635113118397
12,10,478.6300923226385,1.5446542799334054E-4,1.5456430667460697
12,10,501.18723362727246,1.6181051509365208E-4,1.545652018539313
12,10,524.8074602497728,1.695129848113267E-4,1.5456620220390165
12,10,549.5408738576248,1.7759076644862737E-4,1.5456730943746966
12,10,575.4399373371573,1.860635479403038E-4,1.5456853504519932
12,10,602.5595860743581,1.9495248344744386E-4,1.5456989411343975
12,10,630.9573444801937,2.0427998336961097E-4,1.545714013886793
12,10,660.6934480075957,2.140702359599917E-4,1.5457307579672308
12,10,691.8309709189363,2.243492609079315E-4,1.545749390226649
12,10,724.4359600749899,2.3514496513464845E-4,1.5457701428222634
12,10,758.5775750291835,2.464877539775543E-4,1.5457933017906764
12,10,794.3282347242813,2.584106982663743E-4,1.5458191951101417
12,10,831.7637711026708,2.7095003401319927E-4,1.545848207497003
12,10,870.9635899560806,2.841457853306716E-4,1.5458807968334323
12,10,912.0108393559096,2.980422231872602E-4,1.545917489226731
12,10,954.992586021436,3.1268876667133643E-4,1.5459589000978626
12,10,1000,3.2814269678703754E-4,1.5460058611308596
12,10,1047.1285480508996,3.4446841163084774E-4,1.5460592835491058
12,10,1096.4781961431852,3.6174138089541846E-4,1.5461203238212022
12,10,1148.1536214968828,3.800510168049372E-4,1.5461904215831817
12,10,1202.2644346174131,3.995080390338146E-4,1.5462715331279688
12,10,1258.9254117941675,4.202398125461833E-4,1.5463656508718286
12,10,1318.2567385564075,4.4241749459192467E-4,1.546475904222528
12,10,1380.3842646028852,4.662599101385727E-4,1.5466061818090089
12,10,1445.439770745928,4.920631187702399E-4,1.5467617529444537
12,10,1513.5612484362086,5.202420702291253E-4,1.5469498353351872
12,10,1584.893192461114,5.514065545373681E-4,1.5471805924558597
12,10,1659.5869074375614,5.8650403696403E-4,1.5474687432814962
12,10,1737.8008287493763,6.27111240805346E-4,1.5478362515378739
12,10,1819.7008586099844,6.76093517675966E-4,1.5483168032030445
12,10,1905.4607179632483,7.393172997113795E-4,1.5489623830190877
12,10,1995.262314968881,8.310909515063487E-4,1.5498443405237714
12,10,2089.2961308540407,9.981960107292465E-4,1.5509468393146104
12,10,2187.761623949552,0.0015346316177986298,1.5499050224979127
12,10,2290.8676527677726,0.002080289324576043,-1.5028514810950597
12,10,2398.83291901949,1.675902556095647E-4,1.4300606529828075
12,10,2511.88643150958,4.411564306571277E-4,1.522356752664606
12,10,2630.2679918953813,5.68784212530113E-4,1.5327103084202303
12,10,2754.2287033381663,6.54606808977787E-4,1.5365325573344937
12,10,2884.031503126606,7.235712395834557E-4,1.5384946585284185
12,10,3019.9517204020162,7.847100572472911E-4,1.5396811379344448
12,10,3162.2776601683795,8.421239555567169E-4,1.5404732299708792
12,10,3311.311214825911,8.979757389631438E-4,1.5410384893594309
12,10,3467.368504525317,9.535420602872207E-4,1.5414618710812253
12,10,3630.780547701014,0.0010096497251888144,1.5417909998106696
12,10,3801.8939632056126,0.0010668798527884028,1.5420546604440064
12,10,3981.0717055349733,0.0011256727116378427,1.542271315880996
12,10,4168.693834703355,0.0011863859982164185,1.5424534082125017
12,10,4365.158322401661,0.0012493298864646998,1.5426096982630368
12,10,4570.881896148751,0.0013147900989076144,1.5427466213443812
12,10,4786.300923226385,0.0013830452764793213,1.5428691258150617
12,10,5011.872336272725,0.0014543828766817204,1.5429812356488268
12,10,5248.074602497728,0.0015291178782357627,1.5430864813311618
12,10,5495.408738576249,0.001607621077571293,1.5431883143527594
12,10,5754.399373371572,0.001690371912515168,1.5432906577068604
12,10,6025.5958607435805,0.0017780765080925797,1.5433989215200452
12,10,6309.573444801937,0.001871986591759049,1.543522469451198
12,10,6606.9344800759645,0.0019750087238899366,1.5436823979407903
12,10,6918.309709189362,0.002097600781262721,1.543946051257323
12,10,7244.359600749898,0.0023559743751533787,1.5445751919819537
12,10,7585.775750291836,0.0021158207855218355,1.5418056661400457
12,10,7943.282347242814,0.0023128450831259666,1.5431209007206577
12,10,8317.63771102671,0.002453618651555379,1.5434493732502983
12,10,8709.635899560806,0.002591187716337797,1.5436524361511266
12,10,9120.108393559096,0.0027335316661081517,1.543825096211068
12,10,9549.92586021436,0.002883973220924126,1.54399617194316
12,10,10000,0.0030451178221513027,1.5441808901596312
12,12,1,3.9015244222611984E-7,1.5458186982887703
12,12,1.0471285480508996,4.085397600925114E-7,1.5458186982739262
12,12,1.096478196143185,4.277936494903265E-7,1.5458186984632334
12,12,1.1481536214968828,4.4795494463585204E-7,1.5458186985427589
12,12,1.202264434617413,4.690664126589653E-7,1.5458186986311437
12,12,1.2589254117941673,4.911728339543504E-7,1.5458186987355507
12,12,1.318256738556407,5.143210988088546E-7,1.5458186988363902
12,12,1.3803842646028848,5.385603085202228E-7,1.5458186989641176
12,12,1.4454397707459274,5.639418770292937E-7,1.545818699084962
12,12,1.5135612484362082,5.905196417241674E-7,1.545818699192357
12,12,1.5848931924611136,6.183499791473322E-7,1.5458186993395078
12,12,1.6595869074375607,6.474919209173336E-7,1.5458186995128202
12,12,1.7378008287493754,6.780072809126247E-7,1.5458186997038104
12,12,1.8197008586099834,7.099607874453204E-7,1.5458186999462307
12,12,1.9054607179632472,7.434202251098678E-7,1.5458187004389596
12,12,1.9952623149688795,7.784565504362508E-7,1.5458187007083848
12,12,2.0892961308540396,8.151440876149793E-7,1.5458187009862998
12,12,2.1877616239495525,8.535606572354891E-7,1.545818701304632
12,12,2.290867652767773,8.937877450073707E-7,1.5458187016340572
12,12,2.3988329190194904,9.359106791770767E-7,1.5458187019982843
12,12,2.51188643150958,9.800188080113858E-7,1.545818702392127
12,12,2.6302679918953817,1.0262057025156014E-6,1.5458187030583987
12,12,2.7542287033381663,1.0745693118628632E-6,1.5458187035632767
12,12,2.884031503126606,1.125212230660408E-6,1.54581870410004
12,12,3.019951720402016,1.178241880796301E-6,1.5458187046898697
12,12,3.1622776601683795,1.2337707576095497E-6,1.5458187055434218
12,12,3.311311214825911,1.2919166261021147E-6,1.5458187062969349
12,12,3.4673685045253166,1.3528028255685298E-6,1.545818707025665
12,12,3.630780547701014,1.4165585124798414E-6,1.5458187078658074
12,12,3.8018939632056115,1.4833189205021873E-6,1.5458187087901496
12,12,3.9810717055349722,1.5532256554590872E-6,1.5458187097555323
12,12,4.168693834703354,1.6264270247049834E-6,1.5458187111031847
12,12,4.36515832240166,1.7030782652625255E-6,1.545818712353069
12,12,4.570881896148751,1.7833419956449712E-6,1.5458187138931745
12,12,4.786300923226384,1.8673884421490792E-6,1.5458187154006735
12,12,5.011872336272724,1.955395909719331E-6,1.5458187172266427
12,12,5.248074602497725,2.047551050710186E-6,1.545818719070281
12,12,5.495408738576246,2.144049363340334E-6,1.5458187211767385
12,12,5.7543993733715695,2.2450955175260266E-6,1.5458187233461655
12,12,6.025595860743578,2.3509038812736143E-6,1.5458187258979617
12,12,6.309573444801933,2.461698875726735E-6,1.5458187286592664
12,12,6.606934480075961,2.577715518167498E-6,1.5458187316436847
12,12,6.918309709189364,2.6991999119796403E-6,1.545818734950483
12,12,7.244359600749901,2.8264097413074304E-6,1.5458187385153728
12,12,7.5857757502918375,2.9596148455173186E-6,1.5458187423706462
12,12,7.943282347242816,3.099097801804715E-6,1.5458187466874493
12,12,8.31763771102671,3.245154459961489E-6,1.545818751301338
12,12,8.709635899560807,3.3980946976651515E-6,1.545818756627238
12,12,9.120108393559097,3.558242870916476E-6,1.5458187622360224
12,12,9.549925860214358,3.7259387877985077E-6,1.5458187687340446
12,12,10,3.901538084532615E-6,1.5458187755876285
12,12,10.471285480508996,4.085413257543498E-6,1.5458187828728231
12,12,10.964781961431852,4.27795447606417E-6,1.5458187912490013
12,12,11.481536214968829,4.479570106499412E-6,1.5458188003522366
12,12,12.02264434617413,4.690687859144572E-6,1.5458188103176211
12,12,12.589254117941675,4.9117555743814055E-6,1.545818821136693
12,12,13.182567385564074,5.143242235292926E-6,1.5458188329494382
12,12,13.803842646028853,5.38563897701883E-6,1.5458188460770337
12,12,14.454397707459272,5.639459971752724E-6,1.5458188603613716
12,12,15.13561248436208,5.905243692053453E-6,1.5458188759123517
12,12,15.848931924611133,6.1835541422017695E-6,1.545818893365272
12,12,16.595869074375607,6.47498158420778E-6,1.5458189121626746
12,12,17.378008287493753,6.780144434458064E-6,1.5458189329004641
12,12,18.197008586099834,7.099690113716076E-6,1.5458189556481265
12,12,19.054607179632473,7.434296590245372E-6,1.5458189805600708
12,12,19.952623149688797,7.784673800603607E-6,1.5458190077993406
12,12,20.892961308540396,8.15156527433762E-6,1.5458190378595675
12,12,21.87761623949553,8.535749362258859E-6,1.5458190705793227
12,12,22.908676527677734,8.938041365607335E-6,1.545819106461632
12,12,23.98832919019491,9.359294947396886E-6,1.5458191457776649
12,12,25.11886431509581,9.800404183395902E-6,1.5458191891447908
12,12,26.302679918953814,1.0262305073971645E-5,1.5458192366186956
12,12,27.542287033381662,1.0745977931104463E-5,1.5458192886272786
12,12,28.84031503126606,1.1252449306772098E-5,1.545819345591766
12,12,30.19951720402016,1.1782794362678329E-5,1.5458194082719572
12,12,31.622776601683793,1.2338138632697218E-5,1.54581947675519
12,12,33.11311214825911,1.2919661243297222E-5,1.5458195520168467
12,12,34.673685045253166,1.3528596669885702E-5,1.545819634494786
12,12,36.30780547701014,1.4166237713300078E-5,1.545819724751144
12,12,38.018939632056124,1.4833938577707547E-5,1.5458198239244438
12,12,39.810717055349734,1.553311702785464E-5,1.5458199325796242
12,12,41.68693834703355,1.6265258177549402E-5,1.5458200518575518
12,12,43.65158322401661,1.70319169665766E-5,1.5458201824711966
12,12,45.708818961487516,1.7834722316640158E-5,1.5458203258230951
12,12,47.86300923226383,1.8675379851049367E-5,1.5458204829692814
12,12,50.11872336272722,1.9555676164495978E-5,1.5458206553988338
12,12,52.48074602497726,2.0477482257813894E-5,1.5458208445227999
12,12,54.954087385762456,2.14427577219837E-5,1.545821051876677
12,12,57.543993733715695,2.2453555164919742E-5,1.5458212793311
12,12,60.25595860743578,2.3512024312537492E-5,1.5458215287248978
12,12,63.09573444801933,2.4620416822111137E-5,1.5458218020668817
12,12,66.06934480075961,2.5781091787825122E-5,1.5458221020673908
12,12,69.18309709189366,2.6996519696071656E-5,1.5458224310734283
12,12,72.44359600749902,2.8269288607626286E-5,1.5458227918198229
12,12,75.8577575029184,2.9602109898193856E-5,1.5458231874720634
12,12,79.43282347242817,3.099782453867301E-5,1.5458236218298609
12,12,83.17637711026708,3.2459407404788327E-5,1.5458240979407039
12,12,87.09635899560806,3.398997692014364E-5,1.5458246203432833
12,12,91.20108393559097,3.5592799315784826E-5,1.5458251931848728
12,12,95.49925860214358,3.727129792182626E-5,1.5458258216009824
12,12,100,3.902906025872299E-5,1.5458265112860816
12,12,104.71285480508996,4.0869844643598334E-5,1.5458272676981197
12,12,109.64781961431851,4.2797591176444356E-5,1.5458280975290706
12,12,114.81536214968828,4.481643058424398E-5,1.5458290085106248
12,12,120.22644346174131,4.6930690905652886E-5,1.545830008054617
12,12,125.89254117941675,4.914491089634187E-5,1.5458311050087181
12,12,131.82567385564073,5.1463848792098434E-5,1.5458323087858656
12,12,138.03842646028852,5.3892495404577216E-5,1.545833630230752
12,12,144.5439770745928,5.6436084563890314E-5,1.5458350810045696
12,12,151.35612484362088,5.910010568830528E-5,1.5458366736745155
12,12,158.48931924611142,6.189031860128581E-5,1.5458384223376282
12,12,165.95869074375614,6.4812767577918E-5,1.545840342577531
12,12,173.78008287493762,6.787379747421315E-5,1.5458424518408167
12,12,181.97008586099844,7.108006752808908E-5,1.545844768719359
12,12,190.54607179632484,7.443857305468551E-5,1.5458473144892464
12,12,199.52623149688807,7.795666084812553E-5,1.545850112173093
12,12,208.92961308540387,8.164204936549683E-5,1.5458531868488843
12,12,218.77616239495518,8.550285638934053E-5,1.5458565674752938
12,12,229.08676527677724,8.95476206945304E-5,1.5458602864620585
12,12,239.88329190194898,9.378538197536335E-5,1.5458643926034705
12,12,251.18864315095797,9.82255007486956E-5,1.5458689020193692
12,12,263.02679918953817,1.0287793050827953E-4,1.545873858145555
12,12,275.4228703338166,1.077531949177663E-4,1.54587931601622
12,12,288.40315031266056,1.1286235645963987E-4,1.5458853280614324
12,12,301.9951720402016,1.1821709979963733E-4,1.5458919543797645
12,12,316.22776601683796,1.2382976935917706E-4,1.5458992618350245
12,12,331.1311214825911,1.2971365660145493E-4,1.5459073649113733
12,12,346.73685045253166,1.3588215019338563E-4,1.5459162717922033
12,12,363.0780547701014,1.423500934419045E-4,1.5459261097093135
12,12,380.1893963205613,1.4913306548135292E-4,1.5459369870118378
12,12,398.1071705534973,1.5624761554779474E-4,1.545949022278574
12,12,416.8693834703355,1.6371138043840154E-4,1.5459623498086956
12,12,436.5158322401661,1.7154321169136463E-4,1.5459771239313873
12,12,457.0881896148752,1.797632040257599E-4,1.5459935089251107
12,12,478.6300923226385,1.8838806287794062E-4,1.5460111338779041
12,12,501.18723362727246,1.9744870394108606E-4,1.5460311395358797
12,12,524.8074602497728,2.069695912098338E-4,1.5460536629001216
12,12,549.5408738576248,2.169767066543775E-4,1.54607883528015
12,12,575.4399373371573,2.2749980886211857E-4,1.546106985875681
12,12,602.5595860743581,2.3857241420106764E-4,1.5461385799082552
12,12,630.9573444801937,2.5023068939494087E-4,1.5461740723666992
12,12,660.6934480075957,2.625158116530809E-4,1.5462140789084684
12,12,691.8309709189363,2.754744359000846E-4,1.5462593461352998
12,12,724.4359600749899,2.8915877683149217E-4,1.5463106913030564
12,12,758.5775750291835,3.0363009163964476E-4,1.546369184158451
12,12,794.3282347242813,3.1896020209686975E-4,1.546436130406042
12,12,831.7637711026708,3.352348774186615E-4,1.5465131504551803
12,12,870.9635899560806,3.5255944304140387E-4,1.5466023301102843
12,12,912.0108393559096,3.710635223962623E-4,1.5467062244064635
12,12,954.992586021436,3.9091343400611507E-4,1.5468281784496352
12,12,1000,4.123344586070014E-4,1.5469728934160853
12,12,1047.1285480508996,4.356299190185741E-4,1.5471464218505886
12,12,1096.4781961431852,4.61234379618346E-4,1.5473571942706783
12,12,1148.1536214968828,4.898028852177462E-4,1.5476172756118305
12,12,1202.2644346174131,5.223975767512009E-4,1.5479448643759548
12,12,1258.9254117941675,5.607822901556783E-4,1.548365258015389
12,12,1318.2567385564075,6.083816679366709E-4,1.5489197529462324
12,12,1380.3842646028852,6.725962242047877E-4,1.5496692549123128
12,12,1445.439770745928,7.733043746542671E-4,1.5506802464140124
12,12,1513.5612484362086,9.885837537674876E-4,1.5516868547827047
12,12,1584.893192461114,0.0022564454167915042,1.540366363930104
12,12,1659.5869074375614,3.746206059800961E-4,-1.4872936666478502
12,12,1737.8008287493763,2.4391378466231853E-4,1.4936094291973678
12,12,1819.7008586099844,4.152889904405623E-4,1.5268105863095325
12,12,1905.4607179632483,5.101236413630062E-4,1.5340848381134304
12,12,1995.262314968881,5.788522258473554E-4,1.5371910743096517
12,12,2089.2961308540407,6.362154437062521E-4,1.5388961987542176
12,12,2187.761623949552,6.881224788773983E-4,1.539967975984965
12,12,2290.8676527677726,7.374345752888421E-4,1.540701718336955
12,12,2398.83291901949,7.857285614110737E-4,1.5412345175605209
12,12,2511.88643150958,8.339714801525615E-4,1.5416387071483881
12,12,2630.2679918953813,8.828074065825893E-4,1.541955956258709
12,12,2754.2287033381663,9.327007482554782E-4,1.5422120080191477
12,12,2884.031503126606,9.840115995494918E-4,1.5424236753820584
12,12,3019.9517204020162,0.001037038989153575,1.5426024718482754
12,12,3162.2776601683795,0.0010920479882557046,1.5427566354770705
12,12,3311.311214825911,0.0011492887885872093,1.542892333338124
12,12,3467.368504525317,0.0012090127414973717,1.5430144345052155
12,12,3630.780547701014,0.0012714896878131968,1.5431270672670774
12,12,3801.8939632056126,0.0013370324628503617,1.5432341096221271
12,12,3981.0717055349733,0.0014060405750869424,1.5433397778926965
12,12,4168.693834703355,0.0014790940350466772,1.543449624197914
12,12,4365.158322401661,0.0015571949853140942,1.5435728021561108
12,12,4570.881896148751,0.001642548589874971,1.543728728243692
12,12,4786.300923226385,0.0017421742504609976,1.5439737930422717
12,12,5011.872336272725,0.0019049642418259036,1.5445649253649383
12,12,5248.074602497728,0.0016291858910668212,1.5389532639840224
12,12,5495.408738576249,0.001897240729741668,1.5428345495486193
12,12,5754.399373371572,0.002022293575122763,1.5432937948607588
12,12,6025.5958607435805,0.002137460274555042,1.5435190804487902
12,12,6309.573444801937,0.002254221878042166,1.543686039337517
12,12,6606.9344800759645,0.002376365550588435,1.543838943913357
12,12,6918.309709189362,0.002506745546385345,1.54399985376885
12,12,7244.359600749898,0.002649985688321776,1.5441912566162341
12,12,7585.775750291836,0.0028216169491686355,1.544450211800913
12,12,7943.282347242814,0.0032778752005419303,1.542526245046755
12,12,8317.63771102671,0.002939400181804238,1.5429257595903976
12,12,8709.635899560806,0.003181401943522585,1.5440953853485926
12,12,9120.108393559096,0.0033936317356322693,1.5445524999679325
12,12,9549.92586021436,0.0036220149230840166,1.544959805311861
12,12,10000,0.003886039952023898,1.5454278075275134
12,15,1,4.948880422553211E-7,1.546149655120631
12,15,1.0471285480508996,5.182113931276047E-7,1.5461496549554719
12,15,1.096478196143185,5.426339535411087E-7,1.5461496553476373
12,15,1.1481536214968828,5.682075088677299E-7,1.5461496555369627
12,15,1.202264434617413,5.949863096319818E-7,1.5461496557502206
12,15,1.2589254117941673,6.230271581399384E-7,1.5461496560145112
12,15,1.318256738556407,6.523895311473305E-7,1.546149656268722
12,15,1.3803842646028848,6.831357122548222E-7,1.5461496565760284
12,15,1.4454397707459274,7.153309166600822E-7,1.5461496568880668
12,15,1.5135612484362082,7.490434321992199E-7,1.5461496571213615
12,15,1.5848931924611136,7.843447748234007E-7,1.5461496574852627
12,15,1.6595869074375607,8.213098212131693E-7,1.5461496579100271
12,15,1.7378008287493754,8.600169792789271E-7,1.5461496583794332
12,15,1.8197008586099834,9.005483561220554E-7,1.5461496589881598
12,15,1.9054607179632472,9.429899447815597E-7,1.546149660189332
12,15,1.9952623149688795,9.874317215193496E-7,1.546149660842872
12,15,2.0892961308540396,1.0339679762480445E-6,1.5461496614980195
12,15,2.1877616239495525,1.082697424199519E-6,1.5461496622727227
12,15,2.290867652767773,1.133723424265635E-6,1.546149663083099
12,15,2.3988329190194904,1.1871542117181112E-6,1.5461496639715986
12,15,2.51188643150958,1.2431031232140768E-6,1.5461496649659652
12,15,2.6302679918953817,1.3016888671857242E-6,1.5461496666106087
12,15,2.7542287033381663,1.3630356484005012E-6,1.5461496677966293
12,15,2.884031503126606,1.4272736271607218E-6,1.5461496691323628
12,15,3.019951720402016,1.4945390607301325E-6,1.5461496705780065
12,15,3.1622776601683795,1.5649746587450045E-6,1.546149672544653
12,15,3.311311214825911,1.6387297924845538E-6,1.5461496745325047
12,15,3.4673685045253166,1.7159608889942563E-6,1.5461496763121587
12,15,3.630780547701014,1.7968318028036615E-6,1.5461496783450948
12,15,3.8018939632056115,1.8815140718450363E-6,1.5461496805897361
12,15,3.9810717055349722,1.9701873135970145E-6,1.5461496829627248
12,15,4.168693834703354,2.0630397000494235E-6,1.5461496863116013
12,15,4.36515832240166,2.16026807008008E-6,1.5461496893633573
12,15,4.570881896148751,2.262078762522798E-6,1.5461496931448444
12,15,4.786300923226384,2.368687652824743E-6,1.5461496968282809
12,15,5.011872336272724,2.4803209699501265E-6,1.5461497012608847
12,15,5.248074602497725,2.5972154375027537E-6,1.5461497057802185
12,15,5.495408738576246,2.7196190861030663E-6,1.5461497110079434
12,15,5.7543993733715695,2.8477914833818325E-6,1.5461497163225648
12,15,6.025595860743578,2.982004619330619E-6,1.546149722561367
12,15,6.309573444801933,3.1225431393049976E-6,1.5461497293032176
12,15,6.606934480075961,3.269705172761997E-6,1.546149736652342
12,15,6.918309709189364,3.42380291268228E-6,1.5461497447720056
12,15,7.244359600749901,3.5851632242753264E-6,1.5461497535474138
12,15,7.5857757502918375,3.754128401764174E-6,1.5461497630122738
12,15,7.943282347242816,3.931056929220403E-6,1.5461497735256629
12,15,8.31763771102671,4.116324085653142E-6,1.5461497848481602
12,15,8.709635899560807,4.31032306478539E-6,1.5461497979273389
12,15,9.120108393559097,4.513465190184859E-6,1.5461498116474521
12,15,9.549925860214358,4.726181737802476E-6,1.54614982763319
12,15,10,4.948923611729155E-6,1.5461498442278523
12,15,10.471285480508996,5.182163514277054E-6,1.5461498622943919
12,15,10.964781961431852,5.42639652129722E-6,1.5461498829134943
12,15,11.481536214968829,5.682140549064832E-6,1.5461499051793466
12,15,12.02264434617413,5.949938310225578E-6,1.5461499296813892
12,15,12.589254117941675,6.230357885466441E-6,1.5461499561926977
12,15,13.182567385564074,6.523994330943925E-6,1.5461499851712677
12,15,13.803842646028853,6.8314708561329485E-6,1.5461500173482623
12,15,14.454397707459272,7.153439723035756E-6,1.5461500523789025
12,15,15.13561248436208,7.4905841428655E-6,1.5461500905412846
12,15,15.848931924611133,7.843619999235992E-6,1.5461501333659315
12,15,16.595869074375607,8.21329582753835E-6,1.5461501792916919
12,15,17.378008287493753,8.60039672851759E-6,1.546150230168347
12,15,18.197008586099834,9.005744130241995E-6,1.54615028596805
12,15,19.054607179632473,9.430198223940627E-6,1.546150346743293
12,15,19.952623149688797,9.874660329338883E-6,1.5461504137917752
12,15,20.892961308540396,1.0340073786728398E-5,1.5461504872480474
12,15,21.87761623949553,1.0827426662424432E-5,1.5461505677212897
12,15,22.908676527677734,1.1337753613936819E-5,1.546150655736742
12,15,23.98832919019491,1.1872138363385481E-5,1.5461507522573827
12,15,25.11886431509581,1.2431715921660261E-5,1.5461508584279426
12,15,26.302679918953814,1.3017674665354676E-5,1.5461509749768023
12,15,27.542287033381662,1.36312589716177E-5,1.5461511024570465
12,15,28.84031503126606,1.4273772510141197E-5,1.546151242259471
12,15,30.19951720402016,1.4946580604058138E-5,1.5461513958002082
12,15,31.622776601683793,1.5651112893143787E-5,1.5461515642030834
12,15,33.11311214825911,1.638886661264305E-5,1.5461517486135894
12,15,34.673685045253166,1.716141039397856E-5,1.5461519509769324
12,15,36.30780547701014,1.7970386567289703E-5,1.5461521725930603
12,15,38.018939632056124,1.881751602116221E-5,1.5461524157863304
12,15,39.810717055349734,1.9704600900714766E-5,1.5461526825952536
12,15,41.68693834703355,2.0633528839362632E-5,1.5461529752231633
12,15,43.65158322401661,2.1606276751558444E-5,1.546153295728937
12,15,45.708818961487516,2.2624916666009614E-5,1.5461536475636803
12,15,47.86300923226383,2.369161824696996E-5,1.5461540335143082
12,15,50.11872336272722,2.4808654541370516E-5,1.5461544567446763
12,15,52.48074602497726,2.5978407510046338E-5,1.546154921252209
12,15,54.954087385762456,2.7203372040116962E-5,1.546155430746377
12,15,57.543993733715695,2.848616161420513E-5,1.5461559889382304
12,15,60.25595860743578,2.9829517414321754E-5,1.5461566019843713
12,15,63.09573444801933,3.123630924794874E-5,1.5461572744849648
12,15,66.06934480075961,3.270954541215486E-5,1.54615801216841
12,15,69.18309709189366,3.4252378460109494E-5,1.5461588211499657
12,15,72.44359600749902,3.5868114859099915E-5,1.546159709450738
12,15,75.8577575029184,3.756021752831657E-5,1.5461606838794593
12,15,79.43282347242817,3.933231934680031E-5,1.5461617534640304
12,15,83.17637711026708,4.118822678675735E-5,1.5461629266617583
12,15,87.09635899560806,4.3131935473578325E-5,1.5461642149867059
12,15,91.20108393559097,4.516763223070585E-5,1.5461656290452226
12,15,95.49925860214358,4.7299709866484004E-5,1.546167181142328
12,15,100,4.9532778884386966E-5,1.546168885676659
12,15,104.71285480508996,5.187167313968247E-5,1.5461707566318408
12,15,109.64781961431851,5.432146984411523E-5,1.546172811165984
12,15,114.81536214968828,5.6887500832109894E-5,1.5461750687518439
12,15,120.22644346174131,5.957535849569512E-5,1.5461775482496276
12,15,125.89254117941675,6.239092203268862E-5,1.5461802725246199
12,15,131.82567385564073,6.534036822907319E-5,1.5461832665046802
12,15,138.03842646028852,6.843018522564257E-5,1.5461865563220563
12,15,144.5439770745928,7.166720261979813E-5,1.5461901732987584
12,15,151.35612484362088,7.505860417597333E-5,1.5461941516081006
12,15,158.48931924611142,7.861194940161577E-5,1.546198528524334
12,15,165.95869074375614,8.233519494820063E-5,1.546203344244135
12,15,173.78008287493762,8.6236737886416E-5,1.546208646806736
12,15,181.97008586099844,9.032541194347777E-5,1.5462144841415992
12,15,190.54607179632484,9.461056757314132E-5,1.5462209167198795
12,15,199.52623149688807,9.910206409174844E-5,1.5462280073995067
12,15,208.92961308540387,1.0381032119319488E-4,1.546235825602999
12,15,218.77616239495518,1.0874638827218242E-4,1.5462444534106414
12,15,229.08676527677724,1.1392198561173906E-4,1.5462539840547167
12,15,239.88329190194898,1.1934973682552464E-4,1.5462645542617834
12,15,251.18864315095797,1.2504258031259018E-4,1.5462762267147099
12,15,263.02679918953817,1.3101450778158877E-4,1.546289119149519
12,15,275.4228703338166,1.372806459357655E-4,1.5463033975139389
12,15,288.40315031266056,1.4385708396769386E-4,1.5463192309614255
12,15,301.9951720402016,1.5076107713186734E-4,1.5463368102485202
12,15,316.22776601683796,1.5801122340139184E-4,1.546356356379787
12,15,331.1311214825911,1.6562854405436224E-4,1.5463782405344215
12,15,346.73685045253166,1.7363307566020363E-4,1.5464025214457569
12,15,363.0780547701014,1.820492957081257E-4,1.5464296322821398
12,15,380.1893963205613,1.9090331543588005E-4,1.5464599711108675
12,15,398.1071705534973,2.0022398495887E-4,1.546494005310586
12,15,416.8693834703355,2.1004321388940758E-4,1.5465322656783744
12,15,436.5158322401661,2.2039687981939245E-4,1.5465753922153882
12,15,457.0881896148752,2.3132544296537068E-4,1.546624132964862
12,15,478.6300923226385,2.4285886018242544E-4,1.5466779993997197
12,15,501.18723362727246,2.55076858028883E-4,1.546740401520174
12,15,524.8074602497728,2.680414266395322E-4,1.546812455121519
12,15,549.5408738576248,2.818246817488134E-4,1.54689545789901
12,15,575.4399373371573,2.9652092768755984E-4,1.5469915651137185
12,15,602.5595860743581,3.1225203153201534E-4,1.5471037599769353
12,15,630.9573444801937,3.2917094728443833E-4,1.547235611227418
12,15,660.6934480075957,3.4748636630987803E-4,1.5473921444163063
12,15,691.8309709189363,3.6748781652373513E-4,1.54758016439762
12,15,724.4359600749899,3.8958863252476847E-4,1.5478088231392444
12,15,758.5775750291835,4.1442311734176665E-4,1.5480914169767828
12,15,794.3282347242813,4.4301664110703705E-4,1.548447303354901
12,15,831.7637711026708,4.7716440588433425E-4,1.548905526579977
12,15,870.9635899560806,5.20359851825877E-4,1.5495104240048436
12,15,912.0108393559096,5.804427124370515E-4,1.5503252157176932
12,15,954.992586021436,6.796012292167326E-4,1.5513951613066157
12,15,1000,9.162494989202353E-4,1.5521268596813793
12,15,1047.1285480508996,0.003726076306061171,1.5102975775199092
12,15,1096.4781961431852,1.679302706073653E-4,-1.4468032667158925
12,15,1148.1536214968828,2.162172481152075E-4,1.50041465954779
12,15,1202.2644346174131,3.4611221122041056E-4,1.527442702466353
12,15,1258.9254117941675,4.2213603683840254E-4,1.534234731376161
12,15,1318.2567385564075,4.785656449435888E-4,1.5372619823832985
12,15,1380.3842646028852,5.261533785956732E-4,1.538958845992002
12,15,1445.439770745928,5.694102437297648E-4,1.5400388406454857
12,15,1513.5612484362086,6.105775188393184E-4,1.5407841709133436
12,15,1584.893192461114,6.509171401462796E-4,1.5413284185740714
12,15,1659.5869074375614,6.912123909713991E-4,1.5417428768715395
12,15,1737.8008287493763,7.319916618161187E-4,1.5420690524022183
12,15,1819.7008586099844,7.736395660581288E-4,1.5423327884128148
12,15,1905.4607179632483,8.164567750526941E-4,1.5425510745683422
12,15,1995.262314968881,8.60695090528453E-4,1.5427356207456886
12,15,2089.2961308540407,9.065800514850182E-4,1.5428948695144273
12,15,2187.761623949552,9.543276135537756E-4,1.5430352090062192
12,15,2290.8676527677726,0.0010041596233141858,1.543161776912507
12,15,2398.83291901949,0.0010563219115161094,1.54327906241256
12,15,2511.88643150958,0.001111114154430522,1.5433915206954396
12,15,2630.2679918953813,0.0011689470378232188,1.5435044031025633
12,15,2754.2287033381663,0.0012304780810699235,1.5436254051721927
12,15,2884.031503126606,0.001297003189602207,1.543768936246788
12,15,3019.9517204020162,0.0013719556118054097,1.5439707730827563
12,15,3162.2776601683795,0.001470539982607757,1.5443623746238286
12,15,3311.311214825911,0.0021918068476333213,1.5397223202082349
12,15,3467.368504525317,0.0014654797459459194,1.5422714095404513
12,15,3630.780547701014,0.001586574916617914,1.5431819498993549
12,15,3801.8939632056126,0.001682211772570796,1.543484579878437
12,15,3981.0717055349733,0.0017759906391057428,1.5436749252096484
12,15,4168.693834703355,0.0018730312257945365,1.543835581239862
12,15,4365.158322401661,0.0019762558640962504,1.5439991123239787
12,15,4570.881896148751,0.0020894985043790667,1.5441929229958895
12,15,4786.300923226385,0.0022220116996011815,1.5444608282277419
12,15,5011.872336272725,0.0024148591958821973,1.5448671721036096
12,15,5248.074602497728,0.00470519471248373,1.4974419477454584
12,15,5495.408738576249,0.00226548430757381,1.54072793253484
12,15,5754.399373371572,0.002500937714090096,1.5428339002937839
12,15,6025.5958607435805,0.0026706702684708085,1.5434340409147187
12,15,6309.573444801937,0.0028324226698569523,1.5437775797301327
12,15,6606.9344800759645,0.0029983924696040903,1.5440482691564898
12,15,6918.309709189362,0.0031743181538279983,1.544305150311559
12,15,7244.359600749898,0.0033651309624291607,1.5445796263277554
12,15,7585.775750291836,0.003577189577327112,1.5448982060069016
12,15,7943.282347242814,0.0038208706022439727,1.5452927562713945
12,15,8317.63771102671,0.004116252304446251,1.5458100332157447
12,15,8709.635899560806,0.004510084623189278,1.5465225152594224
12,15,9120.108393559096,0.00514577563623556,1.54749885496023
12,15,9549.92586021436,0.006794336085737133,1.5477361047640081
12,15,10000,0.023845322416759962,-1.3997483258060586
12,20,1,6.721972740553884E-7,1.5465575077050253
12,20,1.0471285480508996,7.038769604479683E-7,1.5465575078453573
12,20,1.096478196143185,7.370496881977193E-7,1.5465575086668786
12,20,1.1481536214968828,7.717857910829498E-7,1.5465575092481014
12,20,1.202264434617413,8.081589622671806E-7,1.5465575099623314
12,20,1.2589254117941673,8.462463544866787E-7,1.5465575108089586
12,20,1.318256738556407,8.861287505045227E-7,1.5465575116201449
12,20,1.3803842646028848,9.278907561228223E-7,1.5465575126387572
12,20,1.4454397707459274,9.716209459068854E-7,1.546557513619441
12,20,1.5135612484362082,1.017412068535921E-6,1.5465575144158983
12,20,1.5848931924611136,1.0653612832075687E-6,1.5465575156169198
12,20,1.6595869074375607,1.1155702846670623E-6,1.5465575169723018
12,20,1.7378008287493754,1.1681455735341838E-6,1.5465575184452376
12,20,1.8197008586099834,1.223198680489532E-6,1.5465575202015578
12,20,1.9054607179632472,1.2808464967727198E-6,1.5465575241254708
12,20,1.9952623149688795,1.3412110781714021E-6,1.5465575264203437
12,20,2.0892961308540396,1.4044205559443034E-6,1.5465575286310453
12,20,2.1877616239495525,1.4706090323227152E-6,1.5465575311385362
12,20,2.290867652767773,1.5399168939175299E-6,1.5465575337928916
12,20,2.3988329190194904,1.612491161833035E-6,1.546557536676725
12,20,2.51188643150958,1.6884857787011301E-6,1.5465575398060558
12,20,2.6302679918953817,1.7680620959241135E-6,1.5465575449746705
12,20,2.7542287033381663,1.8513886463598197E-6,1.54655754899019
12,20,2.884031503126606,1.9386423060405965E-6,1.5465575533547895
12,20,3.019951720402016,2.030008156423311E-6,1.5465575580718123
12,20,3.1622776601683795,2.1256800166704E-6,1.5465575632628197
12,20,3.311311214825911,2.2258609980396173E-6,1.5465575705541246
12,20,3.4673685045253166,2.3307632497681676E-6,1.5465575764912316
12,20,3.630780547701014,2.4406094929665905E-6,1.5465575830232785
12,20,3.8018939632056115,2.5556327299983357E-6,1.5465575900895159
12,20,3.9810717055349722,2.6760769588398405E-6,1.5465575977383372
12,20,4.168693834703354,2.8021979906752205E-6,1.5465576083676142
12,20,4.36515832240166,2.934262871912992E-6,1.5465576181545535
12,20,4.570881896148751,3.072552217551165E-6,1.5465576304822641
12,20,4.786300923226384,3.217358951430025E-6,1.5465576423595297
12,20,5.011872336272724,3.3689907178571693E-6,1.5465576568328971
12,20,5.248074602497725,3.5277687768334353E-6,1.546557671307511
12,20,5.495408738576246,3.694030180430777E-6,1.546557687228755
12,20,5.7543993733715695,3.868127732834153E-6,1.5465577050843151
12,20,6.025595860743578,4.0504308383515446E-6,1.5465577252238079
12,20,6.309573444801933,4.241326151238012E-6,1.5465577470612464
12,20,6.606934480075961,4.441218458920731E-6,1.5465577697218726
12,20,6.918309709189364,4.650532557808538E-6,1.5465577966039232
12,20,7.244359600749901,4.8697119920438E-6,1.5465578251618908
12,20,7.5857757502918375,5.099221874562877E-6,1.5465578559168034
12,20,7.943282347242816,5.3395493183884585E-6,1.5465578896071785
12,20,8.31763771102671,5.591204233763467E-6,1.5465579262745694
12,20,8.709635899560807,5.854721166043026E-6,1.5465579680850354
12,20,9.120108393559097,6.130658555897944E-6,1.5465580124527525
12,20,9.549925860214358,6.419603009004782E-6,1.5465580631675193
12,20,10,6.722166598147686E-6,1.5465581166112636
12,20,10.471285480508996,7.038992160427783E-6,1.5465581754420117
12,20,10.964781961431852,7.370752674746971E-6,1.5465582414199421
12,20,11.481536214968829,7.718151648633908E-6,1.5465583128186369
12,20,12.02264434617413,8.081927065929755E-6,1.5465583915562318
12,20,12.589254117941675,8.46285086090938E-6,1.546558477135261
12,20,13.182567385564074,8.861732156453732E-6,1.5465585710635448
12,20,13.803842646028853,9.279417764233902E-6,1.5465586735369794
12,20,14.454397707459272,9.716795466517363E-6,1.5465587869975803
12,20,15.13561248436208,1.0174793579959958E-5,1.5465589107629145
12,20,15.848931924611133,1.0654385904981166E-5,1.5465590476442734
12,20,16.595869074375607,1.1156590262264762E-5,1.546559196423812
12,20,17.378008287493753,1.1682474932336203E-5,1.5465593604477876
12,20,18.197008586099834,1.2233156557987121E-5,1.5465595391422184
12,20,19.054607179632473,1.2809807138137323E-5,1.5465597363697783
12,20,19.952623149688797,1.34136513655113E-5,1.5465599513756205
12,20,20.892961308540396,1.4045974618596294E-5,1.5465601878474504
12,20,21.87761623949553,1.4708122064078243E-5,1.5465604477034642
12,20,22.908676527677734,1.540150222791438E-5,1.5465607324144697
12,20,23.98832919019491,1.6127591288393837E-5,1.546561044735462
12,20,25.11886431509581,1.6887934709422028E-5,1.5465613865320433
12,20,26.302679918953814,1.7684152118956502E-5,1.5465617608096525
12,20,27.542287033381662,1.8517941790461443E-5,1.5465621725796643
12,20,28.84031503126606,1.9391079806145922E-5,1.54656262352449
12,20,30.19951720402016,2.0305430318468863E-5,1.5465631193898235
12,20,31.622776601683793,2.126294358666447E-5,1.54656366310952
12,20,33.11311214825911,2.2265664128334783E-5,1.5465642591653388
12,20,34.673685045253166,2.3315735002751285E-5,1.5465649130135535
12,20,36.30780547701014,2.4415401134889332E-5,1.5465656298156498
12,20,38.018939632056124,2.5567018319784272E-5,1.5465664177466796
12,20,39.810717055349734,2.6773046352138957E-5,1.5465672779535875
12,20,41.68693834703355,2.803608005174518E-5,1.5465682252282458
12,20,43.65158322401661,2.9358826233650256E-5,1.5465692645029598
12,20,45.708818961487516,3.074412650964805E-5,1.546570404355109
12,20,47.86300923226383,3.21949606455745E-5,1.5465716543278902
12,20,50.11872336272722,3.37144588269993E-5,1.5465730281540153
12,20,52.48074602497726,3.530589472371116E-5,1.5465745345878463
12,20,54.954087385762456,3.69727115768173E-5,1.5465761889669498
12,20,57.543993733715695,3.8718520639990204E-5,1.5465780067160493
12,20,60.25595860743578,4.0547106055850486E-5,1.5465800015482698
12,20,63.09573444801933,4.246244560709981E-5,1.5465821916682296
12,20,66.06934480075961,4.446871691172309E-5,1.5465845974132177
12,20,69.18309709189366,4.65703060783369E-5,1.5465872402220016
12,20,72.44359600749902,4.877181781982293E-5,1.546590142110427
12,20,75.8577575029184,5.107810185619865E-5,1.5465933319197713
12,20,79.43282347242817,5.349425602633076E-5,1.5465968403737405
12,20,83.17637711026708,5.6025633236715735E-5,1.5466006974468691
12,20,87.09635899560806,5.8677877466337086E-5,1.546604940520092
12,20,91.20108393559097,6.145692047951835E-5,1.5466096067636999
12,20,95.49925860214358,6.436902756590246E-5,1.5466147429581523
12,20,100,6.742078444368234E-5,1.5466203941758234
12,20,104.71285480508996,7.061916470611304E-5,1.5466266186572604
12,20,109.64781961431851,7.397151741869151E-5,1.5466334760306713
12,20,114.81536214968828,7.748561257223363E-5,1.5466410334663692
12,20,120.22644346174131,8.116969207093316E-5,1.5466493711446685
12,20,125.89254117941675,8.50324556659804E-5,1.5466585697674844
12,20,131.82567385564073,8.908315785901369E-5,1.5466687265650585
12,20,138.03842646028852,9.333161504254417E-5,1.546679946442028
12,20,144.5439770745928,9.778831338717402E-5,1.5466923559420207
12,20,151.35612484362088,1.0246439350941563E-4,1.546706087637326
12,20,158.48931924611142,1.0737180179910687E-4,1.546721299748319
12,20,165.95869074375614,1.1252333808923865E-4,1.5467381702721967
12,20,173.78008287493762,1.1793274659006554E-4,1.5467568988493172
12,20,181.97008586099844,1.2361488530465226E-4,1.5467777195659989
12,20,190.54607179632484,1.2958583244596994E-4,1.5468008982922166
12,20,199.52623149688807,1.3586306995862893E-4,1.5468267402932234
12,20,208.92961308540387,1.4246577587642332E-4,1.5468556084490888
12,20,218.77616239495518,1.494150039127613E-4,1.5468879176896044
12,20,229.08676527677724,1.5673415522056568E-4,1.5469241647629401
12,20,239.88329190194898,1.6444969932672275E-4,1.5469649750100518
12,20,251.18864315095797,1.7259064474302787E-4,1.5470109820297848
12,20,263.02679918953817,1.8119030540820493E-4,1.5470629890131262
12,20,275.4228703338166,1.9028761227879033E-4,1.5471220257171994
12,20,288.40315031266056,1.999279239594511E-4,1.547189321631657
12,20,301.9951720402016,2.101650940771717E-4,1.547266382743844
12,20,316.22776601683796,2.2106438042869065E-4,1.5473550898554695
12,20,331.1311214825911,2.327085226608944E-4,1.547457985823259
12,20,346.73685045253166,2.451966552891937E-4,1.5475778349582656
12,20,363.0780547701014,2.5866361264981175E-4,1.547718730768765
12,20,380.1893963205613,2.7328910494406523E-4,1.5478859510827432
12,20,398.1071705534973,2.893237199595862E-4,1.5480866180353177
12,20,416.8693834703355,3.0713194085785466E-4,1.5483305468843085
12,20,436.5158322401661,3.2727317906399496E-4,1.5486316771602577
12,20,457.0881896148752,3.506556039381862E-4,1.5490100111808753
12,20,478.6300923226385,3.785862946002218E-4,1.5494834073739554
12,20,501.18723362727246,4.1450339155678183E-4,1.5501117497502572
12,20,524.8074602497728,4.655783245812248E-4,1.5509547882539143
12,20,549.5408738576248,5.524099009863594E-4,1.5520262908274538
12,20,575.4399373371573,7.713210787359947E-4,1.5524614343911083
12,20,602.5595860743581,0.005392964202749255,1.459237086886258
12,20,630.9573444801937,1.3149469521843795E-4,-1.4537415412459218
12,20,660.6934480075957,1.5558403952580058E-4,1.4959595077527739
12,20,691.8309709189363,2.580092263231203E-4,1.5262175331265566
12,20,724.4359600749899,3.186754743962221E-4,1.533663796026457
12,20,758.5775750291835,3.636802803446813E-4,1.5369595447768245
12,20,794.3282347242813,4.014977440737438E-4,1.5388006683234814
12,20,831.7637711026708,4.357276809301512E-4,1.53996962014831
12,20,870.9635899560806,4.6817858603293824E-4,1.540774830720321
12,20,912.0108393559096,4.998719280540551E-4,1.5413617188303417
12,20,954.992586021436,5.314443791828576E-4,1.5418077977989348
12,20,1000,5.633292152266482E-4,1.5421583312948617
12,20,1047.1285480508996,5.958369307828807E-4,1.5424412026641037
12,20,1096.4781961431852,6.292115194970795E-4,1.5426748198092806
12,20,1148.1536214968828,6.636569128017044E-4,1.5428718608662269
12,20,1202.2644346174131,6.993565147563267E-4,1.543041501157495
12,20,1258.9254117941675,7.364824113927694E-4,1.543190530284821
12,20,1318.2567385564075,7.752179944945839E-4,1.543324621849422
12,20,1380.3842646028852,8.157682979635268E-4,1.5434487232529384
12,20,1445.439770745928,8.58390773365379E-4,1.5435678543002924
12,20,1513.5612484362086,9.034553727180104E-4,1.5436881856842086
12,20,1584.893192461114,9.515963383199637E-4,1.5438193400424107
12,20,1659.5869074375614,0.0010041924927696555,1.5439809426741309
12,20,1737.8008287493763,0.001065517933891747,1.5442283002675328
12,20,1819.7008586099844,0.0011629197513997724,1.544811403665326
12,20,1905.4607179632483,9.431447615865182E-4,1.5371518205219485
12,20,1995.262314968881,0.00115275303179764,1.5429877760907813
12,20,2089.2961308540407,0.001232227928219991,1.5434998481504305
12,20,2187.761623949552,0.0013037087960292508,1.5437387265779008
12,20,2290.8676527677726,0.0013759128611126378,1.5439136052907978
12,20,2398.83291901949,0.0014517685170556771,1.5440768992287859
12,20,2511.88643150958,0.0015337892580859823,1.5442579638341434
12,20,2630.2679918953813,0.0016262683780257617,1.5444905914334013
12,20,2754.2287033381663,0.001740983140717954,1.5448360986520793
12,20,2884.031503126606,0.001935943050856181,1.545337157194621
12,20,3019.9517204020162,0.011982064236886613,-0.8685883749642899
12,20,3162.2776601683795,0.0016603062712919024,1.5391923302956856
12,20,3311.311214825911,0.0018630565412853155,1.542025124978916
12,20,3467.368504525317,0.0019977711788632573,1.5427979216314969
12,20,3630.780547701014,0.0021192603343172583,1.5431779326372475
12,20,3801.8939632056126,0.002238962832582598,1.5434217965601336
12,20,3981.0717055349733,0.002361066233170134,1.5436062779164392
12,20,4168.693834703355,0.0024877552703433457,1.5437631658136415
12,20,4365.158322401661,0.0026205665056690465,1.5439090564333617
12,20,4570.881896148751,0.002760895215974265,1.5440547013998744
12,20,4786.300923226385,0.0029102863301074247,1.544208839273699
12,20,5011.872336272725,0.003070721331464616,1.5443803519888541
12,20,5248.074602497728,0.003245059731716578,1.5445801525390406
12,20,5495.408738576249,0.0034379208824378703,1.5448237422925095
12,20,5754.399373371572,0.0036578027670031645,1.5451357243460015
12,20,6025.5958607435805,0.00392333696500105,1.5455583736317355
12,20,6309.573444801937,0.004288416141212766,1.5461586511998593
12,20,6606.9344800759645,0.005026672657564546,1.546691387742551
12,20,6918.309709189362,0.009069719595746015,-1.3152476330661433
12,20,7244.359600749898,0.0037265968833860297,1.5369992363883365
12,20,7585.775750291836,0.004557230727031828,1.5429276510408163
12,20,7943.282347242814,0.005425488432655833,1.5453311283144782
12,20,8317.63771102671,0.008684398439685189,1.5421827792906626
12,20,8709.635899560806,0.0017571556960212851,1.456765333899605
12,20,9120.108393559096,0.00393236083935702,1.531362451366815
12,20,9549.92586021436,0.004648682139440853,1.5370310132915808
12,20,10000,0.005141667567549764,1.5391172536523228
15,5,1,1.9360720822372131E-7,1.544621988451796
15,5,1.0471285480508996,2.0273163485703528E-7,1.5446219884536936
15,5,1.096478196143185,2.1228608250803014E-7,1.5446219884597416
15,5,1.1481536214968828,2.2229081737684802E-7,1.5446219884627788
15,5,1.202264434617413,2.327670608779367E-7,1.5446219884659635
15,5,1.2589254117941673,2.4373703453192226E-7,1.5446219884697956
15,5,1.318256738556407,2.5522400710593085E-7,1.5446219884724752
15,5,1.3803842646028848,2.6725234404157825E-7,1.54462198847699
15,5,1.4454397707459274,2.7984755904116696E-7,1.544621988481996
15,5,1.5135612484362082,2.9303636822793327E-7,1.5446219884861807
15,5,1.5848931924611136,3.0684674685928986E-7,1.5446219884914583
15,5,1.6595869074375607,3.213079886048982E-7,1.5446219884979013
15,5,1.7378008287493754,3.3645076768803946E-7,1.5446219885048724
15,5,1.8197008586099834,3.5230720399427975E-7,1.5446219885135977
15,5,1.9054607179632472,3.689109312531707E-7,1.5446219885301522
15,5,1.9952623149688795,3.862971679958039E-7,1.544621988541539
15,5,2.0892961308540396,4.045027928287027E-7,1.544621988552217
15,5,2.1877616239495525,4.235664223636825E-7,1.5446219885643502
15,5,2.290867652767773,4.435284930950323E-7,1.5446219885768373
15,5,2.3988329190194904,4.644313472695307E-7,1.5446219885903454
15,5,2.51188643150958,4.863193226524956E-7,1.5446219886051777
15,5,2.6302679918953817,5.092388467283106E-7,1.5446219886281327
15,5,2.7542287033381663,5.332385346614908E-7,1.5446219886484445
15,5,2.884031503126606,5.583692930765544E-7,1.5446219886693946
15,5,3.019951720402016,5.846844277093231E-7,1.5446219886917054
15,5,3.1622776601683795,6.122397566539479E-7,1.544621988721512
15,5,3.311311214825911,6.410937282406608E-7,1.5446219887498367
15,5,3.4673685045253166,6.713075456656616E-7,1.5446219887786494
15,5,3.630780547701014,7.029452965540155E-7,1.5446219888099317
15,5,3.8018939632056115,7.360740888478196E-7,1.5446219888442443
15,5,3.9810717055349722,7.70764193155308E-7,1.5446219888809642
15,5,4.168693834703354,8.070891921651054E-7,1.5446219889288888
15,5,4.36515832240166,8.451261357275737E-7,1.5446219889771131
15,5,4.570881896148751,8.849557056028343E-7,1.5446219890333068
15,5,4.786300923226384,9.266623854487141E-7,1.5446219890911812
15,5,5.011872336272724,9.703346410886967E-7,1.544621989158865
15,5,5.248074602497725,1.016065106912431E-6,1.544621989227667
15,5,5.495408738576246,1.0639507837400169E-6,1.5446219893051498
15,5,5.7543993733715695,1.1140932433918874E-6,1.5446219893873325
15,5,6.025595860743578,1.166598845208205E-6,1.544621989482322
15,5,6.309573444801933,1.2215789604784849E-6,1.5446219895857516
15,5,6.606934480075961,1.27915020946107E-6,1.5446219896970832
15,5,6.918309709189364,1.3394347087156204E-6,1.544621989818678
15,5,7.244359600749901,1.402560330057518E-6,1.5446219899538143
15,5,7.5857757502918375,1.4686609712718343E-6,1.544621990098271
15,5,7.943282347242816,1.5378768412380106E-6,1.5446219902585452
15,5,8.31763771102671,1.6103547561959446E-6,1.5446219904334115
15,5,8.709635899560807,1.6862484521815995E-6,1.544621990629195
15,5,9.120108393559097,1.7657189098218644E-6,1.5446219908414787
15,5,9.549925860214358,1.8489346975689427E-6,1.54462199107901
15,5,10,1.936072327063991E-6,1.544621991335283
15,5,10.471285480508996,2.0273166291785483E-6,1.5446219916098851
15,5,10.964781961431852,2.1228611472151267E-6,1.5446219919199355
15,5,11.481536214968829,2.222908543825657E-6,1.5446219922586768
15,5,12.02264434617413,2.32767103382565E-6,1.5446219926298006
15,5,12.589254117941675,2.4373708332439655E-6,1.5446219930344733
15,5,13.182567385564074,2.5522406310109144E-6,1.5446219934751535
15,5,13.803842646028853,2.672524083547631E-6,1.5446219939642771
15,5,14.454397707459272,2.798476328786336E-6,1.5446219944982922
15,5,15.13561248436208,2.930364529667081E-6,1.5446219950800124
15,5,15.848931924611133,3.068468442550796E-6,1.5446219957290324
15,5,16.595869074375607,3.213081003859702E-6,1.5446219964306878
15,5,17.378008287493753,3.364508960314132E-6,1.5446219972030857
15,5,18.197008586099834,3.5230735137623705E-6,1.5446219980525682
15,5,19.054607179632473,3.689111003207868E-6,1.5446219989800647
15,5,19.952623149688797,3.862973620595886E-6,1.5446219999965836
15,5,20.892961308540396,4.045030157092714E-6,1.5446220011161655
15,5,21.87761623949553,4.235666782054771E-6,1.5446220023372175
15,5,22.908676527677734,4.435287868216892E-6,1.5446220036773957
15,5,23.98832919019491,4.644316845168053E-6,1.5446220051480755
15,5,25.11886431509581,4.863197099025562E-6,1.5446220067621874
15,5,26.302679918953814,5.092392912643832E-6,1.5446220085328906
15,5,27.542287033381662,5.33239045006412E-6,1.5446220104713833
15,5,28.84031503126606,5.583698790781036E-6,1.5446220125996655
15,5,30.19951720402016,5.846851005751888E-6,1.5446220149326668
15,5,31.622776601683793,6.122405290472323E-6,1.5446220174880867
15,5,33.11311214825911,6.4109461510226515E-6,1.5446220202930305
15,5,34.673685045253166,6.71308564003647E-6,1.5446220233679757
15,5,36.30780547701014,7.0294646581734E-6,1.5446220267381352
15,5,38.018939632056124,7.3607543141720375E-6,1.5446220304340308
15,5,39.810717055349734,7.707657343289748E-6,1.5446220344741906
15,5,41.68693834703355,8.070909614168466E-6,1.5446220389137004
15,5,43.65158322401661,8.451281668326976E-6,1.5446220437771438
15,5,45.708818961487516,8.849580373789022E-6,1.54462204911397
15,5,47.86300923226383,9.266650625099597E-6,1.5446220549638883
15,5,50.11872336272722,9.703377145893537E-6,1.5446220613826744
15,5,52.48074602497726,1.0160686358603195E-5,1.5446220684216054
15,5,54.954087385762456,1.0639548354647963E-5,1.5446220761384573
15,5,57.543993733715695,1.1140978955024077E-5,1.5446220846003047
15,5,60.25595860743578,1.1666041864124087E-5,1.5446220938786295
15,5,63.09573444801933,1.221585092838812E-5,1.5446221040507786
15,5,66.06934480075961,1.279157250474296E-5,1.5446221152075614
15,5,69.18309709189366,1.3394427929604267E-5,1.5446221274395318
15,5,72.44359600749902,1.4025696120654281E-5,1.5446221408527494
15,5,75.8577575029184,1.4686716286824395E-5,1.5446221555590938
15,5,79.43282347242817,1.5378890778444114E-5,1.5446221716864492
15,5,83.17637711026708,1.610368805815941E-5,1.5446221893664949
15,5,87.09635899560806,1.68626458370117E-5,1.5446222087601267
15,5,91.20108393559097,1.7657374314253777E-5,1.5446222300186538
15,5,95.49925860214358,1.8489559632160836E-5,1.5446222533310499
15,5,100,1.9360967442794686E-5,1.5446222789001185
15,5,104.71285480508996,2.0273446647555266E-5,1.5446223069275118
15,5,109.64781961431851,2.1228933366171858E-5,1.5446223376606285
15,5,114.81536214968828,2.222945502991833E-5,1.544622371363046
15,5,120.22644346174131,2.3277134696477497E-5,1.5446224083183082
15,5,125.89254117941675,2.437419557282939E-5,1.5446224488375113
15,5,131.82567385564073,2.5522965755991532E-5,1.5446224932687378
15,5,138.03842646028852,2.672588317701492E-5,1.5446225419848236
15,5,144.5439770745928,2.798550082094802E-5,1.5446225954100445
15,5,151.35612484362088,2.9304492130379054E-5,1.544622653988874
15,5,158.48931924611142,3.0685656746922065E-5,1.5446227182241037
15,5,165.95869074375614,3.2131926461802886E-5,1.5446227886611712
15,5,173.78008287493762,3.3646371490604706E-5,1.544622865903578
15,5,181.97008586099844,3.523220699833213E-5,1.5446229505942273
15,5,190.54607179632484,3.6892800045935146E-5,1.5446230434705475
15,5,199.52623149688807,3.863167671793918E-5,1.5446231453173742
15,5,208.92961308540387,4.045252970840512E-5,1.5446232569987572
15,5,218.77616239495518,4.235922624831507E-5,1.544623379471196
15,5,229.08676527677724,4.4355816432569294E-5,1.5446235138046585
15,5,239.88329190194898,4.6446542279897455E-5,1.5446236613670683
15,5,251.18864315095797,4.863584554812405E-5,1.5446238231659613
15,5,263.02679918953817,5.092837816482853E-5,1.5446240003548022
15,5,275.4228703338166,5.332901325869095E-5,1.544624194675632
15,5,288.40315031266056,5.5842854249156443E-5,1.5446244077794862
15,5,301.9951720402016,5.847524641820805E-5,1.5446246414987301
15,5,316.22776601683796,6.12317884913413E-5,1.5446248978547172
15,5,331.1311214825911,6.411834701557642E-5,1.5446251798710304
15,5,346.73685045253166,6.714106051402115E-5,1.5446254884396327
15,5,363.0780547701014,7.030636471675834E-5,1.544625826743111
15,5,380.1893963205613,7.362100019796628E-5,1.544626197816671
15,5,398.1071705534973,7.70920277846968E-5,1.5446266048357618
15,5,416.8693834703355,8.072684458555233E-5,1.544627051307352
15,5,436.5158322401661,8.453320020083932E-5,1.5446275410554589
15,5,457.0881896148752,8.851921352460521E-5,1.5446280781540216
15,5,478.6300923226385,9.269332309095349E-5,1.544628650052226
15,5,501.18723362727246,9.70645411798342E-5,1.5446292875412844
15,5,524.8074602497728,1.0164220523245043E-4,1.5446299942916437
15,5,549.5408738576248,1.0643608040792528E-4,1.5446307702861912
15,5,575.4399373371573,1.1145642346067578E-4,1.5446316215169424
15,5,602.5595860743581,1.167139921801424E-4,1.544632556141276
15,5,630.9573444801937,1.222200556950574E-4,1.5446335814581622
15,5,660.6934480075957,1.279864346826803E-4,1.5446347068416462
15,5,691.8309709189363,1.3402552466580933E-4,1.544635942765351
15,5,724.4359600749899,1.4035031485602672E-4,1.5446372990834543
15,5,758.5775750291835,1.4697443718363464E-4,1.5446387882769932
15,5,794.3282347242813,1.539121886788933E-4,1.5446404236084346
15,5,831.7637711026708,1.611785691214344E-4,1.5446422196696652
15,5,870.9635899560806,1.687893230973752E-4,1.5446441931294184
15,5,912.0108393559096,1.7676096487880997E-4,1.54464636076464
15,5,954.992586021436,1.851108317286067E-4,1.544648741277595
15,5,1000,1.9385716075758888E-4,1.544651359151539
15,5,1047.1285480508996,2.0301907734453337E-4,1.5446542371570504
15,5,1096.4781961431852,2.126166899616424E-4,1.5446574019644357
15,5,1148.1536214968828,2.226711389793719E-4,1.544660883274405
15,5,1202.2644346174131,2.3320474049148425E-4,1.544664722197066
15,5,1258.9254117941675,2.442407296890374E-4,1.544668939167638
15,5,1318.2567385564075,2.558038167730699E-4,1.5446735831952825
15,5,1380.3842646028852,2.679199306831953E-4,1.5446786981451834
15,5,1445.439770745928,2.806164274304051E-4,1.54468433519155
15,5,1513.5612484362086,2.9392215937547084E-4,1.5446905507927389
15,5,1584.893192461114,3.078675915828979E-4,1.5446974081625569
15,5,1659.5869074375614,3.22484924534496E-4,1.544704978253013
15,5,1737.8008287493763,3.3780823139797846E-4,1.5447133408467921
15,5,1819.7008586099844,3.538736143393463E-4,1.5447225859082434
15,5,1905.4607179632483,3.7071938158718545E-4,1.54473281509587
15,5,1995.262314968881,3.8838625248231804E-4,1.5447441436652953
15,5,2089.2961308540407,4.0691759412570525E-4,1.5447567026715967
15,5,2187.761623949552,4.2635969832515553E-4,1.5447706416326665
15,5,2290.8676527677726,4.467621452484319E-4,1.5447861336144202
15,5,2398.83291901949,4.6817805580579155E-4,1.5448033720751384
15,5,2511.88643150958,4.90664761897406E-4,1.5448225860970697
15,5,2630.2679918953813,5.142842538740567E-4,1.5448440396881877
15,5,2754.2287033381663,5.391039207835655E-4,1.544868040907989
15,5,2884.031503126606,5.651974402326473E-4,1.5448949513949934
15,5,3019.9517204020162,5.926459043992733E-4,1.5449251983590637
15,5,3162.2776601683795,6.215392723489815E-4,1.5449592901139402
15,5,3311.311214825911,6.519782676346552E-4,1.5449978361955894
15,5,3467.368504525317,6.840769009979135E-4,1.5450415738094512
15,5,3630.780547701014,7.179658875280781E-4,1.5450914031189567
15,5,3801.8939632056126,7.537973638402514E-4,1.5451484348891562
15,5,3981.0717055349733,7.917515456813345E-4,1.545214055938674
15,5,4168.693834703355,8.320463460712288E-4,1.545290020455182
15,5,4365.158322401661,8.749516526216859E-4,1.5453785799770172
15,5,4570.881896148751,9.208111689080662E-4,1.5454826721767003
15,5,4786.300923226385,9.700770018114394E-4,1.5456062011981455
15,5,5011.872336272725,0.0010233666910497402,1.5457544642737542
15,5,5248.074602497728,0.0010815618436830965,1.5459348177269168
15,5,5495.408738576249,0.0011459888343124658,1.546157742359171
15,5,5754.399373371572,0.0012187742960126436,1.5464385782131804
15,5,6025.5958607435805,0.0013036109833398921,1.546800325871758
15,5,6309.573444801937,0.0014076189813611955,1.5472776634938035
15,5,6606.9344800759645,0.0015467032512612756,1.5479184018838128
15,5,6918.309709189362,0.001765565511348458,1.5487396624477487
15,5,7244.359600749898,0.0022583155920708406,1.5490536069185938
15,5,7585.775750291836,0.007216528931150848,1.5054129608668219
15,5,7943.282347242814,7.042067181784336E-5,0.47698378313446416
15,5,8317.63771102671,8.796690865862241E-4,1.5185553233218174
15,5,8709.635899560806,0.0011751214777742348,1.5321764944791627
15,5,9120.108393559096,0.001356995819229398,1.5363944422158646
15,5,9549.92586021436,0.0014985696213452098,1.5384093577639262
15,5,10000,0.0016228307746431372,1.5395844857870995
15,10,1,3.97145605701926E-7,1.545294382820159
15,10,1.0471285480508996,4.158625005802304E-7,1.5452943827718226
15,10,1.096478196143185,4.35461497198737E-7,1.545294382812261
15,10,1.1481536214968828,4.559841660562403E-7,1.5452943828499222
15,10,1.202264434617413,4.77474038710349E-7,1.5452943828963364
15,10,1.2589254117941673,4.999766980586869E-7,1.5452943829491177
15,10,1.318256738556407,5.235398751935457E-7,1.545294383005758
15,10,1.3803842646028848,5.482135508681313E-7,1.5452943830681436
15,10,1.4454397707459274,5.74050061143251E-7,1.5452943831313362
15,10,1.5135612484362082,6.011042084153045E-7,1.54529438318387
15,10,1.5848931924611136,6.294333790575435E-7,1.5452943832583337
15,10,1.6595869074375607,6.59097662778135E-7,1.5452943833435373
15,10,1.7378008287493754,6.901599815589967E-7,1.5452943834393196
15,10,1.8197008586099834,7.226862231561722E-7,1.5452943835573247
15,10,1.9054607179632472,7.56745383711686E-7,1.545294383802804
15,10,1.9952623149688795,7.924096997371298E-7,1.5452943839412727
15,10,2.0892961308540396,8.297548234448691E-7,1.5452943840814977
15,10,2.1877616239495525,8.68859969734643E-7,1.5452943842438052
15,10,2.290867652767773,9.098080852771907E-7,1.5452943844110223
15,10,2.3988329190194904,9.52686026979106E-7,1.5452943845924458
15,10,2.51188643150958,9.97584744987947E-7,1.545294384793816
15,10,2.6302679918953817,1.0445994803907439E-6,1.5452943851159104
15,10,2.7542287033381663,1.0938299496877517E-6,1.5452943853759158
15,10,2.884031503126606,1.1453805808687398E-6,1.5452943856501107
15,10,3.019951720402016,1.1993607203862342E-6,1.5452943859489612
15,10,3.1622776601683795,1.2558848701234765E-6,1.545294386317657
15,10,3.311311214825911,1.3150729256093551E-6,1.5452943867505395
15,10,3.4673685045253166,1.3770504257576072E-6,1.545294387123033
15,10,3.630780547701014,1.4419488393788841E-6,1.5452943875396492
15,10,3.8018939632056115,1.5099058246852324E-6,1.5452943879927041
15,10,3.9810717055349722,1.5810655283292609E-6,1.5452943884875652
15,10,4.168693834703354,1.6555788999259064E-6,1.5452943891583972
15,10,4.36515832240166,1.7336039777531831E-6,1.545294389788661
15,10,4.570881896148751,1.8153062773152591E-6,1.5452943905541991
15,10,4.786300923226384,1.9008590899540312E-6,1.5452943913135524
15,10,5.011872336272724,1.990443899235017E-6,1.5452943922301916
15,10,5.248074602497725,2.0842507141723113E-6,1.5452943931448206
15,10,5.495408738576246,2.182478520040213E-6,1.5452943941438033
15,10,5.7543993733715695,2.285335679948209E-6,1.5452943952976403
15,10,6.025595860743578,2.3930403667030834E-6,1.5452943965736832
15,10,6.309573444801933,2.50582103756951E-6,1.5452943979595615
15,10,6.606934480075961,2.6239169137828387E-6,1.545294399422922
15,10,6.918309709189364,2.747578511965487E-6,1.5452944011081062
15,10,7.244359600749901,2.87706812575962E-6,1.5452944029076028
15,10,7.5857757502918375,3.012660426239204E-6,1.5452944048454513
15,10,7.943282347242816,3.1546430377212994E-6,1.5452944070046752
15,10,8.31763771102671,3.3033171226386534E-6,1.5452944093354446
15,10,8.709635899560807,3.458998067146861E-6,1.5452944119935916
15,10,9.120108393559097,3.6220160727684046E-6,1.5452944148097985
15,10,9.549925860214358,3.792716970557473E-6,1.545294418039537
15,10,10,3.971462809479886E-6,1.5452944214419584
15,10,10.471285480508996,4.158632773833166E-6,1.5452944252031764
15,10,10.964781961431852,4.354623900575451E-6,1.5452944293878637
15,10,11.481536214968829,4.559851913892744E-6,1.5452944339290748
15,10,12.02264434617413,4.774752165005211E-6,1.5452944389292893
15,10,12.589254117941675,4.999780498702296E-6,1.5452944443671357
15,10,13.182567385564074,5.235414263255386E-6,1.5452944503076527
15,10,13.803842646028853,5.482153311090361E-6,1.5452944568338347
15,10,14.454397707459272,5.7405210586182835E-6,1.5452944640426425
15,10,15.13561248436208,6.011065554789337E-6,1.5452944718792034
15,10,15.848931924611133,6.294360756644539E-6,1.545294480576827
15,10,16.595869074375607,6.591007579738037E-6,1.5452944900188876
15,10,17.378008287493753,6.901635350169133E-6,1.5452945003965524
15,10,18.197008586099834,7.226903021521582E-6,1.5452945117691215
15,10,19.054607179632473,7.5675006327356055E-6,1.5452945242706098
15,10,19.952623149688797,7.924150712547821E-6,1.5452945379229819
15,10,20.892961308540396,8.297609921904886E-6,1.545294552957488
15,10,21.87761623949553,8.688670523713356E-6,1.5452945694121352
15,10,22.908676527677734,9.098162172677988E-6,1.5452945874445956
15,10,23.98832919019491,9.526953638687654E-6,1.5452946072178086
15,10,25.11886431509581,9.975954657815235E-6,1.5452946289108243
15,10,26.302679918953814,1.0446117854733572E-5,1.5452946526961064
15,10,27.542287033381662,1.0938440768620639E-5,1.545294678751313
15,10,28.84031503126606,1.1453968011182276E-5,1.5452947073298933
15,10,30.19951720402016,1.1993793465262068E-5,1.5452947387165328
15,10,31.622776601683793,1.2559062527641455E-5,1.5452947730636448
15,10,33.11311214825911,1.31509747456957E-5,1.5452948107805482
15,10,34.673685045253166,1.3770786160979676E-5,1.5452948521330934
15,10,36.30780547701014,1.4419812068703225E-5,1.5452948974219614
15,10,38.018939632056124,1.5099429947347822E-5,1.5452949471741664
15,10,39.810717055349734,1.5811082006215473E-5,1.5452950015487614
15,10,41.68693834703355,1.655627888106328E-5,1.545295061279399
15,10,43.65158322401661,1.733660225404229E-5,1.545295126773777
15,10,45.708818961487516,1.8153708540715995E-5,1.5452951985855743
15,10,47.86300923226383,1.900933230798882E-5,1.5452952772589745
15,10,50.11872336272722,1.9905290239203578E-5,1.545295363639934
15,10,52.48074602497726,2.0843484546716085E-5,1.5452954583150562
15,10,54.954087385762456,2.1825907542801647E-5,1.5452955622075
15,10,57.543993733715695,2.2854645478521254E-5,1.5452956761022447
15,10,60.25595860743578,2.393188328631466E-5,1.545295800951101
15,10,63.09573444801933,2.50599092914801E-5,1.5452959378918492
15,10,66.06934480075961,2.6241119917446427E-5,1.5452960880504876
15,10,69.18309709189366,2.7478025068397157E-5,1.545296252757707
15,10,72.44359600749902,2.877325333913853E-5,1.545296433392975
15,10,75.8577575029184,3.0129557711701957E-5,1.5452966314278718
15,10,79.43282347242817,3.154982180655414E-5,1.5452968486667265
15,10,83.17637711026708,3.303706560295275E-5,1.5452970868612277
15,10,87.09635899560806,3.4594452610307484E-5,1.545297348180678
15,10,91.20108393559097,3.6225295993373176E-5,1.5452976347083427
15,10,95.49925860214358,3.793306659134918E-5,1.545297948998596
15,10,100,3.9721400064185936E-5,1.5452982937930155
15,10,104.71285480508996,4.159410457560039E-5,1.545298671901395
15,10,109.64781961431851,4.355516979506492E-5,1.5452990865982874
15,10,114.81536214968828,4.560877564923586E-5,1.5452995415906936
15,10,120.22644346174131,4.7759300797768774E-5,1.545300040650322
15,10,125.89254117941675,5.001133313043237E-5,1.5453005880596995
15,10,131.82567385564073,5.2369680078083224E-5,1.545301188648901
15,10,138.03842646028852,5.48393786465922E-5,1.5453018474959301
15,10,144.5439770745928,5.742570789471604E-5,1.5453025704615178
15,10,151.35612484362088,6.013419946540574E-5,1.5453033636294637
15,10,158.48931924611142,6.297065192155793E-5,1.5453042340471448
15,10,165.95869074375614,6.594114250949113E-5,1.545305189170956
15,10,173.78008287493762,6.905204268856106E-5,1.5453062374602686
15,10,181.97008586099844,7.231003166300974E-5,1.5453073879682009
15,10,190.54607179632484,7.572211355145832E-5,1.5453086508926108
15,10,199.52623149688807,7.92956329599291E-5,1.545310037293485
15,10,208.92961308540387,8.303829401847817E-5,1.5453115595802924
15,10,218.77616239495518,8.695817733617373E-5,1.5453132310877575
15,10,229.08676527677724,9.106376407649121E-5,1.5453150672796496
15,10,239.88329190194898,9.536396901611799E-5,1.5453170885143708
15,10,251.18864315095797,9.986810876916196E-5,1.5453193070124631
15,10,263.02679918953817,1.0458598437394209E-4,1.5453217418396519
15,10,275.4228703338166,1.0952790500449529E-4,1.5453244176041412
15,10,288.40315031266056,1.147046910461985E-4,1.5453273589864485
15,10,301.9951720402016,1.2012771432990658E-4,1.5453305933645973
15,10,316.22776601683796,1.2580892937767325E-4,1.5453341508422518
15,10,331.1311214825911,1.3176097332270767E-4,1.5453380757673627
15,10,346.73685045253166,1.3799696329461122E-4,1.545342384980046
15,10,363.0780547701014,1.4453087037677396E-4,1.545347127268099
15,10,380.1893963205613,1.513773779652812E-4,1.545352349864018
15,10,398.1071705534973,1.5855196121151427E-4,1.545358104456907
15,10,416.8693834703355,1.6607093524836255E-4,1.5453644470189452
15,10,436.5158322401661,1.7395153406694674E-4,1.5453714411893817
15,10,457.0881896148752,1.8221193997486798E-4,1.5453791541167607
15,10,478.6300923226385,1.908690517594197E-4,1.5453873850745428
15,10,501.18723362727246,1.9994686616363685E-4,1.5453966672211454
15,10,524.8074602497728,2.0946668554157875E-4,1.54540704280722
15,10,549.5408738576248,2.1945076750436165E-4,1.5454185346980078
15,10,575.4399373371573,2.2992355055995422E-4,1.5454312644711767
15,10,602.5595860743581,2.409113342733905E-4,1.5454453933403214
15,10,630.9573444801937,2.524419733427226E-4,1.5454610770361867
15,10,660.6934480075957,2.6454559292066166E-4,1.545478517968699
15,10,691.8309709189363,2.772546836694561E-4,1.545497951819781
15,10,724.4359600749899,2.9060402631978644E-4,1.5455196222230703
15,10,758.5775750291835,3.046317129126472E-4,1.5455438406987654
15,10,794.3282347242813,3.1937924725393803E-4,1.5455709633783365
15,10,831.7637711026708,3.3489222776656905E-4,1.5456014089052483
15,10,870.9635899560806,3.51221239634006E-4,1.5456356803939277
15,10,912.0108393559096,3.684224124004245E-4,1.5456743556838535
15,10,954.992586021436,3.865587370821932E-4,1.545718116698748
15,10,1000,4.0570386787144093E-4,1.5457678958600591
15,10,1047.1285480508996,4.2594112838243857E-4,1.5458247211932024
15,10,1096.4781961431852,4.473689980495465E-4,1.5458899026435666
15,10,1148.1536214968828,4.701055782425046E-4,1.5459650935831577
15,10,1202.2644346174131,4.942993643457674E-4,1.5460525683200348
15,10,1258.9254117941675,5.201234098115488E-4,1.5461546803818054
15,10,1318.2567385564075,5.478150469413477E-4,1.5462751573266087
15,10,1380.3842646028852,5.776845550093952E-4,1.5464187174732866
15,10,1445.439770745928,6.101632689422467E-4,1.5465918764858322
15,10,1513.5612484362086,6.458757138471305E-4,1.5468037571191013
15,10,1584.893192461114,6.857766253129702E-4,1.5470675259108877
15,10,1659.5869074375614,7.314244941024409E-4,1.5474027915567103
15,10,1737.8008287493763,7.855830911882046E-4,1.5478396792331968
15,10,1819.7008586099844,8.537263909458456E-4,1.5484254128122437
15,10,1905.4607179632483,9.485564586490582E-4,1.5492305683985075
15,10,1995.262314968881,0.0011081019245393062,1.5503049929738908
15,10,2089.2961308540407,0.0015228168091330765,1.550719285104529
15,10,2187.761623949552,0.06297038786259039,-0.32329800070495035
15,10,2290.8676527677726,9.186415323223236E-5,1.2309729712108994
15,10,2398.83291901949,5.026180587979409E-4,1.5193771683326722
15,10,2511.88643150958,6.698285078164402E-4,1.5320483815402954
15,10,2630.2679918953813,7.764906009021801E-4,1.5362679693684274
15,10,2754.2287033381663,8.601834254126247E-4,1.5383432832505715
15,10,2884.031503126606,9.335363286359111E-4,1.539569328488603
15,10,3019.9517204020162,0.0010020353158093462,1.5403762220250379
15,10,3162.2776601683795,0.001068488818484351,1.5409467415133171
15,10,3311.311214825911,0.0011345189298268689,1.541371495836809
15,10,3467.368504525317,0.0012011590786461899,1.5417004664927785
15,10,3630.780547701014,0.0012691264841422558,1.541963497566986
15,10,3801.8939632056126,0.0013389592843019143,1.5421795501971587
15,10,3981.0717055349733,0.0014110913518674034,1.5423613026366945
15,10,4168.693834703355,0.0014858962877401735,1.5425176177229871
15,10,4365.158322401661,0.0015637154682446059,1.5426549537507304
15,10,4570.881896148751,0.0016448778093300055,1.5427782188795178
15,10,4786.300923226385,0.0017297158454306109,1.5428913220102873
15,10,5011.872336272725,0.001818581507352258,1.5429975578896713
15,10,5248.074602497728,0.001911865457698289,1.5430999154076332
15,10,5495.408738576249,0.0020100262843729807,1.5432013843232992
15,10,5754.399373371572,0.0021136439055307005,1.5433053698398942
15,10,6025.5958607435805,0.002223537132657645,1.5434164629923974
15,10,6309.573444801937,0.0023410848458960353,1.5435423495551315
15,10,6606.9344800759645,0.0024694135761832497,1.5437001724499468
15,10,6918.309709189362,0.0026209150330026762,1.543948066517521
15,10,7244.359600749898,0.0032837630078239094,1.5404416744109575
15,10,7585.775750291836,0.0027874243404112705,1.5432872370196475
15,10,7943.282347242814,0.0029775857816122836,1.5438006796039039
15,10,8317.63771102671,0.0031609840152964216,1.5441058206612999
15,10,8709.635899560806,0.003362635288703174,1.544427808294862
15,10,9120.108393559096,0.0036053741369594695,1.5448516951028408
15,10,9549.92586021436,0.003973434165687984,1.545482035288988
15,10,10000,0.007463015090337119,1.517971489836496
15,12,1,4.813285334268813E-7,1.5455315865386898
15,12,1.0471285480508996,5.040128501207785E-7,1.5455315866178085
15,12,1.096478196143185,5.27766245327448E-7,1.5455315866776325
15,12,1.1481536214968828,5.526391040601431E-7,1.5455315867544863
15,12,1.202264434617413,5.786841849700966E-7,1.5455315868453956
15,12,1.2589254117941673,6.059567333319003E-7,1.5455315869542028
15,12,1.318256738556407,6.345145973596752E-7,1.5455315870601616
15,12,1.3803842646028848,6.644183527587592E-7,1.5455315871858581
15,12,1.4454397707459274,6.957314289822949E-7,1.5455315873141875
15,12,1.5135612484362082,7.285202443624327E-7,1.5455315874163074
15,12,1.5848931924611136,7.628543507677944E-7,1.5455315875655937
15,12,1.6595869074375607,7.988065749942932E-7,1.5455315877427598
15,12,1.7378008287493754,8.364531762049772E-7,1.5455315879341627
15,12,1.8197008586099834,8.75874009335061E-7,1.5455315881776133
15,12,1.9054607179632472,9.171527000344918E-7,1.5455315886770171
15,12,1.9952623149688795,9.603767866000642E-7,1.5455315889451473
15,12,2.0892961308540396,1.0056379627788938E-6,1.5455315892291912
15,12,2.1877616239495525,1.053032234998549E-6,1.545531589552901
15,12,2.290867652767773,1.1026601317210048E-6,1.5455315898889028
15,12,2.3988329190194904,1.1546269217682172E-6,1.545531590259564
15,12,2.51188643150958,1.2090428341564878E-6,1.54553159066964
15,12,2.6302679918953817,1.2660233053491391E-6,1.5455315913440222
15,12,2.7542287033381663,1.3256891758092969E-6,1.5455315918588166
15,12,2.884031503126606,1.388167015518105E-6,1.5455315924036437
15,12,3.019951720402016,1.4535893504747813E-6,1.5455315930083842
15,12,3.1622776601683795,1.522094960048504E-6,1.5455315938081053
15,12,3.311311214825911,1.593829144104033E-6,1.5455315946346702
15,12,3.4673685045253166,1.668944052696865E-6,1.5455315953802904
15,12,3.630780547701014,1.7475990279016346E-6,1.5455315962199094
15,12,3.8018939632056115,1.829960907317103E-6,1.5455315971377015
15,12,3.9810717055349722,1.9162043904406867E-6,1.5455315981084499
15,12,4.168693834703354,2.0065124433877112E-6,1.5455315994789296
15,12,4.36515832240166,2.1010765798389327E-6,1.5455316007462065
15,12,4.570881896148751,2.2000974195161746E-6,1.545531602291917
15,12,4.786300923226384,2.3037849727063132E-6,1.5455316038199165
15,12,5.011872336272724,2.412359213474954E-6,1.5455316056859756
15,12,5.248074602497725,2.5260504095603227E-6,1.5455316075471743
15,12,5.495408738576246,2.6450997486395584E-6,1.5455316096817802
15,12,5.7543993733715695,2.7697597308186035E-6,1.5455316118887559
15,12,6.025595860743578,2.9002948190197024E-6,1.545531614477087
15,12,6.309573444801933,3.0369818807243277E-6,1.5455316172787952
15,12,6.606934480075961,3.180110853220306E-6,1.5455316202932525
15,12,6.918309709189364,3.329985355731052E-6,1.5455316236419474
15,12,7.244359600749901,3.4869232944798586E-6,1.5455316272830941
15,12,7.5857757502918375,3.6512575620363543E-6,1.5455316311983927
15,12,7.943282347242816,3.8233367726662485E-6,1.5455316355750515
15,12,8.31763771102671,4.003525913337451E-6,1.5455316402393047
15,12,8.709635899560807,4.192207279794336E-6,1.5455316456254344
15,12,9.120108393559097,4.389781028405402E-6,1.5455316512983208
15,12,9.549925860214358,4.596666386793787E-6,1.5455316579187706
15,12,10,4.8133020633026725E-6,1.5455316647637958
15,12,10.471285480508996,5.0401476648894154E-6,1.5455316721941543
15,12,10.964781961431852,5.2776845038127015E-6,1.545531680712336
15,12,11.481536214968829,5.52641636749737E-6,1.5455316898997873
15,12,12.02264434617413,5.786870953185441E-6,1.5455317000372597
15,12,12.589254117941675,6.0596007301396235E-6,1.545531710997806
15,12,13.182567385564074,6.345184290130947E-6,1.5455317229730137
15,12,13.803842646028853,6.644227538149136E-6,1.5455317362686871
15,12,14.454397707459272,6.957364811944515E-6,1.5455317507526165
15,12,15.13561248436208,7.28526041648929E-6,1.545531766516585
15,12,15.848931924611133,7.62861016721106E-6,1.5455317842330156
15,12,16.595869074375607,7.988142231827885E-6,1.545531803233226
15,12,17.378008287493753,8.364619590105425E-6,1.5455318242577978
15,12,18.197008586099834,8.758840950668813E-6,1.5455318473441901
15,12,19.054607179632473,9.171642651568015E-6,1.5455318724803357
15,12,19.952623149688797,9.60390067541868E-6,1.5455319001869738
15,12,20.892961308540396,1.0056532138446851E-5,1.5455319305532917
15,12,21.87761623949553,1.0530497447802201E-5,1.5455319637903144
15,12,22.908676527677734,1.102680232730168E-5,1.5455320001714539
15,12,23.98832919019491,1.1546499977818655E-5,1.5455320400661878
15,12,25.11886431509581,1.2090693329814989E-5,1.545532083946156
15,12,26.302679918953814,1.2660537288554463E-5,1.545532132185783
15,12,27.542287033381662,1.3257241038258643E-5,1.5455321848272585
15,12,28.84031503126606,1.3882071161796122E-5,1.545532242547266
15,12,30.19951720402016,1.4536354016144993E-5,1.5455323060199502
15,12,31.622776601683793,1.522147831833158E-5,1.5455323755769614
15,12,33.11311214825911,1.5938898443794546E-5,1.5455324517558464
15,12,34.673685045253166,1.6690137597664414E-5,1.5455325353762872
15,12,36.30780547701014,1.7476790711733465E-5,1.5455326270119398
15,12,38.018939632056124,1.8300528170052054E-5,1.545532727467152
15,12,39.810717055349734,1.916309929228924E-5,1.5455328376239703
15,12,41.68693834703355,2.0066336067931002E-5,1.5455329584440485
15,12,43.65158322401661,2.1012157005291453E-5,1.5455330908789158
15,12,45.708818961487516,2.200257147811428E-5,1.54553323613637
15,12,47.86300923226383,2.3039683754625087E-5,1.545533395373681
15,12,50.11872336272722,2.412569783341272E-5,1.5455335700181578
15,12,52.48074602497726,2.5262922108956428E-5,1.5455337616776226
15,12,54.954087385762456,2.6453774016816395E-5,1.5455339718444598
15,12,57.543993733715695,2.7700785718610453E-5,1.5455342023367424
15,12,60.25595860743578,2.9006609403072912E-5,1.545534455131273
15,12,63.09573444801933,3.0374022921414787E-5,1.5455347322897635
15,12,66.06934480075961,3.1805936307398365E-5,1.5455350363361675
15,12,69.18309709189366,3.330539749850235E-5,1.5455353697895862
15,12,72.44359600749902,3.4875599443592956E-5,1.5455357355253876
15,12,75.8577575029184,3.651988683668809E-5,1.5455361365990072
15,12,79.43282347242817,3.82417640142662E-5,1.5455365766106246
15,12,83.17637711026708,4.004490195201563E-5,1.5455370592586046
15,12,87.09635899560806,4.193314702160098E-5,1.5455375887430454
15,12,91.20108393559097,4.391052920060165E-5,1.5455381695948642
15,12,95.49925860214358,4.598127131301798E-5,1.5455388068239584
15,12,100,4.8149798715121015E-5,1.5455395060454247
15,12,104.71285480508996,5.042074823541499E-5,1.5455402730108172
15,12,109.64781961431851,5.279898067874026E-5,1.5455411145773115
15,12,114.81536214968828,5.528959075837964E-5,1.5455420381507512
15,12,120.22644346174131,5.789791899065778E-5,1.5455430518192392
15,12,125.89254117941675,6.062956365632892E-5,1.5455441642469951
15,12,131.82567385564073,6.349039503790909E-5,1.5455453851665504
15,12,138.03842646028852,6.648656923483971E-5,1.5455467253852078
15,12,144.5439770745928,6.962454292052793E-5,1.545548196845073
15,12,151.35612484362088,7.291108792443173E-5,1.5455498123549511
15,12,158.48931924611142,7.63533093817925E-5,1.5455515862169917
15,12,165.95869074375614,7.995866437799897E-5,1.545553534554805
15,12,173.78008287493762,8.373497890105392E-5,1.545555674845782
15,12,181.97008586099844,8.769046723233764E-5,1.5455580259152908
15,12,190.54607179632484,9.183375870174959E-5,1.5455606094620307
15,12,199.52623149688807,9.617391751888662E-5,1.545563449283555
15,12,208.92961308540387,1.0072046486019527E-4,1.5455665708722388
15,12,218.77616239495518,1.054834163133592E-4,1.5455700040836808
15,12,229.08676527677724,1.104733075927195E-4,1.545573782393713
15,12,239.88329190194898,1.1570125817961657E-4,1.5455779493084274
15,12,251.18864315095797,1.2117886436257637E-4,1.5455825310756481
15,12,263.02679918953817,1.2691839066486017E-4,1.5455875689499428
15,12,275.4228703338166,1.3293280773163578E-4,1.5455931169777137
15,12,288.40315031266056,1.3923577611810365E-4,1.5455992309635247
15,12,301.9951720402016,1.4584171313095952E-4,1.545605972449106
15,12,316.22776601683796,1.527658568477995E-4,1.545613410818912
15,12,331.1311214825911,1.600245087677682E-4,1.5456216491848724
15,12,346.73685045253166,1.676343704018619E-4,1.5456307218345542
15,12,363.0780547701014,1.7561368374782152E-4,1.5456407476855083
15,12,380.1893963205613,1.8398167972524777E-4,1.5456518379657866
15,12,398.1071705534973,1.927588132803938E-4,1.5456641172378882
15,12,416.8693834703355,2.019668853134502E-4,1.545677725777925
15,12,436.5158322401661,2.116291638358951E-4,1.5456928201539806
15,12,457.0881896148752,2.2177048321811964E-4,1.5457095702486183
15,12,478.6300923226385,2.3241154250637115E-4,1.54572760326401
15,12,501.18723362727246,2.435906349267061E-4,1.5457480936009598
15,12,524.8074602497728,2.5533816878481547E-4,1.5457711949621362
15,12,549.5408738576248,2.6768635360997756E-4,1.545797045873742
15,12,575.4399373371573,2.806723037034334E-4,1.5458260039196419
15,12,602.5595860743581,2.943377237554788E-4,1.5458585563690355
15,12,630.9573444801937,3.087279153897827E-4,1.545895198469753
15,12,660.6934480075957,3.238945037005512E-4,1.545936589909358
15,12,691.8309709189363,3.3989624258828075E-4,1.5459835371405783
15,12,724.4359600749899,3.5679928933653215E-4,1.546036936634154
15,12,758.5775750291835,3.7468171955109956E-4,1.5460979647906292
15,12,794.3282347242813,3.936357093222478E-4,1.5461680662569963
15,12,831.7637711026708,4.137724363450946E-4,1.546249055647014
15,12,870.9635899560806,4.3522983270812297E-4,1.546343284674104
15,12,912.0108393559096,4.581802114590678E-4,1.546453686712336
15,12,954.992586021436,4.828483353646853E-4,1.5465841538785472
15,12,1000,5.095435721219608E-4,1.5467401831802856
15,12,1047.1285480508996,5.386932148472028E-4,1.5469290306294834
15,12,1096.4781961431852,5.709279907467025E-4,1.5471610379712655
15,12,1148.1536214968828,6.072314913155296E-4,1.5474513069677107
15,12,1202.2644346174131,6.492677192669915E-4,1.5478231188006852
15,12,1258.9254117941675,6.999810982558195E-4,1.548310117376872
15,12,1318.2567385564075,7.655438587094936E-4,1.5489676612883363
15,12,1380.3842646028852,8.61045586379962E-4,1.5498729129084652
15,12,1445.439770745928,0.0010365239729463688,1.551022288399725
15,12,1513.5612484362086,0.0016185656212672243,1.5499133274342922
15,12,1584.893192461114,0.0017763930545431617,-1.5070775050443324
15,12,1659.5869074375614,1.9711596103111866E-4,1.448837312251827
15,12,1737.8008287493763,4.671939705201205E-4,1.5235136966548415
15,12,1819.7008586099844,5.957196295922547E-4,1.5331141733174207
15,12,1905.4607179632483,6.830363575803553E-4,1.536743910084155
15,12,1995.262314968881,7.536367994439208E-4,1.5386274589779314
15,12,2089.2961308540407,8.164742574728139E-4,1.539773697229197
15,12,2187.761623949552,8.756381436542184E-4,1.5405421972122004
15,12,2290.8676527677726,9.332960803989934E-4,1.5410923771953986
15,12,2398.83291901949,9.907302722277221E-4,1.5415054634151046
15,12,2511.88643150958,0.0010487765237875383,1.541827267911184
15,12,2630.2679918953813,0.0011080236887328952,1.5420855494802614
15,12,2754.2287033381663,0.0011689195392507478,1.5422981624571988
15,12,2884.031503126606,0.0012318291502323327,1.5424771672334803
15,12,3019.9517204020162,0.001297070035247015,1.5426310724220686
15,12,3162.2776601683795,0.0013649352846273844,1.542766137524216
15,12,3311.311214825911,0.0014357109028167029,1.5428871791017995
15,12,3467.368504525317,0.0015096915232698713,1.5429981107862467
15,12,3630.780547701014,0.0015871985732271285,1.5431023533202783
15,12,3801.8939632056126,0.0016686071808636952,1.543203221202037
15,12,3981.0717055349733,0.0017543954244474585,1.543304422199474
15,12,4168.693834703355,0.0018452522647034878,1.5434109542063068
15,12,4365.158322401661,0.0019423629056291374,1.543531233422858
15,12,4570.881896148751,0.002048372849994171,1.543683650048249
15,12,4786.300923226385,0.00217225225855852,1.5439247580769009
15,12,5011.872336272725,0.002395826431216154,1.5445154333652318
15,12,5248.074602497728,0.0021839051537561878,1.541603409559077
15,12,5495.408738576249,0.002404026912104308,1.5431722938250454
15,12,5754.399373371572,0.002551933236962104,1.5435145693072374
15,12,6025.5958607435805,0.002696153984029233,1.543726204948648
15,12,6309.573444801937,0.0028457816366352566,1.54390984392323
15,12,6606.9344800759645,0.0030046814061292296,1.5440963992464494
15,12,6918.309709189362,0.0031762557069471083,1.5443038558538675
15,12,7244.359600749898,0.00336570218983803,1.5445510111074054
15,12,7585.775750291836,0.0036132588778046123,1.5445474826394356
15,12,7943.282347242814,0.0037944948829415695,1.5450620414475937
15,12,8317.63771102671,0.004087332773140903,1.5455946083655012
15,12,8709.635899560806,0.004466138948676889,1.5462506264315183
15,12,9120.108393559096,0.005052074609495365,1.5471072470958138
15,12,9549.92586021436,0.006390613699435431,1.547449821714218
15,12,10000,0.030009080413748154,1.4427746846208482
15,15,1,6.099548280001072E-7,1.5458469311164724
15,15,1.0471285480508996,6.38701123161411E-7,1.5458469314542076
15,15,1.096478196143185,6.688021803252217E-7,1.5458469314736527
15,15,1.1481536214968828,7.003218622164907E-7,1.545846931669701
15,15,1.202264434617413,7.333270220971865E-7,1.54584693189266
15,15,1.2589254117941673,7.678876684769686E-7,1.5458469321418449
15,15,1.318256738556407,8.040771081150105E-7,1.5458469323829158
15,15,1.3803842646028848,8.419721063187242E-7,1.5458469326856525
15,15,1.4454397707459274,8.816530416928239E-7,1.545846933001552
15,15,1.5135612484362082,9.232040801318927E-7,1.5458469332570957
15,15,1.5848931924611136,9.667133636144969E-7,1.5458469336163743
15,15,1.6595869074375607,1.012273180126563E-6,1.545846934040411
15,15,1.7378008287493754,1.0599801672291029E-6,1.5458469344981711
15,15,1.8197008586099834,1.1099355217545771E-6,1.5458469350609318
15,15,1.9054607179632472,1.1622452376139E-6,1.5458469363234444
15,15,1.9952623149688795,1.2170202041843683E-6,1.545846936976978
15,15,2.0892961308540396,1.2743766378258583E-6,1.5458469376458501
15,15,2.1877616239495525,1.3344362051157081E-6,1.5458469384230544
15,15,2.290867652767773,1.3973262966574386E-6,1.5458469392284764
15,15,2.3988329190194904,1.4631803146104714E-6,1.5458469401111086
15,15,2.51188643150958,1.5321379421931204E-6,1.545846941034573
15,15,2.6302679918953817,1.6043454983586836E-6,1.5458469426870258
15,15,2.7542287033381663,1.6799560655021772E-6,1.5458469439147866
15,15,2.884031503126606,1.7591300582272793E-6,1.545846945207912
15,15,3.019951720402016,1.84203542589578E-6,1.5458469466767915
15,15,3.1622776601683795,1.9288480676607836E-6,1.5458469488193642
15,15,3.311311214825911,2.0197520412706987E-6,1.5458469506285213
15,15,3.4673685045253166,2.114940190373682E-6,1.545846952389518
15,15,3.630780547701014,2.2146144525970984E-6,1.5458469544053288
15,15,3.8018939632056115,2.3189862490591713E-6,1.5458469566349078
15,15,3.9810717055349722,2.4282769609577257E-6,1.5458469589808848
15,15,4.168693834703354,2.542718511926901E-6,1.545846962320728
15,15,4.36515832240166,2.6625535081285703E-6,1.545846965357125
15,15,4.570881896148751,2.788036267655879E-6,1.5458469691582135
15,15,4.786300923226384,2.9194328494518688E-6,1.5458469728056192
15,15,5.011872336272724,3.0570221017696795E-6,1.5458469773046046
15,15,5.248074602497725,3.2010957589557727E-6,1.5458469817662077
15,15,5.495408738576246,3.351959539026016E-6,1.5458469869521663
15,15,5.7543993733715695,3.509933359729868E-6,1.5458469922187408
15,15,6.025595860743578,3.6753524547203025E-6,1.545846998441323
15,15,6.309573444801933,3.848567657846206E-6,1.5458470052258804
15,15,6.606934480075961,4.029946386405939E-6,1.5458470124977535
15,15,6.918309709189364,4.21987344921794E-6,1.5458470205904211
15,15,7.244359600749901,4.418751702514082E-6,1.5458470293363118
15,15,7.5857757502918375,4.627003025633407E-6,1.5458470387756724
15,15,7.943282347242816,4.845069260028275E-6,1.5458470492950644
15,15,8.31763771102671,5.073412912674874E-6,1.5458470605333718
15,15,8.709635899560807,5.312518619838198E-6,1.5458470735556555
15,15,9.120108393559097,5.562893341094748E-6,1.545847087225717
15,15,9.549925860214358,5.825068613050353E-6,1.545847103147068
15,15,10,6.0996002421252514E-6,1.5458471198650947
15,15,10.471285480508996,6.387070597137131E-6,1.545847137389004
15,15,10.964781961431852,6.688090147922117E-6,1.545847157889294
15,15,11.481536214968829,7.0032971651535215E-6,1.5458471801597435
15,15,12.02264434617413,7.333360450395378E-6,1.5458472045070029
15,15,12.589254117941675,7.678980241208428E-6,1.545847230934915
15,15,13.182567385564074,8.040889904006968E-6,1.5458472597983408
15,15,13.803842646028853,8.419857556788725E-6,1.5458472918655939
15,15,14.454397707459272,8.816687117368418E-6,1.54584732679049
15,15,15.13561248436208,9.232220580634727E-6,1.5458473647152762
15,15,15.848931924611133,9.667340396484853E-6,1.5458474074859219
15,15,16.595869074375607,1.0122969057642669E-5,1.5458474533287947
15,15,17.378008287493753,1.0600074119638722E-5,1.5458475039689519
15,15,18.197008586099834,1.109966808568948E-5,1.545847559588422
15,15,19.054607179632473,1.1622811197388106E-5,1.545847620342319
15,15,19.952623149688797,1.2170614024667178E-5,1.5458476869887032
15,15,20.892961308540396,1.2744239598792765E-5,1.5458477603591008
15,15,21.87761623949553,1.3344905251885417E-5,1.5458478402912095
15,15,22.908676527677734,1.3973886609561274E-5,1.5458479280461377
15,15,23.98832919019491,1.4632519075828788E-5,1.5458480241616652
15,15,25.11886431509581,1.5322201808250358E-5,1.5458481302228508
15,15,26.302679918953814,1.6044398910260744E-5,1.5458482461828718
15,15,27.542287033381662,1.680064457302696E-5,1.5458483733472574
15,15,28.84031503126606,1.759254511277721E-5,1.545848512571008
15,15,30.19951720402016,1.8421783625645525E-5,1.54584866578371
15,15,31.622776601683793,1.929012125775566E-5,1.5458488331335172
15,15,33.11311214825911,2.0199404516443038E-5,1.545849017217968
15,15,34.673685045253166,2.1151565679134978E-5,1.5458492188876094
15,15,36.30780547701014,2.214862917641506E-5,1.5458494398416303
15,15,38.018939632056124,2.3192715976854746E-5,1.5458496825042143
15,15,39.810717055349734,2.4286046247946605E-5,1.5458499481489736
15,15,41.68693834703355,2.5430947432710565E-5,1.5458502400162737
15,15,43.65158322401661,2.6629854765823817E-5,1.5458505591784235
15,15,45.708818961487516,2.7885322844908998E-5,1.5458509100158826
15,15,47.86300923226383,2.9200024403960723E-5,1.5458512944238505
15,15,50.11872336272722,3.057676169449334E-5,1.5458517163828902
15,15,52.48074602497726,3.201846955532202E-5,1.5458521794615006
15,15,54.954087385762456,3.3528222238081956E-5,1.5458526872157201
15,15,57.543993733715695,3.510924172382738E-5,1.5458532442079786
15,15,60.25595860743578,3.676490386050599E-5,1.5458538552926149
15,15,63.09573444801933,3.8498745250513634E-5,1.545854525277428
15,15,66.06934480075961,4.0314474693044753E-5,1.5458552609506075
15,15,69.18309709189366,4.221597622514668E-5,1.545856068017877
15,15,72.44359600749902,4.420732160006154E-5,1.5458569532768505
15,15,75.8577575029184,4.6292779916881115E-5,1.5458579246962114
15,15,79.43282347242817,4.8476826939071555E-5,1.5458589911190648
15,15,83.17637711026708,5.0764152920078974E-5,1.5458601611177263
15,15,87.09635899560806,5.3159679316027445E-5,1.5458614456555122
15,15,91.20108393559097,5.566856542704044E-5,1.5458628558154377
15,15,95.49925860214358,5.8296222108568095E-5,1.5458644035502658
15,15,100,6.10483299758772E-5,1.5458661036327825
15,15,104.71285480508996,6.393084190408085E-5,1.5458679694259905
15,15,109.64781961431851,6.695001368621617E-5,1.5458700187528114
15,15,114.81536214968828,7.011241100970601E-5,1.5458722705775063
15,15,120.22644346174131,7.342492082544983E-5,1.5458747435236717
15,15,125.89254117941675,7.68947851001819E-5,1.545877460959538
15,15,131.82567385564073,8.052961258246795E-5,1.5458804484481796
15,15,138.03842646028852,8.433739317062746E-5,1.5458837321904402
15,15,144.5439770745928,8.832653533131584E-5,1.5458873433467861
15,15,151.35612484362088,9.250587736584271E-5,1.5458913146373183
15,15,158.48931924611142,9.688473021107958E-5,1.5458956846662308
15,15,165.95869074375614,1.0147288884482464E-4,1.545900493914124
15,15,173.78008287493762,1.0628068765889011E-4,1.545905790441814
15,15,181.97008586099844,1.1131900126930536E-4,1.5459116229643806
15,15,190.54607179632484,1.1659933045917198E-4,1.5459180512357265
15,15,199.52623149688807,1.2213381161960973E-4,1.545925139570605
15,15,208.92961308540387,1.279352641119841E-4,1.5459329578854915
15,15,218.77616239495518,1.3401728287059677E-4,1.5459415893815966
15,15,229.08676527677724,1.4039428517740408E-4,1.5459511283832035
15,15,239.88329190194898,1.4708171054400913E-4,1.5459617006621869
15,15,251.18864315095797,1.540955363940971E-4,1.5459733802923268
15,15,263.02679918953817,1.6145305635302103E-4,1.5459862988112953
15,15,275.4228703338166,1.6917280877520565E-4,1.5460006155360344
15,15,288.40315031266056,1.7727456833854053E-4,1.54601650140516
15,15,301.9951720402016,1.8577954838553472E-4,1.5460341504288753
15,15,316.22776601683796,1.94710655924359E-4,1.5460537925179336
15,15,331.1311214825911,2.0409335271880425E-4,1.5460757652880421
15,15,346.73685045253166,2.1395298016294793E-4,1.5461002052535575
15,15,363.0780547701014,2.243193617995373E-4,1.5461275233704406
15,15,380.1893963205613,2.3522471925069004E-4,1.5461581359795336
15,15,398.1071705534973,2.467045402959559E-4,1.546192519364924
15,15,416.8693834703355,2.587983090373405E-4,1.546231233987792
15,15,436.5158322401661,2.7155024116582723E-4,1.546274936178141
15,15,457.0881896148752,2.8501034338296907E-4,1.5463244028917977
15,15,478.6300923226385,2.992176886476374E-4,1.5463792838218415
15,15,501.18723362727246,3.1426993930627344E-4,1.5464430030218905
15,15,524.8074602497728,3.302446532953003E-4,1.5465167552491834
15,15,549.5408738576248,3.472338916233991E-4,1.5466020241534242
15,15,575.4399373371573,3.653574190922958E-4,1.5467011449839492
15,15,602.5595860743581,3.8477182320506483E-4,1.5468173989939158
15,15,630.9573444801937,4.0567606731518554E-4,1.546954773645628
15,15,660.6934480075957,4.283446951827119E-4,1.5471189072214748
15,15,691.8309709189363,4.531664374568783E-4,1.547317607307997
15,15,724.4359600749899,4.807070878053539E-4,1.547561517068433
15,15,758.5775750291835,5.118577856885471E-4,1.547866389656713
15,15,794.3282347242813,5.481099092231005E-4,1.5482557352400856
15,15,831.7637711026708,5.921943525809931E-4,1.5487656909924556
15,15,870.9635899560806,6.497734783767724E-4,1.549452466938516
15,15,912.0108393559096,7.348258023524697E-4,1.550392243050689
15,15,954.992586021436,8.943168762374743E-4,1.5515595945018401
15,15,1000,0.0014487787435220614,1.5500590103822767
15,15,1047.1285480508996,0.0013819216304644093,-1.5131349321417675
15,15,1096.4781961431852,1.4363331648940898E-4,1.4329669559606617
15,15,1148.1536214968828,3.740113744618553E-4,1.5220391949894507
15,15,1202.2644346174131,4.8457131728069466E-4,1.5325458617282175
15,15,1258.9254117941675,5.593755262817924E-4,1.5364608381997875
15,15,1318.2567385564075,6.195585486704819E-4,1.5384817314489252
15,15,1380.3842646028852,6.728570022595901E-4,1.5397073117996682
15,15,1445.439770745928,7.228319517554091E-4,1.5405269657089804
15,15,1513.5612484362086,7.713724477887604E-4,1.5411124363500321
15,15,1584.893192461114,8.195985535348114E-4,1.541551073028693
15,15,1659.5869074375614,8.6823760889489E-4,1.5418919606464867
15,15,1737.8008287493763,9.178014394814694E-4,1.5421648232526282
15,15,1819.7008586099844,9.686779025545739E-4,1.542388756683305
15,15,1905.4607179632483,0.0010211821594023984,1.542576650815417
15,15,1995.262314968881,0.0010755878512823708,1.5427376020560226
15,15,2089.2961308540407,0.001132148087159353,1.5428783185086283
15,15,2187.761623949552,0.0011911119439571719,1.543003997927986
15,15,2290.8676527677726,0.0012527409236666727,1.5431189354821593
15,15,2398.83291901949,0.0013173295894930224,1.543227006940951
15,15,2511.88643150958,0.001385241204392379,1.5433322086772692
15,15,2630.2679918953813,0.0014569779385121334,1.5434394457215541
15,15,2754.2287033381663,0.0015333511911382386,1.5435561824062594
15,15,2884.031503126606,0.0016159845751533364,1.5436968727131746
15,15,3019.9517204020162,0.0017093119650930134,1.5438987110750062
15,15,3162.2776601683795,0.001834505797799712,1.5443057275901435
15,15,3311.311214825911,0.02036234062041705,0.7271308008396512
15,15,3467.368504525317,0.0018461711861217523,1.5424844682346965
15,15,3630.780547701014,0.001985622170351101,1.5432065209302086
15,15,3801.8939632056126,0.0021024419968241935,1.543477607169023
15,15,3981.0717055349733,0.00221841381271288,1.5436573706963705
15,15,4168.693834703355,0.002338676434399303,1.5438119974287425
15,15,4365.158322401661,0.002466127969908212,1.543967582400318
15,15,4570.881896148751,0.0026043906415827074,1.5441447829618677
15,15,4786.300923226385,0.0027627558869672154,1.5443754707568298
15,15,5011.872336272725,0.0030057618550806014,1.544590429251854
15,15,5248.074602497728,0.0027892739028971196,1.540873896089191
15,15,5495.408738576249,0.003113193619826358,1.5439078697983477
15,15,5754.399373371572,0.003326491572519797,1.5444443785902717
15,15,6025.5958607435805,0.0035472683576730875,1.544849363412814
15,15,6309.573444801937,0.003796621469316539,1.5452885753769987
15,15,6606.9344800759645,0.004098403096551882,1.54583794948888
15,15,6918.309709189362,0.004503621479899196,1.5465775270912898
15,15,7244.359600749898,0.005168633308423359,1.5475566618878447
15,15,7585.775750291836,0.006961821515881742,1.5474257620234915
15,15,7943.282347242814,0.016499969445476846,-1.4323320565750388
15,15,8317.63771102671,0.002012033788876059,1.4953224689157245
15,15,8709.635899560806,0.0033181363632063827,1.5291111811409663
15,15,9120.108393559096,0.003935468128992286,1.5350807638986057
15,15,9549.92586021436,0.004372684868352501,1.5374888803702982
15,15,10000,0.004742626272659174,1.5387884754362415
15,20,1,8.286045734165174E-7,1.546261237064463
15,20,1.0471285480508996,8.676555249940427E-7,1.5462612375865505
15,20,1.096478196143185,9.085468896416987E-7,1.5462612380543388
15,20,1.1481536214968828,9.513654136613422E-7,1.5462612386950263
15,20,1.202264434617413,9.962019203801023E-7,1.5462612394807025
15,20,1.2589254117941673,1.0431515045926947E-6,1.5462612401871783
15,20,1.318256738556407,1.0923137655052608E-6,1.5462612410833896
15,20,1.3803842646028848,1.143792974035917E-6,1.5462612419632966
15,20,1.4454397707459274,1.197698311924816E-6,1.5462612426114801
15,20,1.5135612484362082,1.2541441555780644E-6,1.5462612436640164
15,20,1.5848931924611136,1.3132502251858161E-6,1.5462612449188888
15,20,1.6595869074375607,1.3751418826126285E-6,1.5462612461988336
15,20,1.7378008287493754,1.4399504287816146E-6,1.5462612477758528
15,20,1.8197008586099834,1.507813468932793E-6,1.5462612516043015
15,20,1.9054607179632472,1.5788746684829676E-6,1.5462612535190527
15,20,1.9952623149688795,1.6532848877978869E-6,1.546261255461898
15,20,2.0892961308540396,1.7312019748550639E-6,1.5462612575906363
15,20,2.1877616239495525,1.8127912104000824E-6,1.5462612599747407
15,20,2.290867652767773,1.8982256526755598E-6,1.5462612625331358
15,20,2.3988329190194904,1.987686527080795E-6,1.5462612653083683
15,20,2.51188643150958,2.0813637706651256E-6,1.5462612701067342
15,20,2.6302679918953817,2.179455785574257E-6,1.5462612736943242
15,20,2.7542287033381663,2.2821707732300462E-6,1.5462612774952784
15,20,2.884031503126606,2.3897266545611255E-6,1.5462612818908794
15,20,3.019951720402016,2.502351535726477E-6,1.5462612864934278
15,20,3.1622776601683795,2.6202845828953654E-6,1.5462612935162214
15,20,3.311311214825911,2.7437754449665118E-6,1.5462612986634956
15,20,3.4673685045253166,2.8730863730544186E-6,1.546261304491219
15,20,3.630780547701014,3.008491587143078E-6,1.5462613104212182
15,20,3.8018939632056115,3.15027840900377E-6,1.5462613171538304
15,20,3.9810717055349722,3.298747934587459E-6,1.5462613268230545
15,20,4.168693834703354,3.4542145441750865E-6,1.5462613356402217
15,20,4.36515832240166,3.617008506522892E-6,1.5462613466571502
15,20,4.570881896148751,3.7874747126074072E-6,1.546261357184796
15,20,4.786300923226384,3.965975285179583E-6,1.5462613701861188
15,20,5.011872336272724,4.1528883989231695E-6,1.5462613829631546
15,20,5.248074602497725,4.348610924991309E-6,1.546261397488104
15,20,5.495408738576246,4.553557957641494E-6,1.546261413212534
15,20,5.7543993733715695,4.768164535446875E-6,1.5462614313336311
15,20,6.025595860743578,4.992885752461409E-6,1.5462614509957548
15,20,6.309573444801933,5.228198082585368E-6,1.5462614711236762
15,20,6.606934480075961,5.4746016266447325E-6,1.546261495418808
15,20,6.918309709189364,5.73261841277891E-6,1.5462615208845465
15,20,7.244359600749901,6.0027960330770375E-6,1.5462615483500235
15,20,7.5857757502918375,6.285707963120115E-6,1.5462615788300553
15,20,7.943282347242816,6.581954107611027E-6,1.5462616111639302
15,20,8.31763771102671,6.892164067448486E-6,1.5462616488069054
15,20,8.709635899560807,7.216994928840429E-6,1.5462616882409332
15,20,9.120108393559097,7.557137722225325E-6,1.5462617347993366
15,20,9.549925860214358,7.913311761499436E-6,1.546261781511155
15,20,10,8.2862749059089E-6,1.546261834268722
15,20,10.471285480508996,8.676818908028776E-6,1.5462618937444597
15,20,10.964781961431852,9.085771877657923E-6,1.5462619581239232
15,20,11.481536214968829,9.514002358558423E-6,1.5462620290298381
15,20,12.02264434617413,9.962418686058026E-6,1.5462621053458987
15,20,12.589254117941675,1.0431973325061777E-5,1.5462621887929373
15,20,13.182567385564074,1.0923663627046198E-5,1.5462622807886157
15,20,13.803842646028853,1.1438533940156928E-5,1.5462623825482853
15,20,14.454397707459272,1.1977676542477182E-5,1.5462624927016266
15,20,15.13561248436208,1.2542238705264327E-5,1.546262616053966
15,20,15.848931924611133,1.3133416931730125E-5,1.5462627487735803
15,20,16.595869074375607,1.3752469200845065E-5,1.546262895408203
15,20,17.378008287493753,1.4400710705282458E-5,1.5462630567218436
15,20,18.197008586099834,1.5079517049852478E-5,1.5462632310735343
15,20,19.054607179632473,1.579033519786151E-5,1.5462634257701695
15,20,19.952623149688797,1.653467265159213E-5,1.5462636371495513
15,20,20.892961308540396,1.731411442775458E-5,1.5462638698957847
15,20,21.87761623949553,1.813031674174897E-5,1.5462641238179744
15,20,22.908676527677734,1.898501858367049E-5,1.5462644039246267
15,20,23.98832919019491,1.9880037126443903E-5,1.5462647103575842
15,20,25.11886431509581,2.0817278688695745E-5,1.5462650466145886
15,20,26.302679918953814,2.1798739273416904E-5,1.5462654154630437
15,20,27.542287033381662,2.2826509657068828E-5,1.546265819689744
15,20,28.84031503126606,2.390278107386045E-5,1.5462662632251933
15,20,30.19951720402016,2.5029848629186543E-5,1.5462667497477203
15,20,31.622776601683793,2.6210116668766382E-5,1.546267283041586
15,20,33.11311214825911,2.7446105515719454E-5,1.54626786816824
15,20,34.673685045253166,2.874045719103222E-5,1.5462685113614096
15,20,36.30780547701014,3.0095935236446605E-5,1.5462692155178241
15,20,38.018939632056124,3.1515442649599516E-5,1.5462699890102236
15,20,39.810717055349734,3.300201316885548E-5,1.546270834704541
15,20,41.68693834703355,3.455884172207232E-5,1.5462717659083651
15,20,43.65158322401661,3.618926110656635E-5,1.5462727861149541
15,20,45.708818961487516,3.789677573608018E-5,1.5462739059441595
15,20,47.86300923226383,3.968505666293309E-5,1.5462751348119812
15,20,50.11872336272722,4.155795718638799E-5,1.5462764848554533
15,20,52.48074602497726,4.351951206956232E-5,1.54627796580423
15,20,54.954087385762456,4.557395944199431E-5,1.546279591418685
15,20,57.543993733715695,4.772574635201817E-5,1.5462813767888253
15,20,60.25595860743578,4.997953783823199E-5,1.5462833375358525
15,20,63.09573444801933,5.23402294238627E-5,1.5462854904357723
15,20,66.06934480075961,5.481296498604035E-5,1.5462878555779818
15,20,69.18309709189366,5.740314148059981E-5,1.5462904529729247
15,20,72.44359600749902,6.0116436564737396E-5,1.5462933077905006
15,20,75.8577575029184,6.295881518214492E-5,1.5462964467864655
15,20,79.43282347242817,6.593653626295639E-5,1.5462998954683322
15,20,83.17637711026708,6.905619891504813E-5,1.5463036877639142
15,20,87.09635899560806,7.232474135065179E-5,1.546307859095713
15,20,91.20108393559097,7.574946579251224E-5,1.5463124479479204
15,20,95.49925860214358,7.933807227507094E-5,1.5463174992813897
15,20,100,8.309866642136976E-5,1.5463230597998383
15,20,104.71285480508996,8.703981023853323E-5,1.5463291845959455
15,20,109.64781961431851,9.117053700071772E-5,1.5463359332702327
15,20,114.81536214968828,9.550038754164547E-5,1.5463433712616146
15,20,120.22644346174131,1.0003948603425869E-4,1.5463515787229078
15,20,125.89254117941675,1.0479851015044852E-4,1.5463606349281587
15,20,131.82567385564073,1.0978882680997864E-4,1.5463706382868154
15,20,138.03842646028852,1.1502247969292107E-4,1.5463816928998961
15,20,144.5439770745928,1.2051230805374092E-4,1.5463939209671538
15,20,151.35612484362088,1.2627198661136816E-4,1.5464074578050662
15,20,158.48931924611142,1.32316153798552E-4,1.5464224611066613
15,20,165.95869074375614,1.3866044548616573E-4,1.546439102228168
15,20,173.78008287493762,1.4532171608457652E-4,1.5464575856283957
15,20,181.97008586099844,1.523181543363916E-4,1.546478146913514
15,20,190.54607179632484,1.5966937105024246E-4,1.546501045549172
15,20,199.52623149688807,1.6739679685248913E-4,1.5465265964056076
15,20,208.92961308540387,1.7552379328643193E-4,1.5465551556745205
15,20,218.77616239495518,1.8407610511192064E-4,1.5465871458562674
15,20,229.08676527677724,1.930822439680146E-4,1.5466230623196016
15,20,239.88329190194898,2.025740337940092E-4,1.546663489445797
15,20,251.18864315095797,2.1258741852126105E-4,1.5467091308047358
15,20,263.02679918953817,2.2316333036421156E-4,1.5467608277109202
15,20,275.4228703338166,2.3434904867160406E-4,1.5468196035666841
15,20,288.40315031266056,2.4619996949272455E-4,1.5468867135212472
15,20,301.9951720402016,2.587820408091566E-4,1.546963709143671
15,20,316.22776601683796,2.721754198069633E-4,1.5470525424571566
15,20,331.1311214825911,2.864795261904259E-4,1.5471556878720931
15,20,346.73685045253166,3.0182091893999924E-4,1.547276338601066
15,20,363.0780547701014,3.183654554514496E-4,1.547418686924594
15,20,380.1893963205613,3.36337748610017E-4,1.5475883361389704
15,20,398.1071705534973,3.560539468723881E-4,1.5477929378086936
15,20,416.8693834703355,3.779797554535038E-4,1.5480431981196157
15,20,436.5158322401661,4.0283958044497924E-4,1.548354498137403
15,20,457.0881896148752,4.3183833965642173E-4,1.5487495464564178
15,20,478.6300923226385,4.671612439177256E-4,1.5492626981206237
15,20,501.18723362727246,5.132625901156585E-4,1.549945932173494
15,20,524.8074602497728,5.809232241665127E-4,1.550868320193264
15,20,549.5408738576248,7.048533854411549E-4,1.5520106514952845
15,20,575.4399373371573,0.0010939622286814299,1.5512887543984213
15,20,602.5595860743581,0.0021371083481588923,-1.5046688659021439
15,20,630.9573444801937,3.70448666935515E-5,1.1269871566559964
15,20,660.6934480075957,2.554267608473338E-4,1.5154951598822906
15,20,691.8309709189363,3.537143104110818E-4,1.5304805289859584
15,20,724.4359600749899,4.1760580373395394E-4,1.5354767708202355
15,20,758.5775750291835,4.67615942907395E-4,1.5379365733976622
15,20,794.3282347242813,5.11080549416982E-4,1.5393895428567723
15,20,831.7637711026708,5.512999289718116E-4,1.5403446107706638
15,20,870.9635899560806,5.899996560363011E-4,1.5410183532533464
15,20,912.0108393559096,6.281886200414068E-4,1.5415182479565464
15,20,954.992586021436,6.665127107821237E-4,1.541903612389411
15,20,1000,7.05419882752522E-4,1.5422098781202518
15,20,1047.1285480508996,7.452445035756547E-4,1.5424595563050325
15,20,1096.4781961431852,7.862543808031842E-4,1.5426677052234032
15,20,1148.1536214968828,8.28679158892744E-4,1.5428448708847118
15,20,1202.2644346174131,8.72729550345337E-4,1.5429987861128351
15,20,1258.9254117941675,9.186124109448781E-4,1.5431354179994103
15,20,1318.2567385564075,9.665465550748898E-4,1.5432597053041406
15,20,1380.3842646028852,0.001016783585446511,1.5433761555698102
15,20,1445.439770745928,0.0010696445333851956,1.5434895252038388
15,20,1513.5612484362086,0.0011255974855997437,1.5436059117374898
15,20,1584.893192461114,0.0011854559550361719,1.5437351729431539
15,20,1659.5869074375614,0.0012510144821835842,1.5438979555617514
15,20,1737.8008287493763,0.0013279450408673994,1.5441536569531933
15,20,1819.7008586099844,0.0014543138290686044,1.5447752967707087
15,20,1905.4607179632483,0.001199130004068097,1.5379911278961584
15,20,1995.262314968881,0.0014354569285615067,1.5428812528708262
15,20,2089.2961308540407,0.0015334697493253938,1.5433847283465887
15,20,2187.761623949552,0.0016220771814671314,1.543622520340187
15,20,2290.8676527677726,0.0017115636149879505,1.5437960039064025
15,20,2398.83291901949,0.001805428852700416,1.5439566585838183
15,20,2511.88643150958,0.0019066356340083248,1.5441329342633874
15,20,2630.2679918953813,0.002020386390524579,1.5443580864725004
15,20,2754.2287033381663,0.002162230956322873,1.5446945799350715
15,20,2884.031503126606,0.0024309400121640574,1.5450632105508466
15,20,3019.9517204020162,0.0015141876943679303,1.5155558992062572
15,20,3162.2776601683795,0.0022061980785380727,1.541562850703262
15,20,3311.311214825911,0.0023976313725855318,1.5428870635729344
15,20,3467.368504525317,0.0025531673025308895,1.5433858076414237
15,20,3630.780547701014,0.002703991848251283,1.5436908498021094
15,20,3801.8939632056126,0.002858620489227165,1.5439315982993955
15,20,3981.0717055349733,0.003021315639772493,1.5441546842559073
15,20,4168.693834703355,0.0031955555342618046,1.5443851790983165
15,20,4365.158322401661,0.003385400922784987,1.5446428570453359
15,20,4570.881896148751,0.0035967808571298835,1.5449494129158972
15,20,4786.300923226385,0.0038397898273643065,1.5453345817446285
15,20,5011.872336272725,0.004134263512027722,1.545844639227416
15,20,5248.074602497728,0.004526822722935183,1.5465541681713084
15,20,5495.408738576249,0.005162364903045122,1.5475416500056984
15,20,5754.399373371572,0.006847035185951719,1.5477844255904654
15,20,6025.5958607435805,0.014682486985371817,-1.4396391492080935
15,20,6309.573444801937,0.002323332322273857,1.506772486370936
15,20,6606.9344800759645,0.0035760196251763444,1.5320248811805939
15,20,6918.309709189362,0.004231584886665646,1.5371701283780206
15,20,7244.359600749898,0.005148590947274822,1.5381145101914353
15,20,7585.775750291836,0.004621745791621544,1.5365822850587751
15,20,7943.282347242814,0.005120696236201559,1.5392909957763146
15,20,8317.63771102671,0.005501102122188122,1.5402105218044508
15,20,8709.635899560806,0.00586598871632716,1.5407932420365813
15,20,9120.108393559096,0.006238997630872661,1.541250637433044
15,20,9549.92586021436,0.006637838190484334,1.5416709083598914
15,20,10000,0.0070943163865962245,1.5421297796860962
20,5,1,2.573127716172182E-7,1.5445459287193883
20,5,1.0471285480508996,2.6943954897720265E-7,1.544545928722635
20,5,1.096478196143185,2.821378437472863E-7,1.5445459287259076
20,5,1.1481536214968828,2.9543459071594244E-7,1.5445459287291443
20,5,1.202264434617413,3.093579940686714E-7,1.5445459287326577
20,5,1.2589254117941673,3.2393758721588716E-7,1.5445459287368606
20,5,1.318256738556407,3.392042954253958E-7,1.5445459287412417
20,5,1.3803842646028848,3.551905014405537E-7,1.54454592874637
20,5,1.4454397707459274,3.7193011414399683E-7,1.5445459287517929
20,5,1.5135612484362082,3.8945864047657746E-7,1.5445459287562882
20,5,1.5848931924611136,4.0781326083842616E-7,1.5445459287625178
20,5,1.6595869074375607,4.2703290782753503E-7,1.5445459287694172
20,5,1.7378008287493754,4.4715834889764653E-7,1.544545928777299
20,5,1.8197008586099834,4.6823227282591E-7,1.5445459287868646
20,5,1.9054607179632472,4.902993803771601E-7,1.544545928804745
20,5,1.9952623149688795,5.134064785510384E-7,1.5445459288166785
20,5,2.0892961308540396,5.376025807194738E-7,1.5445459288283276
20,5,2.1877616239495525,5.629390101030916E-7,1.5445459288416135
20,5,2.290867652767773,5.894695086363871E-7,1.5445459288550225
20,5,2.3988329190194904,6.172503511000148E-7,1.5445459288697956
20,5,2.51188643150958,6.463404644057458E-7,1.5445459288866297
20,5,2.6302679918953817,6.768015527510002E-7,1.544545928910719
20,5,2.7542287033381663,7.086982279223886E-7,1.544545928932394
20,5,2.884031503126606,7.420981471284599E-7,1.54454592895448
20,5,3.019951720402016,7.77072156130819E-7,1.544545928978539
20,5,3.1622776601683795,8.136944395224424E-7,1.5445459290049588
20,5,3.311311214825911,8.52042678383456E-7,1.544545929041803
20,5,3.4673685045253166,8.92198213890513E-7,1.5445459290724592
20,5,3.630780547701014,9.342462216714082E-7,1.5445459291063803
20,5,3.8018939632056115,9.782758911473961E-7,1.544545929142027
20,5,3.9810717055349722,1.0243806152929048E-6,1.5445459291822257
20,5,4.168693834703354,1.0726581887509367E-6,1.544545929233627
20,5,4.36515832240166,1.1232110142710375E-6,1.5445459292850778
20,5,4.570881896148751,1.1761463216657072E-6,1.544545929346141
20,5,4.786300923226384,1.2315763934409929E-6,1.5445459294081607
20,5,5.011872336272724,1.2896188047927908E-6,1.544545929481133
20,5,5.248074602497725,1.35039667089356E-6,1.544545929553789
20,5,5.495408738576246,1.4140389102673493E-6,1.544545929634283
20,5,5.7543993733715695,1.480680516949685E-6,1.544545929726283
20,5,6.025595860743578,1.5504628467863995E-6,1.5445459298287263
20,5,6.309573444801933,1.6235339174872168E-6,1.5445459299403643
20,5,6.606934480075961,1.7000487222935824E-6,1.5445459300555524
20,5,6.918309709189364,1.7801695607301193E-6,1.5445459301909479
20,5,7.244359600749901,1.8640663792746134E-6,1.54454593033648
20,5,7.5857757502918375,1.9519171343714083E-6,1.5445459304907274
20,5,7.943282347242816,2.0439081705413737E-6,1.544545930666493
20,5,8.31763771102671,2.140234612525888E-6,1.5445459308541591
20,5,8.709635899560807,2.241100783102023E-6,1.5445459310664023
20,5,9.120108393559097,2.346720632212297E-6,1.5445459312920622
20,5,9.549925860214358,2.457318195906834E-6,1.544545931549154
20,5,10,2.5731280651163544E-6,1.5445459318204153
20,5,10.471285480508996,2.694395890344189E-6,1.544545932122372
20,5,10.964781961431852,2.821378897930449E-6,1.5445459324579878
20,5,11.481536214968829,2.9543464356207958E-6,1.544545932819633
20,5,12.02264434617413,3.093580547690741E-6,1.5445459332196803
20,5,12.589254117941675,3.239376568877066E-6,1.544545933655237
20,5,13.182567385564074,3.3920437538476992E-6,1.5445459341316894
20,5,13.803842646028853,3.5519059325909767E-6,1.5445459346576862
20,5,14.454397707459272,3.719302195515001E-6,1.5445459352326236
20,5,15.13561248436208,3.894587615418892E-6,1.5445459358648408
20,5,15.848931924611133,4.078133998611317E-6,1.544545936558008
20,5,16.595869074375607,4.2703306739096145E-6,1.5445459373140487
20,5,17.378008287493753,4.471585321005582E-6,1.544545938146228
20,5,18.197008586099834,4.6823248316786886E-6,1.544545939059612
20,5,19.054607179632473,4.902996216790049E-6,1.5445459400590216
20,5,19.952623149688797,5.134067555922436E-6,1.5445459411561604
20,5,20.892961308540396,5.376028988177951E-6,1.5445459423589554
20,5,21.87761623949553,5.62939375331517E-6,1.5445459436776645
20,5,22.908676527677734,5.8946992797663904E-6,1.5445459451224757
20,5,23.98832919019491,6.172508325744724E-6,1.544545946707084
20,5,25.11886431509581,6.463410171745275E-6,1.544545948443454
20,5,26.302679918953814,6.768021874168707E-6,1.544545950354384
20,5,27.542287033381662,7.086989565454897E-6,1.544545952442531
20,5,28.84031503126606,7.420989837977248E-6,1.544545954736016
20,5,30.19951720402016,7.770731167312002E-6,1.5445459572466376
20,5,31.622776601683793,8.13695542480366E-6,1.5445459600015037
20,5,33.11311214825911,8.520439444360166E-6,1.5445459630203822
20,5,34.673685045253166,8.921996677593433E-6,1.5445459663355863
20,5,36.30780547701014,9.342478910338655E-6,1.544545969966924
20,5,38.018939632056124,9.782778079227634E-6,1.54454597394694
20,5,39.810717055349734,1.0243828158180772E-5,1.5445459783046906
20,5,41.68693834703355,1.0726607147285966E-5,1.5445459830830874
20,5,43.65158322401661,1.1232139143689904E-5,1.5445459883276067
20,5,45.708818961487516,1.1761496509953633E-5,1.5445459940765742
20,5,47.86300923226383,1.2315802157919517E-5,1.5445460003792904
20,5,50.11872336272722,1.2896231930554311E-5,1.5445460072926036
20,5,52.48074602497726,1.3504017091755403E-5,1.544546014870305
20,5,54.954087385762456,1.4140446952020626E-5,1.544546023185426
20,5,57.543993733715695,1.4806871585715742E-5,1.5445460322970876
20,5,60.25595860743578,1.5504704724902694E-5,1.5445460422968735
20,5,63.09573444801933,1.6235426725611284E-5,1.5445460532533386
20,5,66.06934480075961,1.700058775264226E-5,1.5445460652762633
20,5,69.18309709189366,1.7801811027100717E-5,1.5445460784524778
20,5,72.44359600749902,1.8640796314489607E-5,1.5445460929043668
20,5,75.8577575029184,1.951932350460666E-5,1.5445461087492873
20,5,79.43282347242817,2.0439256407798892E-5,1.5445461261209166
20,5,83.17637711026708,2.1402546715491688E-5,1.5445461451707536
20,5,87.09635899560806,2.2411238141806086E-5,1.5445461660618858
20,5,91.20108393559097,2.3467470759909117E-5,1.5445461889646297
20,5,95.49925860214358,2.4573485574836037E-5,1.5445462140813733
20,5,100,2.573162926534722E-5,1.5445462416251372
20,5,104.71285480508996,2.6944359175836952E-5,1.544546271823917
20,5,109.64781961431851,2.821424855964902E-5,1.5445463049373993
20,5,114.81536214968828,2.954399204177623E-5,1.544546341247023
20,5,120.22644346174131,3.09364113521306E-5,1.5445463810581948
20,5,125.89254117941675,3.2394461347401235E-5,1.5445464247133873
20,5,131.82567385564073,3.392123628586927E-5,1.5445464725808862
20,5,138.03842646028852,3.551997644269511E-5,1.5445465250737658
20,5,144.5439770745928,3.7194074977830744E-5,1.5445465826275053
20,5,151.35612484362088,3.8947085226436184E-5,1.544546645739435
20,5,158.48931924611142,4.07827282391012E-5,1.5445467149451986
20,5,165.95869074375614,4.2704900743147296E-5,1.5445467908345059
20,5,173.78008287493762,4.4717683455174913E-5,1.544546874049535
20,5,181.97008586099844,4.6825349827465633E-5,1.54454696530266
20,5,190.54607179632484,4.9032375170924743E-5,1.5445470653715403
20,5,199.52623149688807,5.134344622291633E-5,1.5445471751000222
20,5,208.92961308540387,5.3763471253018115E-5,1.544547295433953
20,5,218.77616239495518,5.629759050982606E-5,1.5445474273909858
20,5,229.08676527677724,5.895118733980465E-5,1.5445475721047044
20,5,239.88329190194898,6.172989966254125E-5,1.5445477307934972
20,5,251.18864315095797,6.463963225037655E-5,1.544547904827046
20,5,263.02679918953817,6.768656932403494E-5,1.5445480956845645
20,5,275.4228703338166,7.087718798377031E-5,1.5445483049978026
20,5,288.40315031266056,7.421827217915621E-5,1.5445485345498178
20,5,301.9951720402016,7.771692747167692E-5,1.5445487863102028
20,5,316.22776601683796,8.138059641448946E-5,1.5445490624339795
20,5,331.1311214825911,8.521707476679675E-5,1.5445493652855915
20,5,346.73685045253166,8.923452848962213E-5,1.544549697454983
20,5,363.0780547701014,9.344151167841378E-5,1.5445500617965928
20,5,380.1893963205613,9.78469852835554E-5,1.5445504614395817
20,5,398.1071705534973,1.0246033685292188E-4,1.544550899817008
20,5,416.8693834703355,1.0729140131409113E-4,1.5445513807049653
20,5,436.5158322401661,1.1235048274655986E-4,1.5445519082429786
20,5,457.0881896148752,1.1764837731046016E-4,1.5445524869654825
20,5,478.6300923226385,1.2319635968920383E-4,1.5445531147538323
20,5,501.18723362727246,1.2900633876261253E-4,1.5445538078433865
20,5,524.8074602497728,1.3509073403658887E-4,1.5445545712236792
20,5,549.5408738576248,1.4146255185234745E-4,1.5445554089725209
20,5,575.4399373371573,1.4813543834739072E-4,1.5445563282822417
20,5,602.5595860743581,1.5512369979665054E-4,1.544557337350094
20,5,630.9573444801937,1.6244233186693096E-4,1.544558444806816
20,5,660.6934480075957,1.7010705935473599E-4,1.5445596604837808
20,5,691.8309709189363,1.781343720333121E-4,1.54456099523756
20,5,724.4359600749899,1.8654156104024297E-4,1.544562460635626
20,5,758.5775750291835,1.953467665932416E-4,1.544564069817432
20,5,794.3282347242813,2.0456901931341026E-4,1.5445658371542448
20,5,831.7637711026708,2.1422828873141514E-4,1.5445677785022975
20,5,870.9635899560806,2.2434553616653558E-4,1.5445699115703293
20,5,912.0108393559096,2.349427616584768E-4,1.5445722553221033
20,5,954.992586021436,2.460430727768788E-4,1.544574831301294
20,5,1000,2.576707416874919E-4,1.5445776632585173
20,5,1047.1285480508996,2.69851272023607E-4,1.5445807773925107
20,5,1096.4781961431852,2.8261147313223147E-4,1.5445842028006738
20,5,1148.1536214968828,2.959795433372969E-4,1.5445879721748828
20,5,1202.2644346174131,3.099851834265611E-4,1.5445921241712872
20,5,1258.9254117941675,3.2465953483150264E-4,1.5445966923379935
20,5,1318.2567385564075,3.4003552888933096E-4,1.5446017243875865
20,5,1380.3842646028852,3.561478325840466E-4,1.5446072699864408
20,5,1445.439770745928,3.7303301348150383E-4,1.5446133846443022
20,5,1513.5612484362086,3.907296774744376E-4,1.5446201305274567
20,5,1584.893192461114,4.092786224633625E-4,1.54462757739559
20,5,1659.5869074375614,4.287230112797362E-4,1.5446358037098855
20,5,1737.8008287493763,4.4910856701355886E-4,1.5446448979178
20,5,1819.7008586099844,4.7048379590137665E-4,1.5446549599890849
20,5,1905.4607179632483,4.929002435443485E-4,1.5446661032502558
20,5,1995.262314968881,5.16412791358518E-4,1.5446784565593008
20,5,2089.2961308540407,5.410800037377162E-4,1.5446921669536935
20,5,2187.761623949552,5.669645370859538E-4,1.5447074028224501
20,5,2290.8676527677726,5.941336298476269E-4,1.544724357868479
20,5,2398.83291901949,6.226596876162433E-4,1.5447432557486447
20,5,2511.88643150958,6.526210065700239E-4,1.544764356206616
20,5,2630.2679918953813,6.84102658737909E-4,1.5447879624020808
20,5,2754.2287033381663,7.171976029456742E-4,1.5448144302831774
20,5,2884.031503126606,7.520080952253287E-4,1.5448441805354913
20,5,3019.9517204020162,7.886475048237588E-4,1.5448777139332952
20,5,3162.2776601683795,8.272426902595277E-4,1.5449156313055172
20,5,3311.311214825911,8.679371636744262E-4,1.5449586598802008
20,5,3467.368504525317,9.108953790492727E-4,1.5450076883914192
20,5,3630.780547701014,9.563086681920692E-4,1.545063814734592
20,5,3801.8939632056126,0.0010044036286982506,1.5451284114004449
20,5,3981.0717055349733,0.0010554542838324753,1.5452032172612105
20,5,4168.693834703355,0.0011098001840719129,1.545290468490383
20,5,4365.158322401661,0.001167874209228843,1.5453930894906167
20,5,4570.881896148751,0.0012302468022380758,1.5455149776289892
20,5,4786.300923226385,0.0012976993260548923,1.545661438698421
20,5,5011.872336272725,0.0013713518274808087,1.5458398702799525
20,5,5248.074602497728,0.001452899162836417,1.546060860935206
20,5,5495.408738576249,0.0015450807524476568,1.5463399884058828
20,5,5754.399373371572,0.0016527075145420424,1.5467007211614612
20,5,6025.5958607435805,0.0017852081603383927,1.5471784544667462
20,5,6309.573444801937,0.00196417816699069,1.5478205512497039
20,5,6606.9344800759645,0.0022529867919692326,1.5486243891235398
20,5,6918.309709189362,0.0029550290246608316,1.5485297596702807
20,5,7244.359600749898,0.026305762527226124,1.321617355486754
20,5,7585.775750291836,4.1364565620224936E-4,1.3993707482969786
20,5,7943.282347242814,0.0012307653468213197,1.5240240515189052
20,5,8317.63771102671,0.0015592541513678717,1.5338926325651678
20,5,8709.635899560806,0.0017733203231515356,1.537318862076598
20,5,9120.108393559096,0.0019455385770921218,1.5390384040876823
20,5,9549.92586021436,0.0020999574940279986,1.5400742361666562
20,5,10000,0.0022470613554836844,1.5407732921997737
20,10,1,5.236341890989308E-7,1.5450395086727018
20,10,1.0471285480508996,5.483123092468868E-7,1.5450395087193998
20,10,1.096478196143185,5.741534737745743E-7,1.5450395087802455
20,10,1.1481536214968828,6.012124944515358E-7,1.5450395088221411
20,10,1.202264434617413,6.295467677568587E-7,1.5450395088727091
20,10,1.2589254117941673,6.592163944693356E-7,1.5450395089295095
20,10,1.318256738556407,6.90284307728611E-7,1.5450395089870772
20,10,1.3803842646028848,7.22816406997634E-7,1.5450395090540539
20,10,1.4454397707459274,7.568816971529538E-7,1.545039509126518
20,10,1.5135612484362082,7.925524346280604E-7,1.5450395091862816
20,10,1.5848931924611136,8.299042831168706E-7,1.5450395092688693
20,10,1.6595869074375607,8.690164704622573E-7,1.5450395093605682
20,10,1.7378008287493754,9.099719591657268E-7,1.545039509467611
20,10,1.8197008586099834,9.528576215694782E-7,1.5450395095934164
20,10,1.9054607179632472,9.977644285085062E-7,1.5450395098409193
20,10,1.9952623149688795,1.0447876241090548E-6,1.5450395099909267
20,10,2.0892961308540396,1.0940269550433379E-6,1.545039510142401
20,10,2.1877616239495525,1.1455868656262625E-6,1.5450395103165473
20,10,2.290867652767773,1.1995767207831867E-6,1.5450395104991097
20,10,2.3988329190194904,1.2561110405739471E-6,1.545039510694637
20,10,2.51188643150958,1.3153097426872113E-6,1.5450395109147375
20,10,2.6302679918953817,1.3772984009251468E-6,1.5450395112469593
20,10,2.7542287033381663,1.4422084922146615E-6,1.5450395115253004
20,10,2.884031503126606,1.5101777034163208E-6,1.545039511814823
20,10,3.019951720402016,1.5813502075898364E-6,1.5450395121299512
20,10,3.1622776601683795,1.6558769732459363E-6,1.5450395124976664
20,10,3.311311214825911,1.7339160871274688E-6,1.5450395129812153
20,10,3.4673685045253166,1.815633066180814E-6,1.545039513380273
20,10,3.630780547701014,1.9012012536235495E-6,1.5450395138313242
20,10,3.8018939632056115,1.9908021499305E-6,1.545039514313346
20,10,3.9810717055349722,2.084625812775696E-6,1.5450395148442075
20,10,4.168693834703354,2.18287126707722E-6,1.5450395155462213
20,10,4.36515832240166,2.2857468874517654E-6,1.5450395162212267
20,10,4.570881896148751,2.3934709050507037E-6,1.5450395170447386
20,10,4.786300923226384,2.5062718021717855E-6,1.5450395178590586
20,10,5.011872336272724,2.6243888641951183E-6,1.545039518833652
20,10,5.248074602497725,2.748072616466855E-6,1.5450395198017435
20,10,5.495408738576246,2.8775854206633554E-6,1.545039520857238
20,10,5.7543993733715695,3.013202007019435E-6,1.545039522107565
20,10,6.025595860743578,3.15521002975181E-6,1.5450395234745367
20,10,6.309573444801933,3.3039107087054206E-6,1.5450395249483655
20,10,6.606934480075961,3.4596194527288538E-6,1.5450395264760441
20,10,6.918309709189364,3.6226665815495536E-6,1.5450395283022376
20,10,7.244359600749901,3.7933979156030304E-6,1.5450395302333644
20,10,7.5857757502918375,3.9721756051411176E-6,1.5450395322836412
20,10,7.943282347242816,4.159378895528965E-6,1.5450395346180137
20,10,8.31763771102671,4.35540485529654E-6,1.5450395371120842
20,10,8.709635899560807,4.560669320654795E-6,1.5450395399319679
20,10,9.120108393559097,4.77560767181731E-6,1.5450395429605066
20,10,9.549925860214358,5.0006758651174736E-6,1.5450395463581543
20,10,10,5.2363512846190535E-6,1.5450395499953213
20,10,10.471285480508996,5.4831338625379255E-6,1.5450395539648718
20,10,10.964781961431852,5.741547110590456E-6,1.545039558419343
20,10,11.481536214968829,6.012139144713068E-6,1.5450395632282774
20,10,12.02264434617413,6.295483991634078E-6,1.5450395685642495
20,10,12.589254117941675,6.592182670157858E-6,1.5450395743606122
20,10,13.182567385564074,6.902864572232424E-6,1.545039580714631
20,10,13.803842646028853,7.228188744453854E-6,1.5450395876854803
20,10,14.454397707459272,7.5688453026734315E-6,1.5450395953483493
20,10,15.13561248436208,7.92555688636662E-6,1.545039603760257
20,10,15.848931924611133,8.299080200122759E-6,1.545039612989084
20,10,16.595869074375607,8.690207596195124E-6,1.5450396230506194
20,10,17.378008287493753,9.099768838350112E-6,1.545039634127261
20,10,18.197008586099834,9.52863275122968E-6,1.5450396462624358
20,10,19.054607179632473,9.977709164879477E-6,1.5450396596225289
20,10,19.952623149688797,1.0447950712313023E-5,1.5450396741772827
20,10,20.892961308540396,1.0940355073276435E-5,1.5450396902071133
20,10,21.87761623949553,1.1455966856647646E-5,1.545039707767783
20,10,22.908676527677734,1.1995879974227154E-5,1.5450397270334346
20,10,23.98832919019491,1.2561239888811209E-5,1.5450397481371223
20,10,25.11886431509581,1.3153246083300919E-5,1.5450397712477928
20,10,26.302679918953814,1.3773154659096023E-5,1.5450397966443865
20,10,27.542287033381662,1.4422280840851805E-5,1.5450398244349959
20,10,28.84031503126606,1.5102002025417107E-5,1.5450398549831355
20,10,30.19951720402016,1.5813760416763007E-5,1.5450398884309813
20,10,31.622776601683793,1.6559066350275584E-5,1.545039925106043
20,10,33.11311214825911,1.733950137568204E-5,1.545039965317902
20,10,34.673685045253166,1.8156721702048726E-5,1.5450400094689423
20,10,36.30780547701014,1.9012461512106465E-5,1.5450400577820302
20,10,38.018939632056124,1.990853708671738E-5,1.5450401108499339
20,10,39.810717055349734,2.0846850036451997E-5,1.545040168859608
20,10,41.68693834703355,2.18293921806759E-5,1.5450402325593406
20,10,43.65158322401661,2.2858249110924204E-5,1.5450403024610193
20,10,45.708818961487516,2.3935604821271148E-5,1.5450403790775156
20,10,47.86300923226383,2.506374649142126E-5,1.5450404630406087
20,10,50.11872336272722,2.6245069466795154E-5,1.5450405551839244
20,10,52.48074602497726,2.748208199967909E-5,1.5450406561853385
20,10,54.954087385762456,2.8777411108049688E-5,1.5450407670230273
20,10,57.543993733715695,3.0133807619054384E-5,1.5450408884807083
20,10,60.25595860743578,3.15541527913986E-5,1.5450410217406771
20,10,63.09573444801933,3.304146380821315E-5,1.5450411678478193
20,10,66.06934480075961,3.4598900814456106E-5,1.5450413281327358
20,10,69.18309709189366,3.6229773220864515E-5,1.5450415038643537
20,10,72.44359600749902,3.7937547317432084E-5,1.5450416965976181
20,10,75.8577575029184,3.972585341303605E-5,1.5450419079472903
20,10,79.43282347242817,4.159849395609872E-5,1.5450421397725573
20,10,83.17637711026708,4.355945140646357E-5,1.5450423939753442
20,10,87.09635899560806,4.561289744389654E-5,1.5450426728306315
20,10,91.20108393559097,4.776320128340394E-5,1.5450429785968853
20,10,95.49925860214358,5.001494023886734E-5,1.5450433140588187
20,10,100,5.2372908615639724E-5,1.545043681993425
20,10,104.71285480508996,5.484212898809048E-5,1.545044085566075
20,10,109.64781961431851,5.7427862926712316E-5,1.54504452820338
20,10,114.81536214968828,6.013562319561223E-5,1.5450450138511882
20,10,120.22644346174131,6.297118475044566E-5,1.5450455465170785
20,10,125.89254117941675,6.594059917437062E-5,1.5450461309191117
20,10,131.82567385564073,6.905020696613012E-5,1.5450467720439234
20,10,138.03842646028852,7.230665277509478E-5,1.545047475531939
20,10,144.5439770745928,7.571689935623257E-5,1.545048247366617
20,10,151.35612484362088,7.928824448662711E-5,1.5450490942739166
20,10,158.48931924611142,8.30283376424025E-5,1.5450500237361826
20,10,165.95869074375614,8.694519681444399E-5,1.5450510438081066
20,10,173.78008287493762,9.104722785674257E-5,1.545052163387397
20,10,181.97008586099844,9.53432444223425E-5,1.5450533923336331
20,10,190.54607179632484,9.984248888336863E-5,1.5450547415295814
20,10,199.52623149688807,1.0455465364084429E-4,1.5450562227817985
20,10,208.92961308540387,1.0948990690999156E-4,1.5450578494291536
20,10,218.77616239495518,1.1465891464535305E-4,1.5450596357653958
20,10,229.08676527677724,1.2007287177179238E-4,1.5450615981364395
20,10,239.88329190194898,1.2574353042741365E-4,1.5450637549300865
20,10,251.18864315095797,1.3168321668692527E-4,1.5450661242553607
20,10,263.02679918953817,1.3790488202111408E-4,1.5450687277666135
20,10,275.4228703338166,1.44422131490677E-4,1.5450715894951486
20,10,288.40315031266056,1.5124926190296747E-4,1.545074736163772
20,10,301.9951720402016,1.584012990287212E-4,1.5450781969533118
20,10,316.22776601683796,1.6589404689236364E-4,1.545082004663734
20,10,331.1311214825911,1.737441459006919E-4,1.5450861973834609
20,10,346.73685045253166,1.8196906859091255E-4,1.5450908114182995
20,10,363.0780547701014,1.905872590812732E-4,1.5450958930630585
20,10,380.1893963205613,1.9961814488380427E-4,1.5451014921731046
20,10,398.1071705534973,2.090822167829818E-4,1.5451076643802668
20,10,416.8693834703355,2.1900110632260437E-4,1.5451144719869285
20,10,436.5158322401661,2.293976663529903E-4,1.545121984402197
20,10,457.0881896148752,2.4029603637259803E-4,1.5451302764089014
20,10,478.6300923226385,2.517203540122542E-4,1.5451393029392915
20,10,501.18723362727246,2.636999799230838E-4,1.5451493738904007
20,10,524.8074602497728,2.7626363146391263E-4,1.5451605816519027
20,10,549.5408738576248,2.8944146754727773E-4,1.5451730039516407
20,10,575.4399373371573,3.0326620862591104E-4,1.5451867838811857
20,10,602.5595860743581,3.1777293262685163E-4,1.5452020922879588
20,10,630.9573444801937,3.3299914623519453E-4,1.545219116715851
20,10,660.6934480075957,3.48985294432666E-4,1.545238080278336
20,10,691.8309709189363,3.657750906223103E-4,1.5452592424457348
20,10,724.4359600749899,3.8341583064356393E-4,1.545282896257477
20,10,758.5775750291835,4.0195923488842036E-4,1.545309393342625
20,10,794.3282347242813,4.214620434739858E-4,1.5453391455132934
20,10,831.7637711026708,4.419869909805145E-4,1.5453726408814776
20,10,870.9635899560806,4.636040981893676E-4,1.5454104654437735
20,10,912.0108393559096,4.86392078517727E-4,1.5454533169112972
20,10,954.992586021436,5.104404241929517E-4,1.5455020350969502
20,10,1000,5.358536428018879E-4,1.5455577002677305
20,10,1047.1285480508996,5.627533474129694E-4,1.5456216011304849
20,10,1096.4781961431852,5.91285368550151E-4,1.5456953733444034
20,10,1148.1536214968828,6.216284195497574E-4,1.5457811153702727
20,10,1202.2644346174131,6.540091559500067E-4,1.5458816227964074
20,10,1258.9254117941675,6.887108263192681E-4,1.5460002633548082
20,10,1318.2567385564075,7.261223434095929E-4,1.54614192313885
20,10,1380.3842646028852,7.667800825415085E-4,1.5463131837125579
20,10,1445.439770745928,8.114653638131393E-4,1.5465233513164929
20,10,1513.5612484362086,8.613801313389235E-4,1.5467859506030677
20,10,1584.893192461114,9.185037107541944E-4,1.5471212973005486
20,10,1659.5869074375614,9.8638964624941E-4,1.5475609232364105
20,10,1737.8008287493763,0.0010722020393832854,1.548154773787312
20,10,1819.7008586099844,0.0011930277840131657,1.5489774614535192
20,10,1905.4607179632483,0.0014025851460620225,1.5500661110749572
20,10,1995.262314968881,0.0020049115375424665,1.5499421179013135
20,10,2089.2961308540407,0.005178237844487408,-1.471401039831187
20,10,2187.761623949552,2.8806983685547707E-4,1.4445891025396655
20,10,2290.8676527677726,6.99792791581819E-4,1.5243413963258208
20,10,2398.83291901949,8.846817789504566E-4,1.5335819951254275
20,10,2511.88643150958,0.0010085919955939012,1.537003919810192
20,10,2630.2679918953813,0.0011087024946284804,1.5387646126270487
20,10,2754.2287033381663,0.001198089277103499,1.5398324428805357
20,10,2884.031503126606,0.0012825967058559796,1.5405481941460308
20,10,3019.9517204020162,0.0013652838660547946,1.5410617767626187
20,10,3162.2776601683795,0.0014479547927320926,1.5414492903246537
20,10,3311.311214825911,0.0015317849326291896,1.541753480589742
20,10,3467.368504525317,0.0016176116997989305,1.5420002703689035
20,10,3630.780547701014,0.0017060832883765062,1.54220638192784
20,10,3801.8939632056126,0.001797741748767496,1.5423831908395103
20,10,3981.0717055349733,0.0018930737415219338,1.5425388272384826
20,10,4168.693834703355,0.0019925450880562993,1.54267939979296
20,10,4365.158322401661,0.0020966278901079992,1.5428097574273443
20,10,4570.881896148751,0.002205825999299267,1.5429340029725802
20,10,4786.300923226385,0.0023207037894931145,1.5430558795456937
20,10,5011.872336272725,0.002441924364714207,1.5431791109183572
20,10,5248.074602497728,0.0025703070349665383,1.543307768033506
20,10,5495.408738576249,0.002706923060572675,1.5434467550708755
20,10,5754.399373371572,0.0028532723237645677,1.5436025869249452
20,10,6025.5958607435805,0.0030116558490380905,1.5437848709714694
20,10,6309.573444801937,0.0031861631629417223,1.5440098140011622
20,10,6606.9344800759645,0.0033871319990868573,1.5443116491033997
20,10,6918.309709189362,0.004682729472127664,1.4838735263062997
20,10,7244.359600749898,0.0038416683064617318,1.544928376492708
20,10,7585.775750291836,0.0042598256919709684,1.5458193758276493
20,10,7943.282347242814,0.005260254572512663,1.5467756611878143
20,10,8317.63771102671,0.0020586534686872025,-1.385246862953117
20,10,8709.635899560806,0.0032228505444635387,1.5328585465499236
20,10,9120.108393559096,0.003901841361353216,1.5391276473980045
20,10,9549.92586021436,0.004323503698347515,1.541024760052581
20,10,10000,0.004699326754102321,1.5420960006937665
20,12,1,6.3295369929002E-7,1.5452204462399795
20,12,1.0471285480508996,6.627838890849716E-7,1.5452204462742776
20,12,1.096478196143185,6.940199325266441E-7,1.5452204463086556
20,12,1.1481536214968828,7.267280869344186E-7,1.5452204463935166
20,12,1.202264434617413,7.609777297157948E-7,1.5452204464902297
20,12,1.2589254117941673,7.968415089613173E-7,1.545220446598047
20,12,1.318256738556407,8.343954963929122E-7,1.5452204467104897
20,12,1.3803842646028848,8.737193498432337E-7,1.5452204468467534
20,12,1.4454397707459274,9.148964798748359E-7,1.545220446989397
20,12,1.5135612484362082,9.580142276105888E-7,1.545220447109453
20,12,1.5848931924611136,1.0031640542946188E-6,1.5452204472711872
20,12,1.6595869074375607,1.0504417280031057E-6,1.5452204474547182
20,12,1.7378008287493754,1.0999475313958572E-6,1.5452204476619562
20,12,1.8197008586099834,1.1517864738686432E-6,1.5452204479093774
20,12,1.9054607179632472,1.2060685242733258E-6,1.5452204484066763
20,12,1.9952623149688795,1.262908798667246E-6,1.5452204486979162
20,12,2.0892961308540396,1.322427874015635E-6,1.5452204489981587
20,12,2.1877616239495525,1.384752000309724E-6,1.5452204493400574
20,12,2.290867652767773,1.4500133745451332E-6,1.5452204497056345
20,12,2.3988329190194904,1.5183504254658336E-6,1.545220450096965
20,12,2.51188643150958,1.5899081067291969E-6,1.5452204505330107
20,12,2.6302679918953817,1.6648382157128097E-6,1.5452204511996264
20,12,2.7542287033381663,1.7432996638692555E-6,1.54522045172898
20,12,2.884031503126606,1.8254588914844446E-6,1.5452204523028117
20,12,3.019951720402016,1.91149017150741E-6,1.5452204529379439
20,12,3.1622776601683795,2.0015759993785237E-6,1.5452204537569336
20,12,3.311311214825911,2.095907449779703E-6,1.5452204546294221
20,12,3.4673685045253166,2.194684599484689E-6,1.5452204554101792
20,12,3.630780547701014,2.2981169870365003E-6,1.5452204562972436
20,12,3.8018939632056115,2.4064240064257205E-6,1.545220457274664
20,12,3.9810717055349722,2.5198353910474696E-6,1.5452204583235731
20,12,4.168693834703354,2.638591735895538E-6,1.5452204597253245
20,12,4.36515832240166,2.7629448944771106E-6,1.5452204610641924
20,12,4.570881896148751,2.8931586800664444E-6,1.5452204626830761
20,12,4.786300923226384,3.0295092610865426E-6,1.545220464296087
20,12,5.011872336272724,3.172285899917155E-6,1.5452204662194124
20,12,5.248074602497725,3.3217914085741497E-6,1.545220468153811
20,12,5.495408738576246,3.4783429460928343E-6,1.5452204703391574
20,12,5.7543993733715695,3.6422725775239536E-6,1.545220472723267
20,12,6.025595860743578,3.813928044569178E-6,1.5452204754217422
20,12,6.309573444801933,3.993673445982857E-6,1.5452204783508479
20,12,6.606934480075961,4.181890041565375E-6,1.5452204814468122
20,12,6.918309709189364,4.3789771291012554E-6,1.5452204850165747
20,12,7.244359600749901,4.585352728145512E-6,1.54522048884165
20,12,7.5857757502918375,4.80145459404224E-6,1.5452204928993072
20,12,7.943282347242816,5.0277411930462836E-6,1.5452204975296087
20,12,8.31763771102671,5.264692463295401E-6,1.545220502440393
20,12,8.709635899560807,5.512811127938037E-6,1.5452205080684733
20,12,9.120108393559097,5.772623429911754E-6,1.5452205140960924
20,12,9.549925860214358,6.044680572097046E-6,1.5452205208541783
20,12,10,6.3295595889413025E-6,1.5452205280913909
20,12,10.471285480508996,6.6278648317924405E-6,1.5452205360131124
20,12,10.964781961431852,6.9402291655790985E-6,1.5452205448911471
20,12,11.481536214968829,7.267315125798166E-6,1.5452205544712914
20,12,12.02264434617413,7.609816645798473E-6,1.545220565045662
20,12,12.589254117941675,7.968460254051607E-6,1.5452205765524767
20,12,13.182567385564074,8.344006784019227E-6,1.5452205891044997
20,12,13.803842646028853,8.737253007363208E-6,1.545220603008596
20,12,14.454397707459272,9.149033113480885E-6,1.545220618189313
20,12,15.13561248436208,9.580220694794169E-6,1.5452206347865642
20,12,15.848931924611133,1.0031730632844046E-5,1.5452206531770993
20,12,16.595869074375607,1.0504520665306283E-5,1.5452206731109734
20,12,17.378008287493753,1.0999594024806579E-5,1.5452206951069438
20,12,18.197008586099834,1.1518001017356145E-5,1.545220719187641
20,12,19.054607179632473,1.2060841599084491E-5,1.545220745646008
20,12,19.952623149688797,1.2629267472782377E-5,1.5452207745485143
20,12,20.892961308540396,1.3224484883704029E-5,1.545220806398922
20,12,21.87761623949553,1.3847756644252595E-5,1.545220841150707
20,12,22.908676527677734,1.4500405425318151E-5,1.5452208792834972
20,12,23.98832919019491,1.51838162072657E-5,1.545220921151073
20,12,25.11886431509581,1.589943924732072E-5,1.5452209670478199
20,12,26.302679918953814,1.6648793324867608E-5,1.5452210174365821
20,12,27.542287033381662,1.743346870670511E-5,1.5452210725740945
20,12,28.84031503126606,1.825513102193567E-5,1.5452211331676957
20,12,30.19951720402016,1.9115524129088945E-5,1.5452211994780423
20,12,31.622776601683793,2.0016474479744692E-5,1.5452212721567944
20,12,33.11311214825911,2.0959894837907793E-5,1.5452213519828688
20,12,34.673685045253166,2.1947788078017336E-5,1.5452214395487094
20,12,36.30780547701014,2.2982251610985737E-5,1.54522153546141
20,12,38.018939632056124,2.4065482224383032E-5,1.5452216406933252
20,12,39.810717055349734,2.519978010744047E-5,1.5452217559110664
20,12,41.68693834703355,2.6387554772550544E-5,1.545221882423615
20,12,43.65158322401661,2.763132892659201E-5,1.5452220209881842
20,12,45.708818961487516,2.893374537105635E-5,1.5452221731378415
20,12,47.86300923226383,3.0297571129573534E-5,1.545222339864319
20,12,50.11872336272722,3.172570488294563E-5,1.5452225228313479
20,12,52.48074602497726,3.322118197928471E-5,1.5452227234172164
20,12,54.954087385762456,3.47871819933969E-5,1.5452229434711806
20,12,57.543993733715695,3.6427034700388364E-5,1.5452231846912703
20,12,60.25595860743578,3.814422837049287E-5,1.5452234493537853
20,12,63.09573444801933,3.994241610630607E-5,1.5452237395232158
20,12,66.06934480075961,4.182542513778714E-5,1.5452240578969172
20,12,69.18309709189366,4.3797263954451755E-5,1.5452244070925982
20,12,72.44359600749902,4.586213177227311E-5,1.5452247900829357
20,12,75.8577575029184,4.80244275943342E-5,1.5452252101169925
20,12,79.43282347242817,5.028876029195492E-5,1.545225670927732
20,12,83.17637711026708,5.265995786773886E-5,1.5452261763210466
20,12,87.09635899560806,5.514307974994076E-5,1.5452267309141903
20,12,91.20108393559097,5.774342600777728E-5,1.5452273392574718
20,12,95.49925860214358,6.046655102885487E-5,1.5452280066521558
20,12,100,6.33182756304816E-5,1.5452287389916846
20,12,104.71285480508996,6.630469975342099E-5,1.5452295426091667
20,12,109.64781961431851,6.943221638330538E-5,1.5452304243550572
20,12,114.81536214968828,7.270752725440528E-5,1.545231391994257
20,12,120.22644346174131,7.61376577742068E-5,1.5452324540430837
20,12,125.89254117941675,7.97299725765155E-5,1.5452336195808913
20,12,131.82567385564073,8.349219563472682E-5,1.5452348991517297
20,12,138.03842646028852,8.743242549356643E-5,1.5452363038904995
20,12,144.5439770745928,9.155915689225094E-5,1.5452378462385181
20,12,151.35612484362088,9.58813010357988E-5,1.5452395399010415
20,12,158.48931924611142,1.0040820761279042E-4,1.5452413999528718
20,12,165.95869074375614,1.0514968962473788E-4,1.545243443267405
20,12,173.78008287493762,1.1011604612323071E-4,1.5452456881264565
20,12,181.97008586099844,1.153180914990196E-4,1.5452481549361015
20,12,190.54607179632484,1.2076718331908951E-4,1.5452508662148392
20,12,199.52623149688807,1.2647525302062528E-4,1.5452538467723156
20,12,208.92961308540387,1.3245483925434267E-4,1.5452571240026522
20,12,218.77616239495518,1.3871912766191588E-4,1.5452607288210163
20,12,229.08676527677724,1.4528199595974974E-4,1.5452646968457193
20,12,239.88329190194898,1.5215807810485936E-4,1.545269071742572
20,12,251.18864315095797,1.593626692323683E-4,1.5452738843840992
20,12,263.02679918953817,1.6691195231612434E-4,1.5452791812148075
20,12,275.4228703338166,1.7482302065933292E-4,1.5452850182675264
20,12,288.40315031266056,1.831138811735614E-4,1.545291453619852
20,12,301.9951720402016,1.9180355850783278E-4,1.545298553291792
20,12,316.22776601683796,2.0091217350622805E-4,1.5453063921735581
20,12,331.1311214825911,2.1046115358102298E-4,1.5453150683568415
20,12,346.73685045253166,2.2047276452287937E-4,1.5453246426868101
20,12,363.0780547701014,2.3097102797308563E-4,1.5453352304297756
20,12,380.1893963205613,2.4198143068553178E-4,1.545346954650362
20,12,398.1071705534973,2.535310689004303E-4,1.5453599492816392
20,12,416.8693834703355,2.656488744803813E-4,1.5453743674679388
20,12,436.5158322401661,2.783658123982337E-4,1.5453903841999495
20,12,457.0881896148752,2.9171502400368577E-4,1.5454081926046401
20,12,478.6300923226385,3.057275173586832E-4,1.545427671085304
20,12,501.18723362727246,3.2044939174410606E-4,1.5454496572372878
20,12,524.8074602497728,3.359220085866688E-4,1.5454743876688681
20,12,549.5408738576248,3.5218984357670045E-4,1.5455021138476794
20,12,575.4399373371573,3.693033224193806E-4,1.5455332553624521
20,12,602.5595860743581,3.873189691598668E-4,1.5455683508061437
20,12,630.9573444801937,4.062991746937278E-4,1.5456079930301252
20,12,660.6934480075957,4.2631509208392477E-4,1.5456529378595607
20,12,691.8309709189363,4.4744826329930204E-4,1.5457041097107629
20,12,724.4359600749899,4.697925593614309E-4,1.5457626059918255
20,12,758.5775750291835,4.934593500592254E-4,1.5458298251332565
20,12,794.3282347242813,5.185825027923782E-4,1.5459075230290353
20,12,831.7637711026708,5.453266749073483E-4,1.5459979424550878
20,12,870.9635899560806,5.739002061838889E-4,1.5461040131634236
20,12,912.0108393559096,6.045725566750488E-4,1.546229550352049
20,12,954.992586021436,6.377053554115155E-4,1.5463796737121418
20,12,1000,6.73814053786563E-4,1.5465617304817452
20,12,1047.1285480508996,7.136465522357686E-4,1.54678581768627
20,12,1096.4781961431852,7.583712822688943E-4,1.5470668376711891
20,12,1148.1536214968828,8.099403185439852E-4,1.547427339052436
20,12,1202.2644346174131,8.71951197334225E-4,1.5479031247252095
20,12,1258.9254117941675,9.51717641478723E-4,1.5485490088411111
20,12,1318.2567385564075,0.0010675033731014675,1.5494475536552215
20,12,1380.3842646028852,0.0012805704088848212,1.5506059784630721
20,12,1445.439770745928,0.0020080666398227622,1.5493131994431961
20,12,1513.5612484362086,0.0016770089974362866,-1.50437323993719
20,12,1584.893192461114,3.193239329863063E-4,1.4768998184064908
20,12,1659.5869074375614,6.263567133175794E-4,1.526094047963639
20,12,1737.8008287493763,7.770352995637944E-4,1.534073009468303
20,12,1819.7008586099844,8.815726364118797E-4,1.537230185501108
20,12,1905.4607179632483,9.673811810501472E-4,1.538903356599074
20,12,1995.262314968881,0.001044587460094554,1.539934774621833
20,12,2089.2961308540407,0.0011178527712288355,1.5406328342382918
20,12,2187.761623949552,0.001189665145981965,1.5411365247436948
20,12,2290.8676527677726,0.0012615121889794675,1.5415175780657497
20,12,2398.83291901949,0.001334368848561086,1.5418166893185004
20,12,2511.88643150958,0.0014089340020888245,1.5420587777701154
20,12,2630.2679918953813,0.0014857464516468597,1.5422599659818845
20,12,2754.2287033381663,0.001565252857694941,1.5424312213214397
20,12,2884.031503126606,0.001647848219959111,1.5425803402209541
20,12,3019.9517204020162,0.0017339024628190763,1.5427131041070397
20,12,3162.2776601683795,0.001823779978125022,1.5428339931956525
20,12,3311.311214825911,0.0019178561850324294,1.5429466546584538
20,12,3467.368504525317,0.002016534289692604,1.543054235167786
20,12,3630.780547701014,0.0021202655538592936,1.5431596513182722
20,12,3801.8939632056126,0.002229578366910607,1.54326584089162
20,12,3981.0717055349733,0.0023451266650263455,1.5433760890510766
20,12,4168.693834703355,0.0024677851510844194,1.543494549821705
20,12,4365.158322401661,0.0025988814675278605,1.5436274009245505
20,12,4570.881896148751,0.0027409871085669222,1.5437863863027959
20,12,4786.300923226385,0.002902964982342283,1.5440058894135404
20,12,5011.872336272725,0.001231722965635842,1.0023185295154253
20,12,5248.074602497728,0.0031841267228573285,1.5440461937928127
20,12,5495.408738576249,0.0034003530514608573,1.544469578310717
20,12,5754.399373371572,0.0036519603931092935,1.544940287632455
20,12,6025.5958607435805,0.004009834393867592,1.5456403793432765
20,12,6309.573444801937,0.0049268863455141825,1.5462020667630278
20,12,6606.9344800759645,0.0018261701269355643,1.486679100044806
20,12,6918.309709189362,0.0036379905310472203,1.5394011132052585
20,12,7244.359600749898,0.004158405819709723,1.5423590370649356
20,12,7585.775750291836,0.004609998548864256,1.5437619483146094
20,12,7943.282347242814,0.005185903659655856,1.5450014940323626
20,12,8317.63771102671,0.006372574997292364,1.5459954768660118
20,12,8709.635899560806,0.05595949788878706,1.2413748757731744
20,12,9120.108393559096,0.0028910705919013807,1.5099890952531914
20,12,9549.92586021436,0.004195834059576543,1.532530164634124
20,12,10000,0.004804102705552414,1.5366905907247144
20,15,1,7.999041980938896E-7,1.5454793967742615
20,15,1.0471285480508996,8.376025276350552E-7,1.54547939694289
20,15,1.096478196143185,8.770775260626546E-7,1.545479397134835
20,15,1.1481536214968828,9.184129246523809E-7,1.5454793973379146
20,15,1.202264434617413,9.616964028482064E-7,1.545479397587659
20,15,1.2589254117941673,1.0070197686529154E-6,1.5454793978274104
20,15,1.318256738556407,1.0544791611464216E-6,1.5454793981062724
20,15,1.3803842646028848,1.104175247768645E-6,1.5454793984090631
20,15,1.4454397707459274,1.156213435488603E-6,1.5454793986346562
20,15,1.5135612484362082,1.2107041145868897E-6,1.5454793989860183
20,15,1.5848931924611136,1.2677628636442552E-6,1.5454793993800016
20,15,1.6595869074375607,1.327510712149034E-6,1.545479399815743
20,15,1.7378008287493754,1.3900743972021989E-6,1.5454794003488999
20,15,1.8197008586099834,1.455586657853746E-6,1.5454794014791988
20,15,1.9054607179632472,1.5241863855907833E-6,1.5454794021016682
20,15,1.9952623149688795,1.5960191219249295E-6,1.5454794027442342
20,15,2.0892961308540396,1.6712372371857355E-6,1.5454794034399244
20,15,2.1877616239495525,1.7500002803770541E-6,1.5454794042011222
20,15,2.290867652767773,1.832475319918431E-6,1.5454794050331904
20,15,2.3988329190194904,1.9188372993719534E-6,1.5454794059574282
20,15,2.51188643150958,2.0092694462980183E-6,1.5454794074397646
20,15,2.6302679918953817,2.103963503902366E-6,1.5454794085807586
20,15,2.7542287033381663,2.20312036836482E-6,1.545479409807686
20,15,2.884031503126606,2.3069503723257207E-6,1.5454794111826944
20,15,3.019951720402016,2.41567375665192E-6,1.545479412711726
20,15,3.1622776601683795,2.529521194151235E-6,1.5454794148702524
20,15,3.311311214825911,2.64873405067181E-6,1.5454794165432242
20,15,3.4673685045253166,2.773565272953167E-6,1.5454794184419742
20,15,3.630780547701014,2.904279624427865E-6,1.5454794203726827
20,15,3.8018939632056115,3.041154406497715E-6,1.5454794226130837
20,15,3.9810717055349722,3.184480023893571E-6,1.545479425643192
20,15,4.168693834703354,3.3345603573254016E-6,1.545479428456858
20,15,4.36515832240166,3.4917138879326405E-6,1.545479431981
20,15,4.570881896148751,3.6562738395533193E-6,1.5454794353653831
20,15,4.786300923226384,3.828589421270701E-6,1.545479439535732
20,15,5.011872336272724,4.009026008155298E-6,1.5454794436449997
20,15,5.248074602497725,4.197966402933575E-6,1.5454794480752794
20,15,5.495408738576246,4.395811492504208E-6,1.5454794533778535
20,15,5.7543993733715695,4.6029808825856976E-6,1.545479459176973
20,15,6.025595860743578,4.8199140221590885E-6,1.5454794654530253
20,15,6.309573444801933,5.047070962188657E-6,1.5454794716990856
20,15,6.606934480075961,5.2849339033872125E-6,1.5454794794876003
20,15,6.918309709189364,5.5340072020925015E-6,1.5454794878363556
20,15,7.244359600749901,5.794819128145122E-6,1.545479496451488
20,15,7.5857757502918375,6.067923220028369E-6,1.5454795064690205
20,15,7.943282347242816,6.353898565886191E-6,1.5454795169420437
20,15,8.31763771102671,6.653352091422384E-6,1.5454795289108494
20,15,8.709635899560807,6.966918828484313E-6,1.5454795416468903
20,15,9.120108393559097,7.295264290822516E-6,1.5454795562358605
20,15,9.549925860214358,7.639084618380278E-6,1.5454795714173197
20,15,10,7.999109588741962E-6,1.5454795884357377
20,15,10.471285480508996,8.376103063982739E-6,1.5454796075352326
20,15,10.964781961431852,8.770864500365793E-6,1.5454796278598584
20,15,11.481536214968829,9.184231707221534E-6,1.5454796503232513
20,15,12.02264434617413,9.61708168591056E-6,1.5454796750165116
20,15,12.589254117941675,1.0070332736637996E-5,1.5454797019355433
20,15,13.182567385564074,1.0544946556700314E-5,1.5454797313099917
20,15,13.803842646028853,1.1041930462271323E-5,1.5454797639325948
20,15,14.454397707459272,1.1562338713492425E-5,1.545479799429565
20,15,15.13561248436208,1.2107275872647234E-5,1.5454798386202944
20,15,15.848931924611133,1.2677898029399923E-5,1.5454798812312613
20,15,16.595869074375607,1.3275416469656126E-5,1.5454799282257097
20,15,17.378008287493753,1.3901099066599362E-5,1.5454799796017127
20,15,18.197008586099834,1.4556274025448887E-5,1.545480036214748
20,15,19.054607179632473,1.5242331569754733E-5,1.5454800979298595
20,15,19.952623149688797,1.5960728348275402E-5,1.545480165870724
20,15,20.892961308540396,1.6712989162801857E-5,1.54548024030279
20,15,21.87761623949553,1.7500710927494207E-5,1.5454803217387312
20,15,22.908676527677734,1.832556653386916E-5,1.5454804114579186
20,15,23.98832919019491,1.9189306740839257E-5,1.5454805093717878
20,15,25.11886431509581,2.009376628080627E-5,1.5454806169966149
20,15,26.302679918953814,2.104086568763286E-5,1.5454807348632384
20,15,27.542287033381662,2.2032617119930256E-5,1.5454808645133806
20,15,28.84031503126606,2.3071126617792253E-5,1.545481006272122
20,15,30.19951720402016,2.4158600916914056E-5,1.5454811616922295
20,15,31.622776601683793,2.529735105488126E-5,1.5454813322976193
20,15,33.11311214825911,2.6489797182328687E-5,1.5454815194868798
20,15,34.673685045253166,2.773847373531113E-5,1.545481724540387
20,15,36.30780547701014,2.9046035990936657E-5,1.5454819495446468
20,15,38.018939632056124,3.041526472645874E-5,1.5454821964434176
20,15,39.810717055349734,3.184907130695135E-5,1.5454824664518088
20,15,41.68693834703355,3.335050801435971E-5,1.5454827629771388
20,15,43.65158322401661,3.492277051001231E-5,1.5454830885058402
20,15,45.708818961487516,3.65692057184776E-5,1.5454834454045494
20,15,47.86300923226383,3.8293320620935374E-5,1.5454838368938324
20,15,50.11872336272722,4.0098788688982315E-5,1.545484266215128
20,15,52.48074602497726,4.198945891690526E-5,1.545484737226659
20,15,54.954087385762456,4.3969363148111956E-5,1.5454852537494952
20,15,57.543993733715695,4.60427272563982E-5,1.5454858207572726
20,15,60.25595860743578,4.8213977255813145E-5,1.5454864427009043
20,15,63.09573444801933,5.048775220897573E-5,1.5454871250745204
20,15,66.06934480075961,5.286891302478996E-5,1.5454878736081428
20,15,69.18309709189366,5.536255481729116E-5,1.5454886949223756
20,15,72.44359600749902,5.797401829679614E-5,1.5454895964184712
20,15,75.8577575029184,6.070889976000369E-5,1.5454905854207885
20,15,79.43282347242817,6.357306861486524E-5,1.5454916710371605
20,15,83.17637711026708,6.657267671308322E-5,1.545492862494515
20,15,87.09635899560806,6.971417665567417E-5,1.5454941705966458
20,15,91.20108393559097,7.300433366187955E-5,1.545495606568369
20,15,95.49925860214358,7.6450245131894E-5,1.545497183228322
20,15,100,8.005935569983687E-5,1.5454989143533766
20,15,104.71285480508996,8.383947982264659E-5,1.545500815944618
20,15,109.64781961431851,8.779881368485642E-5,1.5455029041983193
20,15,114.81536214968828,9.194596748168696E-5,1.5455051986941046
20,15,120.22644346174131,9.628997754736644E-5,1.545507719787349
20,15,125.89254117941675,1.0084033838953391E-4,1.5455104908042856
20,15,131.82567385564073,1.0560702225909063E-4,1.5455135367360484
20,15,138.03842646028852,1.1060051357560205E-4,1.5455168859585091
20,15,144.5439770745928,1.158318367547937E-4,1.5455205699076693
20,15,151.35612484362088,1.2131258650350098E-4,1.5455246229438493
20,15,158.48931924611142,1.2705496973015727E-4,1.545529083928673
20,15,165.95869074375614,1.330718379079846E-4,1.545533995406835
20,15,173.78008287493762,1.3937673334609373E-4,1.5455394048278819
20,15,181.97008586099844,1.4598394261605983E-4,1.5455453660907763
20,15,190.54607179632484,1.5290853554802405E-4,1.54555193811514
20,15,199.52623149688807,1.601664351874245E-4,1.545559187575374
20,15,208.92961308540387,1.6777448041560995E-4,1.5455671894132121
20,15,218.77616239495518,1.7575049507278937E-4,1.5455760273785824
20,15,229.08676527677724,1.8411337359943905E-4,1.5455857958150179
20,15,239.88329190194898,1.9288317958313057E-4,1.5455966016779814
20,15,251.18864315095797,2.02081247334187E-4,1.5456085655151994
20,15,263.02679918953817,2.1173032258197015E-4,1.545621825387014
20,15,275.4228703338166,2.2185468813215313E-4,1.5456365371207328
20,15,288.40315031266056,2.324803613680369E-4,1.5456528801329286
20,15,301.9951720402016,2.436352837059202E-4,1.5456710595322523
20,15,316.22776601683796,2.553495919376357E-4,1.5456913131074832
20,15,331.1311214825911,2.676558957270374E-4,1.545713914864962
20,15,346.73685045253166,2.8058967831605944E-4,1.545739184996944
20,15,363.0780547701014,2.9418974417937344E-4,1.5457674976632845
20,15,380.1893963205613,3.084988306906287E-4,1.5457992948033819
20,15,398.1071705534973,3.2356434260966837E-4,1.545835099908378
20,15,416.8693834703355,3.3943934480543656E-4,1.545875538866104
20,15,436.5158322401661,3.5618384574384295E-4,1.545921365364184
20,15,457.0881896148752,3.738665672457699E-4,1.5459734974099615
20,15,478.6300923226385,3.925672204866762E-4,1.5460330579493213
20,15,501.18723362727246,4.123799776965351E-4,1.5461014475689692
20,15,524.8074602497728,4.334181199654091E-4,1.5461804271900836
20,15,549.5408738576248,4.558208478775513E-4,1.546272237507983
20,15,575.4399373371573,4.7976370516689836E-4,1.546379780693558
20,15,602.5595860743581,5.054745979919507E-4,1.5465068808873366
20,15,630.9573444801937,5.332596309821294E-4,1.5466586810705725
20,15,660.6934480075957,5.635462330613138E-4,1.546842250723016
20,15,691.8309709189363,5.969595869475606E-4,1.5470675699894774
20,15,724.4359600749899,6.344656617189544E-4,1.5473491380618325
20,15,758.5775750291835,6.776617833948283E-4,1.5477087212514162
20,15,794.3282347242813,7.294277144572572E-4,1.5481800800778127
20,15,831.7637711026708,7.955964213736838E-4,1.5488166672743036
20,15,870.9635899560806,8.901662547483486E-4,1.5496984724232359
20,15,912.0108393559096,0.0010575959781777154,1.5508674351641354
20,15,954.992586021436,0.0015561397705185886,1.5507675712753022
20,15,1000,0.0034460414931954727,-1.4903687688245482
20,15,1047.1285480508996,1.6578958107329894E-4,1.413903484832991
20,15,1096.4781961431852,4.806139375198637E-4,1.522268552546491
20,15,1148.1536214968828,6.22127569846203E-4,1.5328133317956247
20,15,1202.2644346174131,7.160737279158726E-4,1.5366292383211249
20,15,1258.9254117941675,7.911960753141065E-4,1.5385725950673148
20,15,1318.2567385564075,8.576794803054811E-4,1.5397430788786424
20,15,1380.3842646028852,9.200863968336062E-4,1.5405227840721922
20,15,1445.439770745928,9.80802428361836E-4,1.541078546566892
20,15,1513.5612484362086,0.0010412272797597712,1.541494601013247
20,15,1584.893192461114,0.0011022636529064804,1.5418180314216559
20,15,1659.5869074375614,0.0011645441797116332,1.542077235351843
20,15,1737.8008287493763,0.0012285472189408884,1.5422903969781088
20,15,1819.7008586099844,0.001294660841264746,1.5424697529333473
20,15,1905.4607179632483,0.001363220921637975,1.5426239042646641
20,15,1995.262314968881,0.0014345358748999025,1.5427591520000263
20,15,2089.2961308540407,0.001508904642109286,1.5428803157061917
20,15,2187.761623949552,0.0015866322404819823,1.5429912729359652
20,15,2290.8676527677726,0.0016680465422249185,1.543095353701404
20,15,2398.83291901949,0.00175352142073504,1.5431956873260124
20,15,2511.88643150958,0.0018435163964939,1.5432956074775364
20,15,2630.2679918953813,0.0019386583371338423,1.5433993108385
20,15,2754.2287033381663,0.0020399437704677016,1.543513297735072
20,15,2884.031503126606,0.0021493662735586035,1.5436504660582757
20,15,3019.9517204020162,0.002272657696333857,1.543845924152262
20,15,3162.2776601683795,0.0024437123041878197,1.5442524004713865
20,15,3311.311214825911,0.002151558582868869,1.5384649217474637
20,15,3467.368504525317,0.00252883669619512,1.5431786315929912
20,15,3630.780547701014,0.002691782362556355,1.5435931751809797
20,15,3801.8939632056126,0.002847514093670876,1.5438325485779174
20,15,3981.0717055349733,0.0030098595597711484,1.5440454540940332
20,15,4168.693834703355,0.0031848751307364306,1.544274093521608
20,15,4365.158322401661,0.0033803623098781674,1.5445515794460005
20,15,4570.881896148751,0.0036214080612699717,1.5449319181887775
20,15,4786.300923226385,0.0013038644491163865,0.5968125166264983
20,15,5011.872336272725,0.003962144883825945,1.5447386621884525
20,15,5248.074602497728,0.004336658971107507,1.5456548636797136
20,15,5495.408738576249,0.004832572613473968,1.546535811389338
20,15,5754.399373371572,0.005753819003669966,1.5474288605858928
20,15,6025.5958607435805,0.009897593914062468,1.5397537137093427
20,15,6309.573444801937,4.892729058852391E-4,-1.0327211677520214
20,15,6606.9344800759645,0.0028877958461237074,1.519684767421154
20,15,6918.309709189362,0.0037733179696710552,1.5325698541796957
20,15,7244.359600749898,0.004296403086966817,1.5363150454974055
20,15,7585.775750291836,0.00470401396461138,1.538070747344341
20,15,7943.282347242814,0.005065704333285896,1.5390908308346594
20,15,8317.63771102671,0.005409166520141127,1.5397636622830833
20,15,8709.635899560806,0.00574810684910635,1.5402483822825284
20,15,9120.108393559096,0.0060906848152505405,1.540623165752859
20,15,9549.92586021436,0.006443050023987494,1.5409331532596073
20,15,10000,0.006813059351640154,1.541212646911369
20,20,1,1.084802141634865E-6,1.5458651794784897
20,20,1.0471285480508996,1.1359273213771896E-6,1.5458651800610765
20,20,1.096478196143185,1.1894619578552781E-6,1.5458651806343742
20,20,1.1481536214968828,1.245519610294759E-6,1.5458651813030349
20,20,1.202264434617413,1.3042191825640956E-6,1.5458651820091518
20,20,1.2589254117941673,1.3656851829551848E-6,1.5458651827181455
20,20,1.318256738556407,1.4300479889266982E-6,1.5458651834395911
20,20,1.3803842646028848,1.4974441356710487E-6,1.5458651843498372
20,20,1.4454397707459274,1.5680165766637643E-6,1.5458651853788352
20,20,1.5135612484362082,1.6419150149281564E-6,1.545865186654542
20,20,1.5848931924611136,1.7192962701194675E-6,1.5458651890303554
20,20,1.6595869074375607,1.8003243367624708E-6,1.5458651906287042
20,20,1.7378008287493754,1.8851711399832066E-6,1.545865192169113
20,20,1.8197008586099834,1.974016668481897E-6,1.5458651938584371
20,20,1.9054607179632472,2.067049377287978E-6,1.5458651956807947
20,20,1.9952623149688795,2.1644666071258694E-6,1.5458651976654167
20,20,2.0892961308540396,2.2664749985656486E-6,1.545865199849762
20,20,2.1877616239495525,2.3732909638578823E-6,1.545865202550533
20,20,2.290867652767773,2.485141086934604E-6,1.5458652058135227
20,20,2.3988329190194904,2.602262520986299E-6,1.545865208739671
20,20,2.51188643150958,2.7249037684867226E-6,1.5458652119448348
20,20,2.6302679918953817,2.853325000042305E-6,1.5458652156224686
20,20,2.7542287033381663,2.987798722595784E-6,1.5458652205110208
20,20,2.884031503126606,3.1286099189593273E-6,1.5458652246267792
20,20,3.019951720402016,3.276057421624028E-6,1.5458652290954664
20,20,3.1622776601683795,3.4304539727239382E-6,1.545865233760499
20,20,3.311311214825911,3.5921271509230003E-6,1.545865239098458
20,20,3.4673685045253166,3.7614199379056327E-6,1.5458652452904138
20,20,3.630780547701014,3.938691514653799E-6,1.5458652527107328
20,20,3.8018939632056115,4.1243177374413185E-6,1.5458652602948986
20,20,3.9810717055349722,4.318692523766327E-6,1.5458652689194434
20,20,4.168693834703354,4.522228179569385E-6,1.5458652784779603
20,20,4.36515832240166,4.7353562922481085E-6,1.5458652881506953
20,20,4.570881896148751,4.958529156603452E-6,1.5458652988840709
20,20,4.786300923226384,5.192220323461678E-6,1.5458653112165368
20,20,5.011872336272724,5.4369254415743695E-6,1.545865324732926
20,20,5.248074602497725,5.693163623742224E-6,1.5458653394731516
20,20,5.495408738576246,5.961478214929983E-6,1.545865354567597
20,20,5.7543993733715695,6.242439000952952E-6,1.545865372240256
20,20,6.025595860743578,6.536641766964384E-6,1.545865391518784
20,20,6.309573444801933,6.844710601884861E-6,1.5458654122649151
20,20,6.606934480075961,7.167299296668332E-6,1.545865435233356
20,20,6.918309709189364,7.5050923497167386E-6,1.5458654607901527
20,20,7.244359600749901,7.858806096194143E-6,1.5458654880086788
20,20,7.5857757502918375,8.229191549288426E-6,1.5458655185604067
20,20,7.943282347242816,8.617034317039259E-6,1.5458655518218254
20,20,8.31763771102671,9.023157364931456E-6,1.5458655880472594
20,20,8.709635899560807,9.448422752789821E-6,1.5458656281504644
20,20,9.120108393559097,9.89373273241416E-6,1.545865671957647
20,20,9.549925860214358,1.0360032375164042E-5,1.5458657198943662
20,20,10,1.0848311482850568E-5,1.5458657727183853
20,20,10.471285480508996,1.1359606187092118E-5,1.5458658304048245
20,20,10.964781961431852,1.1895001892937063E-5,1.5458658937263763
20,20,11.481536214968829,1.2455635077122122E-5,1.5458659632352603
20,20,12.02264434617413,1.3042695989284414E-5,1.5458660396351893
20,20,12.589254117941675,1.365743057610087E-5,1.5458661229040307
20,20,13.182567385564074,1.4301144629891062E-5,1.5458662147134827
20,20,13.803842646028853,1.4975204526028007E-5,1.5458663150265135
20,20,14.454397707459272,1.568104201535937E-5,1.5458664251572207
20,20,15.13561248436208,1.642015621057819E-5,1.5458665460114198
20,20,15.848931924611133,1.71941169169931E-5,1.5458666783693829
20,20,16.595869074375607,1.800456872158048E-5,1.545866823795586
20,20,17.378008287493753,1.885323327100368E-5,1.545866983088346
20,20,18.197008586099834,1.9741914165649412E-5,1.5458671576945238
20,20,19.054607179632473,2.0672500506300675E-5,1.5458673493348076
20,20,19.952623149688797,2.1646970343332895E-5,1.5458675593157476
20,20,20.892961308540396,2.2667396099051377E-5,1.5458677897498705
20,20,21.87761623949553,2.3735948021704683E-5,1.5458680424926543
20,20,22.908676527677734,2.485489920294303E-5,1.5458683195244574
20,20,23.98832919019491,2.6026631109819652E-5,1.5458686234276018
20,20,25.11886431509581,2.7253637911273638E-5,1.5458689566656714
20,20,26.302679918953814,2.8538532797191E-5,1.5458693223431974
20,20,27.542287033381662,2.9884052590301966E-5,1.545869723248634
20,20,28.84031503126606,3.129306531796532E-5,1.5458701631616172
20,20,30.19951720402016,3.2768575038021176E-5,1.545870645695919
20,20,31.622776601683793,3.431372912191077E-5,1.5458711748236305
20,20,33.11311214825911,3.593182629415224E-5,1.545871755525195
20,20,34.673685045253166,3.7626321601115464E-5,1.5458723922950581
20,20,36.30780547701014,3.9400837340586776E-5,1.545873091138828
20,20,38.018939632056124,4.1259166238584455E-5,1.545873856703505
20,20,39.810717055349734,4.32052894374561E-5,1.5458746975217508
20,20,41.68693834703355,4.5243374888846156E-5,1.5458756200939532
20,20,43.65158322401661,4.73777936325642E-5,1.5458766326398026
20,20,45.708818961487516,4.961312748237868E-5,1.5458777438006925
20,20,47.86300923226383,5.1954181408258374E-5,1.545878963493474
20,20,50.11872336272722,5.440599340574351E-5,1.5458803022470122
20,20,52.48074602497726,5.697384810349966E-5,1.5458817720013882
20,20,54.954087385762456,5.966328790757533E-5,1.5458833854165888
20,20,57.543993733715695,6.248013000443223E-5,1.5458851573492316
20,20,60.25595860743578,6.543047636366485E-5,1.5458871031851218
20,20,63.09573444801933,6.852073295438732E-5,1.5458892403691697
20,20,66.06934480075961,7.175762421168164E-5,1.545891587872572
20,20,69.18309709189366,7.514821507620574E-5,1.545894167601889
20,20,72.44359600749902,7.869992273581732E-5,1.5458970024058758
20,20,75.8577575029184,8.242054364202152E-5,1.5459001182948038
20,20,79.43282347242817,8.631827434097318E-5,1.545903544224642
20,20,83.17637711026708,9.04017340853688E-5,1.5459073120523787
20,20,87.09635899560806,9.46799913188783E-5,1.5459114570142365
20,20,91.20108393559097,9.916259408741869E-5,1.5459160186495542
20,20,95.49925860214358,1.0385959508760201E-4,1.5459210398682508
20,20,100,1.0878159446338043E-4,1.545926569532447
20,20,104.71285480508996,1.1393977094807049E-4,1.5459326616096154
20,20,109.64781961431851,1.1934592622405466E-4,1.5459393765402953
20,20,114.81536214968828,1.2501253134058926E-4,1.5459467820658126
20,20,120.22644346174131,1.3095277540519273E-4,1.5459549536222148
20,20,125.89254117941675,1.3718063027725902E-4,1.5459639766819566
20,20,131.82567385564073,1.437109075641117E-4,1.5459739465003126
20,20,138.03842646028852,1.5055934349710322E-4,1.5459849712772344
20,20,144.5439770745928,1.5774267887312373E-4,1.545997172975402
20,20,151.35612484362088,1.652787628100017E-4,1.5460106900787993
20,20,158.48931924611142,1.7318667260809073E-4,1.546025680577214
20,20,165.95869074375614,1.8148684305128017E-4,1.5460423240038887
20,20,173.78008287493762,1.902012423829595E-4,1.546060826889843
20,20,181.97008586099844,1.9935356339475523E-4,1.5460814266338752
20,20,190.54607179632484,2.0896946911286583E-4,1.5461043980651101
20,20,199.52623149688807,2.1907688001834245E-4,1.5461300598326837
20,20,208.92961308540387,2.2970635088014795E-4,1.5461587847060494
20,20,218.77616239495518,2.4089152965355275E-4,1.5461910106577437
20,20,229.08676527677724,2.526697422125672E-4,1.5462272552637635
20,20,239.88329190194898,2.650827637501897E-4,1.546268135411166
20,20,251.18864315095797,2.7817781670885707E-4,1.5463143916679747
20,20,263.02679918953817,2.920089000228084E-4,1.5463669201026091
20,20,275.4228703338166,3.06638615266659E-4,1.5464268164399906
20,20,288.40315031266056,3.221406743846959E-4,1.5464954340539145
20,20,301.9951720402016,3.386034506474971E-4,1.5465744641496495
20,20,316.22776601683796,3.5613513552541846E-4,1.5466660486607045
20,20,331.1311214825911,3.748713586611175E-4,1.5467729384714537
20,20,346.73685045253166,3.9498692708128273E-4,1.5468987277207134
20,20,363.0780547701014,4.167143455871904E-4,1.5470481979788118
20,20,380.1893963205613,4.4037444855586855E-4,1.5472278483033268
20,20,398.1071705534973,4.6642928603323245E-4,1.5474467236654903
20,20,416.8693834703355,4.955790237222856E-4,1.5477177566704556
20,20,436.5158322401661,5.289524857133542E-4,1.5480599996940578
20,20,457.0881896148752,5.685171208245394E-4,1.5485023912334421
20,20,478.6300923226385,6.180713478599801E-4,1.5490898422448636
20,20,501.18723362727246,6.861058940742953E-4,1.5498905973813306
20,20,524.8074602497728,7.964159432716106E-4,1.5509746494975836
20,20,549.5408738576248,0.0010515173476710955,1.5519211200706717
20,20,575.4399373371573,0.0035339540333856044,1.5227434499984425
20,20,602.5595860743581,1.787064485846457E-4,-1.4279794586846777
20,20,630.9573444801937,2.830876623591039E-4,1.505309003691542
20,20,660.6934480075957,4.3505071926168404E-4,1.5287073186516738
20,20,691.8309709189363,5.240547773175523E-4,1.5348387473653025
20,20,724.4359600749899,5.904232986976605E-4,1.5376055049267439
20,20,758.5775750291835,6.467145415655439E-4,1.5391669701321624
20,20,794.3282347242813,6.981429408370721E-4,1.5401650880191913
20,20,831.7637711026708,7.472921202233301E-4,1.5408561502565385
20,20,870.9635899560806,7.956136484424595E-4,1.541362134426622
20,20,912.0108393559096,8.440082155654906E-4,1.541748392710275
20,20,954.992586021436,8.930842806127473E-4,1.5420530883208974
20,20,1000,9.432857926564614E-4,1.542300035786571
20,20,1047.1285480508996,9.949608161264533E-4,1.5425049175341765
20,20,1096.4781961431852,0.0010484014521624414,1.5426785519778878
20,20,1148.1536214968828,0.0011038692117810495,1.5428287343690592
20,20,1202.2644346174131,0.001161613150961223,1.5429613411376444
20,20,1258.9254117941675,0.0012218858368030164,1.5430810549421472
20,20,1318.2567385564075,0.0012849609300477057,1.5431918912123022
20,20,1380.3842646028852,0.0013511590222493313,1.5432976815724053
20,20,1445.439770745928,0.0014208946560402456,1.5434026774429166
20,20,1513.5612484362086,0.0014947790440229835,1.543512610371162
20,20,1584.893192461114,0.001573889129181215,1.5436371657886376
20,20,1659.5869074375614,0.0016606574689902581,1.5437974467568445
20,20,1737.8008287493763,0.0017631594809454105,1.5440570421392141
20,20,1819.7008586099844,0.0019449178661602765,1.5447203299949415
20,20,1905.4607179632483,0.0016887250198137796,1.5402306898304605
20,20,1995.262314968881,0.0019194262337137366,1.5429446070752026
20,20,2089.2961308540407,0.0020436657307950443,1.543365451451695
20,20,2187.761623949552,0.002159550310936309,1.543582337560762
20,20,2290.8676527677726,0.0022774126433507094,1.5437466896125354
20,20,2398.83291901949,0.002400907387247103,1.543899231497869
20,20,2511.88643150958,0.0025329802993871693,1.5440615248250016
20,20,2630.2679918953813,0.002678731525699689,1.5442571820952418
20,20,2754.2287033381663,0.002856889816971596,1.5445260235954525
20,20,2884.031503126606,0.0036187962603801333,1.536242629201179
20,20,3019.9517204020162,0.002985436691844441,1.5432739475685195
20,20,3162.2776601683795,0.003218407487654153,1.5442149911567231
20,20,3311.311214825911,0.0034319284095483482,1.544651232502135
20,20,3467.368504525317,0.0036637158051467784,1.5450599112833605
20,20,3630.780547701014,0.0039333437754011545,1.545539885814443
20,20,3801.8939632056126,0.004272920426735461,1.5461654471858408
20,20,3981.0717055349733,0.004763193763363953,1.5470214717367174
20,20,4168.693834703355,0.005708914993119371,1.5479954246440295
20,20,4365.158322401661,0.010308853361274352,1.5397839718985113
20,20,4570.881896148751,3.6729116679531156E-4,-0.9160671285030957
20,20,4786.300923226385,0.002785633196145831,1.5200926901639298
20,20,5011.872336272725,0.003646610891021848,1.5327050503348427
20,20,5248.074602497728,0.004158870399341414,1.5364374259719749
20,20,5495.408738576249,0.004558635791550853,1.5382031451265152
20,20,5754.399373371572,0.0049136094066613584,1.5392371613564677
20,20,6025.5958607435805,0.005251205773107076,1.539926378703246
20,20,6309.573444801937,0.005585687410455748,1.5404327990602684
20,20,6606.9344800759645,0.00592866057240051,1.5408455629888593
20,20,6918.309709189362,0.006111809074396793,1.5367476922215013
20,20,7244.359600749898,0.006615334730110931,1.5413064576117192
20,20,7585.775750291836,0.007007836982959269,1.54163060423341
20,20,7943.282347242814,0.00743774299107878,1.5419437897374666
20,20,8317.63771102671,0.007962177511835263,1.5423051006293667
20,20,8709.635899560806,0.009145172541106899,1.5412658210114698
20,20,9120.108393559096,0.007804925565130463,1.5376228959388014
20,20,9549.92586021436,0.00874782906743349,1.5412117944811379
20,20,10000,0.009400475816103513,1.5420112356195057
