width (mm),length (mm),frequency (Hz),admittance (S),phase (rad)
5,5,2511.88643150958,1.7039638918211873E-4,1.5456707151781888
5,5,2570.3957827688646,1.744304905734798E-4,1.5456783599738115
5,5,2630.2679918953813,1.785637446315509E-4,1.545686414853576
5,5,2691.5348039269165,1.8279890408412069E-4,1.5456949044689852
5,5,2754.2287033381663,1.871388276516355E-4,1.5457038552281872
5,5,2818.382931264455,1.9158648709364086E-4,1.5457132954575374
5,5,2884.031503126606,1.9614497484144228E-4,1.5457232555646674
5,5,2951.209226666387,2.008175126418286E-4,1.5457337682375125
5,5,3019.9517204020162,2.0560746104996046E-4,1.545744868657246
5,5,3090.295432513592,2.105183298047962E-4,1.5457565947113263
5,5,3162.2776601683795,2.1555378997775216E-4,1.54576898729464
5,5,3235.9365692962842,2.2071768692070778E-4,1.5457820905688222
5,5,3311.311214825911,2.260140553800174E-4,1.5457959523188518
5,5,3388.4415613920273,2.3144713609158705E-4,1.5458106243013108
5,5,3467.368504525317,2.3702139491993063E-4,1.5458261626764254
5,5,3548.1338923357566,2.4274154453674928E-4,1.545842628484366
5,5,3630.780547701014,2.4861256887241244E-4,1.5458600881638005
5,5,3715.3522909717276,2.546397513317217E-4,1.545878614159511
5,5,3801.8939632056126,2.6082870725270275E-4,1.5458982856188477
5,5,3890.4514499428046,2.671854212433194E-4,1.545919189173922
5,5,3981.0717055349733,2.737162903402785E-4,1.5459414198310872
5,5,4073.802778041126,2.8042817446522514E-4,1.5459650820104578
5,5,4168.693834703355,2.873284552041783E-4,1.5459902907241991
5,5,4265.795188015925,2.9442510477690017E-4,1.5460171729349983
5,5,4365.158322401661,3.0172676784066425E-4,1.546045869154902
5,5,4466.835921509631,3.0924285794757154E-4,1.546076535260637
5,5,4570.881896148751,3.169836731490082E-4,1.5461093446461678
5,5,4677.351412871981,3.2496053441308297E-4,1.5461444907172965
5,5,4786.300923226385,3.3318595273087624E-4,1.5461821898202555
5,5,4897.7881936844615,3.4167383273485077E-4,1.546222684721945
5,5,5011.872336272725,3.504397209095869E-4,1.5462662486675498
5,5,5128.613839913648,3.5950111234579307E-4,1.5463131902407814
5,5,5248.074602497728,3.688778321703753E-4,1.5463638591660074
5,5,5370.317963702527,3.78592512174098E-4,1.546418653172072
5,5,5495.408738576249,3.8867119510045564E-4,1.5464780263069464
5,5,5623.413251903491,3.9914410517420836E-4,1.5465424988860832
5,5,5754.399373371572,4.100466438896084E-4,1.5466126695496383
5,5,5888.43655355589,4.21420688376343E-4,1.546689229749026
5,5,6025.5958607435805,4.3331631049948804E-4,1.5467729813430284
5,5,6165.9500186148225,4.457940794614727E-4,1.5468648577105526
5,5,6309.573444801937,4.5892819913709163E-4,1.5469659491203314
5,5,6456.542290346556,4.728108500012906E-4,1.5470775325922081
5,5,6606.9344800759645,4.875583191174998E-4,1.5472011062915945
5,5,6760.829753919819,5.033198344254044E-4,1.5473384268103885
5,5,6918.309709189362,5.202906127474002E-4,1.5474915448346505
5,5,7079.457843841381,5.38731664717258E-4,1.5476628272518853
5,5,7244.359600749898,5.590008275966498E-4,1.5478549373862192
5,5,7413.102413009177,5.816032303381037E-4,1.5480707067296646
5,5,7585.775750291836,6.072770340431249E-4,1.5483127389139457
5,5,7762.4711662869195,6.37147029645235E-4,1.548582352962207
5,5,7943.282347242814,6.730182378355854E-4,1.5488768387553722
5,5,8128.305161640995,7.179850876039009E-4,1.5491821272462798
5,5,8317.63771102671,7.778382409148291E-4,1.5494517738740026
5,5,8511.380382023768,8.648275744769737E-4,1.5495390314452855
5,5,8709.635899560806,0.00101016701491902,1.5489304106262587
5,5,8912.509381337459,0.0013239324752804637,1.5452754341132344
5,5,9120.108393559096,0.00267018218021021,1.5158780763470932
5,5,9332.543007969914,0.0023630811738477964,-1.4626891697558524
5,5,9549.92586021436,2.837444984419371E-4,-1.4441032370587823
5,5,9772.372209558112,9.349902637399292E-5,1.3237651346634591
5,5,10000,2.543370104714459E-4,1.4926621495122934
5,5,10232.929922807536,3.499734540596796E-4,1.516703923136374
5,5,10471.285480509006,4.1606048932787303E-4,1.5258754799014655
5,5,10715.193052376071,4.6653182040917257E-4,1.5306129037089855
5,5,10964.78196143185,5.078415677390729E-4,1.5334727283752605
5,5,11220.18454301963,5.433868479362656E-4,1.5353733250561958
5,5,11481.53621496884,5.751275086894744E-4,1.5367218713518436
5,5,11748.975549395303,6.042751958769496E-4,1.5377252443229934
5,5,12022.644346174131,6.316208340937295E-4,1.5384991792422256
5,5,12302.68770812381,6.577040368156804E-4,1.5391132589788465
5,5,12589.254117941662,6.829068232451675E-4,1.5396117305362689
5,5,12882.495516931349,7.075083643216441E-4,1.5400240233914957
5,5,13182.567385564074,7.317184400115006E-4,1.5403704468776942
5,5,13489.628825916532,7.556986828327669E-4,1.5406654554657722
5,5,13803.842646028837,7.795765141099722E-4,1.5409196097586546
5,5,14125.375446227554,8.034545500145819E-4,1.5411408016038008
5,5,14454.39770745928,8.274171125898532E-4,1.5413350458069064
5,5,14791.083881682072,8.515348385103982E-4,1.541507006941043
5,5,15135.612484362071,8.758680095417251E-4,1.5416603590093716
5,5,15488.166189124828,9.004690060073342E-4,1.5417980366372404
5,5,15848.93192461114,9.253841482718291E-4,1.541922414117284
5,5,16218.100973589299,9.50655104870051E-4,1.5420354353953467
5,5,16595.869074375598,9.763199911354929E-4,1.542138710062902
5,5,16982.43652461746,0.0010024142457649122,1.5422335853855096
5,5,17378.00828749376,0.0010289713491400385,1.5423212011968148
5,5,17782.794100389227,0.0010560234313115432,1.5424025323895052
5,5,18197.008586099826,0.0010836018083412522,1.5424784223745156
5,5,18620.871366628693,0.0011117374795347184,1.5425496099369216
5,5,19054.607179632483,0.0011404616168130665,1.5426167513204103
5,5,19498.445997580457,0.001169806078675939,1.5426804389542101
5,5,19952.62314968879,0.001199803988063051,1.5427412180140088
5,5,20417.379446695315,0.0012304904249256807,1.54279960188638
5,5,20892.96130854041,0.0012619033063545884,1.542856087649485
5,5,21379.620895022323,0.0012940845636053517,1.5429111728688807
5,5,21877.616239495517,0.0013270817894076388,1.5429653754481125
5,5,22387.211385683422,0.0013609506415803094,1.5430192590974448
5,5,22908.676527677748,0.001395758495570028,1.5430734685074654
5,5,23442.288153199228,0.001431590233553926,1.5431287811580583
5,5,23988.329190194898,0.0014685578505866316,1.5431861881329492
5,5,24547.089156850285,0.001506817255337806,1.5432470272529317
5,5,25118.864315095823,0.0015465995471520627,1.543313214921092
5,5,25703.957827688646,0.0015882738991210184,1.543387674754715
5,5,26302.679918953814,0.0016324870611606815,1.543475183701581
5,5,26915.348039269138,0.00168051651640076,1.543584156850527
5,5,27542.28703338169,0.0017353506130735946,1.5437305148691887
5,5,28183.82931264455,0.0018061551836488993,1.5439427991699113
5,5,28840.31503126606,0.0019420795412563624,1.5441192897627891
5,5,29512.09226666384,2.7877871318676163E-4,-0.16438180412537193
5,5,30199.51720402019,0.0017021314995223165,1.5404630618862392
5,5,30902.95432513592,0.0018200337556239295,1.5421587240996597
5,5,31622.776601683792,0.001892634113608958,1.5426531228335139
5,5,32359.36569296281,0.0019541589474694346,1.5429011936023922
5,5,33113.11214825915,0.002011977663908107,1.543060776334534
5,5,33884.415613920275,0.0020686705185288096,1.5431797591321088
5,5,34673.685045253165,0.002125416950893009,1.543277651946823
5,5,35481.33892335753,0.0021828737171849504,1.543364049242821
5,5,36307.80547701017,0.002241478540150659,1.5434444066189283
5,5,37153.52290971728,0.0023015814509156902,1.5435222673652014
5,5,38018.93963205613,0.002363518970972695,1.5436002706721668
5,5,38904.51449942805,0.0024276767485063673,1.5436806801686416
5,5,39810.71705534977,0.002494573952672913,1.543765686681272
5,5,40738.02778041131,0.002565024968165439,1.543857478956394
5,5,41686.93834703355,0.0026405321549457334,1.5439574800270965
5,5,42657.95188015926,0.0027244821755006586,1.5440607219579128
5,5,43651.58322401656,0.002827161191866995,1.5441102598474838
5,5,44668.359215096345,0.003005323724547017,1.543237664615896
5,5,45708.818961487515,0.0017168842815108074,1.3509935378964781
5,5,46773.51412871981,0.0028162872306432734,1.5410049539536848
5,5,47863.0092322638,0.002969372335041246,1.5429441223092135
5,5,48977.881936844664,0.0030817308508391144,1.543525957404903
5,10,1,1.411927716753842E-7,1.5466444896933058
5,10,1.023292992280754,1.444815738679699E-7,1.5466444897014622
5,10,1.0471285480508996,1.4784698223061933E-7,1.5466444897248703
5,10,1.0715193052376064,1.5129078096575936E-7,1.5466444897415945
5,10,1.096478196143185,1.548147960802871E-7,1.546644489757084
5,10,1.1220184543019633,1.584208960847923E-7,1.5466444897770566
5,10,1.1481536214968828,1.6211099294996686E-7,1.5466444897972245
5,10,1.1748975549395295,1.6588704323589633E-7,1.5466444898183613
5,10,1.202264434617413,1.6975104905180106E-7,1.5466444898409244
5,10,1.2302687708123816,1.7370505914402465E-7,1.5466444898671872
5,10,1.2589254117941673,1.7775116997114013E-7,1.5466444898927267
5,10,1.288249551693134,1.8189152679059647E-7,1.5466444899148721
5,10,1.318256738556407,1.8612832497528583E-7,1.5466444899408662
5,10,1.3489628825916535,1.904638108377231E-7,1.5466444899664782
5,10,1.3803842646028848,1.9490028311330132E-7,1.546644489987161
5,10,1.4125375446227544,1.9944009424183906E-7,1.54664449001965
5,10,1.4454397707459274,2.0408565116071995E-7,1.5466444900534668
5,10,1.4791083881682074,2.088394169449743E-7,1.5466444900803795
5,10,1.5135612484362082,2.1370391228814273E-7,1.5466444901229541
5,10,1.5488166189124815,2.1868171642826957E-7,1.5466444901718637
5,10,1.5848931924611136,2.2377546831639289E-7,1.5466444902053507
5,10,1.62181009735893,2.2898786920494032E-7,1.5466444902591385
5,10,1.6595869074375607,2.3432168282792866E-7,1.5466444903414556
5,10,1.6982436524617444,2.397797368575431E-7,1.5466444904152212
5,10,1.7378008287493754,2.4536492517696206E-7,1.5466444904800596
5,10,1.7782794100389228,2.5108020916927515E-7,1.5466444905342358
5,10,1.8197008586099834,2.569286192706055E-7,1.5466444905903525
5,10,1.8620871366628675,2.629132563753814E-7,1.5466444906504697
5,10,1.9054607179632472,2.690372936762081E-7,1.546644490713968
5,10,1.9498445997580451,2.753039781276695E-7,1.5466444907744616
5,10,1.9952623149688795,2.8171663250719186E-7,1.5466444908423878
5,10,2.041737944669529,2.882786568681795E-7,1.5466444909119317
5,10,2.0892961308540396,2.9499353040210064E-7,1.5466444909809063
5,10,2.137962089502232,3.018648135547943E-7,1.5466444910574466
5,10,2.1877616239495525,3.088961496380981E-7,1.546644491144098
5,10,2.23872113856834,3.160912665826128E-7,1.5466444912281545
5,10,2.290867652767773,3.234539792877774E-7,1.546644491307272
5,10,2.344228815319922,3.3098819228619854E-7,1.5466444914250326
5,10,2.3988329190194904,3.386978996808275E-7,1.5466444915429283
5,10,2.4547089156850306,3.4658718903784014E-7,1.5466444916480466
5,10,2.51188643150958,3.546602435073701E-7,1.5466444917497468
5,10,2.570395782768864,3.6292134390462724E-7,1.5466444918650948
5,10,2.6302679918953817,3.713748700883218E-7,1.5466444919795759
5,10,2.6915348039269156,3.8002530455851373E-7,1.5466444921104747
5,10,2.7542287033381663,3.888772335537789E-7,1.5466444922401663
5,10,2.8183829312644537,3.979353505681534E-7,1.5466444923731417
5,10,2.884031503126606,4.072044596024788E-7,1.5466444925703464
5,10,2.951209226666386,4.1668947300530645E-7,1.5466444927197072
5,10,3.019951720402016,4.263954209762937E-7,1.5466444928751746
5,10,3.0902954325135905,4.3632744926490733E-7,1.5466444930150207
5,10,3.1622776601683795,4.4649082474249224E-7,1.5466444931756655
5,10,3.2359365692962827,4.568909358229595E-7,1.5466444933428172
5,10,3.311311214825911,4.6753329662464905E-7,1.5466444935036858
5,10,3.3884415613920256,4.784235503546039E-7,1.5466444936828554
5,10,3.4673685045253166,4.895674712087316E-7,1.5466444938812243
5,10,3.548133892335755,5.009709674623164E-7,1.5466444940776563
5,10,3.630780547701014,5.126400855841975E-7,1.5466444942858193
5,10,3.715352290971726,5.245810143006476E-7,1.5466444945611715
5,10,3.8018939632056115,5.368000823488983E-7,1.5466444948048206
5,10,3.890451449942806,5.493037693728126E-7,1.5466444950585112
5,10,3.9810717055349722,5.620987049882866E-7,1.5466444953151535
5,10,4.073802778041127,5.751916747648357E-7,1.5466444956283236
5,10,4.168693834703354,5.88589618920314E-7,1.5466444959344698
5,10,4.265795188015927,6.022996413459639E-7,1.5466444962337458
5,10,4.36515832240166,6.163290125956988E-7,1.5466444965730357
5,10,4.466835921509632,6.306851703796274E-7,1.5466444969210944
5,10,4.570881896148751,6.453757263402156E-7,1.5466444972686393
5,10,4.677351412871983,6.604084702479674E-7,1.546644497638495
5,10,4.786300923226384,6.757913722550814E-7,1.546644498013649
5,10,4.8977881936844625,6.915325886138977E-7,1.5466444983966334
5,10,5.011872336272724,7.076404684864262E-7,1.5466444988712114
5,10,5.1286138399136485,7.241235481400096E-7,1.5466444993084796
5,10,5.248074602497725,7.409905701797936E-7,1.5466444997922575
5,10,5.370317963702527,7.582504763578967E-7,1.5466445002861173
5,10,5.495408738576246,7.759124191501885E-7,1.5466445008132323
5,10,5.623413251903491,7.939857626914016E-7,1.5466445013598016
5,10,5.7543993733715695,8.124800883194954E-7,1.54664450189045
5,10,5.88843655355589,8.314052044313503E-7,1.5466445024651216
5,10,6.025595860743578,8.507711468535721E-7,1.546644503115349
5,10,6.165950018614822,8.705881811545098E-7,1.546644503775643
5,10,6.309573444801933,8.908668140367863E-7,1.5466445044353336
5,10,6.456542290346556,9.116178016578748E-7,1.546644505183323
5,10,6.606934480075961,9.328521411919461E-7,1.546644505898776
5,10,6.760829753919819,9.54581094604567E-7,1.5466445066526964
5,10,6.918309709189364,9.768161843473544E-7,1.5466445074715975
5,10,7.079457843841379,9.995692000064165E-7,1.5466445083562228
5,10,7.244359600749901,1.0228522045039395E-6,1.5466445092779875
5,10,7.413102413009175,1.0466775402459533E-6,1.5466445101888364
5,10,7.5857757502918375,1.0710578434173588E-6,1.5466445111553686
5,10,7.762471166286917,1.096006042898232E-6,1.5466445122103165
5,10,7.943282347242816,1.1215353629295502E-6,1.546644513285454
5,10,8.128305161640993,1.147659341053826E-6,1.5466445144005585
5,10,8.31763771102671,1.1743918313266888E-6,1.5466445156058646
5,10,8.511380382023766,1.2017470051906246E-6,1.5466445168469907
5,10,8.709635899560807,1.22973936723543E-6,1.5466445181314403
5,10,8.912509381337456,1.2583837602852556E-6,1.5466445194675262
5,10,9.120108393559097,1.2876953759372034E-6,1.5466445209157558
5,10,9.33254300796991,1.317689749898495E-6,1.5466445223776493
5,10,9.549925860214358,1.3483827917916825E-6,1.5466445239431421
5,10,9.772372209558107,1.3797907743184114E-6,1.5466445255874652
5,10,10,1.4119303484204491E-6,1.546644527277761
5,10,10.232929922807541,1.4448185589417987E-6,1.5466445290611883
5,10,10.471285480508996,1.4784728443344699E-6,1.5466445309405672
5,10,10.715193052376065,1.5129110489733078E-6,1.5466445329154657
5,10,10.964781961431852,1.548151431859371E-6,1.5466445349635978
5,10,11.220184543019636,1.5842126809754997E-6,1.5466445371266868
5,10,11.481536214968829,1.6211139136850464E-6,1.5466445393523058
5,10,11.748975549395297,1.6588747049886647E-6,1.5466445417523758
5,10,12.02264434617413,1.6975150656556331E-6,1.5466445441860235
5,10,12.302687708123818,1.7370554948876293E-6,1.5466445467858325
5,10,12.589254117941675,1.7775169541951314E-6,1.5466445494981924
5,10,12.882495516931343,1.8189208984916678E-6,1.5466445523319365
5,10,13.182567385564074,1.861289282268348E-6,1.5466445552918549
5,10,13.48962882591654,1.904644573569168E-6,1.5466445584082775
5,10,13.803842646028853,1.9490097580346906E-6,1.5466445616474558
5,10,14.125375446227547,1.9944083641568025E-6,1.5466445650537994
5,10,14.454397707459272,2.040864465161148E-6,1.5466445686330386
5,10,14.791083881682072,2.088402689388023E-6,1.5466445723400433
5,10,15.13561248436208,2.137048254337663E-6,1.5466445762769288
5,10,15.488166189124811,2.186826947797921E-6,1.5466445803791329
5,10,15.848931924611133,2.2377651660777636E-6,1.5466445846594399
5,10,16.218100973589298,2.2898899268823635E-6,1.5466445891854586
5,10,16.595869074375607,2.3432288599352896E-6,1.5466445938756943
5,10,16.982436524617444,2.3978102562337617E-6,1.5466445987898814
5,10,17.378008287493753,2.453663059503488E-6,1.5466446039453954
5,10,17.78279410038923,2.5108168863618692E-6,1.5466446093453043
5,10,18.197008586099834,2.5693020476728334E-6,1.546644615016963
5,10,18.620871366628677,2.6291495493506996E-6,1.5466446209126647
5,10,19.054607179632473,2.690391140687083E-6,1.546644627142155
5,10,19.498445997580454,2.753059284519201E-6,1.5466446336150397
5,10,19.952623149688797,2.817187225536612E-6,1.5466446404322665
5,10,20.417379446695296,2.8828089669386585E-6,1.546644647573828
5,10,20.892961308540396,2.9499593020685462E-6,1.5466446550123103
5,10,21.379620895022324,3.018673849098207E-6,1.5466446628132866
5,10,21.87761623949553,3.0889890468899727E-6,1.546644670978836
5,10,22.3872113856834,3.160942187901873E-6,1.546644679545677
5,10,22.908676527677734,3.2345714309472914E-6,1.5466446885276897
5,10,23.442288153199225,3.309915820165104E-6,1.546644697920448
5,10,23.98832919019491,3.3870153083058327E-6,1.5466447077088832
5,10,24.547089156850312,3.4659108077732382E-6,1.5466447180531
5,10,25.11886431509581,3.5466441317352226E-6,1.5466447287977578
5,10,25.703957827688633,3.6292581178801245E-6,1.546644740085805
5,10,26.302679918953814,3.7137965779052005E-6,1.5466447519161302
5,10,26.915348039269155,3.800304342543694E-6,1.5466447642745165
5,10,27.542287033381662,3.8888273046023115E-6,1.5466447772500158
5,10,28.183829312644534,3.979412409589498E-6,1.546644790833828
5,10,28.84031503126606,4.072107697123135E-6,1.5466448050183725
5,10,29.512092266663856,4.166962347437786E-6,1.546644819907587
5,10,30.19951720402016,4.264026663626637E-6,1.546644835485261
5,10,30.902954325135905,4.363352134573996E-6,1.5466448518010156
5,10,31.622776601683793,4.464991448069222E-6,1.5466448688963172
5,10,32.359365692962825,4.568998514827347E-6,1.5466448867927045
5,10,33.11311214825911,4.675428497926494E-6,1.546644905491566
5,10,33.884415613920254,4.7843378751469614E-6,1.5466449251180554
5,10,34.673685045253166,4.895784407945637E-6,1.5466449456576097
5,10,35.48133892335755,5.009827179453785E-6,1.5466449670018423
5,10,36.30780547701014,5.12652677072926E-6,1.546644989517817
5,10,37.15352290971726,5.245945023270392E-6,1.5466450129786478
5,10,38.018939632056124,5.3681453477702915E-6,1.5466450376444185
5,10,38.90451449942807,5.4931925580124316E-6,1.546645063493521
5,10,39.810717055349734,5.621152988803636E-6,1.5466450905344264
5,10,40.73802778041128,5.752094554255679E-6,1.5466451188976869
5,10,41.68693834703355,5.886086694345539E-6,1.5466451485145893
5,10,42.657951880159274,6.0232005395398214E-6,1.5466451795534955
5,10,43.65158322401661,6.163508855037304E-6,1.5466452121091303
5,10,44.668359215096324,6.3070860691529635E-6,1.5466452461533404
5,10,45.708818961487516,6.454008383521612E-6,1.5466452817870713
5,10,46.77351412871981,6.604353794895943E-6,1.5466453191672815
5,10,47.86300923226383,6.758202079801151E-6,1.5466453583151516
5,10,48.97788193684461,6.915634872839959E-6,1.546645399258909
5,10,50.11872336272722,7.076735762050571E-6,1.5466454421642213
5,10,51.28613839913648,7.2415902500538885E-6,1.546645487088817
5,10,52.48074602497726,7.410285843425516E-6,1.5466455341222691
5,10,53.70317963702527,7.582912100896888E-6,1.5466455833801782
5,10,54.954087385762456,7.759560662659672E-6,1.5466456349514055
5,10,56.23413251903491,7.940325323475673E-6,1.5466456889675626
5,10,57.543993733715695,8.125302054206868E-6,1.5466457455251224
5,10,58.8843655355589,8.31458907706247E-6,1.546645804748728
5,10,60.25595860743578,8.508286913342955E-6,1.5466458667744478
5,10,61.65950018614822,8.70649843403367E-6,1.5466459317457755
5,10,63.09573444801933,8.909328878512028E-6,1.5466459997300526
5,10,64.56542290346556,9.116886021773506E-6,1.54664607096837
5,10,66.06934480075961,9.32928009509816E-6,1.5466461455560014
5,10,67.60829753919819,9.546623929458456E-6,1.5466462236561098
5,10,69.18309709189366,9.769032996125574E-6,1.546646305438621
5,10,70.79457843841381,9.996625486626629E-6,1.5466463911051116
5,10,72.44359600749902,1.02295223123806E-5,1.546646480783489
5,10,74.13102413009177,1.0467847267592494E-5,1.5466465747049318
5,10,75.8577575029184,1.0711727014687656E-5,1.5466466730569453
5,10,77.6247116628692,1.0961291188053095E-5,1.546646776042939
5,10,79.43282347242817,1.1216672482851986E-5,1.5466468839169778
5,10,81.28305161640995,1.1478006664522335E-5,1.5466469968681418
5,10,83.17637711026708,1.1745432733694423E-5,1.546647115202656
5,10,85.11380382023764,1.2019092891522382E-5,1.5466472391153878
5,10,87.09635899560806,1.2299132727404986E-5,1.5466473689139737
5,10,89.12509381337455,1.2585701143951748E-5,1.546647504749775
5,10,91.20108393559097,1.287895074740308E-5,1.546647647117318
5,10,93.3254300796991,1.3179037478462498E-5,1.5466477961286647
5,10,95.49925860214358,1.3486121096118672E-5,1.5466479521642182
5,10,97.72372209558107,1.3800365115098469E-5,1.5466481156045557
5,10,100,1.412193682724392E-5,1.5466482867508309
5,10,102.32929922807547,1.4451007503555636E-5,1.5466484659878506
5,10,104.71285480508996,1.4787752441379929E-5,1.5466486537065476
5,10,107.1519305237607,1.5132351013928859E-5,1.5466488502466995
5,10,109.64781961431851,1.5484986922308454E-5,1.5466490561106527
5,10,112.2018454301963,1.584584812909607E-5,1.5466492717215852
5,10,114.81536214968828,1.62151270201835E-5,1.546649497512792
5,10,117.48975549395291,1.6593020554235927E-5,1.5466497339834346
5,10,120.22644346174131,1.6979730338270256E-5,1.5466499816578303
5,10,123.02687708123811,1.7375462715172997E-5,1.546650241036426
5,10,125.89254117941675,1.7780428937917343E-5,1.546650512695931
5,10,128.82495516931337,1.8194845232662495E-5,1.5466507972054375
5,10,131.82567385564073,1.8618932982750105E-5,1.546651095204303
5,10,134.89628825916532,1.9052918793897376E-5,1.546651407332652
5,10,138.03842646028852,1.949703455627797E-5,1.5466517341707893
5,10,141.2537544622754,1.9951517920707334E-5,1.5466520765922007
5,10,144.5439770745928,2.0416611889398622E-5,1.5466524352048319
5,10,147.91083881682073,2.0892565369360654E-5,1.5466528107861055
5,10,151.35612484362088,2.1379633273074564E-5,1.546653204220028
5,10,154.88166189124811,2.187807644427415E-5,1.5466536162927234
5,10,158.48931924611142,2.2388162020932193E-5,1.5466540479068323
5,10,162.18100973589299,2.2910163535799122E-5,1.5466545000190037
5,10,165.95869074375614,2.3444361077962317E-5,1.546654973633561
5,10,169.82436524617444,2.399104130884106E-5,1.5466554697052226
5,10,173.78008287493762,2.455049789374023E-5,1.5466559893386316
5,10,177.82794100389228,2.512303156166482E-5,1.5466565337056974
5,10,181.97008586099844,2.5708950118118372E-5,1.5466571039114703
5,10,186.20871366628674,2.6308568968149636E-5,1.5466577012668512
5,10,190.54607179632484,2.6922211031085348E-5,1.54665832707281
5,10,194.98445997580455,2.755020695315275E-5,1.546658982637461
5,10,199.52623149688807,2.819289554310939E-5,1.5466596694564207
5,10,204.17379446695296,2.8850623845534906E-5,1.5466603891152695
5,10,208.92961308540387,2.9523746935047232E-5,1.5466611429839083
5,10,213.79620895022325,3.021262892973061E-5,1.5466619328031797
5,10,218.77616239495518,3.0917642812779015E-5,1.5466627603707377
5,10,223.872113856834,3.163917041733287E-5,1.546663627407995
5,10,229.08676527677724,3.237760319223729E-5,1.546664535892042
5,10,234.42288153199226,3.313334218705858E-5,1.5466654878766148
5,10,239.88329190194898,3.39067981486719E-5,1.5466664854223835
5,10,245.4708915685031,3.469839202046714E-5,1.5466675307155069
5,10,251.18864315095797,3.550855524679819E-5,1.5466686261150822
5,10,257.03957827688646,3.6337729971816915E-5,1.5466697740820177
5,10,263.02679918953817,3.718636927871061E-5,1.5466709771574048
5,10,269.1534803926917,3.8054937580773034E-5,1.5466722380261508
5,10,275.4228703338166,3.8943911082239406E-5,1.5466735595839853
5,10,281.8382931264455,3.985377777067808E-5,1.5466749447570278
5,10,288.40315031266056,4.0785038019258535E-5,1.5466763966759252
5,10,295.1209226666387,4.173820498242297E-5,1.5466779186622943
5,10,301.9951720402016,4.27138047072561E-5,1.5466795141260978
5,10,309.0295432513592,4.371237694323378E-5,1.5466811867833532
5,10,316.22776601683796,4.4734474965982264E-5,1.5466829403684013
5,10,323.5936569296284,4.5780666711859574E-5,1.5466847789977363
5,10,331.1311214825911,4.685153454600991E-5,1.5466867068578563
5,10,338.84415613920277,4.7947676223641305E-5,1.546688728447203
5,10,346.73685045253166,4.906970502464737E-5,1.5466908484356319
5,10,354.81338923357566,5.0218250373877744E-5,1.5466930717246206
5,10,363.0780547701014,5.1393958707777276E-5,1.5466954036154803
5,10,371.5352290971724,5.259749340726023E-5,1.54669784954482
5,10,380.1893963205613,5.382953583891577E-5,1.5467004153164254
5,10,389.04514499428046,5.50907859851484E-5,1.5467031070906503
5,10,398.1071705534973,5.6381962386719823E-5,1.5467059311765095
5,10,407.3802778041126,5.770380399764292E-5,1.5467088944660152
5,10,416.8693834703355,5.9057069925530624E-5,1.5467120040968525
5,10,426.57951880159254,6.044254042692942E-5,1.5467152675909903
5,10,436.5158322401661,6.186101820735335E-5,1.5467186930278565
5,10,446.683592150963,6.331332836763657E-5,1.5467222887774106
5,10,457.0881896148752,6.480032005857799E-5,1.5467260637850542
5,10,467.73514128719813,6.632284187760548E-5,1.5467300198655332
5,10,478.6300923226385,6.788182513588461E-5,1.5467341769271508
5,10,489.77881936844614,6.947820480206119E-5,1.5467385479100353
5,10,501.18723362727246,7.111291952609534E-5,1.5467431392862738
5,10,512.8613839913648,7.278695262632048E-5,1.5467479629111074
5,10,524.8074602497728,7.450131779414584E-5,1.5467530313272322
5,10,537.0317963702527,7.62570607246899E-5,1.5467583578962742
5,10,549.5408738576248,7.805526033384373E-5,1.5467639567570028
5,10,562.341325190349,7.989703015057869E-5,1.5467698428553007
5,10,575.4399373371573,8.178352139087388E-5,1.5467760323245971
5,10,588.843655355589,8.371592214955948E-5,1.5467825419115993
5,10,602.5595860743581,8.569546238323901E-5,1.5467893897680705
5,10,616.5950018614822,8.772341460310467E-5,1.5467965951722136
5,10,630.9573444801937,8.98010959301959E-5,1.5468041785446525
5,10,645.6542290346556,9.192987133750811E-5,1.546812161717189
5,10,660.6934480075957,9.411115669924061E-5,1.5468205680682308
5,10,676.0829753919819,9.63464206875089E-5,1.5468294224041017
5,10,691.8309709189363,9.863719004433643E-5,1.5468387514791961
5,10,707.945784384138,1.0098505117172922E-4,1.5468485837248043
5,10,724.4359600749899,1.0339165543764573E-4,1.5468589496366714
5,10,741.3102413009177,1.0585872397588201E-4,1.5468698820203535
5,10,758.5775750291835,1.0838805158028882E-4,1.546881415985427
5,10,776.247116628692,1.1098151312501658E-4,1.5468935893123854
5,10,794.3282347242813,1.1364106969973114E-4,1.5469064427096648
5,10,812.8305161640995,1.163687740646901E-4,1.5469200198247843
5,10,831.7637711026708,1.1916678077354184E-4,1.5469343679734997
5,10,851.1380382023768,1.2203735283924558E-4,1.5469495381452933
5,10,870.9635899560806,1.249828723260321E-4,1.5469655855160613
5,10,891.2509381337459,1.2800585079393738E-4,1.546982569812818
5,10,912.0108393559096,1.3110894270279617E-4,1.5470005559127036
5,10,933.2543007969915,1.342949265366853E-4,1.5470196095882147
5,10,954.992586021436,1.3756684600593232E-4,1.5470398164542067
5,10,977.2372209558112,1.4092784578053383E-4,1.5470612556907049
5,10,1000,1.4438131262127366E-4,1.5470840186198962
5,10,1023.2929922807547,1.479308694790759E-4,1.5471082050646092
5,10,1047.1285480508996,1.515804047816524E-4,1.5471339245253264
5,10,1071.519305237607,1.55334106461181E-4,1.5471612974228581
5,10,1096.4781961431852,1.5919649816425929E-4,1.5471904561832062
5,10,1122.018454301964,1.6317248687253982E-4,1.5472215470212898
5,10,1148.1536214968828,1.6726752791470123E-4,1.5472547444105331
5,10,1174.8975549395302,1.7148725405341958E-4,1.5472902034675513
5,10,1202.2644346174131,1.7583818367595692E-4,1.547328135222996
5,10,1230.268770812381,1.8032740693878102E-4,1.5473687624610941
5,10,1258.9254117941675,1.8496278880068712E-4,1.5474123339757004
5,10,1288.2495516931335,1.8975310641881335E-4,1.5474591289136932
5,10,1318.2567385564075,1.947082130854448E-4,1.5475094614504072
5,10,1348.9628825916532,1.998392390489897E-4,1.5475636862770674
5,10,1380.3842646028852,2.0515884330320623E-4,1.5476222053224813
5,10,1412.537544622754,2.1068152768798982E-4,1.5476854756864256
5,10,1445.439770745928,2.1642403451457417E-4,1.5477540192442494
5,10,1479.1083881682073,2.224058528122933E-4,1.5478284341257695
5,10,1513.5612484362086,2.2864987102950228E-4,1.5479094086277447
5,10,1548.816618912481,2.3518323256862343E-4,1.5479977383417272
5,10,1584.893192461114,2.420384626963064E-4,1.5480943468238073
5,10,1621.8100973589299,2.492549743246196E-4,1.5482003104354147
5,10,1659.5869074375614,2.568811268417539E-4,1.5483168893255637
5,10,1698.2436524617442,2.649770588267946E-4,1.5484455638144665
5,10,1737.8008287493763,2.7361869426464826E-4,1.548588078584601
5,10,1778.2794100389228,2.8290349601960645E-4,1.5487464930104173
5,10,1819.7008586099844,2.929589564840135E-4,1.5489232363784897
5,10,1862.0871366628676,3.039554476898319E-4,1.5491211590420242
5,10,1905.4607179632483,3.161263191577283E-4,1.5493435598687257
5,10,1949.8445997580454,3.29800457969456E-4,1.5495941370146122
5,10,1995.262314968881,3.454574495109786E-4,1.5498767382428815
5,10,2041.7379446695295,3.6382593327362604E-4,1.5501945943033184
5,10,2089.2961308540407,3.860706209231005E-4,1.5505482136262545
5,10,2137.9620895022326,4.1417768047496967E-4,1.5509296292309087
5,10,2187.761623949552,4.518365891883619E-4,1.5513058425840875
5,10,2238.72113856834,5.067703053554663E-4,1.5515659163202067
5,10,2290.8676527677726,5.983197722732556E-4,1.5513188168670962
5,10,2344.228815319923,7.924979495710589E-4,1.548832471098079
5,10,2398.83291901949,0.0015566594385470023,1.5292686387073666
5,10,2454.708915685031,0.0020870309978267563,-1.4748888137063365
5,10,2511.88643150958,2.984974890817369E-4,-1.5032885207062916
5,10,2570.3957827688646,3.106051035041031E-5,-1.167362654635771
5,10,2630.2679918953813,8.49490763521778E-5,1.4474786355756377
5,10,2691.5348039269165,1.4922863625442754E-4,1.5042645719397236
5,10,2754.2287033381663,1.926691943903163E-4,1.5199861133353525
5,10,2818.382931264455,2.2513947160283538E-4,1.5271919933680218
5,10,2884.031503126606,2.5119059547721917E-4,1.53127713035314
5,10,2951.209226666387,2.7320090946928805E-4,1.5338891402998591
5,10,3019.9517204020162,2.925343142743365E-4,1.5356946609454512
5,10,3090.295432513592,3.1002978303090425E-4,1.5370129552287946
5,10,3162.2776601683795,3.2623252097340507E-4,1.538015388168617
5,10,3235.9365692962842,3.415129398348027E-4,1.5388018837594177
5,10,3311.311214825911,3.56132174586084E-4,1.5394345046036084
5,10,3388.4415613920273,3.702802249719294E-4,1.5399537670300152
5,10,3467.368504525317,3.8409919086255216E-4,1.5403872112971533
5,10,3548.1338923357566,3.9769798190017637E-4,1.5407541936130231
5,10,3630.780547701014,4.111619519353881E-4,1.5410687071278224
5,10,3715.3522909717276,4.2455938505610394E-4,1.5413411145911458
5,10,3801.8939632056126,4.379459765199072E-4,1.54157925218369
5,10,3890.4514499428046,4.51368000677389E-4,1.5417891551756846
5,10,3981.0717055349733,4.648645952781842E-4,1.5419755480277726
5,10,4073.802778041126,4.784694432210275E-4,1.5421421836207951
5,10,4168.693834703355,4.922120323552534E-4,1.5422920829992635
5,10,4265.795188015925,5.061186181365877E-4,1.542427708214066
5,10,4365.158322401661,5.202129757276916E-4,1.5425510891948429
5,10,4466.835921509631,5.345169991725782E-4,1.5426639183415278
5,10,4570.881896148751,5.490511950042969E-4,1.5427676223412479
5,10,4677.351412871981,5.638351024440904E-4,1.5428634175362503
5,10,4786.300923226385,5.788876684265186E-4,1.5429523534343108
5,10,4897.7881936844615,5.942276017952409E-4,1.5430353476519838
5,10,5011.872336272725,6.098737307777726E-4,1.5431132147533584
5,10,5128.613839913648,6.258453919253989E-4,1.5431866909905043
5,10,5248.074602497728,6.421628834433606E-4,1.5432564565571472
5,10,5370.317963702527,6.588480333566149E-4,1.543323157081563
5,10,5495.408738576249,6.759249536308776E-4,1.543387426120776
5,10,5623.413251903491,6.934210957670696E-4,1.5434499110245883
5,10,5754.399373371572,7.113688006583754E-4,1.5435113056370364
5,10,5888.43655355589,7.298076770993727E-4,1.543572395326803
5,10,6025.5958607435805,7.487884249393617E-4,1.5436341239685674
5,10,6165.9500186148225,7.68379291342275E-4,1.5436977004508323
5,10,6309.573444801937,7.886776126068835E-4,1.5437647792512137
5,10,6456.542290346556,8.098318976137259E-4,1.5438377872986102
5,10,6606.9344800759645,8.320878174166361E-4,1.543920560478968
5,10,6760.829753919819,8.558950957533291E-4,1.5440196932648915
5,10,6918.309709189362,8.821963948468446E-4,1.5441477052949435
5,10,7079.457843841381,9.134036240659448E-4,1.544331284953645
5,10,7244.359600749898,9.582269367465009E-4,1.544630352269098
5,10,7413.102413009177,0.0010921892809610716,1.5445911589282613
5,10,7585.775750291836,7.615102111299702E-4,1.5349242992994436
5,10,7762.4711662869195,9.09206556290884E-4,1.5421240631405733
5,10,7943.282347242814,9.573698599569574E-4,1.5429697436368264
5,10,8128.305161640995,9.923702052316654E-4,1.5433042700159085
5,10,8317.63771102671,0.001023502300897253,1.543495824423419
5,10,8511.380382023768,0.0010533120058121965,1.543629053034557
5,10,8709.635899560806,0.0010828113136320116,1.5437339247274051
5,10,8912.509381337459,0.001112513166695477,1.543823991589365
5,10,9120.108393559096,0.0011427380803804453,1.5439065821304503
5,10,9332.543007969914,0.001173732480328295,1.5439863506865847
5,10,9549.92586021436,0.0012057280328158413,1.5440667811438507
5,10,9772.372209558112,0.0012389839366223339,1.5441509567340743
5,10,10000,0.0012738325402705598,1.5442420550005005
5,10,10232.929922807536,0.0013107474601597709,1.5443437556537303
5,10,10471.285480509006,0.0013504674418784847,1.5444606231621831
5,10,10715.193052376071,0.001394253977575391,1.544598320241859
5,10,10964.78196143185,0.001444502254547871,1.5447626349700783
5,10,11220.18454301963,0.0015064515493439655,1.5449514215865887
5,10,11481.53621496884,0.00159430582204281,1.5450977327506354
5,10,11748.975549395303,0.0017650707114261783,1.544495442539636
5,10,12022.644346174131,0.0027737413665490443,1.517277233782248
5,10,12302.68770812381,8.991062410332259E-4,1.4987533814982295
5,10,12589.254117941662,0.0013046456809171524,1.5356389184988997
5,10,12882.495516931349,0.001435801480891736,1.539732994307143
5,10,13182.567385564074,0.0015169710512485148,1.5411617523791272
5,10,13489.628825916532,0.001580819899426926,1.5418752905591364
5,10,13803.842646028837,0.0016370245967248036,1.5423029797427599
5,10,14125.375446227554,0.0016894847982272625,1.542589762331102
5,10,14454.39770745928,0.0017400862902614193,1.542797425647604
5,10,14791.083881682072,0.0017898624216996543,1.5429565684584758
5,10,15135.612484362071,0.0018394356303656457,1.5430840303501632
5,10,15488.166189124828,0.001889211035226977,1.5431898411484057
5,10,15848.93192461114,0.0019394707498125792,1.5432803582958619
5,10,16218.100973589299,0.0019904237769769995,1.543359823174499
5,10,16595.869074375598,0.002042234269158002,1.543431192738491
5,10,16982.43652461746,0.002095038538077608,1.5434966117797981
5,10,17378.00828749376,0.002148955919341597,1.5435576952983394
5,10,17782.794100389227,0.0022040961792315463,1.5436157052432273
5,10,18197.008586099826,0.0022605649743313873,1.5436716660234555
5,10,18620.871366628693,0.0023184682851535576,1.5437264434387528
5,10,19054.607179632483,0.002377916452469431,1.543780801403085
5,10,19498.445997580457,0.0024390283222799026,1.543835445287844
5,10,19952.62314968879,0.0025019360029329644,1.5438910576827602
5,10,20417.379446695315,0.0025667908462158875,1.5439483307217257
5,10,20892.96130854041,0.002633771520628586,1.5440079983179769
5,10,21379.620895022323,0.0027030955376210687,1.544070871360536
5,10,21877.616239495517,0.0027750365174244417,1.5441378788943365
5,10,22387.211385683422,0.0028499512604523275,1.5442101180770416
5,10,22908.676527677748,0.0029283242653240877,1.5442889139266733
5,10,23442.288153199228,0.0030108449497008214,1.5443758820944025
5,10,23988.329190194898,0.0030985502761466557,1.5444729586174235
5,10,24547.089156850285,0.003193109225447428,1.5445822517345127
5,10,25118.864315095823,0.00329744849983998,1.544705139593589
5,10,25703.957827688646,0.003417320546788353,1.544838096672152
5,10,26302.679918953814,0.003566034486750382,1.5449519592378582
5,10,26915.348039269138,0.0037835928179180797,1.544856492770254
5,10,27542.28703338169,0.00427424322411373,1.5425013131232364
5,10,28183.82931264455,0.014622740082710816,-0.6310826881455963
5,10,28840.31503126606,0.0029394161882811045,1.530831510275279
5,10,29512.09226666384,0.0034038104060036744,1.540144601391305
5,10,30199.51720402019,0.0036344480006298917,1.5421923976738374
5,10,30902.95432513592,0.0038095860301586015,1.5430947918332345
5,10,31622.776601683792,0.003966775373186969,1.5436407852731835
5,10,32359.36569296281,0.004119726662614816,1.5440432165611226
5,10,33113.11214825915,0.004275702040145965,1.5443837618284786
5,10,33884.415613920275,0.004440192520093546,1.5447023800897053
5,10,34673.685045253165,0.004618953323963011,1.5450231667122354
5,10,35481.33892335753,0.004819683663010464,1.5453634599135853
5,10,36307.80547701017,0.00505455834187462,1.5457363736528984
5,10,37153.52290971728,0.005345591191482289,1.5461465219916388
5,10,38018.93963205613,0.005738719718758253,1.5465646993846127
5,10,38904.51449942805,0.006350604399470399,1.546799030015948
5,10,39810.71705534977,0.007594677815613182,1.5456061097985256
5,10,40738.02778041131,0.012808869400588237,1.5260792322032806
5,10,41686.93834703355,0.005243591391388264,-1.4088143241857307
5,10,42657.95188015926,0.0020546913326484613,1.4692781161848485
5,10,43651.58322401656,0.003497961692214937,1.5222999100862002
5,10,44668.359215096345,0.004244974421881159,1.532418675261254
5,10,45708.818961487515,0.004861601835371817,1.5367905982800516
5,10,46773.51412871981,0.006003467601617799,1.5378149039935574
5,10,47863.0092322638,0.0029448073040789576,1.488093728725258
5,10,48977.881936844664,0.004628300913029112,1.5335930115822594
5,20,1,2.919827435926117E-7,1.5473783984888723
5,20,1.023292992280754,2.987838984687422E-7,1.5473783987106702
5,20,1.0471285480508996,3.057434773229065E-7,1.547378399166362
5,20,1.0715193052376064,3.128651632477602E-7,1.547378399498289
5,20,1.096478196143185,3.201527337422037E-7,1.5473783997893116
5,20,1.1220184543019633,3.2761005381954433E-7,1.5473784000850963
5,20,1.1481536214968828,3.3524107822205633E-7,1.5473784004243458
5,20,1.1748975549395295,3.430498524479718E-7,1.547378400792894
5,20,1.202264434617413,3.510405151273679E-7,1.5473784010828564
5,20,1.2302687708123816,3.59217307389795E-7,1.547378401530192
5,20,1.2589254117941673,3.675845617370951E-7,1.547378401950486
5,20,1.288249551693134,3.7614671459699076E-7,1.5473784023932495
5,20,1.318256738556407,3.8490830675140083E-7,1.547378402878108
5,20,1.3489628825916535,3.938739818438575E-7,1.547378403288537
5,20,1.3803842646028848,4.0304849401495907E-7,1.547378403715843
5,20,1.4125375446227544,4.124367133594829E-7,1.547378404373064
5,20,1.4454397707459274,4.220436114271801E-7,1.5473784049628456
5,20,1.4791083881682074,4.3187428420961047E-7,1.5473784055953077
5,20,1.5135612484362082,4.419339417770584E-7,1.5473784061542888
5,20,1.5488166189124815,4.522279234907893E-7,1.547378406908618
5,20,1.5848931924611136,4.6276168362909747E-7,1.5473784077108212
5,20,1.62181009735893,4.735408022375634E-7,1.5473784082744122
5,20,1.6595869074375607,4.845709991810005E-7,1.5473784088692908
5,20,1.6982436524617444,4.958581293319778E-7,1.5473784097138483
5,20,1.7378008287493754,5.07408169545088E-7,1.5473784104686876
5,20,1.7782794100389228,5.192272466699055E-7,1.5473784113306948
5,20,1.8197008586099834,5.31321629836671E-7,1.547378412302723
5,20,1.8620871366628675,5.436977274460036E-7,1.5473784132635584
5,20,1.9054607179632472,5.563621048451331E-7,1.5473784142988516
5,20,1.9498445997580451,5.693214771112119E-7,1.5473784154838928
5,20,1.9952623149688795,5.82582730349952E-7,1.5473784171994827
5,20,2.041737944669529,5.96152882702467E-7,1.5473784190689577
5,20,2.0892961308540396,6.100391075358159E-7,1.5473784203430836
5,20,2.137962089502232,6.242487850096108E-7,1.5473784216247257
5,20,2.1877616239495525,6.387894505606667E-7,1.5473784229123888
5,20,2.23872113856834,6.536688136061347E-7,1.547378424271124
5,20,2.290867652767773,6.688947679005839E-7,1.5473784257548635
5,20,2.344228815319922,6.844753822604705E-7,1.5473784272796192
5,20,2.3988329190194904,7.004189225537979E-7,1.5473784289345285
5,20,2.4547089156850306,7.167338334358753E-7,1.547378430509527
5,20,2.51188643150958,7.334287754478979E-7,1.5473784322455586
5,20,2.570395782768864,7.505125955912363E-7,1.547378434054715
5,20,2.6302679918953817,7.679943564772529E-7,1.5473784359645808
5,20,2.6915348039269156,7.858833234837432E-7,1.5473784379424587
5,20,2.7542287033381663,8.041889859675957E-7,1.5473784400598558
5,20,2.8183829312644537,8.22921061456995E-7,1.5473784426015407
5,20,2.884031503126606,8.420894776119277E-7,1.5473784453848247
5,20,2.951209226666386,8.617043659641744E-7,1.5473784477140702
5,20,3.019951720402016,8.817761488310045E-7,1.5473784501109378
5,20,3.0902954325135905,9.023154730940748E-7,1.5473784526653527
5,20,3.1622776601683795,9.233332344872136E-7,1.5473784554771621
5,20,3.2359365692962827,9.448405634238093E-7,1.5473784582561685
5,20,3.311311214825911,9.668488752338317E-7,1.5473784612256294
5,20,3.3884415613920256,9.893698417476332E-7,1.547378464386755
5,20,3.4673685045253166,1.012415432156444E-6,1.5473784683354732
5,20,3.548133892335755,1.0359978268717554E-6,1.5473784722271642
5,20,3.630780547701014,1.0601295106153223E-6,1.5473784757445364
5,20,3.715352290971726,1.08482329790139E-6,1.5473784793032053
5,20,3.8018939632056115,1.1100922950391379E-6,1.5473784830593595
5,20,3.890451449942806,1.1359499075158624E-6,1.547378487171539
5,20,3.9810717055349722,1.1624098348948484E-6,1.547378491393796
5,20,4.073802778041127,1.1894861076540857E-6,1.5473784957696848
5,20,4.168693834703354,1.2171930937669883E-6,1.547378500442403
5,20,4.265795188015927,1.2455454826660495E-6,1.5473785053869125
5,20,4.36515832240166,1.2745582990661485E-6,1.5473785104695403
5,20,4.466835921509632,1.3042469805995906E-6,1.5473785164642255
5,20,4.570881896148751,1.334627237590072E-6,1.5473785228932628
5,20,4.677351412871983,1.3657151211284593E-6,1.5473785288031836
5,20,4.786300923226384,1.3975271779631455E-6,1.5473785352309384
5,20,4.8977881936844625,1.4300802794551678E-6,1.5473785421168693
5,20,5.011872336272724,1.4633916789733318E-6,1.5473785494179746
5,20,5.1286138399136485,1.4974790008250788E-6,1.5473785565028328
5,20,5.248074602497725,1.532360377914274E-6,1.5473785641823652
5,20,5.370317963702527,1.5680543401274588E-6,1.5473785728381888
5,20,5.495408738576246,1.6045796975896777E-6,1.547378581017963
5,20,5.623413251903491,1.6419558820790474E-6,1.547378589517295
5,20,5.7543993733715695,1.680202739735984E-6,1.5473785985962927
5,20,5.88843655355589,1.7193405169121334E-6,1.5473786078918221
5,20,6.025595860743578,1.7593900804538085E-6,1.5473786186212348
5,20,6.165950018614822,1.8003725427972732E-6,1.5473786293596241
5,20,6.309573444801933,1.8423096830307757E-6,1.5473786406427892
5,20,6.456542290346556,1.8852237443129665E-6,1.5473786524912965
5,20,6.606934480075961,1.9291374642983494E-6,1.5473786646429075
5,20,6.760829753919819,1.9740741699142324E-6,1.5473786775972083
5,20,6.918309709189364,2.020057612193257E-6,1.5473786904231321
5,20,7.079457843841379,2.067112247473963E-6,1.5473787039532005
5,20,7.244359600749901,2.115263120358541E-6,1.5473787189875872
5,20,7.413102413009175,2.1645356499288722E-6,1.5473787343131429
5,20,7.5857757502918375,2.214956050801952E-6,1.5473787507861165
5,20,7.762471166286917,2.266551010350698E-6,1.5473787678567748
5,20,7.943282347242816,2.3193478808484416E-6,1.5473787854239174
5,20,8.128305161640993,2.3733746350853792E-6,1.547378803330584
5,20,8.31763771102671,2.428660108469861E-6,1.5473788230372905
5,20,8.511380382023766,2.485233514670593E-6,1.5473788435777505
5,20,8.709635899560807,2.5431248807474955E-6,1.5473788651184146
5,20,8.912509381337456,2.6023648306264223E-6,1.547378887065841
5,20,9.120108393559097,2.6629848315330796E-6,1.5473789098284116
5,20,9.33254300796991,2.725017184313325E-6,1.5473789343726458
5,20,9.549925860214358,2.788494730740198E-6,1.5473789602694739
5,20,9.772372209558107,2.8534510573959977E-6,1.547378986925837
5,20,10,2.9199206834519954E-6,1.5473790147436257
5,20,10.232929922807541,2.987938943459578E-6,1.5473790442947217
5,20,10.471285480508996,3.0575418887768942E-6,1.5473790752508454
5,20,10.715193052376065,3.1287662988529024E-6,1.5473791067667424
5,20,10.964781961431852,3.2016502890515832E-6,1.5473791408587096
5,20,11.220184543019636,3.2762323000484112E-6,1.5473791762149067
5,20,11.481536214968829,3.352551919496812E-6,1.5473792128391108
5,20,11.748975549395297,3.4306498248063645E-6,1.5473792518658942
5,20,12.02264434617413,3.510567214644843E-6,1.5473792919336773
5,20,12.302687708123818,3.5923467371228015E-6,1.5473793343883004
5,20,12.589254117941675,3.6760317206605327E-6,1.5473793789188868
5,20,12.882495516931343,3.7616665785192698E-6,1.5473794254831295
5,20,13.182567385564074,3.849296831803976E-6,1.5473794745216447
5,20,13.48962882591654,3.938968794243764E-6,1.5473795250877185
5,20,13.803842646028853,4.030730308054792E-6,1.5473795784627462
5,20,14.125375446227547,4.12463001460491E-6,1.547379634265707
5,20,14.454397707459272,4.220717753017908E-6,1.5473796926246954
5,20,14.791083881682072,4.319044699952151E-6,1.5473797542636145
5,20,15.13561248436208,4.4196628025823E-6,1.5473798181465628
5,20,15.488166189124811,4.522625704319533E-6,1.5473798852452594
5,20,15.848931924611133,4.627988093416202E-6,1.5473799557349786
5,20,16.218100973589298,4.735805876985405E-6,1.547380029444082
5,20,16.595869074375607,4.846136345141382E-6,1.5473801066109292
5,20,16.982436524617444,4.959038112032679E-6,1.5473801873228445
5,20,17.378008287493753,5.074571288531148E-6,1.5473802722867445
5,20,17.78279410038923,5.192797119007493E-6,1.5473803609963184
5,20,18.197008586099834,5.3137784746038594E-6,1.547380453887061
5,20,18.620871366628677,5.4375795839418265E-6,1.547380550737334
5,20,19.054607179632473,5.5642665155353104E-6,1.5473806528092513
5,20,19.498445997580454,5.693906351174698E-6,1.5473807592560564
5,20,19.952623149688797,5.826568207550972E-6,1.5473808709957926
5,20,20.417379446695296,5.962322427480927E-6,1.5473809874971447
5,20,20.892961308540396,6.1012415284781755E-6,1.5473811100915988
5,20,21.379620895022324,6.2433991558595265E-6,1.5473812382118253
5,20,21.87761623949553,6.3888710470374054E-6,1.547381372382944
5,20,22.3872113856834,6.537734655454696E-6,1.5473815131111757
5,20,22.908676527677734,6.690069070202998E-6,1.547381660239125
5,20,23.442288153199225,6.845955501982892E-6,1.5473818143773919
5,20,23.98832919019491,7.005476913725209E-6,1.5473819758091856
5,20,24.547089156850312,7.168718322288372E-6,1.5473821450380312
5,20,25.11886431509581,7.335766595288516E-6,1.5473823222144985
5,20,25.703957827688633,7.506710611893677E-6,1.5473825074093497
5,20,26.302679918953814,7.68164170203152E-6,1.5473827015818364
5,20,26.915348039269155,7.860652995334272E-6,1.547382904970248
5,20,27.542287033381662,8.043839939979549E-6,1.5473831179106725
5,20,28.183829312644534,8.23130018680466E-6,1.5473833409011029
5,20,28.84031503126606,8.423133792670807E-6,1.5473835744315174
5,20,29.512092266663856,8.619443099741747E-6,1.5473838190462932
5,20,30.19951720402016,8.8203328607494E-6,1.5473840752073118
5,20,30.902954325135905,9.02591045749424E-6,1.5473843436914094
5,20,31.622776601683793,9.236285481765487E-6,1.5473846246585408
5,20,32.359365692962825,9.451570426825566E-6,1.5473849189095013
5,20,33.11311214825911,9.671880404715583E-6,1.5473852272175703
5,20,33.884415613920254,9.897332982299422E-6,1.547385549746744
5,20,34.673685045253166,1.0128048593492701E-5,1.5473858869504016
5,20,35.48133892335755,1.0364151105933953E-5,1.547386240377093
5,20,36.30780547701014,1.0605767015543049E-5,1.5473866109223453
5,20,37.15352290971726,1.0853025433675307E-5,1.5473869988658444
5,20,38.018939632056124,1.1106059087668864E-5,1.5473874055007162
5,20,38.90451449942807,1.13650036172019E-5,1.5473878315684007
5,20,39.810717055349734,1.1629997795461843E-5,1.5473882778708465
5,20,40.73802778041128,1.1901183815048941E-5,1.5473887453146076
5,20,41.68693834703355,1.2178707386918148E-5,1.5473892350107914
5,20,42.657951880159274,1.2462717634697092E-5,1.54738974810466
5,20,43.65158322401661,1.275336706966198E-5,1.547390285266113
5,20,44.668359215096324,1.3050812307723704E-5,1.5473908481754743
5,20,45.708818961487516,1.3355213222202374E-5,1.5473914376159945
5,20,46.77351412871981,1.3666734148725183E-5,1.5473920552591298
5,20,47.86300923226383,1.3985542997118124E-5,1.547392702451371
5,20,48.97788193684461,1.4311811617043335E-5,1.5473933803042685
5,20,50.11872336272722,1.4645716203178659E-5,1.5473940902731638
5,20,51.28613839913648,1.4987437528797981E-5,1.5473948342426176
5,20,52.48074602497726,1.533716052660388E-5,1.5473956139233287
5,20,53.70317963702527,1.569507393481837E-5,1.5473964301370382
5,20,54.954087385762456,1.6061372790827038E-5,1.5473972859245504
5,20,56.23413251903491,1.6436255415557316E-5,1.5473981825170007
5,20,57.543993733715695,1.681992526915052E-5,1.5473991216724488
5,20,58.8843655355589,1.7212591370663316E-5,1.5474001058015387
5,20,60.25595860743578,1.7614467620984115E-5,1.547401137050795
5,20,61.65950018614822,1.8025773128782986E-5,1.5474022177136082
5,20,63.09573444801933,1.8446732418690793E-5,1.547403349996575
5,20,64.56542290346556,1.887757611053424E-5,1.5474045368624343
5,20,66.06934480075961,1.931853965911453E-5,1.5474057803695314
5,20,67.60829753919819,1.9769865629688704E-5,1.547407083922732
5,20,69.18309709189366,2.023180113440127E-5,1.5474084496215779
5,20,70.79457843841381,2.070460159833247E-5,1.5474098816185622
5,20,72.44359600749902,2.1188527096743078E-5,1.5474113824223936
5,20,74.13102413009177,2.168384495569563E-5,1.5474129553317983
5,20,75.8577575029184,2.2190829802181886E-5,1.5474146043406487
5,20,77.6247116628692,2.270976296094308E-5,1.5474163331237758
5,20,79.43282347242817,2.324093273742891E-5,1.547418145422353
5,20,81.28305161640995,2.3784635479477848E-5,1.547420045568087
5,20,83.17637711026708,2.4341175798954126E-5,1.5474220384975972
5,20,85.11380382023764,2.4910865181420664E-5,1.547424128532132
5,20,87.09635899560806,2.5494022933981347E-5,1.5474263199093032
5,20,89.12509381337455,2.6090977402388682E-5,1.5474286175180354
5,20,91.20108393559097,2.670206716896529E-5,1.5474310276670684
5,20,93.3254300796991,2.732763809034645E-5,1.5474335554597585
5,20,95.49925860214358,2.7968045606364755E-5,1.5474362066552898
5,20,97.72372209558107,2.862365580139452E-5,1.5474389877691834
5,20,100,2.9294844454006566E-5,1.5474419055054274
5,20,102.32929922807547,2.9981997916361324E-5,1.5474449669427492
5,20,104.71285480508996,3.0685512427961305E-5,1.5474481789862558
5,20,107.1519305237607,3.140579738442695E-5,1.5474515501348842
5,20,109.64781961431851,3.214327194373495E-5,1.5474550881933402
5,20,112.2018454301963,3.289836828963719E-5,1.5474588019208892
5,20,114.81536214968828,3.367153132636609E-5,1.5474627006039834
5,20,117.48975549395291,3.446321848343759E-5,1.5474667938154905
5,20,120.22644346174131,3.527390102304747E-5,1.5474710917506151
5,20,123.02687708123811,3.610406472384091E-5,1.5474756053231689
5,20,125.89254117941675,3.6954210225747765E-5,1.5474803461017044
5,20,128.82495516931337,3.782485371152304E-5,1.5474853263505584
5,20,131.82567385564073,3.871652722932732E-5,1.547490558869223
5,20,134.89628825916532,3.9629779711934506E-5,1.5474960572456857
5,20,138.03842646028852,4.0565178264391945E-5,1.5475018359469885
5,20,141.2537544622754,4.152330932028206E-5,1.547507910839459
5,20,144.5439770745928,4.250477705975922E-5,1.5475142976343963
5,20,147.91083881682073,4.35102081411628E-5,1.547521014104622
5,20,151.35612484362088,4.454024962870548E-5,1.547528078534121
5,20,154.88166189124811,4.55955744040452E-5,1.5475355115213616
5,20,158.48931924611142,4.667687346098889E-5,1.5475433324164982
5,20,162.18100973589299,4.7784869857423174E-5,1.547551564579784
5,20,165.95869074375614,4.8920311006147375E-5,1.5475602318006159
5,20,169.82436524617444,5.008397423913292E-5,1.547569359784177
5,20,173.78008287493762,5.1276665360046615E-5,1.5475789751460112
5,20,177.82794100389228,5.2499224543815446E-5,1.547589107069226
5,20,181.97008586099844,5.375252802014628E-5,1.547599787000313
5,20,186.20871366628674,5.5037487978064655E-5,1.5476110482531027
5,20,190.54607179632484,5.635505661694291E-5,1.5476229264298114
5,20,194.98445997580455,5.770623021248051E-5,1.5476354600595517
5,20,199.52623149688807,5.9092052347460306E-5,1.5476486907577025
5,20,204.17379446695296,6.0513616385378876E-5,1.5476626631231358
5,20,208.92961308540387,6.197206718094269E-5,1.547677424198866
5,20,213.79620895022325,6.346861527605524E-5,1.5476930269093034
5,20,218.77616239495518,6.500453150406125E-5,1.547709526883496
5,20,223.872113856834,6.658115775522265E-5,1.5477269843565182
5,20,229.08676527677724,6.819991344923303E-5,1.5477454649269158
5,20,234.42288153199226,6.986230426012949E-5,1.5477650398578238
5,20,239.88329190194898,7.156993148919907E-5,1.5477857870659701
5,20,245.4708915685031,7.33244954348479E-5,1.5478077900875673
5,20,251.18864315095797,7.51278205581114E-5,1.5478311420550144
5,20,257.03957827688646,7.698184983838196E-5,1.5478559422051144
5,20,263.02679918953817,7.888867960425198E-5,1.5478823010796394
5,20,269.1534803926917,8.085056749991609E-5,1.547910339988096
5,20,275.4228703338166,8.286994907612801E-5,1.547940190618347
5,20,281.8382931264455,8.494947976193427E-5,1.5479720008300133
5,20,288.40315031266056,8.709203941383302E-5,1.5480059307747736
5,20,295.1209226666387,8.930078854189319E-5,1.5480421597607614
5,20,301.9951720402016,9.157920222635208E-5,1.5480808871846308
5,20,309.0295432513592,9.39311117522021E-5,1.5481223334271388
5,20,316.22776601683796,9.636077370252888E-5,1.5481667450695518
5,20,323.5936569296284,9.887294113573465E-5,1.5482143988328623
5,20,331.1311214825911,1.0147294433630588E-4,1.5482656045286887
5,20,338.84415613920277,1.0416680416197017E-4,1.5483207110028865
5,20,346.73685045253166,1.0696136814859457E-4,1.5483801133860475
5,20,354.81338923357566,1.0986447294298587E-4,1.5484442592592365
5,20,363.0780547701014,1.1288514840281325E-4,1.5485136568887405
5,20,371.5352290971724,1.1603390580466862E-4,1.548588889108637
5,20,380.1893963205613,1.1932306506889137E-4,1.548670623501422
5,20,389.04514499428046,1.2276719215647346E-4,1.54875962682812
5,20,398.1071705534973,1.2638372004067066E-4,1.548856788729407
5,20,407.3802778041126,1.3019369966045963E-4,1.5489631398486225
5,20,416.8693834703355,1.3422286904814218E-4,1.549079880382823
5,20,426.57951880159254,1.38503123970779E-4,1.5492084159386266
5,20,436.5158322401661,1.4307452504166396E-4,1.5493503907855708
5,20,446.683592150963,1.479882170613645E-4,1.5495077360443885
5,20,457.0881896148752,1.5331071731451332E-4,1.549682718975683
5,20,467.73514128719813,1.59125516413722E-4,1.5498775757522618
5,20,478.6300923226385,1.655602275320005E-4,1.5500960733567368
5,20,489.77881936844614,1.727780180749024E-4,1.5503412756755277
5,20,501.18723362727246,1.8102015035436565E-4,1.5506168199257309
5,20,512.8613839913648,1.906455080707238E-4,1.550925794649278
5,20,524.8074602497728,2.0221772179181363E-4,1.5512693115359393
5,20,537.0317963702527,2.1667393354115217E-4,1.5516422520024231
5,20,549.5408738576248,2.3569738389469478E-4,1.5520217425876626
5,20,562.341325190349,2.6264529587747935E-4,1.5523325274929738
5,20,575.4399373371573,3.053232334380484E-4,1.552326422264007
5,20,588.843655355589,3.87006681843827E-4,1.5510405149127566
5,20,602.5595860743581,6.22412436915201E-4,1.5427101940255652
5,20,616.5950018614822,0.015000356993906698,0.5751767305981991
5,20,630.9573444801937,3.2240723354950616E-4,-1.5198934313215193
5,20,645.6542290346556,7.454752151440359E-5,-1.4758784750230094
5,20,660.6934480075957,1.156044205279949E-5,1.07189205492684
5,20,676.0829753919819,5.445248015332697E-5,1.4771165088187732
5,20,691.8309709189363,8.244136837041567E-5,1.5105649279096687
5,20,707.945784384138,1.02568366055367E-4,1.522523630149745
5,20,724.4359600749899,1.1823633435902229E-4,1.5285701951156903
5,20,741.3102413009177,1.3115639889175145E-4,1.5321867635942372
5,20,758.5775750291835,1.422809920981161E-4,1.5345792352378482
5,20,776.247116628692,1.5218249395827752E-4,1.5362724436113635
5,20,794.3282347242813,1.6122598861346318E-4,1.5375302558417059
5,20,812.8305161640995,1.6965572181665379E-4,1.538499356816809
5,20,831.7637711026708,1.7764158821942323E-4,1.5392675744069446
5,20,851.1380382023768,1.8530577510102224E-4,1.53989061337672
5,20,870.9635899560806,1.9273867839275885E-4,1.5404054550130382
5,20,891.2509381337459,2.000088885839101E-4,1.5408375897349225
5,20,912.0108393559096,2.071696382464996E-4,1.5412051433244078
5,20,933.2543007969915,2.1426302781599936E-4,1.5415213388499425
5,20,954.992586021436,2.213232724868425E-4,1.5417960848206136
5,20,977.2372209558112,2.2837830282892212E-4,1.5420368983921828
5,20,1000,2.3545156170522302E-4,1.542249616921249
5,20,1023.2929922807547,2.4256300268874398E-4,1.5424388364106687
5,20,1047.1285480508996,2.497298872350683E-4,1.5426082257242022
5,20,1071.519305237607,2.5696739589458034E-4,1.542760751688442
5,20,1096.4781961431852,2.6428909464665533E-4,1.5428988416536225
5,20,1122.018454301964,2.7170733881130013E-4,1.5430245072643198
5,20,1148.1536214968828,2.7923350080015497E-4,1.543139428291522
5,20,1174.8975549395302,2.868781456492506E-4,1.5432450127735773
5,20,1202.2644346174131,2.946515368762702E-4,1.5433424822209831
5,20,1230.268770812381,3.025635685435483E-4,1.5434328857014104
5,20,1258.9254117941675,3.106240278771239E-4,1.5435171422391205
5,20,1288.2495516931335,3.188427905348843E-4,1.543596069454094
5,20,1318.2567385564075,3.2723003440856115E-4,1.5436704080949397
5,20,1348.9628825916532,3.3579650158036293E-4,1.5437408449095535
5,20,1380.3842646028852,3.445538352364762E-4,1.5438080351798031
5,20,1412.537544622754,3.5351504200135096E-4,1.543872627159786
5,20,1445.439770745928,3.6269516629357885E-4,1.5439352917326812
5,20,1479.1083881682073,3.7211231629554896E-4,1.5439967615786765
5,20,1513.5612484362086,3.81789315109155E-4,1.5440578885353242
5,20,1548.816618912481,3.917564849902949E-4,1.54411973366734
5,20,1584.893192461114,4.0205664705266896E-4,1.5441837202039335
5,20,1621.8100973589299,4.12754730615516E-4,1.5442519121205547
5,20,1659.5869074375614,4.2395792341043664E-4,1.5443275633772522
5,20,1698.2436524617442,4.3586297277246763E-4,1.5444163060558909
5,20,1737.8008287493763,4.488858101931145E-4,1.5445290255653505
5,20,1778.2794100389228,4.641095175898834E-4,1.544689786301347
5,20,1819.7008586099844,4.8559579898334337E-4,1.5449576561549236
5,20,1862.0871366628676,5.540619582735138E-4,1.5448426210724264
5,20,1905.4607179632483,4.1841460202931397E-4,1.5393347728255657
5,20,1949.8445997580454,4.72235172380978E-4,1.5431186045905805
5,20,1995.262314968881,4.936938643768047E-4,1.5436951397861016
5,20,2041.7379446695295,5.103572221690418E-4,1.5439406084899097
5,20,2089.2961308540407,5.256187267641854E-4,1.544088060174454
5,20,2137.9620895022326,5.404468319298411E-4,1.544194519198377
5,20,2187.761623949552,5.552373997963965E-4,1.5442808813844269
5,20,2238.72113856834,5.701970572926382E-4,1.5443568629740787
5,20,2290.8676527677726,5.854591809961481E-4,1.5444278662984514
5,20,2344.228815319923,6.011292406978242E-4,1.544497420232572
5,20,2398.83291901949,6.173100106487562E-4,1.5445683041950713
5,20,2454.708915685031,6.341172648599029E-4,1.5446430611368351
5,20,2511.88643150958,6.516988114891099E-4,1.544724398330173
5,20,2570.3957827688646,6.702617027879063E-4,1.5448155340153698
5,20,2630.2679918953813,6.901199050582381E-4,1.5449205802121595
5,20,2691.5348039269165,7.117885154535265E-4,1.5450449615540902
5,20,2754.2287033381663,7.361924287408557E-4,1.5451955709776246
5,20,2818.382931264455,7.651970273970016E-4,1.5453787384623514
5,20,2884.031503126606,8.032452368557638E-4,1.5455836609189921
5,20,2951.209226666387,8.642308767704515E-4,1.5456465408144506
5,20,3019.9517204020162,0.0010254473415633272,1.543199184188364
5,20,3090.295432513592,0.0011075569572291848,-1.2372265067629888
5,20,3162.2776601683795,5.836238416257237E-4,1.5277450262709422
5,20,3235.9365692962842,7.008518498190182E-4,1.5384277837506628
5,20,3311.311214825911,7.556314798051186E-4,1.5408650232877834
5,20,3388.4415613920273,7.936789053403524E-4,1.5418941666359456
5,20,3467.368504525317,8.250589492575394E-4,1.5424549050421845
5,20,3548.1338923357566,8.532737870326636E-4,1.5428068540558002
5,20,3630.780547701014,8.798672269935801E-4,1.543048645270169
5,20,3715.3522909717276,9.056298620728384E-4,1.5432255458898683
5,20,3801.8939632056126,9.310119811275173E-4,1.5433611363834843
5,20,3890.4514499428046,9.562918626488434E-4,1.5434688751567263
5,20,3981.0717055349733,9.816533500370994E-4,1.5435569952379962
5,20,4073.802778041126,0.0010072250826575991,1.543630816858726
5,20,4168.693834703355,0.0010331018385434493,1.543693935553973
5,20,4265.795188015925,0.0010593568644476955,1.5437488750120658
5,20,4365.158322401661,0.0010860493772179179,1.5437974661747742
5,20,4466.835921509631,0.0011132293507903192,1.5438410779215102
5,20,4570.881896148751,0.0011409407214220582,1.5438807633085585
5,20,4677.351412871981,0.001169223653467007,1.5439173558192054
5,20,4786.300923226385,0.0011981162546665556,1.5439515348382222
5,20,4897.7881936844615,0.0012276559638455683,1.5439838755582311
5,20,5011.872336272725,0.0012578809177689935,1.5440148752509717
5,20,5128.613839913648,0.001288831189181423,1.5440449927096667
5,20,5248.074602497728,0.001320550411297765,1.544074664414348
5,20,5370.317963702527,0.0013530877424683802,1.5441043298961064
5,20,5495.408738576249,0.0013865006217094336,1.544134455917976
5,20,5623.413251903491,0.0014208588247247567,1.5441655650942396
5,20,5754.399373371572,0.0014562507627411344,1.544198272350853
5,20,5888.43655355589,0.0014927937675320933,1.544233333868326
5,20,6025.5958607435805,0.0015306517968518797,1.5442717140761508
5,20,6165.9500186148225,0.001570067803608816,1.5443146741361213
5,20,6309.573444801937,0.0016114273570376494,1.5443638670935373
5,20,6456.542290346556,0.00165539564694291,1.5444213299381653
5,20,6606.9344800759645,0.0017032503334984458,1.5444887780831595
5,20,6760.829753919819,0.001757839328344192,1.5445627745043675
5,20,6918.309709189362,0.0018271561219250672,1.5446002571842326
5,20,7079.457843841381,0.0019458541543953898,1.5441190745852662
5,20,7244.359600749898,0.0028459647542399993,1.5019088888803958
5,20,7413.102413009177,0.0016103081239561105,1.5349531677861736
5,20,7585.775750291836,0.0017937235726936977,1.541605591413096
5,20,7762.4711662869195,0.0018791652996783493,1.5427770341200597
5,20,7943.282347242814,0.0019446855135219166,1.5432354530085353
5,20,8128.305161640995,0.002003434566789436,1.5434786560916536
5,20,8317.63771102671,0.0020595290518106314,1.5436309752014798
5,20,8511.380382023768,0.002114688418820159,1.5437371085157578
5,20,8709.635899560806,0.0021697718077999155,1.5438168735145255
5,20,8912.509381337459,0.00222526829866231,1.543880367978196
5,20,9120.108393559096,0.0022814877620277586,1.5439332856446302
5,20,9332.543007969914,0.002338646521091801,1.5439791046133353
5,20,9549.92586021436,0.002396910647605035,1.5440201026171905
5,20,9772.372209558112,0.0024564208450544595,1.5440578768467024
5,20,10000,0.002517309729359345,1.5440936375758487
5,20,10232.929922807536,0.0025797180576042646,1.54412839743024
5,20,10471.285480509006,0.002643816881946757,1.54416312328711
5,20,10715.193052376071,0.002709849295355473,1.544198904895244
5,20,10964.78196143185,0.0027782307189737044,1.5442372109282148
5,20,11220.18454301963,0.0028498533290583794,1.5442803115582215
5,20,11481.53621496884,0.0029273637371793914,1.5443309867158062
5,20,11748.975549395303,0.0030253193382761066,1.5443517096779455
5,20,12022.644346174131,0.002743187407062485,1.5329115554671706
5,20,12302.68770812381,0.003086732052437052,1.5439723917353239
5,20,12589.254117941662,0.0031817726950186427,1.544206850395072
5,20,12882.495516931349,0.0032680656221634693,1.544302723655298
5,20,13182.567385564074,0.0033540511556438084,1.5443715070259487
5,20,13489.628825916532,0.003442131883598455,1.544434500724378
5,20,13803.842646028837,0.0035342585617973927,1.5445002878477623
5,20,14125.375446227554,0.0036346074614246994,1.5445713393856144
5,20,14454.39770745928,0.00376382214951119,1.5445496986489367
5,20,14791.083881682072,0.003041231068710772,1.476723280657272
5,20,15135.612484362071,0.0038153925272505075,1.5437514146576718
5,20,15488.166189124828,0.003943743332483709,1.5442593493983985
5,20,15848.93192461114,0.004055689528268598,1.5444334694680215
5,20,16218.100973589299,0.004165711758368648,1.5445418735271663
5,20,16595.869074375598,0.004277099935145052,1.5446292373067658
5,20,16982.43652461746,0.004391177898392011,1.544709381441271
5,20,17378.00828749376,0.004508729213974221,1.5447882770693697
5,20,17782.794100389227,0.004630378766468625,1.5448692436857845
5,20,18197.008586099826,0.004756741258601895,1.5449545878140059
5,20,18620.871366628693,0.004888508988946977,1.5450462555652893
5,20,19054.607179632483,0.005026535806935981,1.5451461528978985
5,20,19498.445997580457,0.00517195502985806,1.5452563321904393
5,20,19952.62314968879,0.005326389567098203,1.5453790679562058
5,20,20417.379446695315,0.0054924000647774895,1.5455166614461895
5,20,20892.96130854041,0.0056746370324139974,1.5456697405396171
5,20,21379.620895022323,0.005883689819072538,1.5458263403814756
5,20,21877.616239495517,0.00615585755612518,1.5458556589394932
5,20,22387.211385683422,0.006860922198054127,1.5410926519844816
5,20,22908.676527677748,0.005903742555745611,1.5405550835436408
5,20,23442.288153199228,0.006459228765138684,1.545382508118866
5,20,23988.329190194898,0.006825996750611193,1.546276796918273
5,20,24547.089156850285,0.007218088475688021,1.5468591766979038
5,20,25118.864315095823,0.007701928060414937,1.5474020515210416
5,20,25703.957827688646,0.008375000184088781,1.5479282334400135
5,20,26302.679918953814,0.009482771851886018,1.5482052367486012
5,20,26915.348039269138,0.01197852469590054,1.5464566355784641
5,20,27542.28703338169,0.027163659231573288,1.508445293450894
5,20,28183.82931264455,0.005105849585054237,-1.4364875329998794
5,20,28840.31503126606,0.0023917126696090187,1.4589454627980085
5,20,29512.09226666384,0.004326745459833117,1.5184923854619579
5,20,30199.51720402019,0.005325944540174115,1.5298550374249804
5,20,30902.95432513592,0.006032061424729975,1.5345165940680818
5,20,31622.776601683792,0.006804441391866366,1.5362593983563246
5,20,32359.36569296281,0.0057336174382664525,1.520224550358337
5,20,33113.11214825915,0.006828613942717583,1.537162571507488
5,20,33884.415613920275,0.007266035863712772,1.5389400472193173
5,20,34673.685045253165,0.007629440334786471,1.5398933259476397
5,20,35481.33892335753,0.007976426015710787,1.540602988760316
5,20,36307.80547701017,0.008366917466041091,1.5412502501410075
5,20,37153.52290971728,0.00852704407533945,1.540745782126513
5,20,38018.93963205613,0.00895488859505797,1.5417300778037482
5,20,38904.51449942805,0.009388862249117103,1.5422508701638271
5,20,39810.71705534977,0.009941109865265732,1.542707279273248
5,20,40738.02778041131,0.010872451544898694,1.5427650402369695
5,20,41686.93834703355,0.014667181013347113,1.5312391292703336
5,20,42657.95188015926,0.005637096290074666,1.4842142996278371
5,20,43651.58322401656,0.008684486529063106,1.5340171672540883
5,20,44668.359215096345,0.009645410969956861,1.53832097700876
5,20,45708.818961487515,0.010509262363388491,1.5389765223536789
5,20,46773.51412871981,0.009130456063825676,1.5218196797287002
5,20,47863.0092322638,0.010566135777657927,1.5395877670878737
5,20,48977.881936844664,0.011105344944137832,1.5408049684581122
5,50,1,7.474111677165274E-7,1.5478868686188134
5,50,1.023292992280754,7.648210694463622E-7,1.5478868808898867
5,50,1.0471285480508996,7.826364895042845E-7,1.547886890580068
5,50,1.0715193052376064,8.008669721743387E-7,1.5478869028040187
5,50,1.096478196143185,8.195221169072076E-7,1.5478869159600144
5,50,1.1220184543019633,8.386117580529491E-7,1.5478869270635571
5,50,1.1481536214968828,8.581461792946079E-7,1.5478869411741656
5,50,1.1748975549395295,8.781356082746537E-7,1.547886954554597
5,50,1.202264434617413,8.985907403092497E-7,1.5478869704019873
5,50,1.2302687708123816,9.195224460852521E-7,1.5478869873356003
5,50,1.2589254117941673,9.409417080591669E-7,1.5478870039172077
5,50,1.288249551693134,9.628600796577042E-7,1.5478870232752167
5,50,1.318256738556407,9.85289096064785E-7,1.547887044827973
5,50,1.3489628825916535,1.0082405531161697E-6,1.5478870661553559
5,50,1.3803842646028848,1.0317265748981938E-6,1.547887085788217
5,50,1.4125375446227544,1.0557599418622005E-6,1.5478871098938132
5,50,1.4454397707459274,1.0803530719297423E-6,1.547887133049386
5,50,1.4791083881682074,1.1055189923322312E-6,1.5478871543044872
5,50,1.5135612484362082,1.1312714939294472E-6,1.5478871817770767
5,50,1.5488166189124815,1.1576239094338595E-6,1.5478872097065728
5,50,1.5848931924611136,1.184590240569096E-6,1.5478872381675153
5,50,1.62181009735893,1.2121847875157075E-6,1.5478872669278778
5,50,1.6595869074375607,1.2404221364136704E-6,1.5478872964552604
5,50,1.6982436524617444,1.2693176410327802E-6,1.5478873313001662
5,50,1.7378008287493754,1.2988865169642928E-6,1.5478873701414166
5,50,1.7782794100389228,1.3291441086406574E-6,1.5478874071350675
5,50,1.8197008586099834,1.3601068275549326E-6,1.5478874474567994
5,50,1.8620871366628675,1.3917908014390205E-6,1.5478874885316536
5,50,1.9054607179632472,1.424213078251269E-6,1.5478875327682744
5,50,1.9498445997580451,1.4573904115789016E-6,1.5478875721383216
5,50,1.9952623149688795,1.4913409876624115E-6,1.5478876181790884
5,50,2.041737944669529,1.5260823892772267E-6,1.5478876607402636
5,50,2.0892961308540396,1.5616333943957156E-6,1.5478877090427061
5,50,2.137962089502232,1.5980127818164469E-6,1.5478877588821809
5,50,2.1877616239495525,1.6352398562234155E-6,1.547887811404853
5,50,2.23872113856834,1.6733343419665043E-6,1.5478878651747154
5,50,2.290867652767773,1.7123164352435704E-6,1.5478879214479617
5,50,2.344228815319922,1.7522070121114002E-6,1.5478879826444978
5,50,2.3988329190194904,1.793026859515685E-6,1.547888040503415
5,50,2.4547089156850306,1.834798258718471E-6,1.547888106340224
5,50,2.51188643150958,1.8775431370544074E-6,1.5478881757516922
5,50,2.570395782768864,1.921283863466022E-6,1.5478882449876163
5,50,2.6302679918953817,1.9660441091376015E-6,1.5478883196038353
5,50,2.6915348039269156,2.01184753644219E-6,1.5478883977658933
5,50,2.7542287033381663,2.0587183561455075E-6,1.5478884777755793
5,50,2.8183829312644537,2.1066817504230775E-6,1.5478885626200423
5,50,2.884031503126606,2.1557632690399014E-6,1.547888656228627
5,50,2.951209226666386,2.2059885785074663E-6,1.5478887503909349
5,50,3.019951720402016,2.257384936277181E-6,1.547888853032812
5,50,3.0902954325135905,2.3099792811778676E-6,1.5478889582286073
5,50,3.1622776601683795,2.3637994380683484E-6,1.547889067749479
5,50,3.2359365692962827,2.418874007528516E-6,1.547889180951752
5,50,3.311311214825911,2.475232577998756E-6,1.5478892993409887
5,50,3.3884415613920256,2.5329044993788815E-6,1.5478894204893965
5,50,3.4673685045253166,2.5919207409084356E-6,1.5478895452983223
5,50,3.548133892335755,2.6523126383844393E-6,1.5478896745354769
5,50,3.630780547701014,2.7141131931215313E-6,1.547889814438016
5,50,3.715352290971726,2.7773551334944462E-6,1.547889963481993
5,50,3.8018939632056115,2.8420715566778034E-6,1.5478901186637781
5,50,3.890451449942806,2.9082970694134707E-6,1.5478902792949512
5,50,3.9810717055349722,2.9760679956305303E-6,1.5478904560950308
5,50,4.073802778041127,3.0454196864551495E-6,1.5478906408159432
5,50,4.168693834703354,3.1163878563200916E-6,1.5478908282146175
5,50,4.265795188015927,3.189011162114596E-6,1.5478910236873036
5,50,4.36515832240166,3.263328671495788E-6,1.5478912297631295
5,50,4.466835921509632,3.3393801259151848E-6,1.547891446589455
5,50,4.570881896148751,3.4172055552477283E-6,1.5478916726665672
5,50,4.677351412871983,3.4968477209205063E-6,1.5478919145536123
5,50,4.786300923226384,3.5783481774654673E-6,1.547892166558725
5,50,4.8977881936844625,3.661749894983547E-6,1.5478924277890718
5,50,5.011872336272724,3.7470968384128513E-6,1.547892697609845
5,50,5.1286138399136485,3.8344360925155925E-6,1.5478929812133182
5,50,5.248074602497725,3.923814083659501E-6,1.5478932791418065
5,50,5.370317963702527,4.015278605733659E-6,1.5478935919218109
5,50,5.495408738576246,4.108878968117051E-6,1.5478939207640958
5,50,5.623413251903491,4.204664675313772E-6,1.5478942671620022
5,50,5.7543993733715695,4.30268620100397E-6,1.5478946252192103
5,50,5.88843655355589,4.402997230871612E-6,1.5478950009285866
5,50,6.025595860743578,4.505651439757754E-6,1.5478953965340307
5,50,6.165950018614822,4.6107035114461495E-6,1.5478958086271473
5,50,6.309573444801933,4.718210152304428E-6,1.5478962430085643
5,50,6.456542290346556,4.828228411491688E-6,1.5478966964397796
5,50,6.606934480075961,4.940817206477009E-6,1.5478971695172792
5,50,6.760829753919819,5.056038419512602E-6,1.5478976662963737
5,50,6.918309709189364,5.173953495084431E-6,1.547898190947401
5,50,7.079457843841379,5.294626400538033E-6,1.5478987407748952
5,50,7.244359600749901,5.418118300265938E-6,1.5478993079643053
5,50,7.413102413009175,5.544500454588237E-6,1.5478999075447257
5,50,7.5857757502918375,5.673839895869226E-6,1.5479005380229722
5,50,7.762471166286917,5.806204600803116E-6,1.547901193825078
5,50,7.943282347242816,5.941667202737408E-6,1.547901881613072
5,50,8.128305161640993,6.080300499497317E-6,1.5479026019130386
5,50,8.31763771102671,6.222180738878132E-6,1.5479033580053243
5,50,8.511380382023766,6.367385211686857E-6,1.547904153063069
5,50,8.709635899560807,6.51599152570906E-6,1.547904987062833
5,50,8.912509381337456,6.6680774321988E-6,1.5479058519721918
5,50,9.120108393559097,6.823729965990084E-6,1.5479067638212975
5,50,9.33254300796991,6.983030945542005E-6,1.5479077143758715
5,50,9.549925860214358,7.146070054360217E-6,1.5479087173252946
5,50,9.772372209558107,7.312935562423432E-6,1.5479097693092858
5,50,10,7.483716063616655E-6,1.5479108671099473
5,50,10.232929922807541,7.65850559101028E-6,1.547912015434576
5,50,10.471285480508996,7.837399922716987E-6,1.5479132177425572
5,50,10.715193052376065,8.020500864641118E-6,1.5479144846455954
5,50,10.964781961431852,8.207905132051927E-6,1.5479158100954422
5,50,11.220184543019636,8.399716267820819E-6,1.5479171960250273
5,50,11.481536214968829,8.596042174120799E-6,1.5479186522420094
5,50,11.748975549395297,8.796990639673966E-6,1.5479201806605845
5,50,12.02264434617413,9.002669996867304E-6,1.547921778525437
5,50,12.302687708123818,9.21319722362839E-6,1.5479234534656379
5,50,12.589254117941675,9.428689305437809E-6,1.5479252116152415
5,50,12.882495516931343,9.649268490682978E-6,1.5479270588820462
5,50,13.182567385564074,9.875050329777797E-6,1.54792898716415
5,50,13.48962882591654,1.0106169307520873E-5,1.5479310130252133
5,50,13.803842646028853,1.0342752122203848E-5,1.5479331379353503
5,50,14.125375446227547,1.0584932079778586E-5,1.5479353641761462
5,50,14.454397707459272,1.083284632916604E-5,1.547937701122001
5,50,14.791083881682072,1.108663656436597E-5,1.5479401532157557
5,50,15.13561248436208,1.1346444715296026E-5,1.5479427233350662
5,50,15.488166189124811,1.1612420778696471E-5,1.5479454201245402
5,50,15.848931924611133,1.1884714750861168E-5,1.547948244986999
5,50,16.218100973589298,1.216348940519579E-5,1.547951215979521
5,50,16.595869074375607,1.244889885912812E-5,1.547954328976897
5,50,16.982436524617444,1.2741108741905963E-5,1.5479575916662984
5,50,17.378008287493753,1.3040294470844334E-5,1.5479610206442138
5,50,17.78279410038923,1.3346632009130405E-5,1.5479646219787788
5,50,18.197008586099834,1.3660293316346922E-5,1.5479683972555986
5,50,18.620871366628677,1.398147000377237E-5,1.5479723600552893
5,50,19.054607179632473,1.431035360130445E-5,1.5479765244191932
5,50,19.498445997580454,1.4647142057868292E-5,1.5479808984903753
5,50,19.952623149688797,1.4992034502942361E-5,1.5479854915060045
5,50,20.417379446695296,1.5345242861339756E-5,1.5479903182705532
5,50,20.892961308540396,1.5706982556506475E-5,1.5479953857992017
5,50,21.379620895022324,1.607746957821086E-5,1.5480007063219818
5,50,21.87761623949553,1.6456947654448955E-5,1.5480063069762182
5,50,22.3872113856834,1.6845641310908355E-5,1.548012187220179
5,50,22.908676527677734,1.724380264997579E-5,1.5480183703324526
5,50,23.442288153199225,1.7651690113203014E-5,1.5480248797788216
5,50,23.98832919019491,1.806955439480835E-5,1.548031719974016
5,50,24.547089156850312,1.849766920655865E-5,1.5480389106611476
5,50,25.11886431509581,1.8936320665509906E-5,1.5480464797048963
5,50,25.703957827688633,1.938579959112887E-5,1.548054445262029
5,50,26.302679918953814,1.9846422691218984E-5,1.5480628443273043
5,50,26.915348039269155,2.0318470385777368E-5,1.5480716682394458
5,50,27.542287033381662,2.0802299252940003E-5,1.5480809712675363
5,50,28.183829312644534,2.1298237876541824E-5,1.548090770485538
5,50,28.84031503126606,2.1806638972624575E-5,1.548101098253302
5,50,29.512092266663856,2.2327883819108175E-5,1.5481119903000542
5,50,30.19951720402016,2.286233748552601E-5,1.5481234684350922
5,50,30.902954325135905,2.341042590487729E-5,1.5481355878714458
5,50,31.622776601683793,2.3972555448780473E-5,1.548148376469982
5,50,32.359365692962825,2.45491706082274E-5,1.5481618779225144
5,50,33.11311214825911,2.514072715157692E-5,1.5481761307180788
5,50,33.884415613920254,2.5747679090617557E-5,1.5481911653462896
5,50,34.673685045253166,2.6370578335380616E-5,1.5482070622231892
5,50,35.48133892335755,2.7009962482633678E-5,1.54822387650692
5,50,36.30780547701014,2.7666445051702728E-5,1.5482416977906133
5,50,37.15352290971726,2.8340606080367862E-5,1.5482605763786557
5,50,38.018939632056124,2.903307136868368E-5,1.5482805737563117
5,50,38.90451449942807,2.9744537476377913E-5,1.5483017772744487
5,50,39.810717055349734,3.047573491541534E-5,1.5483242764229879
5,50,40.73802778041128,3.1227445486678936E-5,1.548348162238785
5,50,41.68693834703355,3.2000504801740534E-5,1.5483735400972738
5,50,42.657951880159274,3.2795806190509255E-5,1.5484005193507973
5,50,43.65158322401661,3.3614349614124076E-5,1.5484292381986444
5,50,44.668359215096324,3.4457187479892626E-5,1.5484598303473482
5,50,45.708818961487516,3.5325452794402156E-5,1.5484924420048527
5,50,46.77351412871981,3.622041323860502E-5,1.5485272475238792
5,50,47.86300923226383,3.714345656962208E-5,1.5485644361521813
5,50,48.97788193684461,3.8096087286492164E-5,1.5486042101716482
5,50,50.11872336272722,3.9079996423104905E-5,1.5486468000545355
5,50,51.28613839913648,4.0097060058888925E-5,1.548692474233446
5,50,52.48074602497726,4.114938385419297E-5,1.5487415199367658
5,50,53.70317963702527,4.2239332369526805E-5,1.5487942642387929
5,50,54.954087385762456,4.3369566400954165E-5,1.548851070518491
5,50,56.23413251903491,4.4543165028012276E-5,1.5489123663253117
5,50,57.543993733715695,4.576364194187467E-5,1.5489786246123234
5,50,58.8843655355589,4.7035061408536696E-5,1.5490503858005213
5,50,60.25595860743578,4.8362176501065684E-5,1.5491282701877052
5,50,61.65950018614822,4.975058569815035E-5,1.5492129918183994
5,50,63.09573444801933,5.120696284592225E-5,1.5493053827982932
5,50,64.56542290346556,5.2739281696962195E-5,1.5494063870839754
5,50,66.06934480075961,5.435726815351625E-5,1.549517121144149
5,50,67.60829753919819,5.6072933617778886E-5,1.549638898636984
5,50,69.18309709189366,5.7901133847157126E-5,1.5497732237356643
5,50,70.79457843841381,5.9860870508968206E-5,1.5499219253015004
5,50,72.44359600749902,6.197632164116607E-5,1.550087082026678
5,50,74.13102413009177,6.427952569233826E-5,1.5502712094226685
5,50,75.8577575029184,6.681326442335921E-5,1.5504772068783605
5,50,77.6247116628692,6.963633896169107E-5,1.550708438288515
5,50,79.43282347242817,7.283202552983658E-5,1.5509686461113918
5,50,81.28305161640995,7.652224398899913E-5,1.5512616571562765
5,50,83.17637711026708,8.089596463789524E-5,1.5515909460214654
5,50,85.11380382023764,8.625052256218372E-5,1.5519563101091252
5,50,87.09635899560806,9.31027769506001E-5,1.552349014297203
5,50,89.12509381337455,1.0242423385785715E-4,1.5527340128917764
5,50,91.20108393559097,1.162826940272522E-4,1.5529939598496343
5,50,93.3254300796991,1.4000275518273472E-4,1.5527131449987446
5,50,95.49925860214358,1.927308604120144E-4,1.549996882257728
5,50,97.72372209558107,4.3536669686130945E-4,1.526121084224423
5,50,100,3.693532858544064E-4,-1.5065890564093736
5,50,102.32929922807547,7.032299098188932E-5,-1.5183853831879324
5,50,104.71285480508996,1.3107953355212266E-5,-1.3888384148039272
5,50,107.1519305237607,1.2439836935634172E-5,1.4035713775320424
5,50,109.64781961431851,2.698228524087361E-5,1.4972850857126918
5,50,112.2018454301963,3.688668601077548E-5,1.5175497531447064
5,50,114.81536214968828,4.429494858106372E-5,1.526208508857486
5,50,117.48975549395291,5.022401345900987E-5,1.5309560359411767
5,50,120.22644346174131,5.5212940644093154E-5,1.533933133442282
5,50,123.02687708123811,5.957368768368123E-5,1.535965005959185
5,50,125.89254117941675,6.349932420438951E-5,1.537435253582878
5,50,128.82495516931337,6.711612598176884E-5,1.538545722735565
5,50,131.82567385564073,7.05101531367895E-5,1.539412389439294
5,50,134.89628825916532,7.374230010844507E-5,1.5401065130066693
5,50,138.03842646028852,7.685693970786916E-5,1.5406742000219462
5,50,141.2537544622754,7.988726430183537E-5,1.5411465590911821
5,50,144.5439770745928,8.285878933823026E-5,1.541545360670907
5,50,147.91083881682073,8.579144354728566E-5,1.54188624451499
5,50,151.35612484362088,8.870119054815864E-5,1.542180753759012
5,50,154.88166189124811,9.160100114293448E-5,1.5424375820144414
5,50,158.48931924611142,9.450164023040247E-5,1.5426634094602287
5,50,162.18100973589299,9.741214311917975E-5,1.5428634388939801
5,50,165.95869074375614,1.0034027168412697E-4,1.543041798706518
5,50,169.82436524617444,1.0329276860040545E-4,1.5432018008316493
5,50,173.78008287493762,1.0627558861130378E-4,1.543346135250677
5,50,177.82794100389228,1.0929408521416897E-4,1.5434770137378844
5,50,181.97008586099844,1.1235313723287749E-4,1.543596273843183
5,50,186.20871366628674,1.154572621131144E-4,1.5437054568987698
5,50,190.54607179632484,1.1861072196701387E-4,1.5438058729869506
5,50,194.98445997580455,1.2181758430175934E-4,1.5438986427277028
5,50,199.52623149688807,1.2508182092156958E-4,1.5439847407658447
5,50,204.17379446695296,1.2840736742762124E-4,1.544065023725205
5,50,208.92961308540387,1.3179820732767418E-4,1.5441402569760279
5,50,213.79620895022325,1.3525845426267367E-4,1.5442111365268536
5,50,218.77616239495518,1.387924789090403E-4,1.5442783142979026
5,50,223.872113856834,1.4240503631883739E-4,1.5443424160665136
5,50,229.08676527677724,1.4610148555983668E-4,1.5444040696602173
5,50,234.42288153199226,1.4988809181222228E-4,1.544463935308023
5,50,239.88329190194898,1.537725067236118E-4,1.5445227498388916
5,50,245.4708915685031,1.5776457564037566E-4,1.5445813943283289
5,50,251.18864315095797,1.6187771908814121E-4,1.544641003309903
5,50,257.03957827688646,1.6613158507842543E-4,1.5447031642485196
5,50,263.02679918953817,1.705573064823784E-4,1.5447702909423604
5,50,269.1534803926917,1.7520948994123814E-4,1.544846426128858
5,50,275.4228703338166,1.8019689923772005E-4,1.5449391121776461
5,50,281.8382931264455,1.857792725131484E-4,1.5450644828670947
5,50,288.40315031266056,1.9278726952883085E-4,1.5452632787027367
5,50,295.1209226666387,2.062126018242052E-4,1.5456129035212782
5,50,301.9951720402016,1.3393691312491303E-4,1.5223057501474675
5,50,309.0295432513592,1.8951847671133367E-4,1.5434427934693122
5,50,316.22776601683796,1.9921204646238487E-4,1.544187170754786
5,50,323.5936569296284,2.0608314051104383E-4,1.5444495603783508
5,50,331.1311214825911,2.1224417196975365E-4,1.5445956587104483
5,50,338.84415613920277,2.1819076269053426E-4,1.5446970153994597
5,50,346.73685045253166,2.2410534391378146E-4,1.5447772300114924
5,50,354.81338923357566,2.300762739058671E-4,1.5448465850081072
5,50,363.0780547701014,2.3615663934590522E-4,1.5449104974730143
5,50,371.5352290971724,2.4238598879148935E-4,1.54497236919583
5,50,380.1893963205613,2.48800008507828E-4,1.5450347193904035
5,50,389.04514499428046,2.554369926942768E-4,1.5450997771870794
5,50,398.1071705534973,2.623435700969292E-4,1.5451698383096408
5,50,407.3802778041126,2.69582514628395E-4,1.5452475900033014
5,50,416.8693834703355,2.772452342439018E-4,1.545336464413274
5,50,426.57951880159254,2.8547535001352574E-4,1.5454411230784504
5,50,436.5158322401661,2.945173962172973E-4,1.5455680763643178
5,50,446.683592150963,3.048311127379769E-4,1.5457261579447104
5,50,457.0881896148752,3.173967205066202E-4,1.545923985902339
5,50,467.73514128719813,3.347878762215111E-4,1.5461447807701818
5,50,478.6300923226385,3.6677273858421296E-4,1.5460642882591358
5,50,489.77881936844614,5.100496010939117E-4,1.5357199443133638
5,50,501.18723362727246,1.625308387709025E-4,1.4850351197448826
5,50,512.8613839913648,2.717921423544244E-4,1.5369038942964957
5,50,524.8074602497728,3.01737817152379E-4,1.5409789849702147
5,50,537.0317963702527,3.194072709681775E-4,1.5423253409464686
5,50,549.5408738576248,3.330083349080672E-4,1.5429811689006743
5,50,562.341325190349,3.448425646035261E-4,1.543367159008026
5,50,575.4399373371573,3.558101158349616E-4,1.543621446430702
5,50,588.843655355589,3.663373530540206E-4,1.5438020312211787
5,50,602.5595860743581,3.766538201577445E-4,1.5439373556084321
5,50,616.5950018614822,3.868953573674944E-4,1.5440429586134163
5,50,630.9573444801937,3.971485823219235E-4,1.544128034451396
5,50,645.6542290346556,4.07472302419942E-4,1.5441983704740385
5,50,660.6934480075957,4.1790869935265894E-4,1.5442577945842313
5,50,676.0829753919819,4.28489587516068E-4,1.5443089453716274
5,50,691.8309709189363,4.392401077126924E-4,1.5443537071477655
5,50,707.945784384138,4.5018102489185693E-4,1.5443934688268786
5,50,724.4359600749899,4.613302225677135E-4,1.5444292847888796
5,50,741.3102413009177,4.72703725590316E-4,1.5444619788756675
5,50,758.5775750291835,4.8431644254479404E-4,1.5444922142379829
5,50,776.247116628692,4.961827469871158E-4,1.544520542247155
5,50,794.3282347242813,5.083169758573762E-4,1.5445474381621378
5,50,812.8305161640995,5.207339100536095E-4,1.5445733289433787
5,50,831.7637711026708,5.334492967338075E-4,1.5445986165981276
5,50,851.1380382023768,5.464804790413126E-4,1.544623699722028
5,50,870.9635899560806,5.598472310367371E-4,1.5446489958767076
5,50,891.2509381337459,5.735729419488011E-4,1.54467496746583
5,50,912.0108393559096,5.876863824938909E-4,1.5447021542792647
5,50,933.2543007969915,6.022245459071562E-4,1.544731219513697
5,50,954.992586021436,6.172372501152972E-4,1.5447630131201682
5,50,977.2372209558112,6.32795318096041E-4,1.544798669248332
5,50,1000,6.490057610356217E-4,1.5448397505991873
5,50,1023.2929922807547,6.660423825118969E-4,1.5448884541136008
5,50,1047.1285480508996,6.84213782211628E-4,1.5449478246558939
5,50,1071.519305237607,7.041358382515694E-4,1.5450214631536956
5,50,1096.4781961431852,7.272604843733618E-4,1.5451089103490159
5,50,1122.018454301964,7.580749611827849E-4,1.5451610415990191
5,50,1148.1536214968828,8.20855824247485E-4,1.5443138060859956
5,50,1174.8975549395302,2.096008655904832E-4,-0.10655585984333137
5,50,1202.2644346174131,6.966626186299191E-4,1.5397903832569786
5,50,1230.268770812381,7.490598151499409E-4,1.5427513529482235
5,50,1258.9254117941675,7.797566980635951E-4,1.543502808146947
5,50,1288.2495516931335,8.04959813792332E-4,1.5438335713412974
5,50,1318.2567385564075,8.281700904726698E-4,1.5440185570531695
5,50,1348.9628825916532,8.50600276152427E-4,1.544137100311515
5,50,1380.3842646028852,8.727873103838499E-4,1.5442201169657457
5,50,1412.537544622754,8.950102048100874E-4,1.5442820544755584
5,50,1445.439770745928,9.174325140467941E-4,1.5443305558055307
5,50,1479.1083881682073,9.401604080550136E-4,1.5443700555564122
5,50,1513.5612484362086,9.632697354578066E-4,1.5444033275013291
5,50,1548.816618912481,9.868202723091325E-4,1.5444322293703303
5,50,1584.893192461114,0.0010108644575659558,1.5444580986734673
5,50,1621.8100973589299,0.0010354542278240755,1.5444819886312033
5,50,1659.5869074375614,0.001060648656975868,1.5445048363441576
5,50,1698.2436524617442,0.0010865263071192116,1.5445276247353672
5,50,1737.8008287493763,0.001113211530300916,1.5445515952339655
5,50,1778.2794100389228,0.00114094597227876,1.5445787175958448
5,50,1819.7008586099844,0.0011703363672270555,1.544612405608211
5,50,1862.0871366628676,0.0012036935056521521,1.544655746056372
5,50,1905.4607179632483,0.0012684422723064687,1.5442332741109936
5,50,1949.8445997580454,0.0012199408390902338,1.543814361055439
5,50,1995.262314968881,0.0012671274457400762,1.5443780199864414
5,50,2041.7379446695295,0.0013020929934662757,1.5444870387029663
5,50,2089.2961308540407,0.0013357257710817296,1.5445429389606056
5,50,2137.9620895022326,0.0013696970926599602,1.5445857404146441
5,50,2187.761623949552,0.001404816584282282,1.5446275270560996
5,50,2238.72113856834,0.001442183450553953,1.5446752830698722
5,50,2290.8676527677726,0.001485037784607133,1.5447261763083397
5,50,2344.228815319923,0.0015565123302338458,1.5443862743131571
5,50,2398.83291901949,0.0014310558484499649,1.5392621488949454
5,50,2454.708915685031,0.0015411090583459532,1.543843348073741
5,50,2511.88643150958,0.0015898376468946054,1.544210214194497
5,50,2570.3957827688646,0.0016325608887288797,1.544338013641698
5,50,2630.2679918953813,0.0016740224494283756,1.544404653380112
5,50,2691.5348039269165,0.0017154581752319691,1.5444471995915412
5,50,2754.2287033381663,0.0017573504720713362,1.5444780178252504
5,50,2818.382931264455,0.0017999420021281049,1.5445024259625169
5,50,2884.031503126606,0.0018433826657062351,1.5445231406178965
5,50,2951.209226666387,0.0018877846250943194,1.544541761127911
5,50,3019.9517204020162,0.0019332489676041832,1.5445593725640758
5,50,3090.295432513592,0.0019798843937678177,1.5445768384225709
5,50,3162.2776601683795,0.0020278284979926803,1.5445949758446573
5,50,3235.9365692962842,0.0020772841524431276,1.5446146861482588
5,50,3311.311214825911,0.0021285998675934802,1.5446370330525112
5,50,3388.4415613920273,0.0021824870752159466,1.5446629648379133
5,50,3467.368504525317,0.002240771657814367,1.5446900642005643
5,50,3548.1338923357566,0.0023103041549072056,1.5446735867638897
5,50,3630.780547701014,0.0024617793369902962,1.5427264900646929
5,50,3715.3522909717276,0.0022735869036720107,1.5415658380563921
5,50,3801.8939632056126,0.0023952094944639886,1.5439426642388687
5,50,3890.4514499428046,0.0024673291532628042,1.5442569942778555
5,50,3981.0717055349733,0.0025326325488480004,1.544374772547912
5,50,4073.802778041126,0.002596544307031078,1.5444378634003764
5,50,4168.693834703355,0.0026606380203180527,1.5444788838726087
5,50,4265.795188015925,0.002725571011864648,1.544509169055356
5,50,4365.158322401661,0.0027917007900259143,1.5445337436123803
5,50,4466.835921509631,0.0028592782988661586,1.5445552777698555
5,50,4570.881896148751,0.0029285374636597175,1.5445754734168733
5,50,4677.351412871981,0.0029997733501087253,1.544595671583761
5,50,4786.300923226385,0.0030734861788335286,1.5446171528801835
5,50,4897.7881936844615,0.0031508204953047112,1.5446408117148396
5,50,5011.872336272725,0.0032356463716854827,1.544659520515924
5,50,5128.613839913648,0.0033583774751343035,1.544373006751692
5,50,5248.074602497728,0.0032657805085210294,1.5427307063124855
5,50,5370.317963702527,0.0034140805432084495,1.5443277159962034
5,50,5495.408738576249,0.0035082438965538905,1.5444897445112007
5,50,5623.413251903491,0.0035977374237397166,1.5445571751835754
5,50,5754.399373371572,0.0036884523604098856,1.544607934573135
5,50,5888.43655355589,0.003820079967508344,1.5439797850623667
5,50,6025.5958607435805,0.0038584457365903628,1.5445341737420009
5,50,6165.9500186148225,0.003954758066651986,1.5446005558573177
5,50,6309.573444801937,0.004051042113415213,1.5446308036583605
5,50,6456.542290346556,0.004149186328986771,1.5446538629853477
5,50,6606.9344800759645,0.004249698119791357,1.544675077123324
5,50,6760.829753919819,0.004352968802317407,1.5446959532104572
5,50,6918.309709189362,0.004459498889590124,1.544717688224826
5,50,7079.457843841381,0.004570268465407944,1.5447407132789726
5,50,7244.359600749898,0.004688001157675044,1.5447610839920494
5,50,7413.102413009177,0.004826030912377942,1.5447060468943672
5,50,7585.775750291836,0.0044093700212088326,1.1394713815491557
5,50,7762.4711662869195,0.0049547966608346015,1.5442613239841358
5,50,7943.282347242814,0.005100576739777849,1.5445852632575656
5,50,8128.305161640995,0.00523271472051413,1.5446785766041915
5,50,8317.63771102671,0.00536391066382994,1.544730349989889
5,50,8511.380382023768,0.005496885808261448,1.5447688711380574
5,50,8709.635899560806,0.0056327353732738734,1.5448024172219996
5,50,8912.509381337459,0.005772198442347653,1.5448344507349638
5,50,9120.108393559096,0.0059161435930598924,1.5448667848475175
5,50,9332.543007969914,0.006066323922395825,1.5448996225920342
5,50,9549.92586021436,0.006228997154646494,1.5449189420040244
5,50,9772.372209558112,0.006482356843568555,1.5439998858138728
5,50,10000,0.006435179643277969,1.544333882959195
5,50,10232.929922807536,0.006636597078047308,1.544819494826942
5,50,10471.285480509006,0.006812019159455378,1.5449243687109446
5,50,10715.193052376071,0.006986788976780183,1.5449862897448563
5,50,10964.78196143185,0.007165010021448914,1.5450359683286972
5,50,11220.18454301963,0.007383837635773719,1.5434968039198538
5,50,11481.53621496884,0.0075330696232158165,1.5451408838973475
5,50,11748.975549395303,0.007727499062709043,1.5451919485782315
5,50,12022.644346174131,0.007928943997276833,1.5452469387769339
5,50,12302.68770812381,0.008139963464304763,1.545305243089407
5,50,12589.254117941662,0.00836901078872498,1.5453494347893215
5,50,12882.495516931349,0.00878021358330222,1.5429623813263018
5,50,13182.567385564074,0.008719115432665084,1.5451203280748114
5,50,13489.628825916532,0.008987940139750824,1.545438475135047
5,50,13803.842646028837,0.009244207746901205,1.5455697658703058
5,50,14125.375446227554,0.00950732761094634,1.5456823469728116
5,50,14454.39770745928,0.009782114736464172,1.5457971800100525
5,50,14791.083881682072,0.010072067543794003,1.5459212480161246
5,50,15135.612484362071,0.010381878636014233,1.5460574106346938
5,50,15488.166189124828,0.010723317480090387,1.5461914965331818
5,50,15848.93192461114,0.011591728134545167,1.5272898387023646
5,50,16218.100973589299,0.01138433467419576,1.5464001478408296
5,50,16595.869074375598,0.011830819867820707,1.546743558151805
5,50,16982.43652461746,0.0123242147652251,1.5470462649701056
5,50,17378.00828749376,0.012903363222887236,1.5473880718932156
5,50,17782.794100389227,0.013624721305490264,1.5477861385942133
5,50,18197.008586099826,0.014655574937034612,1.5480522756174073
5,50,18620.871366628693,0.015981246531722205,1.5486549488226717
5,50,19054.607179632483,0.018786148196535617,1.5484783673525473
5,50,19498.445997580457,0.028216255873458895,1.5404477432928285
5,50,19952.62314968879,0.04209755523414519,-1.411695324350442
5,50,20417.379446695315,0.0031728737613977496,1.4021217652544875
5,50,20892.96130854041,0.007877187500409395,1.5189993002836846
5,50,21379.620895022323,0.009921180157966756,1.5318343639031515
5,50,21877.616239495517,0.011206572293422723,1.5365039089679164
5,50,22387.211385683422,0.01219783438666618,1.538934556237834
5,50,22908.676527677748,0.013108801697468404,1.5403763071033532
5,50,23442.288153199228,0.013586290905323423,1.5395854210576034
5,50,23988.329190194898,0.014659305524909133,1.5422580063416553
5,50,24547.089156850285,0.015851662550863985,1.5431250817262738
5,50,25118.864315095823,0.018194611137682424,1.5427564416443325
5,50,25703.957827688646,0.10319045377141542,1.0522484335437887
5,50,26302.679918953814,0.01185926139868468,1.5254443528271766
5,50,26915.348039269138,0.013566599746299968,1.5258083212221973
5,50,27542.28703338169,0.015530996569360876,1.540104247649915
5,50,28183.82931264455,0.016598915922367147,1.5415667757767255
5,50,28840.31503126606,0.017549559103164275,1.5423683378286128
5,50,29512.09226666384,0.01877310967839794,1.5432417961433544
5,50,30199.51720402019,0.02065698948532528,1.5437952369084158
5,50,30902.95432513592,0.02649471388506974,1.5393457680957208
5,50,31622.776601683792,0.004159563014360906,1.2075646790813324
5,50,32359.36569296281,0.014644587310488585,1.5267011302819868
5,50,33113.11214825915,0.017350883275847478,1.537165364669124
5,50,33884.415613920275,0.018821709634103387,1.5396770418270045
5,50,34673.685045253165,0.020078126745106846,1.5409695904776144
5,50,35481.33892335753,0.021507693683533637,1.5418507663251855
5,50,36307.80547701017,0.02426522943759065,1.54132573376063
5,50,37153.52290971728,0.003965324064103555,0.12772309985243932
5,50,38018.93963205613,0.019516167020597105,1.5352131195642917
5,50,38904.51449942805,0.021635153242557128,1.5396765618958057
5,50,39810.71705534977,0.02307421820506453,1.5411175206755108
5,50,40738.02778041131,0.02458946685145996,1.5419907501754062
5,50,41686.93834703355,0.027052799779873123,1.5422104746091496
5,50,42657.95188015926,0.04823471850005613,1.4855715484240435
5,50,43651.58322401656,0.020562095407353945,1.5287183333850578
5,50,44668.359215096345,0.024035182468860123,1.5382826080841991
5,50,45708.818961487515,0.025818219325725193,1.5403015644627513
5,50,46773.51412871981,0.027506856171899966,1.5412619090719464
5,50,47863.0092322638,0.030392101760778802,1.5409049653282023
5,50,48977.881936844664,0.015655972964538547,1.428363414255946
10,1,1,2.425872882213576E-8,1.5421716291080334
10,1,1.023292992280754,2.482378720533317E-8,1.542171629108035
10,1,1.0471285480508996,2.54020074890888E-8,1.542171629108037
10,1,1.0715193052376064,2.5993696253449698E-8,1.5421716291080378
10,1,1.096478196143185,2.6599167219634623E-8,1.5421716291080414
10,1,1.1220184543019633,2.7218741416358705E-8,1.5421716291080425
10,1,1.1481536214968828,2.78527473500654E-8,1.5421716291080445
10,1,1.1748975549395295,2.8501521179093502E-8,1.5421716291080474
10,1,1.202264434617413,2.9165406891912555E-8,1.5421716291080496
10,1,1.2302687708123816,2.9844756489516694E-8,1.5421716291080523
10,1,1.2589254117941673,3.053993017205465E-8,1.542171629108056
10,1,1.288249551693134,3.1251296529812254E-8,1.5421716291080585
10,1,1.318256738556407,3.1979232738652024E-8,1.5421716291080616
10,1,1.3489628825916535,3.272412475998446E-8,1.542171629108065
10,1,1.3803842646028848,3.3486367545417764E-8,1.5421716291080667
10,1,1.4125375446227544,3.426636524617039E-8,1.5421716291080698
10,1,1.4454397707459274,3.506453142734714E-8,1.5421716291080736
10,1,1.4791083881682074,3.5881289287223074E-8,1.5421716291080785
10,1,1.5135612484362082,3.6717071881624333E-8,1.542171629108083
10,1,1.5488166189124815,3.7572322353544945E-8,1.5421716291080867
10,1,1.5848931924611136,3.8447494168110105E-8,1.5421716291080927
10,1,1.62181009735893,3.934305135299874E-8,1.5421716291080998
10,1,1.6595869074375607,4.025946874448051E-8,1.5421716291081062
10,1,1.6982436524617444,4.1197232239191645E-8,1.5421716291081133
10,1,1.7378008287493754,4.215683905175173E-8,1.5421716291081222
10,1,1.7782794100389228,4.3138797978386606E-8,1.5421716291081302
10,1,1.8197008586099834,4.414362966671674E-8,1.5421716291081367
10,1,1.8620871366628675,4.5171866891807876E-8,1.5421716291081433
10,1,1.9054607179632472,4.622405483864785E-8,1.5421716291081509
10,1,1.9498445997580451,4.7300751391212064E-8,1.5421716291081584
10,1,1.9952623149688795,4.840252742826531E-8,1.5421716291081657
10,1,2.041737944669529,4.952996712604887E-8,1.5421716291081753
10,1,2.0892961308540396,5.0683668268013916E-8,1.5421716291081853
10,1,2.137962089502232,5.186424256176728E-8,1.5421716291081928
10,1,2.1877616239495525,5.307231596343508E-8,1.5421716291082015
10,1,2.23872113856834,5.4308529009529014E-8,1.542171629108212
10,1,2.290867652767773,5.557353715656257E-8,1.5421716291082217
10,1,2.344228815319922,5.686801112860419E-8,1.542171629108233
10,1,2.3988329190194904,5.8192637272888754E-8,1.5421716291082448
10,1,2.4547089156850306,5.954811792373802E-8,1.5421716291082597
10,1,2.51188643150958,6.09351717749201E-8,1.5421716291082723
10,1,2.570395782768864,6.235453426075092E-8,1.5421716291082854
10,1,2.6302679918953817,6.380695794601155E-8,1.5421716291082987
10,1,2.6915348039269156,6.529321292496056E-8,1.5421716291083112
10,1,2.7542287033381663,6.681408722966415E-8,1.5421716291083245
10,1,2.8183829312644537,6.837038724782892E-8,1.5421716291083427
10,1,2.884031503126606,6.996293815029478E-8,1.5421716291083583
10,1,2.951209226666386,7.159258432864924E-8,1.5421716291083758
10,1,3.019951720402016,7.326018984287364E-8,1.5421716291083971
10,1,3.0902954325135905,7.496663887945864E-8,1.5421716291084153
10,1,3.1622776601683795,7.671283622028568E-8,1.5421716291084346
10,1,3.2359365692962827,7.849970772229877E-8,1.5421716291084542
10,1,3.311311214825911,8.032820080842047E-8,1.5421716291084742
10,1,3.3884415613920256,8.219928496989872E-8,1.5421716291084975
10,1,3.4673685045253166,8.411395228029852E-8,1.542171629108518
10,1,3.548133892335755,8.607321792160157E-8,1.5421716291085419
10,1,3.630780547701014,8.80781207223718E-8,1.5421716291085674
10,1,3.715352290971726,9.012972370862828E-8,1.5421716291085974
10,1,3.8018939632056115,9.222911466740175E-8,1.542171629108625
10,1,3.890451449942806,9.437740672358126E-8,1.5421716291086527
10,1,3.9810717055349722,9.657573893006477E-8,1.5421716291086836
10,1,4.073802778041127,9.88252768716769E-8,1.5421716291087162
10,1,4.168693834703354,1.0112721328321793E-7,1.5421716291087513
10,1,4.265795188015927,1.0348276868184655E-7,1.5421716291087888
10,1,4.36515832240166,1.0589319201419727E-7,1.5421716291088263
10,1,4.466835921509632,1.083597613186492E-7,1.542171629108866
10,1,4.570881896148751,1.1088378440290476E-7,1.5421716291089123
10,1,4.677351412871983,1.1346659953737945E-7,1.5421716291089553
10,1,4.786300923226384,1.161095761648526E-7,1.542171629108999
10,1,4.8977881936844625,1.1881411562653297E-7,1.542171629109045
10,1,5.011872336272724,1.2158165190505416E-7,1.5421716291090954
10,1,5.1286138399136485,1.2441365238477655E-7,1.5421716291091474
10,1,5.248074602497725,1.2731161862983952E-7,1.542171629109202
10,1,5.370317963702527,1.3027708718030454E-7,1.5421716291092582
10,1,5.495408738576246,1.333116303668815E-7,1.5421716291093206
10,1,5.623413251903491,1.364168571445132E-7,1.542171629109385
10,1,5.7543993733715695,1.3959441394551984E-7,1.542171629109449
10,1,5.88843655355589,1.428459855526019E-7,1.5421716291095156
10,1,6.025595860743578,1.4617329599206921E-7,1.5421716291095857
10,1,6.165950018614822,1.4957810944798852E-7,1.5421716291096614
10,1,6.309573444801933,1.530622311974847E-7,1.5421716291097385
10,1,6.456542290346556,1.5662750856806369E-7,1.54217162910982
10,1,6.606934480075961,1.602758319170128E-7,1.54217162910991
10,1,6.760829753919819,1.6400913563359444E-7,1.5421716291100005
10,1,6.918309709189364,1.6782939916487865E-7,1.542171629110093
10,1,7.079457843841379,1.7173864806519387E-7,1.5421716291101915
10,1,7.244359600749901,1.757389550700473E-7,1.5421716291102954
10,1,7.413102413009175,1.7983244119517855E-7,1.5421716291104053
10,1,7.5857757502918375,1.840212768610907E-7,1.542171629110517
10,1,7.762471166286917,1.883076830439533E-7,1.5421716291106373
10,1,7.943282347242816,1.9269393245301943E-7,1.5421716291107597
10,1,8.128305161640993,1.971823507358499E-7,1.5421716291108911
10,1,8.31763771102671,2.017753177112057E-7,1.542171629111028
10,1,8.511380382023766,2.0647526863099226E-7,1.5421716291111713
10,1,8.709635899560807,2.112846954714208E-7,1.5421716291113226
10,1,8.912509381337456,2.1620614825428252E-7,1.5421716291114822
10,1,9.120108393559097,2.2124223639888134E-7,1.5421716291116407
10,1,9.33254300796991,2.2639563010602292E-7,1.542171629111816
10,1,9.549925860214358,2.3166906177313675E-7,1.5421716291119947
10,1,9.772372209558107,2.3706532744357862E-7,1.542171629112185
10,1,10,2.4258728828885074E-7,1.5421716291123844
10,1,10.232929922807541,2.4823787212561664E-7,1.5421716291125884
10,1,10.471285480508996,2.5402007496837126E-7,1.5421716291128063
10,1,10.715193052376065,2.5993696261755693E-7,1.5421716291130343
10,1,10.964781961431852,2.6599167228530864E-7,1.5421716291132708
10,1,11.220184543019636,2.7218741425896894E-7,1.5421716291135226
10,1,11.481536214968829,2.7852747360285763E-7,1.5421716291137826
10,1,11.748975549395297,2.85015211900464E-7,1.5421716291140568
10,1,12.02264434617413,2.9165406903643055E-7,1.5421716291143388
10,1,12.302687708123818,2.984475650208957E-7,1.5421716291146403
10,1,12.589254117941675,3.053993018551911E-7,1.54217162911495
10,1,12.882495516931343,3.1251296544243706E-7,1.54217162911528
10,1,13.182567385564074,3.197923275411942E-7,1.542171629115626
10,1,13.48962882591654,3.272412477655596E-7,1.5421716291159842
10,1,13.803842646028853,3.3486367563175557E-7,1.5421716291163599
10,1,14.125375446227547,3.4266365265205426E-7,1.5421716291167573
10,1,14.454397707459272,3.506453144773814E-7,1.5421716291171674
10,1,14.791083881682072,3.5881289309070583E-7,1.5421716291175998
10,1,15.13561248436208,3.6717071905037044E-7,1.5421716291180545
10,1,15.488166189124811,3.757232237862641E-7,1.5421716291185252
10,1,15.848931924611133,3.844749419498435E-7,1.5421716291190228
10,1,16.218100973589298,3.9343051381794113E-7,1.5421716291195446
10,1,16.595869074375607,4.0259468775326504E-7,1.542171629120086
10,1,16.982436524617444,4.1197232272240143E-7,1.5421716291206562
10,1,17.378008287493753,4.2156839087157453E-7,1.5421716291212542
10,1,17.78279410038923,4.31387980163229E-7,1.54217162912188
10,1,18.197008586099834,4.414362970736207E-7,1.5421716291225334
10,1,18.620871366628677,4.5171866935358275E-7,1.542171629123218
10,1,19.054607179632473,4.6224054885310323E-7,1.5421716291239342
10,1,19.498445997580454,4.7300751441215216E-7,1.542171629124687
10,1,19.952623149688797,4.840252748184054E-7,1.5421716291254715
10,1,20.417379446695296,4.952996718345597E-7,1.5421716291262968
10,1,20.892961308540396,5.06836683295263E-7,1.5421716291271603
10,1,21.379620895022324,5.186424262767532E-7,1.542171629128061
10,1,21.87761623949553,5.307231603406005E-7,1.5421716291290073
10,1,22.3872113856834,5.430852908520976E-7,1.5421716291300003
10,1,22.908676527677734,5.557353723766519E-7,1.5421716291310403
10,1,23.442288153199225,5.686801121550444E-7,1.5421716291321257
10,1,23.98832919019491,5.819263736600746E-7,1.5421716291332648
10,1,24.547089156850312,5.954811802350139E-7,1.5421716291344538
10,1,25.11886431509581,6.093517188181629E-7,1.5421716291357008
10,1,25.703957827688633,6.235453437530651E-7,1.5421716291370111
10,1,26.302679918953814,6.380695806872258E-7,1.542171629138367
10,1,26.915348039269155,6.529321305647636E-7,1.542171629139805
10,1,27.542287033381662,6.681408737060251E-7,1.5421716291413066
10,1,28.183829312644534,6.837038739882682E-7,1.5421716291428738
10,1,28.84031503126606,6.996293831205898E-7,1.5421716291445082
10,1,29.512092266663856,7.159258450198444E-7,1.5421716291462306
10,1,30.19951720402016,7.326019002859689E-7,1.5421716291480334
10,1,30.902954325135905,7.496663907845768E-7,1.5421716291499183
10,1,31.622776601683793,7.671283643352217E-7,1.5421716291518948
10,1,32.359365692962825,7.849970795078839E-7,1.5421716291539627
10,1,33.11311214825911,8.032820105324828E-7,1.5421716291561265
10,1,33.884415613920254,8.219928523223369E-7,1.542171629158395
10,1,34.673685045253166,8.411395256141597E-7,1.5421716291607712
10,1,35.48133892335755,8.607321822277913E-7,1.54217162916325
10,1,36.30780547701014,8.807812104500768E-7,1.5421716291658407
10,1,37.15352290971726,9.012972405418137E-7,1.5421716291685388
10,1,38.018939632056124,9.222911503763183E-7,1.5421716291713847
10,1,38.90451449942807,9.43774071203059E-7,1.542171629174374
10,1,39.810717055349734,9.65757393551608E-7,1.5421716291775018
10,1,40.73802778041128,9.882527732719226E-7,1.5421716291807814
10,1,41.68693834703355,1.0112721377130757E-6,1.5421716291842118
10,1,42.657951880159274,1.0348276920481944E-6,1.5421716291878016
10,1,43.65158322401661,1.058931925744664E-6,1.542171629191545
10,1,44.668359215096324,1.0835976191898707E-6,1.542171629195484
10,1,45.708818961487516,1.1088378504615624E-6,1.542171629199608
10,1,46.77351412871981,1.134666002266283E-6,1.5421716292039245
10,1,47.86300923226383,1.1610957690340566E-6,1.5421716292084455
10,1,48.97788193684461,1.1881411641788984E-6,1.5421716292131757
10,1,50.11872336272722,1.215816527529676E-6,1.5421716292181282
10,1,51.28613839913648,1.2441365329331358E-6,1.5421716292233163
10,1,52.48074602497726,1.2731161960334987E-6,1.5421716292287504
10,1,53.70317963702527,1.3027708822343963E-6,1.5421716292344407
10,1,54.954087385762456,1.3331163148460564E-6,1.5421716292404009
10,1,56.23413251903491,1.364168583421994E-6,1.5421716292466467
10,1,57.543993733715695,1.3959441522884769E-6,1.5421716292531777
10,1,58.8843655355589,1.4284598692772699E-6,1.5421716292600196
10,1,60.25595860743578,1.4617329746557544E-6,1.542171629267186
10,1,61.65950018614822,1.495781110268563E-6,1.5421716292746863
10,1,63.09573444801933,1.5306223288928944E-6,1.5421716292825427
10,1,64.56542290346556,1.5662751038088012E-6,1.5421716292907706
10,1,66.06934480075961,1.6027583385943634E-6,1.5421716292993832
10,1,67.60829753919819,1.6400913771493594E-6,1.5421716293084031
10,1,69.18309709189366,1.6782940139510552E-6,1.5421716293178505
10,1,70.79457843841381,1.7173865045491552E-6,1.5421716293277383
10,1,72.44359600749902,1.7573895763066835E-6,1.5421716293380932
10,1,74.13102413009177,1.798324439389304E-6,1.542171629348938
10,1,75.8577575029184,1.840212798011202E-6,1.5421716293602972
10,1,77.6247116628692,1.8830768619426166E-6,1.54217162937219
10,1,79.43282347242817,1.926939358286033E-6,1.5421716293846361
10,1,81.28305161640995,1.971823543528432E-6,1.5421716293976737
10,1,83.17637711026708,2.0177532158692453E-6,1.5421716294113308
10,1,85.11380382023764,2.0647527278388555E-6,1.5421716294256251
10,1,87.09635899560806,2.1128469992148646E-6,1.5421716294406076
10,1,89.12509381337455,2.1620615302265513E-6,1.5421716294562882
10,1,91.20108393559097,2.2124224150885165E-6,1.542171629472743
10,1,93.3254300796991,2.2639563558142752E-6,1.5421716294899326
10,1,95.49925860214358,2.3166906764018454E-6,1.542171629507936
10,1,97.72372209558107,2.3706533373029003E-6,1.542171629526789
10,1,100,2.4258729502521755E-6,1.5421716295465306
10,1,102.32929922807547,2.4823787934375355E-6,1.5421716295671941
10,1,104.71285480508996,2.5402008270274464E-6,1.5421716295888375
10,1,107.1519305237607,2.5993697090508353E-6,1.5421716296114993
10,1,109.64781961431851,2.6599168116560938E-6,1.5421716296352315
10,1,112.2018454301963,2.7218742377435367E-6,1.5421716296600805
10,1,114.81536214968828,2.785274837987283E-6,1.542171629686096
10,1,117.48975549395291,2.850152228255364E-6,1.5421716297133425
10,1,120.22644346174131,2.9165408074293676E-6,1.5421716297418737
10,1,123.02687708123811,2.9844757756458426E-6,1.5421716297717463
10,1,125.89254117941675,3.0539931529607146E-6,1.5421716298030286
10,1,128.82495516931337,3.1251297984457725E-6,1.5421716298357848
10,1,131.82567385564073,3.1979234297326815E-6,1.5421716298700816
10,1,134.89628825916532,3.272412643013716E-6,1.542171629905999
10,1,138.03842646028852,3.3486369335022012E-6,1.542171629943608
10,1,141.2537544622754,3.4266367163764567E-6,1.542171629982988
10,1,144.5439770745928,3.5064533482087335E-6,1.5421716300242259
10,1,147.91083881682073,3.5881291488923525E-6,1.5421716300674109
10,1,151.35612484362088,3.671707424078598E-6,1.5421716301126254
10,1,154.88166189124811,3.757232488142187E-6,1.5421716301599675
10,1,158.48931924611142,3.844749687677851E-6,1.5421716302095467
10,1,162.18100973589299,3.934305425539531E-6,1.542171630261466
10,1,165.95869074375614,4.0259471854445706E-6,1.542171630315825
10,1,169.82436524617444,4.119723557157509E-6,1.5421716303727477
10,1,173.78008287493762,4.215684262245458E-6,1.5421716304323532
10,1,177.82794100389228,4.313880180446681E-6,1.5421716304947721
10,1,181.97008586099844,4.414363376642833E-6,1.5421716305601254
10,1,186.20871366628674,4.517187128473676E-6,1.5421716306285667
10,1,190.54607179632484,4.622405954575546E-6,1.5421716307002296
10,1,194.98445997580455,4.73007564349726E-6,1.5421716307752698
10,1,199.52623149688807,4.8402532832748166E-6,1.5421716308538456
10,1,204.17379446695296,4.952997291704815E-6,1.542171630936122
10,1,208.92961308540387,5.068367447318103E-6,1.5421716310222806
10,1,213.79620895022325,5.186424921073791E-6,1.5421716311125016
10,1,218.77616239495518,5.307232308792753E-6,1.542171631206967
10,1,223.872113856834,5.430853664357738E-6,1.5421716313058955
10,1,229.08676527677724,5.557354533657951E-6,1.5421716314094747
10,1,234.42288153199226,5.686801989363993E-6,1.5421716315179361
10,1,239.88329190194898,5.819264666480312E-6,1.542171631631517
10,1,245.4708915685031,5.954812798734136E-6,1.5421716317504455
10,1,251.18864315095797,6.093518255827152E-6,1.5421716318749827
10,1,257.03957827688646,6.235454581532411E-6,1.5421716320053882
10,1,263.02679918953817,6.3806970326961425E-6,1.5421716321419376
10,1,269.1534803926917,6.529322619141388E-6,1.54217163228493
10,1,275.4228703338166,6.681410144494268E-6,1.5421716324346573
10,1,281.8382931264455,6.837040247977236E-6,1.54217163259144
10,1,288.40315031266056,6.996295447162572E-6,1.542171632755611
10,1,295.1209226666387,7.159260181726872E-6,1.542171632927518
10,1,301.9951720402016,7.326020858224455E-6,1.5421716331075241
10,1,309.0295432513592,7.496665895908429E-6,1.542171633296023
10,1,316.22776601683796,7.671285773601485E-6,1.542171633493403
10,1,323.5936569296284,7.849973077681128E-6,1.5421716337000773
10,1,331.1311214825911,8.032822551180916E-6,1.5421716339165017
10,1,338.84415613920277,8.219931144003847E-6,1.542171634143115
10,1,346.73685045253166,8.411398064359937E-6,1.542171634380417
10,1,354.81338923357566,8.607324831343697E-6,1.5421716346288994
10,1,363.0780547701014,8.807815328782249E-6,1.5421716348890933
10,1,371.5352290971724,9.012975860312606E-6,1.542171635161547
10,1,380.1893963205613,9.222915205753983E-6,1.542171635446842
10,1,389.04514499428046,9.437744678785678E-6,1.542171635745584
10,1,398.1071705534973,9.657578185970883E-6,1.542171636058403
10,1,407.3802778041126,9.88253228716389E-6,1.5421716363859685
10,1,416.8693834703355,1.0112726257305809E-5,1.542171636728967
10,1,426.57951880159254,1.034828214968724E-5,1.5421716370881338
10,1,436.5158322401661,1.0589324860654361E-5,1.5421716374642307
10,1,446.683592150963,1.0835982195846184E-5,1.54217163785805
10,1,457.0881896148752,1.1088384937964868E-5,1.5421716382704318
10,1,467.73514128719813,1.1346666912370204E-5,1.5421716386965847
10,1,478.6300923226385,1.1610965071567491E-5,1.5421716391465818
10,1,489.77881936844614,1.1881419550509286E-5,1.5421716396189922
10,1,501.18723362727246,1.2158173749647612E-5,1.542171640114358
10,1,512.8613839913648,1.2441374409807401E-5,1.5421716406331276
10,1,524.8074602497728,1.273117169024943E-5,1.5421716411763002
10,1,537.0317963702527,1.3027719248140597E-5,1.5421716417450648
10,1,549.5408738576248,1.3331174319906498E-5,1.5421716423406329
10,1,562.341325190349,1.3641697804646E-5,1.542171642964277
10,1,575.4399373371573,1.39594543494358E-5,1.5421716436173059
10,1,588.843655355589,1.4284612436678502E-5,1.5421716443011149
10,1,602.5595860743581,1.4617344473426615E-5,1.5421716450171514
10,1,616.5950018614822,1.4957826882817476E-5,1.5421716457669272
10,1,630.9573444801937,1.530624019765777E-5,1.5421716465520467
10,1,645.6542290346556,1.5662769156131513E-5,1.5421716473741696
10,1,660.6934480075957,1.602760279978874E-5,1.5421716482350312
10,1,676.0829753919819,1.6400934573879534E-5,1.5421716491365296
10,1,691.8309709189363,1.6782962429679852E-5,1.5421716500804479
10,1,707.945784384138,1.7173888929862055E-5,1.5421716510688621
10,1,724.4359600749899,1.757392135564844E-5,1.5421716521038502
10,1,741.3102413009177,1.798327181686758E-5,1.5421716531876284
10,1,758.5775750291835,1.8402157364379764E-5,1.5421716543224753
10,1,776.247116628692,1.8830800105271107E-5,1.542171655510817
10,1,794.3282347242813,1.926942732058731E-5,1.542171656755155
10,1,812.8305161640995,1.9718271585947446E-5,1.54217165805814
10,1,831.7637711026708,2.0177570894870837E-5,1.5421716594225414
10,1,851.1380382023768,2.064756878499926E-5,1.54217166085124
10,1,870.9635899560806,2.1128514467323484E-5,1.5421716623472774
10,1,891.2509381337459,2.1620662958327304E-5,1.5421716639138185
10,1,912.0108393559096,2.212427521530016E-5,1.5421716655541975
10,1,933.2543007969915,2.263961827472616E-5,1.5421716672718828
10,1,954.992586021436,2.3166965393973595E-5,1.542171669070519
10,1,977.2372209558112,2.3706596196252536E-5,1.542171670953931
10,1,1000,2.4258796818926047E-5,1.5421716729261097
10,1,1023.2929922807547,2.482386006533649E-5,1.5421716749912395
10,1,1047.1285480508996,2.5402085560126457E-5,1.5421716771536944
10,1,1071.519305237607,2.599377990823117E-5,1.5421716794180675
10,1,1096.4781961431852,2.6599256857521093E-5,1.542171681789163
10,1,1122.018454301964,2.7218837465284118E-5,1.5421716842720115
10,1,1148.1536214968828,2.7852850274331107E-5,1.5421716868755573
10,1,1174.8975549395302,2.8501631464898315E-5,1.5421716895982762
10,1,1202.2644346174131,2.9165525065562626E-5,1.542171692449176
10,1,1230.268770812381,2.9844883115172977E-5,1.5421716954344395
10,1,1258.9254117941675,3.0540065854244464E-5,1.5421716985604075
10,1,1288.2495516931335,3.1251441916284134E-5,1.5421717018336991
10,1,1318.2567385564075,3.197938852351584E-5,1.5421717052612782
10,1,1348.9628825916532,3.272429168696619E-5,1.5421717088503963
10,1,1380.3842646028852,3.3486546411455176E-5,1.5421717126086762
10,1,1412.537544622754,3.426655690521005E-5,1.5421717165440945
10,1,1445.439770745928,3.50647367944108E-5,1.5421717206649996
10,1,1479.1083881682073,3.5881509342791005E-5,1.5421717249801365
10,1,1513.5612484362086,3.671730767628442E-5,1.5421717294986468
10,1,1548.816618912481,3.757257501307942E-5,1.5421717342301398
10,1,1584.893192461114,3.844776489877251E-5,1.5421717391846284
10,1,1621.8100973589299,3.934334144738122E-5,1.5421717443726497
10,1,1659.5869074375614,4.025977958760998E-5,1.5421717498051968
10,1,1698.2436524617442,4.1197565315174486E-5,1.542171755493801
10,1,1737.8008287493763,4.2157195950847816E-5,1.5421717614505288
10,1,1778.2794100389228,4.3139180404629E-5,1.5421717676880233
10,1,1819.7008586099844,4.414403944603922E-5,1.5421717742195198
10,1,1862.0871366628676,4.5172305980760674E-5,1.5421717810588809
10,1,1905.4607179632483,4.6224525333722476E-5,1.542171788220608
10,1,1949.8445997580454,4.7301255538907715E-5,1.5421717957199113
10,1,1995.262314968881,4.840306763576625E-5,1.5421718035726948
10,1,2041.7379446695295,4.9530545972752836E-5,1.5421718117956271
10,1,2089.2961308540407,5.068428851785561E-5,1.5421718204061614
10,1,2137.9620895022326,5.186490717642892E-5,1.542171829422572
10,1,2187.761623949552,5.307302811643715E-5,1.5421718388639802
10,1,2238.72113856834,5.43092921014759E-5,1.54217184875044
10,1,2290.8676527677726,5.5574354831326316E-5,1.5421718591029239
10,1,2344.228815319923,5.686888729077777E-5,1.5421718699434115
10,1,2398.83291901949,5.8193576106395774E-5,1.542171881294902
10,1,2454.708915685031,5.9549123911878705E-5,1.5421718931815007
10,1,2511.88643150958,6.093624972174451E-5,1.542171905628426
10,1,2570.3957827688646,6.235568931405937E-5,1.5421719186621048
10,1,2630.2679918953813,6.380819562193182E-5,1.5421719323102048
10,1,2691.5348039269165,6.529453913431568E-5,1.5421719466016963
10,1,2754.2287033381663,6.68155083062214E-5,1.5421719615669185
10,1,2818.382931264455,6.837190997855785E-5,1.542171977237643
10,1,2884.031503126606,6.996456980788184E-5,1.5421719936471454
10,1,2951.209226666387,7.159433270614964E-5,1.5421720108302541
10,1,3019.9517204020162,7.32620632910157E-5,1.542172028823452
10,1,3090.295432513592,7.496864634668244E-5,1.5421720476649623
10,1,3162.2776601683795,7.671498729533445E-5,1.5421720673947747
10,1,3235.9365692962842,7.850201268022142E-5,1.5421720880548004
10,1,3311.311214825911,8.033067065962092E-5,1.5421721096889047
10,1,3388.4415613920273,8.220193151283633E-5,1.5421721323430408
10,1,3467.368504525317,8.411678815793312E-5,1.5421721560653225
10,1,3548.1338923357566,8.607625668180097E-5,1.5421721809061328
10,1,3630.780547701014,8.808137688279495E-5,1.5421722069182404
10,1,3715.3522909717276,9.013321282614283E-5,1.5421722341569049
10,1,3801.8939632056126,9.2232853412535E-5,1.5421722626799848
10,1,3890.4514499428046,9.438141296037644E-5,1.5421722925481005
10,1,3981.0717055349733,9.658003180139908E-5,1.5421723238246974
10,1,4073.802778041126,9.882987689105686E-5,1.5421723565762473
10,1,4168.693834703355,1.011321424329016E-4,1.5421723908723497
10,1,4265.795188015925,1.0348805051809381E-4,1.5421724267858927
10,1,4365.158322401661,1.058988517801242E-4,1.5421724643932169
10,1,4466.835921509631,1.0836582606505825E-4,1.5421725037742624
10,1,4570.881896148751,1.108902831178795E-4,1.5421725450127526
10,1,4677.351412871981,1.1347356328519352E-4,1.5421725881963695
10,1,4786.300923226385,1.1611703823475801E-4,1.5421726334169334
10,1,4897.7881936844615,1.188221116923615E-4,1.5421726807706242
10,1,5011.872336272725,1.2159022019607415E-4,1.5421727303581447
10,1,5128.613839913648,1.244228338692299E-4,1.542172782285002
10,1,5248.074602497728,1.2732145721111802E-4,1.5421728366616503
10,1,5370.317963702527,1.3028762990769703E-4,1.5421728936038006
10,1,5495.408738576249,1.3332292766115295E-4,1.5421729532326263
10,1,5623.413251903491,1.3642896303996235E-4,1.5421730156750453
10,1,5754.399373371572,1.396073863493164E-4,1.5421730810639889
10,1,5888.43655355589,1.4285988652274007E-4,1.5421731495386806
10,1,6025.5958607435805,1.4618819203532997E-4,1.5421732212449308
10,1,6165.9500186148225,1.495940718394569E-4,1.542173296335472
10,1,6309.573444801937,1.5307933632310682E-4,1.5421733749702788
10,1,6456.542290346556,1.5664583829157807E-4,1.5421734573168921
10,1,6606.9344800759645,1.602954739736207E-4,1.542173543550812
10,1,6760.829753919819,1.6403018405211002E-4,1.5421736338558711
10,1,6918.309709189362,1.6785195471986138E-4,1.542173728424607
10,1,7079.457843841381,1.717628187621548E-4,1.5421738274587207
10,1,7244.359600749898,1.7576485666530753E-4,1.542173931169463
10,1,7413.102413009177,1.7986019775360535E-4,1.542174039778145
10,1,7585.775750291836,1.840510213538728E-4,1.5421741535165783
10,1,7762.4711662869195,1.8833955798966252E-4,1.5421742726276049
10,1,7943.282347242814,1.927280906050607E-4,1.5421743973656115
10,1,8128.305161640995,1.972189558194264E-4,1.5421745279970815
10,1,8317.63771102671,2.0181454521400025E-4,1.542174664801197
10,1,8511.380382023768,2.065173066507402E-4,1.54217480807042
10,1,8709.635899560806,2.113297456252057E-4,1.542174958111168
10,1,8912.509381337459,2.162544266533665E-4,1.5421751152444374
10,1,9120.108393559096,2.212939746948044E-4,1.5421752798065544
10,1,9332.543007969914,2.2645107661186642E-4,1.5421754521498823
10,1,9549.92586021436,2.317284826672584E-4,1.5421756326436222
10,1,9772.372209558112,2.3712900805991345E-4,1.5421758216746024
10,1,10000,2.426555345016191E-4,1.5421760196481487
10,1,10232.929922807536,2.4831101183490933E-4,1.5421762269889816
10,1,10471.285480509006,2.5409845969346403E-4,1.542176444142146
10,1,10715.193052376071,2.600209692072673E-4,1.542176671574026
10,1,10964.78196143185,2.6608170475224695E-4,1.5421769097733278
10,1,11220.18454301963,2.7228390574873633E-4,1.5421771592522464
10,1,11481.53621496884,2.786308885068283E-4,1.5421774205475496
10,1,11748.975549395303,2.851260481231158E-4,1.5421776942218008
10,1,12022.644346174131,2.9177286042981365E-4,1.542177980864656
10,1,12302.68770812381,2.985748839963623E-4,1.5421782810941318
10,1,12589.254117941662,3.055357621884844E-4,1.5421785955580516
10,1,12882.495516931349,3.1265922528370756E-4,1.5421789249354705
10,1,13182.567385564074,3.1994909264836466E-4,1.542179269938271
10,1,13489.628825916532,3.27409274975214E-4,1.5421796313127447
10,1,13803.842646028837,3.3504377658662957E-4,1.5421800098413163
10,1,14125.375446227554,3.428566978044435E-4,1.5421804063443323
10,1,14454.39770745928,3.508522373895201E-4,1.5421808216819521
10,1,14791.083881682072,3.5903469505382997E-4,1.5421812567561393
10,1,15135.612484362071,3.67408474048011E-4,1.5421817125127615
10,1,15488.166189124828,3.759780838268661E-4,1.5421821899437742
10,1,15848.93192461114,3.847481427969896E-4,1.5421826900895401
10,1,16218.100973589299,3.937233811506296E-4,1.5421832140413174
10,1,16595.869074375598,4.029086437862794E-4,1.5421837629437636
10,1,16982.43652461746,4.123088933250213E-4,1.5421843379977185
10,1,17378.00828749376,4.2192921322170465E-4,1.5421849404630121
10,1,17782.794100389227,4.317748109794354E-4,1.5421855716615127
10,1,18197.008586099826,4.4185102146979106E-4,1.5421862329802885
10,1,18620.871366628693,4.5216331036551644E-4,1.5421869258749918
10,1,19054.607179632483,4.627172776887684E-4,1.5421876518733493
10,1,19498.445997580457,4.735186614848596E-4,1.542188412578957
10,1,19952.62314968879,4.8457334162361896E-4,1.5421892096751957
10,1,20417.379446695315,4.95887343737766E-4,1.5421900449294117
10,1,20892.96130854041,5.074668433050231E-4,1.5421909201973305
10,1,21379.620895022323,5.193181698813707E-4,1.5421918374277044
10,1,21877.616239495517,5.31447811494446E-4,1.5421927986672364
10,1,22387.211385683422,5.438624192070879E-4,1.542193806065817
10,1,22908.676527677748,5.565688118586491E-4,1.5421948618820043
10,1,23442.288153199228,5.695739809985069E-4,1.542195968488908
10,1,23988.329190194898,5.828850960188364E-4,1.5421971283803233
10,1,24547.089156850285,5.965095095048783E-4,1.5421983441773304
10,1,25118.864315095823,6.104547628113609E-4,1.5421996186352056
10,1,25703.957827688646,6.247285918842667E-4,1.5422009546508089
10,1,26302.679918953814,6.39338933341946E-4,1.5422023552703854
10,1,26915.348039269138,6.542939308351259E-4,1.5422038236978621
10,1,27542.28703338169,6.696019417052084E-4,1.5422053633036656
10,1,28183.82931264455,6.852715439618921E-4,1.5422069776340563
10,1,28840.31503126606,7.013115436047237E-4,1.5422086704210622
10,1,29512.09226666384,7.177309823170966E-4,1.5422104455930954
10,1,30199.51720402019,7.345391455554831E-4,1.5422123072861245
10,1,30902.95432513592,7.51745571074585E-4,1.5422142598556974
10,1,31622.776601683792,7.693600579160737E-4,1.5422163078896405
10,1,32359.36569296281,7.873926759047904E-4,1.5422184562216144
10,1,33113.11214825915,8.058537756974461E-4,1.5422207099456142
10,1,33884.415613920275,8.24753999426051E-4,1.5422230744313166
10,1,34673.685045253165,8.441042919976499E-4,1.542225555340515
10,1,35481.33892335753,8.639159131085572E-4,1.5422281586446618
10,1,36307.80547701017,8.84200450038422E-4,1.5422308906435207
10,1,37153.52290971728,9.049698313053607E-4,1.5422337579851333
10,1,38018.93963205613,9.262363412637525E-4,1.5422367676870812
10,1,38904.51449942805,9.480126357467796E-4,1.5422399271592582
10,1,39810.71705534977,9.703117588543696E-4,1.5422432442280654
10,1,40738.02778041131,9.93147161021846E-4,1.542246727162359
10,1,41686.93834703355,0.001016532718501828,1.542250384701098
10,1,42657.95188015926,0.0010404827544186316,1.542254226082792
10,1,43651.58322401656,0.001065012061586565,1.5422582610770101
10,1,44668.359215096345,0.0010901359272928407,1.5422625000179315
10,1,45708.818961487515,0.0011158701602846386,1.5422669538400162
10,1,46773.51412871981,0.0011422311202406576,1.542271634116005
10,1,47863.0092322638,0.0011692357500428256,1.542276553097287
10,1,48977.881936844664,0.0011969016112117164,1.5422817237566215
10,2,1,5.029578220133761E-8,1.5436179007293322
10,2,1.023292992280754,5.146732146796775E-8,1.5436179007293525
10,2,1.0471285480508996,5.266614938977137E-8,1.543617900729412
10,2,1.0715193052376064,5.389290160106004E-8,1.543617900729444
10,2,1.096478196143185,5.514822854211522E-8,1.5436179007294657
10,2,1.1220184543019633,5.643279580400969E-8,1.5436179007295305
10,2,1.1481536214968828,5.774728448117204E-8,1.5436179007295714
10,2,1.1748975549395295,5.909239153293172E-8,1.5436179007296045
10,2,1.202264434617413,6.04688301529256E-8,1.5436179007296558
10,2,1.2302687708123816,6.187733014706952E-8,1.5436179007297135
10,2,1.2589254117941673,6.331863832069158E-8,1.5436179007297635
10,2,1.288249551693134,6.479351887445618E-8,1.5436179007297985
10,2,1.318256738556407,6.630275380963967E-8,1.5436179007298585
10,2,1.3489628825916535,6.78471433425278E-8,1.543617900729918
10,2,1.3803842646028848,6.942750632882502E-8,1.5436179007299626
10,2,1.4125375446227544,7.104468069799701E-8,1.543617900730015
10,2,1.4454397707459274,7.269952389729641E-8,1.5436179007300674
10,2,1.4791083881682074,7.439291334656011E-8,1.5436179007301516
10,2,1.5135612484362082,7.61257469031333E-8,1.5436179007302193
10,2,1.5488166189124815,7.789894333842994E-8,1.5436179007302997
10,2,1.5848931924611136,7.971344282462081E-8,1.5436179007303774
10,2,1.62181009735893,8.157020743339246E-8,1.543617900730476
10,2,1.6595869074375607,8.347022164587367E-8,1.543617900730567
10,2,1.6982436524617444,8.541449287487108E-8,1.5436179007306916
10,2,1.7378008287493754,8.740405199876809E-8,1.5436179007308555
10,2,1.7782794100389228,8.943995390789461E-8,1.5436179007309916
10,2,1.8197008586099834,9.152327806437407E-8,1.5436179007310997
10,2,1.8620871366628675,9.365512907434791E-8,1.543617900731207
10,2,1.9054607179632472,9.58366372736037E-8,1.543617900731349
10,2,1.9498445997580451,9.806895932646223E-8,1.5436179007314759
10,2,1.9952623149688795,1.0035327883981914E-7,1.543617900731634
10,2,2.041737944669529,1.0269080698988218E-7,1.543617900731769
10,2,2.0892961308540396,1.0508278316518301E-7,1.543617900731919
10,2,2.137962089502232,1.0753047562305367E-7,1.5436179007320592
10,2,2.1877616239495525,1.1003518216262707E-7,1.5436179007322277
10,2,2.23872113856834,1.125982308121955E-7,1.543617900732381
10,2,2.290867652767773,1.1522098053442796E-7,1.5436179007325708
10,2,2.344228815319922,1.1790482194561056E-7,1.543617900732738
10,2,2.3988329190194904,1.2065117805435063E-7,1.543617900732954
10,2,2.4547089156850306,1.2346150501494786E-7,1.5436179007332023
10,2,2.51188643150958,1.2633729289971242E-7,1.5436179007334365
10,2,2.570395782768864,1.2928006648941305E-7,1.5436179007336481
10,2,2.6302679918953817,1.3229138608176219E-7,1.5436179007338848
10,2,2.6915348039269156,1.3537284831833667E-7,1.543617900734143
10,2,2.7542287033381663,1.3852608703103987E-7,1.543617900734399
10,2,2.8183829312644537,1.4175277410889547E-7,1.5436179007346784
10,2,2.884031503126606,1.4505462038419217E-7,1.5436179007349826
10,2,2.951209226666386,1.4843337653939863E-7,1.543617900735292
10,2,3.019951720402016,1.518908340359671E-7,1.5436179007356419
10,2,3.0902954325135905,1.554288260634092E-7,1.5436179007359825
10,2,3.1622776601683795,1.5904922851159243E-7,1.5436179007362931
10,2,3.2359365692962827,1.627539609664823E-7,1.5436179007366504
10,2,3.311311214825911,1.6654498772578287E-7,1.5436179007369857
10,2,3.3884415613920256,1.7042431884258818E-7,1.5436179007373705
10,2,3.4673685045253166,1.7439401118925308E-7,1.5436179007377604
10,2,3.548133892335755,1.7845616954959015E-7,1.5436179007381985
10,2,3.630780547701014,1.8261294773305602E-7,1.5436179007386017
10,2,3.715352290971726,1.8686654971927926E-7,1.5436179007390567
10,2,3.8018939632056115,1.912192308239802E-7,1.543617900739532
10,2,3.890451449942806,1.956732988970259E-7,1.5436179007400959
10,2,3.9810717055349722,2.0023111554297772E-7,1.543617900740611
10,2,4.073802778041127,2.0489509737749055E-7,1.5436179007411683
10,2,4.168693834703354,2.0966771730508263E-7,1.5436179007417397
10,2,4.265795188015927,2.1455150583289865E-7,1.5436179007424042
10,2,4.36515832240166,2.195490524090605E-7,1.5436179007430264
10,2,4.466835921509632,2.2466300679988373E-7,1.5436179007437278
10,2,4.570881896148751,2.2989608049169517E-7,1.543617900744474
10,2,4.677351412871983,2.352510481287399E-7,1.5436179007452202
10,2,4.786300923226384,2.407307489858058E-7,1.5436179007459527
10,2,4.8977881936844625,2.4633808847358805E-7,1.5436179007467585
10,2,5.011872336272724,2.520760396778539E-7,1.543617900747621
10,2,5.1286138399136485,2.579476449356383E-7,1.543617900748503
10,2,5.248074602497725,2.6395601745118263E-7,1.5436179007495
10,2,5.370317963702527,2.701043429415621E-7,1.543617900750496
10,2,5.495408738576246,2.763958813309277E-7,1.5436179007515145
10,2,5.623413251903491,2.8283396847631457E-7,1.5436179007525783
10,2,5.7543993733715695,2.8942201793714885E-7,1.5436179007537036
10,2,5.88843655355589,2.96163522783522E-7,1.5436179007548205
10,2,6.025595860743578,3.03062057452412E-7,1.5436179007560504
10,2,6.165950018614822,3.1012127963701987E-7,1.5436179007573219
10,2,6.309573444801933,3.1734493223185436E-7,1.5436179007587163
10,2,6.456542290346556,3.2473684531187094E-7,1.5436179007601336
10,2,6.606934480075961,3.3230093816785E-7,1.5436179007616235
10,2,6.760829753919819,3.40041221382125E-7,1.5436179007631812
10,2,6.918309709189364,3.479617989543293E-7,1.5436179007647497
10,2,7.079457843841379,3.5606687048156736E-7,1.5436179007664323
10,2,7.244359600749901,3.6436073337957333E-7,1.5436179007682
10,2,7.413102413009175,3.728477851650982E-7,1.5436179007700976
10,2,7.5857757502918375,3.8153252578417686E-7,1.5436179007720403
10,2,7.762471166286917,3.904195600023282E-7,1.5436179007740904
10,2,7.943282347242816,3.995135998423492E-7,1.5436179007762114
10,2,8.128305161640993,4.088194670857664E-7,1.5436179007784583
10,2,8.31763771102671,4.1834209582663867E-7,1.5436179007808328
10,2,8.511380382023766,4.2808653508837205E-7,1.5436179007832904
10,2,8.709635899560807,4.3805795150277904E-7,1.5436179007858808
10,2,8.912509381337456,4.4826163204665125E-7,1.5436179007885875
10,2,9.120108393559097,4.587029868456792E-7,1.5436179007913629
10,2,9.33254300796991,4.6938755204680954E-7,1.5436179007942974
10,2,9.549925860214358,4.803209927495168E-7,1.5436179007974604
10,2,9.772372209558107,4.915091060059098E-7,1.5436179008006963
10,2,10,5.029578239034039E-7,1.5436179008040691
10,2,10.232929922807541,5.14673216705324E-7,1.543617900807635
10,2,10.471285480508996,5.266614960670634E-7,1.5436179008113269
10,2,10.715193052376065,5.389290183350288E-7,1.5436179008152173
10,2,10.964781961431852,5.514822879128723E-7,1.5436179008193274
10,2,11.220184543019636,5.643279607092109E-7,1.5436179008235904
10,2,11.481536214968829,5.774728476718599E-7,1.5436179008280695
10,2,11.748975549395297,5.909239183942702E-7,1.5436179008327553
10,2,12.02264434617413,6.046883048124035E-7,1.543617900837633
10,2,12.302687708123818,6.187733049893108E-7,1.5436179008428057
10,2,12.589254117941675,6.331863869768391E-7,1.54361790084817
10,2,12.882495516931343,6.479351927843958E-7,1.5436179008537987
10,2,13.182567385564074,6.630275424244196E-7,1.5436179008596769
10,2,13.48962882591654,6.7847143806341E-7,1.5436179008658744
10,2,13.803842646028853,6.94275068258759E-7,1.5436179008723439
10,2,14.125375446227547,7.104468123062856E-7,1.543617900879112
10,2,14.454397707459272,7.269952446809003E-7,1.5436179008862183
10,2,14.791083881682072,7.43929139581062E-7,1.5436179008936397
10,2,15.13561248436208,7.612574755838174E-7,1.5436179009014008
10,2,15.488166189124811,7.789894404048066E-7,1.543617900909531
10,2,15.848931924611133,7.971344357688587E-7,1.5436179009180573
10,2,16.218100973589298,8.157020823949665E-7,1.5436179009270092
10,2,16.595869074375607,8.347022250955263E-7,1.5436179009363484
10,2,16.982436524617444,8.54144938000632E-7,1.5436179009461115
10,2,17.378008287493753,8.740405298986088E-7,1.5436179009563546
10,2,17.78279410038923,8.943995496990055E-7,1.5436179009671291
10,2,18.197008586099834,9.152327920209418E-7,1.543617900978315
10,2,18.620871366628677,9.365513029356043E-7,1.5436179009901017
10,2,19.054607179632473,9.583663857993303E-7,1.5436179010024171
10,2,19.498445997580454,9.806896072608056E-7,1.543617901015292
10,2,19.952623149688797,1.0035328033945485E-6,1.54361790102881
10,2,20.417379446695296,1.0269080859687032E-6,1.5436179010429718
10,2,20.892961308540396,1.0508278488712684E-6,1.5436179010577906
10,2,21.379620895022324,1.075304774682642E-6,1.5436179010733153
10,2,21.87761623949553,1.1003518413953215E-6,1.5436179010895117
10,2,22.3872113856834,1.1259823293070673E-6,1.5436179011065394
10,2,22.908676527677734,1.1522098280433025E-6,1.5436179011243423
10,2,23.442288153199225,1.1790482437781087E-6,1.5436179011429696
10,2,23.98832919019491,1.2065118066021645E-6,1.5436179011624631
10,2,24.547089156850312,1.2346150780713984E-6,1.5436179011829454
10,2,25.11886431509581,1.263372958912847E-6,1.5436179012043225
10,2,25.703957827688633,1.2928006969494567E-6,1.5436179012267364
10,2,26.302679918953814,1.322913895167265E-6,1.5436179012502333
10,2,26.915348039269155,1.3537285199894409E-6,1.543617901274831
10,2,27.542287033381662,1.3852609097488727E-6,1.5436179013005655
10,2,28.183829312644534,1.4175277833494346E-6,1.5436179013275424
10,2,28.84031503126606,1.450546249114417E-6,1.5436179013556357
10,2,29.512092266663856,1.4843338139041823E-6,1.543617901385199
10,2,30.19951720402016,1.518908392338014E-6,1.5436179014161546
10,2,30.902954325135905,1.5542883163246771E-6,1.543617901448504
10,2,31.622776601683793,1.59049234479225E-6,1.543617901482433
10,2,32.359365692962825,1.6275396736099147E-6,1.543617901517971
10,2,33.11311214825911,1.6654499457777806E-6,1.543617901555138
10,2,33.884415613920254,1.7042432618464852E-6,1.5436179015940874
10,2,34.673685045253166,1.7439401905606774E-6,1.5436179016348075
10,2,35.48133892335755,1.7845617797639079E-6,1.5436179016772238
10,2,36.30780547701014,1.8261295676117077E-6,1.5436179017217242
10,2,37.15352290971726,1.8686655939166565E-6,1.5436179017683613
10,2,38.018939632056124,1.9121924118761444E-6,1.543617901817287
10,2,38.90451449942807,1.956733100004507E-6,1.543617901868496
10,2,39.810717055349734,2.002311274403266E-6,1.5436179019221785
10,2,40.73802778041128,2.0489511012594366E-6,1.5436179019784402
10,2,41.68693834703355,2.0966773096557737E-6,1.5436179020373515
10,2,42.657951880159274,2.145515204699978E-6,1.5436179020990344
10,2,43.65158322401661,2.1954906809160116E-6,1.5436179021634753
10,2,44.668359215096324,2.2466302360308013E-6,1.5436179022310186
10,2,45.708818961487516,2.2989609849550706E-6,1.5436179023017667
10,2,46.77351412871981,2.3525106741960927E-6,1.543617902375849
10,2,47.86300923226383,2.4073076965710927E-6,1.5436179024535033
10,2,48.97788193684461,2.4633811062356097E-6,1.5436179025348022
10,2,50.11872336272722,2.5207606341165574E-6,1.543617902619911
10,2,51.28613839913648,2.579476703672264E-6,1.5436179027090577
10,2,52.48074602497726,2.6395604470066144E-6,1.5436179028023842
10,2,53.70317963702527,2.7010437214020067E-6,1.5436179029001422
10,2,54.954087385762456,2.7639591261765135E-6,1.543617903002464
10,2,56.23413251903491,2.8283400200051114E-6,1.5436179031095987
10,2,57.543993733715695,2.8942205385935134E-6,1.5436179032218327
10,2,58.8843655355589,2.961635612759807E-6,1.543617903339351
10,2,60.25595860743578,3.0306209869770054E-6,1.543617903462383
10,2,61.65950018614822,3.101213238324725E-6,1.5436179035912228
10,2,63.09573444801933,3.1734497958753263E-6,1.5436179037261226
10,2,64.56542290346556,3.2473689605518162E-6,1.5436179038674565
10,2,66.06934480075961,3.323009925396777E-6,1.5436179040153437
10,2,67.60829753919819,3.4004127964243317E-6,1.5436179041702305
10,2,69.18309709189366,3.4796186138181226E-6,1.5436179043323905
10,2,70.79457843841381,3.5606693737405667E-6,1.5436179045022256
10,2,72.44359600749902,3.6436080505676234E-6,1.5436179046800953
10,2,74.13102413009177,3.728478619683601E-6,1.543617904866336
10,2,75.8577575029184,3.8153260808016975E-6,1.543617905061323
10,2,77.6247116628692,3.904196481844145E-6,1.5436179052655392
10,2,79.43282347242817,3.9951369433162075E-6,1.543617905479359
10,2,81.28305161640995,4.088195683316262E-6,1.5436179057031971
10,2,83.17637711026708,4.1834220431339626E-6,1.543617905937662
10,2,85.11380382023764,4.280866513348185E-6,1.5436179061831934
10,2,87.09635899560806,4.38058076066322E-6,1.543617906440424
10,2,89.12509381337455,4.482617655239092E-6,1.5436179067098559
10,2,91.20108393559097,4.587031298719792E-6,1.5436179069918183
10,2,93.3254300796991,4.6938770530666926E-6,1.5436179072871739
10,2,95.49925860214358,4.803211569694196E-6,1.5436179075962806
10,2,97.72372209558107,4.915092819710888E-6,1.5436179079199563
10,2,100,5.029580124543533E-6,1.5436179082588855
10,2,102.32929922807547,5.146734187406557E-6,1.5436179086137545
10,2,104.71285480508996,5.2666171255347834E-6,1.5436179089854039
10,2,107.1519305237607,5.389292503033235E-6,1.5436179093744917
10,2,109.64781961431851,5.514825364696948E-6,1.5436179097819132
10,2,112.2018454301963,5.643282270456294E-6,1.5436179102086898
10,2,114.81536214968828,5.774731330548993E-6,1.5436179106554129
10,2,117.48975549395291,5.909242241873158E-6,1.5436179111232373
10,2,120.22644346174131,6.046886324763018E-6,1.543617911613115
10,2,123.02687708123811,6.187736560875566E-6,1.5436179121261118
10,2,125.89254117941675,6.3318676318508E-6,1.5436179126632288
10,2,128.82495516931337,6.479355958992152E-6,1.5436179132257042
10,2,131.82567385564073,6.630279743707187E-6,1.5436179138146793
10,2,134.89628825916532,6.78471900901319E-6,1.5436179144313964
10,2,138.03842646028852,6.942755641998223E-6,1.5436179150772267
10,2,141.2537544622754,7.104473437168223E-6,1.5436179157534544
10,2,144.5439770745928,7.269958140960365E-6,1.5436179164615216
10,2,147.91083881682073,7.439297497226425E-6,1.5436179172030444
10,2,151.35612484362088,7.612581293625554E-6,1.543617917979448
10,2,154.88166189124811,7.789901409418788E-6,1.5436179187924555
10,2,158.48931924611142,7.97135186410001E-6,1.543617919643833
10,2,162.18100973589299,8.157028867191864E-6,1.5436179205352438
10,2,165.95869074375614,8.34703086944946E-6,1.5436179214686936
10,2,169.82436524617444,8.54145861492367E-6,1.5436179224461921
10,2,173.78008287493762,8.740415194394446E-6,1.5436179234697502
10,2,177.82794100389228,8.944006100071043E-6,1.5436179245414392
10,2,181.97008586099844,9.152339281638832E-6,1.5436179256637022
10,2,186.20871366628674,9.365525203349282E-6,1.5436179268388723
10,2,190.54607179632484,9.583676902673182E-6,1.5436179280694298
10,2,194.98445997580455,9.806910050263277E-6,1.543617929357983
10,2,199.52623149688807,1.003534301127181E-5,1.5436179307072404
10,2,204.17379446695296,1.0269096908197697E-5,1.5436179321201273
10,2,208.92961308540387,1.0508295685023575E-5,1.5436179335996
10,2,213.79620895022325,1.0753066173026904E-5,1.5436179351488037
10,2,218.77616239495518,1.1003538158031523E-5,1.5436179367710179
10,2,223.872113856834,1.1259844449245417E-5,1.54361793846967
10,2,229.08676527677724,1.1522120949711019E-5,1.543617940248384
10,2,234.42288153199226,1.1790506729011056E-5,1.5436179421120184
10,2,239.88329190194898,1.2065144094599261E-5,1.5436179440624096
10,2,245.4708915685031,1.2346178670856037E-5,1.543617946104717
10,2,251.18864315095797,1.2633759474024297E-5,1.5436179482432884
10,2,257.03957827688646,1.2928038991764977E-5,1.5436179504826035
10,2,263.02679918953817,1.3229173264186762E-5,1.5436179528274911
10,2,269.1534803926917,1.3537321966524762E-5,1.5436179552829954
10,2,275.4228703338166,1.3852648493662797E-5,1.5436179578540552
10,2,281.8382931264455,1.4175320047318312E-5,1.5436179605463838
10,2,288.40315031266056,1.4505507724280873E-5,1.5436179633656444
10,2,295.1209226666387,1.4843386607286342E-5,1.543617966317698
10,2,301.9951720402016,1.5189135858138983E-5,1.5436179694089338
10,2,309.0295432513592,1.5542938812513286E-5,1.543617972645869
10,2,316.22776601683796,1.5904983077281946E-5,1.5436179760352962
10,2,323.5936569296284,1.627546063084265E-5,1.543617979585258
10,2,331.1311214825911,1.6654567923609995E-5,1.5436179833033217
10,2,338.84415613920277,1.704250598113329E-5,1.5436179871951383
10,2,346.73685045253166,1.7439480515384088E-5,1.5436179912703616
10,2,354.81338923357566,1.78457020299998E-5,1.5436179955376252
10,2,363.0780547701014,1.8261385933186132E-5,1.5436180000060828
10,2,371.5352290971724,1.868675265176529E-5,1.543618004685073
10,2,380.1893963205613,1.912202774858619E-5,1.5436180095846708
10,2,389.04514499428046,1.9567442041851813E-5,1.5436180147151628
10,2,398.1071705534973,2.002323172798596E-5,1.543618020087559
10,2,407.3802778041126,2.0489638506596686E-5,1.543618025713069
10,2,416.8693834703355,2.0966909709362465E-5,1.5436180316037806
10,2,426.57951880159254,2.1455298430910172E-5,1.5436180377722186
10,2,436.5158322401661,2.1955063663156597E-5,1.5436180442313385
10,2,446.683592150963,2.246647043316355E-5,1.543618050994856
10,2,457.0881896148752,2.2989789943795302E-5,1.5436180580772654
10,2,467.73514128719813,2.352529963391052E-5,1.5436180654206002
10,2,478.6300923226385,2.4073283614895144E-5,1.543618073148419
10,2,489.77881936844614,2.4634032490471297E-5,1.5436180812736042
10,2,501.18723362727246,2.520784360693246E-5,1.5436180897831577
10,2,512.8613839913648,2.579502127312656E-5,1.543618098693969
10,2,524.8074602497728,2.6395876891015743E-5,1.5436181080247828
10,2,537.0317963702527,2.7010729120036537E-5,1.543618117795308
10,2,549.5408738576248,2.763990404689703E-5,1.5436181280265553
10,2,562.341325190349,2.8283735357764244E-5,1.5436181387400512
10,2,575.4399373371573,2.8942564516509285E-5,1.543618149958572
10,2,588.843655355589,2.9616740945864335E-5,1.5436181617059233
10,2,602.5595860743581,3.0306622213321466E-5,1.5436181740070827
10,2,616.5950018614822,3.101257422110712E-5,1.5436181868881562
10,2,630.9573444801937,3.173497140069912E-5,1.5436182003764183
10,2,645.6542290346556,3.2474196912361695E-5,1.5436182145006088
10,2,660.6934480075957,3.323064284834414E-5,1.5436182292906122
10,2,676.0829753919819,3.400471044319388E-5,1.5436182447785853
10,2,691.8309709189363,3.4796810282274054E-5,1.5436182609960214
10,2,707.945784384138,3.560736252723775E-5,1.543618277978035
10,2,724.4359600749899,3.643679713536524E-5,1.5436182957608269
10,2,741.3102413009177,3.7285554088602514E-5,1.5436183143818691
10,2,758.5775750291835,3.8154083629441975E-5,1.5436183338809317
10,2,776.247116628692,3.904284649935731E-5,1.5436183542994244
10,2,794.3282347242813,3.995231418464197E-5,1.5436183756806554
10,2,812.8305161640995,4.0882969169896164E-5,1.5436183980711076
10,2,831.7637711026708,4.183530518641825E-5,1.5436184215162232
10,2,851.1380382023768,4.2809827488162494E-5,1.5436184460668452
10,2,870.9635899560806,4.380705311272616E-5,1.5436184717751074
10,2,891.2509381337459,4.482751115940608E-5,1.5436184986957437
10,2,912.0108393559096,4.587174307077674E-5,1.543618526885877
10,2,933.2543007969915,4.6940302905267025E-5,1.543618556397947
10,2,954.992586021436,4.803375769910522E-5,1.543618587309188
10,2,977.2372209558112,4.915268767161687E-5,1.543618619678339
10,2,1000,5.029768659821339E-5,1.5436186535740413
10,2,1023.2929922807547,5.146936211317919E-5,1.5436186890684853
10,2,1047.1285480508996,5.266833603321612E-5,1.5436187262369991
10,2,1071.519305237607,5.389524469122594E-5,1.5436187651587974
10,2,1096.4781961431852,5.5150739274837824E-5,1.5436188059163845
10,2,1122.018454301964,5.643548617728485E-5,1.5436188485967006
10,2,1148.1536214968828,5.775016751343809E-5,1.543618893349203
10,2,1174.8975549395302,5.9095480860507834E-5,1.5436189401574292
10,2,1202.2644346174131,6.047214053255992E-5,1.5436189891707086
10,2,1230.268770812381,6.188087740110981E-5,1.5436190404964518
10,2,1258.9254117941675,6.332243940481669E-5,1.5436190942439456
10,2,1288.2495516931335,6.479759195856837E-5,1.5436191505275267
10,2,1318.2567385564075,6.630711836526704E-5,1.5436192094670798
10,2,1348.9628825916532,6.785182023564846E-5,1.5436192711879773
10,2,1380.3842646028852,6.94325179207568E-5,1.5436193358218004
10,2,1412.537544622754,7.105005095185712E-5,1.5436194035061634
10,2,1445.439770745928,7.27052784933297E-5,1.5436194743853133
10,2,1479.1083881682073,7.439907980464152E-5,1.5436195486101574
10,2,1513.5612484362086,7.613235471593999E-5,1.5436196263390154
10,2,1548.816618912481,7.79060241120521E-5,1.5436197077375478
10,2,1584.893192461114,7.972103043086759E-5,1.543619792979379
10,2,1621.8100973589299,8.157833817156299E-5,1.543619882246177
10,2,1659.5869074375614,8.347893441840542E-5,1.5436199757285716
10,2,1698.2436524617442,8.542382937283579E-5,1.5436200736259011
10,2,1737.8008287493763,8.741405690306708E-5,1.543620176147196
10,2,1778.2794100389228,8.945067510417995E-5,1.543620283511385
10,2,1819.7008586099844,9.1534766872418E-5,1.5436203959476387
10,2,1862.0871366628676,9.366744049646874E-5,1.5436205136964516
10,2,1905.4607179632483,9.584983025739267E-5,1.543620637009293
10,2,1949.8445997580454,9.808309704974789E-5,1.543620766149835
10,2,1995.262314968881,1.0036842901477905E-4,1.5436209013943543
10,2,2041.7379446695295,1.0270704218923002E-4,1.5436210430322006
10,2,2089.2961308540407,1.0510018117168332E-4,1.543621191366567
10,2,2137.9620895022326,1.075491198051939E-4,1.5436213467151674
10,2,2187.761623949552,1.1005516187591171E-4,1.5436215094107695
10,2,2238.72113856834,1.1261964187888763E-4,1.5436216798108806
10,2,2290.8676527677726,1.1524392556603576E-4,1.5436218582638237
10,2,2344.228815319923,1.1792941097568812E-4,1.5436220451608444
10,2,2398.83291901949,1.2067752902595553E-4,1.543622240903269
10,2,2454.708915685031,1.234897443502521E-4,1.5436224459114032
10,2,2511.88643150958,1.2636755611376358E-4,1.543622660626019
10,2,2570.3957827688646,1.2931249884497677E-4,1.543622885508775
10,2,2630.2679918953813,1.323261432947369E-4,1.543623121043798
10,2,2691.5348039269165,1.3541009731091712E-4,1.5436233677380946
10,2,2754.2287033381663,1.3856600674456835E-4,1.5436236261234724
10,2,2818.382931264455,1.4179555637150513E-4,1.543623896757098
10,2,2884.031503126606,1.451004708440228E-4,1.543624180223129
10,2,2951.209226666387,1.4848251566527293E-4,1.5436244771338443
10,2,3019.9517204020162,1.5194349819121607E-4,1.5436247881311713
10,2,3090.295432513592,1.5548526865916115E-4,1.5436251138881647
10,2,3162.2776601683795,1.5910972124171012E-4,1.5436254551102102
10,2,3235.9365692962842,1.6281879513586965E-4,1.5436258125372098
10,2,3311.311214825911,1.666144756760997E-4,1.543626186944948
10,2,3388.4415613920273,1.7049879547819644E-4,1.5436265791466581
10,2,3467.368504525317,1.7447383562311884E-4,1.543626989995613
10,2,3548.1338923357566,1.7854172686298524E-4,1.5436274203864169
10,2,3630.780547701014,1.8270465086966307E-4,1.5436278712574367
10,2,3715.3522909717276,1.8696484151611194E-4,1.5436283435930143
10,2,3801.8939632056126,1.9132458619488288E-4,1.543628838425696
10,2,3890.4514499428046,1.957862271753514E-4,1.543629356838709
10,2,3981.0717055349733,2.003521630028484E-4,1.5436298999687263
10,2,4073.802778041126,2.0502484993536538E-4,1.5436304690083218
10,2,4168.693834703355,2.098068034279352E-4,1.5436310652090304
10,2,4265.795188015925,2.147005996613511E-4,1.5436316898844895
10,2,4365.158322401661,2.1970887711263374E-4,1.5436323444131919
10,2,4466.835921509631,2.2483433818577014E-4,1.5436330302425283
10,2,4570.881896148751,2.300797508823765E-4,1.5436337488919027
10,2,4677.351412871981,2.354479505323115E-4,1.543634501956612
10,2,4786.300923226385,2.4094184158071318E-4,1.5436352911121063
10,2,4897.7881936844615,2.465643994317186E-4,1.5436361181180691
10,2,5011.872336272725,2.5231867234864683E-4,1.543636984822506
10,2,5128.613839913648,2.582077834335692E-4,1.543637893167289
10,2,5248.074602497728,2.64234932660801E-4,1.543638845192762
10,2,5370.317963702527,2.704033989821827E-4,1.543639843042773
10,2,5495.408738576249,2.7671654252061576E-4,1.5436408889710753
10,2,5623.413251903491,2.8317780682411784E-4,1.5436419853466208
10,2,5754.399373371572,2.897907212186904E-4,1.5436431346603765
10,2,5888.43655355589,2.9655890324108874E-4,1.5436443395320174
10,2,6025.5958607435805,3.034860611628239E-4,1.5436456027168606
10,2,6165.9500186148225,3.105759966223189E-4,1.5436469271140059
10,2,6309.573444801937,3.1783260734796835E-4,1.5436483157739531
10,2,6456.542290346556,3.2525989000303747E-4,1.5436497719076823
10,2,6606.9344800759645,3.328619431412748E-4,1.5436512988956503
10,2,6760.829753919819,3.406429702892131E-4,1.543652900297706
10,2,6918.309709189362,3.48607283162237E-4,1.543654579863582
10,2,7079.457843841381,3.5675930502541075E-4,1.5436563415443176
10,2,7244.359600749898,3.6510357419291834E-4,1.5436581895036325
10,2,7413.102413009177,3.736447477148342E-4,1.5436601281317037
10,2,7585.775750291836,3.8238760520607247E-4,1.5436621620577988
10,2,7762.4711662869195,3.9133705288936136E-4,1.5436642961656784
10,2,7943.282347242814,4.004981278284265E-4,1.5436665356092472
10,2,8128.305161640995,4.0987600237366126E-4,1.5436688858292487
10,2,8317.63771102671,4.194759888424388E-4,1.543671352571219
10,2,8511.380382023768,4.293035444658379E-4,1.543673941905571
10,2,8709.635899560806,4.3936427658149125E-4,1.5436766602477126
10,2,8912.509381337459,4.4966394815335574E-4,1.543679514381343
10,2,9120.108393559096,4.602084835941572E-4,1.5436825114824766
10,2,9332.543007969914,4.7100397493912943E-4,1.5436856591454435
10,2,9549.92586021436,4.8205668841397163E-4,1.5436889654115191
10,2,9772.372209558112,4.933730714170663E-4,1.5436924387996063
10,2,10000,5.049597599485777E-4,1.5436960883388828
10,2,10232.929922807536,5.168235865650148E-4,1.5436999236052547
10,2,10471.285480509006,5.289715888736472E-4,1.5437039547601403
10,2,10715.193052376071,5.414110186353929E-4,1.5437081925925091
10,2,10964.78196143185,5.541493515668671E-4,1.5437126485655839
10,2,11220.18454301963,5.671942978511881E-4,1.5437173348660373
10,2,11481.53621496884,5.80553813524382E-4,1.5437222644594253
10,2,11748.975549395303,5.942361127517316E-4,1.5437274511492902
10,2,12022.644346174131,6.082496811605287E-4,1.5437329096427284
10,2,12302.68770812381,6.22603290313217E-4,1.5437386556215327
10,2,12589.254117941662,6.373060134789447E-4,1.5437447058204323
10,2,12882.495516931349,6.523672428599156E-4,1.543751078112827
10,2,13182.567385564074,6.677967084774336E-4,1.5437577916057559
10,2,13489.628825916532,6.8360449888009E-4,1.5437648667431922
10,2,13803.842646028837,6.998010839852197E-4,1.5437723254210363
10,2,14125.375446227554,7.163973402991113E-4,1.543780191113608
10,2,14454.39770745928,7.334045788769943E-4,1.5437884890139122
10,2,14791.083881682072,7.508345763851608E-4,1.5437972461884577
10,2,15135.612484362071,7.68699609774468E-4,1.5438064917499141
10,2,15488.166189124828,7.87012495051159E-4,1.5438162570482699
10,2,15848.93192461114,8.057866308453758E-4,1.5438265758844774
10,2,16218.100973589299,8.250360474866868E-4,1.5438374847481446
10,2,16595.869074375598,8.44775462514122E-4,1.5438490230833029
10,2,16982.43652461746,8.650203437238457E-4,1.5438612335863244
10,2,17378.00828749376,8.857869810136637E-4,1.5438741625394745
10,2,17782.794100389227,9.070925686176426E-4,1.54388786018574
10,2,18197.008586099826,9.289552996344666E-4,1.5439023811508024
10,2,18620.871366628693,9.513944751388803E-4,1.5439177849183339
10,2,19054.607179632483,9.744306307165504E-4,1.5439341363663943
10,2,19498.445997580457,9.980856839094119E-4,1.54395150637396
10,2,19952.62314968879,0.0010223831068457468,1.543969972506938
10,2,20417.379446695315,0.0010473481294569252,1.543989619795795
10,2,20892.96130854041,0.0010730079799335184,1.5440105416165142
10,2,21379.620895022323,0.0010993921708925781,1.5440328406894885
10,2,21877.616239495517,0.0011265328420423872,1.5440566302125631
10,2,22387.211385683422,0.0011544651729249436,1.5440820351420195
10,2,22908.676527677748,0.0011832278836069081,1.5441091936410534
10,2,23442.288153199228,0.0012128638461563288,1.5441382587076724
10,2,23988.329190194898,0.0012434208371990565,1.5441693999951105
10,2,24547.089156850285,0.001274952471432367,1.544202805824746
10,2,25118.864315095823,0.0013075193695923715,1.5442386853775092
10,2,25703.957827688646,0.0013411906333409644,1.544277271019034
10,2,26302.679918953814,0.001376045726091942,1.5443188206588134
10,2,26915.348039269138,0.001412176897566461,1.5443636199552742
10,2,27542.28703338169,0.0014496923455680395,1.544411984015672
10,2,28183.82931264455,0.0014887203920506684,1.5444642579720897
10,2,28840.31503126606,0.0015294150760973774,1.5445208153377146
10,2,29512.09226666384,0.0015719637601913443,1.544582052217809
10,2,30199.51720402019,0.0016165976517097016,1.5446483739656889
10,2,30902.95432513592,0.0016636066353367274,1.54472016818744
10,2,31622.776601683792,0.001713360631614726,1.5447977529917007
10,2,32359.36569296281,0.0017663411024541288,1.544881279840156
10,2,33113.11214825915,0.0018231888165965372,1.5449705515110344
10,2,33884.415613920275,0.0018847785966326393,1.5450646771257823
10,2,34673.685045253165,0.0019523406872795925,1.5451614035568109
10,2,35481.33892335753,0.002027666622797619,1.5452557758994077
10,2,36307.80547701017,0.0021134772555812297,1.5453373302295164
10,2,37153.52290971728,0.0022141245175352608,1.5453838518452578
10,2,38018.93963205613,0.002337042855560964,1.5453463754237622
10,2,38904.51449942805,0.002496086983658336,1.5451091942052386
10,2,39810.71705534977,0.0027204060811401943,1.54436674099929
10,2,40738.02778041131,0.003083655897549254,1.5421546741583039
10,2,41686.93834703355,0.0038414417053973513,1.5343012396242501
10,2,42657.95188015926,0.0068919668595313534,1.4822395629133531
10,2,43651.58322401656,0.0056447410331455835,-1.3247224283133383
10,2,44668.359215096345,1.6643090767800073E-4,-0.23709658466492348
10,2,45708.818961487515,9.217038940406026E-4,1.4676452800409165
10,2,46773.51412871981,0.0013429955443456808,1.5118090157620945
10,2,47863.0092322638,0.0015983832676199938,1.5245124741708547
10,2,48977.881936844664,0.0017805085973124943,1.5302265162464939
10,5,1,1.3001984611962754E-7,1.544732548151615
10,5,1.023292992280754,1.3304839739416204E-7,1.544732548151998
10,5,1.0471285480508996,1.3614749269642273E-7,1.5447325481534324
10,5,1.0715193052376064,1.3931877520041714E-7,1.5447325481546486
10,5,1.096478196143185,1.4256392636550716E-7,1.5447325481560295
10,5,1.1220184543019633,1.4588466680854884E-7,1.5447325481570717
10,5,1.1481536214968828,1.4928275723611172E-7,1.5447325481584107
10,5,1.1748975549395295,1.527599993566893E-7,1.5447325481598104
10,5,1.202264434617413,1.5631823685267884E-7,1.5447325481610268
10,5,1.2302687708123816,1.5995935634763066E-7,1.544732548162571
10,5,1.2589254117941673,1.6368528841334531E-7,1.5447325481642717
10,5,1.288249551693134,1.6749800858733904E-7,1.5447325481661975
10,5,1.318256738556407,1.7139953842440758E-7,1.5447325481682108
10,5,1.3489628825916535,1.7539194656344386E-7,1.5447325481699603
10,5,1.3803842646028848,1.794773498321897E-7,1.5447325481712306
10,5,1.4125375446227544,1.8365791437556583E-7,1.5447325481734482
10,5,1.4454397707459274,1.8793585677467918E-7,1.5447325481756689
10,5,1.4791083881682074,1.9231344525733034E-7,1.5447325481779075
10,5,1.5135612484362082,1.9679300087431514E-7,1.5447325481803549
10,5,1.5488166189124815,2.0137689874896622E-7,1.5447325481830687
10,5,1.5848931924611136,2.0606756932400047E-7,1.5447325481859542
10,5,1.62181009735893,2.108674996543818E-7,1.5447325481888654
10,5,1.6595869074375607,2.1577923472950455E-7,1.5447325481922347
10,5,1.6982436524617444,2.208053788369018E-7,1.5447325481980367
10,5,1.7378008287493754,2.2594859686309039E-7,1.5447325482020142
10,5,1.7782794100389228,2.3121161583252327E-7,1.5447325482064187
10,5,1.8197008586099834,2.3659722625788602E-7,1.5447325482104814
10,5,1.8620871366628675,2.421082836707272E-7,1.5447325482147372
10,5,1.9054607179632472,2.4774771009505095E-7,1.5447325482183227
10,5,1.9498445997580451,2.5351849564408677E-7,1.5447325482227667
10,5,1.9952623149688795,2.594237000618608E-7,1.5447325482274898
10,5,2.041737944669529,2.6546645435799795E-7,1.5447325482317766
10,5,2.0892961308540396,2.7164996249111123E-7,1.5447325482367302
10,5,2.137962089502232,2.779775030328415E-7,1.5447325482415781
10,5,2.1877616239495525,2.844524309314171E-7,1.5447325482466228
10,5,2.23872113856834,2.910781792836123E-7,1.5447325482523453
10,5,2.290867652767773,2.9785826114744995E-7,1.5447325482581984
10,5,2.344228815319922,3.04796271411503E-7,1.5447325482642587
10,5,2.3988329190194904,3.118958887206126E-7,1.544732548272172
10,5,2.4547089156850306,3.19160877357861E-7,1.5447325482796506
10,5,2.51188643150958,3.265950893149153E-7,1.5447325482866043
10,5,2.570395782768864,3.342024663235037E-7,1.5447325482940286
10,5,2.6302679918953817,3.419870419118991E-7,1.5447325483017191
10,5,2.6915348039269156,3.499529435712782E-7,1.5447325483100653
10,5,2.7542287033381663,3.581043949281595E-7,1.544732548318772
10,5,2.8183829312644537,3.664457179838562E-7,1.5447325483275884
10,5,2.884031503126606,3.749813354496812E-7,1.5447325483384633
10,5,2.951209226666386,3.8371577298036045E-7,1.5447325483486267
10,5,3.019951720402016,3.926536617104252E-7,1.5447325483591925
10,5,3.0902954325135905,4.01799740611518E-7,1.5447325483694159
10,5,3.1622776601683795,4.1115885907539057E-7,1.5447325483805268
10,5,3.2359365692962827,4.2073597942163624E-7,1.5447325483917738
10,5,3.311311214825911,4.305361795742614E-7,1.5447325484034484
10,5,3.3884415613920256,4.4056465571299556E-7,1.544732548414976
10,5,3.4673685045253166,4.5082672510132933E-7,1.544732548427592
10,5,3.548133892335755,4.613278288097892E-7,1.5447325484407408
10,5,3.630780547701014,4.720735346665794E-7,1.5447325484547934
10,5,3.715352290971726,4.830695401806357E-7,1.5447325484689596
10,5,3.8018939632056115,4.943216756530101E-7,1.5447325484867696
10,5,3.890451449942806,5.058359070280519E-7,1.5447325485040222
10,5,3.9810717055349722,5.176183393257463E-7,1.5447325485217673
10,5,4.073802778041127,5.296752197820817E-7,1.544732548541307
10,5,4.168693834703354,5.42012941086683E-7,1.5447325485615317
10,5,4.265795188015927,5.546380448518915E-7,1.5447325485815475
10,5,4.36515832240166,5.675572251029215E-7,1.5447325486028618
10,5,4.466835921509632,5.807773318210667E-7,1.5447325486275654
10,5,4.570881896148751,5.943053743522546E-7,1.5447325486504435
10,5,4.677351412871983,6.081485255268386E-7,1.5447325486747854
10,5,4.786300923226384,6.223141251646244E-7,1.5447325487002395
10,5,4.8977881936844625,6.368096840445512E-7,1.5447325487263677
10,5,5.011872336272724,6.516428879461424E-7,1.5447325487547534
10,5,5.1286138399136485,6.668216016169481E-7,1.5447325487845749
10,5,5.248074602497725,6.823538730007134E-7,1.5447325488154746
10,5,5.370317963702527,6.982479375521628E-7,1.5447325488483867
10,5,5.495408738576246,7.145122224763337E-7,1.5447325488820862
10,5,5.623413251903491,7.311553514006963E-7,1.5447325489193178
10,5,5.7543993733715695,7.48186148594032E-7,1.5447325489553505
10,5,5.88843655355589,7.656136440956261E-7,1.5447325489928931
10,5,6.025595860743578,7.83447078237954E-7,1.544732549032965
10,5,6.165950018614822,8.016959065772232E-7,1.5447325490762587
10,5,6.309573444801933,8.203698048717384E-7,1.5447325491223365
10,5,6.456542290346556,8.394786742334137E-7,1.544732549169869
10,5,6.606934480075961,8.590326464194343E-7,1.5447325492182615
10,5,6.760829753919819,8.790420892498931E-7,1.5447325492686546
10,5,6.918309709189364,8.995176120794183E-7,1.544732549322809
10,5,7.079457843841379,9.204700712652536E-7,1.544732549379585
10,5,7.244359600749901,9.41910576078064E-7,1.544732549438453
10,5,7.413102413009175,9.638504946037704E-7,1.544732549500719
10,5,7.5857757502918375,9.863014595921653E-7,1.5447325495640065
10,5,7.762471166286917,1.0092753750210523E-6,1.5447325496319213
10,5,7.943282347242816,1.0327844218934262E-6,1.5447325497028153
10,5,8.128305161640993,1.0568410650646493E-6,1.544732549777247
10,5,8.31763771102671,1.081458059687417E-6,1.544732549855051
10,5,8.511380382023766,1.1066484580822064E-6,1.5447325499368276
10,5,8.709635899560807,1.1324256165075507E-6,1.5447325500222264
10,5,8.912509381337456,1.1588032022814851E-6,1.5447325501095654
10,5,9.120108393559097,1.1857952014988853E-6,1.5447325502047138
10,5,9.33254300796991,1.2134159254589321E-6,1.5447325503033262
10,5,9.549925860214358,1.2416800189820301E-6,1.544732550404241
10,5,9.772372209558107,1.2706024683787641E-6,1.5447325505123268
10,5,10,1.3001986085633314E-6,1.5447325506247689
10,5,10.232929922807541,1.3304841318725652E-6,1.5447325507421064
10,5,10.471285480508996,1.3614750962335527E-6,1.5447325508663208
10,5,10.715193052376065,1.3931879333380723E-6,1.5447325509945844
10,5,10.964781961431852,1.425639458035806E-6,1.5447325511310888
10,5,11.220184543019636,1.458846876313318E-6,1.5447325512716967
10,5,11.481536214968829,1.4928277955178084E-6,1.544732551420306
10,5,11.748975549395297,1.5276002326245117E-6,1.5447325515744272
10,5,12.02264434617413,1.563182624730146E-6,1.544732551737563
10,5,12.302687708123818,1.5995938379425667E-6,1.5447325519066455
10,5,12.589254117941675,1.6368531782589544E-6,1.5447325520852697
10,5,12.882495516931343,1.6749804010546834E-6,1.5447325522722397
10,5,13.182567385564074,1.713995721968412E-6,1.5447325524676958
10,5,13.48962882591654,1.7539198274983655E-6,1.5447325526719173
10,5,13.803842646028853,1.7947738860451402E-6,1.5447325528852494
10,5,14.125375446227547,1.836579559229435E-6,1.5447325531096787
10,5,14.454397707459272,1.8793590130620033E-6,1.5447325533459988
10,5,14.791083881682072,1.923134929672114E-6,1.5447325535913048
10,5,15.13561248436208,1.9679305198170337E-6,1.5447325538470555
10,5,15.488166189124811,2.013769535155804E-6,1.5447325541172179
10,5,15.848931924611133,2.0606762800621006E-6,1.5447325543997572
10,5,16.218100973589298,2.1086756253832365E-6,1.5447325546959916
10,5,16.595869074375607,2.157793020979695E-6,1.5447325550046223
10,5,16.982436524617444,2.208054509928683E-6,1.544732555328597
10,5,17.378008287493753,2.2594867417970248E-6,1.5447325556686744
10,5,17.78279410038923,2.3121169866477518E-6,1.5447325560235705
10,5,18.197008586099834,2.3659731500790207E-6,1.5447325563953969
10,5,18.620871366628677,2.42108378773222E-6,1.544732556785818
10,5,19.054607179632473,2.4774781199939702E-6,1.5447325571934074
10,5,19.498445997580454,2.5351860482663945E-6,1.5447325576199753
10,5,19.952623149688797,2.594238170540897E-6,1.5447325580676377
10,5,20.417379446695296,2.654665797170868E-6,1.544732558535734
10,5,20.892961308540396,2.716500968220445E-6,1.5447325590268914
10,5,21.379620895022324,2.7797764697043402E-6,1.5447325595399752
10,5,21.87761623949553,2.8445258516400116E-6,1.5447325600777415
10,5,22.3872113856834,2.91078344548418E-6,1.5447325606409767
10,5,22.908676527677734,2.978584382201919E-6,1.5447325612297664
10,5,23.442288153199225,3.047964611423985E-6,1.544732561846944
10,5,23.98832919019491,3.118960920039228E-6,1.5447325624937136
10,5,24.547089156850312,3.1916109517938288E-6,1.5447325631714182
10,5,25.11886431509581,3.2659532270658407E-6,1.5447325638795943
10,5,25.703957827688633,3.3420271640720205E-6,1.544732564621921
10,5,26.302679918953814,3.4198730989487816E-6,1.5447325653998902
10,5,26.915348039269155,3.499532307096204E-6,1.5447325662134253
10,5,27.542287033381662,3.581047026036421E-6,1.5447325670660061
10,5,28.183829312644534,3.6644604766969205E-6,1.5447325679586654
10,5,28.84031503126606,3.7498168864117962E-6,1.5447325688903693
10,5,29.512092266663856,3.837161514578058E-6,1.5447325698705865
10,5,30.19951720402016,3.926540672320529E-6,1.5447325708942128
10,5,30.902954325135905,4.018001751641596E-6,1.544732571968034
10,5,31.622776601683793,4.111593247021191E-6,1.5447325730909816
10,5,32.359365692962825,4.207364783430124E-6,1.5447325742663869
10,5,33.11311214825911,4.305367141918766E-6,1.5447325754982908
10,5,33.884415613920254,4.4056522861212705E-6,1.5447325767889069
10,5,34.673685045253166,4.508273389802254E-6,1.5447325781391241
10,5,35.48133892335755,4.6132848621899606E-6,1.5447325795348936
10,5,36.30780547701014,4.720742390752044E-6,1.5447325810134873
10,5,37.15352290971726,4.830702948968725E-6,1.5447325825587537
10,5,38.018939632056124,4.943224842675776E-6,1.5447325841795836
10,5,38.90451449942807,5.058367734567849E-6,1.5447325858782606
10,5,39.810717055349734,5.176192677169777E-6,1.5447325876571614
10,5,40.73802778041128,5.296762144633594E-6,1.544732589516468
10,5,41.68693834703355,5.42014006884643E-6,1.5447325914667829
10,5,42.657951880159274,5.546391868386864E-6,1.5447325935077143
10,5,43.65158322401661,5.675584486739344E-6,1.5447325956428146
10,5,44.668359215096324,5.807786428187977E-6,1.5447325978812683
10,5,45.708818961487516,5.943067791182414E-6,1.544732600225549
10,5,46.77351412871981,6.081500307833646E-6,1.5447326026814832
10,5,47.86300923226383,6.223157380309114E-6,1.5447326052506363
10,5,48.97788193684461,6.368114121376856E-6,1.5447326079375026
10,5,50.11872336272722,6.516447395769445E-6,1.5447326107546175
10,5,51.28613839913648,6.668235857073235E-6,1.5447326137074728
10,5,52.48074602497726,6.823559990091821E-6,1.5447326167985609
10,5,53.70317963702527,6.982502156216281E-6,1.5447326200358338
10,5,54.954087385762456,7.145146634501164E-6,1.5447326234238001
10,5,56.23413251903491,7.31157966890964E-6,1.544732626972006
10,5,57.543993733715695,7.48188951193183E-6,1.544732630688158
10,5,58.8843655355589,7.656166472151249E-6,1.5447326345798786
10,5,60.25595860743578,7.834502961875166E-6,1.5447326386549465
10,5,61.65950018614822,8.016993546496034E-6,1.5447326429213446
10,5,63.09573444801933,8.203734994542619E-6,1.5447326473876353
10,5,64.56542290346556,8.394826330647257E-6,1.5447326520667186
10,5,66.06934480075961,8.590368884036909E-6,1.5447326569649071
10,5,67.60829753919819,8.790466346799372E-6,1.5447326620948147
10,5,69.18309709189366,8.995224826047598E-6,1.544732667466421
10,5,70.79457843841381,9.204752900576415E-6,1.5447326730892108
10,5,72.44359600749902,9.419161681772102E-6,1.5447326789798923
10,5,74.13102413009177,9.63856486651803E-6,1.5447326851472092
10,5,75.8577575029184,9.863078802711323E-6,1.5447326916048743
10,5,77.6247116628692,1.0092822549881771E-5,1.54473269836907
10,5,79.43282347242817,1.032791793897751E-5,1.5447327054490982
10,5,81.28305161640995,1.056848964281516E-5,1.5447327128629895
10,5,83.17637711026708,1.0814665239449801E-5,1.5447327206285975
10,5,85.11380382023764,1.1066575277653866E-5,1.5447327287599666
10,5,87.09635899560806,1.1324353351761234E-5,1.544732737279464
10,5,89.12509381337455,1.1588136164130574E-5,1.5447327461988947
10,5,91.20108393559097,1.1858063609619495E-5,1.5447327555451615
10,5,93.3254300796991,1.2134278830490333E-5,1.5447327653211596
10,5,95.49925860214358,1.2416928320439736E-5,1.5447327755600184
10,5,97.72372209558107,1.2706161978326917E-5,1.5447327862793923
10,5,100,1.3002133201009156E-5,1.544732797505731
10,5,102.32929922807547,1.3304998956682562E-5,1.5447328092595465
10,5,104.71285480508996,1.3614919875293721E-5,1.5447328215684681
10,5,107.1519305237607,1.3932060328682491E-5,1.544732834457119
10,5,109.64781961431851,1.4256588519500582E-5,1.5447328479511033
10,5,112.2018454301963,1.4588676575995097E-5,1.5447328620847554
10,5,114.81536214968828,1.4928500631584826E-5,1.5447328768825905
10,5,117.48975549395291,1.5276240932041547E-5,1.5447328923800148
10,5,120.22644346174131,1.563208191894068E-5,1.5447329086055892
10,5,123.02687708123811,1.5996212340817076E-5,1.5447329255985671
10,5,125.89254117941675,1.636882533881923E-5,1.5447329433899173
10,5,128.82495516931337,1.6750118565716036E-5,1.544732962022975
10,5,131.82567385564073,1.7140294275036978E-5,1.544732981533216
10,5,134.89628825916532,1.7539559441300637E-5,1.54473300196376
10,5,138.03842646028852,1.794812586167225E-5,1.5447330233561782
10,5,141.2537544622754,1.8366210277298795E-5,1.5447330457593464
10,5,144.5439770745928,1.8794034478754446E-5,1.5447330692180123
10,5,147.91083881682073,1.9231825430599722E-5,1.5447330937816048
10,5,151.35612484362088,1.9679815393687926E-5,1.544733119504351
10,5,154.88166189124811,2.0138242043231902E-5,1.5447331464396792
10,5,158.48931924611142,2.0607348599650693E-5,1.544733174644527
10,5,162.18100973589299,2.1087383961234033E-5,1.5447332041831872
10,5,165.95869074375614,2.1578602822984248E-5,1.5447332351120122
10,5,169.82436524617444,2.208126583052322E-5,1.5447332674993794
10,5,173.78008287493762,2.259563970973608E-5,1.544733301414467
10,5,177.82794100389228,2.31219974088972E-5,1.5447333369287783
10,5,181.97008586099844,2.3660618247331653E-5,1.5447333741179476
10,5,186.20871366628674,2.4211788061442077E-5,1.5447334130598593
10,5,190.54607179632484,2.4775799365435663E-5,1.5447334538408721
10,5,194.98445997580455,2.535295149617258E-5,1.544733496546955
10,5,199.52623149688807,2.5943550776789166E-5,1.5447335412654264
10,5,204.17379446695296,2.654791068748554E-5,1.5447335880930455
10,5,208.92961308540387,2.7166352028167352E-5,1.5447336371303575
10,5,213.79620895022325,2.7799203089664785E-5,1.5447336884815708
10,5,218.77616239495518,2.8446799828101514E-5,1.5447337422542333
10,5,223.872113856834,2.9109486053750978E-5,1.5447337985656666
10,5,229.08676527677724,2.9787613602990888E-5,1.5447338575336433
10,5,234.42288153199226,3.0481542535254046E-5,1.544733919283584
10,5,239.88329190194898,3.1191641327946424E-5,1.5447339839489584
10,5,245.4708915685031,3.191828706558767E-5,1.544734051665672
10,5,251.18864315095797,3.266186565002817E-5,1.544734122577835
10,5,257.03957827688646,3.3422772008272874E-5,1.5447341968378192
10,5,263.02679918953817,3.420141029796252E-5,1.5447342746018355
10,5,269.1534803926917,3.4998194136311233E-5,1.544734356038031
10,5,275.4228703338166,3.581354681148618E-5,1.5447344413186208
10,5,281.8382931264455,3.664790151968308E-5,1.544734530626535
10,5,288.40315031266056,3.7501701591835036E-5,1.5447346241510782
10,5,295.1209226666387,3.8375400740268475E-5,1.5447347220919703
10,5,301.9951720402016,3.9269463298650617E-5,1.5447348246574943
10,5,309.0295432513592,4.018436448252723E-5,1.5447349320696324
10,5,316.22776601683796,4.112059063000908E-5,1.5447350445553958
10,5,323.5936569296284,4.207863947882351E-5,1.544735162353788
10,5,331.1311214825911,4.305902035423317E-5,1.5447352856743897
10,5,338.84415613920277,4.4062254768204654E-5,1.5447354148658599
10,5,346.73685045253166,4.50888762231128E-5,1.544735550164107
10,5,354.81338923357566,4.6139430813292206E-5,1.544735691856926
10,5,363.0780547701014,4.721447745879063E-5,1.5447358402502596
10,5,371.5352290971724,4.831458818475219E-5,1.544735995656663
10,5,380.1893963205613,4.944034846786637E-5,1.5447361584109964
10,5,389.04514499428046,5.059235754193177E-5,1.544736328864043
10,5,398.1071705534973,5.177122871951561E-5,1.5447365073806347
10,5,407.3802778041126,5.297758973339622E-5,1.5447366943412935
10,5,416.8693834703355,5.4212083097013884E-5,1.544736890150256
10,5,426.57951880159254,5.5475366429107157E-5,1.544737095223232
10,5,436.5158322401661,5.676811286710159E-5,1.5447373100087851
10,5,446.683592150963,5.809101136925703E-5,1.5447375349606802
10,5,457.0881896148752,5.9444767160822514E-5,1.5447377705645868
10,5,467.73514128719813,6.083010182327961E-5,1.5447380172265852
10,5,478.6300923226385,6.224775433472229E-5,1.5447382755135455
10,5,489.77881936844614,6.369848165635968E-5,1.5447385462057261
10,5,501.18723362727246,6.518305758962205E-5,1.5447388297310936
10,5,512.8613839913648,6.6702274656983E-5,1.5447391266984498
10,5,524.8074602497728,6.825694415771668E-5,1.5447394377524102
10,5,537.0317963702527,6.984789659454584E-5,1.5447397635644669
10,5,549.5408738576248,7.147598215180947E-5,1.5447401048369966
10,5,562.341325190349,7.314207120664017E-5,1.544740462313823
10,5,575.4399373371573,7.484705477985202E-5,1.5447408367667175
10,5,588.843655355589,7.659184509077255E-5,1.5447412290111906
10,5,602.5595860743581,7.837737603691344E-5,1.5447416398962597
10,5,616.5950018614822,8.020460377499789E-5,1.5447420703163754
10,5,630.9573444801937,8.207450725438565E-5,1.5447425212096777
10,5,645.6542290346556,8.398808879676928E-5,1.5447429935612915
10,5,660.6934480075957,8.594637464551488E-5,1.5447434883977034
10,5,676.0829753919819,8.795041563457965E-5,1.544744006804615
10,5,691.8309709189363,9.00012877474822E-5,1.5447445499154777
10,5,707.945784384138,9.210009279223008E-5,1.5447451189222703
10,5,724.4359600749899,9.424795903476726E-5,1.5447457150727795
10,5,741.3102413009177,9.644604189521129E-5,1.5447463396794963
10,5,758.5775750291835,9.869552462977027E-5,1.5447469941173946
10,5,776.247116628692,1.009976190698738E-4,1.5447476798332453
10,5,794.3282347242813,1.0335356631855334E-4,1.5447483983397339
10,5,812.8305161640995,1.0576463762719489E-4,1.5447491512422598
10,5,831.7637711026708,1.0823213493337845E-4,1.5447499401909892
10,5,851.1380382023768,1.10757391993393E-4,1.5447507669524096
10,5,870.9635899560806,1.1334177501027821E-4,1.544751633369525
10,5,891.2509381337459,1.1598668354361423E-4,1.5447525413756125
10,5,912.0108393559096,1.1869355146641441E-4,1.5447534930107854
10,5,933.2543007969915,1.2146384778097057E-4,1.5447544904071484
10,5,954.992586021436,1.2429907769271006E-4,1.5447555358153704
10,5,977.2372209558112,1.272007835032878E-4,1.5447566315937695
10,5,1000,1.3017054571813988E-4,1.5447577802279775
10,5,1023.2929922807547,1.3320998403203353E-4,1.5447589843252183
10,5,1047.1285480508996,1.3632075848023247E-4,1.5447602466296262
10,5,1071.519305237607,1.3950457058587777E-4,1.5447615700307191
10,5,1096.4781961431852,1.4276316450561273E-4,1.5447629575643766
10,5,1122.018454301964,1.4609832830081798E-4,1.5447644124280975
10,5,1148.1536214968828,1.495118993922534E-4,1.5447659386135526
10,5,1174.8975549395302,1.5300574941682965E-4,1.544767538440027
10,5,1202.2644346174131,1.5658180986399781E-4,1.5447692162308022
10,5,1230.268770812381,1.6024205770869703E-4,1.5447709759208235
10,5,1258.9254117941675,1.6398852069319448E-4,1.5447728216456285
10,5,1288.2495516931335,1.678232790299918E-4,1.544774757773033
10,5,1318.2567385564075,1.7174846693955895E-4,1.5447767889018866
10,5,1348.9628825916532,1.7576627440456696E-4,1.5447789198815165
10,5,1380.3842646028852,1.798789490109947E-4,1.5447811558329214
10,5,1412.537544622754,1.8408879773798976E-4,1.5447835021535334
10,5,1445.439770745928,1.8839818902869647E-4,1.5447859645460218
10,5,1479.1083881682073,1.928095548308731E-4,1.5447885490333197
10,5,1513.5612484362086,1.9732539275590903E-4,1.5447912619766453
10,5,1548.816618912481,2.0194826841435172E-4,1.544794110099954
10,5,1584.893192461114,2.0668081779538135E-4,1.544797100510826
10,5,1621.8100973589299,2.11525749892907E-4,1.544800240731574
10,5,1659.5869074375614,2.1648584936223025E-4,1.544803538721691
10,5,1698.2436524617442,2.2156397939420642E-4,1.5448070029082448
10,5,1737.8008287493763,2.267630848047408E-4,1.5448106422230925
10,5,1778.2794100389228,2.320861951914422E-4,1.544814466129232
10,5,1819.7008586099844,2.3753642838200516E-4,1.5448184846610813
10,5,1862.0871366628676,2.4311699424701516E-4,1.5448227084765958
10,5,1905.4607179632483,2.4883119837045334E-4,1.5448271488811656
10,5,1949.8445997580454,2.546824464918596E-4,1.544831817896884
10,5,1995.262314968881,2.6067424879364944E-4,1.5448367282970448
10,5,2041.7379446695295,2.668102248896955E-4,1.5448418936776165
10,5,2089.2961308540407,2.7309410896617976E-4,1.5448473285143813
10,5,2137.9620895022326,2.7952975535640865E-4,1.544853048227928
10,5,2187.761623949552,2.8612114468246996E-4,1.5448590692651183
10,5,2238.72113856834,2.9287239039901087E-4,1.5448654091781715
10,5,2290.8676527677726,2.997877460395276E-4,1.54487208672263
10,5,2344.228815319923,3.0687161276412135E-4,1.5448791219377502
10,5,2398.83291901949,3.1412854816313646E-4,1.544886536279393
10,5,2454.708915685031,3.215632754173274E-4,1.5448943527293426
10,5,2511.88643150958,3.291806935401321E-4,1.5449025959310523
10,5,2570.3957827688646,3.369858886230976E-4,1.544911292335787
10,5,2630.2679918953813,3.4498414631183683E-4,1.5449204703725794
10,5,2691.5348039269165,3.531809655797703E-4,1.5449301606308443
10,5,2754.2287033381663,3.6158207395604994E-4,1.5449403960617527
10,5,2818.382931264455,3.701934446242007E-4,1.5449512122101887
10,5,2884.031503126606,3.790213153858444E-4,1.544962647466523
10,5,2951.209226666387,3.8807221003862055E-4,1.5449747433542675
10,5,3019.9517204020162,3.9735296238629995E-4,1.5449875448526036
10,5,3090.295432513592,4.06870743372306E-4,1.5450011007604982
10,5,3162.2776601683795,4.1663309171467537E-4,1.5450154641007923
10,5,3235.9365692962842,4.2664794881443647E-4,1.5450306925833224
10,5,3311.311214825911,4.3692369884312993E-4,1.5450468491413325
10,5,3388.4415613920273,4.474692140989457E-4,1.5450640025116646
10,5,3467.368504525317,4.5829390781159225E-4,1.5450822279283518
10,5,3548.1338923357566,4.6940779487773967E-4,1.5451016079004691
10,5,3630.780547701014,4.8082156233879406E-4,1.5451222331034253
10,5,3715.3522909717276,4.92546651709936E-4,1.5451442034129776
10,5,3801.8939632056126,5.045953553259161E-4,1.5451676290903305
10,5,3890.4514499428046,5.169809300183664E-4,1.545192632166105
10,5,3981.0717055349733,5.297177312385575E-4,1.5452193480292005
10,5,4073.802778041126,5.428213733545286E-4,1.5452479273042843
10,5,4168.693834703355,5.563089210379219E-4,1.545278538029935
10,5,4265.795188015925,5.701991203625141E-4,1.5453113682356656
10,5,4365.158322401661,5.845126784766476E-4,1.545346628960595
10,5,4466.835921509631,5.99272605516714E-4,1.5453845578454881
10,5,4570.881896148751,6.145046349119294E-4,1.54542542339435
10,5,4677.351412871981,6.30237744463367E-4,1.5454695300653993
10,5,4786.300923226385,6.465048076950752E-4,1.5455172243687927
10,5,4897.7881936844615,6.63343415418032E-4,1.5455689022142431
10,5,5011.872336272725,6.807969219760357E-4,1.5456250177745494
10,5,5128.613839913648,6.989157910853016E-4,1.5456860942167852
10,5,5248.074602497728,7.177593485393518E-4,1.5457527367696118
10,5,5370.317963702527,7.373980912390997E-4,1.5458256486029651
10,5,5495.408738576249,7.579167709911484E-4,1.5459056501396837
10,5,5623.413251903491,7.794185776673345E-4,1.545993702517555
10,5,5754.399373371572,8.020309025512175E-4,1.5460909357429886
10,5,5888.43655355589,8.259134346077421E-4,1.546198682043759
10,5,6025.5958607435805,8.512697618395242E-4,1.5463185138518227
10,5,6165.9500186148225,8.783643972491529E-4,1.5464522840470891
10,5,6309.573444801937,9.0754843213846E-4,1.5466021609328482
10,5,6456.542290346556,9.392993953051194E-4,1.5467706390557314
10,5,6606.9344800759645,9.742854248940449E-4,1.5469604794104301
10,5,6760.829753919819,0.0010134730247958758,1.5471744662235647
10,5,6918.309709189362,0.0010583173418795937,1.5474146981063206
10,5,7079.457843841381,0.0011111194921296099,1.5476806743494156
10,5,7244.359600749898,0.0011757513540384362,1.5479640974829527
10,5,7413.102413009177,0.0012592798931872905,1.5482339385487947
10,5,7585.775750291836,0.001376133031076743,1.5483887561757157
10,5,7762.4711662869195,0.0015610824601779909,1.5480758587839045
10,5,7943.282347242814,0.001924669894739775,1.5457709348359863
10,5,8128.305161640995,0.003106352579012159,1.5300250416739902
10,5,8317.63771102671,0.009450766452830056,-1.3240760189690868
10,5,8511.380382023768,5.009050100598967E-4,-1.4202613458357558
10,5,8709.635899560806,2.343083628783395E-4,1.389836468205333
10,5,8912.509381337459,5.152048685791546E-4,1.5014005225487563
10,5,9120.108393559096,6.747327188011196E-4,1.520626612467151
10,5,9332.543007969914,7.830351232661561E-4,1.5281976803500994
10,5,9549.92586021436,8.652818676854586E-4,1.5321559532988562
10,5,9772.372209558112,9.326407995424015E-4,1.5345605082292713
10,5,10000,9.908252561764259E-4,1.536164965559864
10,5,10232.929922807536,0.0010430651470303808,1.537306812266469
10,5,10471.285480509006,0.0010913274569705328,1.5381585642140818
10,5,10715.193052376071,0.0011368816332580753,1.5388171259163221
10,5,10964.78196143185,0.0011805863707330996,1.539340927977228
10,5,11220.18454301963,0.0012230457938108145,1.5397672078070905
10,5,11481.53621496884,0.0012646995401682356,1.5401207768261271
10,5,11748.975549395303,0.0013058772370285767,1.5404187836740129
10,5,12022.644346174131,0.001346832786955159,1.5406734504684259
10,5,12302.68770812381,0.0013877666943864666,1.5408937191394334
10,5,12589.254117941662,0.0014288410442339122,1.5410862815607098
10,5,12882.495516931349,0.0014701898180212412,1.541256246089958
10,5,13182.567385564074,0.0015119261694844961,1.5414075815931914
10,5,13489.628825916532,0.0015541476697683708,1.5415434209030237
10,5,13803.842646028837,0.0015969401676030589,1.5416662729479105
10,5,14125.375446227554,0.001640380689188032,1.5417781740922654
10,5,14454.39770745928,0.0016845396625030844,1.5418807981114524
10,5,14791.083881682072,0.0017294826617350548,1.5419755374710766
10,5,15135.612484362071,0.0017752718099253038,1.5420635643622138
10,5,15488.166189124828,0.0018219669391181558,1.542145877234469
10,5,15848.93192461114,0.001869626581915779,1.5422233368047762
10,5,16218.100973589299,0.0019183088518259523,1.5422966943538556
10,5,16595.869074375598,0.001968072258805802,1.5423666143207742
10,5,16982.43652461746,0.0020189765005710525,1.5424336926501705
10,5,17378.00828749376,0.0020710832722500463,1.5424984716286185
10,5,17782.794100389227,0.002124457009368409,1.5425614547385424
10,5,18197.008586099826,0.0021791662399907588,1.5426231175372624
10,5,18620.871366628693,0.002235284029017221,1.5426839115854167
10,5,19054.607179632483,0.0022928898071607295,1.5427442850434094
10,5,19498.445997580457,0.0023520707538833463,1.5428046853053903
10,5,19952.62314968879,0.0024129238232467654,1.542865570551558
10,5,20417.379446695315,0.002475558315535588,1.5429274204807693
10,5,20892.96130854041,0.002540099260750872,1.5429907483495449
10,5,21379.620895022323,0.0026066919823739287,1.5430561149509228
10,5,21877.616239495517,0.002675508421165162,1.5431241452320252
10,5,22387.211385683422,0.0027467561790084113,1.543195548252246
10,5,22908.676527677748,0.0028206919640045387,1.543271140809403
10,5,23442.288153199228,0.00289764260673354,1.543351873379575
10,5,23988.329190194898,0.0029780402174266157,1.5434388506134475
10,5,24547.089156850285,0.003062486917140724,1.5435333138430078
10,5,25118.864315095823,0.003151892028166516,1.54363644473541
10,5,25703.957827688646,0.0032478321464146564,1.5437482583403568
10,5,26302.679918953814,0.003353883015738816,1.5438601232700722
10,5,26915.348039269138,0.003485094553557722,1.5438507171644542
10,5,27542.28703338169,0.0030599151649979214,1.506726925303897
10,5,28183.82931264455,0.0036388780707736386,1.5440567655222723
10,5,28840.31503126606,0.0038074925589012473,1.5444909277356262
10,5,29512.09226666384,0.003995119453809308,1.5448042892612022
10,5,30199.51720402019,0.004236702157887853,1.545103950358928
10,5,30902.95432513592,0.004600738068197586,1.5452651356957816
10,5,31622.776601683792,0.005333472097649913,1.5442452158705375
10,5,32359.36569296281,0.008713141844543878,1.5233630151471744
10,5,33113.11214825915,6.586166517051225E-4,-1.0171238515030414
10,5,33884.415613920275,0.002510215535264874,1.515705063956443
10,5,34673.685045253165,0.0032290829288652728,1.5322989215982779
10,5,35481.33892335753,0.0036054091661080053,1.5367510540246798
10,5,36307.80547701017,0.0038699615232292576,1.5387692657926635
10,5,37153.52290971728,0.00408709932512052,1.5399367398743953
10,5,38018.93963205613,0.004282558276907763,1.540722352653624
10,5,38904.51449942805,0.0044695065548283315,1.5413125793714555
10,5,39810.71705534977,0.004656511442980249,1.5417970949664983
10,5,40738.02778041131,0.004850937498311715,1.5422255554616136
10,5,41686.93834703355,0.005061287585502418,1.5426280417761493
10,5,42657.95188015926,0.0053002434702736625,1.543020600280852
10,5,43651.58322401656,0.005591064865440371,1.5433951248255386
10,5,44668.359215096345,0.0059858474891301295,1.5436582101333018
10,5,45708.818961487515,0.00663661102429364,1.5432686135995881
10,5,46773.51412871981,0.00827127464802312,1.5376411839304143
10,5,47863.0092322638,0.05417971045304939,0.92673890578209
10,5,48977.881936844664,0.002113432205717258,1.4187436032075529
10,10,1,2.7028605004978673E-7,1.5456895168955898
10,10,1.023292992280754,2.765818211523234E-7,1.5456895169162048
10,10,1.0471285480508996,2.830242395644016E-7,1.5456895169285376
10,10,1.0715193052376064,2.8961672122176094E-7,1.5456895169449014
10,10,1.096478196143185,2.9636276154054397E-7,1.5456895169629175
10,10,1.1220184543019633,3.032659372912791E-7,1.545689516981535
10,10,1.1481536214968828,3.1032990871221747E-7,1.545689517000256
10,10,1.1748975549395295,3.175584211589455E-7,1.5456895170191989
10,10,1.202264434617413,3.249553073795636E-7,1.545689517044296
10,10,1.2302687708123816,3.3252448925799967E-7,1.545689517069946
10,10,1.2589254117941673,3.4026997999981317E-7,1.545689517094004
10,10,1.288249551693134,3.48195886472373E-7,1.5456895171199556
10,10,1.318256738556407,3.5630641099762433E-7,1.5456895171481095
10,10,1.3489628825916535,3.646058540669555E-7,1.5456895171809582
10,10,1.3803842646028848,3.7309861599929456E-7,1.5456895172143494
10,10,1.4125375446227544,3.817891997194467E-7,1.5456895172435852
10,10,1.4454397707459274,3.9068221320981714E-7,1.545689517277748
10,10,1.4791083881682074,3.9978237163310056E-7,1.545689517312426
10,10,1.5135612484362082,4.0909450009095724E-7,1.545689517352853
10,10,1.5488166189124815,4.1862353594831017E-7,1.5456895173959488
10,10,1.5848931924611136,4.2837453157037276E-7,1.5456895174352994
10,10,1.62181009735893,4.383526571436949E-7,1.5456895174794985
10,10,1.6595869074375607,4.485632032454092E-7,1.5456895175327747
10,10,1.6982436524617444,4.590115836597648E-7,1.5456895175854857
10,10,1.7378008287493754,4.697033381147765E-7,1.5456895176387855
10,10,1.7782794100389228,4.806441356762885E-7,1.5456895176994674
10,10,1.8197008586099834,4.918397772100276E-7,1.545689517759327
10,10,1.8620871366628675,5.032961987948847E-7,1.545689517819023
10,10,1.9054607179632472,5.150194747908824E-7,1.5456895178816628
10,10,1.9498445997580451,5.270158210371063E-7,1.5456895179478678
10,10,1.9952623149688795,5.392915980675649E-7,1.5456895180072365
10,10,2.041737944669529,5.518533150091823E-7,1.5456895180832806
10,10,2.0892961308540396,5.647076319732511E-7,1.5456895181563561
10,10,2.137962089502232,5.778613645360989E-7,1.5456895182330097
10,10,2.1877616239495525,5.913214870992096E-7,1.5456895183132926
10,10,2.23872113856834,6.05095136253144E-7,1.5456895183971846
10,10,2.290867652767773,6.19189615012159E-7,1.545689518480239
10,10,2.344228815319922,6.336123966830117E-7,1.5456895185727297
10,10,2.3988329190194904,6.483711282341438E-7,1.5456895186662958
10,10,2.4547089156850306,6.634736349912453E-7,1.545689518766187
10,10,2.51188643150958,6.789279246571587E-7,1.545689518871998
10,10,2.570395782768864,6.94742191073952E-7,1.5456895189785034
10,10,2.6302679918953817,7.109248192775567E-7,1.5456895190905384
10,10,2.6915348039269156,7.274843896652035E-7,1.545689519210315
10,10,2.7542287033381663,7.444296823303826E-7,1.5456895193363975
10,10,2.8183829312644537,7.617696818846011E-7,1.545689519468455
10,10,2.884031503126606,7.795135821167787E-7,1.5456895196049314
10,10,2.951209226666386,7.976707912569497E-7,1.545689519745183
10,10,3.019951720402016,8.162509363707568E-7,1.545689519890277
10,10,3.0902954325135905,8.352638692086722E-7,1.545689520044432
10,10,3.1622776601683795,8.547196707912528E-7,1.5456895202128231
10,10,3.2359365692962827,8.746286563404188E-7,1.5456895203785421
10,10,3.311311214825911,8.950013824921564E-7,1.5456895205595182
10,10,3.3884415613920256,9.158486505820193E-7,1.5456895207431811
10,10,3.4673685045253166,9.371815145990959E-7,1.5456895209341972
10,10,3.548133892335755,9.590112853365165E-7,1.5456895211337738
10,10,3.630780547701014,9.813495373697426E-7,1.545689521342839
10,10,3.715352290971726,1.0042081151560685E-6,1.545689521567356
10,10,3.8018939632056115,1.0275991383320972E-6,1.545689521800063
10,10,3.890451449942806,1.0515350094942607E-6,1.5456895220538516
10,10,3.9810717055349722,1.076028419454724E-6,1.5456895223112253
10,10,4.073802778041127,1.1010923552868465E-6,1.5456895225884717
10,10,4.168693834703354,1.126740105821502E-6,1.5456895228691465
10,10,4.265795188015927,1.1529852703966458E-6,1.5456895231619816
10,10,4.36515832240166,1.179841764581784E-6,1.5456895234731904
10,10,4.466835921509632,1.2073238284340126E-6,1.5456895238044701
10,10,4.570881896148751,1.2354460328346554E-6,1.5456895241441277
10,10,4.677351412871983,1.264223289072798E-6,1.545689524505024
10,10,4.786300923226384,1.2936708548609424E-6,1.5456895248766116
10,10,4.8977881936844625,1.323804344436101E-6,1.545689525268951
10,10,5.011872336272724,1.3546397350093283E-6,1.5456895256818575
10,10,5.1286138399136485,1.3861933754247525E-6,1.5456895261048262
10,10,5.248074602497725,1.4184819975614599E-6,1.5456895265634114
10,10,5.370317963702527,1.4515227201235337E-6,1.5456895270379065
10,10,5.495408738576246,1.4853330616099903E-6,1.5456895275256692
10,10,5.623413251903491,1.5199309497792442E-6,1.5456895280403717
10,10,5.7543993733715695,1.555334729128425E-6,1.5456895285812187
10,10,5.88843655355589,1.5915631709870267E-6,1.5456895291455541
10,10,6.025595860743578,1.628635484632269E-6,1.5456895297349318
10,10,6.165950018614822,1.6665713265519614E-6,1.545689530350301
10,10,6.309573444801933,1.7053908113048408E-6,1.5456895309977035
10,10,6.456542290346556,1.745114522143866E-6,1.545689531679397
10,10,6.606934480075961,1.7857635207632156E-6,1.5456895323909954
10,10,6.760829753919819,1.827359360761841E-6,1.5456895331381428
10,10,6.918309709189364,1.8699240964643854E-6,1.545689533918064
10,10,7.079457843841379,1.9134802976620807E-6,1.545689534737885
10,10,7.244359600749901,1.9580510574151014E-6,1.5456895355867688
10,10,7.413102413009175,2.003660009647066E-6,1.5456895364817531
10,10,7.5857757502918375,2.0503313373263675E-6,1.5456895374232433
10,10,7.762471166286917,2.0980897862286433E-6,1.5456895384084985
10,10,7.943282347242816,2.1469606790596025E-6,1.5456895394378842
10,10,8.128305161640993,2.196969928610672E-6,1.5456895405158657
10,10,8.31763771102671,2.248144050332921E-6,1.5456895416364933
10,10,8.511380382023766,2.3005101813936203E-6,1.5456895428326023
10,10,8.709635899560807,2.354096083975783E-6,1.5456895440709462
10,10,8.912509381337456,2.4089301718682674E-6,1.5456895453639319
10,10,9.120108393559097,2.4650415190689693E-6,1.5456895467078489
10,10,9.33254300796991,2.522459881714371E-6,1.5456895481410746
10,10,9.549925860214358,2.5812157005815565E-6,1.5456895496304597
10,10,9.772372209558107,2.641340130579379E-6,1.5456895511862745
10,10,10,2.702865052373871E-6,1.5456895528175523
10,10,10.232929922807541,2.765823088848668E-6,1.5456895545272429
10,10,10.471285480508996,2.8302476219158166E-6,1.5456895563144355
10,10,10.715193052376065,2.8961728121546144E-6,1.5456895581868193
10,10,10.964781961431852,2.963633616527224E-6,1.5456895601524108
10,10,11.220184543019636,3.032665803203628E-6,1.5456895622047109
10,10,11.481536214968829,3.103305976426659E-6,1.545689564350377
10,10,11.748975549395297,3.175591593755185E-6,1.5456895666012673
10,10,12.02264434617413,3.2495609845094015E-6,1.5456895689665864
10,10,12.302687708123818,3.3252533691969566E-6,1.5456895714409846
10,10,12.589254117941675,3.4027088819206024E-6,1.5456895740188146
10,10,12.882495516931343,3.481968595649073E-6,1.5456895767278902
10,10,13.182567385564074,3.5630745360167363E-6,1.545689579557081
10,10,13.48962882591654,3.64606971124181E-6,1.5456895825275576
10,10,13.803842646028853,3.730998129900141E-6,1.5456895856420696
10,10,14.125375446227547,3.817904822419774E-6,1.5456895888915803
10,10,14.454397707459272,3.906835874182861E-6,1.5456895922992482
10,10,14.791083881682072,3.997838440941543E-6,1.545689595869391
10,10,15.13561248436208,4.090960777498001E-6,1.5456895996056024
10,10,15.488166189124811,4.186252266037308E-6,1.5456896035305425
10,10,15.848931924611133,4.283763428890452E-6,1.545689607620241
10,10,16.218100973589298,4.383545979610443E-6,1.5456896119135253
10,10,16.595869074375607,4.485652829057074E-6,1.5456896164155405
10,10,16.982436524617444,4.590138116481768E-6,1.5456896211111373
10,10,17.378008287493753,4.697057253504335E-6,1.5456896260374144
10,10,17.78279410038923,4.806466934593455E-6,1.5456896311978556
10,10,18.197008586099834,4.918425177539319E-6,1.545689636599711
10,10,18.620871366628677,5.032991350911476E-6,1.5456896422507658
10,10,19.054607179632473,5.150226209099041E-6,1.5456896481715234
10,10,19.498445997580454,5.270191922543386E-6,1.545689654380047
10,10,19.952623149688797,5.39295210430989E-6,1.5456896608740593
10,10,20.417379446695296,5.518571857074235E-6,1.5456896676804817
10,10,20.892961308540396,5.647117793910224E-6,1.5456896748007227
10,10,21.379620895022324,5.778658084330364E-6,1.545689682254125
10,10,21.87761623949553,5.9132624891301834E-6,1.5456896900685322
10,10,22.3872113856834,6.05100238280801E-6,1.5456896982319117
10,10,22.908676527677734,6.191950822618378E-6,1.5456897068010376
10,10,23.442288153199225,6.336182548641757E-6,1.5456897157660079
10,10,23.98832919019491,6.483774056463709E-6,1.5456897251637145
10,10,24.547089156850312,6.634803612140933E-6,1.5456897349881822
10,10,25.11886431509581,6.78935131931549E-6,1.5456897452869265
10,10,25.703957827688633,6.947499138822219E-6,1.5456897560663514
10,10,26.302679918953814,7.109330942934153E-6,1.5456897673469727
10,10,26.915348039269155,7.274932569405719E-6,1.545689779178324
10,10,27.542287033381662,7.444391839156545E-6,1.5456897915607364
10,10,28.183829312644534,7.617798624340581E-6,1.5456898045027512
10,10,28.84031503126606,7.795244911952568E-6,1.545689818081824
10,10,29.512092266663856,7.976824801359716E-6,1.5456898322785635
10,10,30.19951720402016,8.1626346210174E-6,1.5456898471761475
10,10,30.902954325135905,8.352772909455141E-6,1.5456898627599034
10,10,31.622776601683793,8.547340526438695E-6,1.545689879086179
10,10,32.359365692962825,8.746440668243485E-6,1.545689896165002
10,10,33.11311214825911,8.950178953049565E-6,1.545689914062059
10,10,33.884415613920254,9.158663439972358E-6,1.545689932775774
10,10,34.673685045253166,9.372004674252394E-6,1.545689952250099
10,10,35.48133892335755,9.590315912732825E-6,1.5456899727232698
10,10,36.30780547701014,9.813712945473304E-6,1.5456899941899525
10,10,37.15352290971726,1.0042314285448552E-5,1.5456900167028123
10,10,38.018939632056124,1.0276241192767406E-5,1.545690040273182
10,10,38.90451449942807,1.0515617771694055E-5,1.545690064963972
10,10,39.810717055349734,1.0760571019678855E-5,1.5456900908148787
10,10,40.73802778041128,1.1011230888463488E-5,1.545690117874295
10,10,41.68693834703355,1.1267730384953828E-5,1.5456901462298906
10,10,42.657951880159274,1.1530205588014257E-5,1.5456901759094979
10,10,43.65158322401661,1.1798795773034595E-5,1.5456902069920797
10,10,44.668359215096324,1.2073643457918554E-5,1.5456902395376357
10,10,45.708818961487516,1.235489448996067E-5,1.5456902736268099
10,10,46.77351412871981,1.2642698107423381E-5,1.5456903093133054
10,10,47.86300923226383,1.2937207048066182E-5,1.5456903466842868
10,10,48.97788193684461,1.3238577601446963E-5,1.545690385813652
10,10,50.11872336272722,1.3546969721704707E-5,1.5456904267993887
10,10,51.28613839913648,1.3862547085860091E-5,1.545690469726365
10,10,52.48074602497726,1.4185477169771856E-5,1.545690514647789
10,10,53.70317963702527,1.4515931415399693E-5,1.545690561711894
10,10,54.954087385762456,1.4854085221309282E-5,1.5456906109963904
10,10,56.23413251903491,1.5200118106122904E-5,1.5456906626157596
10,10,57.543993733715695,1.5554213741394186E-5,1.5456907166366705
10,10,58.8843655355589,1.591656015792653E-5,1.545690773226096
10,10,60.25595860743578,1.62873497318683E-5,1.5456908324864962
10,10,61.65950018614822,1.6666779345105286E-5,1.5456908945451011
10,10,63.09573444801933,1.7055050480515132E-5,1.5456909595302861
10,10,64.56542290346556,1.7452369322107817E-5,1.545691027569036
10,10,66.06934480075961,1.7858946905954045E-5,1.5456910988289618
10,10,67.60829753919819,1.827499916590573E-5,1.5456911734471084
10,10,69.18309709189366,1.8700747108780444E-5,1.5456912515916046
10,10,70.79457843841381,1.9136416895369132E-5,1.5456913334138171
10,10,72.44359600749902,1.958224000540288E-5,1.545691419114112
10,10,74.13102413009177,2.003845330684975E-5,1.5456915088605792
10,10,75.8577575029184,2.050529921280266E-5,1.5456916028324128
10,10,77.6247116628692,2.0983025836601778E-5,1.5456917012509126
10,10,79.43282347242817,2.1471887066944878E-5,1.5456918043030003
10,10,81.28305161640995,2.19721427846372E-5,1.545691912235668
10,10,83.17637711026708,2.248405897947325E-5,1.545692025317955
10,10,85.11380382023764,2.3007907881579667E-5,1.5456921438392488
10,10,87.09635899560806,2.3543967840430346E-5,1.545692267855275
10,10,89.12509381337455,2.409252407628157E-5,1.5456923977502448
10,10,91.20108393559097,2.4653868263190857E-5,1.545692533709599
10,10,93.3254300796991,2.5228299093415595E-5,1.5456926760852787
10,10,95.49925860214358,2.5816122234330017E-5,1.545692825207046
10,10,97.72372209558107,2.6417650471971697E-5,1.5456929813734566
10,10,100,2.703320397346351E-5,1.5456931449213502
10,10,102.32929922807547,2.766311042324186E-5,1.5456933161962716
10,10,104.71285480508996,2.830770522040387E-5,1.545693495574424
10,10,107.1519305237607,2.8967331633622357E-5,1.5456936834311474
10,10,109.64781961431851,2.964234103174267E-5,1.5456938801736446
10,10,112.2018454301963,3.0333093036810538E-5,1.5456940862192723
10,10,114.81536214968828,3.103995575671875E-5,1.5456943020153406
10,10,117.48975549395291,3.17633059781633E-5,1.5456945280269596
10,10,120.22644346174131,3.250352935621027E-5,1.5456947647338952
10,10,123.02687708123811,3.326102065652899E-5,1.545695012643194
10,10,125.89254117941675,3.403618397896132E-5,1.5456952722998354
10,10,128.82495516931337,3.4829432923655835E-5,1.5456955442414302
10,10,131.82567385564073,3.564119095993281E-5,1.5456958290858385
10,10,134.89628825916532,3.6471891464680975E-5,1.5456961274170338
10,10,138.03842646028852,3.732197813714736E-5,1.5456964398785826
10,10,141.2537544622754,3.819190524634046E-5,1.5456967671879742
10,10,144.5439770745928,3.908213769551107E-5,1.5456971100024859
10,10,147.91083881682073,3.999315150720544E-5,1.5456974690702008
10,10,151.35612484362088,4.092543403397225E-5,1.5456978451853676
10,10,154.88166189124811,4.187948419063811E-5,1.5456982391644642
10,10,158.48931924611142,4.2855812701321606E-5,1.5456986518280533
10,10,162.18100973589299,4.3854942573517695E-5,1.545699084099071
10,10,165.95869074375614,4.4877409270738404E-5,1.5456995369319675
10,10,169.82436524617444,4.5923760931929074E-5,1.545700011270184
10,10,173.78008287493762,4.6994558957553885E-5,1.545700508189415
10,10,177.82794100389228,4.8090378028763344E-5,1.5457010287285249
10,10,181.97008586099844,4.9211806753655376E-5,1.5457015740555358
10,10,186.20871366628674,5.035944776446268E-5,1.545702145348428
10,10,190.54607179632484,5.153391823020621E-5,1.5457027438636457
10,10,194.98445997580455,5.2735850160118366E-5,1.5457033709102088
10,10,199.52623149688807,5.3965890817522255E-5,1.5457040278682035
10,10,204.17379446695296,5.5224703068143816E-5,1.5457047161717468
10,10,208.92961308540387,5.6512965885936476E-5,1.5457054373564563
10,10,213.79620895022325,5.783137458862523E-5,1.5457061929855995
10,10,218.77616239495518,5.9180641513973805E-5,1.5457069847540552
10,10,223.872113856834,6.056149618845479E-5,1.5457078143822214
10,10,229.08676527677724,6.19746861329549E-5,1.5457086837522556
10,10,234.42288153199226,6.34209769009185E-5,1.545709594752394
10,10,239.88329190194898,6.49011530671625E-5,1.5457105494588366
10,10,245.4708915685031,6.64160182583878E-5,1.5457115499765826
10,10,251.18864315095797,6.796639596356965E-5,1.5457125985396545
10,10,257.03957827688646,6.955313007974789E-5,1.54571369752045
10,10,263.02679918953817,7.117708528628799E-5,1.5457148493755752
10,10,269.1534803926917,7.283914784360431E-5,1.5457160567118093
10,10,275.4228703338166,7.454022605434336E-5,1.5457173222655687
10,10,281.8382931264455,7.628125091175272E-5,1.5457186488967318
10,10,288.40315031266056,7.80631768340301E-5,1.5457200396434476
10,10,295.1209226666387,7.98869822033285E-5,1.545721497672068
10,10,301.9951720402016,8.175367018530493E-5,1.5457230263279171
10,10,309.0295432513592,8.366426936483991E-5,1.545724629119275
10,10,316.22776601683796,8.561983452533543E-5,1.5457263097317444
10,10,323.5936569296284,8.762144767167563E-5,1.5457280721059026
10,10,331.1311214825911,8.967021846007482E-5,1.5457299203314687
10,10,338.84415613920277,9.176728517771324E-5,1.5457318587045867
10,10,346.73685045253166,9.391381589605561E-5,1.5457338917954815
10,10,354.81338923357566,9.611100908496324E-5,1.5457360243908391
10,10,363.0780547701014,9.836009485628766E-5,1.5457382615669424
10,10,371.5352290971724,1.0066233568926299E-4,1.5457406086344403
10,10,380.1893963205613,1.0301902794260745E-4,1.5457430712502864
10,10,389.04514499428046,1.0543150242756266E-4,1.545745655319724
10,10,398.1071705534973,1.0790112601773585E-4,1.545748367101937
10,10,407.3802778041126,1.1042930294054222E-4,1.5457512132432991
10,10,416.8693834703355,1.1301747569478142E-4,1.545754200709903
10,10,426.57951880159254,1.156671268325979E-4,1.5457573368980484
10,10,436.5158322401661,1.183797801388044E-4,1.545760629601181
10,10,446.683592150963,1.2115700246561097E-4,1.5457640870840244
10,10,457.0881896148752,1.2400040508591008E-4,1.5457677180769476
10,10,467.73514128719813,1.2691160758901358E-4,1.5457715254187692
10,10,478.6300923226385,1.2989238624949622E-4,1.545775530943937
10,10,489.77881936844614,1.329444638886688E-4,1.5457797393341235
10,10,501.18723362727246,1.360696522368588E-4,1.5457841621569883
10,10,512.8613839913648,1.3926981062030395E-4,1.5457888105548547
10,10,524.8074602497728,1.4254685903982507E-4,1.5457936969954014
10,10,537.0317963702527,1.4590277599608038E-4,1.5457988345787654
10,10,549.5408738576248,1.4933960294521637E-4,1.545804237342609
10,10,562.341325190349,1.5285944604631052E-4,1.5458099201438273
10,10,575.4399373371573,1.5646448032641713E-4,1.5458158988656565
10,10,588.843655355589,1.601569521538702E-4,1.545822190353152
10,10,602.5595860743581,1.639391838454317E-4,1.545828812608705
10,10,616.5950018614822,1.678135772447246E-4,1.5458357848190303
10,10,630.9573444801937,1.7178261826172493E-4,1.545843127477925
10,10,645.6542290346556,1.758488819854592E-4,1.5458508625040315
10,10,660.6934480075957,1.8001503740929087E-4,1.5458590133121057
10,10,676.0829753919819,1.84283853681891E-4,1.545867604996539
10,10,691.8309709189363,1.8865820594772656E-4,1.54587666442125
10,10,707.945784384138,1.9314108320615534E-4,1.545886220466204
10,10,724.4359600749899,1.9773559503057694E-4,1.5458963041018061
10,10,741.3102413009177,2.024449807125431E-4,1.5459069486456871
10,10,758.5775750291835,2.0727261831032735E-4,1.5459181899499805
10,10,776.247116628692,2.1222203613110996E-4,1.5459300667161275
10,10,794.3282347242813,2.1729692325451542E-4,1.5459426206580227
10,10,812.8305161640995,2.225011439195351E-4,1.5459558969106626
10,10,831.7637711026708,2.27838751484566E-4,1.5459699442884494
10,10,851.1380382023768,2.33314005825706E-4,1.5459848157198117
10,10,870.9635899560806,2.389313921279453E-4,1.5460005686867901
10,10,891.2509381337459,2.446956423162309E-4,1.5460172656766034
10,10,912.0108393559096,2.506117598593672E-4,1.5460349747703357
10,10,933.2543007969915,2.5668504793187005E-4,1.546053770271712
10,10,954.992586021436,2.629211416231969E-4,1.5460737334265027
10,10,977.2372209558112,2.6932604475889626E-4,1.5460949531931438
10,10,1000,2.7590617450655685E-4,1.5461175273113026
10,10,1023.2929922807547,2.826684095825486E-4,1.5461415632205355
10,10,1047.1285480508996,2.896201506844757E-4,1.5461671794315555
10,10,1071.519305237607,2.967693892379375E-4,1.5461945069642122
10,10,1096.4781961431852,3.041247872438411E-4,1.5462236909019107
10,10,1122.018454301964,3.1169578928454865E-4,1.546254893362469
10,10,1148.1536214968828,3.194928206884338E-4,1.5462883009133477
10,10,1174.8975549395302,3.2752696999439223E-4,1.5463240983399025
10,10,1202.2644346174131,3.3581088641765496E-4,1.5463625186052599
10,10,1230.268770812381,3.4435848589203755E-4,1.5464038145022707
10,10,1258.9254117941675,3.5318532378378505E-4,1.5464482711652217
10,10,1288.2495516931335,3.623089010058987E-4,1.5464962113743708
10,10,1318.2567385564075,3.717490435784187E-4,1.5465480018456526
10,10,1348.9628825916532,3.8152837988504146E-4,1.5466040609052054
10,10,1380.3842646028852,3.9167294189648873E-4,1.5466648676174943
10,10,1412.537544622754,4.022129344187726E-4,1.5467309730093086
10,10,1445.439770745928,4.1318372952506375E-4,1.546803013788376
10,10,1479.1083881682073,4.2462715904997194E-4,1.5468817288892995
10,10,1513.5612484362086,4.365932315573736E-4,1.546967980183908
10,10,1548.816618912481,4.4914242876809755E-4,1.5470627777375594
10,10,1584.893192461114,4.6234882976947536E-4,1.5471673108219102
10,10,1621.8100973589299,4.7630444846190947E-4,1.5472829865238182
10,10,1659.5869074375614,4.911253386969675E-4,1.5474114761965798
10,10,1698.2436524617442,5.069604067320402E-4,1.5475547713210258
10,10,1737.8008287493763,5.240044113048772E-4,1.5477152473757292
10,10,1778.2794100389228,5.425177089840536E-4,1.5478957309703318
10,10,1819.7008586099844,5.628571805168392E-4,1.5480995535330049
10,10,1862.0871366628676,5.855265055958033E-4,1.5483305476135232
10,10,1905.4607179632483,6.112615798112004E-4,1.5485928730751055
10,10,1949.8445997580454,6.411834767102411E-4,1.548890377141674
10,10,1995.262314968881,6.770907350096031E-4,1.5492246868944701
10,10,2041.7379446695295,7.220655733048663E-4,1.5495897061546424
10,10,2089.2961308540407,7.81873117391877E-4,1.5499550404524525
10,10,2137.9620895022326,8.68701001942455E-4,1.550210589460294
10,10,2187.761623949552,0.0010135719784939263,1.5499439824444214
10,10,2238.72113856834,0.0013256738796987807,1.547192264165968
10,10,2290.8676527677726,0.0026568270688024204,1.5226258226014033
10,10,2344.228815319923,0.0023888362378301398,-1.4746189678302484
10,10,2398.83291901949,2.800175103850942E-4,-1.4508607657184944
10,10,2454.708915685031,9.828656987869374E-5,1.3437164418755985
10,10,2511.88643150958,2.5984141108000133E-4,1.495546122646174
10,10,2570.3957827688646,3.557285189654156E-4,1.5180112058420487
10,10,2630.2679918953813,4.2198899723534154E-4,1.526680504010838
10,10,2691.5348039269165,4.72609717100159E-4,1.5311904326579615
10,10,2754.2287033381663,5.140609790693926E-4,1.5339270713141853
10,10,2818.382931264455,5.497460741352384E-4,1.535753175910035
10,10,2884.031503126606,5.816275381136268E-4,1.537053126079459
10,10,2951.209226666387,6.109182941304505E-4,1.5380229814840432
10,10,3019.9517204020162,6.384099199204718E-4,1.5387727880976838
10,10,3090.295432513592,6.646423851283386E-4,1.5393688970977566
10,10,3162.2776601683795,6.89997912429623E-4,1.5398536062114765
10,10,3235.9365692962842,7.147558016128573E-4,1.540255111319711
10,10,3311.311214825911,7.391259170258956E-4,1.540592909320396
10,10,3388.4415613920273,7.632699548292071E-4,1.5408809016806766
10,10,3467.368504525317,7.873153849600548E-4,1.5411292616268715
10,10,3548.1338923357566,8.113648659862829E-4,1.5413456030220587
10,10,3630.780547701014,8.355027563074391E-4,1.5415357367824845
10,10,3715.3522909717276,8.597997242644829E-4,1.5417041750546685
10,10,3801.8939632056126,8.843160794887126E-4,1.5418544759398272
10,10,3890.4514499428046,9.091042251491087E-4,1.541989484521396
10,10,3981.0717055349733,9.342104974957873E-4,1.5421115048698162
10,10,4073.802778041126,9.596765731526104E-4,1.5422224251132568
10,10,4168.693834703355,9.85540564611968E-4,1.5423238098442795
10,10,4265.795188015925,0.0010118378934495637,1.5424169695370484
10,10,4365.158322401661,0.0010386020043828131,1.5425030135004463
10,10,4466.835921509631,0.0010658649671290805,1.542582890874824
10,10,4570.881896148751,0.0010936580047565584,1.542657422927737
10,10,4677.351412871981,0.0011220119797326674,1.5427273289645524
10,10,4786.300923226385,0.0011509578682259104,1.5427932476176773
10,10,4897.7881936844615,0.0011805272517113176,1.542855754833624
10,10,5011.872336272725,0.001210752863641641,1.5429153797308706
10,10,5128.613839913648,0.0012416692352131987,1.5429726192840825
10,10,5248.074602497728,0.0012733135054567631,1.5430279528877875
10,10,5370.317963702527,0.001305726489464525,1.543081857945164
10,10,5495.408738576249,0.0013389541538738048,1.543134828040789
10,10,5623.413251903491,0.0013730497385137216,1.5431873959022722
10,10,5754.399373371572,0.0014080769313675615,1.5432401646521285
10,10,5888.43655355589,0.0014441148158648907,1.543293853213218
10,10,6025.5958607435805,0.001481265918252544,1.5433493661502438
10,10,6165.9500186148225,0.0015196699609293454,1.5434079071995088
10,10,6309.573444801937,0.00155952875096191,1.5434711742450278
10,10,6456.542290346556,0.0016011544853327187,1.5435417150558866
10,10,6606.9344800759645,0.0016450721109853269,1.543623622366302
10,10,6760.829753919819,0.0016922627794770538,1.5437240044004188
10,10,6918.309709189362,0.001744843464322211,1.543856374474349
10,10,7079.457843841381,0.0018084836393485605,1.544048764440432
10,10,7244.359600749898,0.0019055872241387716,1.5443477643709316
10,10,7413.102413009177,0.002316374734616631,1.5422528931022277
10,10,7585.775750291836,0.0016052222403733299,1.537603645340479
10,10,7762.4711662869195,0.0018100811622131356,1.5419295600922254
10,10,7943.282347242814,0.0018966842051058284,1.5426681140860425
10,10,8128.305161640995,0.001963203743481476,1.5429827745387226
10,10,8317.63771102671,0.0020234870376615384,1.5431687102842568
10,10,8511.380382023768,0.0020816376296740107,1.5433000810589041
10,10,8709.635899560806,0.002139346264963656,1.5434041833024708
10,10,8912.509381337459,0.002197477936009873,1.543493552664085
10,10,9120.108393559096,0.0022565629793383384,1.5435749335990716
10,10,9332.543007969914,0.0023169896784733897,1.5436524846832231
10,10,9549.92586021436,0.0023790992845616594,1.543729148142834
10,10,9772.372209558112,0.0024432511318360855,1.5438073405449886
10,10,10000,0.0025098930609310567,1.5438893745944653
10,10,10232.929922807536,0.0025796773227146855,1.5439777632240455
10,10,10471.285480509006,0.002653713057276639,1.5440753392837059
10,10,10715.193052376071,0.0027342501718262582,1.544184231817269
10,10,10964.78196143185,0.0028270766426026733,1.5442958196957095
10,10,11220.18454301963,0.002954395287361975,1.5442727380237622
10,10,11481.53621496884,0.003376158331084304,1.537722001075931
10,10,11748.975549395303,0.0027059917957303645,1.5372598733977252
10,10,12022.644346174131,0.0029569551562057595,1.542703677743463
10,10,12302.68770812381,0.0030835566319327742,1.5435473073054147
10,10,12589.254117941662,0.003191960353313641,1.5439254805214417
10,10,12882.495516931349,0.0032972661329027375,1.5441795042906366
10,10,13182.567385564074,0.0034044736256497433,1.5443907542218938
10,10,13489.628825916532,0.0035163066550621238,1.5445892666711207
10,10,13803.842646028837,0.0036349900208870593,1.5447899524143285
10,10,14125.375446227554,0.0037629456946454004,1.545002317626375
10,10,14454.39770745928,0.003903302986266572,1.5452337839404928
10,10,14791.083881682072,0.004060545496415628,1.5454908182016684
10,10,15135.612484362071,0.004241610064446526,1.5457786477821462
10,10,15488.166189124828,0.0044580552669156795,1.546098574974914
10,10,15848.93192461114,0.0047308856839079995,1.5464383903342476
10,10,16218.100973589299,0.00510290156821519,1.5467383263085313
10,10,16595.869074375598,0.00567717077596775,1.5467511791240838
10,10,16982.43652461746,0.00678127230058991,1.545275367393213
10,10,17378.00828749376,0.010310343331733217,1.532254736780801
10,10,17782.794100389227,0.026912763532612433,-1.31791008864043
10,10,18197.008586099826,3.992530861145645E-4,-0.8607446421492031
10,10,18620.871366628693,0.0018833495100695167,1.4835081944818094
10,10,19054.607179632483,0.002749938693063239,1.5177426515190726
10,10,19498.445997580457,0.0032538479877851673,1.527457924716221
10,10,19952.62314968879,0.0036065969436119326,1.5318804470436769
10,10,20417.379446695315,0.003882994285729295,1.5343705421686453
10,10,20892.96130854041,0.004116204029998919,1.5359565863765612
10,10,21379.620895022323,0.004323214342757459,1.5370522394949742
10,10,21877.616239495517,0.004513659321696328,1.537854244819264
10,10,22387.211385683422,0.004693440975616659,1.5384675807091568
10,10,22908.676527677748,0.004866409224932684,1.5389532212703287
10,10,23442.288153199228,0.0050352186759961256,1.5393490169174338
10,10,23988.329190194898,0.005201804115445291,1.5396798191793108
10,10,24547.089156850285,0.005367673795215338,1.5399628431958041
10,10,25118.864315095823,0.005534135183926244,1.5402107978132993
10,10,25703.957827688646,0.005702593094673048,1.5404339891778844
10,10,26302.679918953814,0.005875469284618044,1.540641162683238
10,10,26915.348039269138,0.006063927977632298,1.5407917859862705
10,10,27542.28703338169,0.006120091977083109,1.5384114693508322
10,10,28183.82931264455,0.006366553897582426,1.540815383800144
10,10,28840.31503126606,0.006557526304855005,1.5410778291956275
10,10,29512.09226666384,0.006749657425588886,1.5412551155998457
10,10,30199.51720402019,0.006948008639513379,1.541411597796937
10,10,30902.95432513592,0.007155873172643634,1.5415621367548022
10,10,31622.776601683792,0.007377815870150269,1.5417125915972123
10,10,32359.36569296281,0.007622551397160053,1.5418621260217051
10,10,33113.11214825915,0.007911187974247431,1.5419833701101415
10,10,33884.415613920275,0.008315705219766574,1.5418510671434267
10,10,34673.685045253165,0.009370338326538382,1.537161124321075
10,10,35481.33892335753,0.006086192795458305,1.4993654186499217
10,10,36307.80547701017,0.007856244268596206,1.537780513930036
10,10,37153.52290971728,0.008348852203641427,1.5401897417007835
10,10,38018.93963205613,0.008704412503691975,1.5410098102208971
10,10,38904.51449942805,0.009027583894469858,1.541466351768706
10,10,39810.71705534977,0.009348494013039815,1.5417969691711906
10,10,40738.02778041131,0.009682787716202368,1.542079254484145
10,10,41686.93834703355,0.010044295261162352,1.5423472091286121
10,10,42657.95188015926,0.010451440274991087,1.5426178403115351
10,10,43651.58322401656,0.010935990990600136,1.5428933586017093
10,10,44668.359215096345,0.011564501780157978,1.5431362387995144
10,10,45708.818961487515,0.012511635815751614,1.5431243214258494
10,10,46773.51412871981,0.014447764569048371,1.5412992449889058
10,10,47863.0092322638,0.01710980768494615,1.136798925790491
10,10,48977.881936844664,0.001190342621316915,0.5222956299261863
10,20,1,5.655094163970818E-7,1.5467109789171833
10,20,1.023292992280754,5.786818327170332E-7,1.546710979265702
10,20,1.0471285480508996,5.92161072852398E-7,1.546710979546733
10,20,1.0715193052376064,6.059542836333611E-7,1.5467109798174237
10,20,1.096478196143185,6.200687788011227E-7,1.5467109800208467
10,20,1.1220184543019633,6.345120448397178E-7,1.5467109802945036
10,20,1.1481536214968828,6.49291741972382E-7,1.5467109807100028
10,20,1.1748975549395295,6.644157028894703E-7,1.5467109811523543
10,20,1.202264434617413,6.798919436866814E-7,1.546710981463113
10,20,1.2302687708123816,6.957286766442392E-7,1.546710981890798
10,20,1.2589254117941673,7.119342925750489E-7,1.5467109822760288
10,20,1.288249551693134,7.285173872569237E-7,1.5467109826567718
10,20,1.318256738556407,7.454867529918178E-7,1.5467109831420316
10,20,1.3489628825916535,7.628513894208884E-7,1.54671098362244
10,20,1.3803842646028848,7.806205010755454E-7,1.5467109841581783
10,20,1.4125375446227544,7.988035091213665E-7,1.546710984688321
10,20,1.4454397707459274,8.174100545874257E-7,1.5467109852141467
10,20,1.4791083881682074,8.364500083134264E-7,1.5467109858869597
10,20,1.5135612484362082,8.559334565848242E-7,1.5467109864864723
10,20,1.5488166189124815,8.758707397973009E-7,1.5467109872095588
10,20,1.5848931924611136,8.962724166969339E-7,1.5467109878131546
10,20,1.62181009735893,9.17149318546688E-7,1.5467109886144519
10,20,1.6595869074375607,9.385125090965793E-7,1.546710989447701
10,20,1.6982436524617444,9.603733101596874E-7,1.5467109902145304
10,20,1.7378008287493754,9.827433239773636E-7,1.5467109911778048
10,20,1.7782794100389228,1.0056344059970329E-6,1.5467109921709115
10,20,1.8197008586099834,1.02905869028053E-6,1.5467109931344167
10,20,1.8620871366628675,1.053028602398967E-6,1.54671099424104
10,20,1.9054607179632472,1.0775568466386019E-6,1.5467109953131515
10,20,1.9498445997580451,1.102656432339666E-6,1.5467109964682513
10,20,1.9952623149688795,1.1283406655320272E-6,1.5467109976555649
10,20,2.041737944669529,1.1546231590238497E-6,1.5467109987514462
10,20,2.0892961308540396,1.1815178563298378E-6,1.5467109999643653
10,20,2.137962089502232,1.2090390202295255E-6,1.5467110012491543
10,20,2.1877616239495525,1.237201237189776E-6,1.5467110025732043
10,20,2.23872113856834,1.2660194368286367E-6,1.5467110038709118
10,20,2.290867652767773,1.295508911442167E-6,1.5467110053482545
10,20,2.344228815319922,1.3256852890914715E-6,1.5467110068501102
10,20,2.3988329190194904,1.3565645648244833E-6,1.5467110083459727
10,20,2.4547089156850306,1.3881631276346308E-6,1.546711010033343
10,20,2.51188643150958,1.4204977222899885E-6,1.5467110117651133
10,20,2.570395782768864,1.453585495751179E-6,1.5467110136077526
10,20,2.6302679918953817,1.4874439982806615E-6,1.5467110156198156
10,20,2.6915348039269156,1.5220911715984038E-6,1.546711017650941
10,20,2.7542287033381663,1.5575453880253458E-6,1.5467110197317129
10,20,2.8183829312644537,1.5938254543333527E-6,1.546711021948404
10,20,2.884031503126606,1.6309506026098253E-6,1.546711024246909
10,20,2.951209226666386,1.6689405249161187E-6,1.5467110267235031
10,20,3.019951720402016,1.707815347697136E-6,1.5467110291564694
10,20,3.0902954325135905,1.747595707790027E-6,1.5467110318196986
10,20,3.1622776601683795,1.7883026875519E-6,1.546711034652217
10,20,3.2359365692962827,1.8299578591526349E-6,1.5467110374337145
10,20,3.311311214825911,1.8725833278972595E-6,1.54671104041058
10,20,3.3884415613920256,1.916201690245103E-6,1.5467110435388118
10,20,3.4673685045253166,1.9608360702480605E-6,1.546711046738169
10,20,3.548133892335755,2.0065101420366002E-6,1.5467110501206482
10,20,3.630780547701014,2.053248119734099E-6,1.546711053597553
10,20,3.715352290971726,2.101074780756953E-6,1.5467110571754448
10,20,3.8018939632056115,2.150015513663565E-6,1.5467110611030457
10,20,3.890451449942806,2.200096247797816E-6,1.5467110651739526
10,20,3.9810717055349722,2.2513435452393527E-6,1.5467110694501423
10,20,4.073802778041127,2.3037845930592823E-6,1.5467110740474954
10,20,4.168693834703354,2.3574471827048516E-6,1.5467110788260374
10,20,4.265795188015927,2.412359767825756E-6,1.5467110837756408
10,20,4.36515832240166,2.4685514787700875E-6,1.5467110890293236
10,20,4.466835921509632,2.5260521257869073E-6,1.5467110946346148
10,20,4.570881896148751,2.5848921677568774E-6,1.5467111003591334
10,20,4.677351412871983,2.645102844963072E-6,1.5467111065560564
10,20,4.786300923226384,2.7067160445018637E-6,1.5467111128739814
10,20,4.8977881936844625,2.769764465405337E-6,1.5467111195162508
10,20,5.011872336272724,2.834281521557306E-6,1.5467111263670925
10,20,5.1286138399136485,2.9003014287065048E-6,1.5467111334595935
10,20,5.248074602497725,2.9678592319295327E-6,1.5467111410616243
10,20,5.370317963702527,3.0369907158484854E-6,1.5467111488447152
10,20,5.495408738576246,3.1077325919670834E-6,1.5467111571678902
10,20,5.623413251903491,3.1801223246619257E-6,1.5467111657768728
10,20,5.7543993733715695,3.254198345198285E-6,1.5467111749147693
10,20,5.88843655355589,3.3299999188593456E-6,1.5467111844075023
10,20,6.025595860743578,3.4075672419329757E-6,1.5467111943473846
10,20,6.165950018614822,3.4869414587789415E-6,1.546711204759284
10,20,6.309573444801933,3.568164650255551E-6,1.5467112155657017
10,20,6.456542290346556,3.651279914427223E-6,1.5467112268669225
10,20,6.606934480075961,3.7363313500132736E-6,1.5467112388766295
10,20,6.760829753919819,3.823364055493178E-6,1.5467112514709853
10,20,6.918309709189364,3.91242415522078E-6,1.5467112645489987
10,20,7.079457843841379,4.003558913094256E-6,1.546711278244229
10,20,7.244359600749901,4.096816666243958E-6,1.5467112925936528
10,20,7.413102413009175,4.192246893219094E-6,1.5467113077025958
10,20,7.5857757502918375,4.289900211617809E-6,1.5467113235805618
10,20,7.762471166286917,4.389828363916439E-6,1.5467113399783166
10,20,7.943282347242816,4.492084402507001E-6,1.546711357203439
10,20,8.128305161640993,4.596722557328753E-6,1.5467113752379695
10,20,8.31763771102671,4.703798379001932E-6,1.546711394303331
10,20,8.511380382023766,4.81336860104488E-6,1.5467114141061347
10,20,8.709635899560807,4.925491387455648E-6,1.5467114348996918
10,20,8.912509381337456,5.0402261966085044E-6,1.5467114566521076
10,20,9.120108393559097,5.157633902982695E-6,1.546711479375877
10,20,9.33254300796991,5.277776822475635E-6,1.5467115032978038
10,20,9.549925860214358,5.400718658203653E-6,1.546711528226336
10,20,9.772372209558107,5.526524660467395E-6,1.5467115544014238
10,20,10,5.655261577007685E-6,1.546711581850273
10,20,10.232929922807541,5.7869976733768705E-6,1.5467116104875434
10,20,10.471285480508996,5.921802856493947E-6,1.5467116403651748
10,20,10.715193052376065,6.059748734075124E-6,1.5467116718506584
10,20,10.964781961431852,6.200908445422683E-6,1.546711704793876
10,20,11.220184543019636,6.345356906948666E-6,1.5467117392933085
10,20,11.481536214968829,6.493170751304512E-6,1.546711775362166
10,20,11.748975549395297,6.644428475677664E-6,1.5467118132231614
10,20,12.02264434617413,6.79921028713367E-6,1.546711852697377
10,20,12.302687708123818,6.9575984183529E-6,1.5467118942210802
10,20,12.589254117941675,7.119676865542045E-6,1.5467119375995553
10,20,12.882495516931343,7.285531716099797E-6,1.546711983060412
10,20,13.182567385564074,7.455250960634904E-6,1.5467120306626667
10,20,13.48962882591654,7.628924792585641E-6,1.546712080650445
10,20,13.803842646028853,7.806645240090183E-6,1.5467121327041868
10,20,14.125375446227547,7.988506825117497E-6,1.5467121874036343
10,20,14.454397707459272,8.174606026387656E-6,1.5467122446478758
10,20,14.791083881682072,8.365041688306169E-6,1.5467123046189908
10,20,15.13561248436208,8.559914902090047E-6,1.5467123673436356
10,20,15.488166189124811,8.759329220478252E-6,1.5467124331079631
10,20,15.848931924611133,8.963390526047483E-6,1.5467125019857868
10,20,16.218100973589298,9.17220712492237E-6,1.5467125739435748
10,20,16.595869074375607,9.385890048999408E-6,1.5467126494011336
10,20,16.982436524617444,9.604552860791898E-6,1.5467127285800866
10,20,17.378008287493753,9.828311659799332E-6,1.5467128115037874
10,20,17.78279410038923,1.005728521615305E-5,1.5467128981100486
10,20,18.197008586099834,1.0291595313925187E-5,1.5467129887773816
10,20,18.620871366628677,1.0531366563458872E-5,1.5467130839320833
10,20,19.054607179632473,1.0776726283932235E-5,1.5467131834647383
10,20,19.498445997580454,1.1027804945236242E-5,1.5467132877414262
10,20,19.952623149688797,1.1284736030776926E-5,1.5467133969095275
10,20,20.417379446695296,1.1547656032223084E-5,1.5467135110672712
10,20,20.892961308540396,1.1816704988907594E-5,1.5467136308408658
10,20,21.379620895022324,1.2092025843019799E-5,1.5467137561708428
10,20,21.87761623949553,1.2373765150385126E-5,1.546713887571359
10,20,22.3872113856834,1.2662072637998936E-5,1.5467140250212492
10,20,22.908676527677734,1.2957101882786112E-5,1.5467141690970334
10,20,23.442288153199225,1.3259009680350227E-5,1.5467143197764943
10,20,23.98832919019491,1.3567956945168125E-5,1.5467144777202917
10,20,24.547089156850312,1.388410817491244E-5,1.5467146433105956
10,20,25.11886431509581,1.4207631428751863E-5,1.5467148164710316
10,20,25.703957827688633,1.4538699123927536E-5,1.5467149977500316
10,20,26.302679918953814,1.4877487908418564E-5,1.5467151879508556
10,20,26.915348039269155,1.5224177787844E-5,1.546715386771376
10,20,27.542287033381662,1.5578953936882945E-5,1.54671559518746
10,20,28.183829312644534,1.5942005202385974E-5,1.54671581332979
10,20,28.84031503126606,1.631352529188266E-5,1.5467160418250883
10,20,29.512092266663856,1.6693712261100886E-5,1.54671628103123
10,20,30.19951720402016,1.7082769248284283E-5,1.5467165318026976
10,20,30.902954325135905,1.7480903450159853E-5,1.546716794299469
10,20,31.622776601683793,1.788832767436743E-5,1.5467170692872287
10,20,32.359365692962825,1.8305259483228414E-5,1.5467173575118582
10,20,33.11311214825911,1.873192123368894E-5,1.5467176589835074
10,20,33.884415613920254,1.916854098047144E-5,1.546717974654817
10,20,34.673685045253166,1.9615351896117488E-5,1.5467183048687758
10,20,35.48133892335755,2.007259347348085E-5,1.546718650951795
10,20,36.30780547701014,2.0540510109814547E-5,1.5467190134745494
10,20,37.15352290971726,2.1019352540249085E-5,1.5467193934974879
10,20,38.018939632056124,2.1509376949188765E-5,1.5467197916411797
10,20,38.90451449942807,2.2010845427685135E-5,1.5467202083239309
10,20,39.810717055349734,2.252402757279816E-5,1.5467206453233149
10,20,40.73802778041128,2.3049197680439535E-5,1.546721102723087
10,20,41.68693834703355,2.3586637763800278E-5,1.5467215817430382
10,20,42.657951880159274,2.4136636779217904E-5,1.546722083862
10,20,43.65158322401661,2.469948956291284E-5,1.5467226096206441
10,20,44.668359215096324,2.5275498932871046E-5,1.5467231604576988
10,20,45.708818961487516,2.586497482879762E-5,1.546723737672964
10,20,46.77351412871981,2.646823372754368E-5,1.5467243419021304
10,20,47.86300923226383,2.7085601583651494E-5,1.546724975349725
10,20,48.97788193684461,2.77174101770128E-5,1.5467256386298032
10,20,50.11872336272722,2.8364001133161132E-5,1.5467263338157744
10,20,51.28613839913648,2.9025722596330506E-5,1.5467270617718079
10,20,52.48074602497726,2.9702933152882678E-5,1.5467278248488796
10,20,53.70317963702527,3.0395998096419705E-5,1.546728624060296
10,20,54.954087385762456,3.1105292816602746E-5,1.5467294613325606
10,20,56.23413251903491,3.1831201949708306E-5,1.5467303387441682
10,20,57.543993733715695,3.2574119045321835E-5,1.5467312580796129
10,20,58.8843655355589,3.333444766391527E-5,1.5467322214850603
10,20,60.25595860743578,3.411260137913313E-5,1.5467332311580975
10,20,61.65950018614822,3.490900320219181E-5,1.5467342890731186
10,20,63.09573444801933,3.5724087115381205E-5,1.5467353975042546
10,20,64.56542290346556,3.65582981909906E-5,1.5467365591479305
10,20,66.06934480075961,3.741209263391304E-5,1.5467377767738113
10,20,67.60829753919819,3.828593778024864E-5,1.5467390530057787
10,20,69.18309709189366,3.9180311822233806E-5,1.5467403903989445
10,20,70.79457843841381,4.009570663287653E-5,1.54674179234113
10,20,72.44359600749902,4.1032624969107515E-5,1.5467432616838015
10,20,74.13102413009177,4.199158419487295E-5,1.5467448022677461
10,20,75.8577575029184,4.2973112468319986E-5,1.5467464170309322
10,20,77.6247116628692,4.397775365258496E-5,1.5467481100744769
10,20,79.43282347242817,4.500606371920656E-5,1.5467498849117771
10,20,81.28305161640995,4.6058614572709155E-5,1.5467517458732707
10,20,83.17637711026708,4.7135998237912634E-5,1.5467536998236213
10,20,85.11380382023764,4.8238805917987315E-5,1.546755746860695
10,20,87.09635899560806,4.936765871180348E-5,1.5467578934065136
10,20,89.12509381337455,5.0523190126494806E-5,1.5467601446473327
10,20,91.20108393559097,5.17060501514931E-5,1.5467625056008885
10,20,93.3254300796991,5.291690604513143E-5,1.5467649818349398
10,20,95.49925860214358,5.415644432367196E-5,1.5467675795155387
10,20,97.72372209558107,5.542536984612887E-5,1.546770305132208
10,20,100,5.6724404275725514E-5,1.5467731644878795
10,20,102.32929922807547,5.805429160148355E-5,1.5467761647703646
10,20,104.71285480508996,5.941579629586848E-5,1.546779313440348
10,20,107.1519305237607,6.080970247201534E-5,1.5467826178056558
10,20,109.64781961431851,6.22368199491206E-5,1.5467860866439551
10,20,112.2018454301963,6.369797633280296E-5,1.5467897276326248
10,20,114.81536214968828,6.51940282136781E-5,1.546793550509791
10,20,117.48975549395291,6.672585391787041E-5,1.5467975645008567
10,20,120.22644346174131,6.829435955410254E-5,1.5468017800366085
10,20,123.02687708123811,6.990047644680812E-5,1.5468062075674882
10,20,125.89254117941675,7.15451647266133E-5,1.5468108583402926
10,20,128.82495516931337,7.322941500488357E-5,1.54681574470993
10,20,131.82567385564073,7.495424824600173E-5,1.5468208796294873
10,20,134.89628825916532,7.672071466826624E-5,1.5468262760240064
10,20,138.03842646028852,7.852990216828026E-5,1.5468319486970916
10,20,141.2537544622754,8.038293056182701E-5,1.5468379126738445
10,20,144.5439770745928,8.228095877917029E-5,1.546844184316113
10,20,147.91083881682073,8.422518459019445E-5,1.5468507811061616
10,20,151.35612484362088,8.621684318102789E-5,1.5468577207225296
10,20,154.88166189124811,8.825721687480692E-5,1.5468650231574559
10,20,158.48931924611142,9.034763304729008E-5,1.5468727093652967
10,20,162.18100973589299,9.248946565077113E-5,1.5468808015511888
10,20,165.95869074375614,9.468413932708862E-5,1.5468893232764673
10,20,169.82436524617444,9.693313415309003E-5,1.5468982999910534
10,20,173.78008287493762,9.923798550174649E-5,1.5469077585237243
10,20,177.82794100389228,1.016002936703899E-4,1.5469177283947892
10,20,181.97008586099844,1.0402172067093212E-4,1.5469282403502764
10,20,186.20871366628674,1.0650400126780549E-4,1.5469393281063804
10,20,190.54607179632484,1.0904894163178477E-4,1.5469510270220694
10,20,194.98445997580455,1.1165843202895347E-4,1.5469633759891763
10,20,199.52623149688807,1.1433444992674523E-4,1.546976416652347
10,20,204.17379446695296,1.1707906051394282E-4,1.5469901930653092
10,20,208.92961308540387,1.1989443928539701E-4,1.5470047541730063
10,20,213.79620895022325,1.2278286400076258E-4,1.5470201514493305
10,20,218.77616239495518,1.2574673871116514E-4,1.5470364418164049
10,20,223.872113856834,1.2878859478101338E-4,1.5470536860393704
10,20,229.08676527677724,1.3191111047085254E-4,1.547071950668208
10,20,234.42288153199226,1.351171194492003E-4,1.5470913075994353
10,20,239.88329190194898,1.3840963465097683E-4,1.5471118358158749
10,20,245.4708915685031,1.4179185523587127E-4,1.5471336202157506
10,20,251.18864315095797,1.4526720344607927E-4,1.5471567550049163
10,20,257.03957827688646,1.4883933597693565E-4,1.5471813422879201
10,20,263.02679918953817,1.5251218241805478E-4,1.547207494867256
10,20,269.1534803926917,1.562899733011221E-4,1.5472353361525761
10,20,275.4228703338166,1.601772838507224E-4,1.54726500280679
10,20,281.8382931264455,1.6417907616027465E-4,1.5472966451177577
10,20,288.40315031266056,1.683007547385222E-4,1.5473304297750092
10,20,295.1209226666387,1.7254823351033877E-4,1.5473665416050746
10,20,301.9951720402016,1.7692802119829794E-4,1.5474051875015793
10,20,309.0295432513592,1.8144729072221163E-4,1.547446596494855
10,20,316.22776601683796,1.8611402185630106E-4,1.5474910265024562
10,20,323.5936569296284,1.9093704710482792E-4,1.5475387599463928
10,20,331.1311214825911,1.9592650765760345E-4,1.5475901364712397
10,20,338.84415613920277,2.0109364777394766E-4,1.547645518264481
10,20,346.73685045253166,2.06451330403778E-4,1.5477053228769238
10,20,354.81338923357566,2.120143244805735E-4,1.547770028133297
10,20,363.0780547701014,2.1779968258532848E-4,1.5478401790848773
10,20,371.5352290971724,2.238272718392458E-4,1.5479164020085896
10,20,380.1893963205613,2.3012046994621625E-4,1.547999420424342
10,20,389.04514499428046,2.3670701123951286E-4,1.5480900716880248
10,20,398.1071705534973,2.4362019251938097E-4,1.5481893320290487
10,20,407.3802778041126,2.509003998456452E-4,1.5482983421298468
10,20,416.8693834703355,2.585972957623473E-4,1.548418445070167
10,20,426.57951880159254,2.66772720308141E-4,1.5485512247197992
10,20,436.5158322401661,2.7550491521735273E-4,1.5486985595265603
10,20,446.683592150963,2.8489454535403174E-4,1.5488626834760852
10,20,457.0881896148752,2.9507358587954987E-4,1.54904625459038
10,20,467.73514128719813,3.062118940005676E-4,1.5492520923036293
10,20,478.6300923226385,3.185645471699109E-4,1.5494845241074464
10,20,489.77881936844614,3.324707366842936E-4,1.5497475795657427
10,20,501.18723362727246,3.484337913895591E-4,1.5500458947858382
10,20,512.8613839913648,3.6722364419860675E-4,1.5503838584389342
10,20,524.8074602497728,3.900799262512767E-4,1.5507636225369814
10,20,537.0317963702527,4.191367250595107E-4,1.551179490270632
10,20,549.5408738576248,4.5840928831160247E-4,1.5516011037095863
10,20,562.341325190349,5.164577941233563E-4,1.5519177462324474
10,20,575.4399373371573,6.153652075594972E-4,1.5517162269459055
10,20,588.843655355589,8.348870231795367E-4,1.5490334962010384
10,20,602.5595860743581,0.0018544307254811678,1.5235632839418713
10,20,616.5950018614822,0.0014436411747794004,-1.4995619452238695
10,20,630.9573444801937,2.4331104158445624E-4,-1.499067157740981
10,20,645.6542290346556,1.42017821010667E-5,-0.6141663203865584
10,20,660.6934480075957,9.620989044694891E-5,1.4641163923738352
10,20,676.0829753919819,1.5696668187109624E-4,1.508070547480613
10,20,691.8309709189363,1.9864522885914993E-4,1.521661481089812
10,20,707.945784384138,2.3012899115572614E-4,1.5281463542235578
10,20,724.4359600749899,2.555837914100433E-4,1.531903624652834
10,20,741.3102413009177,2.772154926915816E-4,1.5343396410196133
10,20,758.5775750291835,2.963015443748899E-4,1.5360400003631487
10,20,776.247116628692,3.1363376853176764E-4,1.5372905460337911
10,20,794.3282347242813,3.29729866692382E-4,1.5382468250469672
10,20,812.8305161640995,3.4494333875703946E-4,1.5390004910062212
10,20,831.7637711026708,3.5952446461439346E-4,1.5396089437462879
10,20,851.1380382023768,3.7365601304867075E-4,1.5401099082961243
10,20,870.9635899560806,3.8747512949464154E-4,1.5405291728843795
10,20,891.2509381337459,4.0108723697840365E-4,1.5408849485237415
10,20,912.0108393559096,4.1457518582432883E-4,1.5411904549153719
10,20,933.2543007969915,4.280054233185347E-4,1.5414555167578385
10,20,954.992586021436,4.414322872053586E-4,1.5416875873878262
10,20,977.2372209558112,4.5490102363251783E-4,1.5418924228200668
10,20,1000,4.684499970679981E-4,1.5420745409402479
10,20,1023.2929922807547,4.8211229347079094E-4,1.5422375383221605
10,20,1047.1285480508996,4.959169450862726E-4,1.5423843165325508
10,20,1071.519305237607,5.098898579557149E-4,1.5425172448342765
10,20,1096.4781961431852,5.240545395194554E-4,1.5426382802193557
10,20,1122.018454301964,5.384327424449271E-4,1.5427490604071865
10,20,1148.1536214968828,5.530447729640605E-4,1.5428509631339196
10,20,1174.8975549395302,5.679099620530135E-4,1.5429451604428968
10,20,1202.2644346174131,5.830472773797882E-4,1.5430326766575762
10,20,1230.268770812381,5.984753814471907E-4,1.5431144036387472
10,20,1258.9254117941675,6.142130774197277E-4,1.543191134327291
10,20,1288.2495516931335,6.302796914123606E-4,1.5432635864928828
10,20,1318.2567385564075,6.466955190520305E-4,1.5433324242279889
10,20,1348.9628825916532,6.634823793205892E-4,1.5433982785319351
10,20,1380.3842646028852,6.806643531625191E-4,1.5434617691462196
10,20,1412.537544622754,6.982688075259346E-4,1.543523529355503
10,20,1445.439770745928,7.163278903945145E-4,1.543584237355515
10,20,1479.1083881682073,7.348808098913004E-4,1.5436446591899278
10,20,1513.5612484362086,7.539774629458849E-4,1.5437057121768378
10,20,1548.816618912481,7.736845045856283E-4,1.5437685650408521
10,20,1584.893192461114,7.940960571157755E-4,1.5438348059821867
10,20,1621.8100973589299,8.153538931729275E-4,1.543906743905865
10,20,1659.5869074375614,8.376886400169735E-4,1.5439879876586236
10,20,1698.2436524617442,8.615130655455514E-4,1.5440846572042382
10,20,1737.8008287493763,8.876651414093278E-4,1.5442081875200144
10,20,1778.2794100389228,9.181841637867129E-4,1.5443826217231709
10,20,1819.7008586099844,9.597725030598073E-4,1.5446645526146483
10,20,1862.0871366628676,0.0010555623078652343,1.5450462717517117
10,20,1905.4607179632483,6.018209228207334E-4,1.516203265832454
10,20,1949.8445997580454,9.014183142229341E-4,1.5417483089587802
10,20,1995.262314968881,9.581636815843259E-4,1.5428999956703542
10,20,2041.7379446695295,9.956756794325592E-4,1.5432999561542904
10,20,2089.2961308540407,0.0010279824006783997,1.5435160222828888
10,20,2137.9620895022326,0.0010584940217857556,1.543661112234347
10,20,2187.761623949552,0.0010884823428587128,1.5437726082352743
10,20,2238.72113856834,0.0011185620247800715,1.5438667200354312
10,20,2290.8676527677726,0.0011490995861443034,1.543951918788694
10,20,2344.228815319923,0.0011803652302146497,1.544033441415312
10,20,2398.83291901949,0.0012126028594376369,1.544115099728889
10,20,2454.708915685031,0.0012460773882842138,1.5442001967895456
10,20,2511.88643150958,0.0012811218884460364,1.5442920996096476
10,20,2570.3957827688646,0.0013182052476211792,1.544394720029101
10,20,2630.2679918953813,0.001358052700418618,1.54451301464557
10,20,2691.5348039269165,0.0014018941005664312,1.5446534828203644
10,20,2754.2287033381663,0.0014520472713372052,1.5448240481143019
10,20,2818.382931264455,0.0015135330841045882,1.5450292135803718
10,20,2884.031503126606,0.0015997564336417847,1.545230110192648
10,20,2951.209226666387,0.00176285627703314,1.544925791075371
10,20,3019.9517204020162,0.002599944284312587,1.527553345841017
10,20,3090.295432513592,8.47445214633863E-4,1.4924361985386463
10,20,3162.2776601683795,0.00130370163761827,1.5356910507801778
10,20,3235.9365692962842,0.0014411010930346392,1.5398504897231866
10,20,3311.311214825911,0.0015243937476831244,1.5412704154776307
10,20,3388.4415613920273,0.0015893241429250989,1.5419742080678684
10,20,3467.368504525317,0.0016462239398699321,1.5423947243525784
10,20,3548.1338923357566,0.0016992024502675118,1.542676315390886
10,20,3630.780547701014,0.0017502300107022234,1.5428801222747572
10,20,3715.3522909717276,0.0018003796098855019,1.5430363097451627
10,20,3801.8939632056126,0.0018502943419507621,1.5431614398223839
10,20,3890.4514499428046,0.0019003909430997628,1.5432653625328587
10,20,3981.0717055349733,0.001950958425653708,1.5433543158389211
10,20,4073.802778041126,0.0020022100335420627,1.5434324595873758
10,20,4168.693834703355,0.002054312557115758,1.543502693761054
10,20,4265.795188015925,0.002107403910946927,1.543567122582246
10,20,4365.158322401661,0.002161604314963259,1.543627331827406
10,20,4466.835921509631,0.002217023873986471,1.5436845623564304
10,20,4570.881896148751,0.0022737681245972277,1.543739823618128
10,20,4677.351412871981,0.002331942495224389,1.543793971358383
10,20,4786.300923226385,0.0023916563189096875,1.543847763708527
10,20,4897.7881936844615,0.002453026903953317,1.5439019043857964
10,20,5011.872336272725,0.002516184152850936,1.543957078810841
10,20,5128.613839913648,0.0025812763148805023,1.5440139874182863
10,20,5248.074602497728,0.0026484776885250523,1.5440733797776376
10,20,5370.317963702527,0.0027179995404108368,1.5441360931639367
10,20,5495.408738576249,0.0027901063463972122,1.5442030997220564
10,20,5623.413251903491,0.0028651410675239004,1.544275567374679
10,20,5754.399373371572,0.0029435663625953477,1.544354940559922
10,20,5888.43655355589,0.0030260353605396375,1.5444430459270486
10,20,6025.5958607435805,0.0031135207689866,1.5445422172370171
10,20,6165.9500186148225,0.0032075684046749525,1.5446553809087877
10,20,6309.573444801937,0.003310843571389294,1.5447858089694597
10,20,6456.542290346556,0.0034284625278072503,1.5449351382282788
10,20,6606.9344800759645,0.0035718475291403136,1.545092081670069
10,20,6760.829753919819,0.0037732849354999193,1.5451578010279468
10,20,6918.309709189362,0.004175796008035434,1.5441223621406617
10,20,7079.457843841381,0.008437247087310917,1.457140552882381
10,20,7244.359600749898,0.0027652077700664143,1.5252374055262001
10,20,7413.102413009177,0.0033686229498470044,1.5395367764852113
10,20,7585.775750291836,0.0036238268355260257,1.5419906252543516
10,20,7762.4711662869195,0.0038068800593989284,1.5429923575033107
10,20,7943.282347242814,0.003966749118984641,1.543573578763794
10,20,8128.305161640995,0.004119811395461353,1.5439896893068772
10,20,8317.63771102671,0.004274036697541738,1.5443341862162923
10,20,8511.380382023768,0.00443488717182575,1.5446513182614539
10,20,8709.635899560806,0.004607569267702713,1.5449672084247885
10,20,8912.509381337459,0.004798547853618603,1.5453008902741263
10,20,9120.108393559096,0.0050174659744511045,1.545668660478744
10,20,9332.543007969914,0.005280812932432452,1.5460842815779832
10,20,9549.92586021436,0.005620747431555436,1.546550195180306
10,20,9772.372209558112,0.006111222738526448,1.547009176066031
10,20,10000,0.006971516412033744,1.5470502655206593
10,20,10232.929922807536,0.009278936374209004,1.542946792698269
10,20,10471.285480509006,0.1394882052415702,0.5965872304611767
10,20,10715.193052376071,6.871900647204408E-4,1.1670741722542741
10,20,10964.78196143185,0.0030947604958249837,1.5131255820662057
10,20,11220.18454301963,0.004043979317518289,1.529906627580599
10,20,11481.53621496884,0.004680646818749869,1.5356164100394938
10,20,11748.975549395303,0.005395322475652382,1.5387001095504063
10,20,12022.644346174131,0.011085686996296569,1.4968979861916747
10,20,12302.68770812381,0.0041931014829768585,1.5274137305215112
10,20,12589.254117941662,0.004956339184324235,1.535809031939183
10,20,12882.495516931349,0.005344423948525641,1.5380444073490283
10,20,13182.567385564074,0.005644914480389643,1.5391916602229594
10,20,13489.628825916532,0.0059221557216787395,1.5399966374044847
10,20,13803.842646028837,0.006214065957006978,1.5406395191045994
10,20,14125.375446227554,0.006587385598461669,1.5413039719887254
10,20,14454.39770745928,0.007755979863510588,1.5381349716627124
10,20,14791.083881682072,0.005687166517515363,1.530045905611754
10,20,15135.612484362071,0.006478494315152659,1.5385445303076133
10,20,15488.166189124828,0.00682551423059806,1.5399142502168155
10,20,15848.93192461114,0.007104718769825441,1.5405540210312616
10,20,16218.100973589299,0.0073677718820792555,1.5409812253942654
10,20,16595.869074375598,0.007633537310620778,1.5413250875205502
10,20,16982.43652461746,0.007916821628394103,1.5416367186202409
10,20,17378.00828749376,0.008241338302447167,1.5419371015361873
10,20,17782.794100389227,0.008671748429083167,1.5421707499033106
10,20,18197.008586099826,0.009538879900884282,1.541218258393815
10,20,18620.871366628693,0.009210195380609328,-0.7677241395528671
10,20,19054.607179632483,0.007729416820328693,1.5340093475252474
10,20,19498.445997580457,0.008513311922527158,1.5390289293579142
10,20,19952.62314968879,0.00897789916274287,1.5403568038611144
10,20,20417.379446695315,0.009385976506296124,1.5410252824201058
10,20,20892.96130854041,0.009822379036557288,1.5414579511143647
10,20,21379.620895022323,0.010419087675864636,1.5415744081318228
10,20,21877.616239495517,0.012143485911347885,1.5362299532726114
10,20,22387.211385683422,0.0077445299319272584,1.5128257427583267
10,20,22908.676527677748,0.009745340363670656,1.5377836056435206
10,20,23442.288153199228,0.010383065950119981,1.53998776377963
10,20,23988.329190194898,0.010849933396035042,1.5408180935026081
10,20,24547.089156850285,0.011278335263960531,1.541313588437326
10,20,25118.864315095823,0.011714475883037012,1.5416937154500772
10,20,25703.957827688646,0.012197717800109828,1.5420317437022326
10,20,26302.679918953814,0.012805461476327152,1.5423220933204667
10,20,26915.348039269138,0.013836510770981095,1.5420819688514709
10,20,27542.28703338169,0.02033182346059229,1.5087392391558059
10,20,28183.82931264455,0.010614287530016852,1.526327123381104
10,20,28840.31503126606,0.012445695350204391,1.538141955229034
10,20,29512.09226666384,0.013307020362490951,1.5402068996093725
10,20,30199.51720402019,0.014060525555201259,1.5411398909815324
10,20,30902.95432513592,0.015012119823171148,1.5415538979609773
10,20,31622.776601683792,0.01866355899051395,1.5275157729549473
10,20,32359.36569296281,0.014027165965821722,1.53448727740932
10,20,33113.11214825915,0.016176403246935155,1.5396441658169346
10,20,33884.415613920275,0.022769152819433237,1.5167033644924064
10,20,34673.685045253165,0.011868393747910065,1.51724694498773
10,20,35481.33892335753,0.014741255570525837,1.5364008204656414
10,20,36307.80547701017,0.016288689607251768,1.5393183076995904
10,20,37153.52290971728,0.009773190283459347,1.4334492767979228
10,20,38018.93963205613,0.016658830050731915,1.5387169503866664
10,20,38904.51449942805,0.019301718745215617,1.5373494231631795
10,20,39810.71705534977,0.014063313112583756,1.5199487754575276
10,20,40738.02778041131,0.01686137437600102,1.537119161097679
10,20,41686.93834703355,0.01788524555203203,1.5389433231334104
10,20,42657.95188015926,0.018776506179844648,1.53735981613196
10,20,43651.58322401656,0.019651155469767985,1.5400300402025981
10,20,44668.359215096345,0.02233193701483558,1.5325297725225866
10,20,45708.818961487515,0.019017701607992064,1.535642884353117
10,20,46773.51412871981,0.020449706049902993,1.5394937903869932
10,20,47863.0092322638,0.021472282996164653,1.5400316425106828
10,20,48977.881936844664,0.0202911315548668,1.5198332210903964
10,50,1,1.471672835057272E-6,1.5475788539381872
10,50,1.023292992280754,1.5059534050053618E-6,1.5475788655231957
10,50,1.0471285480508996,1.541032333593018E-6,1.547578874004738
10,50,1.0715193052376064,1.5769286609701783E-6,1.5475788878369665
10,50,1.096478196143185,1.6136609974395396E-6,1.5475788982610679
10,50,1.1220184543019633,1.651249222699516E-6,1.547578913028161
10,50,1.1481536214968828,1.6897129087325657E-6,1.5475789264396849
10,50,1.1748975549395295,1.7290726257717053E-6,1.5475789405262048
10,50,1.202264434617413,1.76934944042966E-6,1.5475789572552443
10,50,1.2302687708123816,1.8105644314195394E-6,1.5475789738223131
10,50,1.2589254117941673,1.852739424489057E-6,1.5475789904100852
10,50,1.288249551693134,1.8958969633522448E-6,1.5475790070212319
10,50,1.318256738556407,1.9400600433441455E-6,1.5475790269733487
10,50,1.3489628825916535,1.985251697071697E-6,1.5475790449193758
10,50,1.3803842646028848,2.031496360996452E-6,1.5475790648942127
10,50,1.4125375446227544,2.0788182354397754E-6,1.5475790861825074
10,50,1.4454397707459274,2.127242940980832E-6,1.5475791122657325
10,50,1.4791083881682074,2.176795546740184E-6,1.5475791374279426
10,50,1.5135612484362082,2.227502887028429E-6,1.5475791648329322
10,50,1.5488166189124815,2.2793914463836825E-6,1.547579193070942
10,50,1.5848931924611136,2.3324887420251193E-6,1.5475792219917512
10,50,1.62181009735893,2.3868232683715958E-6,1.547579252894131
10,50,1.6595869074375607,2.4424238596193233E-6,1.5475792868159077
10,50,1.6982436524617444,2.4993198769982186E-6,1.5475793231408923
10,50,1.7378008287493754,2.557541243390749E-6,1.5475793589790772
10,50,1.7782794100389228,2.6171190004756016E-6,1.5475793955051151
10,50,1.8197008586099834,2.6780852780603147E-6,1.5475794364411197
10,50,1.8620871366628675,2.740471739729019E-6,1.5475794774334612
10,50,1.9054607179632472,2.804311717697445E-6,1.54757952064118
10,50,1.9498445997580451,2.869638695849358E-6,1.5475795621168773
10,50,1.9952623149688795,2.936487900537912E-6,1.5475796054851816
10,50,2.041737944669529,3.004895008524203E-6,1.5475796541199454
10,50,2.0892961308540396,3.0748956435807257E-6,1.547579701876627
10,50,2.137962089502232,3.1465273941198445E-6,1.5475797528086488
10,50,2.1877616239495525,3.2198284150836317E-6,1.5475798069307913
10,50,2.23872113856834,3.2948373937453286E-6,1.547579861429708
10,50,2.290867652767773,3.371593664639413E-6,1.5475799171270461
10,50,2.344228815319922,3.45013944654305E-6,1.547579980059023
10,50,2.3988329190194904,3.530515062660018E-6,1.5475800435096727
10,50,2.4547089156850306,3.6127638943938636E-6,1.547580110430868
10,50,2.51188643150958,3.6969295160970586E-6,1.5475801809102383
10,50,2.570395782768864,3.78305657388559E-6,1.5475802554371765
10,50,2.6302679918953817,3.871190716250326E-6,1.5475803319552408
10,50,2.6915348039269156,3.961379565603471E-6,1.5475804162889606
10,50,2.7542287033381663,4.053669713697029E-6,1.5475805005686383
10,50,2.8183829312644537,4.148110554141652E-6,1.547580587408541
10,50,2.884031503126606,4.244752483051927E-6,1.5475806789840756
10,50,2.951209226666386,4.34364745387323E-6,1.5475807762908909
10,50,3.019951720402016,4.444847035716036E-6,1.5475808765968675
10,50,3.0902954325135905,4.548405026024026E-6,1.5475809786844712
10,50,3.1622776601683795,4.654377327374308E-6,1.5475810873069966
10,50,3.2359365692962827,4.762821975278943E-6,1.5475812104047098
10,50,3.311311214825911,4.873791526455241E-6,1.5475813252615085
10,50,3.3884415613920256,4.98734945318624E-6,1.5475814524166183
10,50,3.4673685045253166,5.1035541885026615E-6,1.5475815829073252
10,50,3.548133892335755,5.22246932395895E-6,1.5475817237703242
10,50,3.630780547701014,5.344155462723874E-6,1.5475818654103775
10,50,3.715352290971726,5.468679482099094E-6,1.5475820156757363
10,50,3.8018939632056115,5.59610797305072E-6,1.5475821763406146
10,50,3.890451449942806,5.7265074514068335E-6,1.5475823427627686
10,50,3.9810717055349722,5.859948403548503E-6,1.547582518478017
10,50,4.073802778041127,5.996501880277965E-6,1.5475827038999417
10,50,4.168693834703354,6.136239282101797E-6,1.5475828955840305
10,50,4.265795188015927,6.279236301715621E-6,1.5475830969108657
10,50,4.36515832240166,6.4255688362602746E-6,1.5475833072463212
10,50,4.466835921509632,6.575314792394531E-6,1.5475835283895936
10,50,4.570881896148751,6.7285551411183306E-6,1.547583762391953
10,50,4.677351412871983,6.88537009542237E-6,1.5475840047529408
10,50,4.786300923226384,7.04584428659397E-6,1.547584261034304
10,50,4.8977881936844625,7.210062322578422E-6,1.5475845265165764
10,50,5.011872336272724,7.3781131013765634E-6,1.5475848042108094
10,50,5.1286138399136485,7.5500853771880326E-6,1.5475850963579882
10,50,5.248074602497725,7.72607038406587E-6,1.5475853976384073
10,50,5.370317963702527,7.906165150235496E-6,1.5475857183659651
10,50,5.495408738576246,8.090463643046157E-6,1.5475860528531409
10,50,5.623413251903491,8.279064294951377E-6,1.5475864009123157
10,50,5.7543993733715695,8.472071554419514E-6,1.5475867723538492
10,50,5.88843655355589,8.669584464387576E-6,1.5475871561062313
10,50,6.025595860743578,8.871710203251377E-6,1.547587558887081
10,50,6.165950018614822,9.078558275018589E-6,1.5475879823936052
10,50,6.309573444801933,9.290238452877304E-6,1.5475884248375222
10,50,6.456542290346556,9.50686535643792E-6,1.5475888900770216
10,50,6.606934480075961,9.728553038609134E-6,1.547589373433536
10,50,6.760829753919819,9.955420969438848E-6,1.5475898782808633
10,50,6.918309709189364,1.018759300491155E-5,1.5475904095733286
10,50,7.079457843841379,1.042519491776459E-5,1.5475909686184273
10,50,7.244359600749901,1.0668352767022765E-5,1.547591553295283
10,50,7.413102413009175,1.0917197237062988E-5,1.547592164814833
10,50,7.5857757502918375,1.1171864688212154E-5,1.5475928092929943
10,50,7.762471166286917,1.1432487501522991E-5,1.5475934768894164
10,50,7.943282347242816,1.1699213779278159E-5,1.5475941840433727
10,50,8.128305161640993,1.1972180258003043E-5,1.5475949188928229
10,50,8.31763771102671,1.2251539260557919E-5,1.547595691707462
10,50,8.511380382023766,1.2537442789338898E-5,1.5475965028156191
10,50,8.709635899560807,1.2830042030795759E-5,1.547597350140407
10,50,8.912509381337456,1.3129495878998434E-5,1.5475982358867852
10,50,9.120108393559097,1.3435968608944927E-5,1.5475991634874524
10,50,9.33254300796991,1.3749627882129927E-5,1.5476001374097668
10,50,9.549925860214358,1.4070646982312862E-5,1.5476011619316954
10,50,9.772372209558107,1.4399194837197617E-5,1.5476022312690163
10,50,10,1.4735455844023742E-5,1.5476033556880184
10,50,10.232929922807541,1.5079605547020976E-5,1.5476045261277662
10,50,10.471285480508996,1.5431842600115188E-5,1.5476057576318933
10,50,10.715193052376065,1.5792358742364337E-5,1.5476070520048768
10,50,10.964781961431852,1.6161343196128905E-5,1.5476084016526008
10,50,11.220184543019636,1.653900856600716E-5,1.5476098191328298
10,50,11.481536214968829,1.692556064113235E-5,1.5476113073287854
10,50,11.748975549395297,1.7321209697718163E-5,1.5476128640647748
10,50,12.02264434617413,1.7726175512969446E-5,1.5476144931410944
10,50,12.302687708123818,1.814069109681949E-5,1.547616209557053
10,50,12.589254117941675,1.8564973616528278E-5,1.547618002780542
10,50,12.882495516931343,1.899926581758842E-5,1.547619882142688
10,50,13.182567385564074,1.9443815409315376E-5,1.5476218574962406
10,50,13.48962882591654,1.9898863510782574E-5,1.5476239272094419
10,50,13.803842646028853,2.036466730702576E-5,1.5476260964335136
10,50,14.125375446227547,2.084148821903317E-5,1.5476283676188058
10,50,14.454397707459272,2.1329602047360755E-5,1.5476307556632038
10,50,14.791083881682072,2.1829286758255146E-5,1.5476332651819222
10,50,15.13561248436208,2.234080247737978E-5,1.5476358811878494
10,50,15.488166189124811,2.2864474795791496E-5,1.5476386388969563
10,50,15.848931924611133,2.340057709509689E-5,1.547641524110927
10,50,16.218100973589298,2.3949432297208932E-5,1.547644554645921
10,50,16.595869074375607,2.4511353280516985E-5,1.5476477336464887
10,50,16.982436524617444,2.5086664551655167E-5,1.547651069588619
10,50,17.378008287493753,2.567570440879972E-5,1.5476545720626167
10,50,17.78279410038923,2.6278810000831702E-5,1.54765824537439
10,50,18.197008586099834,2.6896349448091555E-5,1.5476621072535626
10,50,18.620871366628677,2.752867423589606E-5,1.5476661558473532
10,50,19.054607179632473,2.8176169034169074E-5,1.5476704113247888
10,50,19.498445997580454,2.883921267111416E-5,1.5476748749293747
10,50,19.952623149688797,2.95182085160444E-5,1.5476795638356409
10,50,20.417379446695296,3.021357434925112E-5,1.5476844921238346
10,50,20.892961308540396,3.0925727595439417E-5,1.5476896696997477
10,50,21.379620895022324,3.165510472398239E-5,1.5476951064910323
10,50,21.87761623949553,3.240217042038024E-5,1.5477008291232455
10,50,22.3872113856834,3.316737758083382E-5,1.5477068389490702
10,50,22.908676527677734,3.395120414589964E-5,1.5477131533318365
10,50,23.442288153199225,3.4754158869136243E-5,1.5477197936804954
10,50,23.98832919019491,3.557676042756062E-5,1.5477267815040243
10,50,24.547089156850312,3.6419531636023695E-5,1.5477341284492632
10,50,25.11886431509581,3.7283046292772406E-5,1.547741868716156
10,50,25.703957827688633,3.816786191805088E-5,1.5477500104468815
10,50,26.302679918953814,3.9074565552117865E-5,1.5477585772287017
10,50,26.915348039269155,4.0003787323038555E-5,1.5477675993349542
10,50,27.542287033381662,4.095618346532638E-5,1.5477771115480967
10,50,28.183829312644534,4.193237714177112E-5,1.5477871191464743
10,50,28.84031503126606,4.29331294527159E-5,1.5477976841976457
10,50,29.512092266663856,4.395909601663138E-5,1.547808807876236
10,50,30.19951720402016,4.5011083723633264E-5,1.547820548747341
10,50,30.902954325135905,4.608985144013761E-5,1.547832928498682
10,50,31.622776601683793,4.719623512455096E-5,1.5478459936159026
10,50,32.359365692962825,4.833112992230432E-5,1.5478597964294796
10,50,33.11311214825911,4.949541402556016E-5,1.5478743727996314
10,50,33.884415613920254,5.068993822556701E-5,1.5478897377452931
10,50,34.673685045253166,5.191586427858653E-5,1.547906002025918
10,50,35.48133892335755,5.317421047997371E-5,1.547923206723207
10,50,36.30780547701014,5.446613804222874E-5,1.5479414332569457
10,50,37.15352290971726,5.5792806432323836E-5,1.5479607378944118
10,50,38.018939632056124,5.71554615302162E-5,1.5479811921505442
10,50,38.90451449942807,5.8555488642876864E-5,1.5480028916298139
10,50,39.810717055349734,5.9994260471106233E-5,1.5480259058854529
10,50,40.73802778041128,6.147335479091031E-5,1.5480503486842154
10,50,41.68693834703355,6.29943853131182E-5,1.548076316550654
10,50,42.657951880159274,6.455913236994776E-5,1.548103930562261
10,50,43.65158322401661,6.616951263330482E-5,1.5481333246981068
10,50,44.668359215096324,6.782761248528294E-5,1.548164638992273
10,50,45.708818961487516,6.953567336127196E-5,1.5481980328888902
10,50,46.77351412871981,7.129619115131624E-5,1.548233684724232
10,50,47.86300923226383,7.311175002838701E-5,1.548271760145617
10,50,48.97788193684461,7.498545955052258E-5,1.5483125062646372
10,50,50.11872336272722,7.692057749139839E-5,1.5483561505702677
10,50,51.28613839913648,7.892079103462209E-5,1.5484029647139088
10,50,52.48074602497726,8.099015526487855E-5,1.5484532378024227
10,50,53.70317963702527,8.313335754227617E-5,1.5485073207890923
10,50,54.954087385762456,8.535566379460712E-5,1.5485655979075674
10,50,56.23413251903491,8.766296873787894E-5,1.548628482084377
10,50,57.543993733715695,9.006233968049791E-5,1.54869650286427
10,50,58.8843655355589,9.256154475092846E-5,1.5487701813721342
10,50,60.25595860743578,9.517002661459338E-5,1.548850188192079
10,50,61.65950018614822,9.789878067231608E-5,1.5489372668492576
10,50,63.09573444801933,1.0076074882626909E-4,1.5490322608788565
10,50,64.56542290346556,1.0377175950801336E-4,1.5491361877239342
10,50,66.06934480075961,1.0695084189440242E-4,1.5492501982751172
10,50,67.60829753919819,1.1032143382166017E-4,1.549375653268523
10,50,69.18309709189366,1.13912893788764E-4,1.5495141620287431
10,50,70.79457843841381,1.1776261995642672E-4,1.5496676499138544
10,50,72.44359600749902,1.2191811761319106E-4,1.5498383068111916
10,50,74.13102413009177,1.2644239162540674E-4,1.5500287984781003
10,50,75.8577575029184,1.3142001636509828E-4,1.5502422723819385
10,50,77.6247116628692,1.3696704284750177E-4,1.5504823347865024
10,50,79.43282347242817,1.4324804065597683E-4,1.5507530842864958
10,50,81.28305161640995,1.5050447661907055E-4,1.5510588537899939
10,50,83.17637711026708,1.591114980088954E-4,1.5514037683537947
10,50,85.11380382023764,1.6966205590182684E-4,1.5517885250242431
10,50,87.09635899560806,1.8318687316397288E-4,1.5522053625748045
10,50,89.12509381337455,2.0163917073589085E-4,1.5526202322476055
10,50,91.20108393559097,2.2920108909052156E-4,1.5529145084539349
10,50,93.3254300796991,2.7677801143035437E-4,1.5526564811314174
10,50,95.49925860214358,3.8450337762516835E-4,1.549815888055422
10,50,97.72372209558107,9.192191977003295E-4,1.5224864115706274
10,50,100,6.344154155437033E-4,-1.510726689083724
10,50,102.32929922807547,1.2589534704208918E-4,-1.5149355803167774
10,50,104.71285480508996,2.039416496490503E-5,-1.3390085777728
10,50,107.1519305237607,2.7855396046802026E-5,1.4219698506956944
10,50,109.64781961431851,5.55563130845064E-5,1.4993491249823319
10,50,112.2018454301963,7.453138828031501E-5,1.5179989100000615
10,50,114.81536214968828,8.879252984005689E-5,1.526216594570587
10,50,117.48975549395291,1.0024963166868049E-4,1.5307915239979175
10,50,120.22644346174131,1.0991939994651742E-4,1.533686906933815
10,50,123.02687708123811,1.183928713716283E-4,1.5356753942189125
10,50,125.89254117941675,1.2603764637303006E-4,1.5371209681544842
10,50,128.82495516931337,1.330934600426839E-4,1.538216565182052
10,50,131.82567385564073,1.3972507925902832E-4,1.5390740577281334
10,50,134.89628825916532,1.4604855579752912E-4,1.5397623679057126
10,50,138.03842646028852,1.5214895153419923E-4,1.540326368002406
10,50,141.2537544622754,1.5808998185357044E-4,1.5407964357896973
10,50,144.5439770745928,1.639205408250657E-4,1.541193854568814
10,50,147.91083881682073,1.6967906499430464E-4,1.5415339939519361
10,50,151.35612484362088,1.7539620592243898E-4,1.541828191019147
10,50,154.88166189124811,1.810970068976796E-4,1.5420850173526142
10,50,158.48931924611142,1.868022263644046E-4,1.5423110588030076
10,50,162.18100973589299,1.925293717752872E-4,1.542511463747771
10,50,165.95869074375614,1.982934809927526E-4,1.5426903182764284
10,50,169.82436524617444,2.0410765798819974E-4,1.5428509059299136
10,50,173.78008287493762,2.0998349017656694E-4,1.5429958950890525
10,50,177.82794100389228,2.1593144139670398E-4,1.5431274877638002
10,50,181.97008586099844,2.2196102527002952E-4,1.543247506738181
10,50,186.20871366628674,2.2808115374496293E-4,1.5433574943608843
10,50,190.54607179632484,2.3430018023983776E-4,1.5434587523367795
10,50,194.98445997580455,2.406261638272024E-4,1.5435524041700102
10,50,199.52623149688807,2.470669711801099E-4,1.5436394240642783
10,50,204.17379446695296,2.536304506934239E-4,1.5437206725896844
10,50,208.92961308540387,2.603245572776398E-4,1.543796918920678
10,50,213.79620895022325,2.671575647733096E-4,1.5438688665965077
10,50,218.77616239495518,2.741382676603586E-4,1.5439371734081382
10,50,223.872113856834,2.812762879546331E-4,1.5440024751012207
10,50,229.08676527677724,2.885824918172549E-4,1.5440654104445695
10,50,234.42288153199226,2.9606959241419337E-4,1.5441266518606442
10,50,239.88329190194898,3.0375310782615103E-4,1.5441869496028924
10,50,245.4708915685031,3.116529346560594E-4,1.5442471982354684
10,50,251.18864315095797,3.197959979680022E-4,1.544308540831069
10,50,257.03957827688646,3.282212267667795E-4,1.5443725559827906
10,50,263.02679918953817,3.3698928161468654E-4,1.5444416056159251
10,50,269.1534803926917,3.462037979108419E-4,1.5445195478889362
10,50,275.4228703338166,3.5606376414982295E-4,1.5446133521552086
10,50,281.8382931264455,3.6701796988269816E-4,1.5447372652350864
10,50,288.40315031266056,3.803637834873433E-4,1.5449252033284417
10,50,295.1209226666387,4.021651395966749E-4,1.5452610605138772
10,50,301.9951720402016,7.328198777644871E-4,1.5174758231276584
10,50,309.0295432513592,3.6347639629502083E-4,1.5422054037590933
10,50,316.22776601683796,3.8952139530760695E-4,1.5436135005010208
10,50,323.5936569296284,4.0469708405115306E-4,1.5439928782912857
10,50,331.1311214825911,4.1753734108282295E-4,1.544182797437242
10,50,338.84415613920277,4.296486894161649E-4,1.544306681236362
10,50,346.73685045253166,4.4156602129383915E-4,1.5444008330941215
10,50,354.81338923357566,4.5352984454956335E-4,1.5444799655690307
10,50,363.0780547701014,4.6567615188886584E-4,1.5445514404695861
10,50,371.5352290971724,4.7809975370539535E-4,1.5446196300941628
10,50,380.1893963205613,4.908822219333492E-4,1.5446876284888968
10,50,389.04514499428046,5.041075591519339E-4,1.5447580351845893
10,50,398.1071705534973,5.178757544546991E-4,1.544833426647557
10,50,407.3802778041126,5.323196580533015E-4,1.5449167343589028
10,50,416.8693834703355,5.476314472573411E-4,1.5450116358756951
10,50,426.57951880159254,5.641120787287093E-4,1.5451230699165317
10,50,436.5158322401661,5.822729481583918E-4,1.5452578754838686
10,50,446.683592150963,6.030737864482362E-4,1.5454252425220218
10,50,457.0881896148752,6.28569651251288E-4,1.5456341501270654
10,50,467.73514128719813,6.64071377814543E-4,1.545865686786731
10,50,478.6300923226385,7.297669842432619E-4,1.5457838224451024
10,50,489.77881936844614,0.0010204680532665553,1.5355704377919963
10,50,501.18723362727246,2.914907265577818E-4,1.4714496396818368
10,50,512.8613839913648,5.269648492040308E-4,1.535755089918746
10,50,524.8074602497728,5.895807844805457E-4,1.5402921928970024
10,50,537.0317963702527,6.258983017493531E-4,1.5417680208220728
10,50,549.5408738576248,6.535270715674121E-4,1.5424821989845823
10,50,562.341325190349,6.773766421586362E-4,1.5429010326915944
10,50,575.4399373371573,6.993611972497123E-4,1.5431763734497987
10,50,588.843655355589,7.203853913135699E-4,1.5433716624280707
10,50,602.5595860743581,7.409353836542503E-4,1.5435179065620837
10,50,616.5950018614822,7.61298349208023E-4,1.543632004784157
10,50,630.9573444801937,7.816570349233895E-4,1.543723937359336
10,50,645.6542290346556,8.021352193613724E-4,1.5437999769153812
10,50,660.6934480075957,8.228214547437522E-4,1.5438642675930734
10,50,676.0829753919819,8.437823189172948E-4,1.5439196630057639
10,50,691.8309709189363,8.65070242323023E-4,1.5439681991509322
10,50,707.945784384138,8.867283711396456E-4,1.5440113755363023
10,50,724.4359600749899,9.087937232552633E-4,1.544050329513444
10,50,741.3102413009177,9.312993454965482E-4,1.5440859488358074
10,50,758.5775750291835,9.542758810326642E-4,1.5441189474287875
10,50,776.247116628692,9.777527801933007E-4,1.5441499178995488
10,50,794.3282347242813,0.0010017593439791627,1.5441793701916304
10,50,812.8305161640995,0.0010263257182836774,1.5442077613409886
10,50,831.7637711026708,0.0010514839681477395,1.544235520465721
10,50,851.1380382023768,0.0010772693708142643,1.5442630716973007
10,50,870.9635899560806,0.001103722120953245,1.5442908578147145
10,50,891.2509381337459,0.0011308897500171653,1.5443193674847053
10,50,912.0108393559096,0.0011588307547478428,1.5443491695185139
10,50,933.2543007969915,0.0011876203748781911,1.5443809558764074
10,50,954.992586021436,0.0012173597435266325,1.5444156422195887
10,50,977.2372209558112,0.0012481936030647215,1.5444543848185597
10,50,1000,0.0012803402484350872,1.544498835211914
10,50,1023.2929922807547,0.0013141555356144005,1.5445512878760785
10,50,1047.1285480508996,0.0013502736164394972,1.5446149104075946
10,50,1071.519305237607,0.0013899668711665513,1.5446933737823483
10,50,1096.4781961431852,0.0014362600673790318,1.544785597617228
10,50,1122.018454301964,0.0014986375427297055,1.5448347884811136
10,50,1148.1536214968828,0.0016304404578867022,1.5438119659490355
10,50,1174.8975549395302,4.3509474706252883E-4,1.0076784393509588
10,50,1202.2644346174131,0.0013781944737930227,1.539581828379335
10,50,1230.268770812381,0.001478936671415577,1.5424134177913507
10,50,1258.9254117941675,0.0015392517428778794,1.5431604591658807
10,50,1288.2495516931335,0.0015890780866377509,1.5434952111071492
10,50,1318.2567385564075,0.0016350741729254045,1.543685057790784
10,50,1348.9628825916532,0.0016795774738435306,1.543808405144786
10,50,1380.3842646028852,0.001723631733962842,1.5438960856272463
10,50,1412.537544622754,0.0017677829644246106,1.5439625956372023
10,50,1445.439770745928,0.0018123531977595874,1.5440156391823925
10,50,1479.1083881682073,0.0018575527264776477,1.5440597031926053
10,50,1513.5612484362086,0.001903532585346553,1.5440976031491966
10,50,1548.816618912481,0.0019504121749519953,1.5441312291683633
10,50,1584.893192461114,0.001998296020207762,1.5441619424320372
10,50,1621.8100973589299,0.0020472864497586398,1.5441908095322496
10,50,1659.5869074375614,0.00209749688700979,1.5442187646020227
10,50,1698.2436524617442,0.0021490716744812888,1.5442467547884509
10,50,1737.8008287493763,0.002202225032030553,1.5442759236841879
10,50,1778.2794100389228,0.002257335679971056,1.5443079205410652
10,50,1819.7008586099844,0.0023152328908153446,1.5443454803463126
10,50,1862.0871366628676,0.0023783792200386318,1.5443927108747277
10,50,1905.4607179632483,0.002459904726165244,1.5444201843554426
10,50,1949.8445997580454,0.0020451109852925044,1.5176083209613696
10,50,1995.262314968881,0.0024926276089961533,1.5438961511514648
10,50,2041.7379446695295,0.002572528867788492,1.5441712581715206
10,50,2089.2961308540407,0.002642407157653058,1.54426840181119
10,50,2137.9620895022326,0.002711218603385224,1.5443305127378
10,50,2187.761623949552,0.0027813437529800745,1.5443839116478908
10,50,2238.72113856834,0.0028545731101720633,1.5444393505802696
10,50,2290.8676527677726,0.002934625171280096,1.5445029722582184
10,50,2344.228815319923,0.003039820626235572,1.54450228246924
10,50,2398.83291901949,0.002339147094348685,1.4702864883818585
10,50,2454.708915685031,0.0030634154053355467,1.5435983357947427
10,50,2511.88643150958,0.003166217926929898,1.544082448040703
10,50,2570.3957827688646,0.0032533722383278653,1.5442322821602985
10,50,2630.2679918953813,0.003337861792591499,1.544313516886364
10,50,2691.5348039269165,0.0034225253841573813,1.5443705368985032
10,50,2754.2287033381663,0.0035084025020770083,1.544416879545425
10,50,2818.382931264455,0.0035960120310647085,1.5444581271449234
10,50,2884.031503126606,0.0036856856404534344,1.544497098306393
10,50,2951.209226666387,0.003777686539187996,1.5445354774399123
10,50,3019.9517204020162,0.0038722663893667863,1.5445744515942055
10,50,3090.295432513592,0.003969706580671748,1.5446150123485836
10,50,3162.2776601683795,0.004070367572561062,1.5446581337293779
10,50,3235.9365692962842,0.004174775299734103,1.5447048989762713
10,50,3311.311214825911,0.004283812681056521,1.5447565491815283
10,50,3388.4415613920273,0.00439923522484304,1.5448140498821965
10,50,3467.368504525317,0.004525440806877692,1.5448739414504997
10,50,3548.1338923357566,0.004678555141420396,1.5448819008128163
10,50,3630.780547701014,0.005016609674050994,1.5428063454247236
10,50,3715.3522909717276,0.004552618845360062,1.540942423656182
10,50,3801.8939632056126,0.004843980919197177,1.544127596175948
10,50,3890.4514499428046,0.005007903525225179,1.5445636270107324
10,50,3981.0717055349733,0.00515575529934984,1.5447582242383302
10,50,4073.802778041126,0.005301435225174293,1.544890725658623
10,50,4168.693834703355,0.005449162680665975,1.5450020866715692
10,50,4265.795188015925,0.005600935536679679,1.545106961723438
10,50,4365.158322401661,0.0057580882094379685,1.5452123734367411
10,50,4466.835921509631,0.005921790204295389,1.5453226335974266
10,50,4570.881896148751,0.006093280453411898,1.5454410621968677
10,50,4677.351412871981,0.006274047199793811,1.5455707436682096
10,50,4786.300923226385,0.006466061444488678,1.5457149284890819
10,50,4897.7881936844615,0.006672246559496019,1.5458771111491674
10,50,5011.872336272725,0.006897957955803451,1.5460590653772424
10,50,5128.613839913648,0.007160664298823006,1.546220103857237
10,50,5248.074602497728,0.006872368469667143,1.5273775637500115
10,50,5370.317963702527,0.007628399943131694,1.5465437721008193
10,50,5495.408738576249,0.007992784576400482,1.5470109114955535
10,50,5623.413251903491,0.008417016162639693,1.5473980093150312
10,50,5754.399373371572,0.008958349767939425,1.547944515907829
10,50,5888.43655355589,0.009723866183623803,1.5484871324642961
10,50,6025.5958607435805,0.011226482328199483,1.5470820101692497
10,50,6165.9500186148225,0.013471910297894612,1.5481874456554012
10,50,6309.573444801937,0.026230327194232926,1.5279816069319467
10,50,6456.542290346556,0.009512404260133037,-1.4664727445974286
10,50,6606.9344800759645,0.002140126350976859,1.4253861151220364
10,50,6760.829753919819,0.004677825744127138,1.5155445370499845
10,50,6918.309709189362,0.005901773242723005,1.5287636982447494
10,50,7079.457843841381,0.006686521865518729,1.533833114807486
10,50,7244.359600749898,0.007276728634042514,1.5364890765431238
10,50,7413.102413009177,0.007770954950480252,1.5381236410379868
10,50,7585.775750291836,0.008290655271390205,1.53783809561686
10,50,7762.4711662869195,0.008569697896565327,1.5399602150868712
10,50,7943.282347242814,0.00897451662292161,1.5407352283661506
10,50,8128.305161640995,0.009374563998700305,1.5413364424074467
10,50,8317.63771102671,0.009793528588101676,1.5418774431412163
10,50,8511.380382023768,0.010259034578740537,1.5424051170859523
10,50,8709.635899560806,0.01082685597967629,1.5429514969919267
10,50,8912.509381337459,0.011657555979030407,1.543469188085353
10,50,9120.108393559096,0.013555243636953927,1.5426590307575239
10,50,9332.543007969914,0.09658152514110029,-0.6334946189656439
10,50,9549.92586021436,0.00804097600799965,1.5229479064941343
10,50,9772.372209558112,0.009866111475120386,1.5359199060239437
10,50,10000,0.010705426878043775,1.5387082438864206
10,50,10232.929922807536,0.011324063399769713,1.5400704267722856
10,50,10471.285480509006,0.011857386851055541,1.5408624617165225
10,50,10715.193052376071,0.012368031913430114,1.541444509058033
10,50,10964.78196143185,0.012891947199378324,1.5419376177058688
10,50,11220.18454301963,0.013468646059235282,1.5424071679310873
10,50,11481.53621496884,0.014183926692816746,1.5428854163134509
10,50,11748.975549395303,0.012651059129367453,1.5086835628386794
10,50,12022.644346174131,0.016522706485302508,1.5434482303793378
10,50,12302.68770812381,0.02624226516693887,1.5229204272810102
10,50,12589.254117941662,0.008701430389730393,1.5009460290011774
10,50,12882.495516931349,0.012528895123153454,1.5338741989255622
10,50,13182.567385564074,0.013798074943124078,1.5377085100135692
10,50,13489.628825916532,0.014665868295871423,1.5394583442645808
10,50,13803.842646028837,0.01537525429742531,1.5403399629081442
10,50,14125.375446227554,0.016044893371793878,1.540949741523079
10,50,14454.39770745928,0.016741999487548728,1.5414471022323029
10,50,14791.083881682072,0.01756567676251909,1.5418974074572707
10,50,15135.612484362071,0.018852995421122766,1.5417710879256348
10,50,15488.166189124828,0.0256252334487952,1.5248664955527538
10,50,15848.93192461114,0.015162650274401057,1.529015750115291
10,50,16218.100973589299,0.017220053140892626,1.5376724860999564
10,50,16595.869074375598,0.018388781708024906,1.5400732476419021
10,50,16982.43652461746,0.01923981485814159,1.5408927734660658
10,50,17378.00828749376,0.020046461378745103,1.5414216535723801
10,50,17782.794100389227,0.020917883087820634,1.5418599110788893
10,50,18197.008586099826,0.022033534120521264,1.542246704181771
10,50,18620.871366628693,0.024296630700349098,1.5409825663187187
10,50,19054.607179632483,0.008970538420299764,1.2704061062232312
10,50,19498.445997580457,0.018612946096947896,1.5271549354223914
10,50,19952.62314968879,0.021574225629207338,1.5388340671309524
10,50,20417.379446695315,0.022829076637251193,1.5403586733275183
10,50,20892.96130854041,0.02295127888241157,1.5087925594229847
10,50,21379.620895022323,0.024818053387309632,1.5415444016942663
10,50,21877.616239495517,0.025985663808340557,1.5419586659650366
10,50,22387.211385683422,0.02792046933313186,1.5417858225306618
10,50,22908.676527677748,0.01729504900146781,1.4475135446804581
10,50,23442.288153199228,0.026636453108908845,1.5397662804779335
10,50,23988.329190194898,0.02845809625441644,1.5414565506330415
10,50,24547.089156850285,0.03059947372130192,1.5423533989815694
10,50,25118.864315095823,0.034716547521643534,1.5417364030184133
10,50,25703.957827688646,0.16429496258391452,1.0867552532207383
10,50,26302.679918953814,0.02401820991852468,1.5245523111811852
10,50,26915.348039269138,0.018013653944336724,1.4240116900695063
10,50,27542.28703338169,0.02819004092946283,1.536147506548392
10,50,28183.82931264455,0.029981035722476217,1.5385950241841595
10,50,28840.31503126606,0.03158252667507492,1.5397168212942758
10,50,29512.09226666384,0.03316301263676482,1.54040398793674
10,50,30199.51720402019,0.035374541129999666,1.5405181826764582
10,50,30902.95432513592,0.028105173789269158,1.498400888410503
10,50,31622.776601683792,0.03284254238469278,1.5341790949344682
10,50,32359.36569296281,0.03857494179716663,1.5356706257392019
10,50,33113.11214825915,0.03363229620473084,1.5276197954704909
10,50,33884.415613920275,0.03734866622499668,1.5396033851494295
10,50,34673.685045253165,0.03985987002273806,1.5364040440999491
10,50,35481.33892335753,0.05093601405234969,1.5198746689114606
10,50,36307.80547701017,0.03782323372563058,1.5362729445547914
10,50,37153.52290971728,0.040915864436000704,1.539664058510449
10,50,38018.93963205613,0.04332159289720078,1.5404787529281063
10,50,38904.51449942805,0.048927931685577394,1.5359528872038068
10,50,39810.71705534977,0.044448411310776245,1.5360470269533966
10,50,40738.02778041131,0.038108465720922725,1.4991252946248255
10,50,41686.93834703355,0.04397286773384951,1.5379406172140364
10,50,42657.95188015926,0.046562967870609505,1.5396189751598408
10,50,43651.58322401656,0.04877378753396715,1.5403222101870329
10,50,44668.359215096345,0.05161717257387305,1.5403420933076777
10,50,45708.818961487515,0.056166762486031314,1.5358599429829107
10,50,46773.51412871981,0.046294911753310956,1.5312956929781327
10,50,47863.0092322638,0.051682076485105956,1.5390341544987687
10,50,48977.881936844664,0.05435790667708723,1.5400966485268806
20,1,1,4.8475388730268496E-8,1.5421513441031678
20,1,1.023292992280754,4.9604525585774526E-8,1.5421513441031696
20,1,1.0471285480508996,5.07599634173401E-8,1.542151344103171
20,1,1.0715193052376064,5.1942314853398046E-8,1.5421513441031727
20,1,1.096478196143185,5.315220679232984E-8,1.542151344103175
20,1,1.1220184543019633,5.439028073485787E-8,1.5421513441031776
20,1,1.1481536214968828,5.5657193124170363E-8,1.5421513441031793
20,1,1.1748975549395295,5.6953615693990334E-8,1.5421513441031822
20,1,1.202264434617413,5.828023582472241E-8,1.542151344103185
20,1,1.2302687708123816,5.963775690791877E-8,1.5421513441031882
20,1,1.2589254117941673,6.10268987192303E-8,1.5421513441031918
20,1,1.288249551693134,6.244839780002883E-8,1.542151344103195
20,1,1.318256738556407,6.390300784794184E-8,1.5421513441031978
20,1,1.3489628825916535,6.539150011647426E-8,1.5421513441032006
20,1,1.3803842646028848,6.691466382392971E-8,1.5421513441032044
20,1,1.4125375446227544,6.847330657186351E-8,1.5421513441032073
20,1,1.4454397707459274,7.006825477329281E-8,1.5421513441032102
20,1,1.4791083881682074,7.170035409087077E-8,1.5421513441032142
20,1,1.5135612484362082,7.337046988525561E-8,1.5421513441032182
20,1,1.5488166189124815,7.507948767395156E-8,1.5421513441032229
20,1,1.5848931924611136,7.682831360080991E-8,1.5421513441032286
20,1,1.62181009735893,7.861787491648111E-8,1.542151344103233
20,1,1.6595869074375607,8.044912047006921E-8,1.542151344103239
20,1,1.6982436524617444,8.232302121222944E-8,1.5421513441032513
20,1,1.7378008287493754,8.424057070989493E-8,1.5421513441032588
20,1,1.7782794100389228,8.620278567321726E-8,1.5421513441032682
20,1,1.8197008586099834,8.821070649451628E-8,1.5421513441032737
20,1,1.8620871366628675,9.02653978000161E-8,1.542151344103282
20,1,1.9054607179632472,9.236794901423188E-8,1.5421513441032886
20,1,1.9498445997580451,9.451947493765612E-8,1.5421513441032964
20,1,1.9952623149688795,9.672111633780908E-8,1.5421513441033043
20,1,2.041737944669529,9.897404055410286E-8,1.5421513441033123
20,1,2.0892961308540396,1.0127944211678115E-7,1.5421513441033212
20,1,2.137962089502232,1.0363854338026827E-7,1.542151344103331
20,1,2.1877616239495525,1.0605259517127554E-7,1.54215134410334
20,1,2.23872113856834,1.0852287745202063E-7,1.5421513441033496
20,1,2.290867652767773,1.1105069999887222E-7,1.5421513441033605
20,1,2.344228815319922,1.1363740309679443E-7,1.542151344103371
20,1,2.3988329190194904,1.1628435825005686E-7,1.5421513441033894
20,1,2.4547089156850306,1.1899296890924896E-7,1.5421513441034025
20,1,2.51188643150958,1.217646712156378E-7,1.5421513441034185
20,1,2.570395782768864,1.246009347624361E-7,1.542151344103432
20,1,2.6302679918953817,1.27503263374146E-7,1.5421513441034458
20,1,2.6915348039269156,1.304731959038043E-7,1.5421513441034593
20,1,2.7542287033381663,1.3351230704896124E-7,1.542151344103474
20,1,2.8183829312644537,1.366222081865842E-7,1.5421513441034913
20,1,2.884031503126606,1.3980454822739905E-7,1.5421513441035075
20,1,2.951209226666386,1.430610144902854E-7,1.542151344103532
20,1,3.019951720402016,1.4639333359666086E-7,1.542151344103551
20,1,3.0902954325135905,1.4980327238627536E-7,1.5421513441035712
20,1,3.1622776601683795,1.532926388537819E-7,1.5421513441035894
20,1,3.2359365692962827,1.5686328310750086E-7,1.5421513441036094
20,1,3.311311214825911,1.605170983502702E-7,1.5421513441036305
20,1,3.3884415613920256,1.6425602188330267E-7,1.5421513441036525
20,1,3.4673685045253166,1.6808203613333983E-7,1.542151344103675
20,1,3.548133892335755,1.7199716970377337E-7,1.542151344103697
20,1,3.630780547701014,1.7600349845029007E-7,1.5421513441037236
20,1,3.715352290971726,1.8010314658136965E-7,1.5421513441037487
20,1,3.8018939632056115,1.8429828778481945E-7,1.5421513441037833
20,1,3.890451449942806,1.8859114637990484E-7,1.5421513441038126
20,1,3.9810717055349722,1.9298399849716919E-7,1.5421513441038472
20,1,4.073802778041127,1.9747917328487215E-7,1.5421513441038788
20,1,4.168693834703354,2.0207905414430543E-7,1.5421513441039187
20,1,4.265795188015927,2.0678607999307416E-7,1.5421513441039554
20,1,4.36515832240166,2.1160274655866108E-7,1.5421513441039956
20,1,4.466835921509632,2.165316077013576E-7,1.5421513441040329
20,1,4.570881896148751,2.2157527676875458E-7,1.542151344104082
20,1,4.677351412871983,2.2673642798082237E-7,1.5421513441041308
20,1,4.786300923226384,2.3201779784819744E-7,1.5421513441041745
20,1,4.8977881936844625,2.3742218662318417E-7,1.5421513441042212
20,1,5.011872336272724,2.4295245978424283E-7,1.5421513441042707
20,1,5.1286138399136485,2.486115495554973E-7,1.5421513441043293
20,1,5.248074602497725,2.5440245646106403E-7,1.5421513441043826
20,1,5.370317963702527,2.603282509166628E-7,1.5421513441044472
20,1,5.495408738576246,2.6639207485675387E-7,1.5421513441045078
20,1,5.623413251903491,2.7259714340125185E-7,1.5421513441045789
20,1,5.7543993733715695,2.7894674655938823E-7,1.542151344104642
20,1,5.88843655355589,2.854442509749916E-7,1.5421513441047114
20,1,6.025595860743578,2.920931017108486E-7,1.5421513441047814
20,1,6.165950018614822,2.9889682407572356E-7,1.542151344104859
20,1,6.309573444801933,3.058590254932134E-7,1.542151344104939
20,1,6.456542290346556,3.129833974148337E-7,1.5421513441050312
20,1,6.606934480075961,3.202737172767343E-7,1.542151344105127
20,1,6.760829753919819,3.27733850502849E-7,1.5421513441052157
20,1,6.918309709189364,3.353677525547762E-7,1.54215134410531
20,1,7.079457843841379,3.4317947102846366E-7,1.5421513441054122
20,1,7.244359600749901,3.5117314780046156E-7,1.5421513441055217
20,1,7.413102413009175,3.593530212240388E-7,1.5421513441056398
20,1,7.5857757502918375,3.6772342837615744E-7,1.5421513441057537
20,1,7.762471166286917,3.76288807357646E-7,1.542151344105874
20,1,7.943282347242816,3.850536996459043E-7,1.542151344106003
20,1,8.128305161640993,3.940227525028492E-7,1.5421513441061407
20,1,8.31763771102671,4.0320072143901726E-7,1.5421513441062853
20,1,8.511380382023766,4.125924727350183E-7,1.542151344106436
20,1,8.709635899560807,4.2220298602169393E-7,1.5421513441065922
20,1,8.912509381337456,4.320373569205103E-7,1.5421513441067571
20,1,9.120108393559097,4.4210079974484584E-7,1.5421513441069197
20,1,9.33254300796991,4.52398650265927E-7,1.5421513441071069
20,1,9.549925860214358,4.6293636853986073E-7,1.5421513441072934
20,1,9.772372209558107,4.737195418045814E-7,1.5421513441074883
20,1,10,4.847538874414692E-7,1.542151344107698
20,1,10.232929922807541,4.960452560063359E-7,1.5421513441079082
20,1,10.471285480508996,5.07599634332859E-7,1.5421513441081423
20,1,10.715193052376065,5.19423148704757E-7,1.5421513441083752
20,1,10.964781961431852,5.315220681062037E-7,1.5421513441086194
20,1,11.220184543019636,5.439028075446579E-7,1.5421513441088817
20,1,11.481536214968829,5.565719314517301E-7,1.5421513441091497
20,1,11.748975549395297,5.695361571649562E-7,1.5421513441094343
20,1,12.02264434617413,5.828023584884059E-7,1.5421513441097336
20,1,12.302687708123818,5.963775693372953E-7,1.5421513441100339
20,1,12.589254117941675,6.102689874693288E-7,1.5421513441103747
20,1,12.882495516931343,6.244839782968798E-7,1.542151344110709
20,1,13.182567385564074,6.390300787972974E-7,1.5421513441110681
20,1,13.48962882591654,6.539150015055077E-7,1.5421513441114465
20,1,13.803842646028853,6.691466386043405E-7,1.5421513441118364
20,1,14.125375446227547,6.847330661098252E-7,1.5421513441122467
20,1,14.454397707459272,7.006825481521011E-7,1.5421513441126753
20,1,14.791083881682072,7.170035413578081E-7,1.5421513441131247
20,1,15.13561248436208,7.337046993338539E-7,1.5421513441135974
20,1,15.488166189124811,7.507948772553387E-7,1.5421513441140942
20,1,15.848931924611133,7.682831365606497E-7,1.542151344114608
20,1,16.218100973589298,7.861787497567895E-7,1.542151344115147
20,1,16.595869074375607,8.04491205334969E-7,1.5421513441157133
20,1,16.982436524617444,8.232302128017012E-7,1.5421513441163075
20,1,17.378008287493753,8.424057078268104E-7,1.542151344116928
20,1,17.78279410038923,8.620278575121269E-7,1.5421513441175827
20,1,18.197008586099834,8.821070657811462E-7,1.5421513441182688
20,1,18.620871366628677,9.026539788954102E-7,1.542151344118972
20,1,19.054607179632473,9.23679491101756E-7,1.5421513441197212
20,1,19.498445997580454,9.4519475040452E-7,1.5421513441205017
20,1,19.952623149688797,9.672111644797407E-7,1.5421513441213242
20,1,20.417379446695296,9.897404067214832E-7,1.542151344122182
20,1,20.892961308540396,1.0127944224324628E-6,1.5421513441230756
20,1,21.379620895022324,1.036385435158383E-6,1.542151344124027
20,1,21.87761623949553,1.060525953164981E-6,1.5421513441250037
20,1,22.3872113856834,1.0852287760763253E-6,1.5421513441260346
20,1,22.908676527677734,1.1105070016561002E-6,1.5421513441271144
20,1,23.442288153199225,1.1363740327549256E-6,1.5421513441282506
20,1,23.98832919019491,1.1628435844146028E-6,1.5421513441294283
20,1,24.547089156850312,1.1899296911433053E-6,1.5421513441306673
20,1,25.11886431509581,1.2176467143539696E-6,1.5421513441319705
20,1,25.703957827688633,1.2460093499788458E-6,1.5421513441333248
20,1,26.302679918953814,1.2750326362641816E-6,1.5421513441347454
20,1,26.915348039269155,1.3047319617415674E-6,1.5421513441362398
20,1,27.542287033381662,1.3351230733866516E-6,1.5421513441378019
20,1,28.183829312644534,1.3662220849696886E-6,1.5421513441394306
20,1,28.84031503126606,1.3980454856001342E-6,1.5421513441411456
20,1,29.512092266663856,1.4306101484668578E-6,1.542151344142943
20,1,30.19951720402016,1.4639333397853397E-6,1.5421513441448178
20,1,30.902954325135905,1.4980327279543308E-6,1.5421513441467796
20,1,31.622776601683793,1.5329263929223191E-6,1.542151344148838
20,1,32.359365692962825,1.5686328357730483E-6,1.54215134415099
20,1,33.11311214825911,1.6051709885368265E-6,1.5421513441532442
20,1,33.884415613920254,1.642560224228154E-6,1.5421513441556158
20,1,34.673685045253166,1.6808203671140828E-6,1.542151344158084
20,1,35.48133892335755,1.7199717032312262E-6,1.5421513441606647
20,1,36.30780547701014,1.760034991138273E-6,1.542151344163366
20,1,37.15352290971726,1.8010314729219077E-6,1.5421513441661854
20,1,38.018939632056124,1.8429828854651249E-6,1.5421513441691668
20,1,38.90451449942807,1.8859114719599058E-6,1.5421513441722692
20,1,39.810717055349734,1.929839993716588E-6,1.5421513441755337
20,1,40.73802778041128,1.974791742218962E-6,1.5421513441789434
20,1,41.68693834703355,2.020790551481827E-6,1.5421513441825052
20,1,42.657951880159274,2.067860810688387E-6,1.5421513441862542
20,1,43.65158322401661,2.116027477114175E-6,1.5421513441901789
20,1,44.668359215096324,2.165316089365339E-6,1.5421513441942747
20,1,45.708818961487516,2.2157527809220905E-6,1.542151344198572
20,1,46.77351412871981,2.2673642939882885E-6,1.5421513442030654
20,1,47.86300923226383,2.3201779936761503E-6,1.5421513442077717
20,1,48.97788193684461,2.3742218825133477E-6,1.5421513442127064
20,1,50.11872336272722,2.42952461528929E-6,1.542151344217876
20,1,51.28613839913648,2.4861155142484534E-6,1.5421513442232802
20,1,52.48074602497726,2.5440245846408443E-6,1.5421513442289374
20,1,53.70317963702527,2.603282530629581E-6,1.5421513442348733
20,1,54.954087385762456,2.6639207715649427E-6,1.5421513442410764
20,1,56.23413251903491,2.725971458654108E-6,1.54215134424758
20,1,57.543993733715695,2.7894674919984825E-6,1.5421513442543875
20,1,58.8843655355589,2.8544425380435604E-6,1.542151344261518
20,1,60.25595860743578,2.9209310474264645E-6,1.5421513442689834
20,1,61.65950018614822,2.988968273244741E-6,1.5421513442768073
20,1,63.09573444801933,3.0585902897425274E-6,1.5421513442849866
20,1,64.56542290346556,3.129834011446746E-6,1.5421513442935548
20,1,66.06934480075961,3.2027372127337988E-6,1.5421513443025383
20,1,67.60829753919819,3.2773385478530034E-6,1.542151344311929
20,1,69.18309709189366,3.3536775714357246E-6,1.5421513443217696
20,1,70.79457843841381,3.4317947594543595E-6,1.5421513443320722
20,1,72.44359600749902,3.511731530690562E-6,1.5421513443428614
20,1,74.13102413009177,3.593530268693722E-6,1.5421513443541606
20,1,75.8577575029184,3.677234344253421E-6,1.542151344365993
20,1,77.6247116628692,3.7628881383947033E-6,1.542151344378378
20,1,79.43282347242817,3.85053706591461E-6,1.5421513443913577
20,1,81.28305161640995,3.940227599451922E-6,1.5421513444049457
20,1,83.17637711026708,4.0320072941339025E-6,1.5421513444191617
20,1,85.11380382023764,4.125924812798592E-6,1.5421513444340638
20,1,87.09635899560806,4.222029951778819E-6,1.5421513444496684
20,1,89.12509381337455,4.3203736673163495E-6,1.542151344466005
20,1,91.20108393559097,4.421008102584755E-6,1.5421513444831314
20,1,93.3254300796991,4.523986615314728E-6,1.5421513445010482
20,1,95.49925860214358,4.62936380611093E-6,1.5421513445197994
20,1,97.72372209558107,4.737195547392534E-6,1.54215134453944
20,1,100,4.847539013011392E-6,1.5421513445600024
20,1,102.32929922807547,4.960452708573187E-6,1.5421513445815318
20,1,104.71285480508996,5.075996502458385E-6,1.542151344604081
20,1,107.1519305237607,5.194231657560156E-6,1.5421513446276947
20,1,109.64781961431851,5.315220863769696E-6,1.5421513446524138
20,1,112.2018454301963,5.439028271221743E-6,1.5421513446783062
20,1,114.81536214968828,5.565719524296506E-6,1.5421513447054176
20,1,117.48975549395291,5.6953617964316815E-6,1.5421513447338024
20,1,120.22644346174131,5.828023825740881E-6,1.5421513447635216
20,1,123.02687708123811,5.963775951461585E-6,1.5421513447946535
20,1,125.89254117941675,6.102690151236635E-6,1.542151344827247
20,1,128.82495516931337,6.244840079292217E-6,1.5421513448613724
20,1,131.82567385564073,6.390301105487472E-6,1.5421513448971034
20,1,134.89628825916532,6.539150355274095E-6,1.542151344934515
20,1,138.03842646028852,6.691466750600364E-6,1.5421513449737114
20,1,141.2537544622754,6.847331051725699E-6,1.5421513450147342
20,1,144.5439770745928,7.006825900086053E-6,1.5421513450576962
20,1,147.91083881682073,7.170035862078841E-6,1.5421513451026825
20,1,151.35612484362088,7.337047473914818E-6,1.54215134514979
20,1,154.88166189124811,7.507949287499812E-6,1.5421513451991202
20,1,158.48931924611142,7.68283191738193E-6,1.5421513452507707
20,1,162.18100973589299,7.861788088806651E-6,1.5421513453048572
20,1,165.95869074375614,8.044912686873462E-6,1.542151345361493
20,1,169.82436524617444,8.232302806847708E-6,1.5421513454207938
20,1,173.78008287493762,8.424057805652905E-6,1.542151345482903
20,1,177.82794100389228,8.62027935452452E-6,1.542151345547926
20,1,181.97008586099844,8.821071492958744E-6,1.5421513456160256
20,1,186.20871366628674,9.026540683833797E-6,1.5421513456873226
20,1,190.54607179632484,9.23679586989695E-6,1.5421513457619833
20,1,194.98445997580455,9.451948531501373E-6,1.542151345840158
20,1,199.52623149688807,9.67211274573872E-6,1.5421513459220288
20,1,204.17379446695296,9.897405246893694E-6,1.5421513460077496
20,1,208.92961308540387,1.0127945488377544E-5,1.5421513460975151
20,1,213.79620895022325,1.0363855706036749E-5,1.5421513461915122
20,1,218.77616239495518,1.0605260982968817E-5,1.5421513462899192
20,1,223.872113856834,1.0852289315884203E-5,1.542151346392988
20,1,229.08676527677724,1.1105071682902908E-5,1.5421513465009051
20,1,234.42288153199226,1.1363742113059785E-5,1.5421513466139019
20,1,239.88329190194898,1.1628437757361802E-5,1.5421513467322359
20,1,245.4708915685031,1.1899298961480472E-5,1.5421513468561416
20,1,251.18864315095797,1.2176469340199795E-5,1.5421513469858836
20,1,257.03957827688646,1.2460095853556254E-5,1.5421513471217447
20,1,263.02679918953817,1.2750328884753993E-5,1.542151347264012
20,1,269.1534803926917,1.3047322319921566E-5,1.5421513474130077
20,1,275.4228703338166,1.335123362965163E-5,1.542151347568996
20,1,281.8382931264455,1.3662223952593845E-5,1.5421513477323425
20,1,288.40315031266056,1.3980458180812213E-5,1.5421513479033813
20,1,295.1209226666387,1.4306105047264002E-5,1.5421513480824833
20,1,301.9951720402016,1.4639337215246327E-5,1.5421513482700264
20,1,309.0295432513592,1.4980331369960892E-5,1.542151348466413
20,1,316.22776601683796,1.5329268312179368E-5,1.542151348672042
20,1,323.5936569296284,1.568633305415997E-5,1.5421513488873748
20,1,331.1311214825911,1.6051714917681755E-5,1.5421513491128462
20,1,338.84415613920277,1.6425607634489267E-5,1.54215134934894
20,1,346.73685045253166,1.6808209449007297E-5,1.5421513495961747
20,1,354.81338923357566,1.719972322342096E-5,1.5421513498550572
20,1,363.0780547701014,1.7600356545281473E-5,1.5421513501261312
20,1,371.5352290971724,1.8010321837592735E-5,1.5421513504099884
20,1,380.1893963205613,1.8429836471408102E-5,1.5421513507072262
20,1,389.04514499428046,1.885912288111298E-5,1.5421513510184697
20,1,398.1071705534973,1.9298408682380757E-5,1.5421513513443796
20,1,407.3802778041126,1.9747926792869E-5,1.5421513516856575
20,1,416.8693834703355,2.0207915555692253E-5,1.5421513520430075
20,1,426.57951880159254,2.0678618865870938E-5,1.5421513524172066
20,1,436.5158322401661,2.11602862995986E-5,1.5421513528090365
20,1,446.683592150963,2.1653173246627094E-5,1.5421513532193336
20,1,457.0881896148752,2.2157541045675677E-5,1.54215135364897
20,1,467.73514128719813,2.2673657087292564E-5,1.5421513540681395
20,1,478.6300923226385,2.320179508860644E-5,1.5421513545317358
20,1,489.77881936844614,2.374223506017248E-5,1.5421513550228383
20,1,501.18723362727246,2.4295263548995744E-5,1.5421513555374273
20,1,512.8613839913648,2.4861173783511105E-5,1.5421513560769189
20,1,524.8074602497728,2.5440265820637885E-5,1.5421513566412237
20,1,537.0317963702527,2.603284670907862E-5,1.542151357232137
20,1,549.5408738576248,2.6639230649161232E-5,1.5421513578508899
20,1,562.341325190349,2.725973916025694E-5,1.5421513584988087
20,1,575.4399373371573,2.7894701251580673E-5,1.542151359177509
20,1,588.843655355589,2.8544453595386224E-5,1.5421513598880285
20,1,602.5595860743581,2.92093407071418E-5,1.5421513606319504
20,1,616.5950018614822,2.988971512757253E-5,1.5421513614109383
20,1,630.9573444801937,3.058593760946201E-5,1.542151362226639
20,1,645.6542290346556,3.1298377309116064E-5,1.5421513630807808
20,1,660.6934480075957,3.202741198212383E-5,1.5421513639751678
20,1,676.0829753919819,3.277342818471223E-5,1.542151364912294
20,1,691.8309709189363,3.3536821474882264E-5,1.542151365893003
20,1,707.945784384138,3.431799662788055E-5,1.5421513669199418
20,1,724.4359600749899,3.511736784713162E-5,1.5421513679952827
20,1,741.3102413009177,3.5935358984846536E-5,1.542151369121294
20,1,758.5775750291835,3.677240376688662E-5,1.5421513703003769
20,1,776.247116628692,3.762894602272193E-5,1.542151371535027
20,1,794.3282347242813,3.850543992091632E-5,1.542151372827877
20,1,812.8305161640995,3.940235021102423E-5,1.542151374182191
20,1,831.7637711026708,4.032015246586405E-5,1.5421513755997913
20,1,851.1380382023768,4.125933334014927E-5,1.542151377084211
20,1,870.9635899560806,4.222039082435951E-5,1.5421513786385848
20,1,891.2509381337459,4.320383451003006E-5,1.5421513802662146
20,1,912.0108393559096,4.421018586002814E-5,1.5421513819705581
20,1,933.2543007969915,4.523997848515321E-5,1.542151383755231
20,1,954.992586021436,4.629375842720026E-5,1.5421513856240054
20,1,977.2372209558112,4.7372084448745394E-5,1.542151387580873
20,1,1000,4.847552832935448E-5,1.5421513896299566
20,1,1023.2929922807547,4.9604675169166704E-5,1.5421513917756198
20,1,1047.1285480508996,5.076012369912956E-5,1.542151394022405
20,1,1071.519305237607,5.1942486598759026E-5,1.542151396375082
20,1,1096.4781961431852,5.3152390821199E-5,1.5421513988386522
20,1,1122.018454301964,5.4390477925748326E-5,1.5421514014183189
20,1,1148.1536214968828,5.565740445383326E-5,1.5421514041318223
20,1,1174.8975549395302,5.6953842138840354E-5,1.5421514069611377
20,1,1202.2644346174131,5.82804784653523E-5,1.5421514099236353
20,1,1230.268770812381,5.963801690268377E-5,1.5421514130257485
20,1,1258.9254117941675,6.102717730940052E-5,1.542151416274082
20,1,1288.2495516931335,6.244869631562336E-5,1.5421514196755124
20,1,1318.2567385564075,6.390332771412114E-5,1.54215142323726
20,1,1348.9628825916532,6.539184286031896E-5,1.542151426966876
20,1,1380.3842646028852,6.691503108175904E-5,1.542151430872276
20,1,1412.537544622754,6.84737000970724E-5,1.5421514349617524
20,1,1445.439770745928,7.006867644466473E-5,1.5421514392439752
20,1,1479.1083881682073,7.170080592158456E-5,1.5421514437280315
20,1,1513.5612484362086,7.337095403244581E-5,1.542151448423423
20,1,1548.816618912481,7.508000644914262E-5,1.542151453340134
20,1,1584.893192461114,7.682886948080329E-5,1.5421514584885794
20,1,1621.8100973589299,7.861847055531144E-5,1.5421514638796974
20,1,1659.5869074375614,8.044975871158144E-5,1.5421514695249188
20,1,1698.2436524617442,8.232370510364597E-5,1.5421514754362144
20,1,1737.8008287493763,8.424130351650393E-5,1.5421514816261372
20,1,1778.2794100389228,8.620357089388414E-5,1.5421514881078264
20,1,1819.7008586099844,8.821154787833889E-5,1.542151494895017
20,1,1862.0871366628676,9.026629936435387E-5,1.5421515020021306
20,1,1905.4607179632483,9.2368915063816E-5,1.5421515094442428
20,1,1949.8445997580454,9.452051008514082E-5,1.5421515172371427
20,1,1995.262314968881,9.67222255258332E-5,1.5421515253973677
20,1,2041.7379446695295,9.897522907888041E-5,1.5421515339422294
20,1,2089.2961308540407,1.0128071565351409E-4,1.5421515428898822
20,1,2137.9620895022326,1.0363990801011888E-4,1.5421515522593048
20,1,2187.761623949552,1.0605405741042986E-4,1.542151562070374
20,1,2238.72113856834,1.0852444428600537E-4,1.542151572344478
20,1,2290.8676527677726,1.110523789067058E-4,1.5421515831023225
20,1,2344.228815319923,1.1363920209583688E-4,1.542151594367295
20,1,2398.83291901949,1.1628628593108423E-4,1.5421516061632794
20,1,2454.708915685031,1.1899503447784664E-4,1.5421516185153274
20,1,2511.88643150958,1.2176688453601294E-4,1.5421516314496593
20,1,2570.3957827688646,1.2460330640464716E-4,1.5421516449937351
20,1,2630.2679918953813,1.2750580466449764E-4,1.5421516591762985
20,1,2691.5348039269165,1.304759189790858E-4,1.542151674027463
20,1,2754.2287033381663,1.3351522491435785E-4,1.5421516895787488
20,1,2818.382931264455,1.3662533477799E-4,1.5421517058631866
20,1,2884.031503126606,1.3980789847785425E-4,1.5421517229153343
20,1,2951.209226666387,1.4306460440145636E-4,1.5421517407714067
20,1,3019.9517204020162,1.4639718031551048E-4,1.542151759469326
20,1,3090.295432513592,1.4980739428678704E-4,1.5421517790487893
20,1,3162.2776601683795,1.5329705562489788E-4,1.5421517995513685
20,1,3235.9365692962842,1.5686801584744917E-4,1.542151821020627
20,1,3311.311214825911,1.605221696672212E-4,1.5421518435021484
20,1,3388.4415613920273,1.6426145600348033E-4,1.5421518670436665
20,1,3467.368504525317,1.6808785901718958E-4,1.5421518916952057
20,1,3548.1338923357566,1.720034091700487E-4,1.5421519175091358
20,1,3630.780547701014,1.7601018430888585E-4,1.5421519445402754
20,1,3715.3522909717276,1.8011031077629465E-4,1.5421519728460629
20,1,3801.8939632056126,1.8430596454686252E-4,1.5421520024866422
20,1,3890.4514499428046,1.8859937239061497E-4,1.5421520335249894
20,1,3981.0717055349733,1.92992813064277E-4,1.5421520660270638
20,1,4073.802778041126,1.9748861853066677E-4,1.5421521000619456
20,1,4168.693834703355,2.0208917520690958E-4,1.542152135701956
20,1,4265.795188015925,2.0679692524308593E-4,1.5421521730228647
20,1,4365.158322401661,2.116143678304357E-4,1.5421522121040014
20,1,4466.835921509631,2.1654406054155535E-4,1.54215225302846
20,1,4570.881896148751,2.2158862070206285E-4,1.5421522958832479
20,1,4677.351412871981,2.2675072679572507E-4,1.5421523407595124
20,1,4786.300923226385,2.320331199022651E-4,1.54215238775268
20,1,4897.7881936844615,2.37438605170673E-4,1.5421524369627027
20,1,5011.872336272725,2.42970053327625E-4,1.5421524884942799
20,1,5128.613839913648,2.4863040222146887E-4,1.542152542457038
20,1,5248.074602497728,2.5442265840435336E-4,1.5421525989657976
20,1,5370.317963702527,2.603498987523535E-4,1.5421526581408347
20,1,5495.408738576249,2.6641527212420066E-4,1.5421527201081109
20,1,5623.413251903491,2.72622001060378E-4,1.5421527849995351
20,1,5754.399373371572,2.7897338352390015E-4,1.5421528529532733
20,1,5888.43655355589,2.854727946831979E-4,1.5421529241140535
20,1,6025.5958607435805,2.921236887377413E-4,1.5421529986334421
20,1,6165.9500186148225,2.989296007892776E-4,1.54215307667021
20,1,6309.573444801937,3.0589414875780455E-4,1.5421531583906392
20,1,6456.542290346556,3.1302103534511184E-4,1.5421532439688987
20,1,6606.9344800759645,3.2031405004674E-4,1.5421533335874382
20,1,6760.829753919819,3.2777707121275175E-4,1.5421534274373594
20,1,6918.309709189362,3.3541406815946296E-4,1.5421535257188135
20,1,7079.457843841381,3.432291033347315E-4,1.5421536286414954
20,1,7244.359600749898,3.512263345348794E-4,1.5421537364250302
20,1,7413.102413009177,3.59410017178816E-4,1.5421538492995042
20,1,7585.775750291836,3.6778450663743346E-4,1.542153967505929
20,1,7762.4711662869195,3.7635426062200463E-4,1.5421540912967704
20,1,7943.282347242814,3.8512384163326316E-4,1.5421542209365324
20,1,8128.305161640995,3.9409791947093786E-4,1.542154356702302
20,1,8317.63771102671,4.0328127380745963E-4,1.542154498884355
20,1,8511.380382023768,4.126787968271802E-4,1.542154647786796
20,1,8709.635899560806,4.222954959336824E-4,1.5421548037282686
20,1,8912.509381337459,4.3213649652340254E-4,1.5421549670425476
20,1,9120.108393559096,4.422070448351244E-4,1.5421551380793863
20,1,9332.543007969914,4.5251251087004594E-4,1.5421553172052451
20,1,9549.92586021436,4.630583913876321E-4,1.5421555048040654
20,1,9772.372209558112,4.738503129816424E-4,1.5421557012781706
20,1,10000,4.848940352349315E-4,1.542155907049118
20,1,10232.929922807536,4.961954539591315E-4,1.5421561225586764
20,1,10471.285480509006,5.07760604518139E-4,1.5421563482697527
20,1,10715.193052376071,5.195956652423193E-4,1.5421565846674572
20,1,10964.78196143185,5.317069609342814E-4,1.5421568322602124
20,1,11220.18454301963,5.441009664674994E-4,1.54215709158084
20,1,11481.53621496884,5.567843104839578E-4,1.5421573631877643
20,1,11748.975549395303,5.697637791939379E-4,1.5421576476662893
20,1,12022.644346174131,5.830463202801768E-4,1.5421579456299357
20,1,12302.68770812381,5.966390469088302E-4,1.5421582577217756
20,1,12589.254117941662,6.105492418550661E-4,1.542158584615927
20,1,12882.495516931349,6.247843617445594E-4,1.5421589270190912
20,1,13182.567385564074,6.393520414144404E-4,1.5421592856721311
20,1,13489.628825916532,6.542600984022442E-4,1.542159661351814
20,1,13803.842646028837,6.695165375619919E-4,1.5421600548725516
20,1,14125.375446227554,6.851295558182607E-4,1.542160467088312
20,1,14454.39770745928,7.011075470593465E-4,1.5421608988945876
20,1,14791.083881682072,7.174591071766704E-4,1.5421613512304673
20,1,15135.612484362071,7.341930392559226E-4,1.5421618250808022
20,1,15488.166189124828,7.513183589305931E-4,1.5421623214785973
20,1,15848.93192461114,7.688442998943691E-4,1.5421628415073378
20,1,16218.100973589299,7.867803195921173E-4,1.5421633863036166
20,1,16595.869074375598,8.051361050877261E-4,1.5421639570598067
20,1,16982.43652461746,8.239215791217924E-4,1.542164555026919
20,1,17378.00828749376,8.431469063652332E-4,1.5421651815175896
20,1,17782.794100389227,8.628224998814661E-4,1.5421658379092786
20,1,18197.008586099826,8.829590278000347E-4,1.5421665256475388
20,1,18620.871366628693,9.035674202236778E-4,1.5421672462496188
20,1,19054.607179632483,9.246588763685977E-4,1.542168001308148
20,1,19498.445997580457,9.462448719560815E-4,1.5421687924950498
20,1,19952.62314968879,9.683371668702032E-4,1.5421696215657383
20,1,20417.379446695315,9.90947813089486E-4,1.5421704903634659
20,1,20892.96130854041,0.0010140891629143761,1.5421714008239875
20,1,21379.620895022323,0.001037773877502985,1.5421723549804707
20,1,21877.616239495517,0.0010620149357323853,1.5421733549686636
20,1,22387.211385683422,0.0010868256434082956,1.5421744030324078
20,1,22908.676527677748,0.0011122196428415406,1.5421755015294731
20,1,23442.288153199228,0.001138210922812372,1.5421766529377046
20,1,23988.329190194898,0.0011648138289485227,1.5421778598615383
20,1,24547.089156850285,0.001192043074549262,1.5421791250389962
20,1,25118.864315095823,0.0012199137518687886,1.5421804513489321
20,1,25703.957827688646,0.001248441343913525,1.5421818418189268
20,1,26302.679918953814,0.0012776417367659108,1.5421832996335028
20,1,26915.348039269138,0.0013075312324885295,1.5421848281429553
20,1,27542.28703338169,0.0013381265626397202,1.5421864308726603
20,1,28183.82931264455,0.0013694449024543762,1.5421881115330194
20,1,28840.31503126606,0.0014015038857363835,1.542189874030025
20,1,29512.09226666384,0.001434321620519199,1.5421917224765005
20,1,30199.51720402019,0.0014679167055545678,1.5421936612040457
20,1,30902.95432513592,0.001502308247702674,1.542195694775805
20,1,31622.776601683792,0.00153751588029167,1.5421978280000188
20,1,32359.36569296281,0.0015735597825373667,1.5422000659444977
20,1,33113.11214825915,0.0016104607001119476,1.5422024139520434
20,1,33884.415613920275,0.0016482399669725857,1.5422048776569477
20,1,34673.685045253165,0.001686919528554361,1.5422074630025022
20,1,35481.33892335753,0.0017265219664715124,1.542210176259775
20,1,36307.80547701017,0.0017670705248646749,1.5422130240476117
20,1,37153.52290971728,0.0018085891385682012,1.5422160133540672
20,1,38018.93963205613,0.0018511024632677099,1.542219151559188
20,1,38904.51449942805,0.001894635907874734,1.5422224464594283
20,1,39810.71705534977,0.0019392156693498592,1.5422259062937345
20,1,40738.02778041131,0.0019848687702403397,1.5422295397713583
20,1,41686.93834703355,0.0020316230992500346,1.5422333561016188
20,1,42657.95188015926,0.002079507455184373,1.54223736502564
20,1,43651.58322401656,0.002128551594672757,1.5422415768501818
20,1,44668.359215096345,0.002178786284137993,1.5422460024837576
20,1,45708.818961487515,0.0022302433565349554,1.5422506534750517
20,1,46773.51412871981,0.002282955773474588,1.5422555420537551
20,1,47863.0092322638,0.0023369576934446088,1.5422606811739128
20,1,48977.881936844664,0.002392284546944313,1.5422660845597584
20,2,1,1.0033101274096166E-7,1.5435462396421298
20,2,1.023292992280754,1.0266802224623812E-7,1.5435462396421202
20,2,1.0471285480508996,1.0505946769642292E-7,1.5435462396422244
20,2,1.0715193052376064,1.0750661706667473E-7,1.5435462396422537
20,2,1.096478196143185,1.1001076786841238E-7,1.5435462396423063
20,2,1.1220184543019633,1.125732478353798E-7,1.5435462396423414
20,2,1.1481536214968828,1.1519541562850721E-7,1.5435462396423845
20,2,1.1748975549395295,1.178786615557863E-7,1.5435462396424309
20,2,1.202264434617413,1.2062440830975193E-7,1.5435462396424764
20,2,1.2302687708123816,1.2343411172174078E-7,1.5435462396425415
20,2,1.2589254117941673,1.2630926153353614E-7,1.5435462396425839
20,2,1.288249551693134,1.292513821877986E-7,1.54354623964264
20,2,1.318256738556407,1.3226203363580345E-7,1.5435462396427013
20,2,1.3489628825916535,1.3534281216471673E-7,1.5435462396427615
20,2,1.3803842646028848,1.38495351244146E-7,1.5435462396428192
20,2,1.4125375446227544,1.4172132239206593E-7,1.5435462396428872
20,2,1.4454397707459274,1.4502243606079508E-7,1.5435462396429145
20,2,1.4791083881682074,1.4840044254504688E-7,1.5435462396429922
20,2,1.5135612484362082,1.5185713290830052E-7,1.5435462396430648
20,2,1.5488166189124815,1.5539433993352153E-7,1.5435462396431385
20,2,1.5848931924611136,1.5901393909472906E-7,1.5435462396432214
20,2,1.62181009735893,1.62717849551334E-7,1.5435462396433144
20,2,1.6595869074375607,1.6650803516591914E-7,1.5435462396434432
20,2,1.6982436524617444,1.7038650554486377E-7,1.5435462396435786
20,2,1.7378008287493754,1.7435531710449243E-7,1.543546239643719
20,2,1.7782794100389228,1.784165741622241E-7,1.5435462396439912
20,2,1.8197008586099834,1.825724300481154E-7,1.5435462396441195
20,2,1.8620871366628675,1.8682508825315047E-7,1.5435462396442465
20,2,1.9054607179632472,1.911768035927948E-7,1.543546239644366
20,2,1.9498445997580451,1.956298834044958E-7,1.5435462396444963
20,2,1.9952623149688795,2.0018668876991803E-7,1.543546239644638
20,2,2.041737944669529,2.048496357675847E-7,1.5435462396447748
20,2,2.0892961308540396,2.0962119675385397E-7,1.5435462396449295
20,2,2.137962089502232,2.1450390167350727E-7,1.5435462396450979
20,2,2.1877616239495525,2.1950033940121395E-7,1.5435462396452602
20,2,2.23872113856834,2.2461315911453608E-7,1.543546239645443
20,2,2.290867652767773,2.2984507169808818E-7,1.5435462396456248
20,2,2.344228815319922,2.3519885118144624E-7,1.5435462396458457
20,2,2.3988329190194904,2.4067733620902664E-7,1.5435462396460529
20,2,2.4547089156850306,2.46283431546399E-7,1.5435462396462893
20,2,2.51188643150958,2.520201096205585E-7,1.5435462396466344
20,2,2.570395782768864,2.578904120915211E-7,1.543546239646864
20,2,2.6302679918953817,2.6389745147305895E-7,1.543546239647117
20,2,2.6915348039269156,2.7004441277658105E-7,1.5435462396473716
20,2,2.7542287033381663,2.763345552022594E-7,1.54354623964761
20,2,2.8183829312644537,2.8277121386753807E-7,1.543546239647899
20,2,2.884031503126606,2.8935780157444997E-7,1.5435462396482504
20,2,2.951209226666386,2.9609781061743864E-7,1.543546239648556
20,2,3.019951720402016,3.029948146398488E-7,1.5435462396489075
20,2,3.0902954325135905,3.10052470525484E-7,1.5435462396493724
20,2,3.1622776601683795,3.1727452033362703E-7,1.5435462396497222
20,2,3.2359365692962827,3.246647932918554E-7,1.5435462396500326
20,2,3.311311214825911,3.322272078229426E-7,1.5435462396504618
20,2,3.3884415613920256,3.3996577361667033E-7,1.5435462396508348
20,2,3.4673685045253166,3.478845937646565E-7,1.5435462396512574
20,2,3.548133892335755,3.559878669296674E-7,1.5435462396516944
20,2,3.630780547701014,3.6427988957431973E-7,1.5435462396521433
20,2,3.715352290971726,3.727650582395487E-7,1.5435462396526443
20,2,3.8018939632056115,3.814478718732186E-7,1.5435462396531423
20,2,3.890451449942806,3.9033293421913783E-7,1.5435462396536932
20,2,3.9810717055349722,3.99424956256504E-7,1.5435462396543809
20,2,4.073802778041127,4.087287586914814E-7,1.5435462396549728
20,2,4.168693834703354,4.1824927452584593E-7,1.5435462396556026
20,2,4.265795188015927,4.2799155166365616E-7,1.5435462396562893
20,2,4.36515832240166,4.379607555902756E-7,1.543546239657094
20,2,4.466835921509632,4.4816217210523945E-7,1.5435462396577897
20,2,4.570881896148751,4.586012101384212E-7,1.5435462396585593
20,2,4.677351412871983,4.6928340460741224E-7,1.5435462396594724
20,2,4.786300923226384,4.80214419347474E-7,1.5435462396602548
20,2,4.8977881936844625,4.914000501315961E-7,1.5435462396611077
20,2,5.011872336272724,5.028462277296966E-7,1.5435462396620445
20,2,5.1286138399136485,5.145590210544466E-7,1.5435462396629664
20,2,5.248074602497725,5.265446403863974E-7,1.5435462396639645
20,2,5.370317963702527,5.388094406605228E-7,1.5435462396650799
20,2,5.495408738576246,5.513599248339536E-7,1.543546239666207
20,2,5.623413251903491,5.642027473411732E-7,1.5435462396674204
20,2,5.7543993733715695,5.773447176156389E-7,1.5435462396686552
20,2,5.88843655355589,5.907928037053936E-7,1.5435462396699733
20,2,6.025595860743578,6.045541359609051E-7,1.5435462396712616
20,2,6.165950018614822,6.186360108253055E-7,1.543546239672622
20,2,6.309573444801933,6.330458946947208E-7,1.5435462396740147
20,2,6.456542290346556,6.477914278867251E-7,1.5435462396756687
20,2,6.606934480075961,6.628804286704893E-7,1.543546239677305
20,2,6.760829753919819,6.783208974349361E-7,1.5435462396789579
20,2,6.918309709189364,6.941210209247494E-7,1.543546239680738
20,2,7.079457843841379,7.102891765703399E-7,1.5435462396825042
20,2,7.244359600749901,7.268339369464757E-7,1.543546239684392
20,2,7.413102413009175,7.437640743059267E-7,1.5435462396864459
20,2,7.5857757502918375,7.610885652305712E-7,1.543546239688621
20,2,7.762471166286917,7.788165953951494E-7,1.5435462396909232
20,2,7.943282347242816,7.96957564431022E-7,1.5435462396931958
20,2,8.128305161640993,8.155210909284752E-7,1.5435462396956663
20,2,8.31763771102671,8.345170175132997E-7,1.5435462396982687
20,2,8.511380382023766,8.539554160764744E-7,1.543546239700975
20,2,8.709635899560807,8.738465931113092E-7,1.543546239703708
20,2,8.912509381337456,8.942010951915756E-7,1.543546239706652
20,2,9.120108393559097,9.150297145423139E-7,1.543546239709766
20,2,9.33254300796991,9.363434947705289E-7,1.5435462397129678
20,2,9.549925860214358,9.581537367304851E-7,1.5435462397163762
20,2,9.772372209558107,9.804720044964785E-7,1.54354623971988
20,2,10,1.0033101315134602E-6,1.5435462397235433
20,2,10.232929922807541,1.0266802268644963E-6,1.5435462397274728
20,2,10.471285480508996,1.0505946816798778E-6,1.5435462397315736
20,2,10.715193052376065,1.0750661757214424E-6,1.5435462397358526
20,2,10.964781961431852,1.10010768409843E-6,1.5435462397402742
20,2,11.220184543019636,1.12573248415526E-6,1.543546239744927
20,2,11.481536214968829,1.1519541625025714E-6,1.5435462397498338
20,2,11.748975549395297,1.178786622217585E-6,1.5435462397548925
20,2,12.02264434617413,1.2062440902361272E-6,1.5435462397602895
20,2,12.302687708123818,1.2343411248610548E-6,1.5435462397658033
20,2,12.589254117941675,1.263092623538207E-6,1.5435462397718662
20,2,12.882495516931343,1.292513830660129E-6,1.5435462397778932
20,2,13.182567385564074,1.3226203457684777E-6,1.5435462397843367
20,2,13.48962882591654,1.3534281317313546E-6,1.5435462397910806
20,2,13.803842646028853,1.3849535232472368E-6,1.5435462397981397
20,2,14.125375446227547,1.41721323549778E-6,1.5435462398055002
20,2,14.454397707459272,1.4502243730193067E-6,1.5435462398132822
20,2,14.791083881682072,1.4840044387451496E-6,1.5435462398213196
20,2,15.13561248436208,1.5185713433268424E-6,1.543546239829778
20,2,15.488166189124811,1.5539434145986441E-6,1.5435462398386712
20,2,15.848931924611133,1.5901394072990316E-6,1.5435462398479196
20,2,16.218100973589298,1.6271785130323234E-6,1.5435462398576307
20,2,16.595869074375607,1.665080370429982E-6,1.54354623986784
20,2,16.982436524617444,1.703865075568661E-6,1.543546239878641
20,2,17.378008287493753,1.743553192594575E-6,1.543546239889743
20,2,17.78279410038923,1.7841657646995314E-6,1.5435462399014417
20,2,18.197008586099834,1.8257243252128397E-6,1.5435462399137516
20,2,18.620871366628677,1.8682509090296714E-6,1.5435462399265711
20,2,19.054607179632473,1.9117680643243326E-6,1.5435462399400228
20,2,19.498445997580454,1.9562988644751032E-6,1.5435462399541224
20,2,19.952623149688797,2.001866920299534E-6,1.5435462399687854
20,2,20.417379446695296,2.0484963926164862E-6,1.5435462399842936
20,2,20.892961308540396,2.09621200497272E-6,1.5435462400003896
20,2,21.379620895022324,2.1450390568549413E-6,1.5435462400173934
20,2,21.87761623949553,2.1950034370018167E-6,1.5435462400351094
20,2,22.3872113856834,2.2461316372028884E-6,1.5435462400535964
20,2,22.908676527677734,2.2984507663326417E-6,1.5435462400730224
20,2,23.442288153199225,2.351988564698967E-6,1.5435462400934035
20,2,23.98832919019491,2.4067734187547554E-6,1.543546240114692
20,2,24.547089156850312,2.462834376183911E-6,1.5435462401370346
20,2,25.11886431509581,2.520201161251045E-6,1.543546240160367
20,2,25.703957827688633,2.5789041906140685E-6,1.5435462401848214
20,2,26.302679918953814,2.638974589433802E-6,1.5435462402105888
20,2,26.915348039269155,2.7004442077941255E-6,1.5435462402372553
20,2,27.542287033381662,2.76334563777995E-6,1.543546240265343
20,2,28.183829312644534,2.8277122305647128E-6,1.54354624029473
20,2,28.84031503126606,2.893578114200078E-6,1.5435462403255258
20,2,29.512092266663856,2.9609782116640124E-6,1.5435462403576938
20,2,30.19951720402016,3.0299482594473226E-6,1.543546240391562
20,2,30.902954325135905,3.100524826363428E-6,1.5435462404268574
20,2,31.622776601683793,3.1727453331207316E-6,1.5435462404639433
20,2,32.359365692962825,3.246648071987612E-6,1.543546240502647
20,2,33.11311214825911,3.322272227237527E-6,1.5435462405432128
20,2,33.884415613920254,3.399657895848726E-6,1.5435462405857643
20,2,34.673685045253166,3.478846108757774E-6,1.5435462406303033
20,2,35.48133892335755,3.5598788525790647E-6,1.5435462406765015
20,2,36.30780547701014,3.6427990921280216E-6,1.543546240725211
20,2,37.15352290971726,3.727650792791408E-6,1.5435462407760916
20,2,38.018939632056124,3.8144789441816495E-6,1.543546240829572
20,2,38.90451449942807,3.903329583748757E-6,1.5435462408854843
20,2,39.810717055349734,3.994249821384052E-6,1.5435462409441487
20,2,40.73802778041128,4.0872878642318006E-6,1.5435462410054588
20,2,41.68693834703355,4.182493042387583E-6,1.5435462410696221
20,2,42.657951880159274,4.279915834997314E-6,1.5435462411368666
20,2,43.65158322401661,4.3796078970107486E-6,1.543546241207347
20,2,44.668359215096324,4.481622086567971E-6,1.543546241281159
20,2,45.708818961487516,4.586012493012209E-6,1.5435462413582999
20,2,46.77351412871981,4.692834465662493E-6,1.5435462414391028
20,2,47.86300923226383,4.802144643090133E-6,1.5435462415238455
20,2,48.97788193684461,4.914000983064575E-6,1.5435462416124255
20,2,50.11872336272722,5.028462793526893E-6,1.5435462417054464
20,2,51.28613839913648,5.145590763672085E-6,1.5435462418025663
20,2,52.48074602497726,5.265446996567994E-6,1.5435462419044756
20,2,53.70317963702527,5.38809504169586E-6,1.5435462420111725
20,2,54.954087385762456,5.5135999288261025E-6,1.5435462421227715
20,2,56.23413251903491,5.6420282025665845E-6,1.5435462422397546
20,2,57.543993733715695,5.773447957444869E-6,1.5435462423621638
20,2,58.8843655355589,5.907928874250467E-6,1.5435462424905375
20,2,60.25595860743578,6.04554225666648E-6,1.5435462426247049
20,2,61.65950018614822,6.186361069501705E-6,1.5435462427653655
20,2,63.09573444801933,6.330459976971273E-6,1.54354624291262
20,2,64.56542290346556,6.47791538249642E-6,1.543546243066691
20,2,66.06934480075961,6.628805469278531E-6,1.5435462432281861
20,2,67.60829753919819,6.783210241514413E-6,1.5435462433972333
20,2,69.18309709189366,6.941211567041243E-6,1.5435462435742553
20,2,70.79457843841381,7.10289322059992E-6,1.5435462437594953
20,2,72.44359600749902,7.268340928436687E-6,1.5435462439536
20,2,74.13102413009177,7.437642413519102E-6,1.5435462441568286
20,2,75.8577575029184,7.610887442242028E-6,1.5435462443697103
20,2,77.6247116628692,7.788167871883282E-6,1.5435462445925596
20,2,79.43282347242817,7.96957769939543E-6,1.5435462448258008
20,2,81.28305161640995,8.155213111374963E-6,1.5435462450702344
20,2,83.17637711026708,8.3451725346897E-6,1.5435462453260635
20,2,85.11380382023764,8.539556689063832E-6,1.543546245593969
20,2,87.09635899560806,8.738468640371343E-6,1.5435462458747595
20,2,89.12509381337455,8.942013854937675E-6,1.543546246168535
20,2,91.20108393559097,9.15030025619799E-6,1.543546246476491
20,2,93.3254300796991,9.363438280922642E-6,1.5435462467985073
20,2,95.49925860214358,9.58154093891771E-6,1.5435462471358639
20,2,97.72372209558107,9.804723872045396E-6,1.5435462474890926
20,2,100,1.0033105415955272E-5,1.5435462478589674
20,2,102.32929922807547,1.0266806662723278E-5,1.5435462482462456
20,2,104.71285480508996,1.0505951525127698E-5,1.5435462486518061
20,2,107.1519305237607,1.0750666802255386E-5,1.5435462490764313
20,2,109.64781961431851,1.1001082246871079E-5,1.543546249521113
20,2,112.2018454301963,1.1257330634041739E-5,1.543546249986669
20,2,114.81536214968828,1.151954783183728E-5,1.5435462504743442
20,2,117.48975549395291,1.1787872872893574E-5,1.5435462509848368
20,2,120.22644346174131,1.2062448028659347E-5,1.5435462515193454
20,2,123.02687708123811,1.2343418884707469E-5,1.5435462520792669
20,2,125.89254117941675,1.26309344175127E-5,1.543546252665492
20,2,128.82495516931337,1.2925147073969506E-5,1.5435462532792705
20,2,131.82567385564073,1.3226212852080996E-5,1.5435462539220008
20,2,134.89628825916532,1.3534291383567847E-5,1.5435462545949892
20,2,138.03842646028852,1.3849546018699024E-5,1.5435462552997905
20,2,141.2537544622754,1.4172143912644465E-5,1.5435462560377509
20,2,144.5439770745928,1.4502256114455449E-5,1.5435462568105387
20,2,147.91083881682073,1.4840057657464368E-5,1.543546257619679
20,2,151.35612484362088,1.518572765235581E-5,1.5435462584669641
20,2,154.88166189124811,1.5539449382005916E-5,1.543546259354184
20,2,158.48931924611142,1.5901410398680326E-5,1.5435462602831709
20,2,162.18100973589299,1.6271802623649743E-5,1.543546261256003
20,2,165.95869074375614,1.6650822448795274E-5,1.5435462622747582
20,2,169.82436524617444,1.7038670840676783E-5,1.5435462633414296
20,2,173.78008287493762,1.7435553447488097E-5,1.5435462644584046
20,2,177.82794100389228,1.7841680707773993E-5,1.5435462656280283
20,2,181.97008586099844,1.8257267962225666E-5,1.5435462668528104
20,2,186.20871366628674,1.8682535567656502E-5,1.5435462681352374
20,2,190.54607179632484,1.911770901418059E-5,1.543546269478035
20,2,194.98445997580455,1.9563019044776876E-5,1.5435462708842371
20,2,199.52623149688807,2.0018701777407244E-5,1.5435462723567936
20,2,204.17379446695296,2.0484998830127483E-5,1.5435462738985344
20,2,208.92961308540387,2.0962157450185218E-5,1.5435462755131462
20,2,213.79620895022325,2.145043064376203E-5,1.543546277203694
20,2,218.77616239495518,2.195007731147877E-5,1.5435462789740364
20,2,223.872113856834,2.2461362384753092E-5,1.5435462808277483
20,2,229.08676527677724,2.2984556966965172E-5,1.5435462827688942
20,2,234.42288153199226,2.3519938479161285E-5,1.5435462848036134
20,2,239.88329190194898,2.4067790798761125E-5,1.5435462869324637
20,2,245.4708915685031,2.462840442181139E-5,1.5435462891612117
20,2,251.18864315095797,2.520207661090052E-5,1.5435462914950007
20,2,257.03957827688646,2.5789111553389905E-5,1.543546293938933
20,2,263.02679918953817,2.6389820522686523E-5,1.5435462964980105
20,2,269.1534803926917,2.7004522044181796E-5,1.5435462991778077
20,2,275.4228703338166,2.7633542063267263E-5,1.54354630198372
20,2,281.8382931264455,2.827721411948324E-5,1.543546304921918
20,2,288.40315031266056,2.8935879522454345E-5,1.54354630799857
20,2,295.1209226666387,2.9609887533518627E-5,1.5435463112202565
20,2,301.9951720402016,3.0299595550777197E-5,1.5435463145937898
20,2,309.0295432513592,3.1005369299013914E-5,1.5435463181264264
20,2,316.22776601683796,3.172758302311949E-5,1.543546321825427
20,2,323.5936569296284,3.246661969194865E-5,1.5435463257015873
20,2,331.1311214825911,3.322287118781713E-5,1.5435463297600598
20,2,338.84415613920277,3.3996738524585295E-5,1.5435463340073994
20,2,346.73685045253166,3.4788632066285724E-5,1.5435463384550174
20,2,354.81338923357566,3.559897173398768E-5,1.5435463431121577
20,2,363.0780547701014,3.642818723312275E-5,1.5435463479888265
20,2,371.5352290971724,3.727671828101586E-5,1.543546353095434
20,2,380.1893963205613,3.8145014840097983E-5,1.543546358442714
20,2,389.04514499428046,3.9033537357091966E-5,1.5435463640419638
20,2,398.1071705534973,3.994275700757834E-5,1.5435463699050922
20,2,407.3802778041126,4.087315594614573E-5,1.5435463760446715
20,2,416.8693834703355,4.1825227561897264E-5,1.5435463824736793
20,2,426.57951880159254,4.279947674078304E-5,1.543546389205717
20,2,436.5158322401661,4.3796420133671124E-5,1.5435463962550424
20,2,446.683592150963,4.481658643085592E-5,1.5435464036366577
20,2,457.0881896148752,4.5860516642423665E-5,1.5435464113661104
20,2,467.73514128719813,4.6928763366508286E-5,1.5435464189865287
20,2,478.6300923226385,4.802189482791465E-5,1.5435464273219912
20,2,489.77881936844614,4.9140490292659E-5,1.5435464361647788
20,2,501.18723362727246,5.0285142762575935E-5,1.543546445427634
20,2,512.8613839913648,5.145645929791825E-5,1.543546455131256
20,2,524.8074602497728,5.265506108760378E-5,1.5435464652891258
20,2,537.0317963702527,5.3881583819953564E-5,1.5435464759248583
20,2,549.5408738576248,5.5136677996985E-5,1.5435464870619056
20,2,562.341325190349,5.6421009281093E-5,1.5435464987241447
20,2,575.4399373371573,5.7735258853759054E-5,1.5435465109376718
20,2,588.843655355589,5.9080123762090945E-5,1.5435465237253119
20,2,602.5595860743581,6.0456317314617384E-5,1.5435465371157862
20,2,616.5950018614822,6.18645694437778E-5,1.54354655113762
20,2,630.9573444801937,6.330562709766442E-5,1.543546565820444
20,2,645.6542290346556,6.478025463823504E-5,1.5435465811954225
20,2,660.6934480075957,6.628923425899979E-5,1.543546597298943
20,2,676.0829753919819,6.783336637021592E-5,1.5435466141620642
20,2,691.8309709189363,6.941347003866674E-5,1.5435466318161881
20,2,707.945784384138,7.10303834563779E-5,1.5435466503027615
20,2,724.4359600749899,7.26849643478474E-5,1.5435466696610176
20,2,741.3102413009177,7.437809043844787E-5,1.5435466899318655
20,2,758.5775750291835,7.611065992374044E-5,1.543546711158488
20,2,776.247116628692,7.788359194688361E-5,1.5435467333860935
20,2,794.3282347242813,7.969782708718816E-5,1.5435467566616774
20,2,812.8305161640995,8.155432787651855E-5,1.543546781038046
20,2,831.7637711026708,8.345407926176844E-5,1.543546806560811
20,2,851.1380382023768,8.53980892026654E-5,1.5435468332873366
20,2,870.9635899560806,8.738738916021467E-5,1.5435468612740226
20,2,891.2509381337459,8.942303466247654E-5,1.5435468905804375
20,2,912.0108393559096,9.150610586540578E-5,1.5435469212688304
20,2,933.2543007969915,9.363770806631855E-5,1.543546953389788
20,2,954.992586021436,9.581897254726043E-5,1.5435469870406253
20,2,977.2372209558112,9.805105680413801E-5,1.5435470222786356
20,2,1000,1.003351454121256E-4,1.5435470591787508
20,2,1023.2929922807547,1.0267245059766409E-4,1.5435470978192953
20,2,1047.1285480508996,1.0506421288898542E-4,1.5435471382826838
20,2,1071.519305237607,1.0751170177577407E-4,1.543547180654658
20,2,1096.4781961431852,1.1001621639465992E-4,1.543547225025765
20,2,1122.018454301964,1.1257908621754178E-4,1.5435472714899705
20,2,1148.1536214968828,1.1520167275142644E-4,1.5435473203314765
20,2,1174.8975549395302,1.1788536645525733E-4,1.5435473713004033
20,2,1202.2644346174131,1.2063159299564311E-4,1.5435474246662593
20,2,1230.268770812381,1.2344181053913257E-4,1.5435474805502785
20,2,1258.9254117941675,1.263175112881172E-4,1.543547539071471
20,2,1288.2495516931335,1.2926022232182267E-4,1.5435476003544861
20,2,1318.2567385564075,1.322715064292103E-4,1.5435476645317712
20,2,1348.9628825916532,1.3535296290229107E-4,1.5435477317361692
20,2,1380.3842646028852,1.385062284673333E-4,1.5435478021127076
20,2,1412.537544622754,1.4173297812164316E-4,1.5435478758115058
20,2,1445.439770745928,1.450349260455793E-4,1.5435479529895988
20,2,1479.1083881682073,1.48413826528615E-4,1.543548033811487
20,2,1513.5612484362086,1.518714749153601E-4,1.5435481184493232
20,2,1548.816618912481,1.5540970858272287E-4,1.543548207084182
20,2,1584.893192461114,1.5903040792174714E-4,1.5435482999048424
20,2,1621.8100973589299,1.6273549736447722E-4,1.5435483971093915
20,2,1659.5869074375614,1.6652694642618356E-4,1.5435484989055221
20,2,1698.2436524617442,1.7040677077039356E-4,1.543548605510529
20,2,1737.8008287493763,1.743770333060244E-4,1.5435487171520785
20,2,1778.2794100389228,1.7843984531012663E-4,1.5435488340688772
20,2,1819.7008586099844,1.8259736757373553E-4,1.5435489565106615
20,2,1862.0871366628676,1.8685181158515257E-4,1.5435490847395144
20,2,1905.4607179632483,1.9120544073147612E-4,1.5435492190296767
20,2,1949.8445997580454,1.9566057153775225E-4,1.5435493596684797
20,2,1995.262314968881,2.0021957493633345E-4,1.5435495069570877
20,2,2041.7379446695295,2.0488487756454036E-4,1.543549661210934
20,2,2089.2961308540407,2.0965896309950625E-4,1.5435498227607214
20,2,2137.9620895022326,2.1454437362094578E-4,1.543549991952773
20,2,2187.761623949552,2.1954371101327866E-4,1.5435501691499975
20,2,2238.72113856834,2.246596386049307E-4,1.5435503547521567
20,2,2290.8676527677726,2.2989488190718171E-4,1.5435505491258144
20,2,2344.228815319923,2.352522310457705E-4,1.5435507526953478
20,2,2398.83291901949,2.4073454191682954E-4,1.5435509659042554
20,2,2454.708915685031,2.4634473771826865E-4,1.5435511892113514
20,2,2511.88643150958,2.520858106375667E-4,1.543551423097239
20,2,2570.3957827688646,2.5796082352789296E-4,1.5435516680657226
20,2,2630.2679918953813,2.639729116274351E-4,1.543551924645119
20,2,2691.5348039269165,2.7012528431260625E-4,1.5435521933887486
20,2,2754.2287033381663,2.7642122691797963E-4,1.5435524748770761
20,2,2818.382931264455,2.828641025858613E-4,1.5435527697184694
20,2,2884.031503126606,2.8945735417034763E-4,1.5435530785504101
20,2,2951.209226666387,2.9620450620602637E-4,1.5435534020417323
20,2,3019.9517204020162,3.031091669084897E-4,1.5435537408933355
20,2,3090.295432513592,3.101750302482029E-4,1.5435540958404033
20,2,3162.2776601683795,3.17405878065527E-4,1.5435544676534771
20,2,3235.9365692962842,3.248055822641755E-4,1.5435548571410638
20,2,3311.311214825911,3.32378107041358E-4,1.5435552651506312
20,2,3388.4415613920273,3.4012751120573586E-4,1.5435556925713338
20,2,3467.368504525317,3.480579505436746E-4,1.543556140335785
20,2,3548.1338923357566,3.5617368025739685E-4,1.5435566094220525
20,2,3630.780547701014,3.644790574824768E-4,1.543557100856503
20,2,3715.3522909717276,3.7297854386522975E-4,1.5435576157157533
20,2,3801.8939632056126,3.816767082267123E-4,1.5435581551295388
20,2,3890.4514499428046,3.905782293013198E-4,1.5435587202833225
20,2,3981.0717055349733,3.9968789855918634E-4,1.5435593124211935
20,2,4073.802778041126,4.0901062311364436E-4,1.54355993284887
20,2,4168.693834703355,4.1855142872161336E-4,1.5435605829370125
20,2,4265.795188015925,4.2831546287883327E-4,1.543561264124782
20,2,4365.158322401661,4.383079979944866E-4,1.543561977922683
20,2,4466.835921509631,4.48534434700089E-4,1.5435627259172124
20,2,4570.881896148751,4.590003052403202E-4,1.5435635097745124
20,2,4677.351412871981,4.697112769797528E-4,1.5435643312444376
20,2,4786.300923226385,4.80673156035963E-4,1.5435651921652769
20,2,4897.7881936844615,4.918918910271363E-4,1.5435660944684781
20,2,5011.872336272725,5.033735769522044E-4,1.5435670401835992
20,2,5128.613839913648,5.151244592041404E-4,1.5435680314436846
20,2,5248.074602497728,5.271509377310017E-4,1.5435690704910066
20,2,5370.317963702527,5.394595713431202E-4,1.5435701596830818
20,2,5495.408738576249,5.520570821691491E-4,1.543571301498584
20,2,5623.413251903491,5.649503603135081E-4,1.5435724985451256
20,2,5754.399373371572,5.781464686332681E-4,1.543573753565089
20,2,5888.43655355589,5.916526477774137E-4,1.543575069444906
20,2,6025.5958607435805,6.054763213444975E-4,1.5435764492217252
20,2,6165.9500186148225,6.196251013182959E-4,1.5435778960931832
20,2,6309.573444801937,6.341067936833419E-4,1.543579413426066
20,2,6456.542290346556,6.489294042983453E-4,1.5435810047663767
20,2,6606.9344800759645,6.641011450229049E-4,1.543582673849982
20,2,6760.829753919819,6.796304401045144E-4,1.5435844246136352
20,2,6918.309709189362,6.955259328712764E-4,1.543586261207327
20,2,7079.457843841381,7.117964927180309E-4,1.5435881880068956
20,2,7244.359600749898,7.284512224491243E-4,1.5435902096282912
20,2,7413.102413009177,7.454994659340484E-4,1.5435923309415547
20,2,7585.775750291836,7.629508162060887E-4,1.5435945570875054
20,2,7762.4711662869195,7.808151239207586E-4,1.5435968934940996
20,2,7943.282347242814,7.991025063066795E-4,1.5435993458952444
20,2,8128.305161640995,8.178233565787626E-4,1.5436019203504592
20,2,8317.63771102671,8.369883538476631E-4,1.5436046232652079
20,2,8511.380382023768,8.566084736795919E-4,1.5436074614150643
20,2,8709.635899560806,8.766949991862703E-4,1.543610441969302
20,2,8912.509381337459,8.972595328343172E-4,1.543613572517604
20,2,9120.108393559096,9.183140090086333E-4,1.5436168610992766
20,2,9332.543007969914,9.398707073560232E-4,1.543620316234123
20,2,9549.92586021436,9.619422670082896E-4,1.543623946955807
20,2,9772.372209558112,9.845417018074939E-4,1.5436277628486708
20,2,10000,0.0010076824166040345,1.5436317740876604
20,2,10232.929922807536,0.001031378224708128,1.543635991480985
20,2,10471.285480509006,0.001055643366699074,1.5436404265176078
20,2,10715.193052376071,0.0010804925306560434,1.543645091418144
20,2,10964.78196143185,0.001105940874020449,1.5436499991907664
20,2,11220.18454301963,0.0011320040472926056,1.5436551636927434
20,2,11481.53621496884,0.0011586982196934948,1.5436605996967738
20,2,11748.975549395303,0.0011860401071465145,1.543666322964747
20,2,12022.644346174131,0.0012140470028092684,1.543672350328694
20,2,12302.68770812381,0.0012427368103892274,1.5436786997782306
20,2,12589.254117941662,0.001272128080840407,1.5436853905594203
20,2,12882.495516931349,0.0013022400525970752,1.543692443281127
20,2,13182.567385564074,0.0013330926961350094,1.543699880035175
20,2,13489.628825916532,0.0013647067631778463,1.5437077245269502
20,2,13803.842646028837,0.0013971038414130913,1.543716002221254
20,2,14125.375446227554,0.001430306415524743,1.543724740504794
20,2,14454.39770745928,0.0014643379353891926,1.5437339688660563
20,2,14791.083881682072,0.001499222892601733,1.543743719095392
20,2,15135.612484362071,0.0015349869067906986,1.5437540255098439
20,2,15488.166189124828,0.0015716568231093774,1.543764925202943
20,2,15848.93192461114,0.0016092608229777816,1.5437764583252243
20,2,16218.100973589299,0.0016478285503734307,1.5437886683997333
20,2,16595.869074375598,0.0016873912562716284,1.5438016026748185
20,2,16982.43652461746,0.0017279819648620882,1.5438153125232543
20,2,17378.00828749376,0.0017696356654732133,1.5438298538913966
20,2,17782.794100389227,0.0018123895353642143,1.5438452878071325
20,2,18197.008586099826,0.001856283199478814,1.543861680953415
20,2,18620.871366628693,0.001901359035116647,1.5438791063193442
20,2,19054.607179632483,0.0019476625309624038,1.5438976439371064
20,2,19498.445997580457,0.0019952427127417154,1.5439173817183054
20,2,19952.62314968879,0.002044152650856534,1.5439384164028034
20,2,20417.379446695315,0.002094450069546945,1.5439608546339636
20,2,20892.96130854041,0.002146198082819674,1.5439848141755992
20,2,21379.620895022323,0.002199466089904677,1.5440104252861835
20,2,21877.616239495517,0.002254330872571218,1.5440378322591746
20,2,22387.211385683422,0.0023108779513522685,1.544067195141673
20,2,22908.676527677748,0.0023692032748691763,1.544098691618657
20,2,23442.288153199228,0.002429415344941946,1.544132519047463
20,2,23988.329190194898,0.002491637914713117,1.5441688965705094
20,2,24547.089156850285,0.0025560134519975164,1.5442080671850624
20,2,25118.864315095823,0.0026227076354906754,1.5442502995246081
20,2,25703.957827688646,0.0026919152661153216,1.5442958889181226
20,2,26302.679918953814,0.002763868146041824,1.544345156947121
20,2,26915.348039269138,0.0028388457393997385,1.5443984481168425
20,2,27542.28703338169,0.0029171898398530735,1.5444561211877224
20,2,28183.82931264455,0.0029993251293370083,1.5445185307615648
20,2,28840.31503126606,0.003085788598456845,1.5445859910881996
20,2,29512.09226666384,0.003177272647916132,1.544658707152971
20,2,30199.51720402019,0.003274689941648347,1.544736644514549
20,2,30902.95432513592,0.003379274030007714,1.544819281627062
20,2,31622.776601683792,0.0034927411426510257,1.5449051292611158
20,2,32359.36569296281,0.003617561503548807,1.5449907689391085
20,2,33113.11214825915,0.0037574377872041514,1.5450688454112838
20,2,33884.415613920275,0.003918202314143985,1.5451236322203072
20,2,34673.685045253165,0.004109633880383357,1.545120482602835
20,2,35481.33892335753,0.004349521015924415,1.544978132193575
20,2,36307.80547701017,0.004674053869324793,1.544485433298875
20,2,37153.52290971728,0.005170073291229415,1.5429966541428681
20,2,38018.93963205613,0.006111697002279902,1.5379015352096554
20,2,38904.51449942805,0.009053869188634992,1.5100006118645815
20,2,39810.71705534977,0.02352753953733874,-1.0734813227860736
20,2,40738.02778041131,3.419408024830105E-4,0.1934980691147382
20,2,41686.93834703355,0.001976252361304596,1.4816456140443017
20,2,42657.95188015926,0.0027366359182519674,1.517975476473595
20,2,43651.58322401656,0.0031851369980511724,1.5284322294829815
20,2,44668.359215096345,0.0035048471237185326,1.5331232826402506
20,2,45708.818961487515,0.0037607133769116436,1.5357231777399225
20,2,46773.51412871981,0.003981793591299353,1.5373596337150042
20,2,47863.0092322638,0.00418333801843934,1.538482820573088
20,2,48977.881936844664,0.004374498086678016,1.539304430182828
20,5,1,2.564208537657157E-7,1.5443505686878152
20,5,1.023292992280754,2.623936627418756E-7,1.5443505686887145
20,5,1.0471285480508996,2.6850559632386217E-7,1.544350568690265
20,5,1.0715193052376064,2.747598951214954E-7,1.5443505686914287
20,5,1.096478196143185,2.81159875250913E-7,1.5443505686924397
20,5,1.1220184543019633,2.8770893007983504E-7,1.5443505686942658
20,5,1.1481536214968828,2.944105319867758E-7,1.5443505686957386
20,5,1.1748975549395295,3.012682342582751E-7,1.5443505686972732
20,5,1.202264434617413,3.0828567294127647E-7,1.5443505686993095
20,5,1.2302687708123816,3.154665687691164E-7,1.5443505687011232
20,5,1.2589254117941673,3.2281472914791526E-7,1.5443505687030712
20,5,1.288249551693134,3.3033405017634606E-7,1.5443505687052357
20,5,1.318256738556407,3.38028518687171E-7,1.5443505687071366
20,5,1.3489628825916535,3.4590221439834925E-7,1.5443505687094068
20,5,1.3803842646028848,3.5395931203907063E-7,1.544350568711216
20,5,1.4125375446227544,3.622040836036406E-7,1.544350568713626
20,5,1.4454397707459274,3.7064090056808607E-7,1.5443505687159707
20,5,1.4791083881682074,3.7927423625116295E-7,1.5443505687185906
20,5,1.5135612484362082,3.881086681710408E-7,1.5443505687221748
20,5,1.5488166189124815,3.971488804383068E-7,1.5443505687252357
20,5,1.5848931924611136,4.063996663068028E-7,1.5443505687284198
20,5,1.62181009735893,4.158659306685982E-7,1.5443505687321917
20,5,1.6595869074375607,4.2555269265945106E-7,1.544350568736005
20,5,1.6982436524617444,4.3546508839533404E-7,1.5443505687436323
20,5,1.7378008287493754,4.456083734301114E-7,1.5443505687482133
20,5,1.7782794100389228,4.5598792592327675E-7,1.5443505687524988
20,5,1.8197008586099834,4.666092492636494E-7,1.5443505687571921
20,5,1.8620871366628675,4.774779750050027E-7,1.5443505687617523
20,5,1.9054607179632472,4.885998658986561E-7,1.5443505687664412
20,5,1.9498445997580451,4.999808189339033E-7,1.5443505687719554
20,5,1.9952623149688795,5.116268684071552E-7,1.544350568776997
20,5,2.041737944669529,5.235441892454459E-7,1.5443505687828771
20,5,2.0892961308540396,5.357391001508274E-7,1.544350568788721
20,5,2.137962089502232,5.482180670249755E-7,1.544350568794591
20,5,2.1877616239495525,5.609877063807582E-7,1.5443505688004437
20,5,2.23872113856834,5.740547888677979E-7,1.5443505688068984
20,5,2.290867652767773,5.874262428220298E-7,1.5443505688137489
20,5,2.344228815319922,6.011091579647668E-7,1.54435056882114
20,5,2.3988329190194904,6.151107892515387E-7,1.54435056883208
20,5,2.4547089156850306,6.29438560351246E-7,1.5443505688400243
20,5,2.51188643150958,6.441000681181054E-7,1.5443505688480665
20,5,2.570395782768864,6.591030863007398E-7,1.5443505688568577
20,5,2.6302679918953817,6.744555696749839E-7,1.5443505688654857
20,5,2.6915348039269156,6.901656583636123E-7,1.544350568875107
20,5,2.7542287033381663,7.062416820473717E-7,1.5443505688851897
20,5,2.8183829312644537,7.226921644488465E-7,1.544350568895662
20,5,2.884031503126606,7.39525827875186E-7,1.5443505689079755
20,5,2.951209226666386,7.567515977555903E-7,1.5443505689217927
20,5,3.019951720402016,7.743786073147509E-7,1.5443505689338146
20,5,3.0902954325135905,7.924162026633572E-7,1.5443505689453185
20,5,3.1622776601683795,8.108739476353434E-7,1.5443505689580652
20,5,3.2359365692962827,8.297616287278813E-7,1.5443505689707244
20,5,3.311311214825911,8.490892604835169E-7,1.5443505689844284
20,5,3.3884415613920256,8.688670906071859E-7,1.5443505689976855
20,5,3.4673685045253166,8.891056056592156E-7,1.5443505690124941
20,5,3.548133892335755,9.098155363356293E-7,1.5443505690282302
20,5,3.630780547701014,9.310078633117024E-7,1.5443505690445807
20,5,3.715352290971726,9.526938230592326E-7,1.5443505690622
20,5,3.8018939632056115,9.748849139016602E-7,1.5443505690838035
20,5,3.890451449942806,9.975929015770757E-7,1.544350569103175
20,5,3.9810717055349722,1.020829826317001E-6,1.5443505691238193
20,5,4.073802778041127,1.0446080086235517E-6,1.544350569145346
20,5,4.168693834703354,1.0689400561308336E-6,1.544350569170179
20,5,4.265795188015927,1.0938388697926093E-6,1.544350569193483
20,5,4.36515832240166,1.1193176514509131E-6,1.5443505692186534
20,5,4.466835921509632,1.1453899103545482E-6,1.5443505692465687
20,5,4.570881896148751,1.17206947022373E-6,1.5443505692747994
20,5,4.677351412871983,1.199370476940723E-6,1.5443505693032833
20,5,4.786300923226384,1.2273074058592672E-6,1.544350569332368
20,5,4.8977881936844625,1.2558950696166084E-6,1.5443505693637174
20,5,5.011872336272724,1.2851486257835587E-6,1.5443505693973398
20,5,5.1286138399136485,1.3150835850074772E-6,1.5443505694334827
20,5,5.248074602497725,1.3457158190115027E-6,1.5443505694687085
20,5,5.370317963702527,1.377061569752014E-6,1.5443505695087116
20,5,5.495408738576246,1.4091374567933543E-6,1.5443505695472575
20,5,5.623413251903491,1.4419604876215852E-6,1.5443505695910256
20,5,5.7543993733715695,1.4755480650264876E-6,1.5443505696331827
20,5,5.88843655355589,1.5099179977037898E-6,1.5443505696757776
20,5,6.025595860743578,1.545088509399284E-6,1.544350569723396
20,5,6.165950018614822,1.5810782478459858E-6,1.5443505697742335
20,5,6.309573444801933,1.6179062953425872E-6,1.544350569828417
20,5,6.456542290346556,1.6555921785154364E-6,1.5443505698847708
20,5,6.606934480075961,1.6941558789235751E-6,1.5443505699427968
20,5,6.760829753919819,1.7336178434514193E-6,1.5443505700012747
20,5,6.918309709189364,1.7739989956032907E-6,1.544350570063281
20,5,7.079457843841379,1.8153207462150798E-6,1.5443505701308933
20,5,7.244359600749901,1.857605004349167E-6,1.5443505702006532
20,5,7.413102413009175,1.900874189887342E-6,1.5443505702742881
20,5,7.5857757502918375,1.945151244311433E-6,1.5443505703469198
20,5,7.762471166286917,1.9904596447034655E-6,1.5443505704281804
20,5,7.943282347242816,2.0368234137622964E-6,1.5443505705116882
20,5,8.128305161640993,2.084267134368011E-6,1.5443505705999665
20,5,8.31763771102671,2.132815961583998E-6,1.5443505706903358
20,5,8.511380382023766,2.1824956371791687E-6,1.5443505707875924
20,5,8.709635899560807,2.233332501638687E-6,1.5443505708881358
20,5,8.912509381337456,2.2853535092528757E-6,1.5443505709906469
20,5,9.120108393559097,2.338586242965759E-6,1.5443505711017804
20,5,9.33254300796991,2.3930589271109217E-6,1.544350571217325
20,5,9.549925860214358,2.448800443680172E-6,1.544350571335354
20,5,9.772372209558107,2.505840348347393E-6,1.5443505714628278
20,5,10,2.5642088841870676E-6,1.5443505715968968
20,5,10.232929922807541,2.6239369983329044E-6,1.5443505717312656
20,5,10.471285480508996,2.685056360951152E-6,1.5443505718785984
20,5,10.715193052376065,2.74759937738857E-6,1.5443505720301878
20,5,10.964781961431852,2.811599209437593E-6,1.5443505721908404
20,5,11.220184543019636,2.8770897899687288E-6,1.5443505723540272
20,5,11.481536214968829,2.944105844320163E-6,1.544350572530165
20,5,11.748975549395297,3.012682904287229E-6,1.5443505727105653
20,5,12.02264434617413,3.082857331333712E-6,1.544350572901863
20,5,12.302687708123818,3.154666332700656E-6,1.5443505731021618
20,5,12.589254117941675,3.228147982659433E-6,1.5443505733117917
20,5,12.882495516931343,3.3033412425186447E-6,1.5443505735322278
20,5,13.182567385564074,3.3802859801445373E-6,1.5443505737585015
20,5,13.48962882591654,3.4590229943356512E-6,1.544350574000997
20,5,13.803842646028853,3.5395940314481457E-6,1.5443505742514083
20,5,14.125375446227547,3.622041812225848E-6,1.5443505745149264
20,5,14.454397707459272,3.706410052035494E-6,1.544350574792831
20,5,14.791083881682072,3.7927434835222598E-6,1.544350575080765
20,5,15.13561248436208,3.8810878827058206E-6,1.544350575383073
20,5,15.488166189124811,3.971490091186216E-6,1.5443505756994544
20,5,15.848931924611133,4.063998042008928E-6,1.5443505760322103
20,5,16.218100973589298,4.1586607842959556E-6,1.5443505763803513
20,5,16.595869074375607,4.2555285096865915E-6,1.5443505767435293
20,5,16.982436524617444,4.354652579557617E-6,1.5443505771249613
20,5,17.378008287493753,4.456085550876751E-6,1.5443505775228978
20,5,17.78279410038923,4.5598812057222545E-6,1.5443505779406705
20,5,18.197008586099834,4.6660945783447845E-6,1.5443505783784346
20,5,18.620871366628677,4.7747819850140165E-6,1.544350578836771
20,5,19.054607179632473,4.886001053956367E-6,1.5443505793170462
20,5,19.498445997580454,4.999810755207278E-6,1.544350579818205
20,5,19.952623149688797,5.116271433682358E-6,1.5443505803446522
20,5,20.417379446695296,5.235444838749696E-6,1.5443505808959332
20,5,20.892961308540396,5.3573941577185715E-6,1.5443505814693672
20,5,21.379620895022324,5.4821840528393884E-6,1.5443505820755328
20,5,21.87761623949553,5.609880688137345E-6,1.5443505827065338
20,5,22.3872113856834,5.740551772759673E-6,1.5443505833706181
20,5,22.908676527677734,5.874266589762237E-6,1.5443505840624305
20,5,23.442288153199225,6.011096038948288E-6,1.5443505847890933
20,5,23.98832919019491,6.151112669515908E-6,1.5443505855479263
20,5,24.547089156850312,6.294390722538894E-6,1.5443505863449911
20,5,25.11886431509581,6.44100616573291E-6,1.5443505871759506
20,5,25.703957827688633,6.591036740454085E-6,1.5443505880508128
20,5,26.302679918953814,6.744561994863757E-6,1.5443505889651108
20,5,26.915348039269155,6.901663331619116E-6,1.5443505899200773
20,5,27.542287033381662,7.062424051551548E-6,1.5443505909235258
20,5,28.183829312644534,7.2269293928882946E-6,1.5443505919733922
20,5,28.84031503126606,7.3952665804130646E-6,1.5443505930703043
20,5,29.512092266663856,7.567524872505958E-6,1.5443505942214784
20,5,30.19951720402016,7.743795604348923E-6,1.5443505954261243
20,5,30.902954325135905,7.924172239958587E-6,1.5443505966874214
20,5,31.622776601683793,8.108750420162187E-6,1.544350598007802
20,5,32.359365692962825,8.297628014468962E-6,1.5443505993914541
20,5,33.11311214825911,8.490905170695483E-6,1.5443506008386654
20,5,33.884415613920254,8.688684371338744E-6,1.5443506023548956
20,5,34.673685045253166,8.891070481557702E-6,1.5443506039336872
20,5,35.48133892335755,9.098170817938517E-6,1.5443506055903808
20,5,36.30780547701014,9.310095192043176E-6,1.544350607327609
20,5,37.15352290971726,9.526955974429585E-6,1.5443506091507453
20,5,38.018939632056124,9.74886815067095E-6,1.5443506110589396
20,5,38.90451449942807,9.975949386446363E-6,1.5443506130550175
20,5,39.810717055349734,1.020832008708117E-5,1.544350615139313
20,5,40.73802778041128,1.044610347095073E-5,1.5443506173293478
20,5,41.68693834703355,1.0689425617117248E-5,1.5443506196219974
20,5,42.657951880159274,1.0938415546429058E-5,1.5443506220244525
20,5,43.65158322401661,1.1193205283314157E-5,1.5443506245395446
20,5,44.668359215096324,1.1453929929044071E-5,1.544350627173283
20,5,45.708818961487516,1.1720727733183212E-5,1.544350629932921
20,5,46.77351412871981,1.1993740161586145E-5,1.5443506328181813
20,5,47.86300923226383,1.2273111983536596E-5,1.544350635843271
20,5,48.97788193684461,1.2558991334047594E-5,1.5443506390100579
20,5,50.11872336272722,1.2851529801829113E-5,1.544350642325563
20,5,51.28613839913648,1.3150882507230128E-5,1.5443506457968128
20,5,52.48074602497726,1.3457208185133627E-5,1.5443506494325496
20,5,53.70317963702527,1.3770669266627525E-5,1.5443506532386457
20,5,54.954087385762456,1.409143196971258E-5,1.5443506572254502
20,5,56.23413251903491,1.44196663816227E-5,1.544350661398631
20,5,57.543993733715695,1.4755546555665157E-5,1.5443506657693566
20,5,58.8843655355589,1.5099250598241547E-5,1.5443506703459744
20,5,60.25595860743578,1.5450960766335382E-5,1.5443506751387273
20,5,61.65950018614822,1.5810863564027588E-5,1.5443506801591338
20,5,63.09573444801933,1.6179149836239104E-5,1.5443506854129252
20,5,64.56542290346556,1.655601488064279E-5,1.5443506909148823
20,5,66.06934480075961,1.694165854311503E-5,1.5443506966771916
20,5,67.60829753919819,1.7336285324730088E-5,1.5443507027109993
20,5,69.18309709189366,1.7740104491690507E-5,1.5443507090281916
20,5,70.79457843841381,1.8153330190640028E-5,1.5443507156465037
20,5,72.44359600749902,1.85761815477685E-5,1.5443507225720021
20,5,74.13102413009177,1.900888280882471E-5,1.544350729827231
20,5,75.8577575029184,1.945166343473805E-5,1.5443507374239849
20,5,77.6247116628692,1.9904758236463665E-5,1.544350745377604
20,5,79.43282347242817,2.0368407498513566E-5,1.5443507537067684
20,5,81.28305161640995,2.0842857104047314E-5,1.5443507624293313
20,5,83.17637711026708,2.1328358669814125E-5,1.54435077156837
20,5,85.11380382023764,2.1825169667235423E-5,1.5443507811376582
20,5,87.09635899560806,2.233355357144039E-5,1.5443507911563268
20,5,89.12509381337455,2.285378000153219E-5,1.5443508016471152
20,5,91.20108393559097,2.338612485579362E-5,1.54435081262963
20,5,93.3254300796991,2.3930870468390947E-5,1.5443508241301431
20,5,95.49925860214358,2.448830574973603E-5,1.544350836171492
20,5,97.72372209558107,2.5058726347356508E-5,1.5443508487809452
20,5,100,2.564243479699433E-5,1.5443508619841513
20,5,102.32929922807547,2.623974069344335E-5,1.5443508758142157
20,5,104.71285480508996,2.685096083254131E-5,1.5443508902920222
20,5,107.1519305237607,2.7476419409804432E-5,1.5443509054523477
20,5,109.64781961431851,2.8116448173849184E-5,1.5443509213277216
20,5,112.2018454301963,2.877138660963993E-5,1.5443509379538274
20,5,114.81536214968828,2.9441582104697525E-5,1.544350955358818
20,5,117.48975549395291,3.0127390166032378E-5,1.5443509735877665
20,5,120.22644346174131,3.0829174574135644E-5,1.5443509926755432
20,5,123.02687708123811,3.154730759698774E-5,1.5443510126633497
20,5,125.89254117941675,3.2282170183238406E-5,1.5443510335936375
20,5,128.82495516931337,3.303415216033928E-5,1.5443510555082667
20,5,131.82567385564073,3.380365245979321E-5,1.5443510784597096
20,5,134.89628825916532,3.459107929979393E-5,1.5443511024913428
20,5,138.03842646028852,3.539685043330176E-5,1.544351127657853
20,5,141.2537544622754,3.6221393349078005E-5,1.544351154010924
20,5,144.5439770745928,3.706514551007676E-5,1.5443511816065585
20,5,147.91083881682073,3.792855458315215E-5,1.5443512105031731
20,5,151.35612484362088,3.8812078678801545E-5,1.5443512407608295
20,5,154.88166189124811,3.9716186602623826E-5,1.5443512724476591
20,5,158.48931924611142,4.064135809000885E-5,1.5443513056288272
20,5,162.18100973589299,4.1588084070239386E-5,1.5443513403731288
20,5,165.95869074375614,4.255686693868906E-5,1.544351376757453
20,5,169.82436524617444,4.3548220811683923E-5,1.544351414859648
20,5,173.78008287493762,4.456267179492166E-5,1.5443514547563488
20,5,177.82794100389228,4.560075829380885E-5,1.5443514965367169
20,5,181.97008586099844,4.6663031268417147E-5,1.5443515402874946
20,5,186.20871366628674,4.775005454444452E-5,1.5443515861000177
20,5,190.54607179632484,4.886240512909587E-5,1.5443516340771695
20,5,194.98445997580455,5.000067348115997E-5,1.5443516843162508
20,5,199.52623149688807,5.116546386382849E-5,1.5443517369252981
20,5,204.17379446695296,5.2357394657264815E-5,1.5443517920178298
20,5,208.92961308540387,5.357709868005573E-5,1.5443518497093862
20,5,213.79620895022325,5.482522354133228E-5,1.5443519101228127
20,5,218.77616239495518,5.610243199620008E-5,1.544351973391594
20,5,223.872113856834,5.7409402255476065E-5,1.5443520396413255
20,5,229.08676527677724,5.87468284180878E-5,1.5443521090177192
20,5,234.42288153199226,6.011542081091175E-5,1.5443521816724781
20,5,239.88329190194898,6.151590634483645E-5,1.5443522577547368
20,5,245.4708915685031,6.294902895472982E-5,1.5443523374284833
20,5,251.18864315095797,6.441554997409899E-5,1.5443524208644253
20,5,257.03957827688646,6.591624855118895E-5,1.5443525082413894
20,5,263.02679918953817,6.745192205459247E-5,1.5443525997415546
20,5,269.1534803926917,6.902338654910499E-5,1.544352695566576
20,5,275.4228703338166,7.063147716878E-5,1.5443527959146395
20,5,281.8382931264455,7.227704863494659E-5,1.5443529010031904
20,5,288.40315031266056,7.396097568008907E-5,1.5443530110559978
20,5,295.1209226666387,7.568415354286386E-5,1.544353126309944
20,5,301.9951720402016,7.74474984239075E-5,1.54435324700779
20,5,309.0295432513592,7.925194802694037E-5,1.5443533734096782
20,5,316.22776601683796,8.109846203915413E-5,1.5443535057854696
20,5,323.5936569296284,8.298802267196168E-5,1.5443536444211103
20,5,331.1311214825911,8.492163516127501E-5,1.5443537896082353
20,5,338.84415613920277,8.690032837148606E-5,1.5443539416607854
20,5,346.73685045253166,8.892515532086443E-5,1.544354100904124
20,5,354.81338923357566,9.099719377311273E-5,1.5443542676810553
20,5,363.0780547701014,9.311754680286602E-5,1.5443544423454074
20,5,371.5352290971724,9.528734345703894E-5,1.544354625275424
20,5,380.1893963205613,9.750773930550976E-5,1.544354816859367
20,5,389.04514499428046,9.977991715853984E-5,1.544355017512781
20,5,398.1071705534973,1.0210508765430379E-4,1.544355227666433
20,5,407.3802778041126,1.044844899593936E-4,1.5443554477715848
20,5,416.8693834703355,1.0691939244222441E-4,1.5443556783002883
20,5,426.57951880159254,1.0941109340584847E-4,1.5443559197500536
20,5,436.5158322401661,1.1196092177983858E-4,1.5443561726402366
20,5,446.683592150963,1.1457023789352134E-4,1.5443564375174283
20,5,457.0881896148752,1.1724043421599965E-4,1.5443567149537927
20,5,467.73514128719813,1.1997293299152212E-4,1.5443570049584734
20,5,478.6300923226385,1.2276919922951627E-4,1.5443573092743608
20,5,489.77881936844614,1.256307240235098E-4,1.5443576280626754
20,5,501.18723362727246,1.2855903631986854E-4,1.5443579619861074
20,5,512.8613839913648,1.3155570143689394E-4,1.544358311761029
20,5,524.8074602497728,1.3462232193161308E-4,1.5443586781518779
20,5,537.0317963702527,1.3776053840801512E-4,1.5443590619528236
20,5,549.5408738576248,1.4097203050296436E-4,1.5443594639982994
20,5,562.341325190349,1.4425851784208518E-4,1.5443598851623705
20,5,575.4399373371573,1.476217610541109E-4,1.5443603263637153
20,5,588.843655355589,1.5106356277202443E-4,1.5443607885640136
20,5,602.5595860743581,1.5458576872410214E-4,1.54436127277609
20,5,616.5950018614822,1.581902687373541E-4,1.5443617800547456
20,5,630.9573444801937,1.6187899794416292E-4,1.5443623115122103
20,5,645.6542290346556,1.6565393791366067E-4,1.544362868318833
20,5,660.6934480075957,1.6951711775206387E-4,1.5443634516942215
20,5,676.0829753919819,1.7347061540770492E-4,1.544364062923189
20,5,691.8309709189363,1.7751655890099345E-4,1.5443647033544587
20,5,707.945784384138,1.8165712758554253E-4,1.5443653744020287
20,5,724.4359600749899,1.858945535212881E-4,1.5443660775519383
20,5,741.3102413009177,1.9023112281374926E-4,1.5443668143633769
20,5,758.5775750291835,1.9466917705328183E-4,1.544367586474518
20,5,776.247116628692,1.992111147423576E-4,1.544368395603736
20,5,794.3282347242813,2.038593928539523E-4,1.5443692435582983
20,5,812.8305161640995,2.0861652835733305E-4,1.5443701322368808
20,5,831.7637711026708,2.1348509978703177E-4,1.5443710636294061
20,5,851.1380382023768,2.1846774902572702E-4,1.5443720398350085
20,5,870.9635899560806,2.2356718288252202E-4,1.5443730630525039
20,5,891.2509381337459,2.2878617499461854E-4,1.5443741355986813
20,5,912.0108393559096,2.341275675779174E-4,1.5443752599049405
20,5,933.2543007969915,2.3959427342030092E-4,1.5443764385328225
20,5,954.992586021436,2.4518927776852377E-4,1.5443776741710917
20,5,977.2372209558112,2.5091564044483886E-4,1.544378969649085
20,5,1000,2.567764980282146E-4,1.5443803279500135
20,5,1023.2929922807547,2.6277506593453255E-4,1.5443817522064072
20,5,1047.1285480508996,2.6891464086196363E-4,1.5443832457213917
20,5,1071.519305237607,2.7519860305297766E-4,1.5443848119676042
20,5,1096.4781961431852,2.816304188792866E-4,1.544386454604719
20,5,1122.018454301964,2.8821364432872205E-4,1.5443881775556128
20,5,1148.1536214968828,2.94951935724792E-4,1.5443899856323366
20,5,1174.8975549395302,3.0184901239592834E-4,1.5443918814694761
20,5,1202.2644346174131,3.089087230490262E-4,1.5443938704206968
20,5,1230.268770812381,3.1613500595896894E-4,1.544395957252035
20,5,1258.9254117941675,3.235319028758077E-4,1.5443981469885504
20,5,1288.2495516931335,3.311035624751687E-4,1.5444004449339443
20,5,1318.2567385564075,3.388542439970839E-4,1.544402856693623
20,5,1348.9628825916532,3.467883208697482E-4,1.5444053881847364
20,5,1380.3842646028852,3.549102847160355E-4,1.5444080456613631
20,5,1412.537544622754,3.632247494742022E-4,1.5444108357343957
20,5,1445.439770745928,3.7173645585888797E-4,1.5444137653988852
20,5,1479.1083881682073,3.804502757940278E-4,1.544416842050059
20,5,1513.5612484362086,3.893712176341066E-4,1.5444200735273808
20,5,1548.816618912481,3.9850443094081525E-4,1.544423468121074
20,5,1584.893192461114,4.0785521237207467E-4,1.5444270346267697
20,5,1621.8100973589299,4.174290113664322E-4,1.5444307823688375
20,5,1659.5869074375614,4.272314363576913E-4,1.5444347212372838
20,5,1698.2436524617442,4.372682614731096E-4,1.5444388617309
20,5,1737.8008287493763,4.47545433739241E-4,1.544443215005864
20,5,1778.2794100389228,4.580690805762297E-4,1.5444477929160618
20,5,1819.7008586099844,4.6884551819959886E-4,1.5444526080784193
20,5,1862.0871366628676,4.7988126006947137E-4,1.5444576739103528
20,5,1905.4607179632483,4.911830268389305E-4,1.5444630047153791
20,5,1949.8445997580454,5.027577562960822E-4,1.5444686157365053
20,5,1995.262314968881,5.146126146663699E-4,1.5444745232390829
20,5,2041.7379446695295,5.267550086963047E-4,1.5444807445946447
20,5,2089.2961308540407,5.391925987488105E-4,1.5444872983689237
20,5,2137.9620895022326,5.519333130991644E-4,1.5444942044201546
20,5,2187.761623949552,5.649853638599995E-4,1.5445014840192661
20,5,2238.72113856834,5.783572692251216E-4,1.5445091601636798
20,5,2290.8676527677726,5.920578524411619E-4,1.5445172569410264
20,5,2344.228815319923,6.06096292150853E-4,1.5445258008222345
20,5,2398.83291901949,6.204821263674123E-4,1.5445348200784699
20,5,2454.708915685031,6.352252832447682E-4,1.5445443451637162
20,5,2511.88643150958,6.50336109243387E-4,1.544554408905592
20,5,2570.3957827688646,6.6582540152078E-4,1.5445650467497665
20,5,2630.2679918953813,6.817044440663147E-4,1.5445762970268424
20,5,2691.5348039269165,6.979850480183814E-4,1.5445882012406793
20,5,2754.2287033381663,7.146795972597459E-4,1.5446008043967998
20,5,2818.382931264455,7.318011005306068E-4,1.5446141553819972
20,5,2884.031503126606,7.493632501903099E-4,1.5446283073829405
20,5,2951.209226666387,7.673804900654499E-4,1.544643318376218
20,5,3019.9517204020162,7.858680925893319E-4,1.5446592516685096
20,5,3090.295432513592,8.048422473265748E-4,1.5446761765009127
20,5,3162.2776601683795,8.243201654591807E-4,1.5446941687988696
20,5,3235.9365692962842,8.443201984036108E-4,1.544713311949948
20,5,3311.311214825911,8.648619787840733E-4,1.5447336977653419
20,5,3388.4415613920273,8.859665848662669E-4,1.544755427559182
20,5,3467.368504525317,9.076567338420657E-4,1.5447786133784158
20,5,3548.1338923357566,9.299570137155135E-4,1.544803379490893
20,5,3630.780547701014,9.528941569390342E-4,1.5448298640424811
20,5,3715.3522909717276,9.764973719001568E-4,1.5448582210613004
20,5,3801.8939632056126,0.0010007987408530237,1.5448886227441898
20,5,3890.4514499428046,0.001025833706654367,1.544921262202925
20,5,3981.0717055349733,0.001051641667952073,1.544956356671348
20,5,4073.802778041126,0.0010782667136767306,1.5449941512923047
20,5,4168.693834703355,0.001105758539509194,1.5450349236487073
20,5,4265.795188015925,0.0011341735966094628,1.5450789891039844
20,5,4365.158322401661,0.0011635765523401048,1.5451267072458357
20,5,4466.835921509631,0.001194042155853013,1.5451784894721694
20,5,4570.881896148751,0.0012256576595666272,1.5452348081289227
20,5,4677.351412871981,0.0012585259921481795,1.5452962073526857
20,5,4786.300923226385,0.0012927699720786648,1.5453633158826399
20,5,4897.7881936844615,0.0013285379835967525,1.5454368619816374
20,5,5011.872336272725,0.0013660117712693545,1.545517690770811
20,5,5128.613839913648,0.0014054172434946237,1.5456067824078905
20,5,5248.074602497728,0.0014470399155765714,1.5457052710617118
20,5,5370.317963702527,0.0014912472923827667,1.5458144589051028
20,5,5495.408738576249,0.0015385222678255526,1.5459358165756736
20,5,5623.413251903491,0.001589514384004991,1.5460709487433013
20,5,5754.399373371572,0.0016451211943023256,1.5462214778845775
20,5,5888.43655355589,0.0017066226106975393,1.5463887395399203
20,5,6025.5958607435805,0.0017759133910344835,1.5465730370218838
20,5,6165.9500186148225,0.0018559290146930414,1.5467718284006728
20,5,6309.573444801937,0.0019514828616964469,1.5469751704877472
20,5,6456.542290346556,0.00207106702436271,1.547153501130773
20,5,6606.9344800759645,0.0022312178943308613,1.547221356474298
20,5,6760.829753919819,0.002469033911231785,1.5469115826415658
20,5,6918.309709189362,0.00288862397383735,1.545217229615763
20,5,7079.457843841381,0.00393704549233798,1.536475997382418
20,5,7244.359600749898,0.014232148824625198,1.3807127664930399
20,5,7413.102413009177,0.0016531188758189957,-1.4250091888403458
20,5,7585.775750291836,3.278726360955464E-4,1.3032536568960598
20,5,7762.4711662869195,9.042790640574225E-4,1.497374028044228
20,5,7943.282347242814,0.0012041293146597821,1.5202762204392493
20,5,8128.305161640995,0.0013987977724652886,1.5285055308988307
20,5,8317.63771102671,0.0015432546371907075,1.5326129320685593
20,5,8511.380382023768,0.0016602024549121435,1.5350382348261409
20,5,8709.635899560806,0.0017607233604387223,1.5366265149187157
20,5,8912.509381337459,0.001850880837017703,1.5377427349058748
20,5,9120.108393559096,0.001934282206824892,1.538568640719814
20,5,9332.543007969914,0.0020132178819243216,1.539204318902502
20,5,9549.92586021436,0.002089221542074718,1.5397091972840786
20,5,9772.372209558112,0.0021633680373286,1.5401206988136351
20,5,10000,0.002236442169001264,1.5404635356170617
20,5,10232.929922807536,0.002309039565810319,1.5407546844299922
20,5,10471.285480509006,0.0023816299069405644,1.541006210397898
20,5,10715.193052376071,0.0024545984005144438,1.5412269499983329
20,5,10964.78196143185,0.002528274350889909,1.5414235570400376
20,5,11220.18454301963,0.002602952005525801,1.541601177706454
20,5,11481.53621496884,0.002678906949857054,1.5417639032572368
20,5,11748.975549395303,0.0027564106411821247,1.5419151183664677
20,5,12022.644346174131,0.002835741710340638,1.542057421205795
20,5,12302.68770812381,0.0029172067358947465,1.5421935787842131
20,5,12589.254117941662,0.003001152088624459,1.5423256759683366
20,5,12882.495516931349,0.0030879924621505365,1.5424558422797023
20,5,13182.567385564074,0.0031782455256479914,1.5425861714813405
20,5,13489.628825916532,0.0032725863946035283,1.5427188106001704
20,5,13803.842646028837,0.003371935375328067,1.5428560170100745
20,5,14125.375446227554,0.003477607149271688,1.5430001508211204
20,5,14454.39770745928,0.003591579883125815,1.543153478790571
20,5,14791.083881682072,0.0037170158784053057,1.5433174083583785
20,5,15135.612484362071,0.0038593606609621917,1.5434899057360365
20,5,15488.166189124828,0.004028943136152021,1.5436565424328181
20,5,15848.93192461114,0.004248176927921493,1.5437553869846266
20,5,16218.100973589299,0.004576839811238806,1.543503394484641
20,5,16595.869074375598,0.005246425391948412,1.5410607028059746
20,5,16982.43652461746,0.008844119988057694,1.4977913017793325
20,5,17378.00828749376,0.0010269859509569202,1.2541547428229365
20,5,17782.794100389227,0.0030000304855961595,1.5216694661982562
20,5,18197.008586099826,0.0035569601888174496,1.5335639021719198
20,5,18620.871366628693,0.003867968027667283,1.5371148502565508
20,5,19054.607179632483,0.004095047571068082,1.5387634340352834
20,5,19498.445997580457,0.004285070024798868,1.5397137425523728
20,5,19952.62314968879,0.004456783407822723,1.5403395058522737
20,5,20417.379446695315,0.004619326812434694,1.540791868460589
20,5,20892.96130854041,0.004777876157681889,1.5411432436912411
20,5,21379.620895022323,0.004935798626500911,1.541432896938419
20,5,21877.616239495517,0.005095635968627395,1.5416844226143505
20,5,22387.211385683422,0.00525965285170218,1.5419134525068008
20,5,22908.676527677748,0.005430239191575445,1.5421312798409728
20,5,23442.288153199228,0.0056103723915958414,1.5423479672569764
20,5,23988.329190194898,0.005804238385591634,1.542571607550077
20,5,24547.089156850285,0.0060185024092722856,1.5428107847768544
20,5,25118.864315095823,0.0062650067106406375,1.5430724171978512
20,5,25703.957827688646,0.006567739300145399,1.543353504847883
20,5,26302.679918953814,0.006984820035178852,1.5435941456684328
20,5,26915.348039269138,0.007704808202477334,1.543342124075015
20,5,27542.28703338169,0.009889041330327704,1.53679930463779
20,5,28183.82931264455,0.0058257870216871805,-1.2600070768156073
20,5,28840.31503126606,0.004367047786295676,1.5146945161390613
20,5,29512.09226666384,0.005550325581907432,1.53251307076406
20,5,30199.51720402019,0.006111998073087802,1.5365884243504202
20,5,30902.95432513592,0.006496624631039456,1.5383560306215986
20,5,31622.776601683792,0.006809190104560935,1.5393024204589785
20,5,32359.36569296281,0.0070878462843436685,1.5399268282090657
20,5,33113.11214825915,0.0073500685009608695,1.5403764356144634
20,5,33884.415613920275,0.007605436566991539,1.5407263009055963
20,5,34673.685045253165,0.007860135131570595,1.5410164006825051
20,5,35481.33892335753,0.0081189162346262,1.5412695436020332
20,5,36307.80547701017,0.008386410758998174,1.5415038873878335
20,5,37153.52290971728,0.008667845520234141,1.5417273814047723
20,5,38018.93963205613,0.008970659680251524,1.5419482629566525
20,5,38904.51449942805,0.00930697775652429,1.542168718661385
20,5,39810.71705534977,0.009699814811296984,1.542375904524895
20,5,40738.02778041131,0.010201452101163128,1.5424952726324073
20,5,41686.93834703355,0.010968095577796112,1.5421001564645436
20,5,42657.95188015926,0.01280225614932202,1.536957056377453
20,5,43651.58322401656,0.02387524320205794,-0.7737757187694434
20,5,44668.359215096345,0.008287487177216817,1.519706820120151
20,5,45708.818961487515,0.011239473635981002,1.5257906776675334
20,5,46773.51412871981,0.00724613976074676,1.4934169875223988
20,5,47863.0092322638,0.009376740196830616,1.5327473143220072
20,5,48977.881936844664,0.01011388419397464,1.5366676617388844
20,10,1,5.225461415775806E-7,1.5449212466807243
20,10,1.023292992280754,5.347178052959746E-7,1.5449212467002746
20,10,1.0471285480508996,5.471729832807776E-7,1.5449212467115698
20,10,1.0715193052376064,5.599182798569006E-7,1.5449212467308653
20,10,1.096478196143185,5.729604526012808E-7,1.5449212467538145
20,10,1.1220184543019633,5.863064166619499E-7,1.5449212467783147
20,10,1.1481536214968828,5.99963247947018E-7,1.5449212467960456
20,10,1.1748975549395295,6.139381879285194E-7,1.544921246819596
20,10,1.202264434617413,6.282386462100547E-7,1.5449212468487614
20,10,1.2302687708123816,6.428722047874228E-7,1.5449212468717817
20,10,1.2589254117941673,6.578466227120263E-7,1.544921246892865
20,10,1.288249551693134,6.731698399666935E-7,1.5449212469230647
20,10,1.318256738556407,6.888499807076737E-7,1.544921246950982
20,10,1.3489628825916535,7.048953591700902E-7,1.5449212469887559
20,10,1.3803842646028848,7.21314482238357E-7,1.5449212470165217
20,10,1.4125375446227544,7.381160560346797E-7,1.544921247049533
20,10,1.4454397707459274,7.553089886419146E-7,1.5449212470804932
20,10,1.4791083881682074,7.729023964788894E-7,1.5449212471206215
20,10,1.5135612484362082,7.909056075249071E-7,1.5449212471615363
20,10,1.5488166189124815,8.09328167457156E-7,1.5449212472096407
20,10,1.5848931924611136,8.281798439915061E-7,1.5449212472569533
20,10,1.62181009735893,8.474706325235972E-7,1.544921247304805
20,10,1.6595869074375607,8.67210761682336E-7,1.5449212473629188
20,10,1.6982436524617444,8.874106978644675E-7,1.5449212474272724
20,10,1.7378008287493754,9.080811510634314E-7,1.5449212474935188
20,10,1.7782794100389228,9.292330808003986E-7,1.5449212475539003
20,10,1.8197008586099834,9.508777024151221E-7,1.544921247614478
20,10,1.8620871366628675,9.73026492488159E-7,1.54492124768611
20,10,1.9054607179632472,9.956911943484756E-7,1.544921247758551
20,10,1.9498445997580451,1.0188838249966383E-6,1.5449212478328538
20,10,1.9952623149688795,1.0426166814691445E-6,1.5449212479059042
20,10,2.041737944669529,1.066902347265533E-6,1.5449212479783647
20,10,2.0892961308540396,1.0917536992019347E-6,1.5449212480560044
20,10,2.137962089502232,1.1171839136433766E-6,1.544921248134675
20,10,2.1877616239495525,1.1432064748311857E-6,1.5449212482307888
20,10,2.23872113856834,1.1698351789087896E-6,1.5449212483148365
20,10,2.290867652767773,1.1970841460641187E-6,1.5449212484162238
20,10,2.344228815319922,1.2249678232328508E-6,1.5449212485133628
20,10,2.3988329190194904,1.2535009956536423E-6,1.5449212486262789
20,10,2.4547089156850306,1.2826987907761686E-6,1.544921248732122
20,10,2.51188643150958,1.3125766905732288E-6,1.544921248847989
20,10,2.570395782768864,1.343150536892822E-6,1.5449212489739144
20,10,2.6302679918953817,1.3744365402349753E-6,1.5449212491071698
20,10,2.6915348039269156,1.406451288573501E-6,1.5449212492423823
20,10,2.7542287033381663,1.4392117568597698E-6,1.5449212493878886
20,10,2.8183829312644537,1.4727353147155314E-6,1.544921249530495
20,10,2.884031503126606,1.5070397374370999E-6,1.5449212496846767
20,10,2.951209226666386,1.5421432134878874E-6,1.5449212498440863
20,10,3.019951720402016,1.5780643548507602E-6,1.5449212500048446
20,10,3.0902954325135905,1.6148222081938552E-6,1.5449212501779208
20,10,3.1622776601683795,1.6524362624469743E-6,1.544921250351581
20,10,3.2359365692962827,1.6909264612903948E-6,1.5449212505345733
20,10,3.311311214825911,1.7303132133429445E-6,1.5449212507270693
20,10,3.3884415613920256,1.7706174013568223E-6,1.5449212509246235
20,10,3.4673685045253166,1.8118603959035667E-6,1.544921251134516
20,10,3.548133892335755,1.8540640649954084E-6,1.5449212513608028
20,10,3.630780547701014,1.8972507838257664E-6,1.5449212515819648
20,10,3.715352290971726,1.941443453129911E-6,1.5449212518269297
20,10,3.8018939632056115,1.9866655036924036E-6,1.5449212520875089
20,10,3.890451449942806,2.032940912598278E-6,1.5449212523588476
20,10,3.9810717055349722,2.080294216649806E-6,1.5449212526479559
20,10,4.073802778041127,2.1287505218510113E-6,1.544921252940554
20,10,4.168693834703354,2.1783355232957138E-6,1.5449212532668362
20,10,4.265795188015927,2.229075509367257E-6,1.54492125360355
20,10,4.36515832240166,2.2809973836680606E-6,1.5449212539506363
20,10,4.466835921509632,2.3341286767163905E-6,1.5449212543189408
20,10,4.570881896148751,2.3884975580373536E-6,1.5449212546919437
20,10,4.677351412871983,2.4441328565172464E-6,1.5449212550867544
20,10,4.786300923226384,2.5010640712086686E-6,1.5449212555038219
20,10,4.8977881936844625,2.5593213872907415E-6,1.5449212559378802
20,10,5.011872336272724,2.6189356943266114E-6,1.544921256396824
20,10,5.1286138399136485,2.67993860046244E-6,1.5449212568706137
20,10,5.248074602497725,2.742362451310384E-6,1.5449212573721167
20,10,5.370317963702527,2.8062403442003586E-6,1.5449212578912108
20,10,5.495408738576246,2.871606148790899E-6,1.5449212584334455
20,10,5.623413251903491,2.9384945243054375E-6,1.5449212590080228
20,10,5.7543993733715695,3.0069409364633412E-6,1.5449212596129704
20,10,5.88843655355589,3.07698167281223E-6,1.544921260223168
20,10,6.025595860743578,3.148653875425053E-6,1.5449212608740421
20,10,6.165950018614822,3.221995545834229E-6,1.5449212615658043
20,10,6.309573444801933,3.2970455705895085E-6,1.544921262290925
20,10,6.456542290346556,3.3738437420081E-6,1.5449212630452942
20,10,6.606934480075961,3.452430780309839E-6,1.5449212638330128
20,10,6.760829753919819,3.532848353712978E-6,1.544921264650598
20,10,6.918309709189364,3.615139102345271E-6,1.5449212655078712
20,10,7.079457843841379,3.699346660544457E-6,1.5449212664176057
20,10,7.244359600749901,3.785515675985632E-6,1.5449212673724761
20,10,7.413102413009175,3.873691835949953E-6,1.544921268362977
20,10,7.5857757502918375,3.963921893863894E-6,1.5449212693958296
20,10,7.762471166286917,4.05625369424386E-6,1.5449212704827668
20,10,7.943282347242816,4.150736194812044E-6,1.5449212716365546
20,10,8.128305161640993,4.247419490364688E-6,1.5449212728361972
20,10,8.31763771102671,4.346354841401407E-6,1.544921274073926
20,10,8.511380382023766,4.447594712397067E-6,1.5449212753811001
20,10,8.709635899560807,4.551192782376036E-6,1.5449212767536786
20,10,8.912509381337456,4.657203980267472E-6,1.544921278186042
20,10,9.120108393559097,4.765684518944288E-6,1.544921279692674
20,10,9.33254300796991,4.876691915636548E-6,1.5449212812618414
20,10,9.549925860214358,4.990285031613851E-6,1.5449212829068413
20,10,9.772372209558107,5.106524096660598E-6,1.5449212846270353
20,10,10,5.2254707492919205E-6,1.5449212864426827
20,10,10.232929922807541,5.347188050063303E-6,1.5449212883190881
20,10,10.471285480508996,5.4717405475521396E-6,1.5449212903016973
20,10,10.715193052376065,5.599194277778425E-6,1.5449212923694173
20,10,10.964781961431852,5.729616828041142E-6,1.5449212945506499
20,10,11.220184543019636,5.863077343795593E-6,1.544921296808013
20,10,11.481536214968829,5.9996466017719715E-6,1.544921299194544
20,10,11.748975549395297,6.139397013545153E-6,1.5449213016956471
20,10,12.02264434617413,6.2824026782061856E-6,1.5449213043074284
20,10,12.302687708123818,6.4287394223563536E-6,1.544921307033252
20,10,12.589254117941675,6.578484847651867E-6,1.5449213099015124
20,10,12.882495516931343,6.731718352398563E-6,1.544921312903462
20,10,13.182567385564074,6.8885211828944255E-6,1.5449213160291533
20,10,13.48962882591654,7.048976495026837E-6,1.5449213193175015
20,10,13.803842646028853,7.21316936912429E-6,1.544921322771126
20,10,14.125375446227547,7.381186859947E-6,1.544921326367055
20,10,14.454397707459272,7.553118062813204E-6,1.5449213301213398
20,10,14.791083881682072,7.729054162030724E-6,1.5449213340922907
20,10,15.13561248436208,7.90908842667189E-6,1.5449213382180274
20,10,15.488166189124811,8.093316336973608E-6,1.5449213425473287
20,10,15.848931924611133,8.28183558023597E-6,1.544921347086529
20,10,16.218100973589298,8.4747461212542E-6,1.5449213518369749
20,10,16.595869074375607,8.672150254514943E-6,1.544921356811237
20,10,16.982436524617444,8.874152663138689E-6,1.5449213620253968
20,10,17.378008287493753,9.08086045513604E-6,1.544921367475279
20,10,17.78279410038923,9.292383253159821E-6,1.5449213731908813
20,10,18.197008586099834,9.5088332178847E-6,1.544921379167704
20,10,18.620871366628677,9.730325132616597E-6,1.5449213854265529
20,10,19.054607179632473,9.956976458053645E-6,1.5449213919965987
20,10,19.498445997580454,1.018890737511313E-5,1.5449213988583652
20,10,19.952623149688797,1.0426240880197051E-5,1.5449214060404555
20,10,20.417379446695296,1.0669102842579004E-5,1.5449214135797458
20,10,20.892961308540396,1.0917622030283554E-5,1.5449214214449503
20,10,21.379620895022324,1.1171930259709759E-5,1.5449214297028695
20,10,21.87761623949553,1.1432162385391563E-5,1.5449214383500298
20,10,22.3872113856834,1.1698456412167929E-5,1.5449214473981951
20,10,22.908676527677734,1.197095356259068E-5,1.5449214568749423
20,10,23.442288153199225,1.2249798359353566E-5,1.5449214668112063
20,10,23.98832919019491,1.2535138668936464E-5,1.5449214772004618
20,10,24.547089156850312,1.2827125828281301E-5,1.5449214880826407
20,10,25.11886431509581,1.3125914696762888E-5,1.5449214994916436
20,10,25.703957827688633,1.3431663720308584E-5,1.5449215114116082
20,10,26.302679918953814,1.374453507915504E-5,1.5449215239157899
20,10,26.915348039269155,1.4064694698579488E-5,1.5449215370036262
20,10,27.542287033381662,1.4392312380831614E-5,1.5449215507017158
20,10,28.183829312644534,1.4727561887957262E-5,1.544921565039768
20,10,28.84031503126606,1.5070621048510507E-5,1.5449215800695377
20,10,29.512092266663856,1.5421671807953235E-5,1.5449215958019715
20,10,30.19951720402016,1.578090036207369E-5,1.544921612265535
20,10,30.902954325135905,1.6148497261577782E-5,1.5449216295096317
20,10,31.622776601683793,1.6524657498888135E-5,1.5449216475820653
20,10,32.359365692962825,1.6909580579918522E-5,1.544921666486175
20,10,33.11311214825911,1.7303470717777972E-5,1.5449216863081912
20,10,33.884415613920254,1.7706536807664698E-5,1.544921707024758
20,10,34.673685045253166,1.81189926888195E-5,1.544921728716582
20,10,35.48133892335755,1.8541057154364758E-5,1.5449217514168734
20,10,36.30780547701014,1.897295414373452E-5,1.544921775219284
20,10,37.15352290971726,1.9414912771485664E-5,1.5449218001586362
20,10,38.018939632056124,1.986716748276815E-5,1.5449218262641904
20,10,38.90451449942807,2.0329958230159284E-5,1.5449218536006402
20,10,39.810717055349734,2.0803530551487618E-5,1.5449218822338129
20,10,40.73802778041128,2.1288135689462745E-5,1.5449219122031521
20,10,41.68693834703355,2.1784030803263355E-5,1.5449219436068489
20,10,42.657951880159274,2.22914789936145E-5,1.54492197648816
20,10,43.65158322401661,2.2810749516085996E-5,1.544922010910399
20,10,44.668359215096324,2.3342117923852908E-5,1.5449220469504996
20,10,45.708818961487516,2.3885866188403602E-5,1.5449220846839244
20,10,46.77351412871981,2.444228290647555E-5,1.544922124226519
20,10,47.86300923226383,2.501166332893086E-5,1.5449221656215182
20,10,48.97788193684461,2.5594309658539888E-5,1.5449222089723635
20,10,50.11872336272722,2.61905311038398E-5,1.5449222543468102
20,10,51.28613839913648,2.6800644200495767E-5,1.544922301898262
20,10,52.48074602497726,2.742497271756027E-5,1.5449223516631265
20,10,53.70317963702527,2.806384811632981E-5,1.5449224037874922
20,10,54.954087385762456,2.87176095161565E-5,1.5449224583540033
20,10,56.23413251903491,2.938660405217553E-5,1.5449225155231978
20,10,57.543993733715695,3.0071186865292612E-5,1.5449225753803535
20,10,58.8843655355589,3.077172142615641E-5,1.5449226380449375
20,10,60.25595860743578,3.1488579766311715E-5,1.544922703689543
20,10,61.65950018614822,3.222214249710522E-5,1.5449227724058987
20,10,63.09573444801933,3.297279926593311E-5,1.5449228443977412
20,10,64.56542290346556,3.374094869490983E-5,1.544922919773622
20,10,66.06934480075961,3.452699880334907E-5,1.5449229987061632
20,10,67.60829753919819,3.5331367159692865E-5,1.544923081378763
20,10,69.18309709189366,3.6154481026325176E-5,1.5449231679306001
20,10,70.79457843841381,3.699677775213117E-5,1.5449232585721144
20,10,72.44359600749902,3.785870489821156E-5,1.544923353503493
20,10,74.13102413009177,3.874072049011779E-5,1.5449234529267968
20,10,75.8577575029184,3.964329325042856E-5,1.5449235570365405
20,10,77.6247116628692,4.056690290591988E-5,1.544923666059582
20,10,79.43282347242817,4.151204045360158E-5,1.544923780243065
20,10,81.28305161640995,4.247920830918821E-5,1.5449238998025543
20,10,83.17637711026708,4.3468921175944414E-5,1.5449240252278007
20,10,85.11380382023764,4.448170472622012E-5,1.5449241564552976
20,10,87.09635899560806,4.551809777846549E-5,1.5449242938562107
20,10,89.12509381337455,4.6578651533998594E-5,1.5449244376810125
20,10,91.20108393559097,4.76639304195317E-5,1.544924588344575
20,10,93.3254300796991,4.8774511813378365E-5,1.5449247461180196
20,10,95.49925860214358,4.991098677510882E-5,1.5449249113563523
20,10,97.72372209558107,5.107396023925999E-5,1.544925084416973
20,10,100,5.226405127929114E-5,1.5449252656426637
20,10,102.32929922807547,5.3481893636928825E-5,1.5449254554393177
20,10,104.71285480508996,5.472813597618442E-5,1.5449256542425147
20,10,107.1519305237607,5.6003442026356814E-5,1.5449258624158857
20,10,109.64781961431851,5.730849147533977E-5,1.5449260804827785
20,10,112.2018454301963,5.864397968913331E-5,1.544926308850613
20,10,114.81536214968828,6.001061867114219E-5,1.5449265480467431
20,10,117.48975549395291,6.140913712194621E-5,1.5449267985813304
20,10,120.22644346174131,6.284028089646048E-5,1.544927060977583
20,10,123.02687708123811,6.430481353573224E-5,1.5449273358095157
20,10,125.89254117941675,6.580351664901013E-5,1.5449276236837015
20,10,128.82495516931337,6.733719021708767E-5,1.544927925195982
20,10,131.82567385564073,6.890665320797821E-5,1.5449282410008187
20,10,134.89628825916532,7.051274404263042E-5,1.5449285717919337
20,10,138.03842646028852,7.215632101144103E-5,1.544928918299167
20,10,141.2537544622754,7.383826266397451E-5,1.5449292812540305
20,10,144.5439770745928,7.555946849658689E-5,1.5449296614518617
20,10,147.91083881682073,7.732085934892313E-5,1.5449300597123634
20,10,151.35612484362088,7.912337798286451E-5,1.544930476907907
20,10,154.88166189124811,8.096798963087144E-5,1.544930913951703
20,10,158.48931924611142,8.285568239401854E-5,1.544931371767395
20,10,162.18100973589299,8.478746817496043E-5,1.544931851382488
20,10,165.95869074375614,8.676438289004104E-5,1.5449323538314135
20,10,169.82436524617444,8.878748731798168E-5,1.5449328802176232
20,10,173.78008287493762,9.085786752662554E-5,1.5449334316725667
20,10,177.82794100389228,9.297663589805757E-5,1.5449340094490152
20,10,181.97008586099844,9.514493132549262E-5,1.5449346148071406
20,10,186.20871366628674,9.736392004713351E-5,1.5449352490553252
20,10,190.54607179632484,9.963479645940245E-5,1.5449359135873093
20,10,194.98445997580455,1.019587839080002E-4,1.5449366098956216
20,10,199.52623149688807,1.0433713529808604E-4,1.544937339534554
20,10,204.17379446695296,1.0677113367315932E-4,1.5449381040948384
20,10,208.92961308540387,1.0926209327799423E-4,1.5449389052632188
20,10,213.79620895022325,1.1181136047657827E-4,1.544939744847605
20,10,218.77616239495518,1.1442031436291366E-4,1.5449406247242652
20,10,223.872113856834,1.170903675910305E-4,1.5449415468442496
20,10,229.08676527677724,1.1982296755326753E-4,1.5449425132917352
20,10,234.42288153199226,1.226195969714325E-4,1.5449435262172642
20,10,239.88329190194898,1.2548177534623778E-4,1.5449445879391617
20,10,245.4708915685031,1.2841105924036515E-4,1.544945700819349
20,10,251.18864315095797,1.314090442601423E-4,1.5449468674304234
20,10,257.03957827688646,1.3447736499356175E-4,1.5449480903772363
20,10,263.02679918953817,1.3761769722386258E-4,1.5449493724836758
20,10,269.1534803926917,1.4083175821961508E-4,1.544950716665064
20,10,275.4228703338166,1.4412130858891908E-4,1.5449521260242645
20,10,281.8382931264455,1.4748815306214668E-4,1.544953603815904
20,10,288.40315031266056,1.509341458082005E-4,1.5449551540376305
20,10,295.1209226666387,1.544611765963779E-4,1.5449567791557972
20,10,301.9951720402016,1.5807119475122103E-4,1.5449584835434524
20,10,309.0295432513592,1.6176619532296373E-4,1.5449602711549097
20,10,316.22776601683796,1.655482251709239E-4,1.5449621462461625
20,10,323.5936569296284,1.6941938371068974E-4,1.5449641132403404
20,10,331.1311214825911,1.7338182501960164E-4,1.5449661768326448
20,10,338.84415613920277,1.7743775931579968E-4,1.5449683419522615
20,10,346.73685045253166,1.8158945480313925E-4,1.544970613792053
20,10,354.81338923357566,1.8583924038899818E-4,1.544972997930518
20,10,363.0780547701014,1.90189505409826E-4,1.5449755000535312
20,10,371.5352290971724,1.9464270506288378E-4,1.5449781264062414
20,10,380.1893963205613,1.992013596416538E-4,1.5449808834306389
20,10,389.04514499428046,2.0386805817022093E-4,1.544983777966076
20,10,398.1071705534973,2.08645460765687E-4,1.544986817254446
20,10,407.3802778041126,2.1353630169021373E-4,1.544990009016377
20,10,416.8693834703355,2.1854339061028652E-4,1.5449933613258615
20,10,426.57951880159254,2.236696167415502E-4,1.5449968827670724
20,10,436.5158322401661,2.2891795210256303E-4,1.5450005824998532
20,10,446.683592150963,2.3429145352587405E-4,1.5450044701460743
20,10,457.0881896148752,2.397932606198445E-4,1.5450085553524235
20,10,467.73514128719813,2.454265259835806E-4,1.5450128411418804
20,10,478.6300923226385,2.5119476833339294E-4,1.5450173560371794
20,10,489.77881936844614,2.571013337173492E-4,1.5450221038529093
20,10,501.18723362727246,2.6314976276933425E-4,1.5450270975514604
20,10,512.8613839913648,2.6934370778101306E-4,1.5450323510593578
20,10,524.8074602497728,2.756869364708046E-4,1.545037879198693
20,10,537.0317963702527,2.821833366663853E-4,1.5450436976744901
20,10,549.5408738576248,2.888369248239214E-4,1.545049823366868
20,10,562.341325190349,2.956518503794861E-4,1.545056274210996
20,10,575.4399373371573,3.026324045874052E-4,1.545063069431236
20,10,588.843655355589,3.0978302739657643E-4,1.5450702295731928
20,10,602.5595860743581,3.171083158754608E-4,1.5450777765914654
20,10,616.5950018614822,3.246130342330246E-4,1.5450857340431519
20,10,630.9573444801937,3.323021247333837E-4,1.5450941272572447
20,10,645.6542290346556,3.401807169657313E-4,1.5451029833410765
20,10,660.6934480075957,3.482541419758511E-4,1.5451123314834347
20,10,676.0829753919819,3.565279463431579E-4,1.5451222031311604
20,10,691.8309709189363,3.650079067358329E-4,1.5451326321706988
20,10,707.945784384138,3.7370004714680434E-4,1.5451436551552182
20,10,724.4359600749899,3.826106588801472E-4,1.5451553116320984
20,10,741.3102413009177,3.9174632041272603E-4,1.5451676443378062
20,10,758.5775750291835,4.0111392256999623E-4,1.5451806996074242
20,10,776.247116628692,4.107206984800172E-4,1.5451945278782506
20,10,794.3282347242813,4.2057424862923737E-4,1.5452091838236857
20,10,812.8305161640995,4.30682582131047E-4,1.5452247271398498
20,10,831.7637711026708,4.410541523734037E-4,1.54524122288386
20,10,851.1380382023768,4.5169790639226705E-4,1.5452587422547845
20,10,870.9635899560806,4.626233357208531E-4,1.545277363228012
20,10,891.2509381337459,4.7384053850806367E-4,1.5452971714035664
20,10,912.0108393559096,4.853602916640856E-4,1.5453182610117546
20,10,933.2543007969915,4.971941324581855E-4,1.5453407359568745
20,10,954.992586021436,5.093544560769242E-4,1.5453647110795452
20,10,977.2372209558112,5.218546308312341E-4,1.5453903136686888
20,10,1000,5.347091353486471E-4,1.5454176852489951
20,10,1023.2929922807547,5.47933715874717E-4,1.5454469834112416
20,10,1047.1285480508996,5.615455868111688E-4,1.5454783844570799
20,10,1071.519305237607,5.755636553709579E-4,1.545512085853927
20,10,1096.4781961431852,5.900088135956222E-4,1.5455483098904994
20,10,1122.018454301964,6.049045054731704E-4,1.5455873152597528
20,10,1148.1536214968828,6.202764657730683E-4,1.5456293775600571
20,10,1174.8975549395302,6.361537872497581E-4,1.5456748148638066
20,10,1202.2644346174131,6.525698319134177E-4,1.5457240021328704
20,10,1230.268770812381,6.695625663856619E-4,1.5457773626103306
20,10,1258.9254117941675,6.87175789589558E-4,1.5458353837224401
20,10,1288.2495516931335,7.054605022778671E-4,1.5458986295838917
20,10,1318.2567385564075,7.244766820616755E-4,1.5459677561551128
20,10,1348.9628825916532,7.442956359413306E-4,1.5460435302814244
20,10,1380.3842646028852,7.650031408541324E-4,1.5461268532743007
20,10,1412.537544622754,7.867036819462634E-4,1.5462187896322905
20,10,1445.439770745928,8.095263455804512E-4,1.546320603997414
20,10,1479.1083881682073,8.336330646221752E-4,1.5464338060578353
20,10,1513.5612484362086,8.592304684515602E-4,1.546560206353514
20,10,1548.816618912481,8.865872852358565E-4,1.5467019829097048
20,10,1584.893192461114,9.160606034841763E-4,1.5468617576212833
20,10,1621.8100973589299,9.481367534268665E-4,1.5470426734026788
20,10,1659.5869074375614,9.834972677673914E-4,1.547248444471866
20,10,1698.2436524617442,0.0010231298541656868,1.5474833024953718
20,10,1737.8008287493763,0.0010685249987690468,1.5477516321761036
20,10,1778.2794100389228,0.0011220464482360976,1.5480567170367592
20,10,1819.7008586099844,0.0011876861007936253,1.54839689788153
20,10,1862.0871366628676,0.0012727661642345197,1.548753678059998
20,10,1905.4607179632483,0.0013923411283376424,1.5490516405928967
20,10,1949.8445997580454,0.0015830917725850671,1.5489994778010632
20,10,1995.262314968881,0.001963976010491484,1.547243338080693
20,10,2041.7379446695295,0.0032612710975739607,1.532703595284357
20,10,2089.2961308540407,0.007066330614902347,-1.4008574935389977
20,10,2137.9620895022326,4.2764455923341096E-4,-1.4174974850973887
20,10,2187.761623949552,2.620464254995688E-4,1.4177824145091724
20,10,2238.72113856834,5.341091547169603E-4,1.5054802151568836
20,10,2290.8676527677726,6.903415030554568E-4,1.5223476170831491
20,10,2344.228815319923,7.972075355292884E-4,1.5292045681614388
20,10,2398.83291901949,8.787850915443677E-4,1.5328523975106836
20,10,2454.708915685031,9.458478201667263E-4,1.535094085424409
20,10,2511.88643150958,0.0010039398624223077,1.536602499678005
20,10,2570.3957827688646,0.0010562090000693163,1.5376829736711415
20,10,2630.2679918953813,0.0011045785749888733,1.5384931339856427
20,10,2691.5348039269165,0.0011502931728264451,1.539122213212283
20,10,2754.2287033381663,0.001194196521428507,1.539624359645889
20,10,2818.382931264455,0.0012368833267155789,1.5400342667772515
20,10,2884.031503126606,0.0012787870853728162,1.540375157429867
20,10,2951.209226666387,0.0013202332869830134,1.5406631463471336
20,10,3019.9517204020162,0.0013614729846558914,1.5409097595173693
20,10,3090.295432513592,0.0014027046701505547,1.541123456099318
20,10,3162.2776601683795,0.0014440889812712017,1.5413105847228903
20,10,3235.9365692962842,0.0014857588372535766,1.5414760042609872
20,10,3311.311214825911,0.001527826600238142,1.5416234988142334
20,10,3388.4415613920273,0.0015703892348942802,1.5417560619595392
20,10,3467.368504525317,0.001613532116109549,1.5418760961553755
20,10,3548.1338923357566,0.0016573318858645403,1.5419855552454649
20,10,3630.780547701014,0.0017018586464881472,1.5420860482818541
20,10,3715.3522909717276,0.0017471776807726567,1.5421789164353925
20,10,3801.8939632056126,0.0017933508344191412,1.5422652908771675
20,10,3890.4514499428046,0.001840437657291438,1.5423461369899933
20,10,3981.0717055349733,0.001888496379447291,1.5424222887001402
20,10,4073.802778041126,0.0019375847724685783,1.5424944754951864
20,10,4168.693834703355,0.0019877609471872005,1.5425633441340805
20,10,4265.795188015925,0.002039084124057476,1.542629476514485
20,10,4365.158322401661,0.0020916154224533815,1.5426934059544286
20,10,4466.835921509631,0.0021454183697303037,1.5427555639541852
20,10,4570.881896148751,0.0022005610529344504,1.5428165714840987
20,10,4677.351412871981,0.0022571150340482864,1.5428767456245545
20,10,4786.300923226385,0.002315158426463318,1.542936565906052
20,10,4897.7881936844615,0.0023747766166533663,1.54299648040964
20,10,5011.872336272725,0.002436064260128244,1.5430569496479243
20,10,5128.613839913648,0.002499127688711592,1.5431184588141094
20,10,5248.074602497728,0.002564088059364585,1.5431815311123531
20,10,5370.317963702527,0.0026310855756103402,1.543246743670867
20,10,5495.408738576249,0.0027002852988405367,1.5433147473734181
20,10,5623.413251903491,0.0027718853936082623,1.5433862923960917
20,10,5754.399373371572,0.0028461292582893844,1.5434622619953573
20,10,5888.43655355589,0.0029233242216609515,1.543543718250043
20,10,6025.5958607435805,0.003003872178843185,1.5436319646626295
20,10,6165.9500186148225,0.003088324228813808,1.5437286297246937
20,10,6309.573444801937,0.003177490652661884,1.5438357587107763
20,10,6456.542290346556,0.0032727056737777475,1.5439557725985646
20,10,6606.9344800759645,0.0033766675125750383,1.5440900610544628
20,10,6760.829753919819,0.0034977195100953425,1.5442198093638007
20,10,6918.309709189362,0.003727332704262907,1.5430611060065254
20,10,7079.457843841381,0.003616318207184332,1.5436737819606219
20,10,7244.359600749898,0.00380675868527838,1.5445694950696116
20,10,7413.102413009177,0.003987449741936226,1.5449560990508655
20,10,7585.775750291836,0.00420667910385288,1.5453340681639602
20,10,7762.4711662869195,0.004512860308478813,1.545718157940877
20,10,7943.282347242814,0.0050441384686233815,1.5458165001619497
20,10,8128.305161640995,0.006544389780229567,1.5420821431687182
20,10,8317.63771102671,0.019791248004061904,-1.2800692923420272
20,10,8511.380382023768,0.0019010498956087206,1.488311270050731
20,10,8709.635899560806,0.0030461978339154155,1.5290617163163838
20,10,8912.509381337459,0.003526995418853595,1.5357152292137997
20,10,9120.108393559096,0.0038326292821820778,1.5383127331730742
20,10,9332.543007969914,0.004069648260014144,1.5397055282814704
20,10,9549.92586021436,0.00427549868686654,1.5405985367688544
20,10,9772.372209558112,0.004467480623782673,1.5412463247959007
20,10,10000,0.004655642731317048,1.5417640935887404
20,10,10232.929922807536,0.004847500932451344,1.5422135263733312
20,10,10471.285480509006,0.005050555420281131,1.5426329106552288
20,10,10715.193052376071,0.005274677317739687,1.543049011985329
20,10,10964.78196143185,0.005536156674083855,1.5434793510000213
20,10,11220.18454301963,0.005867616509985963,1.5439185457097158
20,10,11481.53621496884,0.006350218878966914,1.5442466381072113
20,10,11748.975549395303,0.007265675668558821,1.5435494017396447
20,10,12022.644346174131,0.010754208577688626,1.5281842127617373
20,10,12302.68770812381,0.002730944725033175,-1.2457392806814875
20,10,12589.254117941662,0.003352592068663258,1.5026371717502063
20,10,12882.495516931349,0.004463792330641907,1.5274017276062544
20,10,13182.567385564074,0.0050115678646785325,1.5333680825171507
20,10,13489.628825916532,0.005382095871004817,1.5359414749887925
20,10,13803.842646028837,0.005676075074018445,1.537363588131964
20,10,14125.375446227554,0.0059316464860285426,1.538267792185161
20,10,14454.39770745928,0.006166905646360474,1.5388971264287175
20,10,14791.083881682072,0.006392557965045776,1.5393616643268881
20,10,15135.612484362071,0.006618744332596085,1.5397035245234563
20,10,15488.166189124828,0.006879840655838832,1.5396844996070842
20,10,15848.93192461114,0.006783447539994868,1.536233113227144
20,10,16218.100973589299,0.007159620589723236,1.5401501355049632
20,10,16595.869074375598,0.007392543254510437,1.5405106148253132
20,10,16982.43652461746,0.007616041636121008,1.540730378214441
20,10,17378.00828749376,0.007840421291122938,1.5409105073206388
20,10,17782.794100389227,0.008069196598203234,1.5410728996350784
20,10,18197.008586099826,0.008304425225394346,1.5412072613728387
20,10,18620.871366628693,0.008549152639783491,1.5413780378655328
20,10,19054.607179632483,0.008805549121277161,1.5415316619122899
20,10,19498.445997580457,0.009078023867830342,1.5416921182342862
20,10,19952.62314968879,0.00937339126667867,1.5418638282802108
20,10,20417.379446695315,0.009704092455968313,1.542049176609333
20,10,20892.96130854041,0.010096302946868497,1.542238641292512
20,10,21379.620895022323,0.010617504584780049,1.5423522969920118
20,10,21877.616239495517,0.01151587237468733,1.541761991694392
20,10,22387.211385683422,0.015075919606649531,1.5262574347613511
20,10,22908.676527677748,0.005921767795929309,1.4652039148362548
20,10,23442.288153199228,0.009175594236874932,1.532431752047531
20,10,23988.329190194898,0.010089373870624507,1.5374545906485861
20,10,24547.089156850285,0.01066683642625406,1.5391128949823312
20,10,25118.864315095823,0.01114493276076671,1.539957213397151
20,10,25703.957827688646,0.01159390078016503,1.5404995006149425
20,10,26302.679918953814,0.012048680605928192,1.5409043617165048
20,10,26915.348039269138,0.01253979788644134,1.5412322439061474
20,10,27542.28703338169,0.013123053679570307,1.541252396933912
20,10,28183.82931264455,0.013851379938947169,1.5416567781047608
20,10,28840.31503126606,0.01511411105471715,1.540917746841455
20,10,29512.09226666384,0.019329612822916703,1.528171525626876
20,10,30199.51720402019,0.0036195460531902686,1.1417226272448084
20,10,30902.95432513592,0.010986218224933257,1.5254492108918905
20,10,31622.776601683792,0.012571290153959755,1.53473262990517
20,10,32359.36569296281,0.013508113615117778,1.5373731891826468
20,10,33113.11214825915,0.014351525506266363,1.5384943213590232
20,10,33884.415613920275,0.015790643656517726,1.5365715462488663
20,10,34673.685045253165,0.012379848150012264,1.5142525880923836
20,10,35481.33892335753,0.01462916308178913,1.5369133747222992
20,10,36307.80547701017,0.015381505621164289,1.5386208122324214
20,10,37153.52290971728,0.015966719006481812,1.539283338492333
20,10,38018.93963205613,0.016505485809455954,1.53967701780459
20,10,38904.51449942805,0.017032732571173805,1.5399618323071678
20,10,39810.71705534977,0.017565972907547994,1.5401930904808692
20,10,40738.02778041131,0.018120279986193574,1.540394770089845
20,10,41686.93834703355,0.018720593752749596,1.5405592141655324
20,10,42657.95188015926,0.019038771160895043,1.5285128967059878
20,10,43651.58322401656,0.020220537717886962,1.5408780981206827
20,10,44668.359215096345,0.020112298959411294,1.5398904213548952
20,10,45708.818961487515,0.024393850544502434,1.5306737270584998
20,10,46773.51412871981,0.018122402783283607,1.5273983069946417
20,10,47863.0092322638,0.020553440945507196,1.5383424896429576
20,10,48977.881936844664,0.02181342349721619,1.539861216712202
20,20,1,1.0835486936496163E-6,1.5458019460158596
20,20,1.023292992280754,1.1087877968846853E-6,1.545801946240577
20,20,1.0471285480508996,1.1346147978284324E-6,1.5458019465405186
20,20,1.0715193052376064,1.1610433859694232E-6,1.545801946822239
20,20,1.096478196143185,1.1880875778122737E-6,1.5458019471400977
20,20,1.1220184543019633,1.215761710273504E-6,1.5458019474609002
20,20,1.1481536214968828,1.2440804624282441E-6,1.5458019478934195
20,20,1.1748975549395295,1.273058836445978E-6,1.5458019481721903
20,20,1.202264434617413,1.3027122070105646E-6,1.5458019485175845
20,20,1.2302687708123816,1.3330562995111503E-6,1.5458019489764938
20,20,1.2589254117941673,1.3641071946283346E-6,1.545801949374775
20,20,1.288249551693134,1.3958813560495552E-6,1.5458019497111752
20,20,1.318256738556407,1.428395641528628E-6,1.5458019502212326
20,20,1.3489628825916535,1.4616672793634675E-6,1.5458019506563692
20,20,1.3803842646028848,1.4957139228562796E-6,1.5458019512052197
20,20,1.4125375446227544,1.5305536107091803E-6,1.5458019517285546
20,20,1.4454397707459274,1.5662048225145525E-6,1.545801952240212
20,20,1.4791083881682074,1.602686469824619E-6,1.5458019529561127
20,20,1.5135612484362082,1.6400178810665956E-6,1.54580195357487
20,20,1.5488166189124815,1.6782188523907277E-6,1.5458019541841752
20,20,1.5848931924611136,1.7173096537999043E-6,1.5458019549891249
20,20,1.62181009735893,1.7573109858289738E-6,1.5458019556269627
20,20,1.6595869074375607,1.7982440819746473E-6,1.5458019564081342
20,20,1.6982436524617444,1.8401306406340312E-6,1.5458019572595156
20,20,1.7378008287493754,1.882992874203359E-6,1.5458019582586253
20,20,1.7782794100389228,1.9268534886112876E-6,1.545801959128138
20,20,1.8197008586099834,1.971735758847945E-6,1.5458019600704882
20,20,1.8620871366628675,2.017663471063087E-6,1.5458019610124238
20,20,1.9054607179632472,2.064660989391529E-6,1.5458019620361638
20,20,1.9498445997580451,2.112753232547371E-6,1.5458019631971005
20,20,1.9952623149688795,2.16196568727166E-6,1.5458019643228895
20,20,2.041737944669529,2.2123244525570455E-6,1.5458019654396071
20,20,2.0892961308540396,2.2638562306146155E-6,1.545801966596655
20,20,2.137962089502232,2.3165883475961403E-6,1.5458019678454296
20,20,2.1877616239495525,2.3705487552466415E-6,1.5458019690859606
20,20,2.23872113856834,2.4257660726340913E-6,1.5458019703525183
20,20,2.290867652767773,2.482269585542381E-6,1.5458019717909153
20,20,2.344228815319922,2.540089239244823E-6,1.5458019732105452
20,20,2.3988329190194904,2.5992557022084606E-6,1.5458019747780114
20,20,2.4547089156850306,2.6598003391483756E-6,1.5458019763493391
20,20,2.51188643150958,2.721755253835828E-6,1.5458019780021859
20,20,2.570395782768864,2.7851532954677093E-6,1.545801979737469
20,20,2.6302679918953817,2.8500280919237595E-6,1.545801981570599
20,20,2.6915348039269156,2.916414033694979E-6,1.5458019835102879
20,20,2.7542287033381663,2.9843463226321136E-6,1.54580198553533
20,20,2.8183829312644537,3.0538609865264134E-6,1.5458019877524958
20,20,2.884031503126606,3.124994859136638E-6,1.5458019899389532
20,20,2.951209226666386,3.1977856849359683E-6,1.5458019922800248
20,20,3.019951720402016,3.2722720345067383E-6,1.545801994627193
20,20,3.0902954325135905,3.3484934305418545E-6,1.5458019971762211
20,20,3.1622776601683795,3.4264902709168935E-6,1.5458019997743278
20,20,3.2359365692962827,3.5063039092942998E-6,1.5458020024292287
20,20,3.311311214825911,3.5879766764425848E-6,1.545802005228255
20,20,3.3884415613920256,3.6715519104136197E-6,1.545802008289111
20,20,3.4673685045253166,3.7570738859397712E-6,1.5458020114884523
20,20,3.548133892335755,3.844587946625104E-6,1.5458020146971503
20,20,3.630780547701014,3.934140530432352E-6,1.5458020181537115
20,20,3.715352290971726,4.025779095344015E-6,1.5458020217619746
20,20,3.8018939632056115,4.119552260726586E-6,1.545802025573905
20,20,3.890451449942806,4.215509735045448E-6,1.545802029581723
20,20,3.9810717055349722,4.313702398061714E-6,1.5458020337972607
20,20,4.073802778041127,4.4141823437926145E-6,1.5458020382617026
20,20,4.168693834703354,4.517002805505995E-6,1.545802042832495
20,20,4.265795188015927,4.622218315044682E-6,1.5458020475370604
20,20,4.36515832240166,4.729884734573752E-6,1.5458020527090095
20,20,4.466835921509632,4.840059077879456E-6,1.5458020580193237
20,20,4.570881896148751,4.9527997911388906E-6,1.5458020635370797
20,20,4.677351412871983,5.068166684131241E-6,1.54580206944085
20,20,4.786300923226384,5.186220897582905E-6,1.5458020755218762
20,20,4.8977881936844625,5.307025037638952E-6,1.5458020818306142
20,20,5.011872336272724,5.4306431677398466E-6,1.5458020884016566
20,20,5.1286138399136485,5.557140875970423E-6,1.5458020953871967
20,20,5.248074602497725,5.686585255916849E-6,1.5458021028522253
20,20,5.370317963702527,5.81904486721139E-6,1.5458021104241189
20,20,5.495408738576246,5.954590024011375E-6,1.5458021184530728
20,20,5.623413251903491,6.093292573262138E-6,1.5458021267559248
20,20,5.7543993733715695,6.235226096620353E-6,1.545802135545744
20,20,5.88843655355589,6.380465870923332E-6,1.545802144787088
20,20,6.025595860743578,6.52908889444751E-6,1.5458021544155025
20,20,6.165950018614822,6.681173996665515E-6,1.545802164480113
20,20,6.309573444801933,6.836801815911995E-6,1.5458021749743018
20,20,6.456542290346556,6.9960549345604445E-6,1.545802186028014
20,20,6.606934480075961,7.159017781089754E-6,1.545802197570924
20,20,6.760829753919819,7.325776798852006E-6,1.5458022097010904
20,20,6.918309709189364,7.496420413204062E-6,1.545802222379389
20,20,7.079457843841379,7.671039093498248E-6,1.5458022355026333
20,20,7.244359600749901,7.84972562146973E-6,1.5458022495806882
20,20,7.413102413009175,8.032574582660604E-6,1.545802264144982
20,20,7.5857757502918375,8.219683037652202E-6,1.5458022794252293
20,20,7.762471166286917,8.411150183497897E-6,1.5458022953274553
20,20,7.943282347242816,8.607077634600074E-6,1.5458023120628421
20,20,8.128305161640993,8.80756931336077E-6,1.545802329608938
20,20,8.31763771102671,9.012731498153589E-6,1.545802347859478
20,20,8.511380382023766,9.222673138982682E-6,1.5458023671388346
20,20,8.709635899560807,9.43750547354897E-6,1.5458023872061128
20,20,8.912509381337456,9.657342537986656E-6,1.5458024082588229
20,20,9.120108393559097,9.882300937917094E-6,1.5458024303362057
20,20,9.33254300796991,1.0112500003557344E-5,1.545802453426349
20,20,9.549925860214358,1.0348061782061715E-5,1.5458024774306958
20,20,9.772372209558107,1.0589111411970784E-5,1.5458025027806104
20,20,10,1.0835776631265117E-5,1.5458025292159279
20,20,10.232929922807541,1.1088188442229572E-5,1.5458025570526273
20,20,10.471285480508996,1.1346480666075082E-5,1.5458025861404812
20,20,10.715193052376065,1.1610790304409174E-5,1.5458026164981922
20,20,10.964781961431852,1.1881257735993245E-5,1.545802648401336
20,20,11.220184543019636,1.2158026334657551E-5,1.5458026817127677
20,20,11.481536214968829,1.2441242992406734E-5,1.5458027164879173
20,20,11.748975549395297,1.2731058165798628E-5,1.5458027531315577
20,20,12.02264434617413,1.3027625500358991E-5,1.5458027914756547
20,20,12.302687708123818,1.3331102401123771E-5,1.5458028316035308
20,20,12.589254117941675,1.3641650049081189E-5,1.5458028737904776
20,20,12.882495516931343,1.3959433079122278E-5,1.545802917836516
20,20,13.182567385564074,1.4284620143727888E-5,1.545802963800984
20,20,13.48962882591654,1.4617383974308272E-5,1.545803011960508
20,20,13.803842646028853,1.4957901190360156E-5,1.545803062405535
20,20,14.125375446227547,1.530635266195154E-5,1.5458031153890022
20,20,14.454397707459272,1.5662923145524667E-5,1.5458031707482063
20,20,14.791083881682072,1.6027802151879606E-5,1.5458032287984829
20,20,15.13561248436208,1.640118326686394E-5,1.545803289515035
20,20,15.488166189124811,1.678326483441607E-5,1.545803353097037
20,20,15.848931924611133,1.717424986177885E-5,1.545803419841633
20,20,16.218100973589298,1.7574345715808294E-5,1.5458034895852064
20,20,16.595869074375607,1.798376505217633E-5,1.5458035626376014
20,20,16.982436524617444,1.8402725174992373E-5,1.5458036389890117
20,20,17.378008287493753,1.8831448983638157E-5,1.5458037192255585
20,20,17.78279410038923,1.92701638314468E-5,1.545803803030952
20,20,18.197008586099834,1.9719103142834153E-5,1.5458038910290224
20,20,18.620871366628677,2.0178505103131164E-5,1.5458039829304706
20,20,19.054607179632473,2.0648614200712293E-5,1.545804079387541
20,20,19.498445997580454,2.112967979120529E-5,1.5458041801268811
20,20,19.952623149688797,2.1621958000093966E-5,1.5458042857560632
20,20,20.417379446695296,2.2125710328458067E-5,1.5458043964068129
20,20,20.892961308540396,2.2641204797754526E-5,1.545804512416231
20,20,21.379620895022324,2.3168714854595802E-5,1.545804633519546
20,20,21.87761623949553,2.3708521715878602E-5,1.545804760637413
20,20,22.3872113856834,2.4260912410192106E-5,1.545804893912659
20,20,22.908676527677734,2.4826180175879017E-5,1.5458050331678028
20,20,23.442288153199225,2.540462622772566E-5,1.545805179123024
20,20,23.98832919019491,2.5996558161617867E-5,1.545805331923091
20,20,24.547089156850312,2.6602291128582075E-5,1.5458054920348572
20,20,25.11886431509581,2.7222147343372357E-5,1.5458056597029015
20,20,25.703957827688633,2.785645696701268E-5,1.5458058352966972
20,20,26.302679918953814,2.8505557489970433E-5,1.5458060191165979
20,20,26.915348039269155,2.9169794770342178E-5,1.5458062116363007
20,20,27.542287033381662,2.9849522645079655E-5,1.5458064133109495
20,20,28.183829312644534,3.054510313477312E-5,1.545806624456949
20,20,28.84031503126606,3.1256907181631844E-5,1.5458068457614271
20,20,29.512092266663856,3.198531395305111E-5,1.5458070774353638
20,20,30.19951720402016,3.273071196181647E-5,1.5458073201314462
20,20,30.902954325135905,3.349349852048515E-5,1.545807574234342
20,20,31.622776601683793,3.427408052698121E-5,1.5458078402546842
20,20,32.359365692962825,3.507287495170246E-5,1.545808119066816
20,20,33.11311214825911,3.589030751760026E-5,1.5458084108683403
20,20,33.884415613920254,3.672681473785798E-5,1.54580871628669
20,20,34.673685045253166,3.758284364210049E-5,1.5458090361961372
20,20,35.48133892335755,3.845885173430141E-5,1.545809371284262
20,20,36.30780547701014,3.93553077123532E-5,1.5458097225796101
20,20,37.15352290971726,4.027269038563709E-5,1.5458100905146717
20,20,38.018939632056124,4.1211490856931614E-5,1.5458104760852929
20,20,38.90451449942807,4.217221128957374E-5,1.5458108799918122
20,20,39.810717055349734,4.315536573629335E-5,1.5458113029255667
20,20,40.73802778041128,4.4161481177621835E-5,1.545811746019202
20,20,41.68693834703355,4.5191096667849034E-5,1.5458122101499288
20,20,42.657951880159274,4.6244764209379466E-5,1.5458126963498156
20,20,43.65158322401661,4.7323049261685227E-5,1.5458132056471288
20,20,44.668359215096324,4.842653012118694E-5,1.5458137390481415
20,20,45.708818961487516,4.955580023794211E-5,1.5458142980132727
20,20,46.77351412871981,5.071146599468209E-5,1.545814883582194
20,20,47.86300923226383,5.189414907717063E-5,1.5458154970478646
20,20,48.97788193684461,5.310448604425203E-5,1.5458161398469896
20,20,50.11872336272722,5.4343128385881026E-5,1.5458168132855115
20,20,51.28613839913648,5.561074355147936E-5,1.5458175187614693
20,20,52.48074602497726,5.690801555943165E-5,1.5458182579586508
20,20,53.70317963702527,5.823564499028517E-5,1.5458190326172698
20,20,54.954087385762456,5.9594348102706544E-5,1.5458198441614395
20,20,56.23413251903491,6.0984860593246925E-5,1.545820694582771
20,20,57.543993733715695,6.240793471800939E-5,1.5458215857338338
20,20,58.8843655355589,6.386434192325736E-5,1.5458225196864865
20,20,60.25595860743578,6.535487179711848E-5,1.5458234984120038
20,20,61.65950018614822,6.688033355216008E-5,1.5458245240466195
20,20,63.09573444801933,6.844155705042681E-5,1.5458255990444882
20,20,64.56542290346556,7.00393921747977E-5,1.5458267258767253
20,20,66.06934480075961,7.167470871561707E-5,1.5458279067354073
20,20,67.60829753919819,7.33484000618145E-5,1.5458291445903074
20,20,69.18309709189366,7.506138095087784E-5,1.5458304422089162
20,20,70.79457843841381,7.681458757636236E-5,1.5458318021619966
20,20,72.44359600749902,7.86089839987065E-5,1.5458332283955696
20,20,74.13102413009177,8.044555178908044E-5,1.5458347230677663
20,20,75.8577575029184,8.232530468100519E-5,1.5458362906647451
20,20,77.6247116628692,8.424927673496689E-5,1.5458379341959585
20,20,79.43282347242817,8.621853079059802E-5,1.5458396576581308
20,20,81.28305161640995,8.823416050527951E-5,1.5458414660234967
20,20,83.17637711026708,9.029727890943782E-5,1.5458433623747254
20,20,85.11380382023764,9.240903050480069E-5,1.5458453506854817
20,20,87.09635899560806,9.457059389385071E-5,1.5458474361946406
20,20,89.12509381337455,9.678317563335185E-5,1.5458496236992063
20,20,91.20108393559097,9.904801520991311E-5,1.5458519185947157
20,20,93.3254300796991,1.0136638329752637E-4,1.5458543261206694
20,20,95.49925860214358,1.0373958673925682E-4,1.5458568523790974
20,20,97.72372209558107,1.0616896566224891E-4,1.5458595033717248
20,20,100,1.0865589675571661E-4,1.5458622855870956
20,20,102.32929922807547,1.1120179275968753E-4,1.5458652054615836
20,20,104.71285480508996,1.1380810948151628E-4,1.5458682708146445
20,20,107.1519305237607,1.1647633837417734E-4,1.5458714889184448
20,20,109.64781961431851,1.1920801454697695E-4,1.5458748677367289
20,20,112.2018454301963,1.2200471451822347E-4,1.5458784155840775
20,20,114.81536214968828,1.2486806664776889E-4,1.5458821423513813
20,20,117.48975549395291,1.2779973478332858E-4,1.5458860565509196
20,20,120.22644346174131,1.308014396295489E-4,1.5458901687126902
20,20,123.02687708123811,1.3387495093906228E-4,1.5458944896443183
20,20,125.89254117941675,1.3702208788702436E-4,1.5458990303755216
20,20,128.82495516931337,1.4024472857717416E-4,1.545903803177012
20,20,131.82567385564073,1.4354480801990192E-4,1.5459088210720313
20,20,134.89628825916532,1.4692431799545494E-4,1.545914097266792
20,20,138.03842646028852,1.5038531453610065E-4,1.5459196462304283
20,20,141.2537544622754,1.5392992043141617E-4,1.5459254833829976
20,20,144.5439770745928,1.5756032723451187E-4,1.5459316251391655
20,20,147.91083881682073,1.6127879941914527E-4,1.5459380890500634
20,20,151.35612484362088,1.650876779340999E-4,1.5459448939030491
20,20,154.88166189124811,1.689893797570939E-4,1.545952058966966
20,20,158.48931924611142,1.7298641165697625E-4,1.5459596057163385
20,20,162.18100973589299,1.7708136969406702E-4,1.5459675570071774
20,20,165.95869074375614,1.8127694452278392E-4,1.5459759370456418
20,20,169.82436524617444,1.8557592464777832E-4,1.5459847715692927
20,20,173.78008287493762,1.8998120939473363E-4,1.5459940885638686
20,20,177.82794100389228,1.9449581501759108E-4,1.5460039182766891
20,20,181.97008586099844,1.9912287292241714E-4,1.5460142925647566
20,20,186.20871366628674,2.0386565352879137E-4,1.5460252463229276
20,20,190.54607179632484,2.087275608998065E-4,1.5460368166440541
20,20,194.98445997580455,2.1371215180090986E-4,1.5460490435243868
20,20,199.52623149688807,2.1882315004512518E-4,1.5460619707482604
20,20,204.17379446695296,2.2406445338399354E-4,1.5460756451572992
20,20,208.92961308540387,2.294401510438585E-4,1.5460901176820219
20,20,213.79620895022325,2.3495454269600516E-4,1.5461054435823562
20,20,218.77616239495518,2.4061215595040628E-4,1.5461216828981317
20,20,223.872113856834,2.464177656592086E-4,1.546138900745332
20,20,229.08676527677724,2.5237643097979505E-4,1.5461571689306075
20,20,234.42288153199226,2.5849349740716276E-4,1.5461765644117533
20,20,239.88329190194898,2.647746726402583E-4,1.5461971735163909
20,20,245.4708915685031,2.7122600957088186E-4,1.5462190884700564
20,20,251.18864315095797,2.7785400247548115E-4,1.5462424125907626
20,20,257.03957827688646,2.846656126622107E-4,1.5462672593339795
20,20,263.02679918953817,2.916683177776485E-4,1.5462937529249587
20,20,269.1534803926917,2.988702091660761E-4,1.5463220319681146
20,20,275.4228703338166,3.062800558730464E-4,1.5463522498112197
20,20,281.8382931264455,3.139074148909874E-4,1.5463845773689544
20,20,288.40315031266056,3.217628752837599E-4,1.5464192140519148
20,20,295.1209226666387,3.298576726811753E-4,1.546456356242233
20,20,301.9951720402016,3.3820464062916505E-4,1.5464962518135388
20,20,309.0295432513592,3.468179151751404E-4,1.5465391711950935
20,20,316.22776601683796,3.5571329282213277E-4,1.5465854191968416
20,20,323.5936569296284,3.6490857878228474E-4,1.5466353430271964
20,20,331.1311214825911,3.7442394572169207E-4,1.546689337466491
20,20,338.84415613920277,3.8428245091404824E-4,1.5467478550961078
20,20,346.73685045253166,3.945106286437219E-4,1.546811415402486
20,20,354.81338923357566,4.051393331604424E-4,1.5468806200275123
20,20,363.0780547701014,4.1620469804299617E-4,1.5469561654327961
20,20,371.5352290971724,4.277495355307026E-4,1.5470388656105014
20,20,380.1893963205613,4.398251007517439E-4,1.5471296759419666
20,20,389.04514499428046,4.524934495862074E-4,1.5472297230938366
20,20,398.1071705534973,4.658307394336049E-4,1.5473403454855184
20,20,407.3802778041126,4.7993174113328675E-4,1.5474631428187773
20,20,416.8693834703355,4.949162526614908E-4,1.5476000386144164
20,20,426.57951880159254,5.109382914735309E-4,1.5477533576960445
20,20,436.5158322401661,5.281998398243186E-4,1.5479259257562032
20,20,446.683592150963,5.469717482112E-4,1.5481211918875686
20,20,457.0881896148752,5.676238417062873E-4,1.5483432875497025
20,20,467.73514128719813,5.906772917745487E-4,1.5485971578397824
20,20,478.6300923226385,6.169241201631852E-4,1.5488893175547944
20,20,489.77881936844614,6.475441421894465E-4,1.5492263089518976
20,20,501.18723362727246,6.844560324447532E-4,1.5496144214304453
20,20,512.8613839913648,7.309815181244817E-4,1.5500554367844788
20,20,524.8074602497728,7.934170927644815E-4,1.5505329180349066
20,20,537.0317963702527,8.853334191959201E-4,1.550962639614275
20,20,549.5408738576248,0.00104236696027493,1.5509785336078772
20,20,562.341325190349,0.001397820548747575,1.5486180731555506
20,20,575.4399373371573,0.0032442186634743624,1.5191849132551642
20,20,588.843655355589,0.001688099833023088,-1.5002488690365763
20,20,602.5595860743581,2.039232651949897E-4,-1.4319398404488328
20,20,616.5950018614822,1.2737433015878538E-4,1.4072639399250912
20,20,630.9573444801937,2.772164660694483E-4,1.502308453641818
20,20,645.6542290346556,3.681344768890073E-4,1.5205253199312783
20,20,660.6934480075957,4.319335581754945E-4,1.5280097755907736
20,20,676.0829753919819,4.811896214911393E-4,1.5320278186603298
20,20,691.8309709189363,5.218303900376194E-4,1.5345145242703524
20,20,707.945784384138,5.570153316740863E-4,1.5361968567942137
20,20,724.4359600749899,5.885843796853648E-4,1.5374068141800576
20,20,741.3102413009177,6.176833371751162E-4,1.5383167697832347
20,20,758.5775750291835,6.450646231689837E-4,1.5390247991636967
20,20,776.247116628692,6.712441259343728E-4,1.539590679569975
20,20,794.3282347242813,6.96588569511106E-4,1.5400528550713761
20,20,812.8305161640995,7.213669469501144E-4,1.5404371445677845
20,20,831.7637711026708,7.457820646007585E-4,1.5407615155551626
20,20,851.1380382023768,7.699906682407319E-4,1.5410388499891798
20,20,870.9635899560806,7.941166621839785E-4,1.5412786203097073
20,20,891.2509381337459,8.182601072607135E-4,1.541487946635366
20,20,912.0108393559096,8.425034347125875E-4,1.5416722839516512
20,20,933.2543007969915,8.669158635457273E-4,1.5418358826220364
20,20,954.992586021436,8.915566067715608E-4,1.541982105112872
20,20,977.2372209558112,9.164772229708216E-4,1.5421136476021908
20,20,1000,9.417234045776446E-4,1.542232699706832
20,20,1023.2929922807547,9.673363245299566E-4,1.5423410600086425
20,20,1047.1285480508996,9.933537062892836E-4,1.542440222475654
20,20,1071.519305237607,0.0010198106662417863,1.5425314411534559
20,20,1096.4781961431852,0.001046740406958759,1.5426157797522992
20,20,1122.018454301964,0.0010741748407367532,1.5426941513481547
20,20,1148.1536214968828,0.0011021449800126513,1.5427673449199626
20,20,1174.8975549395302,0.0011306815251309235,1.5428360535113923
20,20,1202.2644346174131,0.0011598153470631152,1.5429008951076573
20,20,1230.268770812381,0.0011895778718677774,1.5429624267399427
20,20,1258.9254117941675,0.0012200016398734334,1.5430211607072577
20,20,1288.2495516931335,0.0012511209200622665,1.5430775784846085
20,20,1318.2567385564075,0.0012829724740298974,1.543132144472265
20,20,1348.9628825916532,0.0013155965511405213,1.5431853206304216
20,20,1380.3842646028852,0.0013490382538137544,1.543237583504928
20,20,1412.537544622754,0.001383349470111789,1.5432894453694004
20,20,1445.439770745928,0.001418591731163879,1.5433414828571284
20,20,1479.1083881682073,0.0014548406036008117,1.5433943780244745
20,20,1513.5612484362086,0.0014921926915604268,1.5434489805645688
20,20,1548.816618912481,0.0015307773953974466,1.5435064078491667
20,20,1584.893192461114,0.0015707776295606443,1.543568213564112
20,20,1621.8100973589299,0.0016124688840547898,1.5436366907594508
20,20,1659.5869074375614,0.0016562987647104363,1.5437154518926564
20,20,1698.2436524617442,0.0017030667551698033,1.543810634677723
20,20,1737.8008287493763,0.001754390490994351,1.543933655683926
20,20,1778.2794100389228,0.001814185266238596,1.5441082132256128
20,20,1819.7008586099844,0.0018951905680955608,1.544388072299477
20,20,1862.0871366628676,0.0020770452351028842,1.5447385398711142
20,20,1905.4607179632483,0.0011182420069347496,1.5058987523665641
20,20,1949.8445997580454,0.001778678800356435,1.5412487885614448
20,20,1995.262314968881,0.001892608386280778,1.5425257148279659
20,20,2041.7379446695295,0.001967029820153205,1.5429573095336933
20,20,2089.2961308540407,0.0020308706133979285,1.543187032684763
20,20,2137.9620895022326,0.0020910354334132235,1.5433394734177313
20,20,2187.761623949552,0.002150058477459281,1.5434552219608846
20,20,2238.72113856834,0.0022091323938473024,1.5435515649376952
20,20,2290.8676527677726,0.0022689327608527493,1.5436372662143216
20,20,2344.228815319923,0.002329919095010682,1.5437174810040886
20,20,2398.83291901949,0.002392463869607395,1.5437956713758307
20,20,2454.708915685031,0.0024569314769893238,1.5438745470908262
20,20,2511.88643150958,0.00252374883819316,1.5439566157762625
20,20,2570.3957827688646,0.002593507184978211,1.5440446134595132
20,20,2630.2679918953813,0.0026671685417641922,1.544141931086886
20,20,2691.5348039269165,0.0027465974672987547,1.5442528456286277
20,20,2754.2287033381663,0.0028363124832044306,1.5443798176759873
20,20,2818.382931264455,0.0029518997186139487,1.544482096437381
20,20,2884.031503126606,0.0032166674791004354,1.5430587943443463
20,20,2951.209226666387,0.0026081871441933505,1.5333212351757712
20,20,3019.9517204020162,0.0029645020448812783,1.5427758191601004
20,20,3090.295432513592,0.003099294518563812,1.5436830672643664
20,20,3162.2776601683795,0.003209861006695062,1.5440606859443216
20,20,3235.9365692962842,0.0033159827843315805,1.5443108103795844
20,20,3311.311214825911,0.0034234835584367298,1.544519560093639
20,20,3388.4415613920273,0.0035352857168138435,1.5447173946779764
20,20,3467.368504525317,0.0036536356930646583,1.5449193252120907
20,20,3548.1338923357566,0.003780889727221948,1.5451351846076882
20,20,3630.780547701014,0.003920028665176808,1.5453731543576121
20,20,3715.3522909717276,0.004075264576016687,1.5456412116307312
20,20,3801.8939632056126,0.004253036607585705,1.5459475463293437
20,20,3890.4514499428046,0.004463935235085631,1.5462995719046624
20,20,3981.0717055349733,0.004726894601349319,1.5466989044370916
20,20,4073.802778041126,0.005079638895558052,1.5471216511202681
20,20,4168.693834703355,0.005609958957533203,1.5474349171201947
20,20,4265.795188015925,0.006580489563947569,1.5469489402482448
20,20,4365.158322401661,0.009296738507728615,1.5403611100190626
20,20,4466.835921509631,0.16835046329166908,0.20701355034374525
20,20,4570.881896148751,0.0011219096982278628,-1.313903326191825
20,20,4677.351412871981,0.0016894984109648505,1.4730662776655907
20,20,4786.300923226385,0.0026756456785354443,1.516432083876677
20,20,4897.7881936844615,0.003223902909250121,1.5271575146473761
20,20,5011.872336272725,0.0035983149042084087,1.5318311488856802
20,20,5128.613839913648,0.0038871113182041366,1.5344077351105123
20,20,5248.074602497728,0.00412824613036287,1.536029274306407
20,20,5370.317963702527,0.004340749805587798,1.5371409442018715
20,20,5495.408738576249,0.004535247533089142,1.5379504173486518
20,20,5623.413251903491,0.0047181687562311,1.5385670593556255
20,20,5754.399373371572,0.00489366306162133,1.5390537861183802
20,20,5888.43655355589,0.005064561985409482,1.5394493522755819
20,20,6025.5958607435805,0.005232903747671527,1.5397790136799347
20,20,6165.9500186148225,0.005400246894838497,1.5400600968771845
20,20,6309.573444801937,0.005567890946007217,1.5403051777243069
20,20,6456.542290346556,0.00573710850228931,1.5405241533282616
20,20,6606.9344800759645,0.005909664987288856,1.5407258553716479
20,20,6760.829753919819,0.006090624979968577,1.540914207006925
20,20,6918.309709189362,0.006402413775206075,1.5379738847607107
20,20,7079.457843841381,0.0063966559697314004,1.5408290559434696
20,20,7244.359600749898,0.006594282752591149,1.5411703191630637
20,20,7413.102413009177,0.0067874441645387786,1.541353672039389
20,20,7585.775750291836,0.006985368514469591,1.5415101143708283
20,20,7762.4711662869195,0.007191439586297785,1.541660218857891
20,20,7943.282347242814,0.007409367900667779,1.5418124228898287
20,20,8128.305161640995,0.0076454253062525,1.5419718747223536
20,20,8317.63771102671,0.007913094680904769,1.542137125243848
20,20,8511.380382023768,0.008250269304803704,1.5422607206975774
20,20,8709.635899560806,0.008828199799216676,1.5417440076650906
20,20,8912.509381337459,0.01527738039402556,1.440373473527604
20,20,9120.108393559096,0.007523029819321726,1.5340220515585727
20,20,9332.543007969914,0.008280572949775146,1.539667340880784
20,20,9549.92586021436,0.008688822090246125,1.5408704381238558
20,20,9772.372209558112,0.009028236171870914,1.5414316558435193
20,20,10000,0.009352279574257206,1.5418019116944315
20,20,10232.929922807536,0.009681545493075976,1.542101938232596
20,20,10471.285480509006,0.010029653936471927,1.5423799980190327
20,20,10715.193052376071,0.010411137425674913,1.5426619446544911
20,20,10964.78196143185,0.010847605604668058,1.542964486257584
20,20,11220.18454301963,0.011378835464347932,1.543294087962758
20,20,11481.53621496884,0.012093157197107737,1.543617561863567
20,20,11748.975549395303,0.013241711095673802,1.5436708887653472
20,20,12022.644346174131,0.015950471032371977,1.5410579373752964
20,20,12302.68770812381,0.05182648405406752,1.3876045181541345
20,20,12589.254117941662,0.004290606941485151,1.4329553238187536
20,20,12882.495516931349,0.008318481052351919,1.5231558048130784
20,20,13182.567385564074,0.00974056040694857,1.5323171022412325
20,20,13489.628825916532,0.010601350278549299,1.5357394208295028
20,20,13803.842646028837,0.011269582283989856,1.5374401158186084
20,20,14125.375446227554,0.012021145608083707,1.5383573724036617
20,20,14454.39770745928,0.01175454953070676,1.5358475012995276
20,20,14791.083881682072,0.012447102647436474,1.5385072832506037
20,20,15135.612484362071,0.012919041652087158,1.539143845708745
20,20,15488.166189124828,0.013357324964939455,1.539534051536774
20,20,15848.93192461114,0.013793365468956747,1.5398153521171638
20,20,16218.100973589299,0.01375714366363331,1.4996890427634604
20,20,16595.869074375598,0.014597291791588453,1.5401700557742342
20,20,16982.43652461746,0.015051206989444885,1.5404109426241464
20,20,17378.00828749376,0.01551982906824822,1.540611421426144
20,20,17782.794100389227,0.016030796865045393,1.5407946108636303
20,20,18197.008586099826,0.016650454910978926,1.5409202457267777
20,20,18620.871366628693,0.017808598818240578,1.5397932409860196
20,20,19054.607179632483,0.014298192713527598,1.5156194525196922
20,20,19498.445997580457,0.01689065898853177,1.5388693227855872
20,20,19952.62314968879,0.017671534516717068,1.5401378436679476
20,20,20417.379446695315,0.018309490112854,1.5406170613800283
20,20,20892.96130854041,0.01893492539173227,1.540920850673742
20,20,21379.620895022323,0.019627553692267808,1.5410463088701971
20,20,21877.616239495517,0.02017115900802361,1.541103352399837
20,20,22387.211385683422,0.021009275361946703,1.541575692613029
20,20,22908.676527677748,0.0220055763357268,1.5418445122635025
20,20,23442.288153199228,0.023445551477927724,1.541946333822688
20,20,23988.329190194898,0.026428396797051466,1.5404715768183923
20,20,24547.089156850285,0.056206554323510655,1.4360007330413072
20,20,25118.864315095823,0.012948873837204276,1.484399089306159
20,20,25703.957827688646,0.01877745746448965,1.530327860356554
20,20,26302.679918953814,0.020736637438065877,1.5353016496780465
20,20,26915.348039269138,0.021952894912089172,1.53731143292064
20,20,27542.28703338169,0.02293414798990486,1.5379603075188135
20,20,28183.82931264455,0.02377482441796451,1.5388206089164504
20,20,28840.31503126606,0.02457849540851297,1.5392115225591851
20,20,29512.09226666384,0.02535951783987661,1.5395044481896931
20,20,30199.51720402019,0.02613875116903116,1.5397373971555242
20,20,30902.95432513592,0.02696023087012012,1.5397336486810376
20,20,31622.776601683792,0.027730555302363177,1.5401130575444666
20,20,32359.36569296281,0.0286325222218072,1.5402619613111106
20,20,33113.11214825915,0.02979371325026592,1.5402077950226207
20,20,33884.415613920275,0.02224402883279125,1.0255631589327698
20,20,34673.685045253165,0.03012529535760733,1.5391084006523488
20,20,35481.33892335753,0.03125248688229062,1.5354353913132261
20,20,36307.80547701017,0.03254510007335504,1.540476996139074
20,20,37153.52290971728,0.03395938130591933,1.5406217362975214
20,20,38018.93963205613,0.038263240886103375,1.5311579368007935
20,20,38904.51449942805,0.034581373569025034,1.5383248561832916
20,20,39810.71705534977,0.03765911531481377,1.5399259708927282
20,20,40738.02778041131,0.04730166538174717,1.5268095898928455
20,20,41686.93834703355,0.029129918677408405,1.5169135638947964
20,20,42657.95188015926,0.03169769098196983,1.5284019550643213
20,20,43651.58322401656,0.034519332436477264,1.5317424126465422
20,20,44668.359215096345,0.037135765674245654,1.5379397244586746
20,20,45708.818961487515,0.03874755257392824,1.5386226692797418
20,20,46773.51412871981,0.03950694860434078,1.5383771502637622
20,20,47863.0092322638,0.04099443905880636,1.5393585227446913
20,20,48977.881936844664,0.04231093634046982,1.539621001487056
20,50,1,2.8625803201702016E-6,1.5469998289135356
20,50,1.023292992280754,2.9292589064407115E-6,1.5469998340117295
20,50,1.0471285480508996,2.9974923886540556E-6,1.5469998479481326
20,50,1.0715193052376064,3.067314789605799E-6,1.5469998601418533
20,50,1.096478196143185,3.138763753220966E-6,1.5469998728557175
20,50,1.1220184543019633,3.2118773059039195E-6,1.5469998881860232
20,50,1.1481536214968828,3.2866933411084584E-6,1.546999898672093
20,50,1.1748975549395295,3.3632525500200655E-6,1.5469999126997802
20,50,1.202264434617413,3.441595350479332E-6,1.5469999271253843
20,50,1.2302687708123816,3.5217630179443273E-6,1.5469999425141931
20,50,1.2589254117941673,3.603798402076556E-6,1.5469999582802332
20,50,1.288249551693134,3.6877444942221476E-6,1.5469999755085002
20,50,1.318256738556407,3.773646401106757E-6,1.5469999927007083
20,50,1.3489628825916535,3.861549553471077E-6,1.547000010965804
20,50,1.3803842646028848,3.95150009292733E-6,1.5470000292594188
20,50,1.4125375446227544,4.043546773370479E-6,1.5470000500041035
20,50,1.4454397707459274,4.137737379102024E-6,1.5470000721751789
20,50,1.4791083881682074,4.234122424847411E-6,1.5470000952097374
20,50,1.5135612484362082,4.33275405454013E-6,1.5470001243310785
20,50,1.5488166189124815,4.4336827038434475E-6,1.5470001503190363
20,50,1.5848931924611136,4.536962862961442E-6,1.5470001786586998
20,50,1.62181009735893,4.64265005503634E-6,1.5470002125843878
20,50,1.6595869074375607,4.750799202828984E-6,1.5470002455428373
20,50,1.6982436524617444,4.861466965347561E-6,1.5470002760155823
20,50,1.7378008287493754,4.9747145517004394E-6,1.5470003141387654
20,50,1.7782794100389228,5.090599202831481E-6,1.5470003491529347
20,50,1.8197008586099834,5.209184754623817E-6,1.5470003881118892
20,50,1.8620871366628675,5.3305344461214745E-6,1.5470004349338684
20,50,1.9054607179632472,5.454709718087935E-6,1.547000475146148
20,50,1.9498445997580451,5.581778800967546E-6,1.547000521554532
20,50,1.9952623149688795,5.711808543574708E-6,1.547000568476103
20,50,2.041737944669529,5.8448670081509035E-6,1.5470006146039668
20,50,2.0892961308540396,5.981026690865163E-6,1.5470006651930235
20,50,2.137962089502232,6.1203574592732925E-6,1.5470007144888975
20,50,2.1877616239495525,6.262934780216991E-6,1.5470007652861257
20,50,2.23872113856834,6.408834979481275E-6,1.5470008200171192
20,50,2.290867652767773,6.558134815073894E-6,1.547000878663392
20,50,2.344228815319922,6.710913324998534E-6,1.5470009386499473
20,50,2.3988329190194904,6.867252867022057E-6,1.5470010048179867
20,50,2.4547089156850306,7.027234464726229E-6,1.5470010682057513
20,50,2.51188643150958,7.190945876591521E-6,1.5470011420117382
20,50,2.570395782768864,7.3584710416696E-6,1.547001214558622
20,50,2.6302679918953817,7.529901930671152E-6,1.5470012948438536
20,50,2.6915348039269156,7.705327548075289E-6,1.5470013782508738
20,50,2.7542287033381663,7.884839962392058E-6,1.5470014596782236
20,50,2.8183829312644537,8.068537002019388E-6,1.547001548838117
20,50,2.884031503126606,8.256515968664245E-6,1.5470016428624334
20,50,2.951209226666386,8.448875450162288E-6,1.5470017393056423
20,50,3.019951720402016,8.645717339304083E-6,1.5470018374294314
20,50,3.0902954325135905,8.847147362317322E-6,1.5470019402633568
20,50,3.1622776601683795,9.05327044280559E-6,1.5470020434741578
20,50,3.2359365692962827,9.264198940256146E-6,1.547002154181831
20,50,3.311311214825911,9.480045490085193E-6,1.547002272018305
20,50,3.3884415613920256,9.700921495160461E-6,1.5470023923095075
20,50,3.4673685045253166,9.926949779074022E-6,1.5470025226594006
20,50,3.548133892335755,1.0158246512307635E-5,1.5470026588195964
20,50,3.630780547701014,1.0394936038366304E-5,1.5470027997353972
20,50,3.715352290971726,1.0637141606738236E-5,1.5470029444240867
20,50,3.8018939632056115,1.0884993156731078E-5,1.5470030933780154
20,50,3.890451449942806,1.113862798105518E-5,1.547003257769872
20,50,3.9810717055349722,1.1398178506243673E-5,1.547003431180141
20,50,4.073802778041127,1.1663781351353905E-5,1.5470036125175788
20,50,4.168693834703354,1.1935578498281827E-5,1.5470038038080305
20,50,4.265795188015927,1.2213716483190397E-5,1.547004005279467
20,50,4.36515832240166,1.2498339100459963E-5,1.5470042128170036
20,50,4.466835921509632,1.2789600913538519E-5,1.5470044302272519
20,50,4.570881896148751,1.308766001955572E-5,1.5470046623562117
20,50,4.677351412871983,1.3392673128352897E-5,1.5470049058399444
20,50,4.786300923226384,1.3704801401146122E-5,1.5470051588677785
20,50,4.8977881936844625,1.4024215651909727E-5,1.5470054287855621
20,50,5.011872336272724,1.4351080290073339E-5,1.547005708155235
20,50,5.1286138399136485,1.4685564428977638E-5,1.547005987492343
20,50,5.248074602497725,1.502785921749371E-5,1.5470062884737443
20,50,5.370317963702527,1.5378147007292753E-5,1.5470066065816839
20,50,5.495408738576246,1.5736604194979766E-5,1.5470069311064638
20,50,5.623413251903491,1.6103431253241107E-5,1.5470072729721753
20,50,5.7543993733715695,1.6478828427919926E-5,1.5470076398643944
20,50,5.88843655355589,1.68629846253395E-5,1.5470080157101862
20,50,6.025595860743578,1.7256116432425335E-5,1.547008413813773
20,50,6.165950018614822,1.7658430639262107E-5,1.5470088324887123
20,50,6.309573444801933,1.807014042001413E-5,1.5470092691284225
20,50,6.456542290346556,1.8491468466367426E-5,1.5470097261687168
20,50,6.606934480075961,1.8922641167538133E-5,1.547010205471121
20,50,6.760829753919819,1.9363885797427962E-5,1.5470107031012066
20,50,6.918309709189364,1.9815448229778278E-5,1.5470112302210168
20,50,7.079457843841379,2.0277560888520212E-5,1.5470117765041733
20,50,7.244359600749901,2.075048711992081E-5,1.5470123602061319
20,50,7.413102413009175,2.1234464783384777E-5,1.5470129616818502
20,50,7.5857757502918375,2.172976369070386E-5,1.5470135947388322
20,50,7.762471166286917,2.2236644767841466E-5,1.5470142541637235
20,50,7.943282347242816,2.275538713567007E-5,1.547014947800081
20,50,8.128305161640993,2.3286267460170812E-5,1.547015671493512
20,50,8.31763771102671,2.3829574338116313E-5,1.547016429935443
20,50,8.511380382023766,2.4385608056875932E-5,1.54701723000229
20,50,8.709635899560807,2.495465782582432E-5,1.5470180642319513
20,50,8.912509381337456,2.553704644066102E-5,1.5470189449922476
20,50,9.120108393559097,2.6133073115588008E-5,1.547019861456626
20,50,9.33254300796991,2.6743075239396214E-5,1.5470208267828713
20,50,9.549925860214358,2.7367374725798037E-5,1.5470218334599208
20,50,9.772372209558107,2.8006319511367622E-5,1.5470228926859575
20,50,10,2.866024537397975E-5,1.547023995822397
20,50,10.232929922807541,2.93295269889494E-5,1.5470251577017375
20,50,10.471285480508996,3.001451564150393E-5,1.5470263724103765
20,50,10.715193052376065,3.071559615671965E-5,1.5470276473050901
20,50,10.964781961431852,3.1433145559304446E-5,1.5470289826306562
20,50,11.220184543019636,3.216756899493136E-5,1.547030386562803
20,50,11.481536214968829,3.291924500730616E-5,1.5470318478434528
20,50,11.748975549395297,3.3688612975503065E-5,1.5470333839745545
20,50,12.02264434617413,3.447609720815256E-5,1.5470349986169072
20,50,12.302687708123818,3.52821141769707E-5,1.5470366835426834
20,50,12.589254117941675,3.610712830419714E-5,1.5470384535008714
20,50,12.882495516931343,3.69516008121912E-5,1.5470403143169906
20,50,13.182567385564074,3.781598713519096E-5,1.5470422597858657
20,50,13.48962882591654,3.870078790323573E-5,1.5470443067945054
20,50,13.803842646028853,3.960646384026988E-5,1.547046440757468
20,50,14.125375446227547,4.0533569836978486E-5,1.547048689340174
20,50,14.454397707459272,4.148259964804445E-5,1.5470510453424258
20,50,14.791083881682072,4.245408199837849E-5,1.5470535112638324
20,50,15.13561248436208,4.3448594797559995E-5,1.5470561040724575
20,50,15.488166189124811,4.446668658902493E-5,1.5470588240749352
20,50,15.848931924611133,4.550893452369397E-5,1.547061673749378
20,50,16.218100973589298,4.657593406271162E-5,1.547064661970296
20,50,16.595869074375607,4.7668322847202976E-5,1.547067806074775
20,50,16.982436524617444,4.878669117477959E-5,1.5470710948970625
20,50,17.378008287493753,4.993175186567393E-5,1.5470745643624426
20,50,17.78279410038923,5.110408244082117E-5,1.5470781874682298
20,50,18.197008586099834,5.2304433535322455E-5,1.5470819977123627
20,50,18.620871366628677,5.353347399929658E-5,1.5470859909527135
20,50,19.054607179632473,5.4791986644197276E-5,1.5470901987927785
20,50,19.498445997580454,5.608065785589071E-5,1.5470946072146115
20,50,19.952623149688797,5.74002848607796E-5,1.5470992399320114
20,50,20.417379446695296,5.8751672442889424E-5,1.5471041089426811
20,50,20.892961308540396,6.01356264068179E-5,1.547109224869277
20,50,21.379620895022324,6.15529957580625E-5,1.547114601629857
20,50,21.87761623949553,6.300463050435182E-5,1.5471202450154808
20,50,22.3872113856834,6.449144825970597E-5,1.5471261794382882
20,50,22.908676527677734,6.601440074112925E-5,1.5471324249984957
20,50,23.442288153199225,6.757442419979773E-5,1.5471389903357706
20,50,23.98832919019491,6.917252418091377E-5,1.5471458990446936
20,50,24.547089156850312,7.080971411532283E-5,1.5471531643746146
20,50,25.11886431509581,7.24870606449027E-5,1.547160809978224
20,50,25.703957827688633,7.420566100924707E-5,1.54716885541225
20,50,26.302679918953814,7.59666835710254E-5,1.547177329430356
20,50,26.915348039269155,7.777130188275423E-5,1.547186252973183
20,50,27.542287033381662,7.962071506745985E-5,1.5471956470809183
20,50,28.183829312644534,8.151629210048682E-5,1.5472055598664638
20,50,28.84031503126606,8.345928629881142E-5,1.547216004570185
20,50,29.512092266663856,8.545108629651538E-5,1.5472270063146245
20,50,30.19951720402016,8.749321578723964E-5,1.5472386249352021
20,50,30.902954325135905,8.958709595896007E-5,1.5472508764699768
20,50,31.622776601683793,9.173436994215616E-5,1.547263813518436
20,50,32.359365692962825,9.393669250918968E-5,1.5472774779112055
20,50,33.11311214825911,9.619576064899293E-5,1.5472919110364909
20,50,33.884415613920254,9.851332474056104E-5,1.5473071437577648
20,50,34.673685045253166,1.0089147962447803E-4,1.5473232740190226
20,50,35.48133892335755,1.0333219715516704E-4,1.5473403421027783
20,50,36.30780547701014,1.058375761314605E-4,1.5473584103131157
20,50,37.15352290971726,1.0840994973412232E-4,1.5473775588103735
20,50,38.018939632056124,1.1105162130186674E-4,1.54739784839345
20,50,38.90451449942807,1.13765254390582E-4,1.5474193789134019
20,50,39.810717055349734,1.1655345397225845E-4,1.5474422227616367
20,50,40.73802778041128,1.194191521772009E-4,1.547466481278439
20,50,41.68693834703355,1.223655318555663E-4,1.5474922704512948
20,50,42.657951880159274,1.253959589672238E-4,1.5475197166063501
20,50,43.65158322401661,1.2851395274294817E-4,1.5475489292922333
20,50,44.668359215096324,1.3172346450257175E-4,1.5475800587904565
20,50,45.708818961487516,1.3502880404613082E-4,1.547613269955809
20,50,46.77351412871981,1.3843466858243095E-4,1.5476487487030064
20,50,47.86300923226383,1.4194602124823066E-4,1.54768666317091
20,50,48.97788193684461,1.4556862514379304E-4,1.5477272557413366
20,50,50.11872336272722,1.4930866337672482E-4,1.5477707630373458
20,50,51.28613839913648,1.5317305927307204E-4,1.5478174466048413
20,50,52.48074602497726,1.5716957796203934E-4,1.5478676264386961
20,50,53.70317963702527,1.6130718803026434E-4,1.5479216667583033
20,50,54.954087385762456,1.655953587815598E-4,1.5479799058271233
20,50,56.23413251903491,1.7004591015366122E-4,1.5480428410344855
20,50,57.543993733715695,1.7467150952578105E-4,1.548110942999532
20,50,58.8843655355589,1.7948752381760405E-4,1.5481848194217476
20,50,60.25595860743578,1.8451136464571631E-4,1.5482651041436957
20,50,61.65950018614822,1.8976401603346889E-4,1.548352585191471
20,50,63.09573444801933,1.9527024217978035E-4,1.5484481498798381
20,50,64.56542290346556,2.0106023305999077E-4,1.5485528544553226
20,50,66.06934480075961,2.0717003481311147E-4,1.548667885180102
20,50,67.60829753919819,2.1364493282347293E-4,1.5487946874214005
20,50,69.18309709189366,2.2054096177337998E-4,1.548934931093964
20,50,70.79457843841381,2.2793015650598858E-4,1.5490906430197247
20,50,72.44359600749902,2.3590483882194877E-4,1.5492641675189054
20,50,74.13102413009177,2.445879103041441E-4,1.5494583536830728
20,50,75.8577575029184,2.541436043187535E-4,1.5496764700330679
20,50,77.6247116628692,2.648018958072683E-4,1.549922472034636
20,50,79.43282347242817,2.7688915955492537E-4,1.5502006877800196
20,50,81.28305161640995,2.9089414659413466E-4,1.5505158727950514
20,50,83.17637711026708,3.0757129389990227E-4,1.5508718513403603
20,50,85.11380382023764,3.2814384087602585E-4,1.5512685691618482
20,50,87.09635899560806,3.547957796510515E-4,1.5516951256799605
20,50,89.12509381337455,3.917562796725823E-4,1.5521048307627883
20,50,91.20108393559097,4.4849175311569375E-4,1.552333050919284
20,50,93.3254300796991,5.514405966187701E-4,1.5517429917501413
20,50,95.49925860214358,8.129611439388108E-4,1.546893726580543
20,50,97.72372209558107,0.003280816161672929,1.4641986189885141
20,50,100,6.585304326700926E-4,-1.5169758019051507
20,50,102.32929922807547,1.3763455199862615E-4,-1.4842162767239844
20,50,104.71285480508996,1.5120737890442563E-5,0.9394833823122452
20,50,107.1519305237607,8.610108138280847E-5,1.4761918828971066
20,50,109.64781961431851,1.3141882142074849E-4,1.5106564447434205
20,50,112.2018454301963,1.6344839022317597E-4,1.5226403387044667
20,50,114.81536214968828,1.8811973133301546E-4,1.5286309828496003
20,50,117.48975549395291,2.0833069116639333E-4,1.5321920833776839
20,50,120.22644346174131,2.2566253005775117E-4,1.5345389686277553
20,50,123.02687708123811,2.4105221853847953E-4,1.5361958772910884
20,50,125.89254117941675,2.550904629548729E-4,1.5374247219234423
20,50,128.82495516931337,2.681681124654619E-4,1.538370362447479
20,50,131.82567385564073,2.8055621226322046E-4,1.5391194178425052
20,50,134.89628825916532,2.924474372079582E-4,1.5397265548118861
20,50,138.03842646028852,3.039845002695636E-4,1.5402281054950406
20,50,141.2537544622754,3.1527431241858486E-4,1.5406489642280388
20,50,144.5439770745928,3.2640036999202694E-4,1.5410069080645328
20,50,147.91083881682073,3.3742816005002946E-4,1.5413148450324492
20,50,151.35612484362088,3.4841067630592213E-4,1.5415824419652613
20,50,154.88166189124811,3.59391321575009E-4,1.5418170394011401
20,50,158.48931924611142,3.7040636713484373E-4,1.5420243290982742
20,50,162.18100973589299,3.814866376293305E-4,1.5422087870061256
20,50,165.95869074375614,3.926589120357854E-4,1.5423739959220484
20,50,169.82436524617444,4.039466437049222E-4,1.54252284462765
20,50,173.78008287493762,4.153707757390652E-4,1.54265769444642
20,50,177.82794100389228,4.2695046229602513E-4,1.5427805068943237
20,50,181.97008586099844,4.3870331728923425E-4,1.5428929174997967
20,50,186.20871366628674,4.506459044984526E-4,1.542996309261505
20,50,190.54607179632484,4.6279407122338536E-4,1.5430918659777395
20,50,194.98445997580455,4.751632073469319E-4,1.5431806106850439
20,50,199.52623149688807,4.877685749470042E-4,1.5432634404477694
20,50,204.17379446695296,5.006255335935327E-4,1.543341152509598
20,50,208.92961308540387,5.137499351999476E-4,1.5434144700731993
20,50,213.79620895022325,5.271584521310096E-4,1.5434840626741566
20,50,218.77616239495518,5.408690377480986E-4,1.543550565521145
20,50,223.872113856834,5.549016145022227E-4,1.543614604820532
20,50,229.08676527677724,5.692789052859159E-4,1.5436768214334688
20,50,234.42288153199226,5.840278244886493E-4,1.5437379048154796
20,50,239.88329190194898,5.99181437149125E-4,1.5437986374488497
20,50,245.4708915685031,6.147823453528444E-4,1.5438599659930008
20,50,251.18864315095797,6.308880813180506E-4,1.543923106167693
20,50,257.03957827688646,6.475815676917965E-4,1.5439897404178569
20,50,263.02679918953817,6.649901410346494E-4,1.5440623544511403
20,50,269.1534803926917,6.833271058480231E-4,1.544144931792986
20,50,275.4228703338166,7.029882188776964E-4,1.5442444247056963
20,50,281.8382931264455,7.248217920927179E-4,1.5443743695590268
20,50,288.40315031266056,7.510698582859246E-4,1.544564635885539
20,50,295.1209226666387,7.903801936572198E-4,1.5448859748293322
20,50,301.9951720402016,9.397463586713704E-4,1.544338127638889
20,50,309.0295432513592,6.595658903604241E-4,1.5385075772067016
20,50,316.22776601683796,7.514097946845651E-4,1.5426314464550084
20,50,323.5936569296284,7.881829397672777E-4,1.5433067527477944
20,50,331.1311214825911,8.161072334621661E-4,1.5435951775579668
20,50,338.84415613920277,8.413318712336358E-4,1.5437670311799567
20,50,346.73685045253166,8.656500573016225E-4,1.5438897676628514
20,50,354.81338923357566,8.898020295483618E-4,1.5439883303475481
20,50,363.0780547701014,9.141755097625153E-4,1.544074366489525
20,50,371.5352290971724,9.390213128502166E-4,1.5441543711627561
20,50,380.1893963205613,9.645396293045827E-4,1.544232620903121
20,50,389.04514499428046,9.909255303185442E-4,1.5443124620292594
20,50,398.1071705534973,0.0010184034908581213,1.5443970018602728
20,50,407.3802778041126,0.0010472670105559831,1.5444895941838046
20,50,416.8693834703355,0.0010779401952447486,1.5445942965041322
20,50,426.57951880159254,0.001111091388660341,1.5447163788118812
20,50,436.5158322401661,0.0011478715710720032,1.54486281629679
20,50,446.683592150963,0.0011904863785282323,1.5450419945423794
20,50,457.0881896148752,0.0012436828345558269,1.5452563126644472
20,50,467.73514128719813,0.0013203803788611646,1.5454523126829105
20,50,478.6300923226385,0.0014764174776161615,1.5449537516323562
20,50,489.77881936844614,0.002571692277760722,1.5120590994123406
20,50,501.18723362727246,7.360955451021217E-4,1.5052381219837907
20,50,512.8613839913648,0.001058647786790899,1.5361568221886783
20,50,524.8074602497728,0.0011675842948833985,1.5399748471131303
20,50,537.0317963702527,0.0012351980455286686,1.5413444872955673
20,50,549.5408738576248,0.0012881584406844722,1.5420359088051514
20,50,562.341325190349,0.0013345606659408828,1.5424528730901952
20,50,575.4399373371573,0.0013776816294621662,1.5427323352100237
20,50,588.843655355589,0.0014191217804225176,1.542933924694605
20,50,602.5595860743581,0.0014597591745989077,1.5430873416497737
20,50,616.5950018614822,0.001500121683057598,1.5432090143364057
20,50,630.9573444801937,0.0015405508398562734,1.5433087612174092
20,50,645.6542290346556,0.0015812818509599704,1.5433928146737645
20,50,660.6934480075957,0.0016224860915633823,1.543465330687249
20,50,676.0829753919819,0.001664295059665562,1.5435291972092968
20,50,691.8309709189363,0.0017068147855118687,1.5435864961079022
20,50,707.945784384138,0.0017501348389617733,1.543638778358955
20,50,724.4359600749899,0.0017943343472542374,1.5436872371883639
20,50,741.3102413009177,0.0018394862220075573,1.5437328205624086
20,50,758.5775750291835,0.0018856603479760546,1.5437763074600126
20,50,776.247116628692,0.0019329262403253466,1.543818362050659
20,50,794.3282347242813,0.0019813554845529674,1.5438595739388188
20,50,812.8305161640995,0.0020310242966906766,1.543900490548139
20,50,831.7637711026708,0.002082016488845559,1.543941645212546
20,50,851.1380382023768,0.0021344272660930963,1.5439835843234164
20,50,870.9635899560806,0.002188368437516967,1.5440268965863102
20,50,891.2509381337459,0.00224397602718903,1.5440722478185414
20,50,912.0108393559096,0.0023014219006736586,1.5441204256499024
20,50,933.2543007969915,0.002360932460264108,1.5441724000855281
20,50,954.992586021436,0.0024228202122425217,1.5442294083243229
20,50,977.2372209558112,0.0024875401347318887,1.5442930718599042
20,50,1000,0.0025557974390823883,1.5443655461195227
20,50,1023.2929922807547,0.002628771576289716,1.5444496373218728
20,50,1047.1285480508996,0.0027086351537490847,1.5445484932813962
20,50,1071.519305237607,0.002799949730132755,1.54466262778351
20,50,1096.4781961431852,0.002914346695195824,1.5447692301530604
20,50,1122.018454301964,0.003093403870442119,1.544630872983757
20,50,1148.1536214968828,0.0036806608487747598,1.538703668846053
20,50,1174.8975549395302,0.0019836991920797334,1.503322779384035
20,50,1202.2644346174131,0.002720420024003763,1.5393289041990452
20,50,1230.268770812381,0.002919044309112478,1.5419558469978256
20,50,1258.9254117941675,0.0030484628172603714,1.5428190760997826
20,50,1288.2495516931335,0.003156874277329161,1.5432521406963502
20,50,1318.2567385564075,0.0032572290937655434,1.543522195016322
20,50,1348.9628825916532,0.0033545469273163066,1.543715574167574
20,50,1380.3842646028852,0.003451244347659417,1.5438683296091298
20,50,1412.537544622754,0.00354870822277713,1.543998240387734
20,50,1445.439770745928,0.0036478336577978926,1.5441151783034568
20,50,1479.1083881682073,0.00374929783320156,1.54422530804811
20,50,1513.5612484362086,0.003853674809016014,1.5443328303068355
20,50,1548.816618912481,0.003961509031282131,1.5444409115224609
20,50,1584.893192461114,0.004073366063369352,1.5445521882126878
20,50,1621.8100973589299,0.004189876530405125,1.5446690783082837
20,50,1659.5869074375614,0.0043117829376468,1.5447940015743993
20,50,1698.2436524617442,0.004439998145201498,1.5449295634776055
20,50,1737.8008287493763,0.004575686284983609,1.5450787356072653
20,50,1778.2794100389228,0.004720383291033497,1.545245059856905
20,50,1819.7008586099844,0.004876186772043496,1.5454328994304178
20,50,1862.0871366628676,0.005046074270769188,1.5456477550242138
20,50,1905.4607179632483,0.00523449194386659,1.54589657106642
20,50,1949.8445997580454,0.005448976194371815,1.5461845132451217
20,50,1995.262314968881,0.005692780015137899,1.5464994672137722
20,50,2041.7379446695295,0.005999916830798028,1.5469408187874087
20,50,2089.2961308540407,0.006399126942665584,1.547428579554759
20,50,2137.9620895022326,0.00698107711723921,1.5479454008405937
20,50,2187.761623949552,0.008011747625242331,1.5481422574916428
20,50,2238.72113856834,0.010848026060837759,1.5445366300922132
20,50,2290.8676527677726,0.08720679851106652,-1.0922526022131605
20,50,2344.228815319923,0.0019355979050431117,1.4401277579690122
20,50,2398.83291901949,0.00552941453459684,1.5287195485577452
20,50,2454.708915685031,0.004942133134837761,-1.3551414898601564
20,50,2511.88643150958,0.003200702830163405,1.5071146132962585
20,50,2570.3957827688646,0.004278672731043317,1.5274346307401618
20,50,2630.2679918953813,0.004848769318987505,1.532938417885119
20,50,2691.5348039269165,0.005253679459896991,1.5355660479436042
20,50,2754.2287033381663,0.005581928350024042,1.5371303508823062
20,50,2818.382931264455,0.005868965079673584,1.5381816266705688
20,50,2884.031503126606,0.006132027789329129,1.5389451344186804
20,50,2951.209226666387,0.006380995748514467,1.539531970297484
20,50,3019.9517204020162,0.006622141419130725,1.5400037506259379
20,50,3090.295432513592,0.006859884547659502,1.5403979518389472
20,50,3162.2776601683795,0.007097716540713437,1.5407392606420982
20,50,3235.9365692962842,0.007338796965009909,1.5410453063673557
20,50,3311.311214825911,0.007586476343117825,1.5413299257904
20,50,3388.4415613920273,0.007844981569124186,1.5416053269429102
20,50,3467.368504525317,0.008120808814824475,1.541883512192804
20,50,3548.1338923357566,0.008428694901475499,1.5421615720991468
20,50,3630.780547701014,0.008710271299475039,1.5417506220207498
20,50,3715.3522909717276,0.00916769189668035,1.542739682850604
20,50,3801.8939632056126,0.009792861418748805,1.5428599637730045
20,50,3890.4514499428046,0.011133710328541931,1.542216611684788
20,50,3981.0717055349733,0.0369491042599533,1.3446787846322434
20,50,4073.802778041126,0.006558477728328364,1.5181027451372928
20,50,4168.693834703355,0.008238918317988727,1.5349793076440315
20,50,4265.795188015925,0.008945388959044369,1.5381103878773275
20,50,4365.158322401661,0.00942976812162376,1.539397563770553
20,50,4466.835921509631,0.009833264995037483,1.540118844023524
20,50,4570.881896148751,0.010202585471550646,1.5406006326075414
20,50,4677.351412871981,0.010558620710411568,1.5409632476113027
20,50,4786.300923226385,0.010913123800469828,1.541260403443834
20,50,4897.7881936844615,0.011275652931748642,1.5415294476989625
20,50,5011.872336272725,0.011655760600921826,1.5417834727185278
20,50,5128.613839913648,0.012073712111646706,1.5420203649900746
20,50,5248.074602497728,0.012227406412482397,1.537095611164583
20,50,5370.317963702527,0.012973773836612055,1.542491519370432
20,50,5495.408738576249,0.01366431770598399,1.5429012247377336
20,50,5623.413251903491,0.014802584720999797,1.5430921046560737
20,50,5754.399373371572,0.018723497993090914,1.5373473866882081
20,50,5888.43655355589,0.005934687152528634,1.4337364637577323
20,50,6025.5958607435805,0.011561176780186058,1.5328346460389979
20,50,6165.9500186148225,0.012893736597942686,1.5378851515801708
20,50,6309.573444801937,0.013795108321607472,1.539711276281084
20,50,6456.542290346556,0.013955034095019104,1.5387927254437186
20,50,6606.9344800759645,0.014682689314410712,1.5403053650357803
20,50,6760.829753919819,0.015246221935494311,1.5408271088541337
20,50,6918.309709189362,0.015793483247277126,1.5412015244253228
20,50,7079.457843841381,0.01635470811024932,1.5415208152751818
20,50,7244.359600749898,0.016952152462441458,1.5418313808810333
20,50,7413.102413009177,0.017631384070259524,1.5420905155883695
20,50,7585.775750291836,0.01836445342143312,1.5424310556366287
20,50,7762.4711662869195,0.019374832712102063,1.5428503657636248
20,50,7943.282347242814,0.02095345359299842,1.5430957815022195
20,50,8128.305161640995,0.024706564379994665,1.5411213307784453
20,50,8317.63771102671,0.2298341816660427,-0.18203411424786725
20,50,8511.380382023768,0.012450132350001952,1.5108598926174301
20,50,8709.635899560806,0.016245892250809968,1.5322645806846096
20,50,8912.509381337459,0.017860967695889327,1.5363352798701402
20,50,9120.108393559096,0.018948195502346506,1.5380049228403052
20,50,9332.543007969914,0.01984282046263325,1.5389306783453134
20,50,9549.92586021436,0.02058675444427488,1.529733449649677
20,50,9772.372209558112,0.021699704171505282,1.5334755209423236
20,50,10000,0.022259537730136555,1.5403387726103694
20,50,10232.929922807536,0.02326753608883006,1.5406248451888764
20,50,10471.285480509006,0.025392670769663887,1.5392004490716493
20,50,10715.193052376071,0.021137538670889557,1.528679005751444
20,50,10964.78196143185,0.02400280060817096,1.5392060738585387
20,50,11220.18454301963,0.02549698558453524,1.540299650079508
20,50,11481.53621496884,0.028107646245244502,1.5392516406164867
20,50,11748.975549395303,0.018767362415481152,1.4946301358282852
20,50,12022.644346174131,0.025623643755861854,1.5332584428050915
20,50,12302.68770812381,0.026134848604446127,1.5382193480218642
20,50,12589.254117941662,0.026766086784798238,1.52018550066938
20,50,12882.495516931349,0.02877138346707945,1.5397099557649667
20,50,13182.567385564074,0.029168035934879127,1.54011502586178
20,50,13489.628825916532,0.030648298422578536,1.5407348807036603
20,50,13803.842646028837,0.03816369992338314,1.5098956018668204
20,50,14125.375446227554,0.031234452450270657,1.5394652894465544
20,50,14454.39770745928,0.033245436891149345,1.5407252707315726
20,50,14791.083881682072,0.03673049600520111,1.5390351103830748
20,50,15135.612484362071,0.021992292067456003,1.4728770507455393
20,50,15488.166189124828,0.03256249627325534,1.5370811757557044
20,50,15848.93192461114,0.029450752726336963,1.3528946557044847
20,50,16218.100973589299,0.03556861425208595,1.5395253842871752
20,50,16595.869074375598,0.03760772150751108,1.539884087974051
20,50,16982.43652461746,0.02451505277345353,1.2873032127484039
20,50,17378.00828749376,0.0388655693073497,1.5379832597611476
20,50,17782.794100389227,0.023749730003560076,1.29107303634872
20,50,18197.008586099826,0.04006022332797331,1.5382380909598505
20,50,18620.871366628693,0.07672487580576846,1.2770133311568572
20,50,19054.607179632483,0.04034925869270254,1.5373532664023153
20,50,19498.445997580457,0.04491618598579965,1.5375848095562659
20,50,19952.62314968879,0.040789264009296965,1.5334721443109691
20,50,20417.379446695315,0.038754273857488274,1.5203771724638229
20,50,20892.96130854041,0.04458449767399474,1.539020640509681
20,50,21379.620895022323,0.038170032321520296,1.3910984921008638
20,50,21877.616239495517,0.04729288294689107,1.5394579380748472
20,50,22387.211385683422,0.049433132980944136,1.5399427368805183
20,50,22908.676527677748,0.0498116614441137,1.5384752058579867
20,50,23442.288153199228,0.052883036169695946,1.5401767157958979
20,50,23988.329190194898,0.055809483223900454,1.519104286409711
20,50,24547.089156850285,0.0469931660901715,1.5030458646636753
20,50,25118.864315095823,0.05146694217765056,1.5364580609825618
20,50,25703.957827688646,0.0546549402773651,1.5388441605165781
20,50,26302.679918953814,0.05685490342983162,1.5394430848263085
20,50,26915.348039269138,0.05909907379161431,1.539424020196079
20,50,27542.28703338169,0.061129264253759065,1.5401350836599705
20,50,28183.82931264455,0.06508121045332824,1.539253080617213
20,50,28840.31503126606,0.05850806976191367,1.509619944409679
20,50,29512.09226666384,0.07721077213142911,1.527840822022344
20,50,30199.51720402019,0.05681121388288235,1.5084665754650612
20,50,30902.95432513592,0.06724164821579366,1.536794176843018
20,50,31622.776601683792,0.06471431121339985,1.531787703588208
20,50,32359.36569296281,0.06780963521604332,1.5362709038673397
20,50,33113.11214825915,0.0583613842516163,1.4519157078225327
20,50,33884.415613920275,0.07247208775556709,1.5372076331891324
20,50,34673.685045253165,0.07400283130735474,1.538548657841847
20,50,35481.33892335753,0.08426797217947098,1.5251559407309263
20,50,36307.80547701017,0.07711591509603499,1.5385476519556731
20,50,37153.52290971728,0.08198147872073668,1.5380028462061153
20,50,38018.93963205613,0.07808650272919195,1.5313295616813034
20,50,38904.51449942805,0.0843638281307256,1.5376015986753004
20,50,39810.71705534977,0.08536308767942223,1.5386630087869178
20,50,40738.02778041131,0.08887592129789589,1.5398257205903239
20,50,41686.93834703355,0.0932974411632068,1.5396445043547529
20,50,42657.95188015926,0.09520385686398923,1.528588889377231
20,50,43651.58322401656,0.08744070057852783,1.5180636651513957
20,50,44668.359215096345,0.09752110242301956,1.537747893465187
20,50,45708.818961487515,0.09974994475608348,1.5337786423727475
20,50,46773.51412871981,0.10364121672878611,1.5392422544845386
20,50,47863.0092322638,0.10956288698021253,1.5353336544514415
20,50,48977.881936844664,0.09862402220588584,1.5268043432667564
50,1,1,1.2082257698805318E-7,1.5419722151938136
50,1,1.023292992280754,1.236368963411867E-7,1.5419722151938144
50,1,1.0471285480508996,1.2651676961330085E-7,1.541972215193817
50,1,1.0715193052376064,1.2946372375130843E-7,1.5419722151938193
50,1,1.096478196143185,1.324793212693073E-7,1.5419722151938215
50,1,1.1220184543019633,1.355651610770156E-7,1.541972215193824
50,1,1.1481536214968828,1.3872287932754126E-7,1.541972215193826
50,1,1.1748975549395295,1.4195415028490397E-7,1.5419722151938284
50,1,1.202264434617413,1.4526068721173674E-7,1.5419722151938307
50,1,1.2302687708123816,1.486442432776852E-7,1.5419722151938335
50,1,1.2589254117941673,1.5210661248895458E-7,1.5419722151938355
50,1,1.288249551693134,1.556496306395422E-7,1.5419722151938384
50,1,1.318256738556407,1.592751762845548E-7,1.5419722151938402
50,1,1.3489628825916535,1.6298517173630225E-7,1.5419722151938433
50,1,1.3803842646028848,1.6678158408346945E-7,1.5419722151938462
50,1,1.4125375446227544,1.7066642623414E-7,1.5419722151938497
50,1,1.4454397707459274,1.746417579830423E-7,1.5419722151938535
50,1,1.4791083881682074,1.7870968710368318E-7,1.541972215193857
50,1,1.5135612484362082,1.8287237046594246E-7,1.5419722151938615
50,1,1.5488166189124815,1.871320151796316E-7,1.5419722151938664
50,1,1.5848931924611136,1.9149087976477463E-7,1.5419722151938728
50,1,1.62181009735893,1.9595127534913358E-7,1.541972215193886
50,1,1.6595869074375607,2.0051556689331772E-7,1.5419722151938913
50,1,1.6982436524617444,2.0518617444521578E-7,1.5419722151938968
50,1,1.7378008287493754,2.0996557442276222E-7,1.5419722151939022
50,1,1.7782794100389228,2.148563009270986E-7,1.5419722151939077
50,1,1.8197008586099834,2.198609470861533E-7,1.5419722151939133
50,1,1.8620871366628675,2.2498216642957047E-7,1.5419722151939197
50,1,1.9054607179632472,2.3022267429562383E-7,1.541972215193926
50,1,1.9498445997580451,2.3558524927095462E-7,1.5419722151939321
50,1,1.9952623149688795,2.4107273466380245E-7,1.5419722151939392
50,1,2.041737944669529,2.4668804001155335E-7,1.5419722151939468
50,1,2.0892961308540396,2.5243414262343015E-7,1.541972215193954
50,1,2.137962089502232,2.58314089159111E-7,1.5419722151939628
50,1,2.1877616239495525,2.6433099724406535E-7,1.5419722151939714
50,1,2.23872113856834,2.7048805712264087E-7,1.5419722151939825
50,1,2.290867652767773,2.767885333495138E-7,1.5419722151939979
50,1,2.344228815319922,2.832357665204339E-7,1.5419722151940085
50,1,2.3988329190194904,2.8983317504383594E-7,1.5419722151940185
50,1,2.4547089156850306,2.965842569530655E-7,1.5419722151940296
50,1,2.51188643150958,3.034925917610947E-7,1.54197221519404
50,1,2.570395782768864,3.105618423585016E-7,1.5419722151940514
50,1,2.6302679918953817,3.1779575695557054E-7,1.541972215194066
50,1,2.6915348039269156,3.251981710694803E-7,1.5419722151940782
50,1,2.7542287033381663,3.327730095583105E-7,1.5419722151940958
50,1,2.8183829312644537,3.4052428870166396E-7,1.5419722151941166
50,1,2.884031503126606,3.484561183301652E-7,1.5419722151941315
50,1,2.951209226666386,3.565727040049668E-7,1.5419722151941455
50,1,3.019951720402016,3.6487834924728054E-7,1.5419722151941608
50,1,3.0902954325135905,3.733774578201357E-7,1.5419722151941764
50,1,3.1622776601683795,3.820745360633951E-7,1.5419722151941926
50,1,3.2359365692962827,3.9097419528303906E-7,1.5419722151942086
50,1,3.311311214825911,4.000811541962805E-7,1.5419722151942277
50,1,3.3884415613920256,4.094002414332289E-7,1.5419722151942474
50,1,3.4673685045253166,4.1893639809726E-7,1.541972215194267
50,1,3.548133892335755,4.286946803849871E-7,1.5419722151942912
50,1,3.630780547701014,4.386802622669003E-7,1.5419722151943218
50,1,3.715352290971726,4.48898438230384E-7,1.5419722151943465
50,1,3.8018939632056115,4.593546260877551E-7,1.5419722151943718
50,1,3.890451449942806,4.700543698482833E-7,1.5419722151944004
50,1,3.9810717055349722,4.810033426578326E-7,1.5419722151944353
50,1,4.073802778041127,4.922073498064049E-7,1.541972215194465
50,1,4.168693834703354,5.036723318070896E-7,1.5419722151944963
50,1,4.265795188015927,5.154043675452899E-7,1.5419722151945356
50,1,4.36515832240166,5.27409677501241E-7,1.5419722151945694
50,1,4.466835921509632,5.396946270493944E-7,1.541972215194604
50,1,4.570881896148751,5.522657298326882E-7,1.541972215194642
50,1,4.677351412871983,5.651296512161832E-7,1.5419722151946815
50,1,4.786300923226384,5.782932118213819E-7,1.5419722151947264
50,1,4.8977881936844625,5.917633911422478E-7,1.5419722151947723
50,1,5.011872336272724,6.055473312461909E-7,1.5419722151948208
50,1,5.1286138399136485,6.196523405607231E-7,1.5419722151948714
50,1,5.248074602497725,6.340858977484036E-7,1.541972215194922
50,1,5.370317963702527,6.488556556725765E-7,1.5419722151949795
50,1,5.495408738576246,6.639694454539818E-7,1.5419722151950332
50,1,5.623413251903491,6.7943528062417E-7,1.5419722151950863
50,1,5.7543993733715695,6.95261361374057E-7,1.541972215195149
50,1,5.88843655355589,7.114560789009345E-7,1.541972215195215
50,1,6.025595860743578,7.280280198584377E-7,1.541972215195286
50,1,6.165950018614822,7.449859709089164E-7,1.5419722151953579
50,1,6.309573444801933,7.623389233825218E-7,1.541972215195432
50,1,6.456542290346556,7.800960780441903E-7,1.5419722151955046
50,1,6.606934480075961,7.982668499729386E-7,1.5419722151955875
50,1,6.760829753919819,8.168608735522851E-7,1.5419722151956745
50,1,6.918309709189364,8.35888007579736E-7,1.5419722151957669
50,1,7.079457843841379,8.553583404934358E-7,1.5419722151958597
50,1,7.244359600749901,8.752821957215236E-7,1.5419722151959514
50,1,7.413102413009175,8.956701371565066E-7,1.541972215196057
50,1,7.5857757502918375,9.16532974754422E-7,1.5419722151961675
50,1,7.762471166286917,9.378817702678909E-7,1.5419722151962814
50,1,7.943282347242816,9.597278431107407E-7,1.5419722151963962
50,1,8.128305161640993,9.820827763606263E-7,1.5419722151965232
50,1,8.31763771102671,1.0049584228986686E-6,1.541972215196655
50,1,8.511380382023766,1.0283669116949978E-6,1.5419722151967825
50,1,8.709635899560807,1.0523206542415018E-6,1.5419722151969273
50,1,8.912509381337456,1.0768323511289664E-6,1.5419722151970787
50,1,9.120108393559097,1.1019149987830864E-6,1.5419722151972282
50,1,9.33254300796991,1.1275818963569405E-6,1.541972215197396
50,1,9.549925860214358,1.1538466527783893E-6,1.5419722151975657
50,1,9.772372209558107,1.1807231939693758E-6,1.5419722151977429
50,1,10,1.2082257702281297E-6,1.541972215197932
50,1,10.232929922807541,1.236368963784372E-6,1.541972215198128
50,1,10.471285480508996,1.2651676965322263E-6,1.5419722151983346
50,1,10.715193052376065,1.2946372379406281E-6,1.5419722151985467
50,1,10.964781961431852,1.3247932131513206E-6,1.5419722151987736
50,1,11.220184543019636,1.3556516112609966E-6,1.5419722151990067
50,1,11.481536214968829,1.3872287938014221E-6,1.5419722151992539
50,1,11.748975549395297,1.4195415034126952E-6,1.541972215199512
50,1,12.02264434617413,1.4526068727213E-6,1.5419722151997821
50,1,12.302687708123818,1.4864424334241136E-6,1.541972215200067
50,1,12.589254117941675,1.5210661255830087E-6,1.5419722152003619
50,1,12.882495516931343,1.5564963071383462E-6,1.5419722152006707
50,1,13.182567385564074,1.5927517636416246E-6,1.5419722152009947
50,1,13.48962882591654,1.6298517182161588E-6,1.541972215201336
50,1,13.803842646028853,1.667815841749083E-6,1.5419722152016948
50,1,14.125375446227547,1.7066642633208357E-6,1.5419722152020645
50,1,14.454397707459272,1.746417580879976E-6,1.5419722152024564
50,1,14.791083881682072,1.7870968721614232E-6,1.541972215202865
50,1,15.13561248436208,1.8287237058644438E-6,1.541972215203294
50,1,15.488166189124811,1.8713201530874584E-6,1.5419722152037427
50,1,15.848931924611133,1.914908799031185E-6,1.5419722152042146
50,1,16.218100973589298,1.959512754972741E-6,1.5419722152047064
50,1,16.595869074375607,2.0051556705202267E-6,1.541972215205219
50,1,16.982436524617444,2.051861746153037E-6,1.5419722152057616
50,1,17.378008287493753,2.099655746050315E-6,1.5419722152063273
50,1,17.78279410038923,2.1485630112238223E-6,1.5419722152069162
50,1,18.197008586099834,2.1986094729543127E-6,1.5419722152075375
50,1,18.620871366628677,2.249821666537958E-6,1.5419722152081843
50,1,19.054607179632473,2.3022267453591967E-6,1.5419722152088653
50,1,19.498445997580454,2.3558524952841613E-6,1.541972215209574
50,1,19.952623149688797,2.4107273493968405E-6,1.541972215210319
50,1,20.417379446695296,2.466880403071804E-6,1.5419722152110993
50,1,20.892961308540396,2.524341429402063E-6,1.5419722152119157
50,1,21.379620895022324,2.5831408949854117E-6,1.5419722152127706
50,1,21.87761623949553,2.6433099760774967E-6,1.5419722152136643
50,1,22.3872113856834,2.7048805751228715E-6,1.5419722152145998
50,1,22.908676527677734,2.7678853376697183E-6,1.541972215215584
50,1,23.442288153199225,2.832357669677281E-6,1.5419722152166104
50,1,23.98832919019491,2.8983317552318418E-6,1.5419722152176896
50,1,24.547089156850312,2.9658425746669725E-6,1.5419722152188164
50,1,25.11886431509581,3.0349259231148056E-6,1.5419722152199962
50,1,25.703957827688633,3.1056184294823804E-6,1.54197221522123
50,1,26.302679918953814,3.177957575874548E-6,1.5419722152225237
50,1,26.915348039269155,3.2519817174658105E-6,1.5419722152238788
50,1,27.542287033381662,3.3277301028383314E-6,1.5419722152253008
50,1,28.183829312644534,3.405242894789003E-6,1.5419722152267827
50,1,28.84031503126606,3.484561191630071E-6,1.541972215228338
50,1,29.512092266663856,3.5657270489744795E-6,1.5419722152299677
50,1,30.19951720402016,3.6487835020365577E-6,1.5419722152316746
50,1,30.902954325135905,3.733774588449592E-6,1.5419722152334607
50,1,31.622776601683793,3.820745371615951E-6,1.5419722152353321
50,1,32.359365692962825,3.90974196459835E-6,1.5419722152372892
50,1,33.11311214825911,4.000811554572904E-6,1.5419722152393405
50,1,33.884415613920254,4.094002427844331E-6,1.5419722152414865
50,1,34.673685045253166,4.189363995450992E-6,1.5419722152437332
50,1,35.48133892335755,4.286946819357376E-6,1.5419722152460666
50,1,36.30780547701014,4.3868026392825075E-6,1.541972215248526
50,1,37.15352290971726,4.4889844001053056E-6,1.5419722152511042
50,1,38.018939632056124,4.59354627995218E-6,1.541972215253805
50,1,38.90451449942807,4.700543718920949E-6,1.5419722152566318
50,1,39.810717055349734,4.8100334484774055E-6,1.5419722152595974
50,1,40.73802778041128,4.922073521529051E-6,1.5419722152626973
50,1,41.68693834703355,5.036723343214162E-6,1.5419722152659447
50,1,42.657951880159274,5.154043702392544E-6,1.5419722152693454
50,1,43.65158322401661,5.274096803879808E-6,1.541972215272908
50,1,44.668359215096324,5.396946301426837E-6,1.5419722152766375
50,1,45.708818961487516,5.52265733147223E-6,1.541972215280542
50,1,46.77351412871981,5.651296547678511E-6,1.5419722152846325
50,1,47.86300923226383,5.782932156269414E-6,1.5419722152889133
50,1,48.97788193684461,5.917633952199109E-6,1.541972215293396
50,1,50.11872336272722,6.05547335615443E-6,1.5419722152980913
50,1,51.28613839913648,6.196523452424135E-6,1.5419722153030073
50,1,52.48074602497726,6.3408590276490105E-6,1.5419722153081539
50,1,53.70317963702527,6.4885566104783965E-6,1.5419722153135478
50,1,54.954087385762456,6.6396945121378035E-6,1.5419722153191915
50,1,56.23413251903491,6.79435286796169E-6,1.5419722153251023
50,1,57.543993733715695,6.952613679874092E-6,1.5419722153312911
50,1,58.8843655355589,7.114560859871786E-6,1.5419722153377715
50,1,60.25595860743578,7.280280274513954E-6,1.5419722153445585
50,1,61.65950018614822,7.4498597904492405E-6,1.541972215351666
50,1,63.09573444801933,7.623389321003007E-6,1.5419722153591038
50,1,64.56542290346556,7.800960873857584E-6,1.5419722153668967
50,1,66.06934480075961,7.982668599825345E-6,1.5419722153750557
50,1,67.60829753919819,8.168608842776753E-6,1.5419722153835986
50,1,69.18309709189366,8.358880190721346E-6,1.541972215392546
50,1,70.79457843841381,8.553583528077933E-6,1.5419722154019135
50,1,72.44359600749902,8.75282208916886E-6,1.5419722154117228
50,1,74.13102413009177,8.956701512955495E-6,1.5419722154219957
50,1,75.8577575029184,9.165329899044268E-6,1.5419722154327495
50,1,77.6247116628692,9.378817865014026E-6,1.5419722154440134
50,1,79.43282347242817,9.597278605054266E-6,1.5419722154558064
50,1,81.28305161640995,9.820827949991777E-6,1.5419722154681559
50,1,83.17637711026708,1.004958442870208E-5,1.5419722154810884
50,1,85.11380382023764,1.028366933095922E-5,1.541972215494636
50,1,87.09635899560806,1.0523206771744853E-5,1.5419722155088387
50,1,89.12509381337455,1.0768323757026941E-5,1.5419722155236983
50,1,91.20108393559097,1.1019150251150374E-5,1.5419722155392515
50,1,93.3254300796991,1.1275819245717856E-5,1.5419722155555329
50,1,95.49925860214358,1.1538466830113127E-5,1.5419722155725832
50,1,97.72372209558107,1.1807232263647735E-5,1.5419722155904376
50,1,100,1.2082258049404428E-5,1.5419722156091333
50,1,102.32929922807547,1.2363690009794309E-5,1.5419722156287103
50,1,104.71285480508996,1.26516773638733E-5,1.5419722156492082
50,1,107.1519305237607,1.2946372806464482E-5,1.5419722156706734
50,1,109.64781961431851,1.3247932589111715E-5,1.5419722156931472
50,1,112.2018454301963,1.3556516602938037E-5,1.541972215716683
50,1,114.81536214968828,1.3872288463408085E-5,1.541972215741325
50,1,117.48975549395291,1.4195415597097425E-5,1.541972215767131
50,1,120.22644346174131,1.4526069330448152E-5,1.5419722157941538
50,1,123.02687708123811,1.4864424980616958E-5,1.541972215822448
50,1,125.89254117941675,1.5210661948435512E-5,1.541972215852076
50,1,128.82495516931337,1.556496381352598E-5,1.5419722158831017
50,1,131.82567385564073,1.592751843163763E-5,1.541972215915589
50,1,134.89628825916532,1.6298518034254747E-5,1.5419722159496063
50,1,138.03842646028852,1.6678159330522912E-5,1.5419722159852278
50,1,141.2537544622754,1.7066643611544494E-5,1.5419722160225293
50,1,144.5439770745928,1.746417685710242E-5,1.5419722160615847
50,1,147.91083881682073,1.787096984489144E-5,1.5419722161024836
50,1,151.35612484362088,1.8287238262256566E-5,1.5419722161453089
50,1,154.88166189124811,1.8713202820571758E-5,1.5419722161901575
50,1,158.48931924611142,1.9149089372241828E-5,1.5419722162371117
50,1,162.18100973589299,1.9595129030493695E-5,1.5419722162862846
50,1,165.95869074375614,2.0051558291875063E-5,1.5419722163377725
50,1,169.82436524617444,2.051861916167645E-5,1.5419722163916871
50,1,173.78008287493762,2.0996559282245116E-5,1.541972216448146
50,1,177.82794100389228,2.1485632064269784E-5,1.5419722165072602
50,1,181.97008586099844,2.1986096821179403E-5,1.5419722165691614
50,1,186.20871366628674,2.249821890661105E-5,1.5419722166339818
50,1,190.54607179632484,2.3022269855113025E-5,1.5419722167018575
50,1,194.98445997580455,2.3558527526120673E-5,1.5419722167729313
50,1,199.52623149688807,2.4107276251286184E-5,1.5419722168473542
50,1,204.17379446695296,2.4668806985237834E-5,1.5419722169252859
50,1,208.92961308540387,2.5243417459844967E-5,1.5419722170068888
50,1,213.79620895022325,2.5831412342097503E-5,1.541972217092339
50,1,218.77616239495518,2.6433103395634725E-5,1.5419722171818178
50,1,223.872113856834,2.7048809646049544E-5,1.5419722172755086
50,1,229.08676527677724,2.767885755007232E-5,1.5419722173736194
50,1,234.42288153199226,2.832358116862596E-5,1.541972217476352
50,1,239.88329190194898,2.8983322343985793E-5,1.541972217583923
50,1,245.4708915685031,2.9658430881038206E-5,1.5419722176965693
50,1,251.18864315095797,3.034926473272629E-5,1.5419722178145239
50,1,257.03957827688646,3.105619018987357E-5,1.5419722179380353
50,1,263.02679918953817,3.1779582075410775E-5,1.541972218067371
50,1,269.1534803926917,3.251982394308825E-5,1.5419722182028
50,1,275.4228703338166,3.327730828088177E-5,1.541972218344611
50,1,281.8382931264455,3.405243671909085E-5,1.5419722184931064
50,1,288.40315031266056,3.484562024325478E-5,1.5419722186485803
50,1,295.1209226666387,3.5657279412237346E-5,1.5419722188114011
50,1,301.9951720402016,3.6487844580994807E-5,1.5419722189818985
50,1,309.0295432513592,3.7337756128894786E-5,1.5419722191604266
50,1,316.22776601683796,3.8207464693229834E-5,1.5419722193473697
50,1,323.5936569296284,3.9097431408136606E-5,1.541972219543125
50,1,331.1311214825911,4.0008128149103966E-5,1.5419722197481036
50,1,338.84415613920277,4.0940037783212056E-5,1.541972219962745
50,1,346.73685045253166,4.189365442513895E-5,1.5419722201874995
50,1,354.81338923357566,4.286948369919128E-5,1.5419722204228448
50,1,363.0780547701014,4.386804300741895E-5,1.5419722206692863
50,1,371.5352290971724,4.4889861803921036E-5,1.54197222092734
50,1,380.1893963205613,4.59354818756455E-5,1.5419722211975546
50,1,389.04514499428046,4.7005457629656624E-5,1.5419722214805052
50,1,398.1071705534973,4.810035638710595E-5,1.5419722217767902
50,1,407.3802778041126,4.922075868407616E-5,1.541972222087039
50,1,416.8693834703355,5.036725857941205E-5,1.5419722224119106
50,1,426.57951880159254,5.154046396972483E-5,1.541972222752093
50,1,436.5158322401661,5.274099691174428E-5,1.5419722231083055
50,1,446.683592150963,5.396949395220124E-5,1.5419722234813078
50,1,457.0881896148752,5.5226606465327864E-5,1.5419722238718885
50,1,467.73514128719813,5.651300099075418E-5,1.5419722242788296
50,1,478.6300923226385,5.782935961560814E-5,1.5419722247066796
50,1,489.77881936844614,5.9176380296128075E-5,1.5419722251549086
50,1,501.18723362727246,6.055477725171447E-5,1.541972225624325
50,1,512.8613839913648,6.196528133912388E-5,1.541972226115904
50,1,524.8074602497728,6.340864043957331E-5,1.541972226630651
50,1,537.0317963702527,6.488561985550372E-5,1.5419722271696554
50,1,549.5408738576248,6.639700271635253E-5,1.541972227734066
50,1,562.341325190349,6.794359039377221E-5,1.5419722283250734
50,1,575.4399373371573,6.95262029267408E-5,1.5419722289439455
50,1,588.843655355589,7.114567945619396E-5,1.5419722295919756
50,1,602.5595860743581,7.280287867032965E-5,1.5419722302705436
50,1,616.5950018614822,7.449867925985011E-5,1.5419722309810948
50,1,630.9573444801937,7.623398038394887E-5,1.5419722317251352
50,1,645.6542290346556,7.800970214717472E-5,1.5419722325042398
50,1,660.6934480075957,7.982678608742701E-5,1.5419722333200576
50,1,676.0829753919819,8.168619567533645E-5,1.5419722341743298
50,1,691.8309709189363,8.358891682515536E-5,1.5419722350688654
50,1,707.945784384138,8.553595841766964E-5,1.541972236005555
50,1,724.4359600749899,8.752835283538045E-5,1.5419722369863957
50,1,741.3102413009177,8.956715650987994E-5,1.541972238013457
50,1,758.5775750291835,9.16534504823582E-5,1.541972239088927
50,1,776.247116628692,9.378834097682207E-5,1.5419722402150833
50,1,794.3282347242813,9.597295998690103E-5,1.5419722413943122
50,1,812.8305161640995,9.8208465876302E-5,1.541972242629121
50,1,831.7637711026708,1.0049604399313541E-4,1.5419722439221222
50,1,851.1380382023768,1.0283690729875483E-4,1.5419722452760625
50,1,870.9635899560806,1.0523229701113522E-4,1.5419722466938206
50,1,891.2509381337459,1.0768348326313825E-4,1.541972248178391
50,1,912.0108393559096,1.1019176577649329E-4,1.5419722497329285
50,1,933.2543007969915,1.1275847455112121E-4,1.5419722513607321
50,1,954.992586021436,1.1538497057070148E-4,1.5419722530652538
50,1,977.2372209558112,1.180726465246811E-4,1.5419722548501107
50,1,1000,1.2082292754709888E-4,1.5419722567190883
50,1,1023.2929922807547,1.2363727197266085E-4,1.541972258676152
50,1,1047.1285480508996,1.2651717211042328E-4,1.54197226072545
50,1,1071.519305237607,1.2946415503559813E-4,1.541972262871334
50,1,1096.4781961431852,1.3247978339970187E-4,1.5419722651183536
50,1,1122.018454301964,1.3556565625973406E-4,1.5419722674712777
50,1,1148.1536214968828,1.387234099587217E-4,1.5419722699392373
50,1,1174.8975549395302,1.4195471886792937E-4,1.5419722725193878
50,1,1202.2644346174131,1.4526129646118415E-4,1.5419722752211595
50,1,1230.268770812381,1.4864489610193842E-4,1.5419722780502374
50,1,1258.9254117941675,1.5210731200465495E-4,1.5419722810126502
50,1,1288.2495516931335,1.5565038018625297E-4,1.5419722841146846
50,1,1318.2567385564075,1.5927597944074987E-4,1.541972287362924
50,1,1348.9628825916532,1.6298603233634904E-4,1.5419722907642543
50,1,1380.3842646028852,1.6678250623604893E-4,1.541972294325895
50,1,1412.537544622754,1.706674143418273E-4,1.5419722980554036
50,1,1445.439770745928,1.7464281676329903E-4,1.5419723019606895
50,1,1479.1083881682073,1.7871082161144728E-4,1.5419723060500403
50,1,1513.5612484362086,1.8287358611769104E-4,1.5419723103321294
50,1,1548.816618912481,1.8713331777931501E-4,1.5419723148160442
50,1,1584.893192461114,1.914922755314517E-4,1.541972319511293
50,1,1621.8100973589299,1.959527709467586E-4,1.5419723244278472
50,1,1659.5869074375614,2.0051716946259342E-4,1.541972329576126
50,1,1698.2436524617442,2.051878916376605E-4,1.5419723349670647
50,1,1737.8008287493763,2.0996741443715105E-4,1.5419723406120915
50,1,1778.2794100389228,2.1485827254871974E-4,1.5419723465231865
50,1,1819.7008586099844,2.1986305972882051E-4,1.5419723527128983
50,1,1862.0871366628676,2.2498443018045534E-4,1.5419723591943535
50,1,1905.4607179632483,2.3022509996355683E-4,1.5419723659813085
50,1,1949.8445997580454,2.3558784843795668E-4,1.5419723730881616
50,1,1995.262314968881,2.4107551974041574E-4,1.5419723805299903
50,1,2041.7379446695295,2.4669102429632656E-4,1.5419723883225964
50,1,2089.2961308540407,2.5243734036605684E-4,1.541972396482502
50,1,2137.9620895022326,2.5831751562897754E-4,1.5419724050270351
50,1,2187.761623949552,2.643346688028395E-4,1.5419724139743212
50,1,2238.72113856834,2.70491991302573E-4,1.5419724233433507
50,1,2290.8676527677726,2.7679274893716764E-4,1.541972433154005
50,1,2344.228815319923,2.8324028364663E-4,1.5419724434271065
50,1,2398.83291901949,2.898380152795831E-4,1.5419724541844526
50,1,2454.708915685031,2.965894434127767E-4,1.541972465448879
50,1,2511.88643150958,3.034981492130532E-4,1.5419724772442922
50,1,2570.3957827688646,3.1056779734316327E-4,1.5419724895957279
50,1,2630.2679918953813,3.1780213791238545E-4,1.5419725025294002
50,1,2691.5348039269165,3.2520500847297857E-4,1.541972516072763
50,1,2754.2287033381663,3.3278033606360676E-4,1.5419725302545677
50,1,2818.382931264455,3.405321393004733E-4,1.5419725451049096
50,1,2884.031503126606,3.48464530518559E-4,1.541972560655321
50,1,2951.209226666387,3.5658171796214337E-4,1.541972576938811
50,1,3019.9517204020162,3.648880080277542E-4,1.5419725939899478
50,1,3090.295432513592,3.733878075596732E-4,1.5419726118449315
50,1,3162.2776601683795,3.8208562619967013E-4,1.5419726305416737
50,1,3235.9365692962842,3.90986078791963E-4,1.541972650119868
50,1,3311.311214825911,4.000938878453789E-4,1.5419726706210886
50,1,3388.4415613920273,4.0941388605320815E-4,1.541972692088867
50,1,3467.368504525317,4.189510188729575E-4,1.541972714568789
50,1,3548.1338923357566,4.287103471672329E-4,1.5419727381085993
50,1,3630.780547701014,4.3869704990647505E-4,1.5419727627582833
50,1,3715.3522909717276,4.4891642693695096E-4,1.5419727885702046
50,1,3801.8939632056126,4.593739018127976E-4,1.5419728155991792
50,1,3890.4514499428046,4.700750246968696E-4,1.5419728439026257
50,1,3981.0717055349733,4.810254753293516E-4,1.5419728735406677
50,1,4073.802778041126,4.92231066067544E-4,1.5419729045762722
50,1,4168.693834703355,5.036977449975246E-4,1.5419729370753723
50,1,4265.795188015925,5.154315991207558E-4,1.5419729711070276
50,1,4365.158322401661,5.274388576155524E-4,1.5419730067435498
50,1,4466.835921509631,5.397258951774286E-4,1.5419730440606743
50,1,4570.881896148751,5.522992354385106E-4,1.5419730831377065
50,1,4677.351412871981,5.651655544695627E-4,1.5419731240577084
50,1,4786.300923226385,5.783316843651799E-4,1.5419731669076648
50,1,4897.7881936844615,5.91804616915348E-4,1.5419732117786713
50,1,5011.872336272725,6.055915073652236E-4,1.5419732587661306
50,1,5128.613839913648,6.196996782651923E-4,1.5419733079699525
50,1,5248.074602497728,6.341366234144216E-4,1.5419733594947855
50,1,5370.317963702527,6.489100118977569E-4,1.5419734134502066
50,1,5495.408738576249,6.640276922229231E-4,1.5419734699509955
50,1,5623.413251903491,6.794976965553786E-4,1.541973529117353
50,1,5754.399373371572,6.953282450574306E-4,1.5419735910751713
50,1,5888.43655355589,7.115277503321215E-4,1.5419736559562978
50,1,6025.5958607435805,7.281048219759851E-4,1.5419737238988296
50,1,6165.9500186148225,7.450682712419202E-4,1.541973795047395
50,1,6309.573444801937,7.624271158171931E-4,1.5419738695534773
50,1,6456.542290346556,7.80190584717605E-4,1.5419739475757308
50,1,6606.9344800759645,7.983681233028877E-4,1.5419740292803332
50,1,6760.829753919819,8.169693984150502E-4,1.5419741148413437
50,1,6918.309709189362,8.360043036428182E-4,1.541974204441057
50,1,7079.457843841381,8.554829647185177E-4,1.5419742982704259
50,1,7244.359600749898,8.754157450474393E-4,1.5419743965294643
50,1,7413.102413009177,8.958132513742863E-4,1.5419744994276612
50,1,7585.775750291836,9.166863395936528E-4,1.5419746071844649
50,1,7762.4711662869195,9.380461207035377E-4,1.5419747200297358
50,1,7943.282347242814,9.599039669105164E-4,1.541974838204259
50,1,8128.305161640995,9.822715178869992E-4,1.5419749619602492
50,1,8317.63771102671,0.001005160687189722,1.5419750915619248
50,1,8511.380382023768,0.0010285836688384408,1.5419752272860567
50,1,8709.635899560806,0.001052552944064955,1.5419753694225893
50,1,8912.509381337459,0.0010770812882337645,1.5419755182752615
50,1,9120.108393559096,0.001102181777941855,1.541975674162281
50,1,9332.543007969914,0.0011278677983010724,1.5419758374170058
50,1,9549.92586021436,0.001154153050411411,1.541976008388693
50,1,9772.372209558112,0.001181051559027447,1.5419761874432445
50,1,10000,0.0012085776804282166,1.5419763749640287
50,1,10232.929922807536,0.0012367461104927217,1.5419765713527052
50,1,10471.285480509006,0.0012655718929924906,1.5419767770301316
50,1,10715.193052376071,0.0012950704281028788,1.5419769924372748
50,1,10964.78196143185,0.0013252574811446287,1.54197721803619
50,1,11220.18454301963,0.0013561491915624721,1.5419774543110545
50,1,11481.53621496884,0.0013877620821461359,1.5419777017692258
50,1,11748.975549395303,0.0014201130685062534,1.5419779609423814
50,1,12022.644346174131,0.0014532194688114182,1.5419782323877051
50,1,12302.68770812381,0.0014870990137952626,1.5419785166891222
50,1,12589.254117941662,0.0015217698570462168,1.5419788144586213
50,1,12882.495516931349,0.0015572505855851963,1.5419791263376017
50,1,13182.567385564074,0.0015935602307500557,1.541979452998356
50,1,13489.628825916532,0.0016307182793872123,1.5419797951455454
50,1,13803.842646028837,0.0016687446853740043,1.541980153517827
50,1,14125.375446227554,0.001707659881474689,1.5419805288895019
50,1,14454.39770745928,0.0017474847915515438,1.5419809220723009
50,1,14791.083881682072,0.001788240843138181,1.541981333917219
50,1,15135.612484362071,0.0018299499803963602,1.5419817653164762
50,1,15488.166189124828,0.0018726346774662838,1.5419822172055495
50,1,15848.93192461114,0.0019163179522352963,1.541982690565357
50,1,16218.100973589299,0.0019610233805312477,1.5419831864244913
50,1,16595.869074375598,0.0020067751107739357,1.541983705861636
50,1,16982.43652461746,0.002053597879092313,1.5419842500080616
50,1,17378.00828749376,0.002101517024937631,1.5419848200502815
50,1,17782.794100389227,0.0021505585072117066,1.5419854172328324
50,1,18197.008586099826,0.0022007489209374133,1.541986042861219
50,1,18620.871366628693,0.0022521155144946993,1.541986698304991
50,1,19054.607179632483,0.0023046862074563965,1.5419873850010177
50,1,19498.445997580457,0.00235848960904814,1.5419881044569126
50,1,19952.62314968879,0.002413555037271115,1.5419888582546668
50,1,20417.379446695315,0.002469912538716994,1.541989648054452
50,1,20892.96130854041,0.0025275929091206355,1.5419904755986633
50,1,21379.620895022323,0.0025866277146843596,1.5419913427161598
50,1,21877.616239495517,0.0026470493142252945,1.54199225132676
50,1,22387.211385683422,0.002708890882187613,1.541993203445967
50,1,22908.676527677748,0.0027721864325783883,1.541994201189976
50,1,23442.288153199228,0.002836970843875711,1.5419952467809361
50,1,23988.329190194898,0.0029032798849829783,1.541996342552549
50,1,24547.089156850285,0.002971150242282761,1.5419974909559429
50,1,25118.864315095823,0.0030406195478762184,1.5419986945659183
50,1,25703.957827688646,0.0031117264090732774,1.5419999560874917
50,1,26302.679918953814,0.003184510439244177,1.5420012783629042
50,1,26915.348039269138,0.0032590122901006296,1.5420026643789384
50,1,27542.28703338169,0.0033352736855337423,1.5420041172747148
50,1,28183.82931264455,0.0034133374571157357,1.5420056403499212
50,1,28840.31503126606,0.003493247581392318,1.5420072370735158
50,1,29512.09226666384,0.003575049219114488,1.5420089110929565
50,1,30199.51720402019,0.003658788756547394,1.5420106662439075
50,1,30902.95432513592,0.003744513849058612,1.5420125065605954
50,1,31622.776601683792,0.0038322734671453213,1.542014436286687
50,1,32359.36569296281,0.003922117945135111,1.5420164598868378
50,1,33113.11214825915,0.004014099032790433,1.5420185820588992
50,1,33884.415613920275,0.004108269950078868,1.542020807746814
50,1,34673.685045253165,0.004204685445410431,1.5420231421542536
50,1,35481.33892335753,0.004303401857671409,1.5420255907590237
50,1,36307.80547701017,0.0044044771824249505,1.5420281593282528
50,1,37153.52290971728,0.0045079711427043825,1.5420308539344287
50,1,38018.93963205613,0.004613945264870541,1.5420336809722865
50,1,38904.51449942805,0.004722462960060648,1.5420366471765439
50,1,39810.71705534977,0.004833589611854841,1.5420397596405682
50,1,40738.02778041131,0.0049473926708268725,1.5420430258358768
50,1,41686.93834703355,0.005063941756790713,1.5420464536325624
50,1,42657.95188015926,0.005183308769618076,1.5420500513205107
50,1,43651.58322401656,0.005305568009675057,1.542053827631421
50,1,44668.359215096345,0.005430796309049605,1.542057791761504
50,1,45708.818961487515,0.0055590731749366835,1.5420619533947146
50,1,46773.51412871981,0.005690480946749349,1.5420663227263218
50,1,47863.0092322638,0.005825104968796645,1.5420709104865735
50,1,48977.881936844664,0.005963033780622156,1.542075727964012
50,2,1,2.498155756155363E-7,1.5433053461051907
50,2,1.023292992280754,2.5563452789035257E-7,1.5433053461052175
50,2,1.0471285480508996,2.61589020975789E-7,1.5433053461052597
50,2,1.0715193052376064,2.676822120226576E-7,1.543305346105299
50,2,1.096478196143185,2.73917331721672E-7,1.5433053461053454
50,2,1.1220184543019633,2.802976860155999E-7,1.5433053461053772
50,2,1.1481536214968828,2.868266578528955E-7,1.5433053461054216
50,2,1.1748975549395295,2.935077089809802E-7,1.5433053461054689
50,2,1.202264434617413,3.003443817813932E-7,1.5433053461055155
50,2,1.2302687708123816,3.073403011485692E-7,1.5433053461055584
50,2,1.2589254117941673,3.1449917641158373E-7,1.5433053461056072
50,2,1.288249551693134,3.2182480330094764E-7,1.5433053461056554
50,2,1.318256738556407,3.293210659608348E-7,1.5433053461056991
50,2,1.3489628825916535,3.369919390092191E-7,1.5433053461057578
50,2,1.3803842646028848,3.4484148964426285E-7,1.5433053461058113
50,2,1.4125375446227544,3.5287387980183717E-7,1.5433053461058759
50,2,1.4454397707459274,3.6109336836130127E-7,1.543305346105931
50,2,1.4791083881682074,3.695043134046148E-7,1.543305346105999
50,2,1.5135612484362082,3.781111745260578E-7,1.5433053461060764
50,2,1.5488166189124815,3.869185151975598E-7,1.5433053461061694
50,2,1.5848931924611136,3.9593100518741405E-7,1.5433053461062678
50,2,1.62181009735893,4.051534230373505E-7,1.5433053461063753
50,2,1.6595869074375607,4.1459065859515527E-7,1.5433053461064843
50,2,1.6982436524617444,4.242477156089111E-7,1.5433053461066364
50,2,1.7378008287493754,4.341297143769693E-7,1.5433053461067814
50,2,1.7782794100389228,4.442418944656903E-7,1.5433053461068977
50,2,1.8197008586099834,4.545896174869673E-7,1.5433053461070043
50,2,1.8620871366628675,4.6517836994122465E-7,1.5433053461071327
50,2,1.9054607179632472,4.7601376612491527E-7,1.5433053461072668
50,2,1.9498445997580451,4.87101551108402E-7,1.5433053461073973
50,2,1.9952623149688795,4.984476037822174E-7,1.5433053461075408
50,2,2.041737944669529,5.100579399734764E-7,1.543305346107683
50,2,2.0892961308540396,5.219387156363483E-7,1.543305346107834
50,2,2.137962089502232,5.340962301148866E-7,1.5433053461079749
50,2,2.1877616239495525,5.465369294851485E-7,1.543305346108141
50,2,2.23872113856834,5.592674099700383E-7,1.5433053461083106
50,2,2.290867652767773,5.72294421439393E-7,1.5433053461085042
50,2,2.344228815319922,5.85624870986811E-7,1.5433053461087074
50,2,2.3988329190194904,5.992658265936806E-7,1.5433053461089432
50,2,2.4547089156850306,6.132245208745493E-7,1.5433053461091781
50,2,2.51188643150958,6.275083549126563E-7,1.5433053461093824
50,2,2.570395782768864,6.421249021879867E-7,1.5433053461096176
50,2,2.6302679918953817,6.570819125865089E-7,1.5433053461098523
50,2,2.6915348039269156,6.723873165135414E-7,1.5433053461101056
50,2,2.7542287033381663,6.880492290974669E-7,1.5433053461103898
50,2,2.8183829312644537,7.04075954491347E-7,1.5433053461106958
50,2,2.884031503126606,7.204759902762127E-7,1.5433053461109967
50,2,2.951209226666386,7.372580319696089E-7,1.5433053461113295
50,2,3.019951720402016,7.544309776304084E-7,1.5433053461116557
50,2,3.0902954325135905,7.720039325817292E-7,1.5433053461119561
50,2,3.1622776601683795,7.899862142379992E-7,1.5433053461122763
50,2,3.2359365692962827,8.083873570432733E-7,1.5433053461126096
50,2,3.311311214825911,8.272171175269879E-7,1.5433053461129662
50,2,3.3884415613920256,8.464854794777619E-7,1.543305346113346
50,2,3.4673685045253166,8.66202659236025E-7,1.5433053461137392
50,2,3.548133892335755,8.86379111111203E-7,1.5433053461141488
50,2,3.630780547701014,9.070255329266457E-7,1.5433053461145962
50,2,3.715352290971726,9.281528716874202E-7,1.5433053461150634
50,2,3.8018939632056115,9.497723293900346E-7,1.5433053461155857
50,2,3.890451449942806,9.718953689553607E-7,1.5433053461161181
50,2,3.9810717055349722,9.945337203120445E-7,1.5433053461166673
50,2,4.073802778041127,1.017699386614079E-6,1.5433053461172317
50,2,4.168693834703354,1.041404650606176E-6,1.543305346117856
50,2,4.265795188015927,1.0656620811318674E-6,1.5433053461185082
50,2,4.36515832240166,1.0904845398008516E-6,1.5433053461191606
50,2,4.466835921509632,1.1158851878133985E-6,1.5433053461198978
50,2,4.570881896148751,1.1418774929249247E-6,1.5433053461206236
50,2,4.677351412871983,1.1684752366018464E-6,1.5433053461213795
50,2,4.786300923226384,1.1956925213202358E-6,1.5433053461221724
50,2,4.8977881936844625,1.223543778045183E-6,1.543305346122991
50,2,5.011872336272724,1.252043773881887E-6,1.5433053461238588
50,2,5.1286138399136485,1.2812076199086837E-6,1.543305346124809
50,2,5.248074602497725,1.3110507791780388E-6,1.5433053461257662
50,2,5.370317963702527,1.3415890749324812E-6,1.5433053461267894
50,2,5.495408738576246,1.3728386989770927E-6,1.5433053461278223
50,2,5.623413251903491,1.4048162202793898E-6,1.5433053461289152
50,2,5.7543993733715695,1.4375385937443869E-6,1.5433053461300579
50,2,5.88843655355589,1.4710231692074814E-6,1.5433053461312416
50,2,6.025595860743578,1.5052877006358256E-6,1.5433053461324815
50,2,6.165950018614822,1.5403503555408275E-6,1.5433053461338344
50,2,6.309573444801933,1.5762297246032157E-6,1.5433053461352302
50,2,6.456542290346556,1.6129448315404351E-6,1.5433053461366897
50,2,6.606934480075961,1.6505151431880785E-6,1.5433053461382074
50,2,6.760829753919819,1.6889605798219871E-6,1.5433053461397532
50,2,6.918309709189364,1.7283015257263377E-6,1.5433053461413924
50,2,7.079457843841379,1.7685588399959979E-6,1.5433053461431703
50,2,7.244359600749901,1.8097538675854119E-6,1.5433053461449966
50,2,7.413102413009175,1.8519084506491832E-6,1.5433053461469228
50,2,7.5857757502918375,1.8950449401006043E-6,1.5433053461488961
50,2,7.762471166286917,1.939186207484885E-6,1.5433053461509845
50,2,7.943282347242816,1.9843556570852513E-6,1.5433053461531716
50,2,8.128305161640993,2.0305772383453505E-6,1.5433053461554793
50,2,8.31763771102671,2.077875458559958E-6,1.5433053461579003
50,2,8.511380382023766,2.1262753958662357E-6,1.5433053461603736
50,2,8.709635899560807,2.175802712566021E-6,1.5433053461630284
50,2,8.912509381337456,2.226483668692006E-6,1.5433053461657866
50,2,9.120108393559097,2.278345135956458E-6,1.5433053461686272
50,2,9.33254300796991,2.3314146120163146E-6,1.5433053461717234
50,2,9.549925860214358,2.3857202349930765E-6,1.5433053461748922
50,2,9.772372209558107,2.4412907984546014E-6,1.5433053461782034
50,2,10,2.4981557666582216E-6,1.543305346181699
50,2,10.232929922807541,2.5563452901543562E-6,1.5433053461853086
50,2,10.471285480508996,2.615890221814405E-6,1.5433053461891333
50,2,10.715193052376065,2.676822133142729E-6,1.5433053461930983
50,2,10.964781961431852,2.7391733310562463E-6,1.5433053461972825
50,2,11.220184543019636,2.8029768749871642E-6,1.5433053462016633
50,2,11.481536214968829,2.868266594422176E-6,1.5433053462062507
50,2,11.748975549395297,2.9350771068352086E-6,1.543305346211022
50,2,12.02264434617413,3.003443836058625E-6,1.543305346216056
50,2,12.302687708123818,3.0734030310332335E-6,1.5433053462212953
50,2,12.589254117941675,3.144991785062587E-6,1.5433053462268
50,2,12.882495516931343,3.218248055453023E-6,1.5433053462325554
50,2,13.182567385564074,3.293210683660605E-6,1.5433053462386048
50,2,13.48962882591654,3.369919415864594E-6,1.5433053462449242
50,2,13.803842646028853,3.448414924060981E-6,1.5433053462515531
50,2,14.125375446227547,3.528738827607391E-6,1.543305346258459
50,2,14.454397707459272,3.6109337153203144E-6,1.5433053462657165
50,2,14.791083881682072,3.695043168023407E-6,1.5433053462733286
50,2,15.13561248436208,3.781111781669422E-6,1.5433053462813011
50,2,15.488166189124811,3.869185190982895E-6,1.5433053462896271
50,2,15.848931924611133,3.959310093671517E-6,1.543305346298371
50,2,16.218100973589298,4.051534275152919E-6,1.543305346307494
50,2,16.595869074375607,4.1459066339328215E-6,1.5433053463170816
50,2,16.982436524617444,4.242477207483443E-6,1.5433053463270745
50,2,17.378008287493753,4.341297198836434E-6,1.5433053463375876
50,2,17.78279410038923,4.4424190036614375E-6,1.5433053463485817
50,2,18.197008586099834,4.545896238086411E-6,1.5433053463600444
50,2,18.620871366628677,4.651783767151705E-6,1.543305346372099
50,2,19.054607179632473,4.760137733833237E-6,1.5433053463847224
50,2,19.498445997580454,4.871015588849746E-6,1.5433053463978932
50,2,19.952623149688797,4.984476121162013E-6,1.5433053464117772
50,2,20.417379446695296,5.1005794890308154E-6,1.543305346426243
50,2,20.892961308540396,5.2193872520400455E-6,1.5433053464413828
50,2,21.379620895022324,5.340962403674512E-6,1.5433053464572684
50,2,21.87761623949553,5.465369404716595E-6,1.5433053464739213
50,2,22.3872113856834,5.592674217420906E-6,1.5433053464913198
50,2,22.908676527677734,5.722944340526749E-6,1.543305346509539
50,2,23.442288153199225,5.856248845018067E-6,1.5433053465286357
50,2,23.98832919019491,5.9926584107399425E-6,1.543305346548616
50,2,24.547089156850312,6.1322453639065055E-6,1.543305346569577
50,2,25.11886431509581,6.27508371538587E-6,1.5433053465914806
50,2,25.703957827688633,6.421249200029994E-6,1.5433053466144357
50,2,26.302679918953814,6.570819316759484E-6,1.5433053466384754
50,2,26.915348039269155,6.723873369682379E-6,1.5433053466636415
50,2,27.542287033381662,6.880492510139202E-6,1.5433053466899809
50,2,28.183829312644534,7.040759779742066E-6,1.5433053467175717
50,2,28.84031503126606,7.204760154381902E-6,1.5433053467464601
50,2,29.512092266663856,7.372580589305917E-6,1.5433053467767293
50,2,30.19951720402016,7.544310065188346E-6,1.5433053468083855
50,2,30.902954325135905,7.720039635381237E-6,1.543305346841574
50,2,31.622776601683793,7.899862474089438E-6,1.54330534687629
50,2,32.359365692962825,8.083873925881212E-6,1.543305346912679
50,2,33.11311214825911,8.272171556150995E-6,1.5433053469507667
50,2,33.884415613920254,8.46485520282595E-6,1.54330534699046
50,2,34.673685045253166,8.662027029515532E-6,1.543305347032038
50,2,35.48133892335755,8.863791579437336E-6,1.5433053470755207
50,2,36.30780547701014,9.070255831065004E-6,1.543305347121235
50,2,37.15352290971726,9.281529254529855E-6,1.5433053471690807
50,2,38.018939632056124,9.497723869939056E-6,1.5433053472191332
50,2,38.90451449942807,9.718954306787748E-6,1.543305347271664
50,2,39.810717055349734,9.945337864500858E-6,1.5433053473266733
50,2,40.73802778041128,1.0176994574808577E-5,1.5433053473842449
50,2,41.68693834703355,1.0414047265413408E-5,1.5433053474445804
50,2,42.657951880159274,1.0656621624959351E-5,1.5433053475077243
50,2,43.65158322401661,1.0904846269836449E-5,1.5433053475738427
50,2,44.668359215096324,1.1158852812270211E-5,1.543305347643052
50,2,45.708818961487516,1.141877593019762E-5,1.5433053477155703
50,2,46.77351412871981,1.1684753438568939E-5,1.5433053477915186
50,2,47.86300923226383,1.1956926362453057E-5,1.5433053478710101
50,2,48.97788193684461,1.223543901191014E-5,1.543305347954279
50,2,50.11872336272722,1.2520439058323453E-5,1.5433053480414023
50,2,51.28613839913648,1.2812077612954433E-5,1.5433053481327155
50,2,52.48074602497726,1.3110509306782535E-5,1.5433053482283206
50,2,53.70317963702527,1.3415892372663407E-5,1.5433053483284125
50,2,54.954087385762456,1.3728388729223383E-5,1.543305348433227
50,2,56.23413251903491,1.4048164066666606E-5,1.5433053485429937
50,2,57.543993733715695,1.4375387934618726E-5,1.5433053486579045
50,2,58.8843655355589,1.4710233832124782E-5,1.5433053487782762
50,2,60.25595860743578,1.5052879299458306E-5,1.5433053489042623
50,2,61.65950018614822,1.5403506012486193E-5,1.5433053490362132
50,2,63.09573444801933,1.576229987880045E-5,1.5433053491743447
50,2,64.56542290346556,1.61294511364751E-5,1.5433053493190425
50,2,66.06934480075961,1.6505154454722875E-5,1.5433053494705493
50,2,67.60829753919819,1.688960903728493E-5,1.5433053496291915
50,2,69.18309709189366,1.728301872800988E-5,1.5433053497953109
50,2,70.79457843841381,1.768559211887495E-5,1.5433053499692257
50,2,72.44359600749902,1.809754266078924E-5,1.5433053501514151
50,2,74.13102413009177,1.8519088776387798E-5,1.5433053503421224
50,2,75.8577575029184,1.8950453976293596E-5,1.5433053505418166
50,2,77.6247116628692,1.939186697736093E-5,1.543305350750944
50,2,79.43282347242817,1.984356182402654E-5,1.5433053509699555
50,2,81.28305161640995,2.0305778012276958E-5,1.543305351199216
50,2,83.17637711026708,2.0778760617336425E-5,1.5433053514396577
50,2,85.11380382023764,2.1262760422114698E-5,1.5433053516913435
50,2,87.09635899560806,2.175803405162466E-5,1.5433053519548878
50,2,89.12509381337455,2.2264844108369406E-5,1.5433053522307376
50,2,91.20108393559097,2.278345931191625E-5,1.5433053525195182
50,2,93.3254300796991,2.3314154641143072E-5,1.5433053528218141
50,2,95.49925860214358,2.3857211480365662E-5,1.5433053531384242
50,2,97.72372209558107,2.441291776801941E-5,1.5433053534699364
50,2,100,2.4981568149765495E-5,1.5433053538170842
50,2,102.32929922807547,2.5563464134517287E-5,1.5433053541805688
50,2,104.71285480508996,2.6158914254492604E-5,1.5433053545611999
50,2,107.1519305237607,2.6768234228625748E-5,1.5433053549597433
50,2,109.64781961431851,2.7391747130197847E-5,1.5433053553771103
50,2,112.2018454301963,2.8029783557842632E-5,1.543305355814099
50,2,114.81536214968828,2.8682681811215695E-5,1.543305356271683
50,2,117.48975549395291,2.9350788070227482E-5,1.5433053567508765
50,2,120.22644346174131,3.0034456578369632E-5,1.5433053572526
50,2,123.02687708123811,3.07340498311264E-5,1.543305357778034
50,2,125.89254117941675,3.1449938767539775E-5,1.5433053583281988
50,2,128.82495516931337,3.218250296741886E-5,1.5433053589042771
50,2,131.82567385564073,3.293213085241858E-5,1.543305359507499
50,2,134.89628825916532,3.36992198920757E-5,1.5433053601391797
50,2,138.03842646028852,3.448417681450499E-5,1.5433053608006346
50,2,141.2537544622754,3.5287417822076724E-5,1.5433053614932375
50,2,144.5439770745928,3.6109368812364345E-5,1.5433053622185118
50,2,147.91083881682073,3.695046560360674E-5,1.5433053629779396
50,2,151.35612484362088,3.781115416624775E-5,1.5433053637731708
50,2,154.88166189124811,3.8691890859137875E-5,1.543305364605892
50,2,158.48931924611142,3.959314267162248E-5,1.5433053654778315
50,2,162.18100973589299,4.0515387471295494E-5,1.5433053663908567
50,2,165.95869074375614,4.1459114257470656E-5,1.5433053673469566
50,2,169.82436524617444,4.242482342013698E-5,1.5433053683480917
50,2,173.78008287493762,4.3413027005826516E-5,1.5433053693964036
50,2,177.82794100389228,4.4424248988927404E-5,1.543305370494144
50,2,181.97008586099844,4.5459025549575056E-5,1.543305371643615
50,2,186.20871366628674,4.6517905357982664E-5,1.5433053728472306
50,2,190.54607179632484,4.760144986573836E-5,1.5433053741075964
50,2,194.98445997580455,4.871023360314699E-5,1.5433053754273491
50,2,199.52623149688807,4.98448444843877E-5,1.5433053768093439
50,2,204.17379446695296,5.100588411884751E-5,1.5433053782564539
50,2,208.92961308540387,5.2193968130637344E-5,1.5433053797717418
50,2,213.79620895022325,5.340972648504829E-5,1.5433053813584514
50,2,218.77616239495518,5.465380382245873E-5,1.5433053830199142
50,2,223.872113856834,5.59268598009149E-5,1.5433053847597862
50,2,229.08676527677724,5.722956944463206E-5,1.5433053865815451
50,2,234.42288153199226,5.856262350410298E-5,1.5433053884892567
50,2,239.88329190194898,5.992672882054079E-5,1.5433053904868363
50,2,245.4708915685031,6.132260870210598E-5,1.5433053925785547
50,2,251.18864315095797,6.27510033073565E-5,1.5433053947689075
50,2,257.03957827688646,6.421267003711188E-5,1.5433053970623982
50,2,263.02679918953817,6.570838393789188E-5,1.5433053994640624
50,2,269.1534803926917,6.723893811111812E-5,1.543305401978848
50,2,275.4228703338166,6.880514413589815E-5,1.5433054046122558
50,2,281.8382931264455,7.040783249755496E-5,1.5433054073697139
50,2,288.40315031266056,7.204785303014723E-5,1.5433054102571622
50,2,295.1209226666387,7.372607536615183E-5,1.5433054132807134
50,2,301.9951720402016,7.544338939825284E-5,1.5433054164467341
50,2,309.0295432513592,7.720070575180924E-5,1.5433054197619835
50,2,316.22776601683796,7.899895626780221E-5,1.543305423233499
50,2,323.5936569296284,8.083909449717612E-5,1.5433054268686117
50,2,331.1311214825911,8.27220962073243E-5,1.5433054306750709
50,2,338.84415613920277,8.464895989953541E-5,1.5433054346609212
50,2,346.73685045253166,8.662070733948716E-5,1.543305438834694
50,2,354.81338923357566,8.863838409828539E-5,1.5433054432051168
50,2,363.0780547701014,9.070306010936132E-5,1.5433054477815829
50,2,371.5352290971724,9.281583023461969E-5,1.5433054525737455
50,2,380.1893963205613,9.497781484667853E-5,1.5433054575917824
50,2,389.04514499428046,9.719016042314952E-5,1.5433054628463152
50,2,398.1071705534973,9.945404015591863E-5,1.5433054683485543
50,2,407.3802778041126,1.0177065457296054E-4,1.5433054741101104
50,2,416.8693834703355,1.041412321769279E-4,1.543305480143231
50,2,426.57951880159254,1.0656703009695604E-4,1.5433054864607558
50,2,436.5158322401661,1.09049334755923E-4,1.543305493076042
50,2,446.683592150963,1.1158946255414985E-4,1.5433055000031186
50,2,457.0881896148752,1.1418876052794354E-4,1.5433055072501765
50,2,467.73514128719813,1.1684860704483742E-4,1.5433055148152992
50,2,478.6300923226385,1.1957041297413249E-4,1.5433055227615355
50,2,489.77881936844614,1.2235562167302083E-4,1.5433055310872257
50,2,501.18723362727246,1.2520571022590029E-4,1.543305539806051
50,2,512.8613839913648,1.281221901618418E-4,1.5433055489359004
50,2,524.8074602497728,1.3110660824156947E-4,1.5433055584961137
50,2,537.0317963702527,1.341605472766972E-4,1.5433055685069572
50,2,549.5408738576248,1.3728562697136793E-4,1.5433055789897512
50,2,562.341325190349,1.404835047817532E-4,1.5433055899666825
50,2,575.4399373371573,1.4375587679889054E-4,1.5433056014610729
50,2,588.843655355589,1.471044786493936E-4,1.5433056134972973
50,2,602.5595860743581,1.5053108641972877E-4,1.5433056261009996
50,2,616.5950018614822,1.5403751759840344E-4,1.5433056392987983
50,2,630.9573444801937,1.5762563204604945E-4,1.5433056531188216
50,2,645.6542290346556,1.6129733298213153E-4,1.543305667590368
50,2,660.6934480075957,1.6505456799898884E-4,1.543305682744149
50,2,676.0829753919819,1.6889933009858995E-4,1.5433056986123936
50,2,691.8309709189363,1.728336587518955E-4,1.543305715228721
50,2,707.945784384138,1.7685964098667083E-4,1.5433057326284743
50,2,724.4359600749899,1.8097941249756348E-4,1.5433057508486219
50,2,741.3102413009177,1.851951587832036E-4,1.5433057699278077
50,2,758.5775750291835,1.8950911631122238E-4,1.5433057899065403
50,2,776.247116628692,1.939235737105368E-4,1.543305810827298
50,2,794.3282347242813,1.9844087298964946E-4,1.543305832734516
50,2,812.8305161640995,2.030634107853462E-4,1.5433058556746786
50,2,831.7637711026708,2.077936396421833E-4,1.5433058796965804
50,2,851.1380382023768,2.1263406931876255E-4,1.5433059048512476
50,2,870.9635899560806,2.1758726812723473E-4,1.543305931192085
50,2,891.2509381337459,2.226558643051769E-4,1.5433059587751456
50,2,912.0108393559096,2.2784254741597943E-4,1.543305987658958
50,2,933.2543007969915,2.3315006978778338E-4,1.5433060179049323
50,2,954.992586021436,2.3858124798285717E-4,1.5433060495773998
50,2,977.2372209558112,2.4413896430177705E-4,1.5433060827436595
50,2,1000,2.498261683240445E-4,1.5433061174741327
50,2,1023.2929922807547,2.5564587848902814E-4,1.543306153842799
50,2,1047.1285480508996,2.616011837056979E-4,1.5433061919269289
50,2,1071.519305237607,2.676952450085293E-4,1.5433062318074715
50,2,1096.4781961431852,2.739312972509356E-4,1.5433062735693026
50,2,1122.018454301964,2.803126512441538E-4,1.5433063173312185
50,2,1148.1536214968828,2.8684269422954206E-4,1.5433063631483201
50,2,1174.8975549395302,2.9352489289780856E-4,1.543306411107594
50,2,1202.2644346174131,3.003627953670397E-4,1.543306461328458
50,2,1230.268770812381,3.0736003243163194E-4,1.5433065139189173
50,2,1258.9254117941675,3.145203197275822E-4,1.5433065689909697
50,2,1288.2495516931335,3.2184745974263507E-4,1.5433066266618072
50,2,1318.2567385564075,3.293453438649269E-4,1.543306687054278
50,2,1348.9628825916532,3.3701795447377405E-4,1.5433067502969338
50,2,1380.3842646028852,3.448693670883277E-4,1.5433068165245731
50,2,1412.537544622754,3.529037525601275E-4,1.5433068858782433
50,2,1445.439770745928,3.6112537932503526E-4,1.5433069585057344
50,2,1479.1083881682073,3.695386157082516E-4,1.5433070345619102
50,2,1513.5612484362086,3.7814793228128614E-4,1.54330711420888
50,2,1548.816618912481,3.8695790428125367E-4,1.5433071976164536
50,2,1584.893192461114,3.959732140880756E-4,1.5433072849625444
50,2,1621.8100973589299,4.05198653761234E-4,1.5433073764335679
50,2,1659.5869074375614,4.146391276359759E-4,1.5433074722246847
50,2,1698.2436524617442,4.2429965499076074E-4,1.5433075725404675
50,2,1737.8008287493763,4.34185372767738E-4,1.543307677594998
50,2,1778.2794100389228,4.443015383780495E-4,1.543307787612772
50,2,1819.7008586099844,4.546535325590224E-4,1.5433079028288788
50,2,1862.0871366628676,4.6524686231154064E-4,1.5433080234895797
50,2,1905.4607179632483,4.7608716390885365E-4,1.543308149852875
50,2,1949.8445997580454,4.8718020597949196E-4,1.5433082821890665
50,2,1995.262314968881,4.985318926669767E-4,1.5433084207812846
50,2,2041.7379446695295,5.101482668759381E-4,1.5433085659264034
50,2,2089.2961308540407,5.220355135816036E-4,1.5433087179351908
50,2,2137.9620895022326,5.341999632423024E-4,1.5433088771333119
50,2,2187.761623949552,5.466480952954227E-4,1.5433090438621764
50,2,2238.72113856834,5.593865417259672E-4,1.543309218479296
50,2,2290.8676527677726,5.72422090750042E-4,1.5433094013594617
50,2,2344.228815319923,5.85761690571663E-4,1.543309592895255
50,2,2398.83291901949,5.994124532550044E-4,1.543309793498246
50,2,2454.708915685031,6.133816586803593E-4,1.54331000359964
50,2,2511.88643150958,6.276767586164532E-4,1.5433102236514415
50,2,2570.3957827688646,6.423053808835106E-4,1.5433104541271385
50,2,2630.2679918953813,6.57275333653074E-4,1.543310695523342
50,2,2691.5348039269165,6.725946098244113E-4,1.5433109483602556
50,2,2754.2287033381663,6.882713915510399E-4,1.5433112131833129
50,2,2818.382931264455,7.04314054868571E-4,1.5433114905642027
50,2,2884.031503126606,7.20731174454709E-4,1.5433117811022459
50,2,2951.209226666387,7.375315285170678E-4,1.5433120854257696
50,2,3019.9517204020162,7.547241038069603E-4,1.5433124041933455
50,2,3090.295432513592,7.723181007925753E-4,1.5433127380957055
50,2,3162.2776601683795,7.90322938944695E-4,1.5433130878569181
50,2,3235.9365692962842,8.087482621916054E-4,1.5433134542362075
50,2,3311.311214825911,8.276039445280955E-4,1.543313838029876
50,2,3388.4415613920273,8.469000957691904E-4,1.5433142400729791
50,2,3467.368504525317,8.666470674764139E-4,1.543314661241254
50,2,3548.1338923357566,8.868554590601727E-4,1.543315102453325
50,2,3630.780547701014,9.075361240483202E-4,1.5433155646727292
50,2,3715.3522909717276,9.287001765525787E-4,1.5433160489103284
50,2,3801.8939632056126,9.503589979109498E-4,1.5433165562265172
50,2,3890.4514499428046,9.725242435528421E-4,1.543317087734098
50,2,3981.0717055349733,9.952078500434182E-4,1.543317644600581
50,2,4073.802778041126,0.001018422042374249,1.5433182280513469
50,2,4168.693834703355,0.0010421793414512027,1.5433188393723003
50,2,4265.795188015925,0.0010664925718488413,1.5433194799133534
50,2,4365.158322401661,0.0010913748697851944,1.5433201510915018
50,2,4466.835921509631,0.0011168396913747132,1.5433208543945431
50,2,4570.881896148751,0.0011429008211268073,1.5433215913845153
50,2,4677.351412871981,0.0011695723807677257,1.5433223637020415
50,2,4786.300923226385,0.0011968688383061526,1.5433231730700085
50,2,4897.7881936844615,0.0012248050174694905,1.5433240212985264
50,2,5011.872336272725,0.0012533961074012356,1.5433249102889581
50,2,5128.613839913648,0.0012826576727712241,1.5433258420394282
50,2,5248.074602497728,0.001312605664193091,1.5433268186496996
50,2,5370.317963702527,0.0013432564290608553,1.5433278423269519
50,2,5495.408738576249,0.0013746267227652195,1.543328915391528
50,2,5623.413251903491,0.001406733720345473,1.5433300402831647
50,2,5754.399373371572,0.00143959502861169,1.543331219567947
50,2,5888.43655355589,0.0014732286986883635,1.5433324559447743
50,2,6025.5958607435805,0.0015076532391495824,1.543333752253555
50,2,6165.9500186148225,0.0015428876296169109,1.5433351114827307
50,2,6309.573444801937,0.0015789513349788807,1.5433365367780383
50,2,6456.542290346556,0.0016158643201817206,1.5433380314512537
50,2,6606.9344800759645,0.0016536470657246708,1.5433395989902527
50,2,6760.829753919819,0.001692320583801399,1.5433412430690143
50,2,6918.309709189362,0.0017319064352236677,1.5433429675588224
50,2,7079.457843841381,0.0017724267471231408,1.5433447765399024
50,2,7244.359600749898,0.0018139042315189623,1.5433466743139932
50,2,7413.102413009177,0.001856362204826938,1.5433486654179263
50,2,7585.775750291836,0.001899824608324008,1.543350754637758
50,2,7762.4711662869195,0.001944316029738465,1.5433529470244423
50,2,7943.282347242814,0.0019898617259865286,1.5433552479104486
50,2,8128.305161640995,0.0020364876471276527,1.5433576629270784
50,2,8317.63771102671,0.002084220461766954,1.5433601980240468
50,2,8511.380382023768,0.002133087583901736,1.5433628594898487
50,2,8709.635899560806,0.002183117201373007,1.5433656539736258
50,2,8912.509381337459,0.002234338306149921,1.5433685885092263
50,2,9120.108393559096,0.0022867807265074002,1.5433716705407101
50,2,9332.543007969914,0.002340475161388314,1.5433749079502699
50,2,9549.92586021436,0.0023954532170333315,1.5433783090877808
50,2,9772.372209558112,0.002451747446274462,1.5433818828034087
50,2,10000,0.0025093913906380962,1.543385638482522
50,2,10232.929922807536,0.002568419625639613,1.5433895860837692
50,2,10471.285480509006,0.002628867809582534,1.5433937361802883
50,2,10715.193052376071,0.0026907727362121435,1.5433981000040577
50,2,10964.78196143185,0.002754172391811924,1.5434026894948218
50,2,11220.18454301963,0.002819106017158035,1.543407517353025
50,2,11481.53621496884,0.0028856141748683922,1.5434125970970438
50,2,11748.975549395303,0.002953738823050009,1.5434179431265207
50,2,12022.644346174131,0.003023523395735917,1.5434235707904636
50,2,12302.68770812381,0.0030950128912819903,1.5434294964623354
50,2,12589.254117941662,0.003168253969672418,1.5434357376220968
50,2,12882.495516931349,0.0032432950599294037,1.5434423129457489
50,2,13182.567385564074,0.003320186479142331,1.5434492424035091
50,2,13489.628825916532,0.0033989805648357166,1.5434565473678872
50,2,13803.842646028837,0.003479731822522616,1.5434642507315388
50,2,14125.375446227554,0.003562497090955612,1.5434723770371774
50,2,14454.39770745928,0.003647335727801697,1.5434809526200963
50,2,14791.083881682072,0.0037343098190621904,1.5434900057648364
50,2,15135.612484362071,0.0038234844161632786,1.5434995668767348
50,2,15488.166189124828,0.003914927805696614,1.5435096686712597
50,2,15848.93192461114,0.0040087118172132145,1.5435203463803226
50,2,16218.100973589299,0.004104912176523591,1.5435316379796464
50,2,16595.869074375598,0.00420360891261194,1.5435435844361092
50,2,16982.43652461746,0.004304886828921452,1.5435562299778083
50,2,17378.00828749376,0.004408836051682374,1.5435696223862803
50,2,17782.794100389227,0.004515552671429555,1.5435838133114275
50,2,18197.008586099826,0.004625139497660214,1.543598858607465
50,2,18620.871366628693,0.004737706951445735,1.543614818685377
50,2,19054.607179632483,0.004853374128248871,1.543631758877156
50,2,19498.445997580457,0.004972270070806898,1.5436497497977988
50,2,19952.62314968879,0.00509453530457924,1.5436688676882118
50,2,20417.379446695315,0.005220323703088678,1.5436891947082174
50,2,20892.96130854041,0.005349804771109134,1.5437108191316555
50,2,21379.620895022323,0.0054831664629314695,1.5437338353726864
50,2,21877.616239495517,0.005620618690931984,1.5437583437280742
50,2,22387.211385683422,0.005762397735409848,1.543784449662522
50,2,22908.676527677748,0.005908771842566683,1.5438122623624309
50,2,23442.288153199228,0.006060048410771271,1.5438418921366024
50,2,23988.329190194898,0.006216583324465987,1.5438734459886179
50,2,24547.089156850285,0.006378793237568623,1.543907020291331
50,2,25118.864315095823,0.006547171970148538,1.5439426888263132
50,2,25703.957827688646,0.0067223127433363545,1.543980483332084
50,2,26302.679918953814,0.006904938861408585,1.544020361766423
50,2,26915.348039269138,0.0070959468845816385,1.5440621560637606
50,2,27542.28703338169,0.0072964687201597465,1.5441054849204827
50,2,28183.82931264455,0.007507963166900854,1.5441496054023953
50,2,28840.31503126606,0.007732354763712571,1.5441931542430447
50,2,29512.09226666384,0.007972251392775097,1.5442336830129881
50,2,30199.51720402019,0.008231298605004083,1.544266791402925
50,2,30902.95432513592,0.008514783325777724,1.544284436051287
50,2,31622.776601683792,0.008830720234741678,1.54427144033933
50,2,32359.36569296281,0.009191942822251446,1.544197767788546
50,2,33113.11214825915,0.009620485925806267,1.5439998115188707
50,2,33884.415613920275,0.010157856051454093,1.5435293923907822
50,2,34673.685045253165,0.010893109761494256,1.5423900139169464
50,2,35481.33892335753,0.012059474710833745,1.5392658768181864
50,2,36307.80547701017,0.014528318473496619,1.5277458100505277
50,2,37153.52290971728,0.02662141732227966,1.4224072312923421
50,2,38018.93963205613,0.0050287638490794945,-1.0267776563785869
50,2,38904.51449942805,0.004815792373664466,1.4518626487024362
50,2,39810.71705534977,0.007086862625375477,1.5156327947890316
50,2,40738.02778041131,0.008310524726924938,1.528840052792281
50,2,41686.93834703355,0.009231762468991286,1.5336830320152464
50,2,42657.95188015926,0.010146668175744803,1.535102907714357
50,2,43651.58322401656,0.011534476412740354,1.5303271153458529
50,2,44668.359215096345,0.021231786245403794,1.3084608327676326
50,2,45708.818961487515,0.007817011310009189,1.4939690096836635
50,2,46773.51412871981,0.009732218556066827,1.5307595164823078
50,2,47863.0092322638,0.010638409712101237,1.536243813685724
50,2,48977.881936844664,0.011363074010147974,1.5381747043471463
50,5,1,6.388336090748701E-7,1.5442278311179485
50,5,1.023292992280754,6.537139554379621E-7,1.5442278311191635
50,5,1.0471285480508996,6.689409096461557E-7,1.5442278311221131
50,5,1.0715193052376064,6.84522545141268E-7,1.5442278311237538
50,5,1.096478196143185,7.004671235590942E-7,1.5442278311254165
50,5,1.1220184543019633,7.167830989240269E-7,1.544227831127275
50,5,1.1481536214968828,7.33479122170469E-7,1.5442278311288677
50,5,1.1748975549395295,7.505640457620076E-7,1.5442278311305906
50,5,1.202264434617413,7.680469283687103E-7,1.5442278311328645
50,5,1.2302687708123816,7.859370396083735E-7,1.5442278311346278
50,5,1.2589254117941673,8.042438650914905E-7,1.5442278311369029
50,5,1.288249551693134,8.229771113263167E-7,1.5442278311393327
50,5,1.318256738556407,8.421467109185382E-7,1.5442278311415383
50,5,1.3489628825916535,8.617628278565736E-7,1.5442278311440116
50,5,1.3803842646028848,8.81835862883746E-7,1.5442278311472313
50,5,1.4125375446227544,9.023764589576638E-7,1.544227831150236
50,5,1.4454397707459274,9.233955069736253E-7,1.5442278311529773
50,5,1.4791083881682074,9.44904151541133E-7,1.5442278311563928
50,5,1.5135612484362082,9.66913796864935E-7,1.544227831161113
50,5,1.5488166189124815,9.894361126335005E-7,1.544227831164691
50,5,1.5848931924611136,1.0124830406128452E-6,1.5442278311698632
50,5,1.62181009735893,1.036066800461965E-6,1.544227831173883
50,5,1.6595869074375607,1.0601998966741206E-6,1.5442278311783468
50,5,1.6982436524617444,1.0848951248952851E-6,1.544227831182559
50,5,1.7378008287493754,1.1101655789203223E-6,1.5442278311874624
50,5,1.7782794100389228,1.1360246574338176E-6,1.5442278311922122
50,5,1.8197008586099834,1.1624860712920092E-6,1.544227831197438
50,5,1.8620871366628675,1.1895638506635675E-6,1.5442278312024253
50,5,1.9054607179632472,1.2172723525592525E-6,1.5442278312075965
50,5,1.9498445997580451,1.2456262684176008E-6,1.5442278312136082
50,5,1.9952623149688795,1.2746406318305714E-6,1.544227831219606
50,5,2.041737944669529,1.3043308266049668E-6,1.5442278312256947
50,5,2.0892961308540396,1.3347125949005953E-6,1.5442278312323061
50,5,2.137962089502232,1.3658020455914401E-6,1.5442278312405395
50,5,2.1877616239495525,1.3976156625559893E-6,1.5442278312474824
50,5,2.23872113856834,1.4301703139290281E-6,1.544227831255348
50,5,2.290867652767773,1.4634832605469555E-6,1.5442278312630902
50,5,2.344228815319922,1.4975721653937168E-6,1.544227831270959
50,5,2.3988329190194904,1.5324551028738133E-6,1.5442278312792255
50,5,2.4547089156850306,1.5681505684237328E-6,1.5442278312880742
50,5,2.51188643150958,1.6046774882422846E-6,1.5442278312979394
50,5,2.570395782768864,1.6420552294281722E-6,1.5442278313086581
50,5,2.6302679918953817,1.680303610058773E-6,1.5442278313193407
50,5,2.6915348039269156,1.7194429099769523E-6,1.5442278313304445
50,5,2.7542287033381663,1.7594938813899413E-6,1.544227831342325
50,5,2.8183829312644537,1.8004777597950203E-6,1.5442278313541664
50,5,2.884031503126606,1.842416275432964E-6,1.5442278313667168
50,5,2.951209226666386,1.8853316646241543E-6,1.5442278313790705
50,5,3.019951720402016,1.929246681697851E-6,1.544227831391667
50,5,3.0902954325135905,1.9741846110390476E-6,1.5442278314055147
50,5,3.1622776601683795,2.020169279285035E-6,1.5442278314194746
50,5,3.2359365692962827,2.067225068130207E-6,1.5442278314338997
50,5,3.311311214825911,2.1153769272941567E-6,1.5442278314500058
50,5,3.3884415613920256,2.164650387452263E-6,1.5442278314668128
50,5,3.4673685045253166,2.215071574049584E-6,1.544227831484337
50,5,3.548133892335755,2.266667221179617E-6,1.5442278315035722
50,5,3.630780547701014,2.3194646855562E-6,1.5442278315245537
50,5,3.715352290971726,2.3734919608586664E-6,1.5442278315449405
50,5,3.8018939632056115,2.428777693151794E-6,1.5442278315655404
50,5,3.890451449942806,2.485351195864624E-6,1.5442278315883522
50,5,3.9810717055349722,2.5432424650392873E-6,1.5442278316129392
50,5,4.073802778041127,2.602482195133188E-6,1.5442278316371836
50,5,4.168693834703354,2.6631017960802163E-6,1.5442278316632638
50,5,4.265795188015927,2.725133409126908E-6,1.5442278316901263
50,5,4.36515832240166,2.788609924269484E-6,1.544227831718125
50,5,4.466835921509632,2.853564997855832E-6,1.5442278317488718
50,5,4.570881896148751,2.920033069521568E-6,1.5442278317792661
50,5,4.677351412871983,2.988049381831216E-6,1.5442278318116918
50,5,4.786300923226384,3.05764999808696E-6,1.5442278318468192
50,5,4.8977881936844625,3.128871821301483E-6,1.5442278318835896
50,5,5.011872336272724,3.2017526141568653E-6,1.544227831921137
50,5,5.1286138399136485,3.2763310190748225E-6,1.5442278319598206
50,5,5.248074602497725,3.3526465785880044E-6,1.5442278320000669
50,5,5.370317963702527,3.4307397565769055E-6,1.5442278320441236
50,5,5.495408738576246,3.5106519585719443E-6,1.5442278320881073
50,5,5.623413251903491,3.5924255554337996E-6,1.544227832134651
50,5,5.7543993733715695,3.6761039049603452E-6,1.5442278321853382
50,5,5.88843655355589,3.761731373841731E-6,1.5442278322360345
50,5,6.025595860743578,3.84935336350953E-6,1.5442278322900556
50,5,6.165950018614822,3.939016332228547E-6,1.5442278323467107
50,5,6.309573444801933,4.030767820567749E-6,1.5442278324062337
50,5,6.456542290346556,4.124656476452772E-6,1.544227832468695
50,5,6.606934480075961,4.220732080733487E-6,1.5442278325328918
50,5,6.760829753919819,4.319045574239573E-6,1.5442278326002494
50,5,6.918309709189364,4.419649084507606E-6,1.5442278326723233
50,5,7.079457843841379,4.522595952507736E-6,1.5442278327473768
50,5,7.244359600749901,4.627940762099424E-6,1.544227832824984
50,5,7.413102413009175,4.735739368894623E-6,1.5442278329071535
50,5,7.5857757502918375,4.8460489291323775E-6,1.5442278329933123
50,5,7.762471166286917,4.958927930496264E-6,1.5442278330831691
50,5,7.943282347242816,5.0744362226362145E-6,1.54422783317553
50,5,8.128305161640993,5.192635050814297E-6,1.544227833275133
50,5,8.31763771102671,5.3135870847622775E-6,1.544227833377946
50,5,8.511380382023766,5.437356455347744E-6,1.5442278334856292
50,5,8.709635899560807,5.56400878705977E-6,1.5442278335990633
50,5,8.912509381337456,5.693611232340165E-6,1.5442278337164759
50,5,9.120108393559097,5.826232509059707E-6,1.5442278338409439
50,5,9.33254300796991,5.9619429346828785E-6,1.544227833971606
50,5,9.549925860214358,6.100814464433366E-6,1.5442278341069493
50,5,9.772372209558107,6.242920730634164E-6,1.5442278342492517
50,5,10,6.388337079571352E-6,1.5442278343970348
50,5,10.232929922807541,6.537140614508769E-6,1.5442278345548708
50,5,10.471285480508996,6.689410231965235E-6,1.5442278347181553
50,5,10.715193052376065,6.845226667996699E-6,1.544227834888804
50,5,10.964781961431852,7.004672538977123E-6,1.5442278350672378
50,5,11.220184543019636,7.167832386075711E-6,1.5442278352558156
50,5,11.481536214968829,7.334792718377082E-6,1.5442278354516368
50,5,11.748975549395297,7.505642061266052E-6,1.5442278356568742
50,5,12.02264434617413,7.680471002107089E-6,1.5442278358727526
50,5,12.302687708123818,7.859372237692837E-6,1.5442278360987072
50,5,12.589254117941675,8.042440624014106E-6,1.5442278363342645
50,5,12.882495516931343,8.229773227540858E-6,1.544227836581818
50,5,13.182567385564074,8.421469374552893E-6,1.5442278368403277
50,5,13.48962882591654,8.617630706341973E-6,1.5442278371122873
50,5,13.803842646028853,8.818361229749218E-6,1.5442278373956069
50,5,14.125375446227547,9.023767376953983E-6,1.5442278376940364
50,5,14.454397707459272,9.233958056089402E-6,1.5442278380044605
50,5,14.791083881682072,9.449044715401473E-6,1.5442278383308072
50,5,15.13561248436208,9.669141396380486E-6,1.5442278386712702
50,5,15.488166189124811,9.894364799142603E-6,1.5442278390284025
50,5,15.848931924611133,1.0124834340889356E-5,1.544227839402677
50,5,16.218100973589298,1.0360672220468333E-5,1.5442278397940088
50,5,16.595869074375607,1.0602003483901838E-5,1.544227840204462
50,5,16.982436524617444,1.0848956089377706E-5,1.5442278406343641
50,5,17.378008287493753,1.1101660975497963E-5,1.544227841084103
50,5,17.78279410038923,1.1360252131348128E-5,1.5442278415547244
50,5,18.197008586099834,1.1624866667255091E-5,1.5442278420480249
50,5,18.620871366628677,1.189564488684786E-5,1.544227842564603
50,5,19.054607179632473,1.2172730362189857E-5,1.5442278431056176
50,5,19.498445997580454,1.24562700098534E-5,1.5442278436724197
50,5,19.952623149688797,1.2746414167925966E-5,1.5442278442655306
50,5,20.417379446695296,1.3043316677411015E-5,1.5442278448870677
50,5,20.892961308540396,1.334713496200081E-5,1.544227845537679
50,5,21.379620895022324,1.3658030112311755E-5,1.5442278462181604
50,5,21.87761623949553,1.3976166972661908E-5,1.5442278469310797
50,5,22.3872113856834,1.4301714225270222E-5,1.5442278476763767
50,5,22.908676527677734,1.4634844485714634E-5,1.5442278484601426
50,5,23.442288153199225,1.497573438359787E-5,1.544227849278074
50,5,23.98832919019491,1.532456466936436E-5,1.5442278501356226
50,5,24.547089156850312,1.5681520300102533E-5,1.5442278510328826
50,5,25.11886431509581,1.6046790543666098E-5,1.5442278519732044
50,5,25.703957827688633,1.642056907482924E-5,1.5442278529574192
50,5,26.302679918953814,1.6803054081035126E-5,1.5442278539880774
50,5,26.915348039269155,1.7194448365642013E-5,1.5442278550667812
50,5,27.542287033381662,1.7594959457704012E-5,1.544227856197644
50,5,28.183829312644534,1.800479971867293E-5,1.5442278573814234
50,5,28.84031503126606,1.8424186457641944E-5,1.5442278586210205
50,5,29.512092266663856,1.8853342044217803E-5,1.5442278599171604
50,5,30.19951720402016,1.929249403294696E-5,1.544227861276513
50,5,30.902954325135905,1.974187527368736E-5,1.5442278626996973
50,5,31.622776601683793,2.0201724041895685E-5,1.544227864188574
50,5,32.359365692962825,2.0672284166369293E-5,1.5442278657487276
50,5,33.11311214825911,2.1153805153019356E-5,1.544227867382062
50,5,33.884415613920254,2.164654231772202E-5,1.5442278690893754
50,5,34.673685045253166,2.2150756930287065E-5,1.5442278708773163
50,5,35.48133892335755,2.26667163457992E-5,1.5442278727514682
50,5,36.30780547701014,2.3194694143629287E-5,1.5442278747141633
50,5,37.15352290971726,2.3734970278163946E-5,1.5442278767692936
50,5,38.018939632056124,2.428783122572711E-5,1.5442278789222685
50,5,38.90451449942807,2.48535701356882E-5,1.5442278811763772
50,5,39.810717055349734,2.5432486988411948E-5,1.5442278835382393
50,5,40.73802778041128,2.602488874650438E-5,1.544227886008715
50,5,41.68693834703355,2.6631089531905757E-5,1.5442278885961649
50,5,42.657951880159274,2.7251410782410146E-5,1.5442278913072343
50,5,43.65158322401661,2.7886181419337656E-5,1.5442278941453136
50,5,44.668359215096324,2.8535738031907046E-5,1.5442278971177785
50,5,45.708818961487516,2.92004250466483E-5,1.5442279002293142
50,5,46.77351412871981,2.9880594919056155E-5,1.5442279034885482
50,5,47.86300923226383,3.0576608310587205E-5,1.5442279069005223
50,5,48.97788193684461,3.128883428915877E-5,1.544227910473522
50,5,50.11872336272722,3.201765051988875E-5,1.5442279142151132
50,5,51.28613839913648,3.276344346371713E-5,1.5442279181317273
50,5,52.48074602497726,3.352660859260424E-5,1.5442279222343742
50,5,53.70317963702527,3.4307550584569665E-5,1.544227926530149
50,5,54.954087385762456,3.5106683550751604E-5,1.5442279310287264
50,5,56.23413251903491,3.5924431247706284E-5,1.5442279357390827
50,5,57.543993733715695,3.676122730644856E-5,1.5442279406712556
50,5,58.8843655355589,3.761751546182821E-5,1.5442279458360566
50,5,60.25595860743578,3.849374978593473E-5,1.5442279512441006
50,5,61.65950018614822,3.939039493309167E-5,1.5442279569073798
50,5,63.09573444801933,4.030792638213187E-5,1.5442279628377467
50,5,64.56542290346556,4.1246830691560546E-5,1.5442279690475837
50,5,66.06934480075961,4.220760575616131E-5,1.5442279755500123
50,5,67.60829753919819,4.3190761073675576E-5,1.5442279823588771
50,5,69.18309709189366,4.419681801444703E-5,1.5442279894893587
50,5,70.79457843841381,4.52263100941963E-5,1.5442279969549317
50,5,72.44359600749902,4.627978326425556E-5,1.5442280047722665
50,5,74.13102413009177,4.735779619942687E-5,1.5442280129583266
50,5,75.8577575029184,4.846092058991878E-5,1.5442280215301718
50,5,77.6247116628692,4.9589741451560646E-5,1.544228030506146
50,5,79.43282347242817,5.0744857435202416E-5,1.5442280399066943
50,5,81.28305161640995,5.192688113686157E-5,1.544228049750189
50,5,83.17637711026708,5.313643945333326E-5,1.5442280600654978
50,5,85.11380382023764,5.437417383891173E-5,1.54422807086175
50,5,87.09635899560806,5.564074074240924E-5,1.54422808216604
50,5,89.12509381337455,5.6936811902503505E-5,1.5442280940029716
50,5,91.20108393559097,5.826307470660521E-5,1.5442281063953414
50,5,93.3254300796991,5.9620232580616016E-5,1.5442281193727225
50,5,95.49925860214358,6.100900533402699E-5,1.544228132961379
50,5,97.72372209558107,6.243012955979027E-5,1.5442281471905561
50,5,100,6.388435902489925E-5,1.5442281620916438
50,5,102.32929922807547,6.537246505482514E-5,1.5442281776935451
50,5,104.71285480508996,6.68952369787471E-5,1.5442281940331117
50,5,107.1519305237607,6.845348249985549E-5,1.5442282111402197
50,5,109.64781961431851,7.004802818212649E-5,1.5442282290555305
50,5,112.2018454301963,7.167971984336126E-5,1.544228247815591
50,5,114.81536214968828,7.334942302872488E-5,1.5442282674605308
50,5,117.48975549395291,7.505802346023686E-5,1.5442282880304652
50,5,120.22644346174131,7.68064275255592E-5,1.5442283095708875
50,5,123.02687708123811,7.859556274086102E-5,1.5442283321268695
50,5,125.89254117941675,8.042637825451741E-5,1.5442283557457153
50,5,128.82495516931337,8.229984536386881E-5,1.5442283804802541
50,5,131.82567385564073,8.421695799812826E-5,1.5442284063794942
50,5,134.89628825916532,8.61787332899863E-5,1.5442284335000664
50,5,138.03842646028852,8.818621209655882E-5,1.5442284619001179
50,5,141.2537544622754,9.024045954959599E-5,1.544228491638964
50,5,144.5439770745928,9.234256564408454E-5,1.5442285227812407
50,5,147.91083881682073,9.44936457922794E-5,1.544228555391973
50,5,151.35612484362088,9.66948414473237E-5,1.5442285895407952
50,5,154.88166189124811,9.894732068896276E-5,1.5442286252998576
50,5,158.48931924611142,1.0125227887131832E-4,1.5442286627462969
50,5,162.18100973589299,1.0361093923687048E-4,1.5442287019587257
50,5,165.95869074375614,1.0602455358107569E-4,1.5442287430193116
50,5,169.82436524617444,1.0849440294645703E-4,1.5442287860187274
50,5,173.78008287493762,1.1102179825651001E-4,1.5442288310461738
50,5,177.82794100389228,1.1360808106471473E-4,1.5442288781985356
50,5,181.97008586099844,1.1625462424560664E-4,1.544228927575917
50,5,186.20871366628674,1.1896283273155933E-4,1.5442289792816501
50,5,190.54607179632484,1.217341442907421E-4,1.544229033427919
50,5,194.98445997580455,1.2457003026983407E-4,1.5442290901290316
50,5,199.52623149688807,1.2747199640306887E-4,1.5442291495070732
50,5,204.17379446695296,1.304415835927506E-4,1.5442292116861656
50,5,208.92961308540387,1.3348036877964127E-4,1.5442292768004713
50,5,213.79620895022325,1.3658996575081857E-4,1.544229344987723
50,5,218.77616239495518,1.397720260374328E-4,1.5442294163940955
50,5,223.872113856834,1.4302823978008415E-4,1.544229491171316
50,5,229.08676527677724,1.4636033665562395E-4,1.5442295694787194
50,5,234.42288153199226,1.4977008679150153E-4,1.5442296514818215
50,5,239.88329190194898,1.532593017691014E-4,1.5442297373593303
50,5,245.4708915685031,1.5682983552177046E-4,1.54422982729122
50,5,251.18864315095797,1.60483585409533E-4,1.5442299214708033
50,5,257.03957827688646,1.6422249320998324E-4,1.5442300200996202
50,5,263.02679918953817,1.6804854615619299E-4,1.544230123385512
50,5,269.1534803926917,1.7196377807563568E-4,1.5442302315523428
50,5,275.4228703338166,1.7597027040897533E-4,1.5442303448284265
50,5,281.8382931264455,1.8007015341709105E-4,1.544230463457966
50,5,288.40315031266056,1.842656072864405E-4,1.5442305876937303
50,5,295.1209226666387,1.8855886334000172E-4,1.544230717801245
50,5,301.9951720402016,1.9295220525983282E-4,1.5442308540600973
50,5,309.0295432513592,1.9744797030088975E-4,1.544230996760776
50,5,316.22776601683796,2.0204855060726811E-4,1.544231146209309
50,5,323.5936569296284,2.0675639449857397E-4,1.5442313027260697
50,5,331.1311214825911,2.1157400781004598E-4,1.5442314666455759
50,5,338.84415613920277,2.165039552867567E-4,1.544231638319943
50,5,346.73685045253166,2.2154886198763748E-4,1.5442318181182897
50,5,354.81338923357566,2.267114147072394E-4,1.5442320064252502
50,5,363.0780547701014,2.3199436348651095E-4,1.5442322036453617
50,5,371.5352290971724,2.374005231401525E-4,1.5442324102033362
50,5,380.1893963205613,2.4293277479693143E-4,1.544232626544126
50,5,389.04514499428046,2.485940674771456E-4,1.544232853131877
50,5,398.1071705534973,2.5438741978876377E-4,1.5442330904548938
50,5,407.3802778041126,2.603159215593026E-4,1.5442333390241585
50,5,416.8693834703355,2.663827356203962E-4,1.5442335993770195
50,5,426.57951880159254,2.7259109948831367E-4,1.544233872072928
50,5,436.5158322401661,2.789443273316418E-4,1.5442341577054013
50,5,446.683592150963,2.8544581163806037E-4,1.544234456887403
50,5,457.0881896148752,2.9209902473117727E-4,1.544234770224283
50,5,467.73514128719813,2.9890751797654333E-4,1.5442350981150648
50,5,478.6300923226385,3.0587493935352057E-4,1.5442354418996438
50,5,489.77881936844614,3.13005011305347E-4,1.5442358020592926
50,5,501.18723362727246,3.203015477872988E-4,1.5442361793355421
50,5,512.8613839913648,3.2776845401960797E-4,1.5442365745481035
50,5,524.8074602497728,3.35409728273712E-4,1.544236988560569
50,5,537.0317963702527,3.4322946401406856E-4,1.5442374222707698
50,5,549.5408738576248,3.51231852515712E-4,1.5442378766289218
50,5,562.341325190349,3.594211851626234E-4,1.5442383526300405
50,5,575.4399373371573,3.678018559134246E-4,1.5442388513115812
50,5,588.843655355589,3.7637836403142113E-4,1.5442393737672224
50,5,602.5595860743581,3.851553167872127E-4,1.544239921149012
50,5,616.5950018614822,3.941374319518187E-4,1.544240494655738
50,5,630.9573444801937,4.0332954090406217E-4,1.544241095553379
50,5,645.6542290346556,4.1273659137705873E-4,1.5442417251668048
50,5,660.6934480075957,4.223636505123192E-4,1.5442423848871714
50,5,676.0829753919819,4.3221590804221445E-4,1.5442430761797001
50,5,691.8309709189363,4.422986792465249E-4,1.5442438005748467
50,5,707.945784384138,4.526174085132001E-4,1.5442445596857248
50,5,724.4359600749899,4.631776726259271E-4,1.5442453552071747
50,5,741.3102413009177,4.739851841438336E-4,1.5442461889131363
50,5,758.5775750291835,4.850457952696595E-4,1.5442470626738938
50,5,776.247116628692,4.963655014227209E-4,1.5442479784516536
50,5,794.3282347242813,5.079504451326669E-4,1.5442489383076374
50,5,812.8305161640995,5.198069201168561E-4,1.5442499444103415
50,5,831.7637711026708,5.319413753758852E-4,1.5442509990389746
50,5,851.1380382023768,5.443604194438029E-4,1.5442521045883977
50,5,870.9635899560806,5.570708249112209E-4,1.5442532635786135
50,5,891.2509381337459,5.700795330540565E-4,1.5442544786617747
50,5,912.0108393559096,5.833936585068744E-4,1.5442557526258696
50,5,933.2543007969915,5.970204943072407E-4,1.544257088405203
50,5,954.992586021436,6.109675170591019E-4,1.5442584890891309
50,5,977.2372209558112,6.252423922340934E-4,1.5442599579284753
50,5,1000,6.398529798512188E-4,1.5442614983484626
50,5,1023.2929922807547,6.548073402279746E-4,1.5442631139565905
50,5,1047.1285480508996,6.701137400699244E-4,1.5442648085545954
50,5,1071.519305237607,6.857806587499849E-4,1.5442665861484624
50,5,1096.4781961431852,7.018167949616646E-4,1.5442684509626972
50,5,1122.018454301964,7.182311110424228E-4,1.544270408607745
50,5,1148.1536214968828,7.350327014883297E-4,1.5442724617774963
50,5,1174.8975549395302,7.522309843136162E-4,1.5442746160431062
50,5,1202.2644346174131,7.698356155474511E-4,1.5442768768804718
50,5,1230.268770812381,7.878565006971035E-4,1.544279249820243
50,5,1258.9254117941675,8.063038112328074E-4,1.5442817407049898
50,5,1288.2495516931335,8.251879939297093E-4,1.5442843557114274
50,5,1318.2567385564075,8.445197804135054E-4,1.5442871013687096
50,5,1348.9628825916532,8.643101976612564E-4,1.544289984586916
50,5,1380.3842646028852,8.845705785384688E-4,1.5442930126754069
50,5,1412.537544622754,9.053125738563014E-4,1.5442961933838566
50,5,1445.439770745928,9.265481638157917E-4,1.5442995349131412
50,5,1479.1083881682073,9.482896715996363E-4,1.544303045963412
50,5,1513.5612484362086,9.705497767814061E-4,1.5443067357595164
50,5,1548.816618912481,9.93341530253838E-4,1.5443106140941096
50,5,1584.893192461114,0.0010166783699323374,1.5443146913678616
50,5,1621.8100973589299,0.0010405741374483561,1.544318978632238
50,5,1659.5869074375614,0.001065043096371908,1.5443234876405307
50,5,1698.2436524617442,0.001090099951478563,1.544328230899568
50,5,1737.8008287493763,0.0011157598698773481,1.5443332217309829
50,5,1778.2794100389228,0.0011420385033266275,1.5443384743291977
50,5,1819.7008586099844,0.0011689520133428496,1.5443440038450071
50,5,1862.0871366628676,0.0011965170968597384,1.544349826442916
50,5,1905.4607179632483,0.0012247510158368631,1.5443559594005636
50,5,1949.8445997580454,0.001253671628690404,1.5443624211989546
50,5,1995.262314968881,0.0012832974248805841,1.5443692316252424
50,5,2041.7379446695295,0.0013136475625719175,1.5443764118831567
50,5,2089.2961308540407,0.0013447419107312565,1.5443839847257776
50,5,2137.9620895022326,0.0013766010949069806,1.544391974589153
50,5,2187.761623949552,0.0014092465483108644,1.5444004077513163
50,5,2238.72113856834,0.0014427005722784413,1.5444093125604497
50,5,2290.8676527677726,0.001476986385758363,1.5444187194215484
50,5,2344.228815319923,0.001512128215466341,1.5444286613102416
50,5,2398.83291901949,0.0015481513633302266,1.5444391738312364
50,5,2454.708915685031,0.0015850822983794217,1.544450295529208
50,5,2511.88643150958,0.0016229487576527664,1.5444620681932502
50,5,2570.3957827688646,0.0016617798624474624,1.5444745372217288
50,5,2630.2679918953813,0.001701606248416386,1.5444877520025517
50,5,2691.5348039269165,0.0017424602155039527,1.5445017663568144
50,5,2754.2287033381663,0.001784375901419666,1.544516639057097
50,5,2818.382931264455,0.0018273894812531608,1.5445324344078386
50,5,2884.031503126606,0.0018715393977657168,1.5445492228913447
50,5,2951.209226666387,0.001916866633227951,1.5445670819462678
50,5,3019.9517204020162,0.001963415026121314,1.5445860968364462
50,5,3090.295432513592,0.0020112316442047083,1.544606361652364
50,5,3162.2776601683795,0.002060367229117644,1.5446279804895282
50,5,3235.9365692962842,0.0021108767246715257,1.5446510687937356
50,5,3311.311214825911,0.00216281991222116,1.5446757549379684
50,5,3388.4415613920273,0.0022162621786866654,1.5447021820634874
50,5,3467.368504525317,0.00227127545076185,1.5447305102245132
50,5,3548.1338923357566,0.002327939340838663,1.5447609189078728
50,5,3630.780547701014,0.0023863425660633074,1.5447936100139845
50,5,3715.3522909717276,0.00244658471158534,1.5448288113107889
50,5,3801.8939632056126,0.002508778455847372,1.5448667805565168
50,5,3890.4514499428046,0.002573052395554321,1.5449078103257199
50,5,3981.0717055349733,0.0026395546735538218,1.5449522336626467
50,5,4073.802778041126,0.0027084576928314077,1.5450004306786975
50,5,4168.693834703355,0.002779964320347421,1.5450528361607425
50,5,4265.795188015925,0.0028543161611920987,1.5451099481480137
50,5,4365.158322401661,0.0029318047665709587,1.5451723372566566
50,5,4466.835921509631,0.0030127870687633894,1.545240656061832
50,5,4570.881896148751,0.00309770704097352,1.5453156469611906
50,5,4677.351412871981,0.0031871267350729194,1.5453981450989076
50,5,4786.300923226385,0.0032817718098699183,1.5454890691134675
50,5,4897.7881936844615,0.0033826001588897307,1.5455893847000903
50,5,5011.872336272725,0.003490908575440743,1.5457000088605515
50,5,5128.613839913648,0.003608504635461875,1.5458215851577735
50,5,5248.074602497728,0.003737995667352464,1.5459539722116915
50,5,5370.317963702527,0.003883299895811752,1.5460950702637248
50,5,5495.408738576249,0.004050608562715096,1.5462380330153105
50,5,5623.413251903491,0.004250343577624474,1.5463642304750773
50,5,5754.399373371572,0.004501563470040645,1.5464238205271825
50,5,5888.43655355589,0.004843331370664432,1.5462746558607752
50,5,6025.5958607435805,0.005370467021061159,1.5454487866524107
50,5,6165.9500186148225,0.006388612589224919,1.5419216418593582
50,5,6309.573444801937,0.00973283904582009,1.5193622338985084
50,5,6456.542290346556,0.018163791310155625,-1.26427945042217
50,5,6606.9344800759645,3.5489171923681613E-4,0.6975832783565876
50,5,6760.829753919819,0.0020814878895939683,1.493451516863438
50,5,6918.309709189362,0.0028417049736905635,1.5220498916328666
50,5,7079.457843841381,0.003294965501794735,1.5307259698359883
50,5,7244.359600749898,0.003619964443570885,1.5347389613386475
50,5,7413.102413009177,0.003880865714991998,1.5370144610921854
50,5,7585.775750291836,0.00410659177138713,1.538474897981681
50,5,7762.4711662869195,0.004312372318078932,1.539495986306064
50,5,7943.282347242814,0.004507327065973749,1.5402576562724186
50,5,8128.305161640995,0.00469767998972429,1.5408564675450431
50,5,8317.63771102671,0.004888407957043213,1.5413489466065016
50,5,8511.380382023768,0.005084327269232598,1.5417700169340758
50,5,8709.635899560806,0.005291207779961407,1.542141402094553
50,5,8912.509381337459,0.005517503018210257,1.5424731818208497
50,5,9120.108393559096,0.005778071520516148,1.5427559486618572
50,5,9332.543007969914,0.006104302979544395,1.5429216540352033
50,5,9549.92586021436,0.0065801022951877605,1.5426419046418711
50,5,9772.372209558112,0.007540331806996143,1.539707103864108
50,5,10000,0.013370862190201135,1.4774583635784464
50,5,10232.929922807536,0.0024100461172213605,1.399593948875092
50,5,10471.285480509006,0.004708665252424767,1.5252554129989173
50,5,10715.193052376071,0.005431610758749681,1.5347905954179886
50,5,10964.78196143185,0.0058635066453414965,1.5378533922492315
50,5,11220.18454301963,0.006196063686203665,1.5393416418472359
50,5,11481.53621496884,0.006487457511815741,1.5402373194435934
50,5,11748.975549395303,0.006762896080696146,1.540854924242361
50,5,12022.644346174131,0.0070372244305818635,1.5413235050768872
50,5,12302.68770812381,0.007323010266180655,1.5417029643325593
50,5,12589.254117941662,0.007636127686742872,1.5420160841580215
50,5,12882.495516931349,0.008004984338438294,1.5422401649222808
50,5,13182.567385564074,0.008498366423494011,1.542202740454072
50,5,13489.628825916532,0.0093601370095552,1.540778097452148
50,5,13803.842646028837,0.012662061889457314,1.518845404926819
50,5,14125.375446227554,0.003068321755477209,1.3292285900362368
50,5,14454.39770745928,0.006723467005313409,1.5270721524654043
50,5,14791.083881682072,0.0076403858880139865,1.5358240759586301
50,5,15135.612484362071,0.00817650946062344,1.5384237786226431
50,5,15488.166189124828,0.00859542351231746,1.539654411730188
50,5,15848.93192461114,0.008971573694707788,1.5403893276157166
50,5,16218.100973589299,0.00933855319092595,1.540893799753324
50,5,16595.869074375598,0.00972152615442369,1.5412644637187536
50,5,16982.43652461746,0.010155385844603059,1.541507819644745
50,5,17378.00828749376,0.01072485754787332,1.5414269910071734
50,5,17782.794100389227,0.011801840150292313,1.5391223826916227
50,5,18197.008586099826,0.025449642954694554,1.3183438587384155
50,5,18620.871366628693,0.008671188448228883,1.522459034097666
50,5,19054.607179632483,0.01006933843474872,1.5365662556035948
50,5,19498.445997580457,0.010727341643000031,1.539146223801244
50,5,19952.62314968879,0.011227547965492773,1.5401942922150853
50,5,20417.379446695315,0.011682215867979311,1.540782347718985
50,5,20892.96130854041,0.01213685904002916,1.5411692833394224
50,5,21379.620895022323,0.012631108079530433,1.541415467412069
50,5,21877.616239495517,0.01324557188128701,1.5413805374883327
50,5,22387.211385683422,0.01434355025301463,1.5393434177056668
50,5,22908.676527677748,0.03520773884690306,0.5019932832398708
50,5,23442.288153199228,0.012241550305994909,1.5330856860173545
50,5,23988.329190194898,0.013398623373319886,1.5392708360357745
50,5,24547.089156850285,0.014103452303468461,1.5406957668152668
50,5,25118.864315095823,0.014737785006744246,1.541369914237533
50,5,25703.957827688646,0.01541047190833577,1.5417960336582603
50,5,26302.679918953814,0.016234952156664,1.5420233141272142
50,5,26915.348039269138,0.017532720790746487,1.5414622440276227
50,5,27542.28703338169,0.021909505271814386,1.527115628134421
50,5,28183.82931264455,0.010917585710951604,1.4711039140654352
50,5,28840.31503126606,0.017567713925356,1.524304724549347
50,5,29512.09226666384,0.013527694449197311,1.5249231606912057
50,5,30199.51720402019,0.01581942056926254,1.5371803585761408
50,5,30902.95432513592,0.01688640563221089,1.5390973493650468
50,5,31622.776601683792,0.017795847080239433,1.539872520829506
50,5,32359.36569296281,0.018836762974166223,1.5399224008259504
50,5,33113.11214825915,0.021186868020915208,1.5334123173218255
50,5,33884.415613920275,0.015134980261182302,1.5038237198895024
50,5,34673.685045253165,0.01849381748662993,1.5371904924840916
50,5,35481.33892335753,0.01961890194591118,1.5395695210164966
50,5,36307.80547701017,0.020528214044982653,1.54039254994496
50,5,37153.52290971728,0.021520150804682937,1.5407138819111272
50,5,38018.93963205613,0.023639123399979943,1.5372974383699178
50,5,38904.51449942805,0.021266808597911364,1.5363947811753962
50,5,39810.71705534977,0.01953998529422258,1.481926100667134
50,5,40738.02778041131,0.02303716237373756,1.5398899888272217
50,5,41686.93834703355,0.02422922433982529,1.5411021589764176
50,5,42657.95188015926,0.025486023184411424,1.5415330537444547
50,5,43651.58322401656,0.027261081653514905,1.5414147171252814
50,5,44668.359215096345,0.0315633573076631,1.5361413392517442
50,5,45708.818961487515,0.0077320426221806895,-0.09667880629485505
50,5,46773.51412871981,0.02197849769529663,1.5244631518947513
50,5,47863.0092322638,0.025041850164042773,1.5357954045562325
50,5,48977.881936844664,0.026950789180004465,1.5380817362108077
50,10,1,1.2895268622244893E-6,1.5446089907353697
50,10,1.023292992280754,1.3195638029571038E-6,1.5446089907601126
50,10,1.0471285480508996,1.3503003938337E-6,1.5446089907833385
50,10,1.0715193052376064,1.3817529321150548E-6,1.544608990811045
50,10,1.096478196143185,1.4139380946103097E-6,1.5446089908445424
50,10,1.1220184543019633,1.4468729450749E-6,1.544608990865623
50,10,1.1481536214968828,1.4805749475412483E-6,1.5446089908967304
50,10,1.1748975549395295,1.5150619703184003E-6,1.5446089909265095
50,10,1.202264434617413,1.5503522990787426E-6,1.5446089909540133
50,10,1.2302687708123816,1.5864646458782465E-6,1.5446089909918403
50,10,1.2589254117941673,1.6234181571813348E-6,1.5446089910280962
50,10,1.288249551693134,1.6612324260210822E-6,1.5446089910575098
50,10,1.318256738556407,1.6999275031093883E-6,1.5446089910977738
50,10,1.3489628825916535,1.7395239044470275E-6,1.5446089911371481
50,10,1.3803842646028848,1.780042624988635E-6,1.5446089911855392
50,10,1.4125375446227544,1.8215051481234672E-6,1.5446089912323315
50,10,1.4454397707459274,1.863933456870779E-6,1.5446089912754717
50,10,1.4791083881682074,1.907350049406573E-6,1.5446089913314311
50,10,1.5135612484362082,1.951777944351763E-6,1.5446089913896495
50,10,1.5488166189124815,1.9972406988996377E-6,1.5446089914570373
50,10,1.5848931924611136,2.043762416630097E-6,1.544608991516563
50,10,1.62181009735893,2.0913677646927183E-6,1.5446089915812182
50,10,1.6595869074375607,2.1400819846076237E-6,1.5446089916504409
50,10,1.6982436524617444,2.189930904676179E-6,1.5446089917215757
50,10,1.7378008287493754,2.240940956117428E-6,1.5446089918002925
50,10,1.7782794100389228,2.2931391840503506E-6,1.5446089918745531
50,10,1.8197008586099834,2.3465532654877735E-6,1.5446089919503396
50,10,1.8620871366628675,2.401211522031895E-6,1.5446089920396917
50,10,1.9054607179632472,2.457142933490073E-6,1.544608992131765
50,10,1.9498445997580451,2.5143771546905757E-6,1.5446089922181734
50,10,1.9952623149688795,2.5729445328089607E-6,1.5446089923095019
50,10,2.041737944669529,2.6328761217138242E-6,1.54460899241115
50,10,2.0892961308540396,2.694203696879321E-6,1.5446089925112994
50,10,2.137962089502232,2.7569597754785676E-6,1.5446089926136324
50,10,2.1877616239495525,2.821177632020666E-6,1.5446089927247157
50,10,2.23872113856834,2.8868913160912255E-6,1.5446089928419169
50,10,2.290867652767773,2.954135668897202E-6,1.5446089929603515
50,10,2.344228815319922,3.022946345058438E-6,1.5446089930854319
50,10,2.3988329190194904,3.093359829913937E-6,1.544608993223439
50,10,2.4547089156850306,3.165413456265974E-6,1.5446089933615472
50,10,2.51188643150958,3.2391454287243577E-6,1.5446089935095415
50,10,2.570395782768864,3.3145948413438787E-6,1.5446089936671448
50,10,2.6302679918953817,3.391801697500619E-6,1.5446089938248082
50,10,2.6915348039269156,3.4708069365710544E-6,1.5446089940100383
50,10,2.7542287033381663,3.5516524426020616E-6,1.5446089941788554
50,10,2.8183829312644537,3.6343810861726313E-6,1.5446089943695136
50,10,2.884031503126606,3.7190367281157044E-6,1.5446089945568837
50,10,2.951209226666386,3.8056642537994785E-6,1.5446089947459165
50,10,3.019951720402016,3.894309599390274E-6,1.5446089949627413
50,10,3.0902954325135905,3.985019761056812E-6,1.544608995177154
50,10,3.1622776601683795,4.0778428350103785E-6,1.544608995392899
50,10,3.2359365692962827,4.1728280417460595E-6,1.5446089956343494
50,10,3.311311214825911,4.27002574084229E-6,1.5446089958862996
50,10,3.3884415613920256,4.369487467811831E-6,1.5446089961438139
50,10,3.4673685045253166,4.471265960923216E-6,1.5446089964213476
50,10,3.548133892335755,4.575415181581616E-6,1.5446089967006875
50,10,3.630780547701014,4.681990355162945E-6,1.5446089970031747
50,10,3.715352290971726,4.791047987260481E-6,1.5446089973162849
50,10,3.8018939632056115,4.902645904774404E-6,1.5446089976545965
50,10,3.890451449942806,5.016843275726839E-6,1.5446089980014912
50,10,3.9810717055349722,5.133700649070136E-6,1.5446089983572844
50,10,4.073802778041127,5.253279988251051E-6,1.544608998740864
50,10,4.168693834703354,5.375644695052856E-6,1.5446089991437708
50,10,4.265795188015927,5.500859647069991E-6,1.5446089995567587
50,10,4.36515832240166,5.628991237921108E-6,1.544608999995258
50,10,4.466835921509632,5.760107407188031E-6,1.544609000461623
50,10,4.570881896148751,5.894277670859785E-6,1.544609000941985
50,10,4.677351412871983,6.03157317180525E-6,1.5446090014506517
50,10,4.786300923226384,6.172066703111959E-6,1.5446090019745273
50,10,4.8977881936844625,6.315832762102913E-6,1.5446090025327341
50,10,5.011872336272724,6.462947570366496E-6,1.5446090031021809
50,10,5.1286138399136485,6.613489136696915E-6,1.5446090037081206
50,10,5.248074602497725,6.767537279729269E-6,1.5446090043430833
50,10,5.370317963702527,6.925173674972484E-6,1.5446090049959507
50,10,5.495408738576246,7.086481910373147E-6,1.5446090056870951
50,10,5.623413251903491,7.25154751258577E-6,1.5446090064108438
50,10,5.7543993733715695,7.420458005563112E-6,1.544609007174413
50,10,5.88843655355589,7.593302946156733E-6,1.5446090079703831
50,10,6.025595860743578,7.770173977927613E-6,1.5446090087925932
50,10,6.165950018614822,7.951164893725236E-6,1.5446090096750777
50,10,6.309573444801933,8.136371650702419E-6,1.5446090105991612
50,10,6.456542290346556,8.325892446597141E-6,1.5446090115525302
50,10,6.606934480075961,8.5198277748424E-6,1.5446090125507483
50,10,6.760829753919819,8.718280463850054E-6,1.5446090135960204
50,10,6.918309709189364,8.921355742467508E-6,1.5446090147020175
50,10,7.079457843841379,9.129161283701284E-6,1.5446090158572356
50,10,7.244359600749901,9.341807267125872E-6,1.5446090170597027
50,10,7.413102413009175,9.559406451948376E-6,1.5446090183269368
50,10,7.5857757502918375,9.782074208173115E-6,1.5446090196447502
50,10,7.762471166286917,1.00099286054425E-5,1.5446090210307584
50,10,7.943282347242816,1.0243090459639096E-5,1.5446090224869649
50,10,8.128305161640993,1.048168339472343E-5,1.544609024001895
50,10,8.31763771102671,1.0725833925571094E-5,1.5446090255918739
50,10,8.511380382023766,1.0975671501832123E-5,1.544609027246483
50,10,8.709635899560807,1.1231328612819139E-5,1.5446090290030248
50,10,8.912509381337456,1.1492940797268624E-5,1.5446090308254057
50,10,9.120108393559097,1.176064677571025E-5,1.5446090327280109
50,10,9.33254300796991,1.2034588507214224E-5,1.5446090347336174
50,10,9.549925860214358,1.2314911231806309E-5,1.5446090368237775
50,10,9.772372209558107,1.2601763595723741E-5,1.5446090390157516
50,10,10,1.2895297701823945E-5,1.5446090413205014
50,10,10.232929922807541,1.3195669192870217E-5,1.5446090437356517
50,10,10.471285480508996,1.3503037329378488E-5,1.5446090462538489
50,10,10.715193052376065,1.3817565094058615E-5,1.5446090488857829
50,10,10.964781961431852,1.4139419273341097E-5,1.544609051647401
50,10,11.220184543019636,1.4468770528481294E-5,1.5446090545501252
50,10,11.481536214968829,1.4805793482210084E-5,1.5446090575689695
50,10,11.748975549395297,1.5150666860951153E-5,1.5446090607465526
50,10,12.02264434617413,1.5503573524155864E-5,1.5446090640703407
50,10,12.302687708123818,1.5864700595984725E-5,1.5446090675375725
50,10,12.589254117941675,1.6234239575937658E-5,1.5446090711738056
50,10,12.882495516931343,1.6612386423876143E-5,1.5446090749966737
50,10,13.182567385564074,1.6999341641386562E-5,1.5446090789937676
50,10,13.48962882591654,1.7395310411540475E-5,1.5446090831661807
50,10,13.803842646028853,1.7800502727961784E-5,1.5446090875581562
50,10,14.125375446227547,1.821513340702952E-5,1.5446090921217592
50,10,14.454397707459272,1.863942236901962E-5,1.544609096935843
50,10,14.791083881682072,1.907359456745491E-5,1.5446091019665984
50,10,15.13561248436208,1.9517880231404018E-5,1.544609107220133
50,10,15.488166189124811,1.9972514984849494E-5,1.5446091127481947
50,10,15.848931924611133,2.0437739877254062E-5,1.5446091185141992
50,10,16.218100973589298,2.0913801634940216E-5,1.5446091245649414
50,10,16.595869074375607,2.140095267206288E-5,1.5446091308705805
50,10,16.982436524617444,2.1899451375612907E-5,1.5446091375040338
50,10,17.378008287493753,2.240956206779698E-5,1.544609144451735
50,10,17.78279410038923,2.293155525642959E-5,1.544609151722536
50,10,18.197008586099834,2.3465707761334403E-5,1.544609159336389
50,10,18.620871366628677,2.401230283060766E-5,1.5446091672946125
50,10,19.054607179632473,2.457163036113598E-5,1.5446091756438651
50,10,19.498445997580454,2.5143986946268624E-5,1.544609184377046
50,10,19.952623149688797,2.572967613816968E-5,1.5446091935290092
50,10,20.417379446695296,2.6329008528340934E-5,1.5446092031048135
50,10,20.892961308540396,2.6942301958395083E-5,1.5446092131279021
50,10,21.379620895022324,2.7569881704103022E-5,1.5446092236345013
50,10,21.87761623949553,2.8212080586255226E-5,1.5446092346378977
50,10,22.3872113856834,2.8869239194096744E-5,1.5446092461622176
50,10,22.908676527677734,2.9541706048788422E-5,1.5446092582267736
50,10,23.442288153199225,3.022983779249645E-5,1.5446092708488954
50,10,23.98832919019491,3.093399940014229E-5,1.5446092840676364
50,10,24.547089156850312,3.165456436124771E-5,1.5446092979216393
50,10,25.11886431509581,3.2391914828888454E-5,1.5446093124264162
50,10,25.703957827688633,3.314644187718237E-5,1.5446093276001585
50,10,26.302679918953814,3.3918545773665136E-5,1.5446093435271802
50,10,26.915348039269155,3.470863594212886E-5,1.5446093601615942
50,10,27.542287033381662,3.5517131554083774E-5,1.5446093776070884
50,10,28.183829312644534,3.634446138628377E-5,1.5446093958499205
50,10,28.84031503126606,3.7191064341443526E-5,1.5446094149675516
50,10,29.512092266663856,3.80573894895648E-5,1.5446094349889594
50,10,30.19951720402016,3.894389640151472E-5,1.5446094559712187
50,10,30.902954325135905,3.985105528329064E-5,1.5446094779250725
50,10,31.622776601683793,4.077934739558166E-5,1.5446095009107705
50,10,32.359365692962825,4.172926520180093E-5,1.5446095249793257
50,10,33.11311214825911,4.2701312571466895E-5,1.5446095501477377
50,10,33.884415613920254,4.369600519361302E-5,1.5446095764703287
50,10,34.673685045253166,4.471387088823099E-5,1.5446096040501358
50,10,35.48133892335755,4.575544968570667E-5,1.5446096329448524
50,10,36.30780547701014,4.682129427337833E-5,1.5446096632456627
50,10,37.15352290971726,4.7911970077583227E-5,1.544609694964683
50,10,38.018939632056124,4.9028055837812136E-5,1.5446097281809004
50,10,38.90451449942807,5.017014378159413E-5,1.5446097629709483
50,10,39.810717055349734,5.133883996201887E-5,1.5446097994101842
50,10,40.73802778041128,5.253476446655167E-5,1.544609837534797
50,10,41.68693834703355,5.37585521088442E-5,1.5446098774945187
50,10,42.657951880159274,5.5010852262396334E-5,1.5446099193315026
50,10,43.65158322401661,5.629232954111622E-5,1.544609963125943
50,10,44.668359215096324,5.7603664151463735E-5,1.544610008995868
50,10,45.708818961487516,5.894555212883122E-5,1.544610057041875
50,10,46.77351412871981,6.031870570624949E-5,1.5446101073433824
50,10,47.86300923226383,6.172385380136045E-5,1.5446101600124165
50,10,48.97788193684461,6.316174240089856E-5,1.544610215171373
50,10,50.11872336272722,6.463313478987895E-5,1.5446102729150515
50,10,51.28613839913648,6.61388123530404E-5,1.5446103334284558
50,10,52.48074602497726,6.767957433371762E-5,1.5446103967633549
50,10,53.70317963702527,6.925623899867274E-5,1.5446104631039363
50,10,54.954087385762456,7.086964350433431E-5,1.5446105325519182
50,10,56.23413251903491,7.252064485797484E-5,1.5446106053169264
50,10,57.543993733715695,7.42101197560201E-5,1.5446106814940834
50,10,58.8843655355589,7.593896569433074E-5,1.5446107612853315
50,10,60.25595860743578,7.77081008705083E-5,1.5446108448127118
50,10,61.65950018614822,7.951846528915481E-5,1.5446109323005541
50,10,63.09573444801933,8.137102070864071E-5,1.5446110239130078
50,10,64.56542290346556,8.326675156702766E-5,1.5446111198712644
50,10,66.06934480075961,8.520666510929301E-5,1.5446112203367184
50,10,67.60829753919819,8.719179240842069E-5,1.5446113255538676
50,10,69.18309709189366,8.922318863368302E-5,1.5446114357524174
50,10,70.79457843841381,9.130193348870878E-5,1.5446115511375362
50,10,72.44359600749902,9.342913226998264E-5,1.5446116719924463
50,10,74.13102413009177,9.560591592703003E-5,1.544611798547122
50,10,75.8577575029184,9.783344213188857E-5,1.5446119310999022
50,10,77.6247116628692,1.0011289545171581E-4,1.5446120698945915
50,10,79.43282347242817,1.0244548857827235E-4,1.5446122152714177
50,10,81.28305161640995,1.0483246315046975E-4,1.5446123676825385
50,10,83.17637711026708,1.0727508838452022E-4,1.5446125272546944
50,10,85.11380382023764,1.0977466410014634E-4,1.5446126943050418
50,10,87.09635899560806,1.1233252092337758E-4,1.5446128692269852
50,10,89.12509381337455,1.14950020672951E-4,1.5446130524064352
50,10,91.20108393559097,1.1762855726031564E-4,1.544613244264926
50,10,93.3254300796991,1.2036955718803352E-4,1.5446134451932445
50,10,95.49925860214358,1.2317448071462195E-4,1.54461365565436
50,10,97.72372209558107,1.2604482216007726E-4,1.54461387604713
50,10,100,1.2898211148757905E-4,1.5446141068938493
50,10,102.32929922807547,1.3198791445984264E-4,1.5446143486751769
50,10,104.71285480508996,1.3506383367621356E-4,1.5446146018850617
50,10,107.1519305237607,1.3821151011752432E-4,1.5446148671392164
50,10,109.64781961431851,1.4143262276504983E-4,1.5446151449487442
50,10,112.2018454301963,1.44728890805549E-4,1.5446154359392696
50,10,114.81536214968828,1.4810207388983113E-4,1.5446157407357344
50,10,117.48975549395291,1.515539731862699E-4,1.5446160599718881
50,10,120.22644346174131,1.550864330296682E-4,1.5446163943906877
50,10,123.02687708123811,1.5870134075374165E-4,1.5446167446637429
50,10,125.89254117941675,1.6240062918562818E-4,1.5446171115975187
50,10,128.82495516931337,1.6618627642193596E-4,1.5446174959474064
50,10,131.82567385564073,1.700603080268703E-4,1.5446178985766044
50,10,134.89628825916532,1.74024797601078E-4,1.5446183203568464
50,10,138.03842646028852,1.780818679396779E-4,1.5446187621909315
50,10,141.2537544622754,1.8223369280147267E-4,1.5446192250565556
50,10,144.5439770745928,1.8648249769839033E-4,1.5446197099780647
50,10,147.91083881682073,1.908305610095296E-4,1.5446202179794897
50,10,151.35612484362088,1.9528021633638803E-4,1.5446207502295748
50,10,154.88166189124811,1.9983385223933876E-4,1.5446213078339868
50,10,158.48931924611142,2.0449391521836188E-4,1.544621892036907
50,10,162.18100973589299,2.0926291074585361E-4,1.5446225041580475
50,10,165.95869074375614,2.1414340381030133E-4,1.5446231455009662
50,10,169.82436524617444,2.1913802200101135E-4,1.5446238175204325
50,10,173.78008287493762,2.2424945580179327E-4,1.544624521681788
50,10,177.82794100389228,2.2948046106315088E-4,1.544625259562561
50,10,181.97008586099844,2.3483385992557223E-4,1.5446260327680683
50,10,186.20871366628674,2.4031254380582991E-4,1.544626843060162
50,10,190.54607179632484,2.4591947395861453E-4,1.5446276922456614
50,10,194.98445997580455,2.516576835825389E-4,1.5446285821903467
50,10,199.52623149688807,2.5753028071068756E-4,1.5446295149371239
50,10,204.17379446695296,2.6354044835973897E-4,1.54463049251876
50,10,208.92961308540387,2.69691449097612E-4,1.544631517205855
50,10,213.79620895022325,2.759866246854325E-4,1.5446325912876702
50,10,218.77616239495518,2.8242939984225523E-4,1.5446337172038518
50,10,223.872113856834,2.890232838608303E-4,1.544634897515768
50,10,229.08676527677724,2.957718733223578E-4,1.5446361349206634
50,10,234.42288153199226,3.026788540451571E-4,1.5446374322365501
50,10,239.88329190194898,3.0974800453285303E-4,1.5446387924665863
50,10,245.4708915685031,3.1698319780530036E-4,1.5446402187582275
50,10,251.18864315095797,3.24388404086111E-4,1.5446417143983622
50,10,257.03957827688646,3.3196769379190735E-4,1.5446432828369738
50,10,263.02679918953817,3.3972524226298596E-4,1.5446449278258678
50,10,269.1534803926917,3.476653291624059E-4,1.544646653164875
50,10,275.4228703338166,3.5579234446218177E-4,1.544648462913075
50,10,281.8382931264455,3.641107918265978E-4,1.5446503613923157
50,10,288.40315031266056,3.726252904671083E-4,1.5446523531002305
50,10,295.1209226666387,3.813405806946693E-4,1.5446544428383397
50,10,301.9951720402016,3.902615256266556E-4,1.5446566356055633
50,10,309.0295432513592,3.993931175132348E-4,1.5446589367383434
50,10,316.22776601683796,4.087404799419083E-4,1.5446613518296157
50,10,323.5936569296284,4.1830887435940204E-4,1.5446638868465397
50,10,331.1311214825911,4.281037014418926E-4,1.5446665479899975
50,10,338.84415613920277,4.381305104178941E-4,1.5446693419354336
50,10,346.73685045253166,4.4839500008246017E-4,1.544672275658456
50,10,354.81338923357566,4.5890302694489535E-4,1.5446753565853355
50,10,363.0780547701014,4.696606089987395E-4,1.544678592524407
50,10,371.5352290971724,4.806739346679624E-4,1.54468199184062
50,10,380.1893963205613,4.919493655434375E-4,1.5446855633022405
50,10,389.04514499428046,5.034934462720962E-4,1.5446893162639133
50,10,398.1071705534973,5.153129097499767E-4,1.5446932606027646
50,10,407.3802778041126,5.274146873639301E-4,1.544697406876047
50,10,416.8693834703355,5.398059150060352E-4,1.5447017662678788
50,10,426.57951880159254,5.524939424178509E-4,1.5447063506352026
50,10,436.5158322401661,5.654863422181821E-4,1.5447111725730769
50,10,446.683592150963,5.78790923693712E-4,1.544716245603707
50,10,457.0881896148752,5.924155521129197E-4,1.5447215768930387
50,10,467.73514128719813,6.063687935523063E-4,1.5447271918288472
50,10,478.6300923226385,6.206592344618844E-4,1.5447331067334515
50,10,489.77881936844614,6.352956708015465E-4,1.5447393364651305
50,10,501.18723362727246,6.502872530942821E-4,1.5447458992279859
50,10,512.8613839913648,6.656434558979712E-4,1.5447528148642335
50,10,524.8074602497728,6.813740891072768E-4,1.5447601046950077
50,10,537.0317963702527,6.974893157815652E-4,1.5447677916056115
50,10,549.5408738576248,7.139996739920324E-4,1.5447759001522419
50,10,562.341325190349,7.309161000438512E-4,1.5447844567119082
50,10,575.4399373371573,7.482499548877289E-4,1.5447934896487427
50,10,588.843655355589,7.660130546624252E-4,1.5448030295460347
50,10,602.5595860743581,7.842177022434547E-4,1.5448131093831288
50,10,616.5950018614822,8.028767224781101E-4,1.5448237647495666
50,10,630.9573444801937,8.220035062803547E-4,1.5448350342046253
50,10,645.6542290346556,8.416120522998826E-4,1.5448469594586354
50,10,660.6934480075957,8.617170218419843E-4,1.544859585821399
50,10,676.0829753919819,8.823337941136791E-4,1.544872962495466
50,10,691.8309709189363,9.034785335249752E-4,1.5448871430422488
50,10,707.945784384138,9.251682682112236E-4,1.5449021859499967
50,10,724.4359600749899,9.474209689137131E-4,1.5449181550270947
50,10,741.3102413009177,9.702556566089449E-4,1.544935120222922
50,10,758.5775750291835,9.936925125861914E-4,1.5449531582753318
50,10,776.247116628692,0.0010177530121319453,1.5449723535655386
50,10,794.3282347242813,0.0010424600758927604,1.5449927990284995
50,10,812.8305161640995,0.0010678382625192318,1.545014597509771
50,10,831.7637711026708,0.0010939139673926057,1.5450378627817685
50,10,851.1380382023768,0.0011207156901184663,1.5450627213600359
50,10,870.9635899560806,0.0011482743246367937,1.545089314082967
50,10,891.2509381337459,0.00117662352204552,1.5451177982761208
50,10,912.0108393559096,0.0012058001367801071,1.5451483504508525
50,10,933.2543007969915,0.0012358447357448774,1.5451811689254615
50,10,954.992586021436,0.0012668022575947377,1.5452164776053345
50,10,977.2372209558112,0.001298722796940206,1.5452545300389016
50,10,1000,0.0013316625988279832,1.5452956146371184
50,10,1023.2929922807547,0.0013656852833656547,1.54534006068139
50,10,1047.1285480508996,0.0014008634029816023,1.5453882457065748
50,10,1071.519305237607,0.001437280440484564,1.54544060479414
50,10,1096.4781961431852,0.0014750333604375398,1.5454976414488688
50,10,1122.018454301964,0.0015142370275121675,1.5455599554678563
50,10,1148.1536214968828,0.0015550248336702822,1.545628209242823
50,10,1174.8975549395302,0.0015975593312237205,1.5457032127252548
50,10,1202.2644346174131,0.001642038286087076,1.5457859213237106
50,10,1230.268770812381,0.0016887055683987868,1.5458774652811305
50,10,1258.9254117941675,0.001737867201488897,1.5459791937458396
50,10,1288.2495516931335,0.0017899140823021177,1.5460927235767759
50,10,1318.2567385564075,0.0018453554551179246,1.546219996042041
50,10,1348.9628825916532,0.0019048698906542819,1.5463633400858832
50,10,1380.3842646028852,0.00196938498376051,1.546525526776656
50,10,1412.537544622754,0.0020402071691823305,1.5467097831544532
50,10,1445.439770745928,0.002119242217180643,1.5469196678674972
50,10,1479.1083881682073,0.002209390637933935,1.5471585566153119
50,10,1513.5612484362086,0.0023153038236819277,1.5474280209956548
50,10,1548.816618912481,0.0024449547101331047,1.5477229644925459
50,10,1584.893192461114,0.002613269652786016,1.5480164131098997
50,10,1621.8100973589299,0.0028518613197243757,1.5482065742305233
50,10,1659.5869074375614,0.0032414668011144913,1.5478937810900621
50,10,1698.2436524617442,0.004068164060107029,1.545051306606006
50,10,1737.8008287493763,0.00761386618071455,1.5176074575032674
50,10,1778.2794100389228,0.005157795342001544,-1.4447645397897868
50,10,1819.7008586099844,1.1389071084249136E-4,0.15521883842957748
50,10,1862.0871366628676,9.791641880540919E-4,1.4893172707276285
50,10,1905.4607179632483,0.0014097964397356915,1.5194857693716795
50,10,1949.8445997580454,0.0016724423519328317,1.5287452824782592
50,10,1995.262314968881,0.0018604975880096486,1.5330938918713455
50,10,2041.7379446695295,0.0020094581562262437,1.535583877577327
50,10,2089.2961308540407,0.002135767200292962,1.537186746394875
50,10,2137.9620895022326,0.0022481043576890575,1.5383023224249293
50,10,2187.761623949552,0.00235150277424833,1.5391236694215946
50,10,2238.72113856834,0.002449100622997944,1.5397549066569183
50,10,2290.8676527677726,0.0025429746291189114,1.5402569669394421
50,10,2344.228815319923,0.0026345727008386007,1.540667849152474
50,10,2398.83291901949,0.002724954901216523,1.5410125054346606
50,10,2454.708915685031,0.0028149362537199943,1.541308054787083
50,10,2511.88643150958,0.0029051766934202455,1.541566711287696
50,10,2570.3957827688646,0.002996241726662806,1.5417975194433597
50,10,2630.2679918953813,0.003088647144042991,1.5420074337871887
50,10,2691.5348039269165,0.0031828959472403984,1.5422020317987148
50,10,2754.2287033381663,0.0032795145537865646,1.5423859863986769
50,10,2818.382931264455,0.003379092571715157,1.5425634465730131
50,10,2884.031503126606,0.003482336011189685,1.5427383213817343
50,10,2951.209226666387,0.0035901440450177395,1.5429145483807987
50,10,3019.9517204020162,0.0037037313243568197,1.543096361351502
50,10,3090.295432513592,0.0038248369768669227,1.543288572921069
50,10,3162.2776601683795,0.003956108144081496,1.5434968407842582
50,10,3235.9365692962842,0.004101861903611661,1.543727710517188
50,10,3311.311214825911,0.00426975362511523,1.5439875123242977
50,10,3388.4415613920273,0.004474928811241452,1.5442759393706667
50,10,3467.368504525317,0.004752405571593962,1.544552426759
50,10,3548.1338923357566,0.005206130901587291,1.5445213358072603
50,10,3630.780547701014,0.006344862082317701,1.541253143059636
50,10,3715.3522909717276,0.0576129741847569,0.7364382438418228
50,10,3801.8939632056126,0.0022847440894677167,1.486275666001316
50,10,3890.4514499428046,0.0035049010422736207,1.52919357490336
50,10,3981.0717055349733,0.003986447342645225,1.5356543779089935
50,10,4073.802778041126,0.004288337591878314,1.538084382211669
50,10,4168.693834703355,0.004521052089935667,1.5393466596541583
50,10,4265.795188015925,0.004721363219500826,1.5401265242891826
50,10,4365.158322401661,0.0049051821439069975,1.5406652480093794
50,10,4466.835921509631,0.005080688829466003,1.541068622849494
50,10,4570.881896148751,0.005252712656784096,1.5413904062709451
50,10,4677.351412871981,0.005424515028893086,1.5416611628800132
50,10,4786.300923226385,0.0055986576798321835,1.5418998545644296
50,10,4897.7881936844615,0.005777495811463343,1.5421203225622184
50,10,5011.872336272725,0.005963678284721033,1.5423321698886294
50,10,5128.613839913648,0.00616061767091328,1.5425443177699054
50,10,5248.074602497728,0.00637344601648024,1.5427649822386629
50,10,5370.317963702527,0.006610921547759754,1.5430015986053511
50,10,5495.408738576249,0.006890190978033065,1.543256337673138
50,10,5623.413251903491,0.007251275501233722,1.5434991034597512
50,10,5754.399373371572,0.007816876445370727,1.5434760840801365
50,10,5888.43655355589,0.009244378546403642,1.5401462115992344
50,10,6025.5958607435805,0.017144279779380444,-1.0748840527982861
50,10,6165.9500186148225,0.00523053269538064,1.5204762786749382
50,10,6309.573444801937,0.0063868128767635875,1.535261630788602
50,10,6456.542290346556,0.006933253713461988,1.5384967751244465
50,10,6606.9344800759645,0.007326555234855584,1.5398944320148409
50,10,6760.829753919819,0.007668589057588352,1.540712907831321
50,10,6918.309709189362,0.008001346366681933,1.5412977497603642
50,10,7079.457843841381,0.008358761189758628,1.541786808673735
50,10,7244.359600749898,0.00880595950845879,1.54222276135132
50,10,7413.102413009177,0.009637326587695165,1.542139145444318
50,10,7585.775750291836,0.01149632689639682,-0.9134451118370176
50,10,7762.4711662869195,0.00812178747933366,1.5365021094217215
50,10,7943.282347242814,0.008930233904174365,1.5401378698095094
50,10,8128.305161640995,0.009476904748811035,1.541207835505393
50,10,8317.63771102671,0.010061648735595157,1.541733910445219
50,10,8511.380382023768,0.01098766848018949,1.5413900540748966
50,10,8709.635899560806,0.015266014168762136,1.5193052810085592
50,10,8912.509381337459,0.006944629251028331,1.504932604793676
50,10,9120.108393559096,0.009166789937069469,1.5349643489565392
50,10,9332.543007969914,0.009933454329360743,1.5384516376812496
50,10,9549.92586021436,0.010455022529743412,1.5397314017152692
50,10,9772.372209558112,0.010881344822511026,1.5404021700044412
50,10,10000,0.011295577344667483,1.5409086863558838
50,10,10232.929922807536,0.011703354406638677,1.5412867132998547
50,10,10471.285480509006,0.012124662645942879,1.5416149740503544
50,10,10715.193052376071,0.012554498824919111,1.5415337230297972
50,10,10964.78196143185,0.013080735352138665,1.5422598683680244
50,10,11220.18454301963,0.013714520605657221,1.542616768129109
50,10,11481.53621496884,0.014693186773703005,1.5427020154954236
50,10,11748.975549395303,0.015211047417670305,1.5325305037401304
50,10,12022.644346174131,0.02846790632925686,1.483918988175705
50,10,12302.68770812381,0.009535469809598162,1.5088990067848471
50,10,12589.254117941662,0.012408301976953471,1.5338467158822426
50,10,12882.495516931349,0.013530498555899658,1.5376201579057396
50,10,13182.567385564074,0.014322949893523106,1.539073872256394
50,10,13489.628825916532,0.015005152392817137,1.5399152625184025
50,10,13803.842646028837,0.015752312119677092,1.5404966618067293
50,10,14125.375446227554,0.016723063129589988,1.5407755600480082
50,10,14454.39770745928,0.019238184049920438,1.5371404816388043
50,10,14791.083881682072,0.010877876516374278,1.4858627133014406
50,10,15135.612484362071,0.015407526793872873,1.5359110915658176
50,10,15488.166189124828,0.016570885150421637,1.5388348057155752
50,10,15848.93192461114,0.017372558385505894,1.5398157371857863
50,10,16218.100973589299,0.0181379637949416,1.540485913698419
50,10,16595.869074375598,0.019014935053253964,1.5410289798027785
50,10,16982.43652461746,0.02057400912142248,1.5412431768662547
50,10,17378.00828749376,0.009496337965110069,1.3834104314499915
50,10,17782.794100389227,0.018546635034311837,1.5372645936454998
50,10,18197.008586099826,0.019781245832759642,1.5394359633606922
50,10,18620.871366628693,0.020686622442484225,1.5402103581726296
50,10,19054.607179632483,0.021588495277395762,1.54062692101341
50,10,19498.445997580457,0.02284343964690508,1.540362098155948
50,10,19952.62314968879,0.020151795252590442,1.5117005988159404
50,10,20417.379446695315,0.02467579817466681,1.5374609362777765
50,10,20892.96130854041,0.01595878818209,1.4647973407524872
50,10,21379.620895022323,0.022265062004127652,1.5363884424669516
50,10,21877.616239495517,0.023674528217673397,1.538979418837029
50,10,22387.211385683422,0.024714370705531584,1.5398426051306973
50,10,22908.676527677748,0.025723837387774912,1.54030235422934
50,10,23442.288153199228,0.0269386499649595,1.5404317271690584
50,10,23988.329190194898,0.03022425120349088,1.5331761680428786
50,10,24547.089156850285,0.026027774305719103,1.5348412714706325
50,10,25118.864315095823,0.028384315433682514,1.5395453897824571
50,10,25703.957827688646,0.0312892388033901,1.5370318292527534
50,10,26302.679918953814,0.025383827137421943,1.5189223610207772
50,10,26915.348039269138,0.029480223808642715,1.5382731184064218
50,10,27542.28703338169,0.03143905483120561,1.5396206364755949
50,10,28183.82931264455,0.03450805191030886,1.537627622390462
50,10,28840.31503126606,0.0316980247726711,1.5095494586391554
50,10,29512.09226666384,0.026586110813756513,1.5193451748892404
50,10,30199.51720402019,0.031337056282806065,1.536570067750561
50,10,30902.95432513592,0.033519973998378694,1.5385495945394332
50,10,31622.776601683792,0.03696894822373927,1.5345992388147687
50,10,32359.36569296281,0.03280972358325564,1.5318155015539454
50,10,33113.11214825915,0.03570479373665447,1.5384933233218303
50,10,33884.415613920275,0.037874830240221195,1.53886891979288
50,10,34673.685045253165,0.03620309929040717,1.5278841090072073
50,10,35481.33892335753,0.042827208603948064,1.5292598034467233
50,10,36307.80547701017,0.03676768097758785,1.5328604114841267
50,10,37153.52290971728,0.03992931977527115,1.538449223183172
50,10,38018.93963205613,0.04359791517390807,1.5328981721343966
50,10,38904.51449942805,0.04173133506052915,1.5376710696666929
50,10,39810.71705534977,0.044681555056418173,1.538162475258415
50,10,40738.02778041131,0.04198439081972774,1.5325208873388438
50,10,41686.93834703355,0.045345627593594326,1.5382955924421422
50,10,42657.95188015926,0.047504084272145156,1.5395787535788235
50,10,43651.58322401656,0.051990177355696304,1.5339041597206493
50,10,44668.359215096345,0.04733813154467845,1.521447851190701
50,10,45708.818961487515,0.05004272773120129,1.5384572239630334
50,10,46773.51412871981,0.04146061738318803,1.0032984622719623
50,10,47863.0092322638,0.05161080136475915,1.5385232432659222
50,10,48977.881936844664,0.05433422546855111,1.53972196937284
50,20,1,2.6039339864758546E-6,1.5448778452733196
50,20,1.023292992280754,2.6645874401364604E-6,1.5448778456270411
50,20,1.0471285480508996,2.7266537058242628E-6,1.5448778460582497
50,20,1.0715193052376064,2.790165672913188E-6,1.5448778464183897
50,20,1.096478196143185,2.855157027603158E-6,1.5448778467784179
50,20,1.1220184543019633,2.9216622293757146E-6,1.5448778471591527
50,20,1.1481536214968828,2.9897165458192224E-6,1.5448778476235683
50,20,1.1748975549395295,3.059356033753387E-6,1.5448778479503023
50,20,1.202264434617413,3.1306176517157813E-6,1.544877848361773
50,20,1.2302687708123816,3.203539167241325E-6,1.5448778488318584
50,20,1.2589254117941673,3.278159253290316E-6,1.5448778493047197
50,20,1.288249551693134,3.354517459475431E-6,1.5448778497790105
50,20,1.318256738556407,3.4326542973107487E-6,1.544877850371002
50,20,1.3489628825916535,3.512611178405994E-6,1.5448778509439183
50,20,1.3803842646028848,3.594430485851662E-6,1.5448778514616999
50,20,1.4125375446227544,3.678155649970525E-6,1.544877852218821
50,20,1.4454397707459274,3.763831009631081E-6,1.5448778528691098
50,20,1.4791083881682074,3.851502005818712E-6,1.5448778534988088
50,20,1.5135612484362082,3.941215152643042E-6,1.5448778543120751
50,20,1.5488166189124815,4.033017992373678E-6,1.54487785513232
50,20,1.5848931924611136,4.126959210608308E-6,1.5448778560104668
50,20,1.62181009735893,4.223088630439632E-6,1.5448778570168997
50,20,1.6595869074375607,4.321457168540407E-6,1.544877857888283
50,20,1.6982436524617444,4.422117025716518E-6,1.544877858851366
50,20,1.7378008287493754,4.525121572773129E-6,1.544877859884655
50,20,1.7782794100389228,4.630525411645684E-6,1.5448778609385272
50,20,1.8197008586099834,4.738384443423691E-6,1.5448778621134678
50,20,1.8620871366628675,4.848755838821901E-6,1.544877863221394
50,20,1.9054607179632472,4.96169812505283E-6,1.544877864382502
50,20,1.9498445997580451,5.077271185636422E-6,1.5448778655751803
50,20,1.9952623149688795,5.195536299460714E-6,1.5448778667391263
50,20,2.041737944669529,5.316556187025409E-6,1.5448778680053368
50,20,2.0892961308540396,5.440395027465596E-6,1.544877869415236
50,20,2.137962089502232,5.567118462370962E-6,1.5448778708686575
50,20,2.1877616239495525,5.696793699484441E-6,1.5448778723997318
50,20,2.23872113856834,5.829489464297659E-6,1.5448778739119908
50,20,2.290867652767773,5.965276165293788E-6,1.5448778755896087
50,20,2.344228815319922,6.104225757928215E-6,1.5448778773080762
50,20,2.3988329190194904,6.246411926850856E-6,1.5448778790472932
50,20,2.4547089156850306,6.39191008606922E-6,1.5448778809464463
50,20,2.51188643150958,6.540797371315858E-6,1.5448778829197116
50,20,2.570395782768864,6.693152721251836E-6,1.5448778849756812
50,20,2.6302679918953817,6.849056954548873E-6,1.5448778871956794
50,20,2.6915348039269156,7.00859269907063E-6,1.5448778894931856
50,20,2.7542287033381663,7.171844550347042E-6,1.544877891860871
50,20,2.8183829312644537,7.338899107166001E-6,1.544877894419779
50,20,2.884031503126606,7.509844874373279E-6,1.544877896966626
50,20,2.951209226666386,7.684772542968E-6,1.5448778996219763
50,20,3.019951720402016,7.863774874613297E-6,1.5448779024596118
50,20,3.0902954325135905,8.046946758977455E-6,1.5448779053567754
50,20,3.1622776601683795,8.234385344299153E-6,1.5448779084148425
50,20,3.2359365692962827,8.426189941670533E-6,1.5448779114002513
50,20,3.311311214825911,8.62246238700875E-6,1.5448779147323375
50,20,3.3884415613920256,8.823306700447792E-6,1.5448779182107826
50,20,3.4673685045253166,9.028829400560503E-6,1.544877921913213
50,20,3.548133892335755,9.239139436899055E-6,1.5448779257862877
50,20,3.630780547701014,9.454348368369565E-6,1.544877929873469
50,20,3.715352290971726,9.674570264430266E-6,1.544877934140499
50,20,3.8018939632056115,9.89992189553806E-6,1.5448779385688725
50,20,3.890451449942806,1.0130522828257944E-5,1.5448779433028994
50,20,3.9810717055349722,1.0366495280958682E-5,1.5448779481842625
50,20,4.073802778041127,1.0607964448419163E-5,1.5448779534455754
50,20,4.168693834703354,1.085505825954308E-5,1.544877958798547
50,20,4.265795188015927,1.1107907853290456E-5,1.5448779644747235
50,20,4.36515832240166,1.136664727940019E-5,1.5448779704512567
50,20,4.466835921509632,1.1631413732332498E-5,1.544877976705265
50,20,4.570881896148751,1.1902347555659288E-5,1.5448779831055446
50,20,4.677351412871983,1.2179592546294154E-5,1.5448779899609988
50,20,4.786300923226384,1.2463295674840756E-5,1.5448779971503523
50,20,4.8977881936844625,1.2753607354808903E-5,1.5448780046168495
50,20,5.011872336272724,1.3050681549970381E-5,1.54487801242339
50,20,5.1286138399136485,1.3354675791834525E-5,1.5448780205108912
50,20,5.248074602497725,1.366575131591211E-5,1.5448780290497777
50,20,5.370317963702527,1.398407307405433E-5,1.54487803792236
50,20,5.495408738576246,1.4309809880085426E-5,1.5448780472099135
50,20,5.623413251903491,1.4643134527717718E-5,1.5448780569804066
50,20,5.7543993733715695,1.4984223748656388E-5,1.5448780672269988
50,20,5.88843655355589,1.5333258549788276E-5,1.5448780780958062
50,20,6.025595860743578,1.5690423833735087E-5,1.5448780892945322
50,20,6.165950018614822,1.6055909225597716E-5,1.5448781011631645
50,20,6.309573444801933,1.642990841645435E-5,1.5448781135257506
50,20,6.456542290346556,1.681261990233174E-5,1.5448781265937415
50,20,6.606934480075961,1.7204246418166925E-5,1.5448781400760403
50,20,6.760829753919819,1.7604995913492007E-5,1.544878154304538
50,20,6.918309709189364,1.8015080894027743E-5,1.5448781692209692
50,20,7.079457843841379,1.8434718753807706E-5,1.5448781847671391
50,20,7.244359600749901,1.8864132098239334E-5,1.5448782009828086
50,20,7.413102413009175,1.9303548751212112E-5,1.5448782179938638
50,20,7.5857757502918375,1.9753201889222725E-5,1.5448782359126598
50,20,7.762471166286917,2.0213329884158297E-5,1.5448782546438649
50,20,7.943282347242816,2.068417677054721E-5,1.54487827418897
50,20,8.128305161640993,2.116599230662684E-5,1.5448782945725141
50,20,8.31763771102671,2.1659032371216402E-5,1.544878316169305
50,20,8.511380382023766,2.2163558126200134E-5,1.5448783386369245
50,20,8.709635899560807,2.2679837422377737E-5,1.5448783621744961
50,20,8.912509381337456,2.3208144170306985E-5,1.5448783868954756
50,20,9.120108393559097,2.3748758539710326E-5,1.5448784127148707
50,20,9.33254300796991,2.4301967375910344E-5,1.544878439769956
50,20,9.549925860214358,2.486806420408166E-5,1.5448784681233116
50,20,9.772372209558107,2.5447349233226626E-5,1.5448784976575662
50,20,10,2.6040130088257374E-5,1.544878528748291
50,20,10.232929922807541,2.6646721127539832E-5,1.5448785612743987
50,20,10.471285480508996,2.7267444367541023E-5,1.5448785954468498
50,20,10.715193052376065,2.7902628896412504E-5,1.544878631095429
50,20,10.964781961431852,2.855261188178978E-5,1.5448786683736624
50,20,11.220184543019636,2.921773837019768E-5,1.54487870745882
50,20,11.481536214968829,2.989836139492737E-5,1.5448787485085573
50,20,11.748975549395297,3.059484176941782E-5,1.5448787912420674
50,20,12.02264434617413,3.13075495901019E-5,1.544878836102947
50,20,12.302687708123818,3.203686304259818E-5,1.5448788831734819
50,20,12.589254117941675,3.278316919573762E-5,1.544878932474941
50,20,12.882495516931343,3.354686409678157E-5,1.544878984036125
50,20,13.182567385564074,3.4328353098825116E-5,1.544879037889051
50,20,13.48962882591654,3.5128051278026184E-5,1.5448790944043747
50,20,13.803842646028853,3.594638329780192E-5,1.5448791536571935
50,20,14.125375446227547,3.6783783179656385E-5,1.5448792155185207
50,20,14.454397707459272,3.764069624123697E-5,1.544879280576955
50,20,14.791083881682072,3.85175769025635E-5,1.5448793485000685
50,20,15.13561248436208,3.941489116342278E-5,1.5448794197114843
50,20,15.488166189124811,4.033311528011323E-5,1.5448794941521007
50,20,15.848931924611133,4.127273731349081E-5,1.544879572219612
50,20,16.218100973589298,4.223425608107731E-5,1.5448796538827039
50,20,16.595869074375607,4.321818284337538E-5,1.5448797396484424
50,20,16.982436524617444,4.422503922544472E-5,1.5448798290104302
50,20,17.378008287493753,4.5255361917102786E-5,1.5448799231901003
50,20,17.78279410038923,4.6309696678657363E-5,1.544880021393498
50,20,18.197008586099834,4.738860474034404E-5,1.5448801243156354
50,20,18.620871366628677,4.8492659267626936E-5,1.5448802320982955
50,20,19.054607179632473,4.962244723639132E-5,1.5448803450068198
50,20,19.498445997580454,5.077856944487036E-5,1.5448804633704916
50,20,19.952623149688797,5.1961640162351174E-5,1.544880587234194
50,20,20.417379446695296,5.3172288297450866E-5,1.5448807168480763
50,20,20.892961308540396,5.4411158131911934E-5,1.5448808526036877
50,20,21.379620895022324,5.567890894944999E-5,1.5448809949746989
50,20,21.87761623949553,5.697621399295465E-5,1.544881143815821
50,20,22.3872113856834,5.830376429662348E-5,1.544881299755302
50,20,22.908676527677734,5.966226662350321E-5,1.5448814631965067
50,20,23.442288153199225,6.105244342049287E-5,1.5448816343316647
50,20,23.98832919019491,6.247503524500197E-5,1.5448818136801634
50,20,24.547089156850312,6.393079818283332E-5,1.5448820011585274
50,20,25.11886431509581,6.542050927444935E-5,1.5448821978332243
50,20,25.703957827688633,6.694496065980336E-5,1.544882403586093
50,20,26.302679918953814,6.850496563348546E-5,1.544882619308333
50,20,26.915348039269155,7.010135407509766E-5,1.5448828449852103
50,20,27.542287033381662,7.173497833469327E-5,1.5448830815782166
50,20,28.183829312644534,7.340670787951193E-5,1.5448833290780926
50,20,28.84031503126606,7.511743630021561E-5,1.5448835887448331
50,20,29.512092266663856,7.686807439673662E-5,1.544883860520726
50,20,30.19951720402016,7.865955581280837E-5,1.544884144909783
50,20,30.902954325135905,8.049283867448435E-5,1.5448844430538957
50,20,31.622776601683793,8.236890048460697E-5,1.5448847552937464
50,20,32.359365692962825,8.428874381118902E-5,1.5448850823854925
50,20,33.11311214825911,8.6253392628082E-5,1.5448854246172794
50,20,33.884415613920254,8.826389426814569E-5,1.54488578200708
50,20,34.673685045253166,9.032133221756347E-5,1.544886157628132
50,20,35.48133892335755,9.242680275789481E-5,1.544886551145666
50,20,36.30780547701014,9.458143328946264E-5,1.5448869635467757
50,20,37.15352290971726,9.678637627014527E-5,1.5448873955202906
50,20,38.018939632056124,9.904281208329135E-5,1.5448878478643209
50,20,38.90451449942807,1.0135195112030971E-4,1.5448883218731773
50,20,39.810717055349734,1.037150324687373E-4,1.5448888187694605
50,20,40.73802778041128,1.061333197093872E-4,1.5448893387838893
50,20,41.68693834703355,1.0860811491351005E-4,1.5448898839898937
50,20,42.657951880159274,1.1114074481135136E-4,1.5448904550022757
50,20,43.65158322401661,1.137325710237722E-4,1.5448910532578826
50,20,44.668359215096324,1.1638498770847352E-4,1.5448916802031898
50,20,45.708818961487516,1.1909942053996737E-4,1.5448923368499203
50,20,46.77351412871981,1.2187733377006927E-4,1.5448930251768602
50,20,47.86300923226383,1.2472022098147876E-4,1.544893746087461
50,20,48.97788193684461,1.2762961840144036E-4,1.5448945017239695
50,20,50.11872336272722,1.306070944634619E-4,1.5448952934289213
50,20,51.28613839913648,1.33654259697738E-4,1.5448961233407035
50,20,52.48074602497726,1.3677275767372247E-4,1.544896992586832
50,20,53.70317963702527,1.39964283182428E-4,1.5448979042557403
50,20,54.954087385762456,1.4323055821250917E-4,1.544898859294299
50,20,56.23413251903491,1.4657335792735377E-4,1.544899860358158
50,20,57.543993733715695,1.4999449434779902E-4,1.5449009092944397
50,20,58.8843655355589,1.5349583239989697E-4,1.5449020092716321
50,20,60.25595860743578,1.5707927257956397E-4,1.5449031619962166
50,20,61.65950018614822,1.607467711365597E-4,1.5449043705840855
50,20,63.09573444801933,1.645003270740237E-4,1.5449056374455996
50,20,64.56542290346556,1.6834199286933598E-4,1.5449069656385936
50,20,66.06934480075961,1.722738709865094E-4,1.544908358273233
50,20,67.60829753919819,1.7629811700325425E-4,1.5449098184325625
50,20,69.18309709189366,1.8041693978815688E-4,1.5449113495283235
50,20,70.79457843841381,1.8463260523352476E-4,1.5449129550717637
50,20,72.44359600749902,1.8894743700689396E-4,1.5449146388677923
50,20,74.13102413009177,1.9336381931074297E-4,1.5449164050640825
50,20,75.8577575029184,1.9788419454473132E-4,1.5449182577078886
50,20,77.6247116628692,2.0251106566370787E-4,1.5449202007401786
50,20,79.43282347242817,2.072470102884982E-4,1.5449222394231017
50,20,81.28305161640995,2.1209467377404135E-4,1.5449243793907415
50,20,83.17637711026708,2.1705675736809787E-4,1.54492662503896
50,20,85.11380382023764,2.2213602545204577E-4,1.5449289802921105
50,20,87.09635899560806,2.2733534238222257E-4,1.54493145204215
50,20,89.12509381337455,2.3265763714516244E-4,1.5449340464586507
50,20,91.20108393559097,2.3810591452091704E-4,1.544936769543529
50,20,93.3254300796991,2.436832682722825E-4,1.5449396285184305
50,20,95.49925860214358,2.493928706898243E-4,1.544942630440187
50,20,97.72372209558107,2.552379818722566E-4,1.5449457827114232
50,20,100,2.612219535488008E-4,1.5449490933814913
50,20,102.32929922807547,2.673482294420778E-4,1.5449525706633052
50,20,104.71285480508996,2.7362035691840013E-4,1.5449562239675143
50,20,107.1519305237607,2.800419803427877E-4,1.54496006268211
50,20,109.64781961431851,2.86616848770704E-4,1.5449640967954061
50,20,112.2018454301963,2.933488224974393E-4,1.5449683370426073
50,20,114.81536214968828,3.0024187596473947E-4,1.5449727947100602
50,20,117.48975549395291,3.073001073302786E-4,1.5449774821666746
50,20,120.22644346174131,3.145277282731755E-4,1.5449824117135735
50,20,123.02687708123811,3.219290975681281E-4,1.5449875977171625
50,20,125.89254117941675,3.2950869752211196E-4,1.5449930543628208
50,20,128.82495516931337,3.3727115155355816E-4,1.5449987968326677
50,20,131.82567385564073,3.4522124609630457E-4,1.5450048420977374
50,20,134.89628825916532,3.533639209472887E-4,1.545011207913997
50,20,138.03842646028852,3.617042725352735E-4,1.5450179126602248
50,20,141.2537544622754,3.7024758958725714E-4,1.5450249770832185
50,20,144.5439770745928,3.789993317704978E-4,1.5450324223781313
50,20,147.91083881682073,3.879651596861019E-4,1.5450402716235
50,20,151.35612484362088,3.97150945411494E-4,1.5450485496720106
50,20,154.88166189124811,4.0656278569655715E-4,1.5450572835399499
50,20,158.48931924611142,4.1620699914706117E-4,1.5450665012419496
50,20,162.18100973589299,4.260901741731818E-4,1.5450762341010948
50,20,165.95869074375614,4.362191541676829E-4,1.5450865148608257
50,20,169.82436524617444,4.4660108836223666E-4,1.5450973799732108
50,20,173.78008287493762,4.572434168097704E-4,1.5451088674069309
50,20,177.82794100389228,4.6815393331730844E-4,1.5451210194316258
50,20,181.97008586099844,4.7934080068913406E-4,1.5451338817704596
50,20,186.20871366628674,4.908125458645783E-4,1.5451475027424981
50,20,190.54607179632484,5.025781654686802E-4,1.5451619365214435
50,20,194.98445997580455,5.146471143452735E-4,1.5451772415566274
50,20,199.52623149688807,5.270293456661654E-4,1.5451934806481664
50,20,204.17379446695296,5.397354239435958E-4,1.5452107242598077
50,20,208.92961308540387,5.527765035431458E-4,1.5452290477543476
50,20,213.79620895022325,5.661644726212705E-4,1.5452485351823337
50,20,218.77616239495518,5.799119779207522E-4,1.5452692779670687
50,20,223.872113856834,5.940325546562427E-4,1.5452913774279997
50,20,229.08676527677724,6.085407399224091E-4,1.545314945837372
50,20,234.42288153199226,6.234521683256509E-4,1.5453401068677255
50,20,239.88329190194898,6.387837467456376E-4,1.545366997917417
50,20,245.4708915685031,6.545538756257792E-4,1.5453957732151302
50,20,251.18864315095797,6.70782578246621E-4,1.5454266032124853
50,20,257.03957827688646,6.874918494661626E-4,1.545459680044834
50,20,263.02679918953817,7.047059346127224E-4,1.5454952192866864
50,20,269.1534803926917,7.224517552315047E-4,1.5455334651916055
50,20,275.4228703338166,7.407593097381136E-4,1.5455746923103941
50,20,281.8382931264455,7.59662364274436E-4,1.5456192145169252
50,20,288.40315031266056,7.791991273683468E-4,1.5456673888808201
50,20,295.1209226666387,7.994132132285075E-4,1.5457196253080006
50,20,301.9951720402016,8.203547979251429E-4,1.5457763949035015
50,20,309.0295432513592,8.42082179837973E-4,1.5458382431379425
50,20,316.22776601683796,8.646637443804114E-4,1.545905804254322
50,20,323.5936569296284,8.881805364374701E-4,1.5459798181153637
50,20,331.1311214825911,9.127297363370324E-4,1.5460611540840874
50,20,338.84415613920277,9.384294996036808E-4,1.546150841489502
50,20,346.73685045253166,9.654250326020814E-4,1.5462500971173778
50,20,354.81338923357566,9.938980990457135E-4,1.5463603793345073
50,20,363.0780547701014,0.0010240795998287839,1.5464834355318204
50,20,371.5352290971724,0.0010562684567487445,1.5466213690795747
50,20,380.1893963205613,0.0010908601195961738,1.5467767212426657
50,20,389.04514499428046,0.0011283900230581987,1.5469525481788062
50,20,398.1071705534973,0.0011696038090860074,1.5471524936060346
50,20,407.3802778041126,0.0012155742500866058,1.5473807831950481
50,20,416.8693834703355,0.0012679054224598169,1.5476419748969807
50,20,426.57951880159254,0.001329113493795503,1.5479400326487818
50,20,436.5158322401661,0.0014033879240967786,1.5482753715781399
50,20,446.683592150963,0.0014982704501155168,1.5486357092259122
50,20,457.0881896148752,0.0016287553150177354,1.548965383467224
50,20,467.73514128719813,0.001829864123646888,1.5490507164855642
50,20,478.6300923226385,0.0022081653323043978,1.547944282810991
50,20,489.77881936844614,0.0032988671080678954,1.5390926334205652
50,20,501.18723362727246,0.05935937209341964,-0.3687082715299392
50,20,512.8613839913648,8.218629595625537E-4,-1.4516359323559707
50,20,524.8074602497728,2.400554624127733E-4,1.3580785423931319
50,20,537.0317963702527,6.100265941657775E-4,1.5007575266548556
50,20,549.5408738576248,8.128364640726381E-4,1.5209600875548608
50,20,562.341325190349,9.478832062857323E-4,1.528616605317671
50,20,575.4399373371573,0.0010492843839046903,1.5325581572515954
50,20,588.843655355589,0.0011317586958508143,1.5349344450897924
50,20,602.5595860743581,0.0012026976694996798,1.5365137392099038
50,20,616.5950018614822,0.0012662246468119129,1.5376353842717725
50,20,630.9573444801937,0.0013248260249253167,1.538471346049648
50,20,645.6542290346556,0.00138009455686491,1.5391176640377677
50,20,660.6934480075957,0.0014331011507833378,1.539632009634962
50,20,676.0829753919819,0.001484596071473889,1.5400510372958935
50,20,691.8309709189363,0.00153512357848233,1.540399122972388
50,20,707.945784384138,0.0015850909144488317,1.5406930920615243
50,20,724.4359600749899,0.0016348116557845314,1.5409449302259468
50,20,741.3102413009177,0.0016845336120405302,1.5411634048937222
50,20,758.5775750291835,0.0017344576703407543,1.541355081473299
50,20,776.247116628692,0.0017847506297314758,1.5415249775059428
50,20,794.3282347242813,0.0018355543564070786,1.5416769998443727
50,20,812.8305161640995,0.0018869923451243003,1.541814241877865
50,20,831.7637711026708,0.0019391746385294738,1.541939192523717
50,20,851.1380382023768,0.0019922015731935663,1.5420538851250727
50,20,870.9635899560806,0.0020461667067332664,1.5421600058515041
50,20,891.2509381337459,0.0021011592753444543,1.542258974920483
50,20,912.0108393559096,0.0021572662296475333,1.5423520073983414
50,20,933.2543007969915,0.0022145741610916326,1.5424401604962446
50,20,954.992586021436,0.002273171275219887,1.542524366141179
50,20,977.2372209558112,0.0023331601214163097,1.5426037907742858
50,20,1000,0.0023945976261134367,1.5426843151216307
50,20,1023.2929922807547,0.002457631517538778,1.5427616096732657
50,20,1047.1285480508996,0.0025223594907757873,1.5428380769489636
50,20,1071.519305237607,0.0025889103086861624,1.5429144704510336
50,20,1096.4781961431852,0.0026574310807460496,1.542991564861924
50,20,1122.018454301964,0.0027280944410184027,1.5430701978112524
50,20,1148.1536214968828,0.00280110620517989,1.543151291485757
50,20,1174.8975549395302,0.0028767192393270844,1.54323590791923
50,20,1202.2644346174131,0.0029552537166445954,1.5433253124944157
50,20,1230.268770812381,0.0030371257435077223,1.543421044874899
50,20,1258.9254117941675,0.003122895825412006,1.5435250363092325
50,20,1288.2495516931335,0.0032133496934428287,1.5436397713535768
50,20,1318.2567385564075,0.0033096418358466813,1.5437685144982174
50,20,1348.9628825916532,0.0034135679556396626,1.5439156036521955
50,20,1380.3842646028852,0.0035281271136751316,1.5440867079335665
50,20,1412.537544622754,0.003658814232224554,1.5442884001679393
50,20,1445.439770745928,0.0038170657217844813,1.54452338162399
50,20,1479.1083881682073,0.00403168071563262,1.54475743592517
50,20,1513.5612484362086,0.004403396509518878,1.5446291049063048
50,20,1548.816618912481,0.005717109148360667,1.5369763608242706
50,20,1584.893192461114,0.0012172024931741594,1.3496978894011031
50,20,1621.8100973589299,0.003214449386218007,1.5329087416118294
50,20,1659.5869074375614,0.003662403105658563,1.5391602976215277
50,20,1698.2436524617442,0.0039263994767003525,1.541113841242156
50,20,1737.8008287493763,0.004140275800616005,1.5421292597790262
50,20,1778.2794100389228,0.0043430083286402936,1.5428294415675627
50,20,1819.7008586099844,0.004555869515031027,1.543420478765421
50,20,1862.0871366628676,0.00480131751339149,1.5440035720351641
50,20,1905.4607179632483,0.005120412179155527,1.5446440806004005
50,20,1949.8445997580454,0.005626201891661927,1.5453240231996883
50,20,1995.262314968881,0.0068488237136027875,1.544885732242083
50,20,2041.7379446695295,0.04094452056793687,1.3139853101524737
50,20,2089.2961308540407,0.002272819347519205,1.488851769321322
50,20,2137.9620895022326,0.003727154375378195,1.5297988736644126
50,20,2187.761623949552,0.0042844596815399556,1.5357357043514333
50,20,2238.72113856834,0.004630598397565678,1.538023748526668
50,20,2290.8676527677726,0.004896669231189742,1.539248098343185
50,20,2344.228815319923,0.005125985187774346,1.540029827652
50,20,2398.83291901949,0.005337425262247398,1.5405903228650433
50,20,2454.708915685031,0.005541036388286316,1.541028949848455
50,20,2511.88643150958,0.005743254732714094,1.5413980645579048
50,20,2570.3957827688646,0.005949172865491386,1.5417294901130056
50,20,2630.2679918953813,0.00616390241073026,1.5420456689009407
50,20,2691.5348039269165,0.00639391220427032,1.5423652243043622
50,20,2754.2287033381663,0.006649169614216615,1.5427060366242151
50,20,2818.382931264455,0.0069478720544946465,1.5430856041078682
50,20,2884.031503126606,0.007329689996670255,1.5435096835879532
50,20,2951.209226666387,0.007904735287921356,1.5438776542558799
50,20,3019.9517204020162,0.009147066468148009,1.542914722716314
50,20,3090.295432513592,0.02122347780528819,1.463248793549988
50,20,3162.2776601683795,0.004129981533292516,1.4871245377727949
50,20,3235.9365692962842,0.004879664778927171,1.4982796906288458
50,20,3311.311214825911,0.00633719175335445,1.5332491206462469
50,20,3388.4415613920273,0.0068729087780066075,1.5366190563629907
50,20,3467.368504525317,0.00725449902757836,1.5380917473372457
50,20,3548.1338923357566,0.007574445540102726,1.538943197867809
50,20,3630.780547701014,0.007865321739554494,1.5395169400362907
50,20,3715.3522909717276,0.00814165780392926,1.539935740923045
50,20,3801.8939632056126,0.008411843679585565,1.5402644945284456
50,20,3890.4514499428046,0.008681286555182695,1.5405374149678295
50,20,3981.0717055349733,0.008954160903652452,1.5407753918569358
50,20,4073.802778041126,0.009234391399762683,1.5409925872041084
50,20,4168.693834703355,0.009526541124962646,1.5411995261554934
50,20,4265.795188015925,0.009839822052965722,1.5412554405982475
50,20,4365.158322401661,0.010175004329606455,1.5416185646670189
50,20,4466.835921509631,0.010562678785729425,1.5418420463344173
50,20,4570.881896148751,0.011049665531311658,1.5420308665561673
50,20,4677.351412871981,0.011762648862998588,1.5420088570305535
50,20,4786.300923226385,0.013555823061077854,1.5388514616327493
50,20,4897.7881936844615,0.005853832939862015,-0.8727339024055505
50,20,5011.872336272725,0.009247586930518454,1.5282919793801188
50,20,5128.613839913648,0.010522733724881494,1.5365980104596104
50,20,5248.074602497728,0.01119771867808555,1.5386818015365324
50,20,5370.317963702527,0.01172357374026486,1.5396337289703448
50,20,5495.408738576249,0.012215569228812954,1.5402008334693686
50,20,5623.413251903491,0.012763652453815834,1.540505660780198
50,20,5754.399373371572,0.013837945173157071,1.538075257381041
50,20,5888.43655355589,0.01196399869903783,1.5295968398396915
50,20,6025.5958607435805,0.01319925455898128,1.5392281395197165
50,20,6165.9500186148225,0.013767468858518175,1.540285853102289
50,20,6309.573444801937,0.01427035859537131,1.540767466392047
50,20,6456.542290346556,0.014773440839110351,1.5410950730441262
50,20,6606.9344800759645,0.015310809563081744,1.5413735729511173
50,20,6760.829753919819,0.015923329542757728,1.541632145855584
50,20,6918.309709189362,0.016703135869038002,1.5418276520400547
50,20,7079.457843841381,0.018017689960028612,1.5413060225104407
50,20,7244.359600749898,0.03249445072001732,1.3845094339215926
50,20,7413.102413009177,0.016145749675443237,1.532342514465643
50,20,7585.775750291836,0.02004753033621205,1.534913051553972
50,20,7762.4711662869195,0.0073005032376136335,-0.7033217733142797
50,20,7943.282347242814,0.014089066984767223,1.5258318049413508
50,20,8128.305161640995,0.016064308013418238,1.535053612824805
50,20,8317.63771102671,0.017123668277993907,1.5374265524902906
50,20,8511.380382023768,0.01793625709597628,1.5385121240613193
50,20,8709.635899560806,0.018689909616516936,1.5389558434553503
50,20,8912.509381337459,0.019026951930871238,1.5369817428627301
50,20,9120.108393559096,0.019896755722470957,1.5397297709942384
50,20,9332.543007969914,0.020617848288835842,1.5401078302230047
50,20,9549.92586021436,0.021414938812935314,1.5403791049167703
50,20,9772.372209558112,0.02246745481166021,1.5404688390028332
50,20,10000,0.024923891664395084,1.5377052193812613
50,20,10232.929922807536,0.016171164755711048,1.4909064880195986
50,20,10471.285480509006,0.021445531078179186,1.536352223120265
50,20,10715.193052376071,0.02276706413871839,1.5382401863967972
50,20,10964.78196143185,0.023673344022808775,1.5394574651971766
50,20,11220.18454301963,0.024519238831792033,1.5398438136803165
50,20,11481.53621496884,0.025270838871836947,1.540193159980649
50,20,11748.975549395303,0.02619177440145965,1.5404724936748981
50,20,12022.644346174131,0.027321495312328494,1.5405716203145117
50,20,12302.68770812381,0.03501848511352375,1.4887269695416179
50,20,12589.254117941662,0.02767800093366618,1.538801738870555
50,20,12882.495516931349,0.030663576935491797,1.5324265894521496
50,20,13182.567385564074,0.029176123859540423,1.5388878271157367
50,20,13489.628825916532,0.031198348006789695,1.5401282257663507
50,20,13803.842646028837,0.03993648367248575,1.4893838065843348
50,20,14125.375446227554,0.029557862466367272,1.5330299785141925
50,20,14454.39770745928,0.03426867178541532,1.5371500447627944
50,20,14791.083881682072,0.015377629593294362,1.3119616013038637
50,20,15135.612484362071,0.02988678716101226,1.5341044199534453
50,20,15488.166189124828,0.03214120266970757,1.5375284493329404
50,20,15848.93192461114,0.03398384087916164,1.536059597863847
50,20,16218.100973589299,0.033631118626168556,1.532451645339919
50,20,16595.869074375598,0.035746449450404776,1.539263121376569
50,20,16982.43652461746,0.037129883394702384,1.5396945760308758
50,20,17378.00828749376,0.0387985422127756,1.5397786691434145
50,20,17782.794100389227,0.043044983751681115,1.5343442761381283
50,20,18197.008586099826,0.040417859369792995,1.4945090536076793
50,20,18620.871366628693,0.03859123389329709,1.5371638956311882
50,20,19054.607179632483,0.04053009843652314,1.5389214556981177
50,20,19498.445997580457,0.04207298198394821,1.5394798389468103
50,20,19952.62314968879,0.042632161159869376,1.5375317675716478
50,20,20417.379446695315,0.044535557344966364,1.5397961714280402
50,20,20892.96130854041,0.04605611022360945,1.5400666299729866
50,20,21379.620895022323,0.04781588536539488,1.540246472695224
50,20,21877.616239495517,0.050369827237216475,1.5400485976083969
50,20,22387.211385683422,0.060470314669430064,1.525313927192668
50,20,22908.676527677748,0.04505333701617694,1.526773607126928
50,20,23442.288153199228,0.04530473972214505,1.5278743281380043
50,20,23988.329190194898,0.04992548071396736,1.5378083276673926
50,20,24547.089156850285,0.05202684675194856,1.5388343290113762
50,20,25118.864315095823,0.05371558465711742,1.5392185605072368
50,20,25703.957827688646,0.05551638439189738,1.5394669465124857
50,20,26302.679918953814,0.05729014916607922,1.5398101418803902
50,20,26915.348039269138,0.05940262407673302,1.5398467637526871
50,20,27542.28703338169,0.06084753397537373,1.534254633673696
50,20,28183.82931264455,0.06484941775322106,1.5376517227044197
50,20,28840.31503126606,0.03231612161289702,1.0207700634931907
50,20,29512.09226666384,0.058368674735309545,1.5323136877070112
50,20,30199.51720402019,0.06322974335784366,1.538183296543182
50,20,30902.95432513592,0.06539049790200505,1.538748965117145
50,20,31622.776601683792,0.06776600401286283,1.5390240848419596
50,20,32359.36569296281,0.06996404523011951,1.5395973016679882
50,20,33113.11214825915,0.0725960455330615,1.5394259848604985
50,20,33884.415613920275,0.07548496078861903,1.5388434919692597
50,20,34673.685045253165,0.07998563452488369,1.5376781100262786
50,20,35481.33892335753,0.06259997069084715,1.4971246014230635
50,20,36307.80547701017,0.07336618257775228,1.5322543721690705
50,20,37153.52290971728,0.07829120902225846,1.5385478602484566
50,20,38018.93963205613,0.08053266968117871,1.536656155874477
50,20,38904.51449942805,0.08377895214727553,1.5391087189818706
50,20,39810.71705534977,0.08633716868408879,1.5366415386458558
50,20,40738.02778041131,0.08959416118178429,1.5395167258011697
50,20,41686.93834703355,0.09728583584764151,1.5352419131569517
50,20,42657.95188015926,0.07563533867041075,1.413908958514369
50,20,43651.58322401656,0.09101777557600775,1.5375528588054246
50,20,44668.359215096345,0.09561959587770412,1.5386422107682436
50,20,45708.818961487515,0.09459517842919071,1.5317177503623238
50,20,46773.51412871981,0.10048753512854171,1.5382720856366991
50,20,47863.0092322638,0.10490418867841905,1.5359611996529385
50,20,48977.881936844664,0.1048914504739179,1.5385951545680234
50,50,1,6.7706828176498454E-6,1.5458054793312792
50,50,1.023292992280754,6.928395969747354E-6,1.545805490951838
50,50,1.0471285480508996,7.089781053392396E-6,1.5458054970365467
50,50,1.0715193052376064,7.25492788231968E-6,1.5458055109121114
50,50,1.096478196143185,7.423921094214809E-6,1.5458055235933104
50,50,1.1220184543019633,7.596850103277289E-6,1.5458055338039731
50,50,1.1481536214968828,7.773807514206705E-6,1.5458055459001627
50,50,1.1748975549395295,7.954887284366416E-6,1.545805557436894
50,50,1.202264434617413,8.140186392918173E-6,1.5458055734388225
50,50,1.2302687708123816,8.329801095895428E-6,1.5458055869992242
50,50,1.2589254117941673,8.523833014506149E-6,1.545805602451249
50,50,1.288249551693134,8.722385516205262E-6,1.5458056197518217
50,50,1.318256738556407,8.925563085999111E-6,1.5458056369300093
50,50,1.3489628825916535,9.133473817094416E-6,1.5458056542806653
50,50,1.3803842646028848,9.346229587225486E-6,1.5458056783283156
50,50,1.4125375446227544,9.563939165745811E-6,1.545805695743554
50,50,1.4454397707459274,9.786721339606762E-6,1.5458057162880738
50,50,1.4791083881682074,1.0014695195858223E-5,1.5458057421279603
50,50,1.5135612484362082,1.0247979633206595E-5,1.5458057678068224
50,50,1.5488166189124815,1.048669853213877E-5,1.5458057945771286
50,50,1.5848931924611136,1.0730978842389974E-5,1.545805822180858
50,50,1.62181009735893,1.0980949947735123E-5,1.5458058512965909
50,50,1.6595869074375607,1.1236743896152698E-5,1.545805880041285
50,50,1.6982436524617444,1.1498499198714191E-5,1.5458059134658377
50,50,1.7378008287493754,1.1766351926718745E-5,1.545805946885289
50,50,1.7782794100389228,1.2040444826485376E-5,1.5458059815480698
50,50,1.8197008586099834,1.2320923556317176E-5,1.545806018210312
50,50,1.8620871366628675,1.2607937065950252E-5,1.54580605751457
50,50,1.9054607179632472,1.2901637169148266E-5,1.5458060966851954
50,50,1.9498445997580451,1.320217997895405E-5,1.545806137878245
50,50,1.9952623149688795,1.3509726784367596E-5,1.545806184033172
50,50,2.041737944669529,1.382443516241165E-5,1.5458062258129783
50,50,2.0892961308540396,1.414647909572522E-5,1.5458062731417173
50,50,2.137962089502232,1.4476023947919216E-5,1.545806319545823
50,50,2.1877616239495525,1.4813248327905311E-5,1.54580636981455
50,50,2.23872113856834,1.5158327124224653E-5,1.5458064187690779
50,50,2.290867652767773,1.5511450708254837E-5,1.5458064757239198
50,50,2.344228815319922,1.587279980814519E-5,1.5458065319054919
50,50,2.3988329190194904,1.6242572117553715E-5,1.5458065953591387
50,50,2.4547089156850306,1.6620957458907948E-5,1.5458066571714941
50,50,2.51188643150958,1.7008160093448573E-5,1.5458067219797138
50,50,2.570395782768864,1.7404386960523328E-5,1.54580679135586
50,50,2.6302679918953817,1.780984759924121E-5,1.5458068646368963
50,50,2.6915348039269156,1.8224759957632787E-5,1.5458069452865473
50,50,2.7542287033381663,1.864933421677849E-5,1.545807020648723
50,50,2.8183829312644537,1.908380548448108E-5,1.5458071038619496
50,50,2.884031503126606,1.9528401342825486E-5,1.5458071895940741
50,50,2.951209226666386,1.998336168225569E-5,1.54580728189439
50,50,3.019951720402016,2.0448920570950122E-5,1.5458073739406342
50,50,3.0902954325135905,2.0925326521039736E-5,1.5458074663068466
50,50,3.1622776601683795,2.1412839422948473E-5,1.5458075668146813
50,50,3.2359365692962827,2.191171359792533E-5,1.5458076705433972
50,50,3.311311214825911,2.2422221996613004E-5,1.5458077864763051
50,50,3.3884415613920256,2.2944631387452605E-5,1.5458079071971482
50,50,3.4673685045253166,2.3479215546627886E-5,1.5458080311727598
50,50,3.548133892335755,2.4026257215593856E-5,1.5458081592233281
50,50,3.630780547701014,2.4586052058990512E-5,1.5458082931520114
50,50,3.715352290971726,2.5158901750741707E-5,1.5458084373991259
50,50,3.8018939632056115,2.574510059310955E-5,1.5458085813096836
50,50,3.890451449942806,2.6344969966735062E-5,1.5458087386792059
50,50,3.9810717055349722,2.695882852580083E-5,1.5458089036501286
50,50,4.073802778041127,2.7586997010502176E-5,1.5458090741418076
50,50,4.168693834703354,2.822980791443991E-5,1.5458092485014583
50,50,4.265795188015927,2.8887615259167686E-5,1.545809436715865
50,50,4.36515832240166,2.9560767062684036E-5,1.545809635979787
50,50,4.466835921509632,3.024961577924287E-5,1.5458098439204226
50,50,4.570881896148751,3.095453290756662E-5,1.5458100634291292
50,50,4.677351412871983,3.167588916686215E-5,1.5458102909555158
50,50,4.786300923226384,3.241406713075776E-5,1.5458105267124338
50,50,4.8977881936844625,3.316947342067443E-5,1.5458107785493473
50,50,5.011872336272724,3.3942502833168097E-5,1.5458110419488404
50,50,5.1286138399136485,3.473355864626698E-5,1.5458113125693937
50,50,5.248074602497725,3.5543066357452765E-5,1.5458115938828159
50,50,5.370317963702527,3.6371475107552375E-5,1.5458118948143225
50,50,5.495408738576246,3.7219210312471354E-5,1.5458122052887546
50,50,5.623413251903491,3.808672874593759E-5,1.5458125313618616
50,50,5.7543993733715695,3.897450257980838E-5,1.5458128754580462
50,50,5.88843655355589,3.988299782122125E-5,1.5458132356675727
50,50,6.025595860743578,4.0812695906645015E-5,1.5458136095654227
50,50,6.165950018614822,4.176410596838065E-5,1.5458140044498019
50,50,6.309573444801933,4.2737736390888095E-5,1.5458144208702236
50,50,6.456542290346556,4.3734094631102086E-5,1.5458148503759457
50,50,6.606934480075961,4.4753723875295687E-5,1.545815300746274
50,50,6.760829753919819,4.579717670821376E-5,1.5458157767104386
50,50,6.918309709189364,4.686499525651982E-5,1.5458162703568605
50,50,7.079457843841379,4.79577757189936E-5,1.5458167917212835
50,50,7.244359600749901,4.907609429862517E-5,1.545817338623069
50,50,7.413102413009175,5.0220549367494926E-5,1.5458179124006188
50,50,7.5857757502918375,5.1391760505351466E-5,1.5458185108956983
50,50,7.762471166286917,5.259034964268522E-5,1.5458191391488325
50,50,7.943282347242816,5.3816980895070546E-5,1.545819801332007
50,50,8.128305161640993,5.5072285392643495E-5,1.5458204878871333
50,50,8.31763771102671,5.635695773779988E-5,1.545821208244592
50,50,8.511380382023766,5.767169863413725E-5,1.5458219653858187
50,50,8.709635899560807,5.901720883049002E-5,1.5458227609263853
50,50,8.912509381337456,6.0394201368249716E-5,1.5458235872481245
50,50,9.120108393559097,6.180346096181423E-5,1.5458244632325633
50,50,9.33254300796991,6.324570128854906E-5,1.5458253700870008
50,50,9.549925860214358,6.472174452603542E-5,1.5458263266109415
50,50,9.772372209558107,6.623234969853372E-5,1.5458273230025648
50,50,10,6.777840720607298E-5,1.5458283791956662
50,50,10.232929922807541,6.936069495983194E-5,1.545829477944099
50,50,10.471285480508996,7.098009092933131E-5,1.5458306301385778
50,50,10.715193052376065,7.263751242505202E-5,1.5458318462547285
50,50,10.964781961431852,7.433380040273638E-5,1.5458331100216285
50,50,11.220184543019636,7.6069925606195E-5,1.5458344370924921
50,50,11.481536214968829,7.784684011551982E-5,1.545835832798589
50,50,11.748975549395297,7.966550149046595E-5,1.5458372909847942
50,50,12.02264434617413,8.15269182986228E-5,1.5458388219304244
50,50,12.302687708123818,8.343211319707988E-5,1.5458404256741507
50,50,12.589254117941675,8.538214677713845E-5,1.5458421087375576
50,50,12.882495516931343,8.737807434408907E-5,1.5458438703384139
50,50,13.182567385564074,8.942104481951958E-5,1.545845724567823
50,50,13.48962882591654,9.151211415513062E-5,1.5458476571301394
50,50,13.803842646028853,9.365253153086033E-5,1.545849692657095
50,50,14.125375446227547,9.584344588411699E-5,1.5458518252583435
50,50,14.454397707459272,9.808610650170944E-5,1.5458540663663471
50,50,14.791083881682072,1.0038173900111813E-4,1.5458564121445995
50,50,15.13561248436208,1.0273167491019994E-4,1.545858879362568
50,50,15.488166189124811,1.0513723519496109E-4,1.545861470970108
50,50,15.848931924611133,1.0759969599656875E-4,1.5458641759353402
50,50,16.218100973589298,1.1012056186285028E-4,1.5458670241459334
50,50,16.595869074375607,1.1270124245153434E-4,1.5458700159406544
50,50,16.982436524617444,1.1534319712957193E-4,1.5458731549667726
50,50,17.378008287493753,1.1804796170404922E-4,1.5458764528561957
50,50,17.78279410038923,1.2081703747466538E-4,1.545879906760554
50,50,18.197008586099834,1.2365210682978192E-4,1.5458835408634715
50,50,18.620871366628677,1.265547301532174E-4,1.5458873487747886
50,50,19.054607179632473,1.295267259200998E-4,1.5458913582877414
50,50,19.498445997580454,1.325697775631784E-4,1.5458955719102916
50,50,19.952623149688797,1.3568566604855076E-4,1.545899996263212
50,50,20.417379446695296,1.3887626515377956E-4,1.545904646032536
50,50,20.892961308540396,1.4214349169139E-4,1.5459095355222634
50,50,21.379620895022324,1.4548931998262287E-4,1.5459146775732444
50,50,21.87761623949553,1.489156744985739E-4,1.5459200727003444
50,50,22.3872113856834,1.5242482211992562E-4,1.5459257595746323
50,50,22.908676527677734,1.5601879862762127E-4,1.5459317356176798
50,50,23.442288153199225,1.596998616082847E-4,1.5459380215838416
50,50,23.98832919019491,1.6347032966441562E-4,1.5459446370298267
50,50,24.547089156850312,1.673326527241375E-4,1.5459516104210902
50,50,25.11886431509581,1.7128918075850848E-4,1.5459589456500884
50,50,25.703957827688633,1.7534263480992082E-4,1.5459666845411826
50,50,26.302679918953814,1.794954727146015E-4,1.545974826963189
50,50,26.915348039269155,1.8375053209412906E-4,1.5459834110039363
50,50,27.542287033381662,1.8811063695542153E-4,1.545992458304562
50,50,28.183829312644534,1.925788130597239E-4,1.546002004090903
50,50,28.84031503126606,1.971580551596822E-4,1.5460120718968127
50,50,29.512092266663856,2.0185168518630167E-4,1.5460227056084201
50,50,30.19951720402016,2.0666296950150645E-4,1.5460339309516187
50,50,30.902954325135905,2.1159542232355687E-4,1.5460457906709018
50,50,31.622776601683793,2.1665263135534546E-4,1.5460583193089499
50,50,32.359365692962825,2.2183847676831997E-4,1.5460715680013268
50,50,33.11311214825911,2.2715688392663401E-4,1.5460855764772259
50,50,33.884415613920254,2.3261215009513192E-4,1.5461004080927434
50,50,34.673685045253166,2.3820869686705422E-4,1.5461161175563847
50,50,35.48133892335755,2.4395125921436255E-4,1.546132773706489
50,50,36.30780547701014,2.4984464170094264E-4,1.546150432316012
50,50,37.15352290971726,2.558940561284033E-4,1.546169167350402
50,50,38.018939632056124,2.6210506478742407E-4,1.5461890592181882
50,50,38.90451449942807,2.6848355376492934E-4,1.546210197712789
50,50,39.810717055349734,2.7503589070373925E-4,1.5462326816909244
50,50,40.73802778041128,2.817687991884407E-4,1.5462566187517168
50,50,41.68693834703355,2.886894009933159E-4,1.5462821154886206
50,50,42.657951880159274,2.9580566696489445E-4,1.5463093154797176
50,50,43.65158322401661,3.031257990324451E-4,1.5463383416251117
50,50,44.668359215096324,3.106591666421818E-4,1.546369366502681
50,50,45.708818961487516,3.1841580224376616E-4,1.5464025679169706
50,50,46.77351412871981,3.264067125739582E-4,1.5464381417151127
50,50,47.86300923226383,3.3464369683921006E-4,1.5464762912286003
50,50,48.97788193684461,3.4314062179225383E-4,1.5465172868841504
50,50,50.11872336272722,3.519121135451012E-4,1.5465613917283973
50,50,51.28613839913648,3.6097538111958894E-4,1.546608940922631
50,50,52.48074602497726,3.7034907753158625E-4,1.5466602749645215
50,50,53.70317963702527,3.8005452050924915E-4,1.5467157872925072
50,50,54.954087385762456,3.901170016976992E-4,1.5467759786852797
50,50,56.23413251903491,4.0056494337461666E-4,1.54684136105647
50,50,57.543993733715695,4.114320127310776E-4,1.5469125789944536
50,50,58.8843655355589,4.2275692589551357E-4,1.546990318870334
50,50,60.25595860743578,4.3458699054431036E-4,1.5470754405120204
50,50,61.65950018614822,4.4697804446955456E-4,1.5471689016708292
50,50,63.09573444801933,4.599989921463444E-4,1.5472718732592101
50,50,64.56542290346556,4.737348212554154E-4,1.5473857282776347
50,50,66.06934480075961,4.882909711569867E-4,1.5475120692846722
50,50,67.60829753919819,5.038040695367577E-4,1.5476528816803752
50,50,69.18309709189366,5.204471172905801E-4,1.5478104102301122
50,50,70.79457843841381,5.384542954764973E-4,1.547987515543105
50,50,72.44359600749902,5.581390242586741E-4,1.5481874613265498
50,50,74.13102413009177,5.799402285947159E-4,1.5484142130951206
50,50,75.8577575029184,6.044899224626015E-4,1.5486722853592028
50,50,77.6247116628692,6.32730692633737E-4,1.548966397442457
50,50,79.43282347242817,6.66140950615586E-4,1.5493004965454444
50,50,81.28305161640995,7.072007255227605E-4,1.549674824686069
50,50,83.17637711026708,7.603071131210541E-4,1.5500752294287299
50,50,85.11380382023764,8.342998306800164E-4,1.5504434391817614
50,50,87.09635899560806,9.497363501885202E-4,1.5505612252619871
50,50,89.12509381337455,0.0011681939410420688,1.5495008691137646
50,50,91.20108393559097,0.0017956207625736235,1.5412082203857438
50,50,93.3254300796991,0.04112589057097467,0.22517923200378548
50,50,95.49925860214358,6.61643356598501E-4,-1.4925434889836904
50,50,97.72372209558107,3.1828294885599E-5,-0.6720371829524147
50,50,100,2.0337475055864733E-4,1.470317662938352
50,50,102.32929922807547,3.212996127010174E-4,1.5112426732445734
50,50,104.71285480508996,3.9829790340082066E-4,1.5236522702309525
50,50,107.1519305237607,4.549505022531396E-4,1.5295030301450592
50,50,109.64781961431851,5.001251283539945E-4,1.5328650716352692
50,50,112.2018454301963,5.382665710311406E-4,1.5350318919803687
50,50,114.81536214968828,5.718508807153565E-4,1.5365377364043649
50,50,117.48975549395291,6.02367133447364E-4,1.5376415674523582
50,50,120.22644346174131,6.307663802593679E-4,1.538483517047706
50,50,123.02687708123811,6.57686522615598E-4,1.5391458092010692
50,50,125.89254117941675,6.835716062726573E-4,1.539679692811299
50,50,128.82495516931337,7.087428782934264E-4,1.5401187951386335
50,50,131.82567385564073,7.334385241350201E-4,1.5404860102469489
50,50,134.89628825916532,7.578401381445089E-4,1.540797466902377
50,50,138.03842646028852,7.820895834121614E-4,1.5410648537624574
50,50,141.2537544622754,8.063000093508909E-4,1.5412968354923742
50,50,144.5439770745928,8.305638372474805E-4,1.5414999875152193
50,50,147.91083881682073,8.549578176526476E-4,1.5416793761287069
50,50,151.35612484362088,8.795464793724858E-4,1.541838958481621
50,50,154.88166189124811,9.04385903842015E-4,1.5419818956391136
50,50,158.48931924611142,9.295250260635536E-4,1.5421107257031024
50,50,162.18100973589299,9.550075331774774E-4,1.5422275202340974
50,50,165.95869074375614,9.808731597342692E-4,1.5423339903065223
50,50,169.82436524617444,0.0010071582413845143,1.5424315527712429
50,50,173.78008287493762,0.0010338970328541146,1.5425214092574282
50,50,177.82794100389228,0.0010611218800663236,1.5426045748084296
50,50,181.97008586099844,0.0010888639258698797,1.5426819222046875
50,50,186.20871366628674,0.001117153663894215,1.5427542101508116
50,50,190.54607179632484,0.0011460211015749658,1.5428221002553268
50,50,194.98445997580455,0.0011754964272540172,1.5428861818614796
50,50,199.52623149688807,0.0012056102284828184,1.5429469838789411
50,50,204.17379446695296,0.0012363940002452641,1.5430049885980213
50,50,208.92961308540387,0.0012678805586076017,1.543060643594023
50,50,213.79620895022325,0.0013001046095839602,1.5431143718122062
50,50,218.77616239495518,0.0013331035373397317,1.5431665856210193
50,50,223.872113856834,0.0013669180924278073,1.5432176931621056
50,50,229.08676527677724,0.0014015937166307532,1.5432681148466365
50,50,234.42288153199226,0.0014371821187435356,1.543318298179752
50,50,239.88329190194898,0.0014737435707852607,1.543368736496964
50,50,245.4708915685031,0.0015113502620957009,1.5434199973082656
50,50,251.18864315095797,0.0015500914315955687,1.543472760104565
50,50,257.03957827688646,0.0015900812480376164,1.5435278719849197
50,50,263.02679918953817,0.001631472163039978,1.5435864398503407
50,50,269.1534803926917,0.0016744775782906655,1.5436499739753995
50,50,275.4228703338166,0.0017194129107841259,1.5437206271596515
50,50,281.8382931264455,0.0017667891628487576,1.5438014240004216
50,50,288.40315031266056,0.0018173716435055675,1.5438969100925843
50,50,295.1209226666387,0.0018728862417058578,1.54401803038106
50,50,301.9951720402016,0.0019367683519353255,1.544177667523258
50,50,309.0295432513592,0.002018536719465998,1.5444013974507336
50,50,316.22776601683796,0.0021567582510137713,1.544664360233833
50,50,323.5936569296284,0.0028947041525729904,1.5379489408113882
50,50,331.1311214825911,0.001648814748820461,1.5343816811190156
50,50,338.84415613920277,0.0019324083974957976,1.5412332575143575
50,50,346.73685045253166,0.0020446231050602537,1.5423592260693195
50,50,354.81338923357566,0.0021257629649419473,1.5428203584262115
50,50,363.0780547701014,0.0021966882170694254,1.5430823819180797
50,50,371.5352290971724,0.002263669249664997,1.5432605745692896
50,50,380.1893963205613,0.002329296698449795,1.543396848991524
50,50,389.04514499428046,0.002394885087276644,1.5435102020034432
50,50,398.1071705534973,0.0024612246101503323,1.5436106832303031
50,50,407.3802778041126,0.0025288813862245014,1.5437043749660286
50,50,416.8693834703355,0.002598346656627482,1.5437954856500873
50,50,426.57951880159254,0.002670148762811648,1.543887412200021
50,50,436.5158322401661,0.002745001977908837,1.5439834004880495
50,50,446.683592150963,0.002824127049576627,1.544086895720449
50,50,457.0881896148752,0.00290955770773105,1.544197008898619
50,50,467.73514128719813,0.003010797419100581,1.5443007367383417
50,50,478.6300923226385,0.003186242533426961,1.543756659376723
50,50,489.77881936844614,0.002811793581228346,1.534837089039919
50,50,501.18723362727246,0.003123310406276898,1.543327423989341
50,50,512.8613839913648,0.0032477097761076574,1.5439796744072394
50,50,524.8074602497728,0.0033570552751125884,1.544271265813603
50,50,537.0317963702527,0.003465696567106493,1.5444843524421543
50,50,549.5408738576248,0.003578029602633405,1.5446770696791763
50,50,562.341325190349,0.0036966231290921575,1.5448703729652344
50,50,575.4399373371573,0.0038238469262959376,1.5450753505617443
50,50,588.843655355589,0.0039625469304466815,1.5453000085486222
50,50,602.5595860743581,0.004116646667418339,1.5455514795338927
50,50,616.5950018614822,0.004292036462558422,1.5458365886043661
50,50,630.9573444801937,0.004498217542270746,1.5461609000287926
50,50,645.6542290346556,0.00475176705879669,1.5465241772028997
50,50,660.6934480075957,0.005084621568431465,1.5469038597071767
50,50,676.0829753919819,0.005567458134930041,1.5471907369270639
50,50,691.8309709189363,0.006394378161358328,1.5468814459999536
50,50,707.945784384138,0.008361889556799826,1.5428452205963452
50,50,724.4359600749899,0.02323876059773771,1.4686958209640353
50,50,741.3102413009177,0.0034664553443052577,-1.430232082794591
50,50,758.5775750291835,0.0011829626411554506,1.4106788767389242
50,50,776.247116628692,0.002469302948521526,1.5082547487344828
50,50,794.3282347242813,0.003091909453563964,1.5232201283229718
50,50,812.8305161640995,0.00353147312305599,1.5300420569045907
50,50,831.7637711026708,0.0038512915018147935,1.533286170602727
50,50,851.1380382023768,0.004111747433486993,1.5352385892603717
50,50,870.9635899560806,0.004337501405942681,1.5365401351299879
50,50,891.2509381337459,0.004541689303720022,1.5374689512257036
50,50,912.0108393559096,0.004732041225020735,1.5381654748790243
50,50,933.2543007969915,0.0049134410918625126,1.538708126331157
50,50,954.992586021436,0.00508915521849925,1.5391440735560322
50,50,977.2372209558112,0.005261482393420712,1.5395034153714129
50,50,1000,0.0054321227121823055,1.5398063311533554
50,50,1023.2929922807547,0.00560240749412836,1.5400669859077285
50,50,1047.1285480508996,0.005773469659616469,1.5402958438211078
50,50,1071.519305237607,0.0059464406955309634,1.5405012088183834
50,50,1096.4781961431852,0.006122970447588584,1.540690138097123
50,50,1122.018454301964,0.00630904658147898,1.5408524529809342
50,50,1148.1536214968828,0.0063931535114698556,1.5384193516670372
50,50,1174.8975549395302,0.006643895117429145,1.5409745275460005
50,50,1202.2644346174131,0.006838854330738375,1.5411849571817335
50,50,1230.268770812381,0.007036493684970395,1.5413416325548976
50,50,1258.9254117941675,0.007240755395982347,1.5414859430437329
50,50,1288.2495516931335,0.007454528225125811,1.5416291718167854
50,50,1318.2567385564075,0.007681653512337796,1.5417755403463669
50,50,1348.9628825916532,0.007929242967131852,1.5419277863136545
50,50,1380.3842646028852,0.008213107094473813,1.542078126825077
50,50,1412.537544622754,0.008580701508615096,1.5421435625408604
50,50,1445.439770745928,0.009234161707796833,1.541235262655762
50,50,1479.1083881682073,0.023366815081528016,1.1962689024614448
50,50,1513.5612484362086,0.007793598076168848,1.5340676102818707
50,50,1548.816618912481,0.008551669951888597,1.5395089608018444
50,50,1584.893192461114,0.008973474987760913,1.5407375169395492
50,50,1621.8100973589299,0.009324963149343123,1.5413136155156626
50,50,1659.5869074375614,0.009659969960297254,1.5416902881896852
50,50,1698.2436524617442,0.010002346595132106,1.5419646552467314
50,50,1737.8008287493763,0.010350687089376974,1.542250710331865
50,50,1778.2794100389228,0.010738651878595623,1.542535049276618
50,50,1819.7008586099844,0.01117541699749629,1.5428259032508276
50,50,1862.0871366628676,0.011694885001645493,1.5431378736224313
50,50,1905.4607179632483,0.012365721304445876,1.543451059109712
50,50,1949.8445997580454,0.013363373104001106,1.543607644552136
50,50,1995.262314968881,0.015325176785400726,1.5424661986224955
50,50,2041.7379446695295,0.0239617272684809,1.519923755019819
50,50,2089.2961308540407,0.0011710836273120422,-0.12035441555394615
50,50,2137.9620895022326,0.008908208804268555,1.5155658740331475
50,50,2187.761623949552,0.008015650429596245,1.5034026035090091
50,50,2238.72113856834,0.010060261390561638,1.5293680544874502
50,50,2290.8676527677726,0.011068846880283303,1.5348655744620165
50,50,2344.228815319923,0.011730267633767992,1.5366317694544434
50,50,2398.83291901949,0.012277224206416311,1.5376367110758682
50,50,2454.708915685031,0.012768537686973742,1.5382985081495655
50,50,2511.88643150958,0.013232896801882643,1.538766415415012
50,50,2570.3957827688646,0.013712468138523245,1.5389068956384049
50,50,2630.2679918953813,0.014056065314059025,1.5392492885888835
50,50,2691.5348039269165,0.01451082429504893,1.5396337767500046
50,50,2754.2287033381663,0.0149515721647518,1.539860207500854
50,50,2818.382931264455,0.015398113884093994,1.5400522588031351
50,50,2884.031503126606,0.01586112004088015,1.5402201033199916
50,50,2951.209226666387,0.016242644314098435,1.5387009048809341
50,50,3019.9517204020162,0.016845024783714167,1.540517119560129
50,50,3090.295432513592,0.017479601085572307,1.5405765713417563
50,50,3162.2776601683795,0.01874163142168021,1.5390770506024414
50,50,3235.9365692962842,0.016057567179449204,1.5286635130704478
50,50,3311.311214825911,0.017901301871732944,1.5392146920881522
50,50,3388.4415613920273,0.018596651572546186,1.5397944236666643
50,50,3467.368504525317,0.019249783164998226,1.5404336182083718
50,50,3548.1338923357566,0.01986947253207126,1.5406954210156016
50,50,3630.780547701014,0.020510224209361806,1.5409047263139963
50,50,3715.3522909717276,0.021219047515988524,1.5410977893923348
50,50,3801.8939632056126,0.02211838031935883,1.5411548818823846
50,50,3890.4514499428046,0.029234138156262298,1.454254007409287
50,50,3981.0717055349733,0.02281583328540131,1.5404512349165296
50,50,4073.802778041126,0.02427476900702304,1.5413782647166905
50,50,4168.693834703355,0.026401366812946865,1.5411737388547615
50,50,4265.795188015925,0.034001704270851585,1.5294266060120145
50,50,4365.158322401661,0.01277477465494514,1.4491727540518307
50,50,4466.835921509631,0.022261624891067398,1.5296483590215835
50,50,4570.881896148751,0.021209288892707012,1.5292178714979634
50,50,4677.351412871981,0.023588399298860138,1.535859269377831
50,50,4786.300923226385,0.024622307946742996,1.5376916792889646
50,50,4897.7881936844615,0.02563873216578242,1.5383600749525805
50,50,5011.872336272725,0.02648224279978185,1.5389496145365844
50,50,5128.613839913648,0.027327861967362695,1.539279267829731
50,50,5248.074602497728,0.028152180938059337,1.5395189256668234
50,50,5370.317963702527,0.028985755452846453,1.5396696391430063
50,50,5495.408738576249,0.029787090147295237,1.5398498415600337
50,50,5623.413251903491,0.030635497960302505,1.540009701879085
50,50,5754.399373371572,0.03154678040468829,1.5391431797566726
50,50,5888.43655355589,0.03247958786427003,1.540267367124264
50,50,6025.5958607435805,0.03375377045920423,1.5400334611383766
50,50,6165.9500186148225,0.03233220816100334,1.5330617721311632
50,50,6309.573444801937,0.034606411339266896,1.539905800577269
50,50,6456.542290346556,0.03580774661643041,1.5403729849954197
50,50,6606.9344800759645,0.03702427410045474,1.5406151956325402
50,50,6760.829753919819,0.03846525554542016,1.5406021722993621
50,50,6918.309709189362,0.04103962610751465,1.539318863930955
50,50,7079.457843841381,0.039292960526499575,1.5373272026086238
50,50,7244.359600749898,0.04322660239454577,1.5399374681568994
50,50,7413.102413009177,0.056754224291669146,1.5208645258337952
50,50,7585.775750291836,0.03277834807360382,1.5116330346995228
50,50,7762.4711662869195,0.03532289043456099,1.5236745630295978
50,50,7943.282347242814,0.04009807152138661,1.5364422262108597
50,50,8128.305161640995,0.04222183332187691,1.5380178696548479
50,50,8317.63771102671,0.04413786905818206,1.5384388935487339
50,50,8511.380382023768,0.04394299406374931,1.4997591355920372
50,50,8709.635899560806,0.04615892326744891,1.5390263721287825
50,50,8912.509381337459,0.04780478929541621,1.539055573323371
50,50,9120.108393559096,0.050073506675606505,1.5320554317126704
50,50,9332.543007969914,0.0505350503758005,1.5393725701266785
50,50,9549.92586021436,0.0513595539883953,1.539230810923222
50,50,9772.372209558112,0.05341937042155158,1.5394807022138237
50,50,10000,0.05372877171090265,1.5387693453541789
50,50,10232.929922807536,0.05527610109840903,1.5388726553848098
50,50,10471.285480509006,0.05670990613256862,1.5382197528754142
50,50,10715.193052376071,0.05894747605298573,1.5401471823004986
50,50,10964.78196143185,0.06110634049248819,1.5403049556015918
50,50,11220.18454301963,0.06365186407483397,1.539853648281896
50,50,11481.53621496884,0.06493685412144579,1.5377738460837764
50,50,11748.975549395303,0.08837705186612871,1.502837609693982
50,50,12022.644346174131,0.05659158583386125,1.5267310025464917
50,50,12302.68770812381,0.06038257800487469,1.523769813121653
50,50,12589.254117941662,0.06674389759090155,1.5354035294429011
50,50,12882.495516931349,0.067902508298526,1.538520654630563
50,50,13182.567385564074,0.06951119072724424,1.5385477196243884
50,50,13489.628825916532,0.07195222053049972,1.5385168581573394
50,50,13803.842646028837,0.07382328243378915,1.5394120685907065
50,50,14125.375446227554,0.07437294753861558,1.5223657172666414
50,50,14454.39770745928,0.07803459808579176,1.5395916599959965
50,50,14791.083881682072,0.08181845055942592,1.5383322998895541
50,50,15135.612484362071,0.08114586307950493,1.5389396904873676
50,50,15488.166189124828,0.0810973511895008,1.5239233934248124
50,50,15848.93192461114,0.08606006682726981,1.5395525618074308
50,50,16218.100973589299,0.08884696674858364,1.5399893706641672
50,50,16595.869074375598,0.09250280471878115,1.5400303127356598
50,50,16982.43652461746,0.09822106486561442,1.5375716482225767
50,50,17378.00828749376,0.05874873105919097,0.5460055228658881
50,50,17782.794100389227,0.09088440703867919,1.5359103170858042
50,50,18197.008586099826,0.0936857619252308,1.5362036931352583
50,50,18620.871366628693,0.09859635761614256,1.5387828083395922
50,50,19054.607179632483,0.10230004253751729,1.5385999930928411
50,50,19498.445997580457,0.10290270532054151,1.536507586419191
50,50,19952.62314968879,0.10580409973354402,1.538705281917238
50,50,20417.379446695315,0.10843933084287632,1.538769284444341
50,50,20892.96130854041,0.11262804582283187,1.5269676104178462
50,50,21379.620895022323,0.11737874185353091,1.5352341043434878
50,50,21877.616239495517,0.11769332996996688,1.539528914969761
50,50,22387.211385683422,0.12198176973371064,1.539168682901544
50,50,22908.676527677748,0.12396556347942261,1.5388456547338396
50,50,23442.288153199228,0.12468518965901923,1.5239311023017528
50,50,23988.329190194898,0.16267864660494546,1.4529875351009969
50,50,24547.089156850285,0.1254367751183787,1.533976007178129
50,50,25118.864315095823,0.13038594995492914,1.516797738404686
50,50,25703.957827688646,0.15298176852063042,1.498305050791318
50,50,26302.679918953814,0.14251997221301346,1.5348457655102008
50,50,26915.348039269138,0.142719109189758,1.538809195920801
50,50,27542.28703338169,0.1482765917711686,1.5390154010972055
50,50,28183.82931264455,0.1484194852424662,1.536625305798496
50,50,28840.31503126606,0.15373421399336107,1.539055400319852
50,50,29512.09226666384,0.15796748281926692,1.5392931319929095
50,50,30199.51720402019,0.16130240047320202,1.5331442359161593
50,50,30902.95432513592,0.16719228336113512,1.537892188838116
50,50,31622.776601683792,0.17317001284473327,1.539270623919298
50,50,32359.36569296281,0.20007348617710038,1.4531780721979055
50,50,33113.11214825915,0.174477684360164,1.537156234268165
50,50,33884.415613920275,0.16555143932372585,1.5102490928753056
50,50,34673.685045253165,0.1825554332877057,1.536192423782375
50,50,35481.33892335753,0.18646140863720387,1.53656391519536
50,50,36307.80547701017,0.19484041733803464,1.538611036622049
50,50,37153.52290971728,0.19941921813246147,1.5331288841788555
50,50,38018.93963205613,0.20130862813800215,1.5375956909997741
50,50,38904.51449942805,0.21571796391694104,1.5109743571791026
50,50,39810.71705534977,0.21331862726388018,1.5392072437945654
50,50,40738.02778041131,0.21895830898997282,1.539360497762778
50,50,41686.93834703355,0.22734126781207337,1.539222482176666
50,50,42657.95188015926,0.27198965266736946,1.3105119710542146
50,50,43651.58322401656,0.2293855997198374,1.535393176754173
50,50,44668.359215096345,0.21659827079793748,1.4611633491127258
50,50,45708.818961487515,0.24383343206074728,1.5379627545194399
50,50,46773.51412871981,0.24191676785544292,1.534096328681978
50,50,47863.0092322638,0.25486449073920875,1.5390828945451267
50,50,48977.881936844664,0.2628137565905883,1.5391029599666066
